

================================================================
== Vitis HLS Report for 'dense_latency_ap_fixed_16_6_5_3_0_ap_fixed_38_18_5_3_0_config8_s'
================================================================
* Date:           Mon Sep 21 18:27:41 2026

* Version:        2025.2.1 (Build 6397637 on Mar 18 2026)
* Project:        myproject_prj
* Solution:       solution1 (Vivado IP Flow Target)
* Product family: zynq
* Target device:  xc7z020-clg400-1


================================================================
== Performance Estimates
================================================================
+ Timing: 
    * Summary: 
    +--------+---------+----------+------------+
    |  Clock |  Target | Estimated| Uncertainty|
    +--------+---------+----------+------------+
    |ap_clk  |  5.00 ns|  3.491 ns|     1.35 ns|
    +--------+---------+----------+------------+

+ Latency: 
    * Summary: 
    +---------+---------+-----------+-----------+-----+-----+---------+
    |  Latency (cycles) |   Latency (absolute)  |  Interval | Pipeline|
    |   min   |   max   |    min    |    max    | min | max |   Type  |
    +---------+---------+-----------+-----------+-----+-----+---------+
    |        6|        6|  30.000 ns|  30.000 ns|    1|    1|      yes|
    +---------+---------+-----------+-----------+-----+-----+---------+

    + Detail: 
        * Instance: 
        N/A

        * Loop: 
        N/A

============================================================
+ Verbose Summary: Synthesis Manager
============================================================
InlineROM: 1
ExposeGlobal: 0
============================================================
+ Verbose Summary: CDFG Model
============================================================
IsTopModel: 0
ResetActiveHigh: 1
IsCombinational: 0
IsDatapathOnly: 0
HasWiredReturn: 1
HasMFsm: 2
HasVarLatency: 0
IsPipeline: 1
IsRtlPipelined: 1
IsInstanceOverlapped: 0
IsDontTouch: 0
HasImplIP: 0
IsGatedGlobalClock: 0

+ Individual pipeline summary: 
  * Pipeline-0: initiation interval (II) = 1, depth = 7


============================================================
+ Verbose Summary: Schedule
============================================================
* Number of FSM states : 7
* Pipeline : 1
  Pipeline-0 : II = 1, D = 7, States = { 1 2 3 4 5 6 7 }
* Dataflow Pipeline: 0

* FSM state transitions: 
1 --> 2 
2 --> 3 
3 --> 4 
4 --> 5 
5 --> 6 
6 --> 7 
7 --> 

* FSM state operations: 

State 1 <SV = 0> <Delay = 3.34>
ST_1 : Operation 8 [1/1] (0.00ns)   --->   "%data_31_val_read = read i16 @_ssdm_op_Read.ap_auto.i16, i16 %data_31_val" [firmware/nnet_utils/nnet_mult.h:70->firmware/nnet_utils/nnet_dense_latency.h:42]   --->   Operation 8 'read' 'data_31_val_read' <Predicate = true> <Delay = 0.00>
ST_1 : Operation 9 [1/1] (0.00ns)   --->   "%data_30_val_read = read i16 @_ssdm_op_Read.ap_auto.i16, i16 %data_30_val" [firmware/nnet_utils/nnet_mult.h:70->firmware/nnet_utils/nnet_dense_latency.h:42]   --->   Operation 9 'read' 'data_30_val_read' <Predicate = true> <Delay = 0.00>
ST_1 : Operation 10 [1/1] (0.00ns)   --->   "%data_29_val_read = read i16 @_ssdm_op_Read.ap_auto.i16, i16 %data_29_val" [firmware/nnet_utils/nnet_mult.h:70->firmware/nnet_utils/nnet_dense_latency.h:42]   --->   Operation 10 'read' 'data_29_val_read' <Predicate = true> <Delay = 0.00>
ST_1 : Operation 11 [1/1] (0.00ns)   --->   "%data_28_val_read = read i16 @_ssdm_op_Read.ap_auto.i16, i16 %data_28_val" [firmware/nnet_utils/nnet_mult.h:70->firmware/nnet_utils/nnet_dense_latency.h:42]   --->   Operation 11 'read' 'data_28_val_read' <Predicate = true> <Delay = 0.00>
ST_1 : Operation 12 [1/1] (0.00ns)   --->   "%data_27_val_read = read i16 @_ssdm_op_Read.ap_auto.i16, i16 %data_27_val" [firmware/nnet_utils/nnet_mult.h:70->firmware/nnet_utils/nnet_dense_latency.h:42]   --->   Operation 12 'read' 'data_27_val_read' <Predicate = true> <Delay = 0.00>
ST_1 : Operation 13 [1/1] (0.00ns)   --->   "%data_26_val_read = read i16 @_ssdm_op_Read.ap_auto.i16, i16 %data_26_val" [firmware/nnet_utils/nnet_mult.h:70->firmware/nnet_utils/nnet_dense_latency.h:42]   --->   Operation 13 'read' 'data_26_val_read' <Predicate = true> <Delay = 0.00>
ST_1 : Operation 14 [1/1] (0.00ns)   --->   "%data_25_val_read = read i16 @_ssdm_op_Read.ap_auto.i16, i16 %data_25_val" [firmware/nnet_utils/nnet_mult.h:70->firmware/nnet_utils/nnet_dense_latency.h:42]   --->   Operation 14 'read' 'data_25_val_read' <Predicate = true> <Delay = 0.00>
ST_1 : Operation 15 [1/1] (0.00ns)   --->   "%data_24_val_read = read i16 @_ssdm_op_Read.ap_auto.i16, i16 %data_24_val" [firmware/nnet_utils/nnet_mult.h:70->firmware/nnet_utils/nnet_dense_latency.h:42]   --->   Operation 15 'read' 'data_24_val_read' <Predicate = true> <Delay = 0.00>
ST_1 : Operation 16 [1/1] (0.00ns)   --->   "%data_23_val_read = read i16 @_ssdm_op_Read.ap_auto.i16, i16 %data_23_val" [firmware/nnet_utils/nnet_mult.h:70->firmware/nnet_utils/nnet_dense_latency.h:42]   --->   Operation 16 'read' 'data_23_val_read' <Predicate = true> <Delay = 0.00>
ST_1 : Operation 17 [1/1] (0.00ns)   --->   "%data_22_val_read = read i16 @_ssdm_op_Read.ap_auto.i16, i16 %data_22_val" [firmware/nnet_utils/nnet_mult.h:70->firmware/nnet_utils/nnet_dense_latency.h:42]   --->   Operation 17 'read' 'data_22_val_read' <Predicate = true> <Delay = 0.00>
ST_1 : Operation 18 [1/1] (0.00ns)   --->   "%data_21_val_read = read i16 @_ssdm_op_Read.ap_auto.i16, i16 %data_21_val" [firmware/nnet_utils/nnet_mult.h:70->firmware/nnet_utils/nnet_dense_latency.h:42]   --->   Operation 18 'read' 'data_21_val_read' <Predicate = true> <Delay = 0.00>
ST_1 : Operation 19 [1/1] (0.00ns)   --->   "%data_20_val_read = read i16 @_ssdm_op_Read.ap_auto.i16, i16 %data_20_val" [firmware/nnet_utils/nnet_mult.h:70->firmware/nnet_utils/nnet_dense_latency.h:42]   --->   Operation 19 'read' 'data_20_val_read' <Predicate = true> <Delay = 0.00>
ST_1 : Operation 20 [1/1] (0.00ns)   --->   "%data_19_val_read = read i16 @_ssdm_op_Read.ap_auto.i16, i16 %data_19_val" [firmware/nnet_utils/nnet_mult.h:70->firmware/nnet_utils/nnet_dense_latency.h:42]   --->   Operation 20 'read' 'data_19_val_read' <Predicate = true> <Delay = 0.00>
ST_1 : Operation 21 [1/1] (0.00ns)   --->   "%data_18_val_read = read i16 @_ssdm_op_Read.ap_auto.i16, i16 %data_18_val" [firmware/nnet_utils/nnet_mult.h:70->firmware/nnet_utils/nnet_dense_latency.h:42]   --->   Operation 21 'read' 'data_18_val_read' <Predicate = true> <Delay = 0.00>
ST_1 : Operation 22 [1/1] (0.00ns)   --->   "%data_17_val_read = read i16 @_ssdm_op_Read.ap_auto.i16, i16 %data_17_val" [firmware/nnet_utils/nnet_mult.h:70->firmware/nnet_utils/nnet_dense_latency.h:42]   --->   Operation 22 'read' 'data_17_val_read' <Predicate = true> <Delay = 0.00>
ST_1 : Operation 23 [1/1] (0.00ns)   --->   "%data_16_val_read = read i16 @_ssdm_op_Read.ap_auto.i16, i16 %data_16_val" [firmware/nnet_utils/nnet_mult.h:70->firmware/nnet_utils/nnet_dense_latency.h:42]   --->   Operation 23 'read' 'data_16_val_read' <Predicate = true> <Delay = 0.00>
ST_1 : Operation 24 [1/1] (0.00ns)   --->   "%data_15_val_read = read i16 @_ssdm_op_Read.ap_auto.i16, i16 %data_15_val" [firmware/nnet_utils/nnet_mult.h:70->firmware/nnet_utils/nnet_dense_latency.h:42]   --->   Operation 24 'read' 'data_15_val_read' <Predicate = true> <Delay = 0.00>
ST_1 : Operation 25 [1/1] (0.00ns)   --->   "%data_14_val_read = read i16 @_ssdm_op_Read.ap_auto.i16, i16 %data_14_val" [firmware/nnet_utils/nnet_mult.h:70->firmware/nnet_utils/nnet_dense_latency.h:42]   --->   Operation 25 'read' 'data_14_val_read' <Predicate = true> <Delay = 0.00>
ST_1 : Operation 26 [1/1] (0.00ns)   --->   "%data_13_val_read = read i16 @_ssdm_op_Read.ap_auto.i16, i16 %data_13_val" [firmware/nnet_utils/nnet_mult.h:70->firmware/nnet_utils/nnet_dense_latency.h:42]   --->   Operation 26 'read' 'data_13_val_read' <Predicate = true> <Delay = 0.00>
ST_1 : Operation 27 [1/1] (0.00ns)   --->   "%data_12_val_read = read i16 @_ssdm_op_Read.ap_auto.i16, i16 %data_12_val" [firmware/nnet_utils/nnet_mult.h:70->firmware/nnet_utils/nnet_dense_latency.h:42]   --->   Operation 27 'read' 'data_12_val_read' <Predicate = true> <Delay = 0.00>
ST_1 : Operation 28 [1/1] (0.00ns)   --->   "%data_11_val_read = read i16 @_ssdm_op_Read.ap_auto.i16, i16 %data_11_val" [firmware/nnet_utils/nnet_mult.h:70->firmware/nnet_utils/nnet_dense_latency.h:42]   --->   Operation 28 'read' 'data_11_val_read' <Predicate = true> <Delay = 0.00>
ST_1 : Operation 29 [1/1] (0.00ns)   --->   "%data_10_val_read = read i16 @_ssdm_op_Read.ap_auto.i16, i16 %data_10_val" [firmware/nnet_utils/nnet_mult.h:70->firmware/nnet_utils/nnet_dense_latency.h:42]   --->   Operation 29 'read' 'data_10_val_read' <Predicate = true> <Delay = 0.00>
ST_1 : Operation 30 [1/1] (0.00ns)   --->   "%data_9_val_read = read i16 @_ssdm_op_Read.ap_auto.i16, i16 %data_9_val" [firmware/nnet_utils/nnet_mult.h:70->firmware/nnet_utils/nnet_dense_latency.h:42]   --->   Operation 30 'read' 'data_9_val_read' <Predicate = true> <Delay = 0.00>
ST_1 : Operation 31 [1/1] (0.00ns)   --->   "%data_8_val_read = read i16 @_ssdm_op_Read.ap_auto.i16, i16 %data_8_val" [firmware/nnet_utils/nnet_mult.h:70->firmware/nnet_utils/nnet_dense_latency.h:42]   --->   Operation 31 'read' 'data_8_val_read' <Predicate = true> <Delay = 0.00>
ST_1 : Operation 32 [1/1] (0.00ns)   --->   "%data_7_val_read = read i16 @_ssdm_op_Read.ap_auto.i16, i16 %data_7_val" [firmware/nnet_utils/nnet_mult.h:70->firmware/nnet_utils/nnet_dense_latency.h:42]   --->   Operation 32 'read' 'data_7_val_read' <Predicate = true> <Delay = 0.00>
ST_1 : Operation 33 [1/1] (0.00ns)   --->   "%data_6_val_read = read i16 @_ssdm_op_Read.ap_auto.i16, i16 %data_6_val" [firmware/nnet_utils/nnet_mult.h:70->firmware/nnet_utils/nnet_dense_latency.h:42]   --->   Operation 33 'read' 'data_6_val_read' <Predicate = true> <Delay = 0.00>
ST_1 : Operation 34 [1/1] (0.00ns)   --->   "%data_5_val_read = read i16 @_ssdm_op_Read.ap_auto.i16, i16 %data_5_val" [firmware/nnet_utils/nnet_mult.h:70->firmware/nnet_utils/nnet_dense_latency.h:42]   --->   Operation 34 'read' 'data_5_val_read' <Predicate = true> <Delay = 0.00>
ST_1 : Operation 35 [1/1] (0.00ns)   --->   "%data_4_val_read = read i16 @_ssdm_op_Read.ap_auto.i16, i16 %data_4_val" [firmware/nnet_utils/nnet_mult.h:70->firmware/nnet_utils/nnet_dense_latency.h:42]   --->   Operation 35 'read' 'data_4_val_read' <Predicate = true> <Delay = 0.00>
ST_1 : Operation 36 [1/1] (0.00ns)   --->   "%data_3_val_read = read i16 @_ssdm_op_Read.ap_auto.i16, i16 %data_3_val" [firmware/nnet_utils/nnet_mult.h:70->firmware/nnet_utils/nnet_dense_latency.h:42]   --->   Operation 36 'read' 'data_3_val_read' <Predicate = true> <Delay = 0.00>
ST_1 : Operation 37 [1/1] (0.00ns)   --->   "%data_2_val_read = read i16 @_ssdm_op_Read.ap_auto.i16, i16 %data_2_val" [firmware/nnet_utils/nnet_mult.h:70->firmware/nnet_utils/nnet_dense_latency.h:42]   --->   Operation 37 'read' 'data_2_val_read' <Predicate = true> <Delay = 0.00>
ST_1 : Operation 38 [1/1] (0.00ns)   --->   "%data_1_val_read = read i16 @_ssdm_op_Read.ap_auto.i16, i16 %data_1_val" [firmware/nnet_utils/nnet_mult.h:70->firmware/nnet_utils/nnet_dense_latency.h:42]   --->   Operation 38 'read' 'data_1_val_read' <Predicate = true> <Delay = 0.00>
ST_1 : Operation 39 [1/1] (0.00ns)   --->   "%data_0_val_read = read i16 @_ssdm_op_Read.ap_auto.i16, i16 %data_0_val" [firmware/nnet_utils/nnet_mult.h:70->firmware/nnet_utils/nnet_dense_latency.h:42]   --->   Operation 39 'read' 'data_0_val_read' <Predicate = true> <Delay = 0.00>
ST_1 : Operation 40 [1/1] (0.00ns)   --->   "%sext_ln70 = sext i16 %data_0_val_read" [firmware/nnet_utils/nnet_mult.h:70->firmware/nnet_utils/nnet_dense_latency.h:42]   --->   Operation 40 'sext' 'sext_ln70' <Predicate = true> <Delay = 0.00>
ST_1 : Operation 41 [1/1] (0.00ns)   --->   "%sext_ln70_277 = sext i16 %data_0_val_read" [firmware/nnet_utils/nnet_mult.h:70->firmware/nnet_utils/nnet_dense_latency.h:42]   --->   Operation 41 'sext' 'sext_ln70_277' <Predicate = true> <Delay = 0.00>
ST_1 : Operation 42 [2/2] (3.34ns)   --->   "%mul_ln73 = mul i26 %sext_ln70_277, i26 412" [firmware/nnet_utils/nnet_mult.h:73->firmware/nnet_utils/nnet_dense_latency.h:42]   --->   Operation 42 'mul' 'mul_ln73' <Predicate = true> <Delay = 3.34> <CoreInst = "Multiplier">   --->   Core 3 'Multiplier' <Latency = 1> <II = 1> <Delay = 3.34> <FuncUnit> <Opcode : 'mul'> <InPorts = 2> <OutPorts = 1>
ST_1 : Operation 43 [2/2] (3.34ns)   --->   "%mul_ln73_1505 = mul i23 %sext_ln70, i23 8388553" [firmware/nnet_utils/nnet_mult.h:73->firmware/nnet_utils/nnet_dense_latency.h:42]   --->   Operation 43 'mul' 'mul_ln73_1505' <Predicate = true> <Delay = 3.34> <CoreInst = "Multiplier">   --->   Core 3 'Multiplier' <Latency = 1> <II = 1> <Delay = 3.34> <FuncUnit> <Opcode : 'mul'> <InPorts = 2> <OutPorts = 1>
ST_1 : Operation 44 [2/2] (3.34ns)   --->   "%mul_ln73_1506 = mul i26 %sext_ln70_277, i26 67108564" [firmware/nnet_utils/nnet_mult.h:73->firmware/nnet_utils/nnet_dense_latency.h:42]   --->   Operation 44 'mul' 'mul_ln73_1506' <Predicate = true> <Delay = 3.34> <CoreInst = "Multiplier">   --->   Core 3 'Multiplier' <Latency = 1> <II = 1> <Delay = 3.34> <FuncUnit> <Opcode : 'mul'> <InPorts = 2> <OutPorts = 1>
ST_1 : Operation 45 [1/1] (0.00ns)   --->   "%sext_ln70_280 = sext i16 %data_1_val_read" [firmware/nnet_utils/nnet_mult.h:70->firmware/nnet_utils/nnet_dense_latency.h:42]   --->   Operation 45 'sext' 'sext_ln70_280' <Predicate = true> <Delay = 0.00>
ST_1 : Operation 46 [1/1] (0.00ns)   --->   "%sext_ln70_281 = sext i16 %data_1_val_read" [firmware/nnet_utils/nnet_mult.h:70->firmware/nnet_utils/nnet_dense_latency.h:42]   --->   Operation 46 'sext' 'sext_ln70_281' <Predicate = true> <Delay = 0.00>
ST_1 : Operation 47 [2/2] (3.34ns)   --->   "%mul_ln73_1507 = mul i26 %sext_ln70_281, i26 67108579" [firmware/nnet_utils/nnet_mult.h:73->firmware/nnet_utils/nnet_dense_latency.h:42]   --->   Operation 47 'mul' 'mul_ln73_1507' <Predicate = true> <Delay = 3.34> <CoreInst = "Multiplier">   --->   Core 3 'Multiplier' <Latency = 1> <II = 1> <Delay = 3.34> <FuncUnit> <Opcode : 'mul'> <InPorts = 2> <OutPorts = 1>
ST_1 : Operation 48 [2/2] (3.34ns)   --->   "%mul_ln73_1508 = mul i25 %sext_ln70_280, i25 33554181" [firmware/nnet_utils/nnet_mult.h:73->firmware/nnet_utils/nnet_dense_latency.h:42]   --->   Operation 48 'mul' 'mul_ln73_1508' <Predicate = true> <Delay = 3.34> <CoreInst = "Multiplier">   --->   Core 3 'Multiplier' <Latency = 1> <II = 1> <Delay = 3.34> <FuncUnit> <Opcode : 'mul'> <InPorts = 2> <OutPorts = 1>
ST_1 : Operation 49 [1/1] (0.00ns)   --->   "%tmp_415 = bitconcatenate i22 @_ssdm_op_BitConcatenate.i22.i16.i6, i16 %data_1_val_read, i6 0" [firmware/nnet_utils/nnet_mult.h:73->firmware/nnet_utils/nnet_dense_latency.h:42]   --->   Operation 49 'bitconcatenate' 'tmp_415' <Predicate = true> <Delay = 0.00>
ST_1 : Operation 50 [1/1] (0.00ns)   --->   "%sext_ln73_613 = sext i22 %tmp_415" [firmware/nnet_utils/nnet_mult.h:73->firmware/nnet_utils/nnet_dense_latency.h:42]   --->   Operation 50 'sext' 'sext_ln73_613' <Predicate = true> <Delay = 0.00>
ST_1 : Operation 51 [1/1] (2.25ns)   --->   "%sub_ln73 = sub i24 0, i24 %sext_ln73_613" [firmware/nnet_utils/nnet_mult.h:73->firmware/nnet_utils/nnet_dense_latency.h:42]   --->   Operation 51 'sub' 'sub_ln73' <Predicate = true> <Delay = 2.25> <CoreInst = "Adder">   --->   Core 1 'Adder' <Latency = 0> <II = 1> <Delay = 2.25> <FuncUnit> <Opcode : 'add' 'sub'> <InPorts = 2> <OutPorts = 1>
ST_1 : Operation 52 [2/2] (3.34ns)   --->   "%mul_ln73_1509 = mul i25 %sext_ln70_280, i25 33554286" [firmware/nnet_utils/nnet_mult.h:73->firmware/nnet_utils/nnet_dense_latency.h:42]   --->   Operation 52 'mul' 'mul_ln73_1509' <Predicate = true> <Delay = 3.34> <CoreInst = "Multiplier">   --->   Core 3 'Multiplier' <Latency = 1> <II = 1> <Delay = 3.34> <FuncUnit> <Opcode : 'mul'> <InPorts = 2> <OutPorts = 1>
ST_1 : Operation 53 [1/1] (0.00ns)   --->   "%sext_ln70_282 = sext i16 %data_2_val_read" [firmware/nnet_utils/nnet_mult.h:70->firmware/nnet_utils/nnet_dense_latency.h:42]   --->   Operation 53 'sext' 'sext_ln70_282' <Predicate = true> <Delay = 0.00>
ST_1 : Operation 54 [1/1] (0.00ns)   --->   "%sext_ln70_283 = sext i16 %data_2_val_read" [firmware/nnet_utils/nnet_mult.h:70->firmware/nnet_utils/nnet_dense_latency.h:42]   --->   Operation 54 'sext' 'sext_ln70_283' <Predicate = true> <Delay = 0.00>
ST_1 : Operation 55 [2/2] (3.34ns)   --->   "%mul_ln73_1510 = mul i26 %sext_ln70_283, i26 312" [firmware/nnet_utils/nnet_mult.h:73->firmware/nnet_utils/nnet_dense_latency.h:42]   --->   Operation 55 'mul' 'mul_ln73_1510' <Predicate = true> <Delay = 3.34> <CoreInst = "Multiplier">   --->   Core 3 'Multiplier' <Latency = 1> <II = 1> <Delay = 3.34> <FuncUnit> <Opcode : 'mul'> <InPorts = 2> <OutPorts = 1>
ST_1 : Operation 56 [2/2] (3.34ns)   --->   "%mul_ln73_1511 = mul i26 %sext_ln70_283, i26 67108496" [firmware/nnet_utils/nnet_mult.h:73->firmware/nnet_utils/nnet_dense_latency.h:42]   --->   Operation 56 'mul' 'mul_ln73_1511' <Predicate = true> <Delay = 3.34> <CoreInst = "Multiplier">   --->   Core 3 'Multiplier' <Latency = 1> <II = 1> <Delay = 3.34> <FuncUnit> <Opcode : 'mul'> <InPorts = 2> <OutPorts = 1>
ST_1 : Operation 57 [2/2] (3.34ns)   --->   "%mul_ln73_1512 = mul i24 %sext_ln70_282, i24 84" [firmware/nnet_utils/nnet_mult.h:73->firmware/nnet_utils/nnet_dense_latency.h:42]   --->   Operation 57 'mul' 'mul_ln73_1512' <Predicate = true> <Delay = 3.34> <CoreInst = "Multiplier">   --->   Core 3 'Multiplier' <Latency = 1> <II = 1> <Delay = 3.34> <FuncUnit> <Opcode : 'mul'> <InPorts = 2> <OutPorts = 1>
ST_1 : Operation 58 [2/2] (3.34ns)   --->   "%mul_ln73_1513 = mul i24 %sext_ln70_282, i24 16777107" [firmware/nnet_utils/nnet_mult.h:73->firmware/nnet_utils/nnet_dense_latency.h:42]   --->   Operation 58 'mul' 'mul_ln73_1513' <Predicate = true> <Delay = 3.34> <CoreInst = "Multiplier">   --->   Core 3 'Multiplier' <Latency = 1> <II = 1> <Delay = 3.34> <FuncUnit> <Opcode : 'mul'> <InPorts = 2> <OutPorts = 1>
ST_1 : Operation 59 [2/2] (3.34ns)   --->   "%mul_ln73_1514 = mul i26 %sext_ln70_283, i26 292" [firmware/nnet_utils/nnet_mult.h:73->firmware/nnet_utils/nnet_dense_latency.h:42]   --->   Operation 59 'mul' 'mul_ln73_1514' <Predicate = true> <Delay = 3.34> <CoreInst = "Multiplier">   --->   Core 3 'Multiplier' <Latency = 1> <II = 1> <Delay = 3.34> <FuncUnit> <Opcode : 'mul'> <InPorts = 2> <OutPorts = 1>
ST_1 : Operation 60 [1/1] (0.00ns)   --->   "%sext_ln70_284 = sext i16 %data_3_val_read" [firmware/nnet_utils/nnet_mult.h:70->firmware/nnet_utils/nnet_dense_latency.h:42]   --->   Operation 60 'sext' 'sext_ln70_284' <Predicate = true> <Delay = 0.00>
ST_1 : Operation 61 [1/1] (0.00ns)   --->   "%sext_ln70_285 = sext i16 %data_3_val_read" [firmware/nnet_utils/nnet_mult.h:70->firmware/nnet_utils/nnet_dense_latency.h:42]   --->   Operation 61 'sext' 'sext_ln70_285' <Predicate = true> <Delay = 0.00>
ST_1 : Operation 62 [1/1] (0.00ns)   --->   "%sext_ln70_286 = sext i16 %data_3_val_read" [firmware/nnet_utils/nnet_mult.h:70->firmware/nnet_utils/nnet_dense_latency.h:42]   --->   Operation 62 'sext' 'sext_ln70_286' <Predicate = true> <Delay = 0.00>
ST_1 : Operation 63 [2/2] (3.34ns)   --->   "%mul_ln73_1515 = mul i26 %sext_ln70_286, i26 290" [firmware/nnet_utils/nnet_mult.h:73->firmware/nnet_utils/nnet_dense_latency.h:42]   --->   Operation 63 'mul' 'mul_ln73_1515' <Predicate = true> <Delay = 3.34> <CoreInst = "Multiplier">   --->   Core 3 'Multiplier' <Latency = 1> <II = 1> <Delay = 3.34> <FuncUnit> <Opcode : 'mul'> <InPorts = 2> <OutPorts = 1>
ST_1 : Operation 64 [2/2] (3.34ns)   --->   "%mul_ln73_1516 = mul i24 %sext_ln70_285, i24 76" [firmware/nnet_utils/nnet_mult.h:73->firmware/nnet_utils/nnet_dense_latency.h:42]   --->   Operation 64 'mul' 'mul_ln73_1516' <Predicate = true> <Delay = 3.34> <CoreInst = "Multiplier">   --->   Core 3 'Multiplier' <Latency = 1> <II = 1> <Delay = 3.34> <FuncUnit> <Opcode : 'mul'> <InPorts = 2> <OutPorts = 1>
ST_1 : Operation 65 [2/2] (3.34ns)   --->   "%mul_ln73_1517 = mul i26 %sext_ln70_286, i26 67108574" [firmware/nnet_utils/nnet_mult.h:73->firmware/nnet_utils/nnet_dense_latency.h:42]   --->   Operation 65 'mul' 'mul_ln73_1517' <Predicate = true> <Delay = 3.34> <CoreInst = "Multiplier">   --->   Core 3 'Multiplier' <Latency = 1> <II = 1> <Delay = 3.34> <FuncUnit> <Opcode : 'mul'> <InPorts = 2> <OutPorts = 1>
ST_1 : Operation 66 [2/2] (3.34ns)   --->   "%mul_ln73_1518 = mul i25 %sext_ln70_284, i25 33554215" [firmware/nnet_utils/nnet_mult.h:73->firmware/nnet_utils/nnet_dense_latency.h:42]   --->   Operation 66 'mul' 'mul_ln73_1518' <Predicate = true> <Delay = 3.34> <CoreInst = "Multiplier">   --->   Core 3 'Multiplier' <Latency = 1> <II = 1> <Delay = 3.34> <FuncUnit> <Opcode : 'mul'> <InPorts = 2> <OutPorts = 1>
ST_1 : Operation 67 [2/2] (3.34ns)   --->   "%mul_ln73_1519 = mul i24 %sext_ln70_285, i24 94" [firmware/nnet_utils/nnet_mult.h:73->firmware/nnet_utils/nnet_dense_latency.h:42]   --->   Operation 67 'mul' 'mul_ln73_1519' <Predicate = true> <Delay = 3.34> <CoreInst = "Multiplier">   --->   Core 3 'Multiplier' <Latency = 1> <II = 1> <Delay = 3.34> <FuncUnit> <Opcode : 'mul'> <InPorts = 2> <OutPorts = 1>
ST_1 : Operation 68 [1/1] (0.00ns)   --->   "%sext_ln70_288 = sext i16 %data_4_val_read" [firmware/nnet_utils/nnet_mult.h:70->firmware/nnet_utils/nnet_dense_latency.h:42]   --->   Operation 68 'sext' 'sext_ln70_288' <Predicate = true> <Delay = 0.00>
ST_1 : Operation 69 [1/1] (0.00ns)   --->   "%sext_ln70_289 = sext i16 %data_4_val_read" [firmware/nnet_utils/nnet_mult.h:70->firmware/nnet_utils/nnet_dense_latency.h:42]   --->   Operation 69 'sext' 'sext_ln70_289' <Predicate = true> <Delay = 0.00>
ST_1 : Operation 70 [2/2] (3.34ns)   --->   "%mul_ln73_1520 = mul i25 %sext_ln70_289, i25 131" [firmware/nnet_utils/nnet_mult.h:73->firmware/nnet_utils/nnet_dense_latency.h:42]   --->   Operation 70 'mul' 'mul_ln73_1520' <Predicate = true> <Delay = 3.34> <CoreInst = "Multiplier">   --->   Core 3 'Multiplier' <Latency = 1> <II = 1> <Delay = 3.34> <FuncUnit> <Opcode : 'mul'> <InPorts = 2> <OutPorts = 1>
ST_1 : Operation 71 [2/2] (3.34ns)   --->   "%mul_ln73_1521 = mul i25 %sext_ln70_289, i25 33554289" [firmware/nnet_utils/nnet_mult.h:73->firmware/nnet_utils/nnet_dense_latency.h:42]   --->   Operation 71 'mul' 'mul_ln73_1521' <Predicate = true> <Delay = 3.34> <CoreInst = "Multiplier">   --->   Core 3 'Multiplier' <Latency = 1> <II = 1> <Delay = 3.34> <FuncUnit> <Opcode : 'mul'> <InPorts = 2> <OutPorts = 1>
ST_1 : Operation 72 [2/2] (3.34ns)   --->   "%mul_ln73_1522 = mul i26 %sext_ln70_288, i26 67108534" [firmware/nnet_utils/nnet_mult.h:73->firmware/nnet_utils/nnet_dense_latency.h:42]   --->   Operation 72 'mul' 'mul_ln73_1522' <Predicate = true> <Delay = 3.34> <CoreInst = "Multiplier">   --->   Core 3 'Multiplier' <Latency = 1> <II = 1> <Delay = 3.34> <FuncUnit> <Opcode : 'mul'> <InPorts = 2> <OutPorts = 1>
ST_1 : Operation 73 [1/1] (0.00ns)   --->   "%tmp_417 = bitconcatenate i24 @_ssdm_op_BitConcatenate.i24.i16.i8, i16 %data_4_val_read, i8 0" [firmware/nnet_utils/nnet_mult.h:73->firmware/nnet_utils/nnet_dense_latency.h:42]   --->   Operation 73 'bitconcatenate' 'tmp_417' <Predicate = true> <Delay = 0.00>
ST_1 : Operation 74 [1/1] (0.00ns)   --->   "%sext_ln73_615 = sext i24 %tmp_417" [firmware/nnet_utils/nnet_mult.h:73->firmware/nnet_utils/nnet_dense_latency.h:42]   --->   Operation 74 'sext' 'sext_ln73_615' <Predicate = true> <Delay = 0.00>
ST_1 : Operation 75 [1/1] (0.00ns)   --->   "%tmp_418 = bitconcatenate i20 @_ssdm_op_BitConcatenate.i20.i16.i4, i16 %data_4_val_read, i4 0" [firmware/nnet_utils/nnet_mult.h:73->firmware/nnet_utils/nnet_dense_latency.h:42]   --->   Operation 75 'bitconcatenate' 'tmp_418' <Predicate = true> <Delay = 0.00>
ST_1 : Operation 76 [1/1] (0.00ns)   --->   "%sext_ln73_616 = sext i20 %tmp_418" [firmware/nnet_utils/nnet_mult.h:73->firmware/nnet_utils/nnet_dense_latency.h:42]   --->   Operation 76 'sext' 'sext_ln73_616' <Predicate = true> <Delay = 0.00>
ST_1 : Operation 77 [1/1] (2.31ns)   --->   "%sub_ln73_435 = sub i25 %sext_ln73_615, i25 %sext_ln73_616" [firmware/nnet_utils/nnet_mult.h:73->firmware/nnet_utils/nnet_dense_latency.h:42]   --->   Operation 77 'sub' 'sub_ln73_435' <Predicate = true> <Delay = 2.31> <CoreInst = "Adder">   --->   Core 1 'Adder' <Latency = 0> <II = 1> <Delay = 2.31> <FuncUnit> <Opcode : 'add' 'sub'> <InPorts = 2> <OutPorts = 1>
ST_1 : Operation 78 [1/1] (0.00ns)   --->   "%trunc_ln42_22 = partselect i15 @_ssdm_op_PartSelect.i15.i25.i32.i32, i25 %sub_ln73_435, i32 10, i32 24" [firmware/nnet_utils/nnet_dense_latency.h:42]   --->   Operation 78 'partselect' 'trunc_ln42_22' <Predicate = true> <Delay = 0.00>
ST_1 : Operation 79 [2/2] (3.34ns)   --->   "%mul_ln73_1523 = mul i26 %sext_ln70_288, i26 283" [firmware/nnet_utils/nnet_mult.h:73->firmware/nnet_utils/nnet_dense_latency.h:42]   --->   Operation 79 'mul' 'mul_ln73_1523' <Predicate = true> <Delay = 3.34> <CoreInst = "Multiplier">   --->   Core 3 'Multiplier' <Latency = 1> <II = 1> <Delay = 3.34> <FuncUnit> <Opcode : 'mul'> <InPorts = 2> <OutPorts = 1>
ST_1 : Operation 80 [1/1] (0.00ns)   --->   "%sext_ln70_290 = sext i16 %data_5_val_read" [firmware/nnet_utils/nnet_mult.h:70->firmware/nnet_utils/nnet_dense_latency.h:42]   --->   Operation 80 'sext' 'sext_ln70_290' <Predicate = true> <Delay = 0.00>
ST_1 : Operation 81 [1/1] (0.00ns)   --->   "%sext_ln70_291 = sext i16 %data_5_val_read" [firmware/nnet_utils/nnet_mult.h:70->firmware/nnet_utils/nnet_dense_latency.h:42]   --->   Operation 81 'sext' 'sext_ln70_291' <Predicate = true> <Delay = 0.00>
ST_1 : Operation 82 [2/2] (3.34ns)   --->   "%mul_ln73_1524 = mul i25 %sext_ln70_291, i25 188" [firmware/nnet_utils/nnet_mult.h:73->firmware/nnet_utils/nnet_dense_latency.h:42]   --->   Operation 82 'mul' 'mul_ln73_1524' <Predicate = true> <Delay = 3.34> <CoreInst = "Multiplier">   --->   Core 3 'Multiplier' <Latency = 1> <II = 1> <Delay = 3.34> <FuncUnit> <Opcode : 'mul'> <InPorts = 2> <OutPorts = 1>
ST_1 : Operation 83 [1/1] (0.00ns)   --->   "%tmp_419 = bitconcatenate i22 @_ssdm_op_BitConcatenate.i22.i16.i6, i16 %data_5_val_read, i6 0" [firmware/nnet_utils/nnet_mult.h:73->firmware/nnet_utils/nnet_dense_latency.h:42]   --->   Operation 83 'bitconcatenate' 'tmp_419' <Predicate = true> <Delay = 0.00>
ST_1 : Operation 84 [1/1] (0.00ns)   --->   "%sext_ln73_617 = sext i22 %tmp_419" [firmware/nnet_utils/nnet_mult.h:73->firmware/nnet_utils/nnet_dense_latency.h:42]   --->   Operation 84 'sext' 'sext_ln73_617' <Predicate = true> <Delay = 0.00>
ST_1 : Operation 85 [1/1] (0.00ns)   --->   "%tmp_420 = bitconcatenate i18 @_ssdm_op_BitConcatenate.i18.i16.i2, i16 %data_5_val_read, i2 0" [firmware/nnet_utils/nnet_mult.h:73->firmware/nnet_utils/nnet_dense_latency.h:42]   --->   Operation 85 'bitconcatenate' 'tmp_420' <Predicate = true> <Delay = 0.00>
ST_1 : Operation 86 [1/1] (0.00ns)   --->   "%sext_ln73_618 = sext i18 %tmp_420" [firmware/nnet_utils/nnet_mult.h:73->firmware/nnet_utils/nnet_dense_latency.h:42]   --->   Operation 86 'sext' 'sext_ln73_618' <Predicate = true> <Delay = 0.00>
ST_1 : Operation 87 [1/1] (2.25ns)   --->   "%sub_ln73_436 = sub i23 %sext_ln73_617, i23 %sext_ln73_618" [firmware/nnet_utils/nnet_mult.h:73->firmware/nnet_utils/nnet_dense_latency.h:42]   --->   Operation 87 'sub' 'sub_ln73_436' <Predicate = true> <Delay = 2.25> <CoreInst = "Adder">   --->   Core 1 'Adder' <Latency = 0> <II = 1> <Delay = 2.25> <FuncUnit> <Opcode : 'add' 'sub'> <InPorts = 2> <OutPorts = 1>
ST_1 : Operation 88 [1/1] (0.00ns)   --->   "%trunc_ln42_25 = partselect i13 @_ssdm_op_PartSelect.i13.i23.i32.i32, i23 %sub_ln73_436, i32 10, i32 22" [firmware/nnet_utils/nnet_dense_latency.h:42]   --->   Operation 88 'partselect' 'trunc_ln42_25' <Predicate = true> <Delay = 0.00>
ST_1 : Operation 89 [2/2] (3.34ns)   --->   "%mul_ln73_1525 = mul i26 %sext_ln70_290, i26 67108543" [firmware/nnet_utils/nnet_mult.h:73->firmware/nnet_utils/nnet_dense_latency.h:42]   --->   Operation 89 'mul' 'mul_ln73_1525' <Predicate = true> <Delay = 3.34> <CoreInst = "Multiplier">   --->   Core 3 'Multiplier' <Latency = 1> <II = 1> <Delay = 3.34> <FuncUnit> <Opcode : 'mul'> <InPorts = 2> <OutPorts = 1>
ST_1 : Operation 90 [2/2] (3.34ns)   --->   "%mul_ln73_1526 = mul i26 %sext_ln70_290, i26 331" [firmware/nnet_utils/nnet_mult.h:73->firmware/nnet_utils/nnet_dense_latency.h:42]   --->   Operation 90 'mul' 'mul_ln73_1526' <Predicate = true> <Delay = 3.34> <CoreInst = "Multiplier">   --->   Core 3 'Multiplier' <Latency = 1> <II = 1> <Delay = 3.34> <FuncUnit> <Opcode : 'mul'> <InPorts = 2> <OutPorts = 1>
ST_1 : Operation 91 [2/2] (3.34ns)   --->   "%mul_ln73_1527 = mul i26 %sext_ln70_290, i26 348" [firmware/nnet_utils/nnet_mult.h:73->firmware/nnet_utils/nnet_dense_latency.h:42]   --->   Operation 91 'mul' 'mul_ln73_1527' <Predicate = true> <Delay = 3.34> <CoreInst = "Multiplier">   --->   Core 3 'Multiplier' <Latency = 1> <II = 1> <Delay = 3.34> <FuncUnit> <Opcode : 'mul'> <InPorts = 2> <OutPorts = 1>
ST_1 : Operation 92 [1/1] (0.00ns)   --->   "%sext_ln70_292 = sext i16 %data_6_val_read" [firmware/nnet_utils/nnet_mult.h:70->firmware/nnet_utils/nnet_dense_latency.h:42]   --->   Operation 92 'sext' 'sext_ln70_292' <Predicate = true> <Delay = 0.00>
ST_1 : Operation 93 [1/1] (0.00ns)   --->   "%sext_ln70_293 = sext i16 %data_6_val_read" [firmware/nnet_utils/nnet_mult.h:70->firmware/nnet_utils/nnet_dense_latency.h:42]   --->   Operation 93 'sext' 'sext_ln70_293' <Predicate = true> <Delay = 0.00>
ST_1 : Operation 94 [1/1] (0.00ns)   --->   "%sext_ln70_294 = sext i16 %data_6_val_read" [firmware/nnet_utils/nnet_mult.h:70->firmware/nnet_utils/nnet_dense_latency.h:42]   --->   Operation 94 'sext' 'sext_ln70_294' <Predicate = true> <Delay = 0.00>
ST_1 : Operation 95 [2/2] (3.34ns)   --->   "%mul_ln73_1528 = mul i24 %sext_ln70_294, i24 93" [firmware/nnet_utils/nnet_mult.h:73->firmware/nnet_utils/nnet_dense_latency.h:42]   --->   Operation 95 'mul' 'mul_ln73_1528' <Predicate = true> <Delay = 3.34> <CoreInst = "Multiplier">   --->   Core 3 'Multiplier' <Latency = 1> <II = 1> <Delay = 3.34> <FuncUnit> <Opcode : 'mul'> <InPorts = 2> <OutPorts = 1>
ST_1 : Operation 96 [2/2] (3.34ns)   --->   "%mul_ln73_1529 = mul i21 %sext_ln70_293, i21 11" [firmware/nnet_utils/nnet_mult.h:73->firmware/nnet_utils/nnet_dense_latency.h:42]   --->   Operation 96 'mul' 'mul_ln73_1529' <Predicate = true> <Delay = 3.34> <CoreInst = "Multiplier">   --->   Core 3 'Multiplier' <Latency = 1> <II = 1> <Delay = 3.34> <FuncUnit> <Opcode : 'mul'> <InPorts = 2> <OutPorts = 1>
ST_1 : Operation 97 [2/2] (3.34ns)   --->   "%mul_ln73_1530 = mul i26 %sext_ln70_292, i26 67108501" [firmware/nnet_utils/nnet_mult.h:73->firmware/nnet_utils/nnet_dense_latency.h:42]   --->   Operation 97 'mul' 'mul_ln73_1530' <Predicate = true> <Delay = 3.34> <CoreInst = "Multiplier">   --->   Core 3 'Multiplier' <Latency = 1> <II = 1> <Delay = 3.34> <FuncUnit> <Opcode : 'mul'> <InPorts = 2> <OutPorts = 1>
ST_1 : Operation 98 [1/1] (0.00ns)   --->   "%sext_ln70_295 = sext i16 %data_7_val_read" [firmware/nnet_utils/nnet_mult.h:70->firmware/nnet_utils/nnet_dense_latency.h:42]   --->   Operation 98 'sext' 'sext_ln70_295' <Predicate = true> <Delay = 0.00>
ST_1 : Operation 99 [1/1] (0.00ns)   --->   "%sext_ln70_296 = sext i16 %data_7_val_read" [firmware/nnet_utils/nnet_mult.h:70->firmware/nnet_utils/nnet_dense_latency.h:42]   --->   Operation 99 'sext' 'sext_ln70_296' <Predicate = true> <Delay = 0.00>
ST_1 : Operation 100 [1/1] (0.00ns)   --->   "%sext_ln70_297 = sext i16 %data_7_val_read" [firmware/nnet_utils/nnet_mult.h:70->firmware/nnet_utils/nnet_dense_latency.h:42]   --->   Operation 100 'sext' 'sext_ln70_297' <Predicate = true> <Delay = 0.00>
ST_1 : Operation 101 [2/2] (3.34ns)   --->   "%mul_ln73_1531 = mul i25 %sext_ln70_297, i25 186" [firmware/nnet_utils/nnet_mult.h:73->firmware/nnet_utils/nnet_dense_latency.h:42]   --->   Operation 101 'mul' 'mul_ln73_1531' <Predicate = true> <Delay = 3.34> <CoreInst = "Multiplier">   --->   Core 3 'Multiplier' <Latency = 1> <II = 1> <Delay = 3.34> <FuncUnit> <Opcode : 'mul'> <InPorts = 2> <OutPorts = 1>
ST_1 : Operation 102 [2/2] (3.34ns)   --->   "%mul_ln73_1532 = mul i26 %sext_ln70_296, i26 67108588" [firmware/nnet_utils/nnet_mult.h:73->firmware/nnet_utils/nnet_dense_latency.h:42]   --->   Operation 102 'mul' 'mul_ln73_1532' <Predicate = true> <Delay = 3.34> <CoreInst = "Multiplier">   --->   Core 3 'Multiplier' <Latency = 1> <II = 1> <Delay = 3.34> <FuncUnit> <Opcode : 'mul'> <InPorts = 2> <OutPorts = 1>
ST_1 : Operation 103 [2/2] (3.34ns)   --->   "%mul_ln73_1533 = mul i26 %sext_ln70_296, i26 285" [firmware/nnet_utils/nnet_mult.h:73->firmware/nnet_utils/nnet_dense_latency.h:42]   --->   Operation 103 'mul' 'mul_ln73_1533' <Predicate = true> <Delay = 3.34> <CoreInst = "Multiplier">   --->   Core 3 'Multiplier' <Latency = 1> <II = 1> <Delay = 3.34> <FuncUnit> <Opcode : 'mul'> <InPorts = 2> <OutPorts = 1>
ST_1 : Operation 104 [2/2] (3.34ns)   --->   "%mul_ln73_1534 = mul i24 %sext_ln70_295, i24 16777094" [firmware/nnet_utils/nnet_mult.h:73->firmware/nnet_utils/nnet_dense_latency.h:42]   --->   Operation 104 'mul' 'mul_ln73_1534' <Predicate = true> <Delay = 3.34> <CoreInst = "Multiplier">   --->   Core 3 'Multiplier' <Latency = 1> <II = 1> <Delay = 3.34> <FuncUnit> <Opcode : 'mul'> <InPorts = 2> <OutPorts = 1>
ST_1 : Operation 105 [2/2] (3.34ns)   --->   "%mul_ln73_1535 = mul i26 %sext_ln70_296, i26 67108598" [firmware/nnet_utils/nnet_mult.h:73->firmware/nnet_utils/nnet_dense_latency.h:42]   --->   Operation 105 'mul' 'mul_ln73_1535' <Predicate = true> <Delay = 3.34> <CoreInst = "Multiplier">   --->   Core 3 'Multiplier' <Latency = 1> <II = 1> <Delay = 3.34> <FuncUnit> <Opcode : 'mul'> <InPorts = 2> <OutPorts = 1>
ST_1 : Operation 106 [1/1] (0.00ns)   --->   "%sext_ln70_298 = sext i16 %data_8_val_read" [firmware/nnet_utils/nnet_mult.h:70->firmware/nnet_utils/nnet_dense_latency.h:42]   --->   Operation 106 'sext' 'sext_ln70_298' <Predicate = true> <Delay = 0.00>
ST_1 : Operation 107 [1/1] (0.00ns)   --->   "%sext_ln70_299 = sext i16 %data_8_val_read" [firmware/nnet_utils/nnet_mult.h:70->firmware/nnet_utils/nnet_dense_latency.h:42]   --->   Operation 107 'sext' 'sext_ln70_299' <Predicate = true> <Delay = 0.00>
ST_1 : Operation 108 [2/2] (3.34ns)   --->   "%mul_ln73_1536 = mul i26 %sext_ln70_299, i26 342" [firmware/nnet_utils/nnet_mult.h:73->firmware/nnet_utils/nnet_dense_latency.h:42]   --->   Operation 108 'mul' 'mul_ln73_1536' <Predicate = true> <Delay = 3.34> <CoreInst = "Multiplier">   --->   Core 3 'Multiplier' <Latency = 1> <II = 1> <Delay = 3.34> <FuncUnit> <Opcode : 'mul'> <InPorts = 2> <OutPorts = 1>
ST_1 : Operation 109 [2/2] (3.34ns)   --->   "%mul_ln73_1537 = mul i26 %sext_ln70_299, i26 67108474" [firmware/nnet_utils/nnet_mult.h:73->firmware/nnet_utils/nnet_dense_latency.h:42]   --->   Operation 109 'mul' 'mul_ln73_1537' <Predicate = true> <Delay = 3.34> <CoreInst = "Multiplier">   --->   Core 3 'Multiplier' <Latency = 1> <II = 1> <Delay = 3.34> <FuncUnit> <Opcode : 'mul'> <InPorts = 2> <OutPorts = 1>
ST_1 : Operation 110 [2/2] (3.34ns)   --->   "%mul_ln73_1538 = mul i26 %sext_ln70_299, i26 67108577" [firmware/nnet_utils/nnet_mult.h:73->firmware/nnet_utils/nnet_dense_latency.h:42]   --->   Operation 110 'mul' 'mul_ln73_1538' <Predicate = true> <Delay = 3.34> <CoreInst = "Multiplier">   --->   Core 3 'Multiplier' <Latency = 1> <II = 1> <Delay = 3.34> <FuncUnit> <Opcode : 'mul'> <InPorts = 2> <OutPorts = 1>
ST_1 : Operation 111 [2/2] (3.34ns)   --->   "%mul_ln73_1539 = mul i26 %sext_ln70_299, i26 67108549" [firmware/nnet_utils/nnet_mult.h:73->firmware/nnet_utils/nnet_dense_latency.h:42]   --->   Operation 111 'mul' 'mul_ln73_1539' <Predicate = true> <Delay = 3.34> <CoreInst = "Multiplier">   --->   Core 3 'Multiplier' <Latency = 1> <II = 1> <Delay = 3.34> <FuncUnit> <Opcode : 'mul'> <InPorts = 2> <OutPorts = 1>
ST_1 : Operation 112 [2/2] (3.34ns)   --->   "%mul_ln73_1540 = mul i25 %sext_ln70_298, i25 33554206" [firmware/nnet_utils/nnet_mult.h:73->firmware/nnet_utils/nnet_dense_latency.h:42]   --->   Operation 112 'mul' 'mul_ln73_1540' <Predicate = true> <Delay = 3.34> <CoreInst = "Multiplier">   --->   Core 3 'Multiplier' <Latency = 1> <II = 1> <Delay = 3.34> <FuncUnit> <Opcode : 'mul'> <InPorts = 2> <OutPorts = 1>
ST_1 : Operation 113 [1/1] (0.00ns)   --->   "%sext_ln70_300 = sext i16 %data_9_val_read" [firmware/nnet_utils/nnet_mult.h:70->firmware/nnet_utils/nnet_dense_latency.h:42]   --->   Operation 113 'sext' 'sext_ln70_300' <Predicate = true> <Delay = 0.00>
ST_1 : Operation 114 [1/1] (0.00ns)   --->   "%sext_ln70_301 = sext i16 %data_9_val_read" [firmware/nnet_utils/nnet_mult.h:70->firmware/nnet_utils/nnet_dense_latency.h:42]   --->   Operation 114 'sext' 'sext_ln70_301' <Predicate = true> <Delay = 0.00>
ST_1 : Operation 115 [2/2] (3.34ns)   --->   "%mul_ln73_1541 = mul i26 %sext_ln70_301, i26 67108493" [firmware/nnet_utils/nnet_mult.h:73->firmware/nnet_utils/nnet_dense_latency.h:42]   --->   Operation 115 'mul' 'mul_ln73_1541' <Predicate = true> <Delay = 3.34> <CoreInst = "Multiplier">   --->   Core 3 'Multiplier' <Latency = 1> <II = 1> <Delay = 3.34> <FuncUnit> <Opcode : 'mul'> <InPorts = 2> <OutPorts = 1>
ST_1 : Operation 116 [2/2] (3.34ns)   --->   "%mul_ln73_1542 = mul i26 %sext_ln70_301, i26 360" [firmware/nnet_utils/nnet_mult.h:73->firmware/nnet_utils/nnet_dense_latency.h:42]   --->   Operation 116 'mul' 'mul_ln73_1542' <Predicate = true> <Delay = 3.34> <CoreInst = "Multiplier">   --->   Core 3 'Multiplier' <Latency = 1> <II = 1> <Delay = 3.34> <FuncUnit> <Opcode : 'mul'> <InPorts = 2> <OutPorts = 1>
ST_1 : Operation 117 [2/2] (3.34ns)   --->   "%mul_ln73_1543 = mul i26 %sext_ln70_301, i26 374" [firmware/nnet_utils/nnet_mult.h:73->firmware/nnet_utils/nnet_dense_latency.h:42]   --->   Operation 117 'mul' 'mul_ln73_1543' <Predicate = true> <Delay = 3.34> <CoreInst = "Multiplier">   --->   Core 3 'Multiplier' <Latency = 1> <II = 1> <Delay = 3.34> <FuncUnit> <Opcode : 'mul'> <InPorts = 2> <OutPorts = 1>
ST_1 : Operation 118 [2/2] (3.34ns)   --->   "%mul_ln73_1544 = mul i24 %sext_ln70_300, i24 16777140" [firmware/nnet_utils/nnet_mult.h:73->firmware/nnet_utils/nnet_dense_latency.h:42]   --->   Operation 118 'mul' 'mul_ln73_1544' <Predicate = true> <Delay = 3.34> <CoreInst = "Multiplier">   --->   Core 3 'Multiplier' <Latency = 1> <II = 1> <Delay = 3.34> <FuncUnit> <Opcode : 'mul'> <InPorts = 2> <OutPorts = 1>
ST_1 : Operation 119 [2/2] (3.34ns)   --->   "%mul_ln73_1545 = mul i26 %sext_ln70_301, i26 67108479" [firmware/nnet_utils/nnet_mult.h:73->firmware/nnet_utils/nnet_dense_latency.h:42]   --->   Operation 119 'mul' 'mul_ln73_1545' <Predicate = true> <Delay = 3.34> <CoreInst = "Multiplier">   --->   Core 3 'Multiplier' <Latency = 1> <II = 1> <Delay = 3.34> <FuncUnit> <Opcode : 'mul'> <InPorts = 2> <OutPorts = 1>
ST_1 : Operation 120 [1/1] (0.00ns)   --->   "%sext_ln70_302 = sext i16 %data_10_val_read" [firmware/nnet_utils/nnet_mult.h:70->firmware/nnet_utils/nnet_dense_latency.h:42]   --->   Operation 120 'sext' 'sext_ln70_302' <Predicate = true> <Delay = 0.00>
ST_1 : Operation 121 [1/1] (0.00ns)   --->   "%sext_ln70_304 = sext i16 %data_10_val_read" [firmware/nnet_utils/nnet_mult.h:70->firmware/nnet_utils/nnet_dense_latency.h:42]   --->   Operation 121 'sext' 'sext_ln70_304' <Predicate = true> <Delay = 0.00>
ST_1 : Operation 122 [2/2] (3.34ns)   --->   "%mul_ln73_1546 = mul i26 %sext_ln70_304, i26 269" [firmware/nnet_utils/nnet_mult.h:73->firmware/nnet_utils/nnet_dense_latency.h:42]   --->   Operation 122 'mul' 'mul_ln73_1546' <Predicate = true> <Delay = 3.34> <CoreInst = "Multiplier">   --->   Core 3 'Multiplier' <Latency = 1> <II = 1> <Delay = 3.34> <FuncUnit> <Opcode : 'mul'> <InPorts = 2> <OutPorts = 1>
ST_1 : Operation 123 [2/2] (3.34ns)   --->   "%mul_ln73_1547 = mul i25 %sext_ln70_302, i25 197" [firmware/nnet_utils/nnet_mult.h:73->firmware/nnet_utils/nnet_dense_latency.h:42]   --->   Operation 123 'mul' 'mul_ln73_1547' <Predicate = true> <Delay = 3.34> <CoreInst = "Multiplier">   --->   Core 3 'Multiplier' <Latency = 1> <II = 1> <Delay = 3.34> <FuncUnit> <Opcode : 'mul'> <InPorts = 2> <OutPorts = 1>
ST_1 : Operation 124 [2/2] (3.34ns)   --->   "%mul_ln73_1548 = mul i26 %sext_ln70_304, i26 67108539" [firmware/nnet_utils/nnet_mult.h:73->firmware/nnet_utils/nnet_dense_latency.h:42]   --->   Operation 124 'mul' 'mul_ln73_1548' <Predicate = true> <Delay = 3.34> <CoreInst = "Multiplier">   --->   Core 3 'Multiplier' <Latency = 1> <II = 1> <Delay = 3.34> <FuncUnit> <Opcode : 'mul'> <InPorts = 2> <OutPorts = 1>
ST_1 : Operation 125 [1/1] (0.00ns)   --->   "%sext_ln70_305 = sext i16 %data_11_val_read" [firmware/nnet_utils/nnet_mult.h:70->firmware/nnet_utils/nnet_dense_latency.h:42]   --->   Operation 125 'sext' 'sext_ln70_305' <Predicate = true> <Delay = 0.00>
ST_1 : Operation 126 [1/1] (0.00ns)   --->   "%sext_ln70_307 = sext i16 %data_11_val_read" [firmware/nnet_utils/nnet_mult.h:70->firmware/nnet_utils/nnet_dense_latency.h:42]   --->   Operation 126 'sext' 'sext_ln70_307' <Predicate = true> <Delay = 0.00>
ST_1 : Operation 127 [2/2] (3.34ns)   --->   "%mul_ln73_1549 = mul i25 %sext_ln70_307, i25 167" [firmware/nnet_utils/nnet_mult.h:73->firmware/nnet_utils/nnet_dense_latency.h:42]   --->   Operation 127 'mul' 'mul_ln73_1549' <Predicate = true> <Delay = 3.34> <CoreInst = "Multiplier">   --->   Core 3 'Multiplier' <Latency = 1> <II = 1> <Delay = 3.34> <FuncUnit> <Opcode : 'mul'> <InPorts = 2> <OutPorts = 1>
ST_1 : Operation 128 [2/2] (3.34ns)   --->   "%mul_ln73_1550 = mul i25 %sext_ln70_307, i25 33554285" [firmware/nnet_utils/nnet_mult.h:73->firmware/nnet_utils/nnet_dense_latency.h:42]   --->   Operation 128 'mul' 'mul_ln73_1550' <Predicate = true> <Delay = 3.34> <CoreInst = "Multiplier">   --->   Core 3 'Multiplier' <Latency = 1> <II = 1> <Delay = 3.34> <FuncUnit> <Opcode : 'mul'> <InPorts = 2> <OutPorts = 1>
ST_1 : Operation 129 [2/2] (3.34ns)   --->   "%mul_ln73_1551 = mul i24 %sext_ln70_305, i24 16777131" [firmware/nnet_utils/nnet_mult.h:73->firmware/nnet_utils/nnet_dense_latency.h:42]   --->   Operation 129 'mul' 'mul_ln73_1551' <Predicate = true> <Delay = 3.34> <CoreInst = "Multiplier">   --->   Core 3 'Multiplier' <Latency = 1> <II = 1> <Delay = 3.34> <FuncUnit> <Opcode : 'mul'> <InPorts = 2> <OutPorts = 1>
ST_1 : Operation 130 [1/1] (0.00ns)   --->   "%sext_ln70_309 = sext i16 %data_12_val_read" [firmware/nnet_utils/nnet_mult.h:70->firmware/nnet_utils/nnet_dense_latency.h:42]   --->   Operation 130 'sext' 'sext_ln70_309' <Predicate = true> <Delay = 0.00>
ST_1 : Operation 131 [2/2] (3.34ns)   --->   "%mul_ln73_1552 = mul i26 %sext_ln70_309, i26 67108494" [firmware/nnet_utils/nnet_mult.h:73->firmware/nnet_utils/nnet_dense_latency.h:42]   --->   Operation 131 'mul' 'mul_ln73_1552' <Predicate = true> <Delay = 3.34> <CoreInst = "Multiplier">   --->   Core 3 'Multiplier' <Latency = 1> <II = 1> <Delay = 3.34> <FuncUnit> <Opcode : 'mul'> <InPorts = 2> <OutPorts = 1>
ST_1 : Operation 132 [2/2] (3.34ns)   --->   "%mul_ln73_1553 = mul i26 %sext_ln70_309, i26 316" [firmware/nnet_utils/nnet_mult.h:73->firmware/nnet_utils/nnet_dense_latency.h:42]   --->   Operation 132 'mul' 'mul_ln73_1553' <Predicate = true> <Delay = 3.34> <CoreInst = "Multiplier">   --->   Core 3 'Multiplier' <Latency = 1> <II = 1> <Delay = 3.34> <FuncUnit> <Opcode : 'mul'> <InPorts = 2> <OutPorts = 1>
ST_1 : Operation 133 [2/2] (3.34ns)   --->   "%mul_ln73_1554 = mul i26 %sext_ln70_309, i26 67108514" [firmware/nnet_utils/nnet_mult.h:73->firmware/nnet_utils/nnet_dense_latency.h:42]   --->   Operation 133 'mul' 'mul_ln73_1554' <Predicate = true> <Delay = 3.34> <CoreInst = "Multiplier">   --->   Core 3 'Multiplier' <Latency = 1> <II = 1> <Delay = 3.34> <FuncUnit> <Opcode : 'mul'> <InPorts = 2> <OutPorts = 1>
ST_1 : Operation 134 [2/2] (3.34ns)   --->   "%mul_ln73_1555 = mul i26 %sext_ln70_309, i26 259" [firmware/nnet_utils/nnet_mult.h:73->firmware/nnet_utils/nnet_dense_latency.h:42]   --->   Operation 134 'mul' 'mul_ln73_1555' <Predicate = true> <Delay = 3.34> <CoreInst = "Multiplier">   --->   Core 3 'Multiplier' <Latency = 1> <II = 1> <Delay = 3.34> <FuncUnit> <Opcode : 'mul'> <InPorts = 2> <OutPorts = 1>
ST_1 : Operation 135 [2/2] (3.34ns)   --->   "%mul_ln73_1556 = mul i26 %sext_ln70_309, i26 67108551" [firmware/nnet_utils/nnet_mult.h:73->firmware/nnet_utils/nnet_dense_latency.h:42]   --->   Operation 135 'mul' 'mul_ln73_1556' <Predicate = true> <Delay = 3.34> <CoreInst = "Multiplier">   --->   Core 3 'Multiplier' <Latency = 1> <II = 1> <Delay = 3.34> <FuncUnit> <Opcode : 'mul'> <InPorts = 2> <OutPorts = 1>
ST_1 : Operation 136 [1/1] (0.00ns)   --->   "%sext_ln70_310 = sext i16 %data_13_val_read" [firmware/nnet_utils/nnet_mult.h:70->firmware/nnet_utils/nnet_dense_latency.h:42]   --->   Operation 136 'sext' 'sext_ln70_310' <Predicate = true> <Delay = 0.00>
ST_1 : Operation 137 [1/1] (0.00ns)   --->   "%sext_ln70_311 = sext i16 %data_13_val_read" [firmware/nnet_utils/nnet_mult.h:70->firmware/nnet_utils/nnet_dense_latency.h:42]   --->   Operation 137 'sext' 'sext_ln70_311' <Predicate = true> <Delay = 0.00>
ST_1 : Operation 138 [1/1] (0.00ns)   --->   "%sext_ln70_312 = sext i16 %data_13_val_read" [firmware/nnet_utils/nnet_mult.h:70->firmware/nnet_utils/nnet_dense_latency.h:42]   --->   Operation 138 'sext' 'sext_ln70_312' <Predicate = true> <Delay = 0.00>
ST_1 : Operation 139 [2/2] (3.34ns)   --->   "%mul_ln73_1557 = mul i25 %sext_ln70_312, i25 33554203" [firmware/nnet_utils/nnet_mult.h:73->firmware/nnet_utils/nnet_dense_latency.h:42]   --->   Operation 139 'mul' 'mul_ln73_1557' <Predicate = true> <Delay = 3.34> <CoreInst = "Multiplier">   --->   Core 3 'Multiplier' <Latency = 1> <II = 1> <Delay = 3.34> <FuncUnit> <Opcode : 'mul'> <InPorts = 2> <OutPorts = 1>
ST_1 : Operation 140 [2/2] (3.34ns)   --->   "%mul_ln73_1558 = mul i25 %sext_ln70_312, i25 33554284" [firmware/nnet_utils/nnet_mult.h:73->firmware/nnet_utils/nnet_dense_latency.h:42]   --->   Operation 140 'mul' 'mul_ln73_1558' <Predicate = true> <Delay = 3.34> <CoreInst = "Multiplier">   --->   Core 3 'Multiplier' <Latency = 1> <II = 1> <Delay = 3.34> <FuncUnit> <Opcode : 'mul'> <InPorts = 2> <OutPorts = 1>
ST_1 : Operation 141 [2/2] (3.34ns)   --->   "%mul_ln73_1559 = mul i24 %sext_ln70_311, i24 16777138" [firmware/nnet_utils/nnet_mult.h:73->firmware/nnet_utils/nnet_dense_latency.h:42]   --->   Operation 141 'mul' 'mul_ln73_1559' <Predicate = true> <Delay = 3.34> <CoreInst = "Multiplier">   --->   Core 3 'Multiplier' <Latency = 1> <II = 1> <Delay = 3.34> <FuncUnit> <Opcode : 'mul'> <InPorts = 2> <OutPorts = 1>
ST_1 : Operation 142 [2/2] (3.34ns)   --->   "%mul_ln73_1560 = mul i26 %sext_ln70_310, i26 67108454" [firmware/nnet_utils/nnet_mult.h:73->firmware/nnet_utils/nnet_dense_latency.h:42]   --->   Operation 142 'mul' 'mul_ln73_1560' <Predicate = true> <Delay = 3.34> <CoreInst = "Multiplier">   --->   Core 3 'Multiplier' <Latency = 1> <II = 1> <Delay = 3.34> <FuncUnit> <Opcode : 'mul'> <InPorts = 2> <OutPorts = 1>
ST_1 : Operation 143 [2/2] (3.34ns)   --->   "%mul_ln73_1561 = mul i25 %sext_ln70_312, i25 161" [firmware/nnet_utils/nnet_mult.h:73->firmware/nnet_utils/nnet_dense_latency.h:42]   --->   Operation 143 'mul' 'mul_ln73_1561' <Predicate = true> <Delay = 3.34> <CoreInst = "Multiplier">   --->   Core 3 'Multiplier' <Latency = 1> <II = 1> <Delay = 3.34> <FuncUnit> <Opcode : 'mul'> <InPorts = 2> <OutPorts = 1>
ST_1 : Operation 144 [1/1] (0.00ns)   --->   "%sext_ln70_313 = sext i16 %data_14_val_read" [firmware/nnet_utils/nnet_mult.h:70->firmware/nnet_utils/nnet_dense_latency.h:42]   --->   Operation 144 'sext' 'sext_ln70_313' <Predicate = true> <Delay = 0.00>
ST_1 : Operation 145 [1/1] (0.00ns)   --->   "%sext_ln70_314 = sext i16 %data_14_val_read" [firmware/nnet_utils/nnet_mult.h:70->firmware/nnet_utils/nnet_dense_latency.h:42]   --->   Operation 145 'sext' 'sext_ln70_314' <Predicate = true> <Delay = 0.00>
ST_1 : Operation 146 [1/1] (0.00ns)   --->   "%sext_ln70_315 = sext i16 %data_14_val_read" [firmware/nnet_utils/nnet_mult.h:70->firmware/nnet_utils/nnet_dense_latency.h:42]   --->   Operation 146 'sext' 'sext_ln70_315' <Predicate = true> <Delay = 0.00>
ST_1 : Operation 147 [2/2] (3.34ns)   --->   "%mul_ln73_1562 = mul i25 %sext_ln70_315, i25 199" [firmware/nnet_utils/nnet_mult.h:73->firmware/nnet_utils/nnet_dense_latency.h:42]   --->   Operation 147 'mul' 'mul_ln73_1562' <Predicate = true> <Delay = 3.34> <CoreInst = "Multiplier">   --->   Core 3 'Multiplier' <Latency = 1> <II = 1> <Delay = 3.34> <FuncUnit> <Opcode : 'mul'> <InPorts = 2> <OutPorts = 1>
ST_1 : Operation 148 [1/1] (0.00ns)   --->   "%tmp_429 = bitconcatenate i22 @_ssdm_op_BitConcatenate.i22.i16.i6, i16 %data_14_val_read, i6 0" [firmware/nnet_utils/nnet_mult.h:73->firmware/nnet_utils/nnet_dense_latency.h:42]   --->   Operation 148 'bitconcatenate' 'tmp_429' <Predicate = true> <Delay = 0.00>
ST_1 : Operation 149 [1/1] (0.00ns)   --->   "%sext_ln73_628 = sext i22 %tmp_429" [firmware/nnet_utils/nnet_mult.h:73->firmware/nnet_utils/nnet_dense_latency.h:42]   --->   Operation 149 'sext' 'sext_ln73_628' <Predicate = true> <Delay = 0.00>
ST_1 : Operation 150 [1/1] (2.25ns)   --->   "%sub_ln73_442 = sub i24 0, i24 %sext_ln73_628" [firmware/nnet_utils/nnet_mult.h:73->firmware/nnet_utils/nnet_dense_latency.h:42]   --->   Operation 150 'sub' 'sub_ln73_442' <Predicate = true> <Delay = 2.25> <CoreInst = "Adder">   --->   Core 1 'Adder' <Latency = 0> <II = 1> <Delay = 2.25> <FuncUnit> <Opcode : 'add' 'sub'> <InPorts = 2> <OutPorts = 1>
ST_1 : Operation 151 [2/2] (3.34ns)   --->   "%mul_ln73_1563 = mul i26 %sext_ln70_313, i26 333" [firmware/nnet_utils/nnet_mult.h:73->firmware/nnet_utils/nnet_dense_latency.h:42]   --->   Operation 151 'mul' 'mul_ln73_1563' <Predicate = true> <Delay = 3.34> <CoreInst = "Multiplier">   --->   Core 3 'Multiplier' <Latency = 1> <II = 1> <Delay = 3.34> <FuncUnit> <Opcode : 'mul'> <InPorts = 2> <OutPorts = 1>
ST_1 : Operation 152 [2/2] (3.34ns)   --->   "%mul_ln73_1564 = mul i24 %sext_ln70_314, i24 113" [firmware/nnet_utils/nnet_mult.h:73->firmware/nnet_utils/nnet_dense_latency.h:42]   --->   Operation 152 'mul' 'mul_ln73_1564' <Predicate = true> <Delay = 3.34> <CoreInst = "Multiplier">   --->   Core 3 'Multiplier' <Latency = 1> <II = 1> <Delay = 3.34> <FuncUnit> <Opcode : 'mul'> <InPorts = 2> <OutPorts = 1>
ST_1 : Operation 153 [2/2] (3.34ns)   --->   "%mul_ln73_1565 = mul i24 %sext_ln70_314, i24 16777124" [firmware/nnet_utils/nnet_mult.h:73->firmware/nnet_utils/nnet_dense_latency.h:42]   --->   Operation 153 'mul' 'mul_ln73_1565' <Predicate = true> <Delay = 3.34> <CoreInst = "Multiplier">   --->   Core 3 'Multiplier' <Latency = 1> <II = 1> <Delay = 3.34> <FuncUnit> <Opcode : 'mul'> <InPorts = 2> <OutPorts = 1>
ST_1 : Operation 154 [1/1] (0.00ns)   --->   "%sext_ln70_317 = sext i16 %data_15_val_read" [firmware/nnet_utils/nnet_mult.h:70->firmware/nnet_utils/nnet_dense_latency.h:42]   --->   Operation 154 'sext' 'sext_ln70_317' <Predicate = true> <Delay = 0.00>
ST_1 : Operation 155 [1/1] (0.00ns)   --->   "%sext_ln70_318 = sext i16 %data_15_val_read" [firmware/nnet_utils/nnet_mult.h:70->firmware/nnet_utils/nnet_dense_latency.h:42]   --->   Operation 155 'sext' 'sext_ln70_318' <Predicate = true> <Delay = 0.00>
ST_1 : Operation 156 [1/1] (0.00ns)   --->   "%sext_ln70_319 = sext i16 %data_15_val_read" [firmware/nnet_utils/nnet_mult.h:70->firmware/nnet_utils/nnet_dense_latency.h:42]   --->   Operation 156 'sext' 'sext_ln70_319' <Predicate = true> <Delay = 0.00>
ST_1 : Operation 157 [2/2] (3.34ns)   --->   "%mul_ln73_1566 = mul i26 %sext_ln70_319, i26 362" [firmware/nnet_utils/nnet_mult.h:73->firmware/nnet_utils/nnet_dense_latency.h:42]   --->   Operation 157 'mul' 'mul_ln73_1566' <Predicate = true> <Delay = 3.34> <CoreInst = "Multiplier">   --->   Core 3 'Multiplier' <Latency = 1> <II = 1> <Delay = 3.34> <FuncUnit> <Opcode : 'mul'> <InPorts = 2> <OutPorts = 1>
ST_1 : Operation 158 [2/2] (3.34ns)   --->   "%mul_ln73_1567 = mul i25 %sext_ln70_318, i25 33554253" [firmware/nnet_utils/nnet_mult.h:73->firmware/nnet_utils/nnet_dense_latency.h:42]   --->   Operation 158 'mul' 'mul_ln73_1567' <Predicate = true> <Delay = 3.34> <CoreInst = "Multiplier">   --->   Core 3 'Multiplier' <Latency = 1> <II = 1> <Delay = 3.34> <FuncUnit> <Opcode : 'mul'> <InPorts = 2> <OutPorts = 1>
ST_1 : Operation 159 [2/2] (3.34ns)   --->   "%mul_ln73_1568 = mul i24 %sext_ln70_317, i24 16777132" [firmware/nnet_utils/nnet_mult.h:73->firmware/nnet_utils/nnet_dense_latency.h:42]   --->   Operation 159 'mul' 'mul_ln73_1568' <Predicate = true> <Delay = 3.34> <CoreInst = "Multiplier">   --->   Core 3 'Multiplier' <Latency = 1> <II = 1> <Delay = 3.34> <FuncUnit> <Opcode : 'mul'> <InPorts = 2> <OutPorts = 1>
ST_1 : Operation 160 [2/2] (3.34ns)   --->   "%mul_ln73_1569 = mul i26 %sext_ln70_319, i26 408" [firmware/nnet_utils/nnet_mult.h:73->firmware/nnet_utils/nnet_dense_latency.h:42]   --->   Operation 160 'mul' 'mul_ln73_1569' <Predicate = true> <Delay = 3.34> <CoreInst = "Multiplier">   --->   Core 3 'Multiplier' <Latency = 1> <II = 1> <Delay = 3.34> <FuncUnit> <Opcode : 'mul'> <InPorts = 2> <OutPorts = 1>
ST_1 : Operation 161 [2/2] (3.34ns)   --->   "%mul_ln73_1570 = mul i25 %sext_ln70_318, i25 159" [firmware/nnet_utils/nnet_mult.h:73->firmware/nnet_utils/nnet_dense_latency.h:42]   --->   Operation 161 'mul' 'mul_ln73_1570' <Predicate = true> <Delay = 3.34> <CoreInst = "Multiplier">   --->   Core 3 'Multiplier' <Latency = 1> <II = 1> <Delay = 3.34> <FuncUnit> <Opcode : 'mul'> <InPorts = 2> <OutPorts = 1>
ST_1 : Operation 162 [1/1] (0.00ns)   --->   "%sext_ln70_320 = sext i16 %data_16_val_read" [firmware/nnet_utils/nnet_mult.h:70->firmware/nnet_utils/nnet_dense_latency.h:42]   --->   Operation 162 'sext' 'sext_ln70_320' <Predicate = true> <Delay = 0.00>
ST_1 : Operation 163 [1/1] (0.00ns)   --->   "%sext_ln70_321 = sext i16 %data_16_val_read" [firmware/nnet_utils/nnet_mult.h:70->firmware/nnet_utils/nnet_dense_latency.h:42]   --->   Operation 163 'sext' 'sext_ln70_321' <Predicate = true> <Delay = 0.00>
ST_1 : Operation 164 [2/2] (3.34ns)   --->   "%mul_ln73_1571 = mul i23 %sext_ln70_321, i23 8388571" [firmware/nnet_utils/nnet_mult.h:73->firmware/nnet_utils/nnet_dense_latency.h:42]   --->   Operation 164 'mul' 'mul_ln73_1571' <Predicate = true> <Delay = 3.34> <CoreInst = "Multiplier">   --->   Core 3 'Multiplier' <Latency = 1> <II = 1> <Delay = 3.34> <FuncUnit> <Opcode : 'mul'> <InPorts = 2> <OutPorts = 1>
ST_1 : Operation 165 [1/1] (0.00ns)   --->   "%tmp_431 = bitconcatenate i19 @_ssdm_op_BitConcatenate.i19.i16.i3, i16 %data_16_val_read, i3 0" [firmware/nnet_utils/nnet_mult.h:73->firmware/nnet_utils/nnet_dense_latency.h:42]   --->   Operation 165 'bitconcatenate' 'tmp_431' <Predicate = true> <Delay = 0.00>
ST_1 : Operation 166 [1/1] (0.00ns)   --->   "%sext_ln73_630 = sext i19 %tmp_431" [firmware/nnet_utils/nnet_mult.h:73->firmware/nnet_utils/nnet_dense_latency.h:42]   --->   Operation 166 'sext' 'sext_ln73_630' <Predicate = true> <Delay = 0.00>
ST_1 : Operation 167 [1/1] (2.16ns)   --->   "%sub_ln73_444 = sub i21 0, i21 %sext_ln73_630" [firmware/nnet_utils/nnet_mult.h:73->firmware/nnet_utils/nnet_dense_latency.h:42]   --->   Operation 167 'sub' 'sub_ln73_444' <Predicate = true> <Delay = 2.16> <CoreInst = "Adder">   --->   Core 1 'Adder' <Latency = 0> <II = 1> <Delay = 2.16> <FuncUnit> <Opcode : 'add' 'sub'> <InPorts = 2> <OutPorts = 1>
ST_1 : Operation 168 [2/2] (3.34ns)   --->   "%mul_ln73_1572 = mul i26 %sext_ln70_320, i26 67108605" [firmware/nnet_utils/nnet_mult.h:73->firmware/nnet_utils/nnet_dense_latency.h:42]   --->   Operation 168 'mul' 'mul_ln73_1572' <Predicate = true> <Delay = 3.34> <CoreInst = "Multiplier">   --->   Core 3 'Multiplier' <Latency = 1> <II = 1> <Delay = 3.34> <FuncUnit> <Opcode : 'mul'> <InPorts = 2> <OutPorts = 1>
ST_1 : Operation 169 [2/2] (3.34ns)   --->   "%mul_ln73_1573 = mul i23 %sext_ln70_321, i23 46" [firmware/nnet_utils/nnet_mult.h:73->firmware/nnet_utils/nnet_dense_latency.h:42]   --->   Operation 169 'mul' 'mul_ln73_1573' <Predicate = true> <Delay = 3.34> <CoreInst = "Multiplier">   --->   Core 3 'Multiplier' <Latency = 1> <II = 1> <Delay = 3.34> <FuncUnit> <Opcode : 'mul'> <InPorts = 2> <OutPorts = 1>
ST_1 : Operation 170 [2/2] (3.34ns)   --->   "%mul_ln73_1574 = mul i23 %sext_ln70_321, i23 47" [firmware/nnet_utils/nnet_mult.h:73->firmware/nnet_utils/nnet_dense_latency.h:42]   --->   Operation 170 'mul' 'mul_ln73_1574' <Predicate = true> <Delay = 3.34> <CoreInst = "Multiplier">   --->   Core 3 'Multiplier' <Latency = 1> <II = 1> <Delay = 3.34> <FuncUnit> <Opcode : 'mul'> <InPorts = 2> <OutPorts = 1>
ST_1 : Operation 171 [1/1] (0.00ns)   --->   "%sext_ln70_323 = sext i16 %data_17_val_read" [firmware/nnet_utils/nnet_mult.h:70->firmware/nnet_utils/nnet_dense_latency.h:42]   --->   Operation 171 'sext' 'sext_ln70_323' <Predicate = true> <Delay = 0.00>
ST_1 : Operation 172 [1/1] (0.00ns)   --->   "%sext_ln70_325 = sext i16 %data_17_val_read" [firmware/nnet_utils/nnet_mult.h:70->firmware/nnet_utils/nnet_dense_latency.h:42]   --->   Operation 172 'sext' 'sext_ln70_325' <Predicate = true> <Delay = 0.00>
ST_1 : Operation 173 [2/2] (3.34ns)   --->   "%mul_ln73_1575 = mul i26 %sext_ln70_325, i26 271" [firmware/nnet_utils/nnet_mult.h:73->firmware/nnet_utils/nnet_dense_latency.h:42]   --->   Operation 173 'mul' 'mul_ln73_1575' <Predicate = true> <Delay = 3.34> <CoreInst = "Multiplier">   --->   Core 3 'Multiplier' <Latency = 1> <II = 1> <Delay = 3.34> <FuncUnit> <Opcode : 'mul'> <InPorts = 2> <OutPorts = 1>
ST_1 : Operation 174 [2/2] (3.34ns)   --->   "%mul_ln73_1577 = mul i24 %sext_ln70_323, i24 74" [firmware/nnet_utils/nnet_mult.h:73->firmware/nnet_utils/nnet_dense_latency.h:42]   --->   Operation 174 'mul' 'mul_ln73_1577' <Predicate = true> <Delay = 3.34> <CoreInst = "Multiplier">   --->   Core 3 'Multiplier' <Latency = 1> <II = 1> <Delay = 3.34> <FuncUnit> <Opcode : 'mul'> <InPorts = 2> <OutPorts = 1>
ST_1 : Operation 175 [2/2] (3.34ns)   --->   "%mul_ln73_1578 = mul i26 %sext_ln70_325, i26 377" [firmware/nnet_utils/nnet_mult.h:73->firmware/nnet_utils/nnet_dense_latency.h:42]   --->   Operation 175 'mul' 'mul_ln73_1578' <Predicate = true> <Delay = 3.34> <CoreInst = "Multiplier">   --->   Core 3 'Multiplier' <Latency = 1> <II = 1> <Delay = 3.34> <FuncUnit> <Opcode : 'mul'> <InPorts = 2> <OutPorts = 1>
ST_1 : Operation 176 [1/1] (0.00ns)   --->   "%sext_ln70_326 = sext i16 %data_18_val_read" [firmware/nnet_utils/nnet_mult.h:70->firmware/nnet_utils/nnet_dense_latency.h:42]   --->   Operation 176 'sext' 'sext_ln70_326' <Predicate = true> <Delay = 0.00>
ST_1 : Operation 177 [1/1] (0.00ns)   --->   "%sext_ln70_327 = sext i16 %data_18_val_read" [firmware/nnet_utils/nnet_mult.h:70->firmware/nnet_utils/nnet_dense_latency.h:42]   --->   Operation 177 'sext' 'sext_ln70_327' <Predicate = true> <Delay = 0.00>
ST_1 : Operation 178 [1/1] (0.00ns)   --->   "%sext_ln70_328 = sext i16 %data_18_val_read" [firmware/nnet_utils/nnet_mult.h:70->firmware/nnet_utils/nnet_dense_latency.h:42]   --->   Operation 178 'sext' 'sext_ln70_328' <Predicate = true> <Delay = 0.00>
ST_1 : Operation 179 [2/2] (3.34ns)   --->   "%mul_ln73_1579 = mul i26 %sext_ln70_328, i26 67108501" [firmware/nnet_utils/nnet_mult.h:73->firmware/nnet_utils/nnet_dense_latency.h:42]   --->   Operation 179 'mul' 'mul_ln73_1579' <Predicate = true> <Delay = 3.34> <CoreInst = "Multiplier">   --->   Core 3 'Multiplier' <Latency = 1> <II = 1> <Delay = 3.34> <FuncUnit> <Opcode : 'mul'> <InPorts = 2> <OutPorts = 1>
ST_1 : Operation 180 [2/2] (3.34ns)   --->   "%mul_ln73_1580 = mul i25 %sext_ln70_327, i25 196" [firmware/nnet_utils/nnet_mult.h:73->firmware/nnet_utils/nnet_dense_latency.h:42]   --->   Operation 180 'mul' 'mul_ln73_1580' <Predicate = true> <Delay = 3.34> <CoreInst = "Multiplier">   --->   Core 3 'Multiplier' <Latency = 1> <II = 1> <Delay = 3.34> <FuncUnit> <Opcode : 'mul'> <InPorts = 2> <OutPorts = 1>
ST_1 : Operation 181 [2/2] (3.34ns)   --->   "%mul_ln73_1581 = mul i24 %sext_ln70_326, i24 76" [firmware/nnet_utils/nnet_mult.h:73->firmware/nnet_utils/nnet_dense_latency.h:42]   --->   Operation 181 'mul' 'mul_ln73_1581' <Predicate = true> <Delay = 3.34> <CoreInst = "Multiplier">   --->   Core 3 'Multiplier' <Latency = 1> <II = 1> <Delay = 3.34> <FuncUnit> <Opcode : 'mul'> <InPorts = 2> <OutPorts = 1>
ST_1 : Operation 182 [1/1] (0.00ns)   --->   "%sext_ln70_330 = sext i16 %data_19_val_read" [firmware/nnet_utils/nnet_mult.h:70->firmware/nnet_utils/nnet_dense_latency.h:42]   --->   Operation 182 'sext' 'sext_ln70_330' <Predicate = true> <Delay = 0.00>
ST_1 : Operation 183 [1/1] (0.00ns)   --->   "%sext_ln70_331 = sext i16 %data_19_val_read" [firmware/nnet_utils/nnet_mult.h:70->firmware/nnet_utils/nnet_dense_latency.h:42]   --->   Operation 183 'sext' 'sext_ln70_331' <Predicate = true> <Delay = 0.00>
ST_1 : Operation 184 [2/2] (3.34ns)   --->   "%mul_ln73_1582 = mul i22 %sext_ln70_331, i22 25" [firmware/nnet_utils/nnet_mult.h:73->firmware/nnet_utils/nnet_dense_latency.h:42]   --->   Operation 184 'mul' 'mul_ln73_1582' <Predicate = true> <Delay = 3.34> <CoreInst = "Multiplier">   --->   Core 3 'Multiplier' <Latency = 1> <II = 1> <Delay = 3.34> <FuncUnit> <Opcode : 'mul'> <InPorts = 2> <OutPorts = 1>
ST_1 : Operation 185 [2/2] (3.34ns)   --->   "%mul_ln73_1583 = mul i25 %sext_ln70_330, i25 163" [firmware/nnet_utils/nnet_mult.h:73->firmware/nnet_utils/nnet_dense_latency.h:42]   --->   Operation 185 'mul' 'mul_ln73_1583' <Predicate = true> <Delay = 3.34> <CoreInst = "Multiplier">   --->   Core 3 'Multiplier' <Latency = 1> <II = 1> <Delay = 3.34> <FuncUnit> <Opcode : 'mul'> <InPorts = 2> <OutPorts = 1>
ST_1 : Operation 186 [1/1] (0.00ns)   --->   "%tmp_439 = bitconcatenate i23 @_ssdm_op_BitConcatenate.i23.i16.i7, i16 %data_19_val_read, i7 0" [firmware/nnet_utils/nnet_mult.h:73->firmware/nnet_utils/nnet_dense_latency.h:42]   --->   Operation 186 'bitconcatenate' 'tmp_439' <Predicate = true> <Delay = 0.00>
ST_1 : Operation 187 [1/1] (0.00ns)   --->   "%sext_ln73_638 = sext i23 %tmp_439" [firmware/nnet_utils/nnet_mult.h:73->firmware/nnet_utils/nnet_dense_latency.h:42]   --->   Operation 187 'sext' 'sext_ln73_638' <Predicate = true> <Delay = 0.00>
ST_1 : Operation 188 [1/1] (0.00ns)   --->   "%tmp_440 = bitconcatenate i21 @_ssdm_op_BitConcatenate.i21.i16.i5, i16 %data_19_val_read, i5 0" [firmware/nnet_utils/nnet_mult.h:73->firmware/nnet_utils/nnet_dense_latency.h:42]   --->   Operation 188 'bitconcatenate' 'tmp_440' <Predicate = true> <Delay = 0.00>
ST_1 : Operation 189 [1/1] (0.00ns)   --->   "%sext_ln73_639 = sext i21 %tmp_440" [firmware/nnet_utils/nnet_mult.h:73->firmware/nnet_utils/nnet_dense_latency.h:42]   --->   Operation 189 'sext' 'sext_ln73_639' <Predicate = true> <Delay = 0.00>
ST_1 : Operation 190 [1/1] (2.28ns)   --->   "%sub_ln73_446 = sub i24 %sext_ln73_639, i24 %sext_ln73_638" [firmware/nnet_utils/nnet_mult.h:73->firmware/nnet_utils/nnet_dense_latency.h:42]   --->   Operation 190 'sub' 'sub_ln73_446' <Predicate = true> <Delay = 2.28> <CoreInst = "Adder">   --->   Core 1 'Adder' <Latency = 0> <II = 1> <Delay = 2.28> <FuncUnit> <Opcode : 'add' 'sub'> <InPorts = 2> <OutPorts = 1>
ST_1 : Operation 191 [1/1] (0.00ns)   --->   "%trunc_ln42_96 = partselect i14 @_ssdm_op_PartSelect.i14.i24.i32.i32, i24 %sub_ln73_446, i32 10, i32 23" [firmware/nnet_utils/nnet_dense_latency.h:42]   --->   Operation 191 'partselect' 'trunc_ln42_96' <Predicate = true> <Delay = 0.00>
ST_1 : Operation 192 [2/2] (3.34ns)   --->   "%mul_ln73_1584 = mul i25 %sext_ln70_330, i25 173" [firmware/nnet_utils/nnet_mult.h:73->firmware/nnet_utils/nnet_dense_latency.h:42]   --->   Operation 192 'mul' 'mul_ln73_1584' <Predicate = true> <Delay = 3.34> <CoreInst = "Multiplier">   --->   Core 3 'Multiplier' <Latency = 1> <II = 1> <Delay = 3.34> <FuncUnit> <Opcode : 'mul'> <InPorts = 2> <OutPorts = 1>
ST_1 : Operation 193 [2/2] (3.34ns)   --->   "%mul_ln73_1585 = mul i25 %sext_ln70_330, i25 236" [firmware/nnet_utils/nnet_mult.h:73->firmware/nnet_utils/nnet_dense_latency.h:42]   --->   Operation 193 'mul' 'mul_ln73_1585' <Predicate = true> <Delay = 3.34> <CoreInst = "Multiplier">   --->   Core 3 'Multiplier' <Latency = 1> <II = 1> <Delay = 3.34> <FuncUnit> <Opcode : 'mul'> <InPorts = 2> <OutPorts = 1>
ST_1 : Operation 194 [1/1] (0.00ns)   --->   "%sext_ln70_332 = sext i16 %data_20_val_read" [firmware/nnet_utils/nnet_mult.h:70->firmware/nnet_utils/nnet_dense_latency.h:42]   --->   Operation 194 'sext' 'sext_ln70_332' <Predicate = true> <Delay = 0.00>
ST_1 : Operation 195 [1/1] (0.00ns)   --->   "%sext_ln70_333 = sext i16 %data_20_val_read" [firmware/nnet_utils/nnet_mult.h:70->firmware/nnet_utils/nnet_dense_latency.h:42]   --->   Operation 195 'sext' 'sext_ln70_333' <Predicate = true> <Delay = 0.00>
ST_1 : Operation 196 [1/1] (0.00ns)   --->   "%sext_ln70_334 = sext i16 %data_20_val_read" [firmware/nnet_utils/nnet_mult.h:70->firmware/nnet_utils/nnet_dense_latency.h:42]   --->   Operation 196 'sext' 'sext_ln70_334' <Predicate = true> <Delay = 0.00>
ST_1 : Operation 197 [1/1] (0.00ns)   --->   "%sext_ln70_335 = sext i16 %data_20_val_read" [firmware/nnet_utils/nnet_mult.h:70->firmware/nnet_utils/nnet_dense_latency.h:42]   --->   Operation 197 'sext' 'sext_ln70_335' <Predicate = true> <Delay = 0.00>
ST_1 : Operation 198 [2/2] (3.34ns)   --->   "%mul_ln73_1586 = mul i26 %sext_ln70_335, i26 67108494" [firmware/nnet_utils/nnet_mult.h:73->firmware/nnet_utils/nnet_dense_latency.h:42]   --->   Operation 198 'mul' 'mul_ln73_1586' <Predicate = true> <Delay = 3.34> <CoreInst = "Multiplier">   --->   Core 3 'Multiplier' <Latency = 1> <II = 1> <Delay = 3.34> <FuncUnit> <Opcode : 'mul'> <InPorts = 2> <OutPorts = 1>
ST_1 : Operation 199 [1/1] (0.00ns)   --->   "%tmp_441 = bitconcatenate i24 @_ssdm_op_BitConcatenate.i24.i16.i8, i16 %data_20_val_read, i8 0" [firmware/nnet_utils/nnet_mult.h:73->firmware/nnet_utils/nnet_dense_latency.h:42]   --->   Operation 199 'bitconcatenate' 'tmp_441' <Predicate = true> <Delay = 0.00>
ST_1 : Operation 200 [1/1] (0.00ns)   --->   "%sext_ln73_640 = sext i24 %tmp_441" [firmware/nnet_utils/nnet_mult.h:73->firmware/nnet_utils/nnet_dense_latency.h:42]   --->   Operation 200 'sext' 'sext_ln73_640' <Predicate = true> <Delay = 0.00>
ST_1 : Operation 201 [1/1] (2.31ns)   --->   "%sub_ln73_447 = sub i25 %sext_ln73_640, i25 %sext_ln70_334" [firmware/nnet_utils/nnet_mult.h:73->firmware/nnet_utils/nnet_dense_latency.h:42]   --->   Operation 201 'sub' 'sub_ln73_447' <Predicate = true> <Delay = 2.31> <CoreInst = "Adder">   --->   Core 1 'Adder' <Latency = 0> <II = 1> <Delay = 2.31> <FuncUnit> <Opcode : 'add' 'sub'> <InPorts = 2> <OutPorts = 1>
ST_1 : Operation 202 [1/1] (0.00ns)   --->   "%trunc_ln42_100 = partselect i15 @_ssdm_op_PartSelect.i15.i25.i32.i32, i25 %sub_ln73_447, i32 10, i32 24" [firmware/nnet_utils/nnet_dense_latency.h:42]   --->   Operation 202 'partselect' 'trunc_ln42_100' <Predicate = true> <Delay = 0.00>
ST_1 : Operation 203 [2/2] (3.34ns)   --->   "%mul_ln73_1587 = mul i24 %sext_ln70_333, i24 16777135" [firmware/nnet_utils/nnet_mult.h:73->firmware/nnet_utils/nnet_dense_latency.h:42]   --->   Operation 203 'mul' 'mul_ln73_1587' <Predicate = true> <Delay = 3.34> <CoreInst = "Multiplier">   --->   Core 3 'Multiplier' <Latency = 1> <II = 1> <Delay = 3.34> <FuncUnit> <Opcode : 'mul'> <InPorts = 2> <OutPorts = 1>
ST_1 : Operation 204 [2/2] (3.34ns)   --->   "%mul_ln73_1588 = mul i23 %sext_ln70_332, i23 38" [firmware/nnet_utils/nnet_mult.h:73->firmware/nnet_utils/nnet_dense_latency.h:42]   --->   Operation 204 'mul' 'mul_ln73_1588' <Predicate = true> <Delay = 3.34> <CoreInst = "Multiplier">   --->   Core 3 'Multiplier' <Latency = 1> <II = 1> <Delay = 3.34> <FuncUnit> <Opcode : 'mul'> <InPorts = 2> <OutPorts = 1>
ST_1 : Operation 205 [1/1] (0.00ns)   --->   "%sext_ln70_337 = sext i16 %data_21_val_read" [firmware/nnet_utils/nnet_mult.h:70->firmware/nnet_utils/nnet_dense_latency.h:42]   --->   Operation 205 'sext' 'sext_ln70_337' <Predicate = true> <Delay = 0.00>
ST_1 : Operation 206 [1/1] (0.00ns)   --->   "%sext_ln70_338 = sext i16 %data_21_val_read" [firmware/nnet_utils/nnet_mult.h:70->firmware/nnet_utils/nnet_dense_latency.h:42]   --->   Operation 206 'sext' 'sext_ln70_338' <Predicate = true> <Delay = 0.00>
ST_1 : Operation 207 [1/1] (0.00ns)   --->   "%sext_ln70_339 = sext i16 %data_21_val_read" [firmware/nnet_utils/nnet_mult.h:70->firmware/nnet_utils/nnet_dense_latency.h:42]   --->   Operation 207 'sext' 'sext_ln70_339' <Predicate = true> <Delay = 0.00>
ST_1 : Operation 208 [2/2] (3.34ns)   --->   "%mul_ln73_1589 = mul i25 %sext_ln70_339, i25 33554199" [firmware/nnet_utils/nnet_mult.h:73->firmware/nnet_utils/nnet_dense_latency.h:42]   --->   Operation 208 'mul' 'mul_ln73_1589' <Predicate = true> <Delay = 3.34> <CoreInst = "Multiplier">   --->   Core 3 'Multiplier' <Latency = 1> <II = 1> <Delay = 3.34> <FuncUnit> <Opcode : 'mul'> <InPorts = 2> <OutPorts = 1>
ST_1 : Operation 209 [1/1] (0.00ns)   --->   "%trunc_ln42_104 = partselect i6 @_ssdm_op_PartSelect.i6.i16.i32.i32, i16 %data_21_val_read, i32 10, i32 15" [firmware/nnet_utils/nnet_dense_latency.h:42]   --->   Operation 209 'partselect' 'trunc_ln42_104' <Predicate = true> <Delay = 0.00>
ST_1 : Operation 210 [2/2] (3.34ns)   --->   "%mul_ln73_1590 = mul i24 %sext_ln70_338, i24 100" [firmware/nnet_utils/nnet_mult.h:73->firmware/nnet_utils/nnet_dense_latency.h:42]   --->   Operation 210 'mul' 'mul_ln73_1590' <Predicate = true> <Delay = 3.34> <CoreInst = "Multiplier">   --->   Core 3 'Multiplier' <Latency = 1> <II = 1> <Delay = 3.34> <FuncUnit> <Opcode : 'mul'> <InPorts = 2> <OutPorts = 1>
ST_1 : Operation 211 [2/2] (3.34ns)   --->   "%mul_ln73_1591 = mul i23 %sext_ln70_337, i23 8388558" [firmware/nnet_utils/nnet_mult.h:73->firmware/nnet_utils/nnet_dense_latency.h:42]   --->   Operation 211 'mul' 'mul_ln73_1591' <Predicate = true> <Delay = 3.34> <CoreInst = "Multiplier">   --->   Core 3 'Multiplier' <Latency = 1> <II = 1> <Delay = 3.34> <FuncUnit> <Opcode : 'mul'> <InPorts = 2> <OutPorts = 1>
ST_1 : Operation 212 [1/1] (0.00ns)   --->   "%tmp_442 = bitconcatenate i19 @_ssdm_op_BitConcatenate.i19.i16.i3, i16 %data_21_val_read, i3 0" [firmware/nnet_utils/nnet_mult.h:73->firmware/nnet_utils/nnet_dense_latency.h:42]   --->   Operation 212 'bitconcatenate' 'tmp_442' <Predicate = true> <Delay = 0.00>
ST_1 : Operation 213 [1/1] (0.00ns)   --->   "%sext_ln73_641 = sext i19 %tmp_442" [firmware/nnet_utils/nnet_mult.h:73->firmware/nnet_utils/nnet_dense_latency.h:42]   --->   Operation 213 'sext' 'sext_ln73_641' <Predicate = true> <Delay = 0.00>
ST_1 : Operation 214 [1/1] (2.16ns)   --->   "%sub_ln73_448 = sub i21 0, i21 %sext_ln73_641" [firmware/nnet_utils/nnet_mult.h:73->firmware/nnet_utils/nnet_dense_latency.h:42]   --->   Operation 214 'sub' 'sub_ln73_448' <Predicate = true> <Delay = 2.16> <CoreInst = "Adder">   --->   Core 1 'Adder' <Latency = 0> <II = 1> <Delay = 2.16> <FuncUnit> <Opcode : 'add' 'sub'> <InPorts = 2> <OutPorts = 1>
ST_1 : Operation 215 [1/1] (0.00ns)   --->   "%sext_ln70_341 = sext i16 %data_22_val_read" [firmware/nnet_utils/nnet_mult.h:70->firmware/nnet_utils/nnet_dense_latency.h:42]   --->   Operation 215 'sext' 'sext_ln70_341' <Predicate = true> <Delay = 0.00>
ST_1 : Operation 216 [1/1] (0.00ns)   --->   "%sext_ln70_342 = sext i16 %data_22_val_read" [firmware/nnet_utils/nnet_mult.h:70->firmware/nnet_utils/nnet_dense_latency.h:42]   --->   Operation 216 'sext' 'sext_ln70_342' <Predicate = true> <Delay = 0.00>
ST_1 : Operation 217 [1/1] (0.00ns)   --->   "%sext_ln70_343 = sext i16 %data_22_val_read" [firmware/nnet_utils/nnet_mult.h:70->firmware/nnet_utils/nnet_dense_latency.h:42]   --->   Operation 217 'sext' 'sext_ln70_343' <Predicate = true> <Delay = 0.00>
ST_1 : Operation 218 [2/2] (3.34ns)   --->   "%mul_ln73_1592 = mul i23 %sext_ln70_343, i23 37" [firmware/nnet_utils/nnet_mult.h:73->firmware/nnet_utils/nnet_dense_latency.h:42]   --->   Operation 218 'mul' 'mul_ln73_1592' <Predicate = true> <Delay = 3.34> <CoreInst = "Multiplier">   --->   Core 3 'Multiplier' <Latency = 1> <II = 1> <Delay = 3.34> <FuncUnit> <Opcode : 'mul'> <InPorts = 2> <OutPorts = 1>
ST_1 : Operation 219 [2/2] (3.34ns)   --->   "%mul_ln73_1593 = mul i26 %sext_ln70_342, i26 67108507" [firmware/nnet_utils/nnet_mult.h:73->firmware/nnet_utils/nnet_dense_latency.h:42]   --->   Operation 219 'mul' 'mul_ln73_1593' <Predicate = true> <Delay = 3.34> <CoreInst = "Multiplier">   --->   Core 3 'Multiplier' <Latency = 1> <II = 1> <Delay = 3.34> <FuncUnit> <Opcode : 'mul'> <InPorts = 2> <OutPorts = 1>
ST_1 : Operation 220 [2/2] (3.34ns)   --->   "%mul_ln73_1594 = mul i24 %sext_ln70_341, i24 16777115" [firmware/nnet_utils/nnet_mult.h:73->firmware/nnet_utils/nnet_dense_latency.h:42]   --->   Operation 220 'mul' 'mul_ln73_1594' <Predicate = true> <Delay = 3.34> <CoreInst = "Multiplier">   --->   Core 3 'Multiplier' <Latency = 1> <II = 1> <Delay = 3.34> <FuncUnit> <Opcode : 'mul'> <InPorts = 2> <OutPorts = 1>
ST_1 : Operation 221 [2/2] (3.34ns)   --->   "%mul_ln73_1595 = mul i26 %sext_ln70_342, i26 67108455" [firmware/nnet_utils/nnet_mult.h:73->firmware/nnet_utils/nnet_dense_latency.h:42]   --->   Operation 221 'mul' 'mul_ln73_1595' <Predicate = true> <Delay = 3.34> <CoreInst = "Multiplier">   --->   Core 3 'Multiplier' <Latency = 1> <II = 1> <Delay = 3.34> <FuncUnit> <Opcode : 'mul'> <InPorts = 2> <OutPorts = 1>
ST_1 : Operation 222 [2/2] (3.34ns)   --->   "%mul_ln73_1596 = mul i26 %sext_ln70_342, i26 67108460" [firmware/nnet_utils/nnet_mult.h:73->firmware/nnet_utils/nnet_dense_latency.h:42]   --->   Operation 222 'mul' 'mul_ln73_1596' <Predicate = true> <Delay = 3.34> <CoreInst = "Multiplier">   --->   Core 3 'Multiplier' <Latency = 1> <II = 1> <Delay = 3.34> <FuncUnit> <Opcode : 'mul'> <InPorts = 2> <OutPorts = 1>
ST_1 : Operation 223 [1/1] (0.00ns)   --->   "%sext_ln70_344 = sext i16 %data_23_val_read" [firmware/nnet_utils/nnet_mult.h:70->firmware/nnet_utils/nnet_dense_latency.h:42]   --->   Operation 223 'sext' 'sext_ln70_344' <Predicate = true> <Delay = 0.00>
ST_1 : Operation 224 [1/1] (0.00ns)   --->   "%sext_ln70_345 = sext i16 %data_23_val_read" [firmware/nnet_utils/nnet_mult.h:70->firmware/nnet_utils/nnet_dense_latency.h:42]   --->   Operation 224 'sext' 'sext_ln70_345' <Predicate = true> <Delay = 0.00>
ST_1 : Operation 225 [2/2] (3.34ns)   --->   "%mul_ln73_1597 = mul i26 %sext_ln70_345, i26 67108468" [firmware/nnet_utils/nnet_mult.h:73->firmware/nnet_utils/nnet_dense_latency.h:42]   --->   Operation 225 'mul' 'mul_ln73_1597' <Predicate = true> <Delay = 3.34> <CoreInst = "Multiplier">   --->   Core 3 'Multiplier' <Latency = 1> <II = 1> <Delay = 3.34> <FuncUnit> <Opcode : 'mul'> <InPorts = 2> <OutPorts = 1>
ST_1 : Operation 226 [2/2] (3.34ns)   --->   "%mul_ln73_1598 = mul i24 %sext_ln70_344, i24 16777107" [firmware/nnet_utils/nnet_mult.h:73->firmware/nnet_utils/nnet_dense_latency.h:42]   --->   Operation 226 'mul' 'mul_ln73_1598' <Predicate = true> <Delay = 3.34> <CoreInst = "Multiplier">   --->   Core 3 'Multiplier' <Latency = 1> <II = 1> <Delay = 3.34> <FuncUnit> <Opcode : 'mul'> <InPorts = 2> <OutPorts = 1>
ST_1 : Operation 227 [2/2] (3.34ns)   --->   "%mul_ln73_1599 = mul i24 %sext_ln70_344, i24 16777124" [firmware/nnet_utils/nnet_mult.h:73->firmware/nnet_utils/nnet_dense_latency.h:42]   --->   Operation 227 'mul' 'mul_ln73_1599' <Predicate = true> <Delay = 3.34> <CoreInst = "Multiplier">   --->   Core 3 'Multiplier' <Latency = 1> <II = 1> <Delay = 3.34> <FuncUnit> <Opcode : 'mul'> <InPorts = 2> <OutPorts = 1>
ST_1 : Operation 228 [1/1] (0.00ns)   --->   "%tmp_446 = bitconcatenate i22 @_ssdm_op_BitConcatenate.i22.i16.i6, i16 %data_23_val_read, i6 0" [firmware/nnet_utils/nnet_mult.h:73->firmware/nnet_utils/nnet_dense_latency.h:42]   --->   Operation 228 'bitconcatenate' 'tmp_446' <Predicate = true> <Delay = 0.00>
ST_1 : Operation 229 [1/1] (0.00ns)   --->   "%sext_ln73_645 = sext i22 %tmp_446" [firmware/nnet_utils/nnet_mult.h:73->firmware/nnet_utils/nnet_dense_latency.h:42]   --->   Operation 229 'sext' 'sext_ln73_645' <Predicate = true> <Delay = 0.00>
ST_1 : Operation 230 [1/1] (2.25ns)   --->   "%sub_ln73_451 = sub i24 0, i24 %sext_ln73_645" [firmware/nnet_utils/nnet_mult.h:73->firmware/nnet_utils/nnet_dense_latency.h:42]   --->   Operation 230 'sub' 'sub_ln73_451' <Predicate = true> <Delay = 2.25> <CoreInst = "Adder">   --->   Core 1 'Adder' <Latency = 0> <II = 1> <Delay = 2.25> <FuncUnit> <Opcode : 'add' 'sub'> <InPorts = 2> <OutPorts = 1>
ST_1 : Operation 231 [1/1] (0.00ns)   --->   "%sext_ln70_347 = sext i16 %data_24_val_read" [firmware/nnet_utils/nnet_mult.h:70->firmware/nnet_utils/nnet_dense_latency.h:42]   --->   Operation 231 'sext' 'sext_ln70_347' <Predicate = true> <Delay = 0.00>
ST_1 : Operation 232 [1/1] (0.00ns)   --->   "%sext_ln70_348 = sext i16 %data_24_val_read" [firmware/nnet_utils/nnet_mult.h:70->firmware/nnet_utils/nnet_dense_latency.h:42]   --->   Operation 232 'sext' 'sext_ln70_348' <Predicate = true> <Delay = 0.00>
ST_1 : Operation 233 [2/2] (3.34ns)   --->   "%mul_ln73_1600 = mul i25 %sext_ln70_348, i25 33554275" [firmware/nnet_utils/nnet_mult.h:73->firmware/nnet_utils/nnet_dense_latency.h:42]   --->   Operation 233 'mul' 'mul_ln73_1600' <Predicate = true> <Delay = 3.34> <CoreInst = "Multiplier">   --->   Core 3 'Multiplier' <Latency = 1> <II = 1> <Delay = 3.34> <FuncUnit> <Opcode : 'mul'> <InPorts = 2> <OutPorts = 1>
ST_1 : Operation 234 [2/2] (3.34ns)   --->   "%mul_ln73_1601 = mul i25 %sext_ln70_348, i25 33554186" [firmware/nnet_utils/nnet_mult.h:73->firmware/nnet_utils/nnet_dense_latency.h:42]   --->   Operation 234 'mul' 'mul_ln73_1601' <Predicate = true> <Delay = 3.34> <CoreInst = "Multiplier">   --->   Core 3 'Multiplier' <Latency = 1> <II = 1> <Delay = 3.34> <FuncUnit> <Opcode : 'mul'> <InPorts = 2> <OutPorts = 1>
ST_1 : Operation 235 [2/2] (3.34ns)   --->   "%mul_ln73_1602 = mul i25 %sext_ln70_348, i25 182" [firmware/nnet_utils/nnet_mult.h:73->firmware/nnet_utils/nnet_dense_latency.h:42]   --->   Operation 235 'mul' 'mul_ln73_1602' <Predicate = true> <Delay = 3.34> <CoreInst = "Multiplier">   --->   Core 3 'Multiplier' <Latency = 1> <II = 1> <Delay = 3.34> <FuncUnit> <Opcode : 'mul'> <InPorts = 2> <OutPorts = 1>
ST_1 : Operation 236 [2/2] (3.34ns)   --->   "%mul_ln73_1603 = mul i26 %sext_ln70_347, i26 67108596" [firmware/nnet_utils/nnet_mult.h:73->firmware/nnet_utils/nnet_dense_latency.h:42]   --->   Operation 236 'mul' 'mul_ln73_1603' <Predicate = true> <Delay = 3.34> <CoreInst = "Multiplier">   --->   Core 3 'Multiplier' <Latency = 1> <II = 1> <Delay = 3.34> <FuncUnit> <Opcode : 'mul'> <InPorts = 2> <OutPorts = 1>
ST_1 : Operation 237 [2/2] (3.34ns)   --->   "%mul_ln73_1604 = mul i25 %sext_ln70_348, i25 203" [firmware/nnet_utils/nnet_mult.h:73->firmware/nnet_utils/nnet_dense_latency.h:42]   --->   Operation 237 'mul' 'mul_ln73_1604' <Predicate = true> <Delay = 3.34> <CoreInst = "Multiplier">   --->   Core 3 'Multiplier' <Latency = 1> <II = 1> <Delay = 3.34> <FuncUnit> <Opcode : 'mul'> <InPorts = 2> <OutPorts = 1>
ST_1 : Operation 238 [1/1] (0.00ns)   --->   "%sext_ln70_349 = sext i16 %data_25_val_read" [firmware/nnet_utils/nnet_mult.h:70->firmware/nnet_utils/nnet_dense_latency.h:42]   --->   Operation 238 'sext' 'sext_ln70_349' <Predicate = true> <Delay = 0.00>
ST_1 : Operation 239 [1/1] (0.00ns)   --->   "%sext_ln70_350 = sext i16 %data_25_val_read" [firmware/nnet_utils/nnet_mult.h:70->firmware/nnet_utils/nnet_dense_latency.h:42]   --->   Operation 239 'sext' 'sext_ln70_350' <Predicate = true> <Delay = 0.00>
ST_1 : Operation 240 [1/1] (0.00ns)   --->   "%sext_ln70_351 = sext i16 %data_25_val_read" [firmware/nnet_utils/nnet_mult.h:70->firmware/nnet_utils/nnet_dense_latency.h:42]   --->   Operation 240 'sext' 'sext_ln70_351' <Predicate = true> <Delay = 0.00>
ST_1 : Operation 241 [1/1] (0.00ns)   --->   "%sext_ln70_352 = sext i16 %data_25_val_read" [firmware/nnet_utils/nnet_mult.h:70->firmware/nnet_utils/nnet_dense_latency.h:42]   --->   Operation 241 'sext' 'sext_ln70_352' <Predicate = true> <Delay = 0.00>
ST_1 : Operation 242 [1/1] (0.00ns)   --->   "%tmp_448 = bitconcatenate i24 @_ssdm_op_BitConcatenate.i24.i16.i8, i16 %data_25_val_read, i8 0" [firmware/nnet_utils/nnet_mult.h:73->firmware/nnet_utils/nnet_dense_latency.h:42]   --->   Operation 242 'bitconcatenate' 'tmp_448' <Predicate = true> <Delay = 0.00>
ST_1 : Operation 243 [1/1] (0.00ns)   --->   "%sext_ln73_647 = sext i24 %tmp_448" [firmware/nnet_utils/nnet_mult.h:73->firmware/nnet_utils/nnet_dense_latency.h:42]   --->   Operation 243 'sext' 'sext_ln73_647' <Predicate = true> <Delay = 0.00>
ST_1 : Operation 244 [1/1] (0.00ns)   --->   "%tmp_449 = bitconcatenate i21 @_ssdm_op_BitConcatenate.i21.i16.i5, i16 %data_25_val_read, i5 0" [firmware/nnet_utils/nnet_mult.h:73->firmware/nnet_utils/nnet_dense_latency.h:42]   --->   Operation 244 'bitconcatenate' 'tmp_449' <Predicate = true> <Delay = 0.00>
ST_1 : Operation 245 [1/1] (0.00ns)   --->   "%sext_ln73_648 = sext i21 %tmp_449" [firmware/nnet_utils/nnet_mult.h:73->firmware/nnet_utils/nnet_dense_latency.h:42]   --->   Operation 245 'sext' 'sext_ln73_648' <Predicate = true> <Delay = 0.00>
ST_1 : Operation 246 [1/1] (2.31ns)   --->   "%sub_ln73_453 = sub i25 %sext_ln73_648, i25 %sext_ln73_647" [firmware/nnet_utils/nnet_mult.h:73->firmware/nnet_utils/nnet_dense_latency.h:42]   --->   Operation 246 'sub' 'sub_ln73_453' <Predicate = true> <Delay = 2.31> <CoreInst = "Adder">   --->   Core 1 'Adder' <Latency = 0> <II = 1> <Delay = 2.31> <FuncUnit> <Opcode : 'add' 'sub'> <InPorts = 2> <OutPorts = 1>
ST_1 : Operation 247 [1/1] (0.00ns)   --->   "%trunc_ln42_123 = partselect i15 @_ssdm_op_PartSelect.i15.i25.i32.i32, i25 %sub_ln73_453, i32 10, i32 24" [firmware/nnet_utils/nnet_dense_latency.h:42]   --->   Operation 247 'partselect' 'trunc_ln42_123' <Predicate = true> <Delay = 0.00>
ST_1 : Operation 248 [2/2] (3.34ns)   --->   "%mul_ln73_1605 = mul i23 %sext_ln70_351, i23 37" [firmware/nnet_utils/nnet_mult.h:73->firmware/nnet_utils/nnet_dense_latency.h:42]   --->   Operation 248 'mul' 'mul_ln73_1605' <Predicate = true> <Delay = 3.34> <CoreInst = "Multiplier">   --->   Core 3 'Multiplier' <Latency = 1> <II = 1> <Delay = 3.34> <FuncUnit> <Opcode : 'mul'> <InPorts = 2> <OutPorts = 1>
ST_1 : Operation 249 [2/2] (3.34ns)   --->   "%mul_ln73_1606 = mul i25 %sext_ln70_352, i25 131" [firmware/nnet_utils/nnet_mult.h:73->firmware/nnet_utils/nnet_dense_latency.h:42]   --->   Operation 249 'mul' 'mul_ln73_1606' <Predicate = true> <Delay = 3.34> <CoreInst = "Multiplier">   --->   Core 3 'Multiplier' <Latency = 1> <II = 1> <Delay = 3.34> <FuncUnit> <Opcode : 'mul'> <InPorts = 2> <OutPorts = 1>
ST_1 : Operation 250 [2/2] (3.34ns)   --->   "%mul_ln73_1607 = mul i26 %sext_ln70_350, i26 354" [firmware/nnet_utils/nnet_mult.h:73->firmware/nnet_utils/nnet_dense_latency.h:42]   --->   Operation 250 'mul' 'mul_ln73_1607' <Predicate = true> <Delay = 3.34> <CoreInst = "Multiplier">   --->   Core 3 'Multiplier' <Latency = 1> <II = 1> <Delay = 3.34> <FuncUnit> <Opcode : 'mul'> <InPorts = 2> <OutPorts = 1>
ST_1 : Operation 251 [2/2] (3.34ns)   --->   "%mul_ln73_1608 = mul i22 %sext_ln70_349, i22 19" [firmware/nnet_utils/nnet_mult.h:73->firmware/nnet_utils/nnet_dense_latency.h:42]   --->   Operation 251 'mul' 'mul_ln73_1608' <Predicate = true> <Delay = 3.34> <CoreInst = "Multiplier">   --->   Core 3 'Multiplier' <Latency = 1> <II = 1> <Delay = 3.34> <FuncUnit> <Opcode : 'mul'> <InPorts = 2> <OutPorts = 1>
ST_1 : Operation 252 [1/1] (0.00ns)   --->   "%sext_ln70_354 = sext i16 %data_26_val_read" [firmware/nnet_utils/nnet_mult.h:70->firmware/nnet_utils/nnet_dense_latency.h:42]   --->   Operation 252 'sext' 'sext_ln70_354' <Predicate = true> <Delay = 0.00>
ST_1 : Operation 253 [1/1] (0.00ns)   --->   "%sext_ln70_355 = sext i16 %data_26_val_read" [firmware/nnet_utils/nnet_mult.h:70->firmware/nnet_utils/nnet_dense_latency.h:42]   --->   Operation 253 'sext' 'sext_ln70_355' <Predicate = true> <Delay = 0.00>
ST_1 : Operation 254 [1/1] (0.00ns)   --->   "%sext_ln70_356 = sext i16 %data_26_val_read" [firmware/nnet_utils/nnet_mult.h:70->firmware/nnet_utils/nnet_dense_latency.h:42]   --->   Operation 254 'sext' 'sext_ln70_356' <Predicate = true> <Delay = 0.00>
ST_1 : Operation 255 [1/1] (0.00ns)   --->   "%sext_ln70_357 = sext i16 %data_26_val_read" [firmware/nnet_utils/nnet_mult.h:70->firmware/nnet_utils/nnet_dense_latency.h:42]   --->   Operation 255 'sext' 'sext_ln70_357' <Predicate = true> <Delay = 0.00>
ST_1 : Operation 256 [2/2] (3.34ns)   --->   "%mul_ln73_1609 = mul i22 %sext_ln70_357, i22 4194279" [firmware/nnet_utils/nnet_mult.h:73->firmware/nnet_utils/nnet_dense_latency.h:42]   --->   Operation 256 'mul' 'mul_ln73_1609' <Predicate = true> <Delay = 3.34> <CoreInst = "Multiplier">   --->   Core 3 'Multiplier' <Latency = 1> <II = 1> <Delay = 3.34> <FuncUnit> <Opcode : 'mul'> <InPorts = 2> <OutPorts = 1>
ST_1 : Operation 257 [2/2] (3.34ns)   --->   "%mul_ln73_1610 = mul i26 %sext_ln70_356, i26 307" [firmware/nnet_utils/nnet_mult.h:73->firmware/nnet_utils/nnet_dense_latency.h:42]   --->   Operation 257 'mul' 'mul_ln73_1610' <Predicate = true> <Delay = 3.34> <CoreInst = "Multiplier">   --->   Core 3 'Multiplier' <Latency = 1> <II = 1> <Delay = 3.34> <FuncUnit> <Opcode : 'mul'> <InPorts = 2> <OutPorts = 1>
ST_1 : Operation 258 [2/2] (3.34ns)   --->   "%mul_ln73_1611 = mul i26 %sext_ln70_356, i26 67108521" [firmware/nnet_utils/nnet_mult.h:73->firmware/nnet_utils/nnet_dense_latency.h:42]   --->   Operation 258 'mul' 'mul_ln73_1611' <Predicate = true> <Delay = 3.34> <CoreInst = "Multiplier">   --->   Core 3 'Multiplier' <Latency = 1> <II = 1> <Delay = 3.34> <FuncUnit> <Opcode : 'mul'> <InPorts = 2> <OutPorts = 1>
ST_1 : Operation 259 [2/2] (3.34ns)   --->   "%mul_ln73_1612 = mul i24 %sext_ln70_355, i24 105" [firmware/nnet_utils/nnet_mult.h:73->firmware/nnet_utils/nnet_dense_latency.h:42]   --->   Operation 259 'mul' 'mul_ln73_1612' <Predicate = true> <Delay = 3.34> <CoreInst = "Multiplier">   --->   Core 3 'Multiplier' <Latency = 1> <II = 1> <Delay = 3.34> <FuncUnit> <Opcode : 'mul'> <InPorts = 2> <OutPorts = 1>
ST_1 : Operation 260 [2/2] (3.34ns)   --->   "%mul_ln73_1613 = mul i23 %sext_ln70_354, i23 58" [firmware/nnet_utils/nnet_mult.h:73->firmware/nnet_utils/nnet_dense_latency.h:42]   --->   Operation 260 'mul' 'mul_ln73_1613' <Predicate = true> <Delay = 3.34> <CoreInst = "Multiplier">   --->   Core 3 'Multiplier' <Latency = 1> <II = 1> <Delay = 3.34> <FuncUnit> <Opcode : 'mul'> <InPorts = 2> <OutPorts = 1>
ST_1 : Operation 261 [1/1] (0.00ns)   --->   "%sext_ln70_359 = sext i16 %data_27_val_read" [firmware/nnet_utils/nnet_mult.h:70->firmware/nnet_utils/nnet_dense_latency.h:42]   --->   Operation 261 'sext' 'sext_ln70_359' <Predicate = true> <Delay = 0.00>
ST_1 : Operation 262 [1/1] (0.00ns)   --->   "%sext_ln70_360 = sext i16 %data_27_val_read" [firmware/nnet_utils/nnet_mult.h:70->firmware/nnet_utils/nnet_dense_latency.h:42]   --->   Operation 262 'sext' 'sext_ln70_360' <Predicate = true> <Delay = 0.00>
ST_1 : Operation 263 [1/1] (0.00ns)   --->   "%sext_ln70_361 = sext i16 %data_27_val_read" [firmware/nnet_utils/nnet_mult.h:70->firmware/nnet_utils/nnet_dense_latency.h:42]   --->   Operation 263 'sext' 'sext_ln70_361' <Predicate = true> <Delay = 0.00>
ST_1 : Operation 264 [2/2] (3.34ns)   --->   "%mul_ln73_1614 = mul i26 %sext_ln70_361, i26 380" [firmware/nnet_utils/nnet_mult.h:73->firmware/nnet_utils/nnet_dense_latency.h:42]   --->   Operation 264 'mul' 'mul_ln73_1614' <Predicate = true> <Delay = 3.34> <CoreInst = "Multiplier">   --->   Core 3 'Multiplier' <Latency = 1> <II = 1> <Delay = 3.34> <FuncUnit> <Opcode : 'mul'> <InPorts = 2> <OutPorts = 1>
ST_1 : Operation 265 [2/2] (3.34ns)   --->   "%mul_ln73_1615 = mul i26 %sext_ln70_361, i26 286" [firmware/nnet_utils/nnet_mult.h:73->firmware/nnet_utils/nnet_dense_latency.h:42]   --->   Operation 265 'mul' 'mul_ln73_1615' <Predicate = true> <Delay = 3.34> <CoreInst = "Multiplier">   --->   Core 3 'Multiplier' <Latency = 1> <II = 1> <Delay = 3.34> <FuncUnit> <Opcode : 'mul'> <InPorts = 2> <OutPorts = 1>
ST_1 : Operation 266 [2/2] (3.34ns)   --->   "%mul_ln73_1616 = mul i25 %sext_ln70_360, i25 187" [firmware/nnet_utils/nnet_mult.h:73->firmware/nnet_utils/nnet_dense_latency.h:42]   --->   Operation 266 'mul' 'mul_ln73_1616' <Predicate = true> <Delay = 3.34> <CoreInst = "Multiplier">   --->   Core 3 'Multiplier' <Latency = 1> <II = 1> <Delay = 3.34> <FuncUnit> <Opcode : 'mul'> <InPorts = 2> <OutPorts = 1>
ST_1 : Operation 267 [1/1] (0.00ns)   --->   "%tmp_450 = bitconcatenate i21 @_ssdm_op_BitConcatenate.i21.i16.i5, i16 %data_27_val_read, i5 0" [firmware/nnet_utils/nnet_mult.h:73->firmware/nnet_utils/nnet_dense_latency.h:42]   --->   Operation 267 'bitconcatenate' 'tmp_450' <Predicate = true> <Delay = 0.00>
ST_1 : Operation 268 [1/1] (0.00ns)   --->   "%sext_ln73_649 = sext i21 %tmp_450" [firmware/nnet_utils/nnet_mult.h:73->firmware/nnet_utils/nnet_dense_latency.h:42]   --->   Operation 268 'sext' 'sext_ln73_649' <Predicate = true> <Delay = 0.00>
ST_1 : Operation 269 [1/1] (0.00ns)   --->   "%tmp_451 = bitconcatenate i18 @_ssdm_op_BitConcatenate.i18.i16.i2, i16 %data_27_val_read, i2 0" [firmware/nnet_utils/nnet_mult.h:73->firmware/nnet_utils/nnet_dense_latency.h:42]   --->   Operation 269 'bitconcatenate' 'tmp_451' <Predicate = true> <Delay = 0.00>
ST_1 : Operation 270 [1/1] (0.00ns)   --->   "%sext_ln73_650 = sext i18 %tmp_451" [firmware/nnet_utils/nnet_mult.h:73->firmware/nnet_utils/nnet_dense_latency.h:42]   --->   Operation 270 'sext' 'sext_ln73_650' <Predicate = true> <Delay = 0.00>
ST_1 : Operation 271 [1/1] (2.22ns)   --->   "%sub_ln73_454 = sub i22 %sext_ln73_650, i22 %sext_ln73_649" [firmware/nnet_utils/nnet_mult.h:73->firmware/nnet_utils/nnet_dense_latency.h:42]   --->   Operation 271 'sub' 'sub_ln73_454' <Predicate = true> <Delay = 2.22> <CoreInst = "Adder">   --->   Core 1 'Adder' <Latency = 0> <II = 1> <Delay = 2.22> <FuncUnit> <Opcode : 'add' 'sub'> <InPorts = 2> <OutPorts = 1>
ST_1 : Operation 272 [1/1] (0.00ns)   --->   "%trunc_ln42_136 = partselect i12 @_ssdm_op_PartSelect.i12.i22.i32.i32, i22 %sub_ln73_454, i32 10, i32 21" [firmware/nnet_utils/nnet_dense_latency.h:42]   --->   Operation 272 'partselect' 'trunc_ln42_136' <Predicate = true> <Delay = 0.00>
ST_1 : Operation 273 [2/2] (3.34ns)   --->   "%mul_ln73_1617 = mul i24 %sext_ln70_359, i24 16777115" [firmware/nnet_utils/nnet_mult.h:73->firmware/nnet_utils/nnet_dense_latency.h:42]   --->   Operation 273 'mul' 'mul_ln73_1617' <Predicate = true> <Delay = 3.34> <CoreInst = "Multiplier">   --->   Core 3 'Multiplier' <Latency = 1> <II = 1> <Delay = 3.34> <FuncUnit> <Opcode : 'mul'> <InPorts = 2> <OutPorts = 1>
ST_1 : Operation 274 [1/1] (0.00ns)   --->   "%sext_ln70_363 = sext i16 %data_28_val_read" [firmware/nnet_utils/nnet_mult.h:70->firmware/nnet_utils/nnet_dense_latency.h:42]   --->   Operation 274 'sext' 'sext_ln70_363' <Predicate = true> <Delay = 0.00>
ST_1 : Operation 275 [1/1] (0.00ns)   --->   "%sext_ln70_364 = sext i16 %data_28_val_read" [firmware/nnet_utils/nnet_mult.h:70->firmware/nnet_utils/nnet_dense_latency.h:42]   --->   Operation 275 'sext' 'sext_ln70_364' <Predicate = true> <Delay = 0.00>
ST_1 : Operation 276 [2/2] (3.34ns)   --->   "%mul_ln73_1618 = mul i25 %sext_ln70_364, i25 33554183" [firmware/nnet_utils/nnet_mult.h:73->firmware/nnet_utils/nnet_dense_latency.h:42]   --->   Operation 276 'mul' 'mul_ln73_1618' <Predicate = true> <Delay = 3.34> <CoreInst = "Multiplier">   --->   Core 3 'Multiplier' <Latency = 1> <II = 1> <Delay = 3.34> <FuncUnit> <Opcode : 'mul'> <InPorts = 2> <OutPorts = 1>
ST_1 : Operation 277 [2/2] (3.34ns)   --->   "%mul_ln73_1619 = mul i25 %sext_ln70_364, i25 33554289" [firmware/nnet_utils/nnet_mult.h:73->firmware/nnet_utils/nnet_dense_latency.h:42]   --->   Operation 277 'mul' 'mul_ln73_1619' <Predicate = true> <Delay = 3.34> <CoreInst = "Multiplier">   --->   Core 3 'Multiplier' <Latency = 1> <II = 1> <Delay = 3.34> <FuncUnit> <Opcode : 'mul'> <InPorts = 2> <OutPorts = 1>
ST_1 : Operation 278 [2/2] (3.34ns)   --->   "%mul_ln73_1620 = mul i26 %sext_ln70_363, i26 314" [firmware/nnet_utils/nnet_mult.h:73->firmware/nnet_utils/nnet_dense_latency.h:42]   --->   Operation 278 'mul' 'mul_ln73_1620' <Predicate = true> <Delay = 3.34> <CoreInst = "Multiplier">   --->   Core 3 'Multiplier' <Latency = 1> <II = 1> <Delay = 3.34> <FuncUnit> <Opcode : 'mul'> <InPorts = 2> <OutPorts = 1>
ST_1 : Operation 279 [2/2] (3.34ns)   --->   "%mul_ln73_1621 = mul i26 %sext_ln70_363, i26 387" [firmware/nnet_utils/nnet_mult.h:73->firmware/nnet_utils/nnet_dense_latency.h:42]   --->   Operation 279 'mul' 'mul_ln73_1621' <Predicate = true> <Delay = 3.34> <CoreInst = "Multiplier">   --->   Core 3 'Multiplier' <Latency = 1> <II = 1> <Delay = 3.34> <FuncUnit> <Opcode : 'mul'> <InPorts = 2> <OutPorts = 1>
ST_1 : Operation 280 [1/1] (0.00ns)   --->   "%sext_ln70_365 = sext i16 %data_29_val_read" [firmware/nnet_utils/nnet_mult.h:70->firmware/nnet_utils/nnet_dense_latency.h:42]   --->   Operation 280 'sext' 'sext_ln70_365' <Predicate = true> <Delay = 0.00>
ST_1 : Operation 281 [1/1] (0.00ns)   --->   "%sext_ln70_366 = sext i16 %data_29_val_read" [firmware/nnet_utils/nnet_mult.h:70->firmware/nnet_utils/nnet_dense_latency.h:42]   --->   Operation 281 'sext' 'sext_ln70_366' <Predicate = true> <Delay = 0.00>
ST_1 : Operation 282 [2/2] (3.34ns)   --->   "%mul_ln73_1622 = mul i25 %sext_ln70_366, i25 153" [firmware/nnet_utils/nnet_mult.h:73->firmware/nnet_utils/nnet_dense_latency.h:42]   --->   Operation 282 'mul' 'mul_ln73_1622' <Predicate = true> <Delay = 3.34> <CoreInst = "Multiplier">   --->   Core 3 'Multiplier' <Latency = 1> <II = 1> <Delay = 3.34> <FuncUnit> <Opcode : 'mul'> <InPorts = 2> <OutPorts = 1>
ST_1 : Operation 283 [2/2] (3.34ns)   --->   "%mul_ln73_1623 = mul i25 %sext_ln70_366, i25 33554256" [firmware/nnet_utils/nnet_mult.h:73->firmware/nnet_utils/nnet_dense_latency.h:42]   --->   Operation 283 'mul' 'mul_ln73_1623' <Predicate = true> <Delay = 3.34> <CoreInst = "Multiplier">   --->   Core 3 'Multiplier' <Latency = 1> <II = 1> <Delay = 3.34> <FuncUnit> <Opcode : 'mul'> <InPorts = 2> <OutPorts = 1>
ST_1 : Operation 284 [2/2] (3.34ns)   --->   "%mul_ln73_1624 = mul i24 %sext_ln70_365, i24 122" [firmware/nnet_utils/nnet_mult.h:73->firmware/nnet_utils/nnet_dense_latency.h:42]   --->   Operation 284 'mul' 'mul_ln73_1624' <Predicate = true> <Delay = 3.34> <CoreInst = "Multiplier">   --->   Core 3 'Multiplier' <Latency = 1> <II = 1> <Delay = 3.34> <FuncUnit> <Opcode : 'mul'> <InPorts = 2> <OutPorts = 1>
ST_1 : Operation 285 [2/2] (3.34ns)   --->   "%mul_ln73_1625 = mul i25 %sext_ln70_366, i25 33554232" [firmware/nnet_utils/nnet_mult.h:73->firmware/nnet_utils/nnet_dense_latency.h:42]   --->   Operation 285 'mul' 'mul_ln73_1625' <Predicate = true> <Delay = 3.34> <CoreInst = "Multiplier">   --->   Core 3 'Multiplier' <Latency = 1> <II = 1> <Delay = 3.34> <FuncUnit> <Opcode : 'mul'> <InPorts = 2> <OutPorts = 1>
ST_1 : Operation 286 [1/1] (0.00ns)   --->   "%sext_ln70_367 = sext i16 %data_30_val_read" [firmware/nnet_utils/nnet_mult.h:70->firmware/nnet_utils/nnet_dense_latency.h:42]   --->   Operation 286 'sext' 'sext_ln70_367' <Predicate = true> <Delay = 0.00>
ST_1 : Operation 287 [1/1] (0.00ns)   --->   "%sext_ln70_369 = sext i16 %data_30_val_read" [firmware/nnet_utils/nnet_mult.h:70->firmware/nnet_utils/nnet_dense_latency.h:42]   --->   Operation 287 'sext' 'sext_ln70_369' <Predicate = true> <Delay = 0.00>
ST_1 : Operation 288 [2/2] (3.34ns)   --->   "%mul_ln73_1626 = mul i25 %sext_ln70_369, i25 33554202" [firmware/nnet_utils/nnet_mult.h:73->firmware/nnet_utils/nnet_dense_latency.h:42]   --->   Operation 288 'mul' 'mul_ln73_1626' <Predicate = true> <Delay = 3.34> <CoreInst = "Multiplier">   --->   Core 3 'Multiplier' <Latency = 1> <II = 1> <Delay = 3.34> <FuncUnit> <Opcode : 'mul'> <InPorts = 2> <OutPorts = 1>
ST_1 : Operation 289 [1/1] (0.00ns)   --->   "%tmp_456 = bitconcatenate i23 @_ssdm_op_BitConcatenate.i23.i16.i7, i16 %data_30_val_read, i7 0" [firmware/nnet_utils/nnet_mult.h:73->firmware/nnet_utils/nnet_dense_latency.h:42]   --->   Operation 289 'bitconcatenate' 'tmp_456' <Predicate = true> <Delay = 0.00>
ST_1 : Operation 290 [1/1] (0.00ns)   --->   "%sext_ln73_655 = sext i23 %tmp_456" [firmware/nnet_utils/nnet_mult.h:73->firmware/nnet_utils/nnet_dense_latency.h:42]   --->   Operation 290 'sext' 'sext_ln73_655' <Predicate = true> <Delay = 0.00>
ST_1 : Operation 291 [1/1] (2.28ns)   --->   "%add_ln73_88 = add i25 %sext_ln73_655, i25 %sext_ln70_369" [firmware/nnet_utils/nnet_mult.h:73->firmware/nnet_utils/nnet_dense_latency.h:42]   --->   Operation 291 'add' 'add_ln73_88' <Predicate = true> <Delay = 2.28> <CoreInst = "Adder">   --->   Core 1 'Adder' <Latency = 0> <II = 1> <Delay = 2.28> <FuncUnit> <Opcode : 'add' 'sub'> <InPorts = 2> <OutPorts = 1>
ST_1 : Operation 292 [1/1] (0.00ns)   --->   "%trunc_ln42_149 = partselect i15 @_ssdm_op_PartSelect.i15.i25.i32.i32, i25 %add_ln73_88, i32 10, i32 24" [firmware/nnet_utils/nnet_dense_latency.h:42]   --->   Operation 292 'partselect' 'trunc_ln42_149' <Predicate = true> <Delay = 0.00>
ST_1 : Operation 293 [2/2] (3.34ns)   --->   "%mul_ln73_1627 = mul i25 %sext_ln70_369, i25 142" [firmware/nnet_utils/nnet_mult.h:73->firmware/nnet_utils/nnet_dense_latency.h:42]   --->   Operation 293 'mul' 'mul_ln73_1627' <Predicate = true> <Delay = 3.34> <CoreInst = "Multiplier">   --->   Core 3 'Multiplier' <Latency = 1> <II = 1> <Delay = 3.34> <FuncUnit> <Opcode : 'mul'> <InPorts = 2> <OutPorts = 1>
ST_1 : Operation 294 [1/1] (0.00ns)   --->   "%tmp_457 = bitconcatenate i24 @_ssdm_op_BitConcatenate.i24.i16.i8, i16 %data_30_val_read, i8 0" [firmware/nnet_utils/nnet_mult.h:73->firmware/nnet_utils/nnet_dense_latency.h:42]   --->   Operation 294 'bitconcatenate' 'tmp_457' <Predicate = true> <Delay = 0.00>
ST_1 : Operation 295 [1/1] (0.00ns)   --->   "%sext_ln73_656 = sext i24 %tmp_457" [firmware/nnet_utils/nnet_mult.h:73->firmware/nnet_utils/nnet_dense_latency.h:42]   --->   Operation 295 'sext' 'sext_ln73_656' <Predicate = true> <Delay = 0.00>
ST_1 : Operation 296 [1/1] (2.31ns)   --->   "%sub_ln73_456 = sub i26 0, i26 %sext_ln73_656" [firmware/nnet_utils/nnet_mult.h:73->firmware/nnet_utils/nnet_dense_latency.h:42]   --->   Operation 296 'sub' 'sub_ln73_456' <Predicate = true> <Delay = 2.31> <CoreInst = "Adder">   --->   Core 1 'Adder' <Latency = 0> <II = 1> <Delay = 2.31> <FuncUnit> <Opcode : 'add' 'sub'> <InPorts = 2> <OutPorts = 1>
ST_1 : Operation 297 [2/2] (3.34ns)   --->   "%mul_ln73_1628 = mul i24 %sext_ln70_367, i24 97" [firmware/nnet_utils/nnet_mult.h:73->firmware/nnet_utils/nnet_dense_latency.h:42]   --->   Operation 297 'mul' 'mul_ln73_1628' <Predicate = true> <Delay = 3.34> <CoreInst = "Multiplier">   --->   Core 3 'Multiplier' <Latency = 1> <II = 1> <Delay = 3.34> <FuncUnit> <Opcode : 'mul'> <InPorts = 2> <OutPorts = 1>
ST_1 : Operation 298 [1/1] (0.00ns)   --->   "%sext_ln70_371 = sext i16 %data_31_val_read" [firmware/nnet_utils/nnet_mult.h:70->firmware/nnet_utils/nnet_dense_latency.h:42]   --->   Operation 298 'sext' 'sext_ln70_371' <Predicate = true> <Delay = 0.00>
ST_1 : Operation 299 [1/1] (0.00ns)   --->   "%sext_ln70_372 = sext i16 %data_31_val_read" [firmware/nnet_utils/nnet_mult.h:70->firmware/nnet_utils/nnet_dense_latency.h:42]   --->   Operation 299 'sext' 'sext_ln70_372' <Predicate = true> <Delay = 0.00>
ST_1 : Operation 300 [1/1] (0.00ns)   --->   "%tmp_458 = bitconcatenate i24 @_ssdm_op_BitConcatenate.i24.i16.i8, i16 %data_31_val_read, i8 0" [firmware/nnet_utils/nnet_mult.h:73->firmware/nnet_utils/nnet_dense_latency.h:42]   --->   Operation 300 'bitconcatenate' 'tmp_458' <Predicate = true> <Delay = 0.00>
ST_1 : Operation 301 [1/1] (0.00ns)   --->   "%sext_ln73_657 = sext i24 %tmp_458" [firmware/nnet_utils/nnet_mult.h:73->firmware/nnet_utils/nnet_dense_latency.h:42]   --->   Operation 301 'sext' 'sext_ln73_657' <Predicate = true> <Delay = 0.00>
ST_1 : Operation 302 [1/1] (0.00ns)   --->   "%tmp_459 = bitconcatenate i18 @_ssdm_op_BitConcatenate.i18.i16.i2, i16 %data_31_val_read, i2 0" [firmware/nnet_utils/nnet_mult.h:73->firmware/nnet_utils/nnet_dense_latency.h:42]   --->   Operation 302 'bitconcatenate' 'tmp_459' <Predicate = true> <Delay = 0.00>
ST_1 : Operation 303 [1/1] (0.00ns)   --->   "%sext_ln73_658 = sext i18 %tmp_459" [firmware/nnet_utils/nnet_mult.h:73->firmware/nnet_utils/nnet_dense_latency.h:42]   --->   Operation 303 'sext' 'sext_ln73_658' <Predicate = true> <Delay = 0.00>
ST_1 : Operation 304 [1/1] (2.31ns)   --->   "%sub_ln73_458 = sub i25 %sext_ln73_658, i25 %sext_ln73_657" [firmware/nnet_utils/nnet_mult.h:73->firmware/nnet_utils/nnet_dense_latency.h:42]   --->   Operation 304 'sub' 'sub_ln73_458' <Predicate = true> <Delay = 2.31> <CoreInst = "Adder">   --->   Core 1 'Adder' <Latency = 0> <II = 1> <Delay = 2.31> <FuncUnit> <Opcode : 'add' 'sub'> <InPorts = 2> <OutPorts = 1>
ST_1 : Operation 305 [1/1] (0.00ns)   --->   "%trunc_ln42_153 = partselect i15 @_ssdm_op_PartSelect.i15.i25.i32.i32, i25 %sub_ln73_458, i32 10, i32 24" [firmware/nnet_utils/nnet_dense_latency.h:42]   --->   Operation 305 'partselect' 'trunc_ln42_153' <Predicate = true> <Delay = 0.00>
ST_1 : Operation 306 [2/2] (3.34ns)   --->   "%mul_ln73_1629 = mul i25 %sext_ln70_372, i25 169" [firmware/nnet_utils/nnet_mult.h:73->firmware/nnet_utils/nnet_dense_latency.h:42]   --->   Operation 306 'mul' 'mul_ln73_1629' <Predicate = true> <Delay = 3.34> <CoreInst = "Multiplier">   --->   Core 3 'Multiplier' <Latency = 1> <II = 1> <Delay = 3.34> <FuncUnit> <Opcode : 'mul'> <InPorts = 2> <OutPorts = 1>
ST_1 : Operation 307 [2/2] (3.34ns)   --->   "%mul_ln73_1630 = mul i24 %sext_ln70_371, i24 16777100" [firmware/nnet_utils/nnet_mult.h:73->firmware/nnet_utils/nnet_dense_latency.h:42]   --->   Operation 307 'mul' 'mul_ln73_1630' <Predicate = true> <Delay = 3.34> <CoreInst = "Multiplier">   --->   Core 3 'Multiplier' <Latency = 1> <II = 1> <Delay = 3.34> <FuncUnit> <Opcode : 'mul'> <InPorts = 2> <OutPorts = 1>
ST_1 : Operation 308 [2/2] (3.34ns)   --->   "%mul_ln73_1631 = mul i24 %sext_ln70_371, i24 16777099" [firmware/nnet_utils/nnet_mult.h:73->firmware/nnet_utils/nnet_dense_latency.h:42]   --->   Operation 308 'mul' 'mul_ln73_1631' <Predicate = true> <Delay = 3.34> <CoreInst = "Multiplier">   --->   Core 3 'Multiplier' <Latency = 1> <II = 1> <Delay = 3.34> <FuncUnit> <Opcode : 'mul'> <InPorts = 2> <OutPorts = 1>
ST_1 : Operation 309 [1/1] (0.00ns)   --->   "%tmp_460 = bitconcatenate i22 @_ssdm_op_BitConcatenate.i22.i16.i6, i16 %data_31_val_read, i6 0" [firmware/nnet_utils/nnet_mult.h:73->firmware/nnet_utils/nnet_dense_latency.h:42]   --->   Operation 309 'bitconcatenate' 'tmp_460' <Predicate = true> <Delay = 0.00>
ST_1 : Operation 310 [1/1] (0.00ns)   --->   "%sext_ln73_659 = sext i22 %tmp_460" [firmware/nnet_utils/nnet_mult.h:73->firmware/nnet_utils/nnet_dense_latency.h:42]   --->   Operation 310 'sext' 'sext_ln73_659' <Predicate = true> <Delay = 0.00>
ST_1 : Operation 311 [1/1] (2.25ns)   --->   "%add_ln73_89 = add i24 %sext_ln73_659, i24 %sext_ln70_371" [firmware/nnet_utils/nnet_mult.h:73->firmware/nnet_utils/nnet_dense_latency.h:42]   --->   Operation 311 'add' 'add_ln73_89' <Predicate = true> <Delay = 2.25> <CoreInst = "Adder">   --->   Core 1 'Adder' <Latency = 0> <II = 1> <Delay = 2.25> <FuncUnit> <Opcode : 'add' 'sub'> <InPorts = 2> <OutPorts = 1>
ST_1 : Operation 312 [1/1] (0.00ns)   --->   "%trunc_ln42_157 = partselect i14 @_ssdm_op_PartSelect.i14.i24.i32.i32, i24 %add_ln73_89, i32 10, i32 23" [firmware/nnet_utils/nnet_dense_latency.h:42]   --->   Operation 312 'partselect' 'trunc_ln42_157' <Predicate = true> <Delay = 0.00>

State 2 <SV = 1> <Delay = 3.34>
ST_2 : Operation 313 [1/2] (3.34ns)   --->   "%mul_ln73 = mul i26 %sext_ln70_277, i26 412" [firmware/nnet_utils/nnet_mult.h:73->firmware/nnet_utils/nnet_dense_latency.h:42]   --->   Operation 313 'mul' 'mul_ln73' <Predicate = true> <Delay = 3.34> <CoreInst = "Multiplier">   --->   Core 3 'Multiplier' <Latency = 1> <II = 1> <Delay = 3.34> <FuncUnit> <Opcode : 'mul'> <InPorts = 2> <OutPorts = 1>
ST_2 : Operation 314 [1/1] (0.00ns)   --->   "%trunc_ln = partselect i16 @_ssdm_op_PartSelect.i16.i26.i32.i32, i26 %mul_ln73, i32 10, i32 25" [firmware/nnet_utils/nnet_dense_latency.h:42]   --->   Operation 314 'partselect' 'trunc_ln' <Predicate = true> <Delay = 0.00>
ST_2 : Operation 315 [1/2] (3.34ns)   --->   "%mul_ln73_1505 = mul i23 %sext_ln70, i23 8388553" [firmware/nnet_utils/nnet_mult.h:73->firmware/nnet_utils/nnet_dense_latency.h:42]   --->   Operation 315 'mul' 'mul_ln73_1505' <Predicate = true> <Delay = 3.34> <CoreInst = "Multiplier">   --->   Core 3 'Multiplier' <Latency = 1> <II = 1> <Delay = 3.34> <FuncUnit> <Opcode : 'mul'> <InPorts = 2> <OutPorts = 1>
ST_2 : Operation 316 [1/1] (0.00ns)   --->   "%trunc_ln42_1 = partselect i13 @_ssdm_op_PartSelect.i13.i23.i32.i32, i23 %mul_ln73_1505, i32 10, i32 22" [firmware/nnet_utils/nnet_dense_latency.h:42]   --->   Operation 316 'partselect' 'trunc_ln42_1' <Predicate = true> <Delay = 0.00>
ST_2 : Operation 317 [1/1] (0.00ns)   --->   "%tmp = bitconcatenate i24 @_ssdm_op_BitConcatenate.i24.i16.i8, i16 %data_0_val_read, i8 0" [firmware/nnet_utils/nnet_mult.h:73->firmware/nnet_utils/nnet_dense_latency.h:42]   --->   Operation 317 'bitconcatenate' 'tmp' <Predicate = true> <Delay = 0.00>
ST_2 : Operation 318 [1/1] (0.00ns)   --->   "%sext_ln73_609 = sext i24 %tmp" [firmware/nnet_utils/nnet_mult.h:73->firmware/nnet_utils/nnet_dense_latency.h:42]   --->   Operation 318 'sext' 'sext_ln73_609' <Predicate = true> <Delay = 0.00>
ST_2 : Operation 319 [1/1] (0.00ns)   --->   "%tmp_413 = bitconcatenate i21 @_ssdm_op_BitConcatenate.i21.i16.i5, i16 %data_0_val_read, i5 0" [firmware/nnet_utils/nnet_mult.h:73->firmware/nnet_utils/nnet_dense_latency.h:42]   --->   Operation 319 'bitconcatenate' 'tmp_413' <Predicate = true> <Delay = 0.00>
ST_2 : Operation 320 [1/1] (0.00ns)   --->   "%sext_ln73_610 = sext i21 %tmp_413" [firmware/nnet_utils/nnet_mult.h:73->firmware/nnet_utils/nnet_dense_latency.h:42]   --->   Operation 320 'sext' 'sext_ln73_610' <Predicate = true> <Delay = 0.00>
ST_2 : Operation 321 [1/1] (2.31ns)   --->   "%add_ln73 = add i26 %sext_ln73_609, i26 %sext_ln73_610" [firmware/nnet_utils/nnet_mult.h:73->firmware/nnet_utils/nnet_dense_latency.h:42]   --->   Operation 321 'add' 'add_ln73' <Predicate = true> <Delay = 2.31> <CoreInst = "Adder">   --->   Core 1 'Adder' <Latency = 0> <II = 1> <Delay = 2.31> <FuncUnit> <Opcode : 'add' 'sub'> <InPorts = 2> <OutPorts = 1>
ST_2 : Operation 322 [1/1] (0.00ns)   --->   "%trunc_ln42_2 = partselect i16 @_ssdm_op_PartSelect.i16.i26.i32.i32, i26 %add_ln73, i32 10, i32 25" [firmware/nnet_utils/nnet_dense_latency.h:42]   --->   Operation 322 'partselect' 'trunc_ln42_2' <Predicate = true> <Delay = 0.00>
ST_2 : Operation 323 [1/2] (3.34ns)   --->   "%mul_ln73_1506 = mul i26 %sext_ln70_277, i26 67108564" [firmware/nnet_utils/nnet_mult.h:73->firmware/nnet_utils/nnet_dense_latency.h:42]   --->   Operation 323 'mul' 'mul_ln73_1506' <Predicate = true> <Delay = 3.34> <CoreInst = "Multiplier">   --->   Core 3 'Multiplier' <Latency = 1> <II = 1> <Delay = 3.34> <FuncUnit> <Opcode : 'mul'> <InPorts = 2> <OutPorts = 1>
ST_2 : Operation 324 [1/1] (0.00ns)   --->   "%trunc_ln42_3 = partselect i16 @_ssdm_op_PartSelect.i16.i26.i32.i32, i26 %mul_ln73_1506, i32 10, i32 25" [firmware/nnet_utils/nnet_dense_latency.h:42]   --->   Operation 324 'partselect' 'trunc_ln42_3' <Predicate = true> <Delay = 0.00>
ST_2 : Operation 325 [1/1] (0.00ns)   --->   "%sext_ln73_611 = sext i21 %tmp_413" [firmware/nnet_utils/nnet_mult.h:73->firmware/nnet_utils/nnet_dense_latency.h:42]   --->   Operation 325 'sext' 'sext_ln73_611' <Predicate = true> <Delay = 0.00>
ST_2 : Operation 326 [1/1] (0.00ns)   --->   "%tmp_414 = bitconcatenate i19 @_ssdm_op_BitConcatenate.i19.i16.i3, i16 %data_0_val_read, i3 0" [firmware/nnet_utils/nnet_mult.h:73->firmware/nnet_utils/nnet_dense_latency.h:42]   --->   Operation 326 'bitconcatenate' 'tmp_414' <Predicate = true> <Delay = 0.00>
ST_2 : Operation 327 [1/1] (0.00ns)   --->   "%sext_ln73_612 = sext i19 %tmp_414" [firmware/nnet_utils/nnet_mult.h:73->firmware/nnet_utils/nnet_dense_latency.h:42]   --->   Operation 327 'sext' 'sext_ln73_612' <Predicate = true> <Delay = 0.00>
ST_2 : Operation 328 [1/1] (2.22ns)   --->   "%add_ln73_82 = add i23 %sext_ln73_611, i23 %sext_ln73_612" [firmware/nnet_utils/nnet_mult.h:73->firmware/nnet_utils/nnet_dense_latency.h:42]   --->   Operation 328 'add' 'add_ln73_82' <Predicate = true> <Delay = 2.22> <CoreInst = "Adder">   --->   Core 1 'Adder' <Latency = 0> <II = 1> <Delay = 2.22> <FuncUnit> <Opcode : 'add' 'sub'> <InPorts = 2> <OutPorts = 1>
ST_2 : Operation 329 [1/1] (0.00ns)   --->   "%trunc_ln42_4 = partselect i13 @_ssdm_op_PartSelect.i13.i23.i32.i32, i23 %add_ln73_82, i32 10, i32 22" [firmware/nnet_utils/nnet_dense_latency.h:42]   --->   Operation 329 'partselect' 'trunc_ln42_4' <Predicate = true> <Delay = 0.00>
ST_2 : Operation 330 [1/1] (0.00ns)   --->   "%sext_ln70_279 = sext i16 %data_1_val_read" [firmware/nnet_utils/nnet_mult.h:70->firmware/nnet_utils/nnet_dense_latency.h:42]   --->   Operation 330 'sext' 'sext_ln70_279' <Predicate = true> <Delay = 0.00>
ST_2 : Operation 331 [1/2] (3.34ns)   --->   "%mul_ln73_1507 = mul i26 %sext_ln70_281, i26 67108579" [firmware/nnet_utils/nnet_mult.h:73->firmware/nnet_utils/nnet_dense_latency.h:42]   --->   Operation 331 'mul' 'mul_ln73_1507' <Predicate = true> <Delay = 3.34> <CoreInst = "Multiplier">   --->   Core 3 'Multiplier' <Latency = 1> <II = 1> <Delay = 3.34> <FuncUnit> <Opcode : 'mul'> <InPorts = 2> <OutPorts = 1>
ST_2 : Operation 332 [1/1] (0.00ns)   --->   "%trunc_ln42_5 = partselect i16 @_ssdm_op_PartSelect.i16.i26.i32.i32, i26 %mul_ln73_1507, i32 10, i32 25" [firmware/nnet_utils/nnet_dense_latency.h:42]   --->   Operation 332 'partselect' 'trunc_ln42_5' <Predicate = true> <Delay = 0.00>
ST_2 : Operation 333 [1/2] (3.34ns)   --->   "%mul_ln73_1508 = mul i25 %sext_ln70_280, i25 33554181" [firmware/nnet_utils/nnet_mult.h:73->firmware/nnet_utils/nnet_dense_latency.h:42]   --->   Operation 333 'mul' 'mul_ln73_1508' <Predicate = true> <Delay = 3.34> <CoreInst = "Multiplier">   --->   Core 3 'Multiplier' <Latency = 1> <II = 1> <Delay = 3.34> <FuncUnit> <Opcode : 'mul'> <InPorts = 2> <OutPorts = 1>
ST_2 : Operation 334 [1/1] (0.00ns)   --->   "%trunc_ln42_6 = partselect i15 @_ssdm_op_PartSelect.i15.i25.i32.i32, i25 %mul_ln73_1508, i32 10, i32 24" [firmware/nnet_utils/nnet_dense_latency.h:42]   --->   Operation 334 'partselect' 'trunc_ln42_6' <Predicate = true> <Delay = 0.00>
ST_2 : Operation 335 [1/1] (2.31ns)   --->   "%sub_ln73_433 = sub i24 %sub_ln73, i24 %sext_ln70_279" [firmware/nnet_utils/nnet_mult.h:73->firmware/nnet_utils/nnet_dense_latency.h:42]   --->   Operation 335 'sub' 'sub_ln73_433' <Predicate = true> <Delay = 2.31> <CoreInst = "Adder">   --->   Core 1 'Adder' <Latency = 0> <II = 1> <Delay = 2.31> <FuncUnit> <Opcode : 'add' 'sub'> <InPorts = 2> <OutPorts = 1>
ST_2 : Operation 336 [1/1] (0.00ns)   --->   "%trunc_ln42_7 = partselect i14 @_ssdm_op_PartSelect.i14.i24.i32.i32, i24 %sub_ln73_433, i32 10, i32 23" [firmware/nnet_utils/nnet_dense_latency.h:42]   --->   Operation 336 'partselect' 'trunc_ln42_7' <Predicate = true> <Delay = 0.00>
ST_2 : Operation 337 [1/2] (3.34ns)   --->   "%mul_ln73_1509 = mul i25 %sext_ln70_280, i25 33554286" [firmware/nnet_utils/nnet_mult.h:73->firmware/nnet_utils/nnet_dense_latency.h:42]   --->   Operation 337 'mul' 'mul_ln73_1509' <Predicate = true> <Delay = 3.34> <CoreInst = "Multiplier">   --->   Core 3 'Multiplier' <Latency = 1> <II = 1> <Delay = 3.34> <FuncUnit> <Opcode : 'mul'> <InPorts = 2> <OutPorts = 1>
ST_2 : Operation 338 [1/1] (0.00ns)   --->   "%trunc_ln42_8 = partselect i15 @_ssdm_op_PartSelect.i15.i25.i32.i32, i25 %mul_ln73_1509, i32 10, i32 24" [firmware/nnet_utils/nnet_dense_latency.h:42]   --->   Operation 338 'partselect' 'trunc_ln42_8' <Predicate = true> <Delay = 0.00>
ST_2 : Operation 339 [1/1] (0.00ns)   --->   "%tmp_416 = bitconcatenate i23 @_ssdm_op_BitConcatenate.i23.i16.i7, i16 %data_1_val_read, i7 0" [firmware/nnet_utils/nnet_mult.h:73->firmware/nnet_utils/nnet_dense_latency.h:42]   --->   Operation 339 'bitconcatenate' 'tmp_416' <Predicate = true> <Delay = 0.00>
ST_2 : Operation 340 [1/1] (0.00ns)   --->   "%sext_ln73_614 = sext i23 %tmp_416" [firmware/nnet_utils/nnet_mult.h:73->firmware/nnet_utils/nnet_dense_latency.h:42]   --->   Operation 340 'sext' 'sext_ln73_614' <Predicate = true> <Delay = 0.00>
ST_2 : Operation 341 [1/1] (2.28ns)   --->   "%sub_ln73_434 = sub i24 %sext_ln73_614, i24 %sext_ln70_279" [firmware/nnet_utils/nnet_mult.h:73->firmware/nnet_utils/nnet_dense_latency.h:42]   --->   Operation 341 'sub' 'sub_ln73_434' <Predicate = true> <Delay = 2.28> <CoreInst = "Adder">   --->   Core 1 'Adder' <Latency = 0> <II = 1> <Delay = 2.28> <FuncUnit> <Opcode : 'add' 'sub'> <InPorts = 2> <OutPorts = 1>
ST_2 : Operation 342 [1/1] (0.00ns)   --->   "%trunc_ln42_9 = partselect i14 @_ssdm_op_PartSelect.i14.i24.i32.i32, i24 %sub_ln73_434, i32 10, i32 23" [firmware/nnet_utils/nnet_dense_latency.h:42]   --->   Operation 342 'partselect' 'trunc_ln42_9' <Predicate = true> <Delay = 0.00>
ST_2 : Operation 343 [1/2] (3.34ns)   --->   "%mul_ln73_1510 = mul i26 %sext_ln70_283, i26 312" [firmware/nnet_utils/nnet_mult.h:73->firmware/nnet_utils/nnet_dense_latency.h:42]   --->   Operation 343 'mul' 'mul_ln73_1510' <Predicate = true> <Delay = 3.34> <CoreInst = "Multiplier">   --->   Core 3 'Multiplier' <Latency = 1> <II = 1> <Delay = 3.34> <FuncUnit> <Opcode : 'mul'> <InPorts = 2> <OutPorts = 1>
ST_2 : Operation 344 [1/1] (0.00ns)   --->   "%trunc_ln42_s = partselect i16 @_ssdm_op_PartSelect.i16.i26.i32.i32, i26 %mul_ln73_1510, i32 10, i32 25" [firmware/nnet_utils/nnet_dense_latency.h:42]   --->   Operation 344 'partselect' 'trunc_ln42_s' <Predicate = true> <Delay = 0.00>
ST_2 : Operation 345 [1/2] (3.34ns)   --->   "%mul_ln73_1511 = mul i26 %sext_ln70_283, i26 67108496" [firmware/nnet_utils/nnet_mult.h:73->firmware/nnet_utils/nnet_dense_latency.h:42]   --->   Operation 345 'mul' 'mul_ln73_1511' <Predicate = true> <Delay = 3.34> <CoreInst = "Multiplier">   --->   Core 3 'Multiplier' <Latency = 1> <II = 1> <Delay = 3.34> <FuncUnit> <Opcode : 'mul'> <InPorts = 2> <OutPorts = 1>
ST_2 : Operation 346 [1/1] (0.00ns)   --->   "%trunc_ln42_10 = partselect i16 @_ssdm_op_PartSelect.i16.i26.i32.i32, i26 %mul_ln73_1511, i32 10, i32 25" [firmware/nnet_utils/nnet_dense_latency.h:42]   --->   Operation 346 'partselect' 'trunc_ln42_10' <Predicate = true> <Delay = 0.00>
ST_2 : Operation 347 [1/2] (3.34ns)   --->   "%mul_ln73_1512 = mul i24 %sext_ln70_282, i24 84" [firmware/nnet_utils/nnet_mult.h:73->firmware/nnet_utils/nnet_dense_latency.h:42]   --->   Operation 347 'mul' 'mul_ln73_1512' <Predicate = true> <Delay = 3.34> <CoreInst = "Multiplier">   --->   Core 3 'Multiplier' <Latency = 1> <II = 1> <Delay = 3.34> <FuncUnit> <Opcode : 'mul'> <InPorts = 2> <OutPorts = 1>
ST_2 : Operation 348 [1/1] (0.00ns)   --->   "%trunc_ln42_11 = partselect i14 @_ssdm_op_PartSelect.i14.i24.i32.i32, i24 %mul_ln73_1512, i32 10, i32 23" [firmware/nnet_utils/nnet_dense_latency.h:42]   --->   Operation 348 'partselect' 'trunc_ln42_11' <Predicate = true> <Delay = 0.00>
ST_2 : Operation 349 [1/2] (3.34ns)   --->   "%mul_ln73_1513 = mul i24 %sext_ln70_282, i24 16777107" [firmware/nnet_utils/nnet_mult.h:73->firmware/nnet_utils/nnet_dense_latency.h:42]   --->   Operation 349 'mul' 'mul_ln73_1513' <Predicate = true> <Delay = 3.34> <CoreInst = "Multiplier">   --->   Core 3 'Multiplier' <Latency = 1> <II = 1> <Delay = 3.34> <FuncUnit> <Opcode : 'mul'> <InPorts = 2> <OutPorts = 1>
ST_2 : Operation 350 [1/1] (0.00ns)   --->   "%trunc_ln42_12 = partselect i14 @_ssdm_op_PartSelect.i14.i24.i32.i32, i24 %mul_ln73_1513, i32 10, i32 23" [firmware/nnet_utils/nnet_dense_latency.h:42]   --->   Operation 350 'partselect' 'trunc_ln42_12' <Predicate = true> <Delay = 0.00>
ST_2 : Operation 351 [1/2] (3.34ns)   --->   "%mul_ln73_1514 = mul i26 %sext_ln70_283, i26 292" [firmware/nnet_utils/nnet_mult.h:73->firmware/nnet_utils/nnet_dense_latency.h:42]   --->   Operation 351 'mul' 'mul_ln73_1514' <Predicate = true> <Delay = 3.34> <CoreInst = "Multiplier">   --->   Core 3 'Multiplier' <Latency = 1> <II = 1> <Delay = 3.34> <FuncUnit> <Opcode : 'mul'> <InPorts = 2> <OutPorts = 1>
ST_2 : Operation 352 [1/1] (0.00ns)   --->   "%trunc_ln42_13 = partselect i16 @_ssdm_op_PartSelect.i16.i26.i32.i32, i26 %mul_ln73_1514, i32 10, i32 25" [firmware/nnet_utils/nnet_dense_latency.h:42]   --->   Operation 352 'partselect' 'trunc_ln42_13' <Predicate = true> <Delay = 0.00>
ST_2 : Operation 353 [1/2] (3.34ns)   --->   "%mul_ln73_1515 = mul i26 %sext_ln70_286, i26 290" [firmware/nnet_utils/nnet_mult.h:73->firmware/nnet_utils/nnet_dense_latency.h:42]   --->   Operation 353 'mul' 'mul_ln73_1515' <Predicate = true> <Delay = 3.34> <CoreInst = "Multiplier">   --->   Core 3 'Multiplier' <Latency = 1> <II = 1> <Delay = 3.34> <FuncUnit> <Opcode : 'mul'> <InPorts = 2> <OutPorts = 1>
ST_2 : Operation 354 [1/1] (0.00ns)   --->   "%trunc_ln42_14 = partselect i16 @_ssdm_op_PartSelect.i16.i26.i32.i32, i26 %mul_ln73_1515, i32 10, i32 25" [firmware/nnet_utils/nnet_dense_latency.h:42]   --->   Operation 354 'partselect' 'trunc_ln42_14' <Predicate = true> <Delay = 0.00>
ST_2 : Operation 355 [1/2] (3.34ns)   --->   "%mul_ln73_1516 = mul i24 %sext_ln70_285, i24 76" [firmware/nnet_utils/nnet_mult.h:73->firmware/nnet_utils/nnet_dense_latency.h:42]   --->   Operation 355 'mul' 'mul_ln73_1516' <Predicate = true> <Delay = 3.34> <CoreInst = "Multiplier">   --->   Core 3 'Multiplier' <Latency = 1> <II = 1> <Delay = 3.34> <FuncUnit> <Opcode : 'mul'> <InPorts = 2> <OutPorts = 1>
ST_2 : Operation 356 [1/1] (0.00ns)   --->   "%trunc_ln42_15 = partselect i14 @_ssdm_op_PartSelect.i14.i24.i32.i32, i24 %mul_ln73_1516, i32 10, i32 23" [firmware/nnet_utils/nnet_dense_latency.h:42]   --->   Operation 356 'partselect' 'trunc_ln42_15' <Predicate = true> <Delay = 0.00>
ST_2 : Operation 357 [1/2] (3.34ns)   --->   "%mul_ln73_1517 = mul i26 %sext_ln70_286, i26 67108574" [firmware/nnet_utils/nnet_mult.h:73->firmware/nnet_utils/nnet_dense_latency.h:42]   --->   Operation 357 'mul' 'mul_ln73_1517' <Predicate = true> <Delay = 3.34> <CoreInst = "Multiplier">   --->   Core 3 'Multiplier' <Latency = 1> <II = 1> <Delay = 3.34> <FuncUnit> <Opcode : 'mul'> <InPorts = 2> <OutPorts = 1>
ST_2 : Operation 358 [1/1] (0.00ns)   --->   "%trunc_ln42_16 = partselect i16 @_ssdm_op_PartSelect.i16.i26.i32.i32, i26 %mul_ln73_1517, i32 10, i32 25" [firmware/nnet_utils/nnet_dense_latency.h:42]   --->   Operation 358 'partselect' 'trunc_ln42_16' <Predicate = true> <Delay = 0.00>
ST_2 : Operation 359 [1/2] (3.34ns)   --->   "%mul_ln73_1518 = mul i25 %sext_ln70_284, i25 33554215" [firmware/nnet_utils/nnet_mult.h:73->firmware/nnet_utils/nnet_dense_latency.h:42]   --->   Operation 359 'mul' 'mul_ln73_1518' <Predicate = true> <Delay = 3.34> <CoreInst = "Multiplier">   --->   Core 3 'Multiplier' <Latency = 1> <II = 1> <Delay = 3.34> <FuncUnit> <Opcode : 'mul'> <InPorts = 2> <OutPorts = 1>
ST_2 : Operation 360 [1/1] (0.00ns)   --->   "%trunc_ln42_17 = partselect i15 @_ssdm_op_PartSelect.i15.i25.i32.i32, i25 %mul_ln73_1518, i32 10, i32 24" [firmware/nnet_utils/nnet_dense_latency.h:42]   --->   Operation 360 'partselect' 'trunc_ln42_17' <Predicate = true> <Delay = 0.00>
ST_2 : Operation 361 [1/2] (3.34ns)   --->   "%mul_ln73_1519 = mul i24 %sext_ln70_285, i24 94" [firmware/nnet_utils/nnet_mult.h:73->firmware/nnet_utils/nnet_dense_latency.h:42]   --->   Operation 361 'mul' 'mul_ln73_1519' <Predicate = true> <Delay = 3.34> <CoreInst = "Multiplier">   --->   Core 3 'Multiplier' <Latency = 1> <II = 1> <Delay = 3.34> <FuncUnit> <Opcode : 'mul'> <InPorts = 2> <OutPorts = 1>
ST_2 : Operation 362 [1/1] (0.00ns)   --->   "%trunc_ln42_18 = partselect i14 @_ssdm_op_PartSelect.i14.i24.i32.i32, i24 %mul_ln73_1519, i32 10, i32 23" [firmware/nnet_utils/nnet_dense_latency.h:42]   --->   Operation 362 'partselect' 'trunc_ln42_18' <Predicate = true> <Delay = 0.00>
ST_2 : Operation 363 [1/2] (3.34ns)   --->   "%mul_ln73_1520 = mul i25 %sext_ln70_289, i25 131" [firmware/nnet_utils/nnet_mult.h:73->firmware/nnet_utils/nnet_dense_latency.h:42]   --->   Operation 363 'mul' 'mul_ln73_1520' <Predicate = true> <Delay = 3.34> <CoreInst = "Multiplier">   --->   Core 3 'Multiplier' <Latency = 1> <II = 1> <Delay = 3.34> <FuncUnit> <Opcode : 'mul'> <InPorts = 2> <OutPorts = 1>
ST_2 : Operation 364 [1/1] (0.00ns)   --->   "%trunc_ln42_19 = partselect i15 @_ssdm_op_PartSelect.i15.i25.i32.i32, i25 %mul_ln73_1520, i32 10, i32 24" [firmware/nnet_utils/nnet_dense_latency.h:42]   --->   Operation 364 'partselect' 'trunc_ln42_19' <Predicate = true> <Delay = 0.00>
ST_2 : Operation 365 [1/2] (3.34ns)   --->   "%mul_ln73_1521 = mul i25 %sext_ln70_289, i25 33554289" [firmware/nnet_utils/nnet_mult.h:73->firmware/nnet_utils/nnet_dense_latency.h:42]   --->   Operation 365 'mul' 'mul_ln73_1521' <Predicate = true> <Delay = 3.34> <CoreInst = "Multiplier">   --->   Core 3 'Multiplier' <Latency = 1> <II = 1> <Delay = 3.34> <FuncUnit> <Opcode : 'mul'> <InPorts = 2> <OutPorts = 1>
ST_2 : Operation 366 [1/1] (0.00ns)   --->   "%trunc_ln42_20 = partselect i15 @_ssdm_op_PartSelect.i15.i25.i32.i32, i25 %mul_ln73_1521, i32 10, i32 24" [firmware/nnet_utils/nnet_dense_latency.h:42]   --->   Operation 366 'partselect' 'trunc_ln42_20' <Predicate = true> <Delay = 0.00>
ST_2 : Operation 367 [1/2] (3.34ns)   --->   "%mul_ln73_1522 = mul i26 %sext_ln70_288, i26 67108534" [firmware/nnet_utils/nnet_mult.h:73->firmware/nnet_utils/nnet_dense_latency.h:42]   --->   Operation 367 'mul' 'mul_ln73_1522' <Predicate = true> <Delay = 3.34> <CoreInst = "Multiplier">   --->   Core 3 'Multiplier' <Latency = 1> <II = 1> <Delay = 3.34> <FuncUnit> <Opcode : 'mul'> <InPorts = 2> <OutPorts = 1>
ST_2 : Operation 368 [1/1] (0.00ns)   --->   "%trunc_ln42_21 = partselect i16 @_ssdm_op_PartSelect.i16.i26.i32.i32, i26 %mul_ln73_1522, i32 10, i32 25" [firmware/nnet_utils/nnet_dense_latency.h:42]   --->   Operation 368 'partselect' 'trunc_ln42_21' <Predicate = true> <Delay = 0.00>
ST_2 : Operation 369 [1/2] (3.34ns)   --->   "%mul_ln73_1523 = mul i26 %sext_ln70_288, i26 283" [firmware/nnet_utils/nnet_mult.h:73->firmware/nnet_utils/nnet_dense_latency.h:42]   --->   Operation 369 'mul' 'mul_ln73_1523' <Predicate = true> <Delay = 3.34> <CoreInst = "Multiplier">   --->   Core 3 'Multiplier' <Latency = 1> <II = 1> <Delay = 3.34> <FuncUnit> <Opcode : 'mul'> <InPorts = 2> <OutPorts = 1>
ST_2 : Operation 370 [1/1] (0.00ns)   --->   "%trunc_ln42_23 = partselect i16 @_ssdm_op_PartSelect.i16.i26.i32.i32, i26 %mul_ln73_1523, i32 10, i32 25" [firmware/nnet_utils/nnet_dense_latency.h:42]   --->   Operation 370 'partselect' 'trunc_ln42_23' <Predicate = true> <Delay = 0.00>
ST_2 : Operation 371 [1/2] (3.34ns)   --->   "%mul_ln73_1524 = mul i25 %sext_ln70_291, i25 188" [firmware/nnet_utils/nnet_mult.h:73->firmware/nnet_utils/nnet_dense_latency.h:42]   --->   Operation 371 'mul' 'mul_ln73_1524' <Predicate = true> <Delay = 3.34> <CoreInst = "Multiplier">   --->   Core 3 'Multiplier' <Latency = 1> <II = 1> <Delay = 3.34> <FuncUnit> <Opcode : 'mul'> <InPorts = 2> <OutPorts = 1>
ST_2 : Operation 372 [1/1] (0.00ns)   --->   "%trunc_ln42_24 = partselect i15 @_ssdm_op_PartSelect.i15.i25.i32.i32, i25 %mul_ln73_1524, i32 10, i32 24" [firmware/nnet_utils/nnet_dense_latency.h:42]   --->   Operation 372 'partselect' 'trunc_ln42_24' <Predicate = true> <Delay = 0.00>
ST_2 : Operation 373 [1/2] (3.34ns)   --->   "%mul_ln73_1525 = mul i26 %sext_ln70_290, i26 67108543" [firmware/nnet_utils/nnet_mult.h:73->firmware/nnet_utils/nnet_dense_latency.h:42]   --->   Operation 373 'mul' 'mul_ln73_1525' <Predicate = true> <Delay = 3.34> <CoreInst = "Multiplier">   --->   Core 3 'Multiplier' <Latency = 1> <II = 1> <Delay = 3.34> <FuncUnit> <Opcode : 'mul'> <InPorts = 2> <OutPorts = 1>
ST_2 : Operation 374 [1/1] (0.00ns)   --->   "%trunc_ln42_26 = partselect i16 @_ssdm_op_PartSelect.i16.i26.i32.i32, i26 %mul_ln73_1525, i32 10, i32 25" [firmware/nnet_utils/nnet_dense_latency.h:42]   --->   Operation 374 'partselect' 'trunc_ln42_26' <Predicate = true> <Delay = 0.00>
ST_2 : Operation 375 [1/2] (3.34ns)   --->   "%mul_ln73_1526 = mul i26 %sext_ln70_290, i26 331" [firmware/nnet_utils/nnet_mult.h:73->firmware/nnet_utils/nnet_dense_latency.h:42]   --->   Operation 375 'mul' 'mul_ln73_1526' <Predicate = true> <Delay = 3.34> <CoreInst = "Multiplier">   --->   Core 3 'Multiplier' <Latency = 1> <II = 1> <Delay = 3.34> <FuncUnit> <Opcode : 'mul'> <InPorts = 2> <OutPorts = 1>
ST_2 : Operation 376 [1/1] (0.00ns)   --->   "%trunc_ln42_27 = partselect i16 @_ssdm_op_PartSelect.i16.i26.i32.i32, i26 %mul_ln73_1526, i32 10, i32 25" [firmware/nnet_utils/nnet_dense_latency.h:42]   --->   Operation 376 'partselect' 'trunc_ln42_27' <Predicate = true> <Delay = 0.00>
ST_2 : Operation 377 [1/2] (3.34ns)   --->   "%mul_ln73_1527 = mul i26 %sext_ln70_290, i26 348" [firmware/nnet_utils/nnet_mult.h:73->firmware/nnet_utils/nnet_dense_latency.h:42]   --->   Operation 377 'mul' 'mul_ln73_1527' <Predicate = true> <Delay = 3.34> <CoreInst = "Multiplier">   --->   Core 3 'Multiplier' <Latency = 1> <II = 1> <Delay = 3.34> <FuncUnit> <Opcode : 'mul'> <InPorts = 2> <OutPorts = 1>
ST_2 : Operation 378 [1/1] (0.00ns)   --->   "%trunc_ln42_28 = partselect i16 @_ssdm_op_PartSelect.i16.i26.i32.i32, i26 %mul_ln73_1527, i32 10, i32 25" [firmware/nnet_utils/nnet_dense_latency.h:42]   --->   Operation 378 'partselect' 'trunc_ln42_28' <Predicate = true> <Delay = 0.00>
ST_2 : Operation 379 [1/2] (3.34ns)   --->   "%mul_ln73_1528 = mul i24 %sext_ln70_294, i24 93" [firmware/nnet_utils/nnet_mult.h:73->firmware/nnet_utils/nnet_dense_latency.h:42]   --->   Operation 379 'mul' 'mul_ln73_1528' <Predicate = true> <Delay = 3.34> <CoreInst = "Multiplier">   --->   Core 3 'Multiplier' <Latency = 1> <II = 1> <Delay = 3.34> <FuncUnit> <Opcode : 'mul'> <InPorts = 2> <OutPorts = 1>
ST_2 : Operation 380 [1/1] (0.00ns)   --->   "%trunc_ln42_29 = partselect i14 @_ssdm_op_PartSelect.i14.i24.i32.i32, i24 %mul_ln73_1528, i32 10, i32 23" [firmware/nnet_utils/nnet_dense_latency.h:42]   --->   Operation 380 'partselect' 'trunc_ln42_29' <Predicate = true> <Delay = 0.00>
ST_2 : Operation 381 [1/2] (3.34ns)   --->   "%mul_ln73_1529 = mul i21 %sext_ln70_293, i21 11" [firmware/nnet_utils/nnet_mult.h:73->firmware/nnet_utils/nnet_dense_latency.h:42]   --->   Operation 381 'mul' 'mul_ln73_1529' <Predicate = true> <Delay = 3.34> <CoreInst = "Multiplier">   --->   Core 3 'Multiplier' <Latency = 1> <II = 1> <Delay = 3.34> <FuncUnit> <Opcode : 'mul'> <InPorts = 2> <OutPorts = 1>
ST_2 : Operation 382 [1/1] (0.00ns)   --->   "%trunc_ln42_30 = partselect i11 @_ssdm_op_PartSelect.i11.i21.i32.i32, i21 %mul_ln73_1529, i32 10, i32 20" [firmware/nnet_utils/nnet_dense_latency.h:42]   --->   Operation 382 'partselect' 'trunc_ln42_30' <Predicate = true> <Delay = 0.00>
ST_2 : Operation 383 [1/2] (3.34ns)   --->   "%mul_ln73_1530 = mul i26 %sext_ln70_292, i26 67108501" [firmware/nnet_utils/nnet_mult.h:73->firmware/nnet_utils/nnet_dense_latency.h:42]   --->   Operation 383 'mul' 'mul_ln73_1530' <Predicate = true> <Delay = 3.34> <CoreInst = "Multiplier">   --->   Core 3 'Multiplier' <Latency = 1> <II = 1> <Delay = 3.34> <FuncUnit> <Opcode : 'mul'> <InPorts = 2> <OutPorts = 1>
ST_2 : Operation 384 [1/1] (0.00ns)   --->   "%trunc_ln42_31 = partselect i16 @_ssdm_op_PartSelect.i16.i26.i32.i32, i26 %mul_ln73_1530, i32 10, i32 25" [firmware/nnet_utils/nnet_dense_latency.h:42]   --->   Operation 384 'partselect' 'trunc_ln42_31' <Predicate = true> <Delay = 0.00>
ST_2 : Operation 385 [1/1] (0.00ns)   --->   "%tmp_421 = bitconcatenate i18 @_ssdm_op_BitConcatenate.i18.i16.i2, i16 %data_6_val_read, i2 0" [firmware/nnet_utils/nnet_mult.h:73->firmware/nnet_utils/nnet_dense_latency.h:42]   --->   Operation 385 'bitconcatenate' 'tmp_421' <Predicate = true> <Delay = 0.00>
ST_2 : Operation 386 [1/1] (0.00ns)   --->   "%sext_ln73_619 = sext i18 %tmp_421" [firmware/nnet_utils/nnet_mult.h:73->firmware/nnet_utils/nnet_dense_latency.h:42]   --->   Operation 386 'sext' 'sext_ln73_619' <Predicate = true> <Delay = 0.00>
ST_2 : Operation 387 [1/1] (2.13ns)   --->   "%sub_ln73_437 = sub i19 0, i19 %sext_ln73_619" [firmware/nnet_utils/nnet_mult.h:73->firmware/nnet_utils/nnet_dense_latency.h:42]   --->   Operation 387 'sub' 'sub_ln73_437' <Predicate = true> <Delay = 2.13> <CoreInst = "Adder">   --->   Core 1 'Adder' <Latency = 0> <II = 1> <Delay = 2.13> <FuncUnit> <Opcode : 'add' 'sub'> <InPorts = 2> <OutPorts = 1>
ST_2 : Operation 388 [1/1] (0.00ns)   --->   "%trunc_ln42_32 = partselect i9 @_ssdm_op_PartSelect.i9.i19.i32.i32, i19 %sub_ln73_437, i32 10, i32 18" [firmware/nnet_utils/nnet_dense_latency.h:42]   --->   Operation 388 'partselect' 'trunc_ln42_32' <Predicate = true> <Delay = 0.00>
ST_2 : Operation 389 [1/1] (0.00ns)   --->   "%tmp_422 = bitconcatenate i24 @_ssdm_op_BitConcatenate.i24.i16.i8, i16 %data_6_val_read, i8 0" [firmware/nnet_utils/nnet_mult.h:73->firmware/nnet_utils/nnet_dense_latency.h:42]   --->   Operation 389 'bitconcatenate' 'tmp_422' <Predicate = true> <Delay = 0.00>
ST_2 : Operation 390 [1/1] (0.00ns)   --->   "%sext_ln73_620 = sext i24 %tmp_422" [firmware/nnet_utils/nnet_mult.h:73->firmware/nnet_utils/nnet_dense_latency.h:42]   --->   Operation 390 'sext' 'sext_ln73_620' <Predicate = true> <Delay = 0.00>
ST_2 : Operation 391 [1/1] (0.00ns)   --->   "%tmp_423 = bitconcatenate i20 @_ssdm_op_BitConcatenate.i20.i16.i4, i16 %data_6_val_read, i4 0" [firmware/nnet_utils/nnet_mult.h:73->firmware/nnet_utils/nnet_dense_latency.h:42]   --->   Operation 391 'bitconcatenate' 'tmp_423' <Predicate = true> <Delay = 0.00>
ST_2 : Operation 392 [1/1] (0.00ns)   --->   "%sext_ln73_621 = sext i20 %tmp_423" [firmware/nnet_utils/nnet_mult.h:73->firmware/nnet_utils/nnet_dense_latency.h:42]   --->   Operation 392 'sext' 'sext_ln73_621' <Predicate = true> <Delay = 0.00>
ST_2 : Operation 393 [1/1] (2.31ns)   --->   "%sub_ln73_438 = sub i25 %sext_ln73_621, i25 %sext_ln73_620" [firmware/nnet_utils/nnet_mult.h:73->firmware/nnet_utils/nnet_dense_latency.h:42]   --->   Operation 393 'sub' 'sub_ln73_438' <Predicate = true> <Delay = 2.31> <CoreInst = "Adder">   --->   Core 1 'Adder' <Latency = 0> <II = 1> <Delay = 2.31> <FuncUnit> <Opcode : 'add' 'sub'> <InPorts = 2> <OutPorts = 1>
ST_2 : Operation 394 [1/1] (0.00ns)   --->   "%trunc_ln42_33 = partselect i15 @_ssdm_op_PartSelect.i15.i25.i32.i32, i25 %sub_ln73_438, i32 10, i32 24" [firmware/nnet_utils/nnet_dense_latency.h:42]   --->   Operation 394 'partselect' 'trunc_ln42_33' <Predicate = true> <Delay = 0.00>
ST_2 : Operation 395 [1/2] (3.34ns)   --->   "%mul_ln73_1531 = mul i25 %sext_ln70_297, i25 186" [firmware/nnet_utils/nnet_mult.h:73->firmware/nnet_utils/nnet_dense_latency.h:42]   --->   Operation 395 'mul' 'mul_ln73_1531' <Predicate = true> <Delay = 3.34> <CoreInst = "Multiplier">   --->   Core 3 'Multiplier' <Latency = 1> <II = 1> <Delay = 3.34> <FuncUnit> <Opcode : 'mul'> <InPorts = 2> <OutPorts = 1>
ST_2 : Operation 396 [1/1] (0.00ns)   --->   "%trunc_ln42_34 = partselect i15 @_ssdm_op_PartSelect.i15.i25.i32.i32, i25 %mul_ln73_1531, i32 10, i32 24" [firmware/nnet_utils/nnet_dense_latency.h:42]   --->   Operation 396 'partselect' 'trunc_ln42_34' <Predicate = true> <Delay = 0.00>
ST_2 : Operation 397 [1/2] (3.34ns)   --->   "%mul_ln73_1532 = mul i26 %sext_ln70_296, i26 67108588" [firmware/nnet_utils/nnet_mult.h:73->firmware/nnet_utils/nnet_dense_latency.h:42]   --->   Operation 397 'mul' 'mul_ln73_1532' <Predicate = true> <Delay = 3.34> <CoreInst = "Multiplier">   --->   Core 3 'Multiplier' <Latency = 1> <II = 1> <Delay = 3.34> <FuncUnit> <Opcode : 'mul'> <InPorts = 2> <OutPorts = 1>
ST_2 : Operation 398 [1/1] (0.00ns)   --->   "%trunc_ln42_35 = partselect i16 @_ssdm_op_PartSelect.i16.i26.i32.i32, i26 %mul_ln73_1532, i32 10, i32 25" [firmware/nnet_utils/nnet_dense_latency.h:42]   --->   Operation 398 'partselect' 'trunc_ln42_35' <Predicate = true> <Delay = 0.00>
ST_2 : Operation 399 [1/2] (3.34ns)   --->   "%mul_ln73_1533 = mul i26 %sext_ln70_296, i26 285" [firmware/nnet_utils/nnet_mult.h:73->firmware/nnet_utils/nnet_dense_latency.h:42]   --->   Operation 399 'mul' 'mul_ln73_1533' <Predicate = true> <Delay = 3.34> <CoreInst = "Multiplier">   --->   Core 3 'Multiplier' <Latency = 1> <II = 1> <Delay = 3.34> <FuncUnit> <Opcode : 'mul'> <InPorts = 2> <OutPorts = 1>
ST_2 : Operation 400 [1/1] (0.00ns)   --->   "%trunc_ln42_36 = partselect i16 @_ssdm_op_PartSelect.i16.i26.i32.i32, i26 %mul_ln73_1533, i32 10, i32 25" [firmware/nnet_utils/nnet_dense_latency.h:42]   --->   Operation 400 'partselect' 'trunc_ln42_36' <Predicate = true> <Delay = 0.00>
ST_2 : Operation 401 [1/2] (3.34ns)   --->   "%mul_ln73_1534 = mul i24 %sext_ln70_295, i24 16777094" [firmware/nnet_utils/nnet_mult.h:73->firmware/nnet_utils/nnet_dense_latency.h:42]   --->   Operation 401 'mul' 'mul_ln73_1534' <Predicate = true> <Delay = 3.34> <CoreInst = "Multiplier">   --->   Core 3 'Multiplier' <Latency = 1> <II = 1> <Delay = 3.34> <FuncUnit> <Opcode : 'mul'> <InPorts = 2> <OutPorts = 1>
ST_2 : Operation 402 [1/1] (0.00ns)   --->   "%trunc_ln42_37 = partselect i14 @_ssdm_op_PartSelect.i14.i24.i32.i32, i24 %mul_ln73_1534, i32 10, i32 23" [firmware/nnet_utils/nnet_dense_latency.h:42]   --->   Operation 402 'partselect' 'trunc_ln42_37' <Predicate = true> <Delay = 0.00>
ST_2 : Operation 403 [1/2] (3.34ns)   --->   "%mul_ln73_1535 = mul i26 %sext_ln70_296, i26 67108598" [firmware/nnet_utils/nnet_mult.h:73->firmware/nnet_utils/nnet_dense_latency.h:42]   --->   Operation 403 'mul' 'mul_ln73_1535' <Predicate = true> <Delay = 3.34> <CoreInst = "Multiplier">   --->   Core 3 'Multiplier' <Latency = 1> <II = 1> <Delay = 3.34> <FuncUnit> <Opcode : 'mul'> <InPorts = 2> <OutPorts = 1>
ST_2 : Operation 404 [1/1] (0.00ns)   --->   "%trunc_ln42_38 = partselect i16 @_ssdm_op_PartSelect.i16.i26.i32.i32, i26 %mul_ln73_1535, i32 10, i32 25" [firmware/nnet_utils/nnet_dense_latency.h:42]   --->   Operation 404 'partselect' 'trunc_ln42_38' <Predicate = true> <Delay = 0.00>
ST_2 : Operation 405 [1/2] (3.34ns)   --->   "%mul_ln73_1536 = mul i26 %sext_ln70_299, i26 342" [firmware/nnet_utils/nnet_mult.h:73->firmware/nnet_utils/nnet_dense_latency.h:42]   --->   Operation 405 'mul' 'mul_ln73_1536' <Predicate = true> <Delay = 3.34> <CoreInst = "Multiplier">   --->   Core 3 'Multiplier' <Latency = 1> <II = 1> <Delay = 3.34> <FuncUnit> <Opcode : 'mul'> <InPorts = 2> <OutPorts = 1>
ST_2 : Operation 406 [1/1] (0.00ns)   --->   "%trunc_ln42_39 = partselect i16 @_ssdm_op_PartSelect.i16.i26.i32.i32, i26 %mul_ln73_1536, i32 10, i32 25" [firmware/nnet_utils/nnet_dense_latency.h:42]   --->   Operation 406 'partselect' 'trunc_ln42_39' <Predicate = true> <Delay = 0.00>
ST_2 : Operation 407 [1/2] (3.34ns)   --->   "%mul_ln73_1537 = mul i26 %sext_ln70_299, i26 67108474" [firmware/nnet_utils/nnet_mult.h:73->firmware/nnet_utils/nnet_dense_latency.h:42]   --->   Operation 407 'mul' 'mul_ln73_1537' <Predicate = true> <Delay = 3.34> <CoreInst = "Multiplier">   --->   Core 3 'Multiplier' <Latency = 1> <II = 1> <Delay = 3.34> <FuncUnit> <Opcode : 'mul'> <InPorts = 2> <OutPorts = 1>
ST_2 : Operation 408 [1/1] (0.00ns)   --->   "%trunc_ln42_40 = partselect i16 @_ssdm_op_PartSelect.i16.i26.i32.i32, i26 %mul_ln73_1537, i32 10, i32 25" [firmware/nnet_utils/nnet_dense_latency.h:42]   --->   Operation 408 'partselect' 'trunc_ln42_40' <Predicate = true> <Delay = 0.00>
ST_2 : Operation 409 [1/2] (3.34ns)   --->   "%mul_ln73_1538 = mul i26 %sext_ln70_299, i26 67108577" [firmware/nnet_utils/nnet_mult.h:73->firmware/nnet_utils/nnet_dense_latency.h:42]   --->   Operation 409 'mul' 'mul_ln73_1538' <Predicate = true> <Delay = 3.34> <CoreInst = "Multiplier">   --->   Core 3 'Multiplier' <Latency = 1> <II = 1> <Delay = 3.34> <FuncUnit> <Opcode : 'mul'> <InPorts = 2> <OutPorts = 1>
ST_2 : Operation 410 [1/1] (0.00ns)   --->   "%trunc_ln42_41 = partselect i16 @_ssdm_op_PartSelect.i16.i26.i32.i32, i26 %mul_ln73_1538, i32 10, i32 25" [firmware/nnet_utils/nnet_dense_latency.h:42]   --->   Operation 410 'partselect' 'trunc_ln42_41' <Predicate = true> <Delay = 0.00>
ST_2 : Operation 411 [1/2] (3.34ns)   --->   "%mul_ln73_1539 = mul i26 %sext_ln70_299, i26 67108549" [firmware/nnet_utils/nnet_mult.h:73->firmware/nnet_utils/nnet_dense_latency.h:42]   --->   Operation 411 'mul' 'mul_ln73_1539' <Predicate = true> <Delay = 3.34> <CoreInst = "Multiplier">   --->   Core 3 'Multiplier' <Latency = 1> <II = 1> <Delay = 3.34> <FuncUnit> <Opcode : 'mul'> <InPorts = 2> <OutPorts = 1>
ST_2 : Operation 412 [1/1] (0.00ns)   --->   "%trunc_ln42_42 = partselect i16 @_ssdm_op_PartSelect.i16.i26.i32.i32, i26 %mul_ln73_1539, i32 10, i32 25" [firmware/nnet_utils/nnet_dense_latency.h:42]   --->   Operation 412 'partselect' 'trunc_ln42_42' <Predicate = true> <Delay = 0.00>
ST_2 : Operation 413 [1/2] (3.34ns)   --->   "%mul_ln73_1540 = mul i25 %sext_ln70_298, i25 33554206" [firmware/nnet_utils/nnet_mult.h:73->firmware/nnet_utils/nnet_dense_latency.h:42]   --->   Operation 413 'mul' 'mul_ln73_1540' <Predicate = true> <Delay = 3.34> <CoreInst = "Multiplier">   --->   Core 3 'Multiplier' <Latency = 1> <II = 1> <Delay = 3.34> <FuncUnit> <Opcode : 'mul'> <InPorts = 2> <OutPorts = 1>
ST_2 : Operation 414 [1/1] (0.00ns)   --->   "%trunc_ln42_43 = partselect i15 @_ssdm_op_PartSelect.i15.i25.i32.i32, i25 %mul_ln73_1540, i32 10, i32 24" [firmware/nnet_utils/nnet_dense_latency.h:42]   --->   Operation 414 'partselect' 'trunc_ln42_43' <Predicate = true> <Delay = 0.00>
ST_2 : Operation 415 [1/2] (3.34ns)   --->   "%mul_ln73_1541 = mul i26 %sext_ln70_301, i26 67108493" [firmware/nnet_utils/nnet_mult.h:73->firmware/nnet_utils/nnet_dense_latency.h:42]   --->   Operation 415 'mul' 'mul_ln73_1541' <Predicate = true> <Delay = 3.34> <CoreInst = "Multiplier">   --->   Core 3 'Multiplier' <Latency = 1> <II = 1> <Delay = 3.34> <FuncUnit> <Opcode : 'mul'> <InPorts = 2> <OutPorts = 1>
ST_2 : Operation 416 [1/1] (0.00ns)   --->   "%trunc_ln42_44 = partselect i16 @_ssdm_op_PartSelect.i16.i26.i32.i32, i26 %mul_ln73_1541, i32 10, i32 25" [firmware/nnet_utils/nnet_dense_latency.h:42]   --->   Operation 416 'partselect' 'trunc_ln42_44' <Predicate = true> <Delay = 0.00>
ST_2 : Operation 417 [1/2] (3.34ns)   --->   "%mul_ln73_1542 = mul i26 %sext_ln70_301, i26 360" [firmware/nnet_utils/nnet_mult.h:73->firmware/nnet_utils/nnet_dense_latency.h:42]   --->   Operation 417 'mul' 'mul_ln73_1542' <Predicate = true> <Delay = 3.34> <CoreInst = "Multiplier">   --->   Core 3 'Multiplier' <Latency = 1> <II = 1> <Delay = 3.34> <FuncUnit> <Opcode : 'mul'> <InPorts = 2> <OutPorts = 1>
ST_2 : Operation 418 [1/1] (0.00ns)   --->   "%trunc_ln42_45 = partselect i16 @_ssdm_op_PartSelect.i16.i26.i32.i32, i26 %mul_ln73_1542, i32 10, i32 25" [firmware/nnet_utils/nnet_dense_latency.h:42]   --->   Operation 418 'partselect' 'trunc_ln42_45' <Predicate = true> <Delay = 0.00>
ST_2 : Operation 419 [1/2] (3.34ns)   --->   "%mul_ln73_1543 = mul i26 %sext_ln70_301, i26 374" [firmware/nnet_utils/nnet_mult.h:73->firmware/nnet_utils/nnet_dense_latency.h:42]   --->   Operation 419 'mul' 'mul_ln73_1543' <Predicate = true> <Delay = 3.34> <CoreInst = "Multiplier">   --->   Core 3 'Multiplier' <Latency = 1> <II = 1> <Delay = 3.34> <FuncUnit> <Opcode : 'mul'> <InPorts = 2> <OutPorts = 1>
ST_2 : Operation 420 [1/1] (0.00ns)   --->   "%trunc_ln42_46 = partselect i16 @_ssdm_op_PartSelect.i16.i26.i32.i32, i26 %mul_ln73_1543, i32 10, i32 25" [firmware/nnet_utils/nnet_dense_latency.h:42]   --->   Operation 420 'partselect' 'trunc_ln42_46' <Predicate = true> <Delay = 0.00>
ST_2 : Operation 421 [1/2] (3.34ns)   --->   "%mul_ln73_1544 = mul i24 %sext_ln70_300, i24 16777140" [firmware/nnet_utils/nnet_mult.h:73->firmware/nnet_utils/nnet_dense_latency.h:42]   --->   Operation 421 'mul' 'mul_ln73_1544' <Predicate = true> <Delay = 3.34> <CoreInst = "Multiplier">   --->   Core 3 'Multiplier' <Latency = 1> <II = 1> <Delay = 3.34> <FuncUnit> <Opcode : 'mul'> <InPorts = 2> <OutPorts = 1>
ST_2 : Operation 422 [1/1] (0.00ns)   --->   "%trunc_ln42_47 = partselect i14 @_ssdm_op_PartSelect.i14.i24.i32.i32, i24 %mul_ln73_1544, i32 10, i32 23" [firmware/nnet_utils/nnet_dense_latency.h:42]   --->   Operation 422 'partselect' 'trunc_ln42_47' <Predicate = true> <Delay = 0.00>
ST_2 : Operation 423 [1/2] (3.34ns)   --->   "%mul_ln73_1545 = mul i26 %sext_ln70_301, i26 67108479" [firmware/nnet_utils/nnet_mult.h:73->firmware/nnet_utils/nnet_dense_latency.h:42]   --->   Operation 423 'mul' 'mul_ln73_1545' <Predicate = true> <Delay = 3.34> <CoreInst = "Multiplier">   --->   Core 3 'Multiplier' <Latency = 1> <II = 1> <Delay = 3.34> <FuncUnit> <Opcode : 'mul'> <InPorts = 2> <OutPorts = 1>
ST_2 : Operation 424 [1/1] (0.00ns)   --->   "%trunc_ln42_48 = partselect i16 @_ssdm_op_PartSelect.i16.i26.i32.i32, i26 %mul_ln73_1545, i32 10, i32 25" [firmware/nnet_utils/nnet_dense_latency.h:42]   --->   Operation 424 'partselect' 'trunc_ln42_48' <Predicate = true> <Delay = 0.00>
ST_2 : Operation 425 [1/1] (0.00ns)   --->   "%sext_ln70_303 = sext i16 %data_10_val_read" [firmware/nnet_utils/nnet_mult.h:70->firmware/nnet_utils/nnet_dense_latency.h:42]   --->   Operation 425 'sext' 'sext_ln70_303' <Predicate = true> <Delay = 0.00>
ST_2 : Operation 426 [1/2] (3.34ns)   --->   "%mul_ln73_1546 = mul i26 %sext_ln70_304, i26 269" [firmware/nnet_utils/nnet_mult.h:73->firmware/nnet_utils/nnet_dense_latency.h:42]   --->   Operation 426 'mul' 'mul_ln73_1546' <Predicate = true> <Delay = 3.34> <CoreInst = "Multiplier">   --->   Core 3 'Multiplier' <Latency = 1> <II = 1> <Delay = 3.34> <FuncUnit> <Opcode : 'mul'> <InPorts = 2> <OutPorts = 1>
ST_2 : Operation 427 [1/1] (0.00ns)   --->   "%trunc_ln42_49 = partselect i16 @_ssdm_op_PartSelect.i16.i26.i32.i32, i26 %mul_ln73_1546, i32 10, i32 25" [firmware/nnet_utils/nnet_dense_latency.h:42]   --->   Operation 427 'partselect' 'trunc_ln42_49' <Predicate = true> <Delay = 0.00>
ST_2 : Operation 428 [1/1] (0.00ns)   --->   "%tmp_424 = bitconcatenate i21 @_ssdm_op_BitConcatenate.i21.i16.i5, i16 %data_10_val_read, i5 0" [firmware/nnet_utils/nnet_mult.h:73->firmware/nnet_utils/nnet_dense_latency.h:42]   --->   Operation 428 'bitconcatenate' 'tmp_424' <Predicate = true> <Delay = 0.00>
ST_2 : Operation 429 [1/1] (0.00ns)   --->   "%sext_ln73_622 = sext i21 %tmp_424" [firmware/nnet_utils/nnet_mult.h:73->firmware/nnet_utils/nnet_dense_latency.h:42]   --->   Operation 429 'sext' 'sext_ln73_622' <Predicate = true> <Delay = 0.00>
ST_2 : Operation 430 [1/1] (0.00ns)   --->   "%tmp_425 = bitconcatenate i17 @_ssdm_op_BitConcatenate.i17.i16.i1, i16 %data_10_val_read, i1 0" [firmware/nnet_utils/nnet_mult.h:73->firmware/nnet_utils/nnet_dense_latency.h:42]   --->   Operation 430 'bitconcatenate' 'tmp_425' <Predicate = true> <Delay = 0.00>
ST_2 : Operation 431 [1/1] (0.00ns)   --->   "%sext_ln73_623 = sext i17 %tmp_425" [firmware/nnet_utils/nnet_mult.h:73->firmware/nnet_utils/nnet_dense_latency.h:42]   --->   Operation 431 'sext' 'sext_ln73_623' <Predicate = true> <Delay = 0.00>
ST_2 : Operation 432 [1/1] (2.22ns)   --->   "%sub_ln73_439 = sub i22 %sext_ln73_623, i22 %sext_ln73_622" [firmware/nnet_utils/nnet_mult.h:73->firmware/nnet_utils/nnet_dense_latency.h:42]   --->   Operation 432 'sub' 'sub_ln73_439' <Predicate = true> <Delay = 2.22> <CoreInst = "Adder">   --->   Core 1 'Adder' <Latency = 0> <II = 1> <Delay = 2.22> <FuncUnit> <Opcode : 'add' 'sub'> <InPorts = 2> <OutPorts = 1>
ST_2 : Operation 433 [1/1] (0.00ns)   --->   "%trunc_ln42_50 = partselect i12 @_ssdm_op_PartSelect.i12.i22.i32.i32, i22 %sub_ln73_439, i32 10, i32 21" [firmware/nnet_utils/nnet_dense_latency.h:42]   --->   Operation 433 'partselect' 'trunc_ln42_50' <Predicate = true> <Delay = 0.00>
ST_2 : Operation 434 [1/1] (0.00ns)   --->   "%tmp_426 = bitconcatenate i18 @_ssdm_op_BitConcatenate.i18.i16.i2, i16 %data_10_val_read, i2 0" [firmware/nnet_utils/nnet_mult.h:73->firmware/nnet_utils/nnet_dense_latency.h:42]   --->   Operation 434 'bitconcatenate' 'tmp_426' <Predicate = true> <Delay = 0.00>
ST_2 : Operation 435 [1/1] (0.00ns)   --->   "%sext_ln73_624 = sext i18 %tmp_426" [firmware/nnet_utils/nnet_mult.h:73->firmware/nnet_utils/nnet_dense_latency.h:42]   --->   Operation 435 'sext' 'sext_ln73_624' <Predicate = true> <Delay = 0.00>
ST_2 : Operation 436 [1/1] (2.13ns)   --->   "%sub_ln73_440 = sub i19 %sext_ln73_624, i19 %sext_ln70_303" [firmware/nnet_utils/nnet_mult.h:73->firmware/nnet_utils/nnet_dense_latency.h:42]   --->   Operation 436 'sub' 'sub_ln73_440' <Predicate = true> <Delay = 2.13> <CoreInst = "Adder">   --->   Core 1 'Adder' <Latency = 0> <II = 1> <Delay = 2.13> <FuncUnit> <Opcode : 'add' 'sub'> <InPorts = 2> <OutPorts = 1>
ST_2 : Operation 437 [1/1] (0.00ns)   --->   "%trunc_ln42_51 = partselect i9 @_ssdm_op_PartSelect.i9.i19.i32.i32, i19 %sub_ln73_440, i32 10, i32 18" [firmware/nnet_utils/nnet_dense_latency.h:42]   --->   Operation 437 'partselect' 'trunc_ln42_51' <Predicate = true> <Delay = 0.00>
ST_2 : Operation 438 [1/2] (3.34ns)   --->   "%mul_ln73_1547 = mul i25 %sext_ln70_302, i25 197" [firmware/nnet_utils/nnet_mult.h:73->firmware/nnet_utils/nnet_dense_latency.h:42]   --->   Operation 438 'mul' 'mul_ln73_1547' <Predicate = true> <Delay = 3.34> <CoreInst = "Multiplier">   --->   Core 3 'Multiplier' <Latency = 1> <II = 1> <Delay = 3.34> <FuncUnit> <Opcode : 'mul'> <InPorts = 2> <OutPorts = 1>
ST_2 : Operation 439 [1/1] (0.00ns)   --->   "%trunc_ln42_52 = partselect i15 @_ssdm_op_PartSelect.i15.i25.i32.i32, i25 %mul_ln73_1547, i32 10, i32 24" [firmware/nnet_utils/nnet_dense_latency.h:42]   --->   Operation 439 'partselect' 'trunc_ln42_52' <Predicate = true> <Delay = 0.00>
ST_2 : Operation 440 [1/2] (3.34ns)   --->   "%mul_ln73_1548 = mul i26 %sext_ln70_304, i26 67108539" [firmware/nnet_utils/nnet_mult.h:73->firmware/nnet_utils/nnet_dense_latency.h:42]   --->   Operation 440 'mul' 'mul_ln73_1548' <Predicate = true> <Delay = 3.34> <CoreInst = "Multiplier">   --->   Core 3 'Multiplier' <Latency = 1> <II = 1> <Delay = 3.34> <FuncUnit> <Opcode : 'mul'> <InPorts = 2> <OutPorts = 1>
ST_2 : Operation 441 [1/1] (0.00ns)   --->   "%trunc_ln42_53 = partselect i16 @_ssdm_op_PartSelect.i16.i26.i32.i32, i26 %mul_ln73_1548, i32 10, i32 25" [firmware/nnet_utils/nnet_dense_latency.h:42]   --->   Operation 441 'partselect' 'trunc_ln42_53' <Predicate = true> <Delay = 0.00>
ST_2 : Operation 442 [1/1] (0.00ns)   --->   "%sext_ln70_306 = sext i16 %data_11_val_read" [firmware/nnet_utils/nnet_mult.h:70->firmware/nnet_utils/nnet_dense_latency.h:42]   --->   Operation 442 'sext' 'sext_ln70_306' <Predicate = true> <Delay = 0.00>
ST_2 : Operation 443 [1/2] (3.34ns)   --->   "%mul_ln73_1549 = mul i25 %sext_ln70_307, i25 167" [firmware/nnet_utils/nnet_mult.h:73->firmware/nnet_utils/nnet_dense_latency.h:42]   --->   Operation 443 'mul' 'mul_ln73_1549' <Predicate = true> <Delay = 3.34> <CoreInst = "Multiplier">   --->   Core 3 'Multiplier' <Latency = 1> <II = 1> <Delay = 3.34> <FuncUnit> <Opcode : 'mul'> <InPorts = 2> <OutPorts = 1>
ST_2 : Operation 444 [1/1] (0.00ns)   --->   "%trunc_ln42_54 = partselect i15 @_ssdm_op_PartSelect.i15.i25.i32.i32, i25 %mul_ln73_1549, i32 10, i32 24" [firmware/nnet_utils/nnet_dense_latency.h:42]   --->   Operation 444 'partselect' 'trunc_ln42_54' <Predicate = true> <Delay = 0.00>
ST_2 : Operation 445 [1/1] (0.00ns)   --->   "%tmp_427 = bitconcatenate i19 @_ssdm_op_BitConcatenate.i19.i16.i3, i16 %data_11_val_read, i3 0" [firmware/nnet_utils/nnet_mult.h:73->firmware/nnet_utils/nnet_dense_latency.h:42]   --->   Operation 445 'bitconcatenate' 'tmp_427' <Predicate = true> <Delay = 0.00>
ST_2 : Operation 446 [1/1] (0.00ns)   --->   "%sext_ln73_625 = sext i19 %tmp_427" [firmware/nnet_utils/nnet_mult.h:73->firmware/nnet_utils/nnet_dense_latency.h:42]   --->   Operation 446 'sext' 'sext_ln73_625' <Predicate = true> <Delay = 0.00>
ST_2 : Operation 447 [1/1] (2.16ns)   --->   "%add_ln73_83 = add i21 %sext_ln73_625, i21 %sext_ln70_306" [firmware/nnet_utils/nnet_mult.h:73->firmware/nnet_utils/nnet_dense_latency.h:42]   --->   Operation 447 'add' 'add_ln73_83' <Predicate = true> <Delay = 2.16> <CoreInst = "Adder">   --->   Core 1 'Adder' <Latency = 0> <II = 1> <Delay = 2.16> <FuncUnit> <Opcode : 'add' 'sub'> <InPorts = 2> <OutPorts = 1>
ST_2 : Operation 448 [1/1] (0.00ns)   --->   "%trunc_ln42_55 = partselect i11 @_ssdm_op_PartSelect.i11.i21.i32.i32, i21 %add_ln73_83, i32 10, i32 20" [firmware/nnet_utils/nnet_dense_latency.h:42]   --->   Operation 448 'partselect' 'trunc_ln42_55' <Predicate = true> <Delay = 0.00>
ST_2 : Operation 449 [1/1] (0.00ns)   --->   "%tmp_428 = bitconcatenate i24 @_ssdm_op_BitConcatenate.i24.i16.i8, i16 %data_11_val_read, i8 0" [firmware/nnet_utils/nnet_mult.h:73->firmware/nnet_utils/nnet_dense_latency.h:42]   --->   Operation 449 'bitconcatenate' 'tmp_428' <Predicate = true> <Delay = 0.00>
ST_2 : Operation 450 [1/1] (0.00ns)   --->   "%sext_ln73_626 = sext i24 %tmp_428" [firmware/nnet_utils/nnet_mult.h:73->firmware/nnet_utils/nnet_dense_latency.h:42]   --->   Operation 450 'sext' 'sext_ln73_626' <Predicate = true> <Delay = 0.00>
ST_2 : Operation 451 [1/1] (0.00ns)   --->   "%sext_ln73_627 = sext i19 %tmp_427" [firmware/nnet_utils/nnet_mult.h:73->firmware/nnet_utils/nnet_dense_latency.h:42]   --->   Operation 451 'sext' 'sext_ln73_627' <Predicate = true> <Delay = 0.00>
ST_2 : Operation 452 [1/1] (2.31ns)   --->   "%sub_ln73_441 = sub i25 %sext_ln73_627, i25 %sext_ln73_626" [firmware/nnet_utils/nnet_mult.h:73->firmware/nnet_utils/nnet_dense_latency.h:42]   --->   Operation 452 'sub' 'sub_ln73_441' <Predicate = true> <Delay = 2.31> <CoreInst = "Adder">   --->   Core 1 'Adder' <Latency = 0> <II = 1> <Delay = 2.31> <FuncUnit> <Opcode : 'add' 'sub'> <InPorts = 2> <OutPorts = 1>
ST_2 : Operation 453 [1/1] (0.00ns)   --->   "%trunc_ln42_56 = partselect i15 @_ssdm_op_PartSelect.i15.i25.i32.i32, i25 %sub_ln73_441, i32 10, i32 24" [firmware/nnet_utils/nnet_dense_latency.h:42]   --->   Operation 453 'partselect' 'trunc_ln42_56' <Predicate = true> <Delay = 0.00>
ST_2 : Operation 454 [1/2] (3.34ns)   --->   "%mul_ln73_1550 = mul i25 %sext_ln70_307, i25 33554285" [firmware/nnet_utils/nnet_mult.h:73->firmware/nnet_utils/nnet_dense_latency.h:42]   --->   Operation 454 'mul' 'mul_ln73_1550' <Predicate = true> <Delay = 3.34> <CoreInst = "Multiplier">   --->   Core 3 'Multiplier' <Latency = 1> <II = 1> <Delay = 3.34> <FuncUnit> <Opcode : 'mul'> <InPorts = 2> <OutPorts = 1>
ST_2 : Operation 455 [1/1] (0.00ns)   --->   "%trunc_ln42_57 = partselect i15 @_ssdm_op_PartSelect.i15.i25.i32.i32, i25 %mul_ln73_1550, i32 10, i32 24" [firmware/nnet_utils/nnet_dense_latency.h:42]   --->   Operation 455 'partselect' 'trunc_ln42_57' <Predicate = true> <Delay = 0.00>
ST_2 : Operation 456 [1/2] (3.34ns)   --->   "%mul_ln73_1551 = mul i24 %sext_ln70_305, i24 16777131" [firmware/nnet_utils/nnet_mult.h:73->firmware/nnet_utils/nnet_dense_latency.h:42]   --->   Operation 456 'mul' 'mul_ln73_1551' <Predicate = true> <Delay = 3.34> <CoreInst = "Multiplier">   --->   Core 3 'Multiplier' <Latency = 1> <II = 1> <Delay = 3.34> <FuncUnit> <Opcode : 'mul'> <InPorts = 2> <OutPorts = 1>
ST_2 : Operation 457 [1/1] (0.00ns)   --->   "%trunc_ln42_58 = partselect i14 @_ssdm_op_PartSelect.i14.i24.i32.i32, i24 %mul_ln73_1551, i32 10, i32 23" [firmware/nnet_utils/nnet_dense_latency.h:42]   --->   Operation 457 'partselect' 'trunc_ln42_58' <Predicate = true> <Delay = 0.00>
ST_2 : Operation 458 [1/2] (3.34ns)   --->   "%mul_ln73_1552 = mul i26 %sext_ln70_309, i26 67108494" [firmware/nnet_utils/nnet_mult.h:73->firmware/nnet_utils/nnet_dense_latency.h:42]   --->   Operation 458 'mul' 'mul_ln73_1552' <Predicate = true> <Delay = 3.34> <CoreInst = "Multiplier">   --->   Core 3 'Multiplier' <Latency = 1> <II = 1> <Delay = 3.34> <FuncUnit> <Opcode : 'mul'> <InPorts = 2> <OutPorts = 1>
ST_2 : Operation 459 [1/1] (0.00ns)   --->   "%trunc_ln42_59 = partselect i16 @_ssdm_op_PartSelect.i16.i26.i32.i32, i26 %mul_ln73_1552, i32 10, i32 25" [firmware/nnet_utils/nnet_dense_latency.h:42]   --->   Operation 459 'partselect' 'trunc_ln42_59' <Predicate = true> <Delay = 0.00>
ST_2 : Operation 460 [1/2] (3.34ns)   --->   "%mul_ln73_1553 = mul i26 %sext_ln70_309, i26 316" [firmware/nnet_utils/nnet_mult.h:73->firmware/nnet_utils/nnet_dense_latency.h:42]   --->   Operation 460 'mul' 'mul_ln73_1553' <Predicate = true> <Delay = 3.34> <CoreInst = "Multiplier">   --->   Core 3 'Multiplier' <Latency = 1> <II = 1> <Delay = 3.34> <FuncUnit> <Opcode : 'mul'> <InPorts = 2> <OutPorts = 1>
ST_2 : Operation 461 [1/1] (0.00ns)   --->   "%trunc_ln42_60 = partselect i16 @_ssdm_op_PartSelect.i16.i26.i32.i32, i26 %mul_ln73_1553, i32 10, i32 25" [firmware/nnet_utils/nnet_dense_latency.h:42]   --->   Operation 461 'partselect' 'trunc_ln42_60' <Predicate = true> <Delay = 0.00>
ST_2 : Operation 462 [1/2] (3.34ns)   --->   "%mul_ln73_1554 = mul i26 %sext_ln70_309, i26 67108514" [firmware/nnet_utils/nnet_mult.h:73->firmware/nnet_utils/nnet_dense_latency.h:42]   --->   Operation 462 'mul' 'mul_ln73_1554' <Predicate = true> <Delay = 3.34> <CoreInst = "Multiplier">   --->   Core 3 'Multiplier' <Latency = 1> <II = 1> <Delay = 3.34> <FuncUnit> <Opcode : 'mul'> <InPorts = 2> <OutPorts = 1>
ST_2 : Operation 463 [1/1] (0.00ns)   --->   "%trunc_ln42_61 = partselect i16 @_ssdm_op_PartSelect.i16.i26.i32.i32, i26 %mul_ln73_1554, i32 10, i32 25" [firmware/nnet_utils/nnet_dense_latency.h:42]   --->   Operation 463 'partselect' 'trunc_ln42_61' <Predicate = true> <Delay = 0.00>
ST_2 : Operation 464 [1/2] (3.34ns)   --->   "%mul_ln73_1555 = mul i26 %sext_ln70_309, i26 259" [firmware/nnet_utils/nnet_mult.h:73->firmware/nnet_utils/nnet_dense_latency.h:42]   --->   Operation 464 'mul' 'mul_ln73_1555' <Predicate = true> <Delay = 3.34> <CoreInst = "Multiplier">   --->   Core 3 'Multiplier' <Latency = 1> <II = 1> <Delay = 3.34> <FuncUnit> <Opcode : 'mul'> <InPorts = 2> <OutPorts = 1>
ST_2 : Operation 465 [1/1] (0.00ns)   --->   "%trunc_ln42_62 = partselect i16 @_ssdm_op_PartSelect.i16.i26.i32.i32, i26 %mul_ln73_1555, i32 10, i32 25" [firmware/nnet_utils/nnet_dense_latency.h:42]   --->   Operation 465 'partselect' 'trunc_ln42_62' <Predicate = true> <Delay = 0.00>
ST_2 : Operation 466 [1/2] (3.34ns)   --->   "%mul_ln73_1556 = mul i26 %sext_ln70_309, i26 67108551" [firmware/nnet_utils/nnet_mult.h:73->firmware/nnet_utils/nnet_dense_latency.h:42]   --->   Operation 466 'mul' 'mul_ln73_1556' <Predicate = true> <Delay = 3.34> <CoreInst = "Multiplier">   --->   Core 3 'Multiplier' <Latency = 1> <II = 1> <Delay = 3.34> <FuncUnit> <Opcode : 'mul'> <InPorts = 2> <OutPorts = 1>
ST_2 : Operation 467 [1/1] (0.00ns)   --->   "%trunc_ln42_63 = partselect i16 @_ssdm_op_PartSelect.i16.i26.i32.i32, i26 %mul_ln73_1556, i32 10, i32 25" [firmware/nnet_utils/nnet_dense_latency.h:42]   --->   Operation 467 'partselect' 'trunc_ln42_63' <Predicate = true> <Delay = 0.00>
ST_2 : Operation 468 [1/2] (3.34ns)   --->   "%mul_ln73_1557 = mul i25 %sext_ln70_312, i25 33554203" [firmware/nnet_utils/nnet_mult.h:73->firmware/nnet_utils/nnet_dense_latency.h:42]   --->   Operation 468 'mul' 'mul_ln73_1557' <Predicate = true> <Delay = 3.34> <CoreInst = "Multiplier">   --->   Core 3 'Multiplier' <Latency = 1> <II = 1> <Delay = 3.34> <FuncUnit> <Opcode : 'mul'> <InPorts = 2> <OutPorts = 1>
ST_2 : Operation 469 [1/1] (0.00ns)   --->   "%trunc_ln42_64 = partselect i15 @_ssdm_op_PartSelect.i15.i25.i32.i32, i25 %mul_ln73_1557, i32 10, i32 24" [firmware/nnet_utils/nnet_dense_latency.h:42]   --->   Operation 469 'partselect' 'trunc_ln42_64' <Predicate = true> <Delay = 0.00>
ST_2 : Operation 470 [1/2] (3.34ns)   --->   "%mul_ln73_1558 = mul i25 %sext_ln70_312, i25 33554284" [firmware/nnet_utils/nnet_mult.h:73->firmware/nnet_utils/nnet_dense_latency.h:42]   --->   Operation 470 'mul' 'mul_ln73_1558' <Predicate = true> <Delay = 3.34> <CoreInst = "Multiplier">   --->   Core 3 'Multiplier' <Latency = 1> <II = 1> <Delay = 3.34> <FuncUnit> <Opcode : 'mul'> <InPorts = 2> <OutPorts = 1>
ST_2 : Operation 471 [1/1] (0.00ns)   --->   "%trunc_ln42_65 = partselect i15 @_ssdm_op_PartSelect.i15.i25.i32.i32, i25 %mul_ln73_1558, i32 10, i32 24" [firmware/nnet_utils/nnet_dense_latency.h:42]   --->   Operation 471 'partselect' 'trunc_ln42_65' <Predicate = true> <Delay = 0.00>
ST_2 : Operation 472 [1/2] (3.34ns)   --->   "%mul_ln73_1559 = mul i24 %sext_ln70_311, i24 16777138" [firmware/nnet_utils/nnet_mult.h:73->firmware/nnet_utils/nnet_dense_latency.h:42]   --->   Operation 472 'mul' 'mul_ln73_1559' <Predicate = true> <Delay = 3.34> <CoreInst = "Multiplier">   --->   Core 3 'Multiplier' <Latency = 1> <II = 1> <Delay = 3.34> <FuncUnit> <Opcode : 'mul'> <InPorts = 2> <OutPorts = 1>
ST_2 : Operation 473 [1/1] (0.00ns)   --->   "%trunc_ln42_66 = partselect i14 @_ssdm_op_PartSelect.i14.i24.i32.i32, i24 %mul_ln73_1559, i32 10, i32 23" [firmware/nnet_utils/nnet_dense_latency.h:42]   --->   Operation 473 'partselect' 'trunc_ln42_66' <Predicate = true> <Delay = 0.00>
ST_2 : Operation 474 [1/2] (3.34ns)   --->   "%mul_ln73_1560 = mul i26 %sext_ln70_310, i26 67108454" [firmware/nnet_utils/nnet_mult.h:73->firmware/nnet_utils/nnet_dense_latency.h:42]   --->   Operation 474 'mul' 'mul_ln73_1560' <Predicate = true> <Delay = 3.34> <CoreInst = "Multiplier">   --->   Core 3 'Multiplier' <Latency = 1> <II = 1> <Delay = 3.34> <FuncUnit> <Opcode : 'mul'> <InPorts = 2> <OutPorts = 1>
ST_2 : Operation 475 [1/1] (0.00ns)   --->   "%trunc_ln42_67 = partselect i16 @_ssdm_op_PartSelect.i16.i26.i32.i32, i26 %mul_ln73_1560, i32 10, i32 25" [firmware/nnet_utils/nnet_dense_latency.h:42]   --->   Operation 475 'partselect' 'trunc_ln42_67' <Predicate = true> <Delay = 0.00>
ST_2 : Operation 476 [1/2] (3.34ns)   --->   "%mul_ln73_1561 = mul i25 %sext_ln70_312, i25 161" [firmware/nnet_utils/nnet_mult.h:73->firmware/nnet_utils/nnet_dense_latency.h:42]   --->   Operation 476 'mul' 'mul_ln73_1561' <Predicate = true> <Delay = 3.34> <CoreInst = "Multiplier">   --->   Core 3 'Multiplier' <Latency = 1> <II = 1> <Delay = 3.34> <FuncUnit> <Opcode : 'mul'> <InPorts = 2> <OutPorts = 1>
ST_2 : Operation 477 [1/1] (0.00ns)   --->   "%trunc_ln42_68 = partselect i15 @_ssdm_op_PartSelect.i15.i25.i32.i32, i25 %mul_ln73_1561, i32 10, i32 24" [firmware/nnet_utils/nnet_dense_latency.h:42]   --->   Operation 477 'partselect' 'trunc_ln42_68' <Predicate = true> <Delay = 0.00>
ST_2 : Operation 478 [1/2] (3.34ns)   --->   "%mul_ln73_1562 = mul i25 %sext_ln70_315, i25 199" [firmware/nnet_utils/nnet_mult.h:73->firmware/nnet_utils/nnet_dense_latency.h:42]   --->   Operation 478 'mul' 'mul_ln73_1562' <Predicate = true> <Delay = 3.34> <CoreInst = "Multiplier">   --->   Core 3 'Multiplier' <Latency = 1> <II = 1> <Delay = 3.34> <FuncUnit> <Opcode : 'mul'> <InPorts = 2> <OutPorts = 1>
ST_2 : Operation 479 [1/1] (0.00ns)   --->   "%trunc_ln42_69 = partselect i15 @_ssdm_op_PartSelect.i15.i25.i32.i32, i25 %mul_ln73_1562, i32 10, i32 24" [firmware/nnet_utils/nnet_dense_latency.h:42]   --->   Operation 479 'partselect' 'trunc_ln42_69' <Predicate = true> <Delay = 0.00>
ST_2 : Operation 480 [1/1] (0.00ns)   --->   "%tmp_430 = bitconcatenate i20 @_ssdm_op_BitConcatenate.i20.i16.i4, i16 %data_14_val_read, i4 0" [firmware/nnet_utils/nnet_mult.h:73->firmware/nnet_utils/nnet_dense_latency.h:42]   --->   Operation 480 'bitconcatenate' 'tmp_430' <Predicate = true> <Delay = 0.00>
ST_2 : Operation 481 [1/1] (0.00ns)   --->   "%sext_ln73_629 = sext i20 %tmp_430" [firmware/nnet_utils/nnet_mult.h:73->firmware/nnet_utils/nnet_dense_latency.h:42]   --->   Operation 481 'sext' 'sext_ln73_629' <Predicate = true> <Delay = 0.00>
ST_2 : Operation 482 [1/1] (2.31ns)   --->   "%sub_ln73_443 = sub i24 %sub_ln73_442, i24 %sext_ln73_629" [firmware/nnet_utils/nnet_mult.h:73->firmware/nnet_utils/nnet_dense_latency.h:42]   --->   Operation 482 'sub' 'sub_ln73_443' <Predicate = true> <Delay = 2.31> <CoreInst = "Adder">   --->   Core 1 'Adder' <Latency = 0> <II = 1> <Delay = 2.31> <FuncUnit> <Opcode : 'add' 'sub'> <InPorts = 2> <OutPorts = 1>
ST_2 : Operation 483 [1/1] (0.00ns)   --->   "%trunc_ln42_70 = partselect i14 @_ssdm_op_PartSelect.i14.i24.i32.i32, i24 %sub_ln73_443, i32 10, i32 23" [firmware/nnet_utils/nnet_dense_latency.h:42]   --->   Operation 483 'partselect' 'trunc_ln42_70' <Predicate = true> <Delay = 0.00>
ST_2 : Operation 484 [1/2] (3.34ns)   --->   "%mul_ln73_1563 = mul i26 %sext_ln70_313, i26 333" [firmware/nnet_utils/nnet_mult.h:73->firmware/nnet_utils/nnet_dense_latency.h:42]   --->   Operation 484 'mul' 'mul_ln73_1563' <Predicate = true> <Delay = 3.34> <CoreInst = "Multiplier">   --->   Core 3 'Multiplier' <Latency = 1> <II = 1> <Delay = 3.34> <FuncUnit> <Opcode : 'mul'> <InPorts = 2> <OutPorts = 1>
ST_2 : Operation 485 [1/1] (0.00ns)   --->   "%trunc_ln42_71 = partselect i16 @_ssdm_op_PartSelect.i16.i26.i32.i32, i26 %mul_ln73_1563, i32 10, i32 25" [firmware/nnet_utils/nnet_dense_latency.h:42]   --->   Operation 485 'partselect' 'trunc_ln42_71' <Predicate = true> <Delay = 0.00>
ST_2 : Operation 486 [1/2] (3.34ns)   --->   "%mul_ln73_1564 = mul i24 %sext_ln70_314, i24 113" [firmware/nnet_utils/nnet_mult.h:73->firmware/nnet_utils/nnet_dense_latency.h:42]   --->   Operation 486 'mul' 'mul_ln73_1564' <Predicate = true> <Delay = 3.34> <CoreInst = "Multiplier">   --->   Core 3 'Multiplier' <Latency = 1> <II = 1> <Delay = 3.34> <FuncUnit> <Opcode : 'mul'> <InPorts = 2> <OutPorts = 1>
ST_2 : Operation 487 [1/1] (0.00ns)   --->   "%trunc_ln42_72 = partselect i14 @_ssdm_op_PartSelect.i14.i24.i32.i32, i24 %mul_ln73_1564, i32 10, i32 23" [firmware/nnet_utils/nnet_dense_latency.h:42]   --->   Operation 487 'partselect' 'trunc_ln42_72' <Predicate = true> <Delay = 0.00>
ST_2 : Operation 488 [1/2] (3.34ns)   --->   "%mul_ln73_1565 = mul i24 %sext_ln70_314, i24 16777124" [firmware/nnet_utils/nnet_mult.h:73->firmware/nnet_utils/nnet_dense_latency.h:42]   --->   Operation 488 'mul' 'mul_ln73_1565' <Predicate = true> <Delay = 3.34> <CoreInst = "Multiplier">   --->   Core 3 'Multiplier' <Latency = 1> <II = 1> <Delay = 3.34> <FuncUnit> <Opcode : 'mul'> <InPorts = 2> <OutPorts = 1>
ST_2 : Operation 489 [1/1] (0.00ns)   --->   "%trunc_ln42_73 = partselect i14 @_ssdm_op_PartSelect.i14.i24.i32.i32, i24 %mul_ln73_1565, i32 10, i32 23" [firmware/nnet_utils/nnet_dense_latency.h:42]   --->   Operation 489 'partselect' 'trunc_ln42_73' <Predicate = true> <Delay = 0.00>
ST_2 : Operation 490 [1/2] (3.34ns)   --->   "%mul_ln73_1566 = mul i26 %sext_ln70_319, i26 362" [firmware/nnet_utils/nnet_mult.h:73->firmware/nnet_utils/nnet_dense_latency.h:42]   --->   Operation 490 'mul' 'mul_ln73_1566' <Predicate = true> <Delay = 3.34> <CoreInst = "Multiplier">   --->   Core 3 'Multiplier' <Latency = 1> <II = 1> <Delay = 3.34> <FuncUnit> <Opcode : 'mul'> <InPorts = 2> <OutPorts = 1>
ST_2 : Operation 491 [1/1] (0.00ns)   --->   "%trunc_ln42_74 = partselect i16 @_ssdm_op_PartSelect.i16.i26.i32.i32, i26 %mul_ln73_1566, i32 10, i32 25" [firmware/nnet_utils/nnet_dense_latency.h:42]   --->   Operation 491 'partselect' 'trunc_ln42_74' <Predicate = true> <Delay = 0.00>
ST_2 : Operation 492 [1/2] (3.34ns)   --->   "%mul_ln73_1567 = mul i25 %sext_ln70_318, i25 33554253" [firmware/nnet_utils/nnet_mult.h:73->firmware/nnet_utils/nnet_dense_latency.h:42]   --->   Operation 492 'mul' 'mul_ln73_1567' <Predicate = true> <Delay = 3.34> <CoreInst = "Multiplier">   --->   Core 3 'Multiplier' <Latency = 1> <II = 1> <Delay = 3.34> <FuncUnit> <Opcode : 'mul'> <InPorts = 2> <OutPorts = 1>
ST_2 : Operation 493 [1/1] (0.00ns)   --->   "%trunc_ln42_75 = partselect i15 @_ssdm_op_PartSelect.i15.i25.i32.i32, i25 %mul_ln73_1567, i32 10, i32 24" [firmware/nnet_utils/nnet_dense_latency.h:42]   --->   Operation 493 'partselect' 'trunc_ln42_75' <Predicate = true> <Delay = 0.00>
ST_2 : Operation 494 [1/2] (3.34ns)   --->   "%mul_ln73_1568 = mul i24 %sext_ln70_317, i24 16777132" [firmware/nnet_utils/nnet_mult.h:73->firmware/nnet_utils/nnet_dense_latency.h:42]   --->   Operation 494 'mul' 'mul_ln73_1568' <Predicate = true> <Delay = 3.34> <CoreInst = "Multiplier">   --->   Core 3 'Multiplier' <Latency = 1> <II = 1> <Delay = 3.34> <FuncUnit> <Opcode : 'mul'> <InPorts = 2> <OutPorts = 1>
ST_2 : Operation 495 [1/1] (0.00ns)   --->   "%trunc_ln42_76 = partselect i14 @_ssdm_op_PartSelect.i14.i24.i32.i32, i24 %mul_ln73_1568, i32 10, i32 23" [firmware/nnet_utils/nnet_dense_latency.h:42]   --->   Operation 495 'partselect' 'trunc_ln42_76' <Predicate = true> <Delay = 0.00>
ST_2 : Operation 496 [1/2] (3.34ns)   --->   "%mul_ln73_1569 = mul i26 %sext_ln70_319, i26 408" [firmware/nnet_utils/nnet_mult.h:73->firmware/nnet_utils/nnet_dense_latency.h:42]   --->   Operation 496 'mul' 'mul_ln73_1569' <Predicate = true> <Delay = 3.34> <CoreInst = "Multiplier">   --->   Core 3 'Multiplier' <Latency = 1> <II = 1> <Delay = 3.34> <FuncUnit> <Opcode : 'mul'> <InPorts = 2> <OutPorts = 1>
ST_2 : Operation 497 [1/1] (0.00ns)   --->   "%trunc_ln42_77 = partselect i16 @_ssdm_op_PartSelect.i16.i26.i32.i32, i26 %mul_ln73_1569, i32 10, i32 25" [firmware/nnet_utils/nnet_dense_latency.h:42]   --->   Operation 497 'partselect' 'trunc_ln42_77' <Predicate = true> <Delay = 0.00>
ST_2 : Operation 498 [1/2] (3.34ns)   --->   "%mul_ln73_1570 = mul i25 %sext_ln70_318, i25 159" [firmware/nnet_utils/nnet_mult.h:73->firmware/nnet_utils/nnet_dense_latency.h:42]   --->   Operation 498 'mul' 'mul_ln73_1570' <Predicate = true> <Delay = 3.34> <CoreInst = "Multiplier">   --->   Core 3 'Multiplier' <Latency = 1> <II = 1> <Delay = 3.34> <FuncUnit> <Opcode : 'mul'> <InPorts = 2> <OutPorts = 1>
ST_2 : Operation 499 [1/1] (0.00ns)   --->   "%trunc_ln42_78 = partselect i15 @_ssdm_op_PartSelect.i15.i25.i32.i32, i25 %mul_ln73_1570, i32 10, i32 24" [firmware/nnet_utils/nnet_dense_latency.h:42]   --->   Operation 499 'partselect' 'trunc_ln42_78' <Predicate = true> <Delay = 0.00>
ST_2 : Operation 500 [1/2] (3.34ns)   --->   "%mul_ln73_1571 = mul i23 %sext_ln70_321, i23 8388571" [firmware/nnet_utils/nnet_mult.h:73->firmware/nnet_utils/nnet_dense_latency.h:42]   --->   Operation 500 'mul' 'mul_ln73_1571' <Predicate = true> <Delay = 3.34> <CoreInst = "Multiplier">   --->   Core 3 'Multiplier' <Latency = 1> <II = 1> <Delay = 3.34> <FuncUnit> <Opcode : 'mul'> <InPorts = 2> <OutPorts = 1>
ST_2 : Operation 501 [1/1] (0.00ns)   --->   "%trunc_ln42_79 = partselect i13 @_ssdm_op_PartSelect.i13.i23.i32.i32, i23 %mul_ln73_1571, i32 10, i32 22" [firmware/nnet_utils/nnet_dense_latency.h:42]   --->   Operation 501 'partselect' 'trunc_ln42_79' <Predicate = true> <Delay = 0.00>
ST_2 : Operation 502 [1/1] (0.00ns)   --->   "%tmp_432 = bitconcatenate i17 @_ssdm_op_BitConcatenate.i17.i16.i1, i16 %data_16_val_read, i1 0" [firmware/nnet_utils/nnet_mult.h:73->firmware/nnet_utils/nnet_dense_latency.h:42]   --->   Operation 502 'bitconcatenate' 'tmp_432' <Predicate = true> <Delay = 0.00>
ST_2 : Operation 503 [1/1] (0.00ns)   --->   "%sext_ln73_631 = sext i17 %tmp_432" [firmware/nnet_utils/nnet_mult.h:73->firmware/nnet_utils/nnet_dense_latency.h:42]   --->   Operation 503 'sext' 'sext_ln73_631' <Predicate = true> <Delay = 0.00>
ST_2 : Operation 504 [1/1] (2.22ns)   --->   "%sub_ln73_445 = sub i21 %sub_ln73_444, i21 %sext_ln73_631" [firmware/nnet_utils/nnet_mult.h:73->firmware/nnet_utils/nnet_dense_latency.h:42]   --->   Operation 504 'sub' 'sub_ln73_445' <Predicate = true> <Delay = 2.22> <CoreInst = "Adder">   --->   Core 1 'Adder' <Latency = 0> <II = 1> <Delay = 2.22> <FuncUnit> <Opcode : 'add' 'sub'> <InPorts = 2> <OutPorts = 1>
ST_2 : Operation 505 [1/1] (0.00ns)   --->   "%trunc_ln42_80 = partselect i11 @_ssdm_op_PartSelect.i11.i21.i32.i32, i21 %sub_ln73_445, i32 10, i32 20" [firmware/nnet_utils/nnet_dense_latency.h:42]   --->   Operation 505 'partselect' 'trunc_ln42_80' <Predicate = true> <Delay = 0.00>
ST_2 : Operation 506 [1/2] (3.34ns)   --->   "%mul_ln73_1572 = mul i26 %sext_ln70_320, i26 67108605" [firmware/nnet_utils/nnet_mult.h:73->firmware/nnet_utils/nnet_dense_latency.h:42]   --->   Operation 506 'mul' 'mul_ln73_1572' <Predicate = true> <Delay = 3.34> <CoreInst = "Multiplier">   --->   Core 3 'Multiplier' <Latency = 1> <II = 1> <Delay = 3.34> <FuncUnit> <Opcode : 'mul'> <InPorts = 2> <OutPorts = 1>
ST_2 : Operation 507 [1/1] (0.00ns)   --->   "%trunc_ln42_81 = partselect i16 @_ssdm_op_PartSelect.i16.i26.i32.i32, i26 %mul_ln73_1572, i32 10, i32 25" [firmware/nnet_utils/nnet_dense_latency.h:42]   --->   Operation 507 'partselect' 'trunc_ln42_81' <Predicate = true> <Delay = 0.00>
ST_2 : Operation 508 [1/2] (3.34ns)   --->   "%mul_ln73_1573 = mul i23 %sext_ln70_321, i23 46" [firmware/nnet_utils/nnet_mult.h:73->firmware/nnet_utils/nnet_dense_latency.h:42]   --->   Operation 508 'mul' 'mul_ln73_1573' <Predicate = true> <Delay = 3.34> <CoreInst = "Multiplier">   --->   Core 3 'Multiplier' <Latency = 1> <II = 1> <Delay = 3.34> <FuncUnit> <Opcode : 'mul'> <InPorts = 2> <OutPorts = 1>
ST_2 : Operation 509 [1/1] (0.00ns)   --->   "%trunc_ln42_82 = partselect i13 @_ssdm_op_PartSelect.i13.i23.i32.i32, i23 %mul_ln73_1573, i32 10, i32 22" [firmware/nnet_utils/nnet_dense_latency.h:42]   --->   Operation 509 'partselect' 'trunc_ln42_82' <Predicate = true> <Delay = 0.00>
ST_2 : Operation 510 [1/2] (3.34ns)   --->   "%mul_ln73_1574 = mul i23 %sext_ln70_321, i23 47" [firmware/nnet_utils/nnet_mult.h:73->firmware/nnet_utils/nnet_dense_latency.h:42]   --->   Operation 510 'mul' 'mul_ln73_1574' <Predicate = true> <Delay = 3.34> <CoreInst = "Multiplier">   --->   Core 3 'Multiplier' <Latency = 1> <II = 1> <Delay = 3.34> <FuncUnit> <Opcode : 'mul'> <InPorts = 2> <OutPorts = 1>
ST_2 : Operation 511 [1/1] (0.00ns)   --->   "%trunc_ln42_83 = partselect i13 @_ssdm_op_PartSelect.i13.i23.i32.i32, i23 %mul_ln73_1574, i32 10, i32 22" [firmware/nnet_utils/nnet_dense_latency.h:42]   --->   Operation 511 'partselect' 'trunc_ln42_83' <Predicate = true> <Delay = 0.00>
ST_2 : Operation 512 [1/1] (0.00ns)   --->   "%sext_ln70_324 = sext i16 %data_17_val_read" [firmware/nnet_utils/nnet_mult.h:70->firmware/nnet_utils/nnet_dense_latency.h:42]   --->   Operation 512 'sext' 'sext_ln70_324' <Predicate = true> <Delay = 0.00>
ST_2 : Operation 513 [1/2] (3.34ns)   --->   "%mul_ln73_1575 = mul i26 %sext_ln70_325, i26 271" [firmware/nnet_utils/nnet_mult.h:73->firmware/nnet_utils/nnet_dense_latency.h:42]   --->   Operation 513 'mul' 'mul_ln73_1575' <Predicate = true> <Delay = 3.34> <CoreInst = "Multiplier">   --->   Core 3 'Multiplier' <Latency = 1> <II = 1> <Delay = 3.34> <FuncUnit> <Opcode : 'mul'> <InPorts = 2> <OutPorts = 1>
ST_2 : Operation 514 [1/1] (0.00ns)   --->   "%trunc_ln42_84 = partselect i16 @_ssdm_op_PartSelect.i16.i26.i32.i32, i26 %mul_ln73_1575, i32 10, i32 25" [firmware/nnet_utils/nnet_dense_latency.h:42]   --->   Operation 514 'partselect' 'trunc_ln42_84' <Predicate = true> <Delay = 0.00>
ST_2 : Operation 515 [1/1] (0.00ns)   --->   "%tmp_433 = bitconcatenate i23 @_ssdm_op_BitConcatenate.i23.i16.i7, i16 %data_17_val_read, i7 0" [firmware/nnet_utils/nnet_mult.h:73->firmware/nnet_utils/nnet_dense_latency.h:42]   --->   Operation 515 'bitconcatenate' 'tmp_433' <Predicate = true> <Delay = 0.00>
ST_2 : Operation 516 [1/1] (0.00ns)   --->   "%sext_ln73_632 = sext i23 %tmp_433" [firmware/nnet_utils/nnet_mult.h:73->firmware/nnet_utils/nnet_dense_latency.h:42]   --->   Operation 516 'sext' 'sext_ln73_632' <Predicate = true> <Delay = 0.00>
ST_2 : Operation 517 [1/1] (0.00ns)   --->   "%tmp_434 = bitconcatenate i18 @_ssdm_op_BitConcatenate.i18.i16.i2, i16 %data_17_val_read, i2 0" [firmware/nnet_utils/nnet_mult.h:73->firmware/nnet_utils/nnet_dense_latency.h:42]   --->   Operation 517 'bitconcatenate' 'tmp_434' <Predicate = true> <Delay = 0.00>
ST_2 : Operation 518 [1/1] (0.00ns)   --->   "%sext_ln73_633 = sext i18 %tmp_434" [firmware/nnet_utils/nnet_mult.h:73->firmware/nnet_utils/nnet_dense_latency.h:42]   --->   Operation 518 'sext' 'sext_ln73_633' <Predicate = true> <Delay = 0.00>
ST_2 : Operation 519 [1/1] (2.28ns)   --->   "%add_ln73_84 = add i25 %sext_ln73_632, i25 %sext_ln73_633" [firmware/nnet_utils/nnet_mult.h:73->firmware/nnet_utils/nnet_dense_latency.h:42]   --->   Operation 519 'add' 'add_ln73_84' <Predicate = true> <Delay = 2.28> <CoreInst = "Adder">   --->   Core 1 'Adder' <Latency = 0> <II = 1> <Delay = 2.28> <FuncUnit> <Opcode : 'add' 'sub'> <InPorts = 2> <OutPorts = 1>
ST_2 : Operation 520 [1/1] (0.00ns)   --->   "%trunc_ln42_85 = partselect i15 @_ssdm_op_PartSelect.i15.i25.i32.i32, i25 %add_ln73_84, i32 10, i32 24" [firmware/nnet_utils/nnet_dense_latency.h:42]   --->   Operation 520 'partselect' 'trunc_ln42_85' <Predicate = true> <Delay = 0.00>
ST_2 : Operation 521 [2/2] (3.34ns)   --->   "%mul_ln73_1576 = mul i22 %sext_ln70_324, i22 27" [firmware/nnet_utils/nnet_mult.h:73->firmware/nnet_utils/nnet_dense_latency.h:42]   --->   Operation 521 'mul' 'mul_ln73_1576' <Predicate = true> <Delay = 3.34> <CoreInst = "Multiplier">   --->   Core 3 'Multiplier' <Latency = 1> <II = 1> <Delay = 3.34> <FuncUnit> <Opcode : 'mul'> <InPorts = 2> <OutPorts = 1>
ST_2 : Operation 522 [1/2] (3.34ns)   --->   "%mul_ln73_1577 = mul i24 %sext_ln70_323, i24 74" [firmware/nnet_utils/nnet_mult.h:73->firmware/nnet_utils/nnet_dense_latency.h:42]   --->   Operation 522 'mul' 'mul_ln73_1577' <Predicate = true> <Delay = 3.34> <CoreInst = "Multiplier">   --->   Core 3 'Multiplier' <Latency = 1> <II = 1> <Delay = 3.34> <FuncUnit> <Opcode : 'mul'> <InPorts = 2> <OutPorts = 1>
ST_2 : Operation 523 [1/1] (0.00ns)   --->   "%trunc_ln42_87 = partselect i14 @_ssdm_op_PartSelect.i14.i24.i32.i32, i24 %mul_ln73_1577, i32 10, i32 23" [firmware/nnet_utils/nnet_dense_latency.h:42]   --->   Operation 523 'partselect' 'trunc_ln42_87' <Predicate = true> <Delay = 0.00>
ST_2 : Operation 524 [1/2] (3.34ns)   --->   "%mul_ln73_1578 = mul i26 %sext_ln70_325, i26 377" [firmware/nnet_utils/nnet_mult.h:73->firmware/nnet_utils/nnet_dense_latency.h:42]   --->   Operation 524 'mul' 'mul_ln73_1578' <Predicate = true> <Delay = 3.34> <CoreInst = "Multiplier">   --->   Core 3 'Multiplier' <Latency = 1> <II = 1> <Delay = 3.34> <FuncUnit> <Opcode : 'mul'> <InPorts = 2> <OutPorts = 1>
ST_2 : Operation 525 [1/1] (0.00ns)   --->   "%trunc_ln42_88 = partselect i16 @_ssdm_op_PartSelect.i16.i26.i32.i32, i26 %mul_ln73_1578, i32 10, i32 25" [firmware/nnet_utils/nnet_dense_latency.h:42]   --->   Operation 525 'partselect' 'trunc_ln42_88' <Predicate = true> <Delay = 0.00>
ST_2 : Operation 526 [1/2] (3.34ns)   --->   "%mul_ln73_1579 = mul i26 %sext_ln70_328, i26 67108501" [firmware/nnet_utils/nnet_mult.h:73->firmware/nnet_utils/nnet_dense_latency.h:42]   --->   Operation 526 'mul' 'mul_ln73_1579' <Predicate = true> <Delay = 3.34> <CoreInst = "Multiplier">   --->   Core 3 'Multiplier' <Latency = 1> <II = 1> <Delay = 3.34> <FuncUnit> <Opcode : 'mul'> <InPorts = 2> <OutPorts = 1>
ST_2 : Operation 527 [1/1] (0.00ns)   --->   "%trunc_ln42_89 = partselect i16 @_ssdm_op_PartSelect.i16.i26.i32.i32, i26 %mul_ln73_1579, i32 10, i32 25" [firmware/nnet_utils/nnet_dense_latency.h:42]   --->   Operation 527 'partselect' 'trunc_ln42_89' <Predicate = true> <Delay = 0.00>
ST_2 : Operation 528 [1/1] (0.00ns)   --->   "%tmp_435 = bitconcatenate i24 @_ssdm_op_BitConcatenate.i24.i16.i8, i16 %data_18_val_read, i8 0" [firmware/nnet_utils/nnet_mult.h:73->firmware/nnet_utils/nnet_dense_latency.h:42]   --->   Operation 528 'bitconcatenate' 'tmp_435' <Predicate = true> <Delay = 0.00>
ST_2 : Operation 529 [1/1] (0.00ns)   --->   "%sext_ln73_634 = sext i24 %tmp_435" [firmware/nnet_utils/nnet_mult.h:73->firmware/nnet_utils/nnet_dense_latency.h:42]   --->   Operation 529 'sext' 'sext_ln73_634' <Predicate = true> <Delay = 0.00>
ST_2 : Operation 530 [1/1] (0.00ns)   --->   "%tmp_436 = bitconcatenate i17 @_ssdm_op_BitConcatenate.i17.i16.i1, i16 %data_18_val_read, i1 0" [firmware/nnet_utils/nnet_mult.h:73->firmware/nnet_utils/nnet_dense_latency.h:42]   --->   Operation 530 'bitconcatenate' 'tmp_436' <Predicate = true> <Delay = 0.00>
ST_2 : Operation 531 [1/1] (0.00ns)   --->   "%sext_ln73_635 = sext i17 %tmp_436" [firmware/nnet_utils/nnet_mult.h:73->firmware/nnet_utils/nnet_dense_latency.h:42]   --->   Operation 531 'sext' 'sext_ln73_635' <Predicate = true> <Delay = 0.00>
ST_2 : Operation 532 [1/1] (2.31ns)   --->   "%add_ln73_85 = add i26 %sext_ln73_634, i26 %sext_ln73_635" [firmware/nnet_utils/nnet_mult.h:73->firmware/nnet_utils/nnet_dense_latency.h:42]   --->   Operation 532 'add' 'add_ln73_85' <Predicate = true> <Delay = 2.31> <CoreInst = "Adder">   --->   Core 1 'Adder' <Latency = 0> <II = 1> <Delay = 2.31> <FuncUnit> <Opcode : 'add' 'sub'> <InPorts = 2> <OutPorts = 1>
ST_2 : Operation 533 [1/1] (0.00ns)   --->   "%trunc_ln42_90 = partselect i16 @_ssdm_op_PartSelect.i16.i26.i32.i32, i26 %add_ln73_85, i32 10, i32 25" [firmware/nnet_utils/nnet_dense_latency.h:42]   --->   Operation 533 'partselect' 'trunc_ln42_90' <Predicate = true> <Delay = 0.00>
ST_2 : Operation 534 [1/1] (0.00ns)   --->   "%tmp_437 = bitconcatenate i23 @_ssdm_op_BitConcatenate.i23.i16.i7, i16 %data_18_val_read, i7 0" [firmware/nnet_utils/nnet_mult.h:73->firmware/nnet_utils/nnet_dense_latency.h:42]   --->   Operation 534 'bitconcatenate' 'tmp_437' <Predicate = true> <Delay = 0.00>
ST_2 : Operation 535 [1/1] (0.00ns)   --->   "%sext_ln73_636 = sext i23 %tmp_437" [firmware/nnet_utils/nnet_mult.h:73->firmware/nnet_utils/nnet_dense_latency.h:42]   --->   Operation 535 'sext' 'sext_ln73_636' <Predicate = true> <Delay = 0.00>
ST_2 : Operation 536 [1/1] (0.00ns)   --->   "%tmp_438 = bitconcatenate i19 @_ssdm_op_BitConcatenate.i19.i16.i3, i16 %data_18_val_read, i3 0" [firmware/nnet_utils/nnet_mult.h:73->firmware/nnet_utils/nnet_dense_latency.h:42]   --->   Operation 536 'bitconcatenate' 'tmp_438' <Predicate = true> <Delay = 0.00>
ST_2 : Operation 537 [1/1] (0.00ns)   --->   "%sext_ln73_637 = sext i19 %tmp_438" [firmware/nnet_utils/nnet_mult.h:73->firmware/nnet_utils/nnet_dense_latency.h:42]   --->   Operation 537 'sext' 'sext_ln73_637' <Predicate = true> <Delay = 0.00>
ST_2 : Operation 538 [1/1] (2.28ns)   --->   "%add_ln73_86 = add i25 %sext_ln73_636, i25 %sext_ln73_637" [firmware/nnet_utils/nnet_mult.h:73->firmware/nnet_utils/nnet_dense_latency.h:42]   --->   Operation 538 'add' 'add_ln73_86' <Predicate = true> <Delay = 2.28> <CoreInst = "Adder">   --->   Core 1 'Adder' <Latency = 0> <II = 1> <Delay = 2.28> <FuncUnit> <Opcode : 'add' 'sub'> <InPorts = 2> <OutPorts = 1>
ST_2 : Operation 539 [1/1] (0.00ns)   --->   "%trunc_ln42_91 = partselect i15 @_ssdm_op_PartSelect.i15.i25.i32.i32, i25 %add_ln73_86, i32 10, i32 24" [firmware/nnet_utils/nnet_dense_latency.h:42]   --->   Operation 539 'partselect' 'trunc_ln42_91' <Predicate = true> <Delay = 0.00>
ST_2 : Operation 540 [1/2] (3.34ns)   --->   "%mul_ln73_1580 = mul i25 %sext_ln70_327, i25 196" [firmware/nnet_utils/nnet_mult.h:73->firmware/nnet_utils/nnet_dense_latency.h:42]   --->   Operation 540 'mul' 'mul_ln73_1580' <Predicate = true> <Delay = 3.34> <CoreInst = "Multiplier">   --->   Core 3 'Multiplier' <Latency = 1> <II = 1> <Delay = 3.34> <FuncUnit> <Opcode : 'mul'> <InPorts = 2> <OutPorts = 1>
ST_2 : Operation 541 [1/1] (0.00ns)   --->   "%trunc_ln42_92 = partselect i15 @_ssdm_op_PartSelect.i15.i25.i32.i32, i25 %mul_ln73_1580, i32 10, i32 24" [firmware/nnet_utils/nnet_dense_latency.h:42]   --->   Operation 541 'partselect' 'trunc_ln42_92' <Predicate = true> <Delay = 0.00>
ST_2 : Operation 542 [1/2] (3.34ns)   --->   "%mul_ln73_1581 = mul i24 %sext_ln70_326, i24 76" [firmware/nnet_utils/nnet_mult.h:73->firmware/nnet_utils/nnet_dense_latency.h:42]   --->   Operation 542 'mul' 'mul_ln73_1581' <Predicate = true> <Delay = 3.34> <CoreInst = "Multiplier">   --->   Core 3 'Multiplier' <Latency = 1> <II = 1> <Delay = 3.34> <FuncUnit> <Opcode : 'mul'> <InPorts = 2> <OutPorts = 1>
ST_2 : Operation 543 [1/1] (0.00ns)   --->   "%trunc_ln42_93 = partselect i14 @_ssdm_op_PartSelect.i14.i24.i32.i32, i24 %mul_ln73_1581, i32 10, i32 23" [firmware/nnet_utils/nnet_dense_latency.h:42]   --->   Operation 543 'partselect' 'trunc_ln42_93' <Predicate = true> <Delay = 0.00>
ST_2 : Operation 544 [1/2] (3.34ns)   --->   "%mul_ln73_1582 = mul i22 %sext_ln70_331, i22 25" [firmware/nnet_utils/nnet_mult.h:73->firmware/nnet_utils/nnet_dense_latency.h:42]   --->   Operation 544 'mul' 'mul_ln73_1582' <Predicate = true> <Delay = 3.34> <CoreInst = "Multiplier">   --->   Core 3 'Multiplier' <Latency = 1> <II = 1> <Delay = 3.34> <FuncUnit> <Opcode : 'mul'> <InPorts = 2> <OutPorts = 1>
ST_2 : Operation 545 [1/1] (0.00ns)   --->   "%trunc_ln42_94 = partselect i12 @_ssdm_op_PartSelect.i12.i22.i32.i32, i22 %mul_ln73_1582, i32 10, i32 21" [firmware/nnet_utils/nnet_dense_latency.h:42]   --->   Operation 545 'partselect' 'trunc_ln42_94' <Predicate = true> <Delay = 0.00>
ST_2 : Operation 546 [1/2] (3.34ns)   --->   "%mul_ln73_1583 = mul i25 %sext_ln70_330, i25 163" [firmware/nnet_utils/nnet_mult.h:73->firmware/nnet_utils/nnet_dense_latency.h:42]   --->   Operation 546 'mul' 'mul_ln73_1583' <Predicate = true> <Delay = 3.34> <CoreInst = "Multiplier">   --->   Core 3 'Multiplier' <Latency = 1> <II = 1> <Delay = 3.34> <FuncUnit> <Opcode : 'mul'> <InPorts = 2> <OutPorts = 1>
ST_2 : Operation 547 [1/1] (0.00ns)   --->   "%trunc_ln42_95 = partselect i15 @_ssdm_op_PartSelect.i15.i25.i32.i32, i25 %mul_ln73_1583, i32 10, i32 24" [firmware/nnet_utils/nnet_dense_latency.h:42]   --->   Operation 547 'partselect' 'trunc_ln42_95' <Predicate = true> <Delay = 0.00>
ST_2 : Operation 548 [1/2] (3.34ns)   --->   "%mul_ln73_1584 = mul i25 %sext_ln70_330, i25 173" [firmware/nnet_utils/nnet_mult.h:73->firmware/nnet_utils/nnet_dense_latency.h:42]   --->   Operation 548 'mul' 'mul_ln73_1584' <Predicate = true> <Delay = 3.34> <CoreInst = "Multiplier">   --->   Core 3 'Multiplier' <Latency = 1> <II = 1> <Delay = 3.34> <FuncUnit> <Opcode : 'mul'> <InPorts = 2> <OutPorts = 1>
ST_2 : Operation 549 [1/1] (0.00ns)   --->   "%trunc_ln42_97 = partselect i15 @_ssdm_op_PartSelect.i15.i25.i32.i32, i25 %mul_ln73_1584, i32 10, i32 24" [firmware/nnet_utils/nnet_dense_latency.h:42]   --->   Operation 549 'partselect' 'trunc_ln42_97' <Predicate = true> <Delay = 0.00>
ST_2 : Operation 550 [1/2] (3.34ns)   --->   "%mul_ln73_1585 = mul i25 %sext_ln70_330, i25 236" [firmware/nnet_utils/nnet_mult.h:73->firmware/nnet_utils/nnet_dense_latency.h:42]   --->   Operation 550 'mul' 'mul_ln73_1585' <Predicate = true> <Delay = 3.34> <CoreInst = "Multiplier">   --->   Core 3 'Multiplier' <Latency = 1> <II = 1> <Delay = 3.34> <FuncUnit> <Opcode : 'mul'> <InPorts = 2> <OutPorts = 1>
ST_2 : Operation 551 [1/1] (0.00ns)   --->   "%trunc_ln42_98 = partselect i15 @_ssdm_op_PartSelect.i15.i25.i32.i32, i25 %mul_ln73_1585, i32 10, i32 24" [firmware/nnet_utils/nnet_dense_latency.h:42]   --->   Operation 551 'partselect' 'trunc_ln42_98' <Predicate = true> <Delay = 0.00>
ST_2 : Operation 552 [1/2] (3.34ns)   --->   "%mul_ln73_1586 = mul i26 %sext_ln70_335, i26 67108494" [firmware/nnet_utils/nnet_mult.h:73->firmware/nnet_utils/nnet_dense_latency.h:42]   --->   Operation 552 'mul' 'mul_ln73_1586' <Predicate = true> <Delay = 3.34> <CoreInst = "Multiplier">   --->   Core 3 'Multiplier' <Latency = 1> <II = 1> <Delay = 3.34> <FuncUnit> <Opcode : 'mul'> <InPorts = 2> <OutPorts = 1>
ST_2 : Operation 553 [1/1] (0.00ns)   --->   "%trunc_ln42_99 = partselect i16 @_ssdm_op_PartSelect.i16.i26.i32.i32, i26 %mul_ln73_1586, i32 10, i32 25" [firmware/nnet_utils/nnet_dense_latency.h:42]   --->   Operation 553 'partselect' 'trunc_ln42_99' <Predicate = true> <Delay = 0.00>
ST_2 : Operation 554 [1/2] (3.34ns)   --->   "%mul_ln73_1587 = mul i24 %sext_ln70_333, i24 16777135" [firmware/nnet_utils/nnet_mult.h:73->firmware/nnet_utils/nnet_dense_latency.h:42]   --->   Operation 554 'mul' 'mul_ln73_1587' <Predicate = true> <Delay = 3.34> <CoreInst = "Multiplier">   --->   Core 3 'Multiplier' <Latency = 1> <II = 1> <Delay = 3.34> <FuncUnit> <Opcode : 'mul'> <InPorts = 2> <OutPorts = 1>
ST_2 : Operation 555 [1/1] (0.00ns)   --->   "%trunc_ln42_101 = partselect i14 @_ssdm_op_PartSelect.i14.i24.i32.i32, i24 %mul_ln73_1587, i32 10, i32 23" [firmware/nnet_utils/nnet_dense_latency.h:42]   --->   Operation 555 'partselect' 'trunc_ln42_101' <Predicate = true> <Delay = 0.00>
ST_2 : Operation 556 [1/2] (3.34ns)   --->   "%mul_ln73_1588 = mul i23 %sext_ln70_332, i23 38" [firmware/nnet_utils/nnet_mult.h:73->firmware/nnet_utils/nnet_dense_latency.h:42]   --->   Operation 556 'mul' 'mul_ln73_1588' <Predicate = true> <Delay = 3.34> <CoreInst = "Multiplier">   --->   Core 3 'Multiplier' <Latency = 1> <II = 1> <Delay = 3.34> <FuncUnit> <Opcode : 'mul'> <InPorts = 2> <OutPorts = 1>
ST_2 : Operation 557 [1/1] (0.00ns)   --->   "%trunc_ln42_102 = partselect i13 @_ssdm_op_PartSelect.i13.i23.i32.i32, i23 %mul_ln73_1588, i32 10, i32 22" [firmware/nnet_utils/nnet_dense_latency.h:42]   --->   Operation 557 'partselect' 'trunc_ln42_102' <Predicate = true> <Delay = 0.00>
ST_2 : Operation 558 [1/2] (3.34ns)   --->   "%mul_ln73_1589 = mul i25 %sext_ln70_339, i25 33554199" [firmware/nnet_utils/nnet_mult.h:73->firmware/nnet_utils/nnet_dense_latency.h:42]   --->   Operation 558 'mul' 'mul_ln73_1589' <Predicate = true> <Delay = 3.34> <CoreInst = "Multiplier">   --->   Core 3 'Multiplier' <Latency = 1> <II = 1> <Delay = 3.34> <FuncUnit> <Opcode : 'mul'> <InPorts = 2> <OutPorts = 1>
ST_2 : Operation 559 [1/1] (0.00ns)   --->   "%trunc_ln42_103 = partselect i15 @_ssdm_op_PartSelect.i15.i25.i32.i32, i25 %mul_ln73_1589, i32 10, i32 24" [firmware/nnet_utils/nnet_dense_latency.h:42]   --->   Operation 559 'partselect' 'trunc_ln42_103' <Predicate = true> <Delay = 0.00>
ST_2 : Operation 560 [1/2] (3.34ns)   --->   "%mul_ln73_1590 = mul i24 %sext_ln70_338, i24 100" [firmware/nnet_utils/nnet_mult.h:73->firmware/nnet_utils/nnet_dense_latency.h:42]   --->   Operation 560 'mul' 'mul_ln73_1590' <Predicate = true> <Delay = 3.34> <CoreInst = "Multiplier">   --->   Core 3 'Multiplier' <Latency = 1> <II = 1> <Delay = 3.34> <FuncUnit> <Opcode : 'mul'> <InPorts = 2> <OutPorts = 1>
ST_2 : Operation 561 [1/1] (0.00ns)   --->   "%trunc_ln42_105 = partselect i14 @_ssdm_op_PartSelect.i14.i24.i32.i32, i24 %mul_ln73_1590, i32 10, i32 23" [firmware/nnet_utils/nnet_dense_latency.h:42]   --->   Operation 561 'partselect' 'trunc_ln42_105' <Predicate = true> <Delay = 0.00>
ST_2 : Operation 562 [1/2] (3.34ns)   --->   "%mul_ln73_1591 = mul i23 %sext_ln70_337, i23 8388558" [firmware/nnet_utils/nnet_mult.h:73->firmware/nnet_utils/nnet_dense_latency.h:42]   --->   Operation 562 'mul' 'mul_ln73_1591' <Predicate = true> <Delay = 3.34> <CoreInst = "Multiplier">   --->   Core 3 'Multiplier' <Latency = 1> <II = 1> <Delay = 3.34> <FuncUnit> <Opcode : 'mul'> <InPorts = 2> <OutPorts = 1>
ST_2 : Operation 563 [1/1] (0.00ns)   --->   "%trunc_ln42_106 = partselect i13 @_ssdm_op_PartSelect.i13.i23.i32.i32, i23 %mul_ln73_1591, i32 10, i32 22" [firmware/nnet_utils/nnet_dense_latency.h:42]   --->   Operation 563 'partselect' 'trunc_ln42_106' <Predicate = true> <Delay = 0.00>
ST_2 : Operation 564 [1/1] (0.00ns)   --->   "%tmp_443 = bitconcatenate i17 @_ssdm_op_BitConcatenate.i17.i16.i1, i16 %data_21_val_read, i1 0" [firmware/nnet_utils/nnet_mult.h:73->firmware/nnet_utils/nnet_dense_latency.h:42]   --->   Operation 564 'bitconcatenate' 'tmp_443' <Predicate = true> <Delay = 0.00>
ST_2 : Operation 565 [1/1] (0.00ns)   --->   "%sext_ln73_642 = sext i17 %tmp_443" [firmware/nnet_utils/nnet_mult.h:73->firmware/nnet_utils/nnet_dense_latency.h:42]   --->   Operation 565 'sext' 'sext_ln73_642' <Predicate = true> <Delay = 0.00>
ST_2 : Operation 566 [1/1] (2.22ns)   --->   "%sub_ln73_449 = sub i21 %sub_ln73_448, i21 %sext_ln73_642" [firmware/nnet_utils/nnet_mult.h:73->firmware/nnet_utils/nnet_dense_latency.h:42]   --->   Operation 566 'sub' 'sub_ln73_449' <Predicate = true> <Delay = 2.22> <CoreInst = "Adder">   --->   Core 1 'Adder' <Latency = 0> <II = 1> <Delay = 2.22> <FuncUnit> <Opcode : 'add' 'sub'> <InPorts = 2> <OutPorts = 1>
ST_2 : Operation 567 [1/1] (0.00ns)   --->   "%trunc_ln42_107 = partselect i11 @_ssdm_op_PartSelect.i11.i21.i32.i32, i21 %sub_ln73_449, i32 10, i32 20" [firmware/nnet_utils/nnet_dense_latency.h:42]   --->   Operation 567 'partselect' 'trunc_ln42_107' <Predicate = true> <Delay = 0.00>
ST_2 : Operation 568 [1/2] (3.34ns)   --->   "%mul_ln73_1592 = mul i23 %sext_ln70_343, i23 37" [firmware/nnet_utils/nnet_mult.h:73->firmware/nnet_utils/nnet_dense_latency.h:42]   --->   Operation 568 'mul' 'mul_ln73_1592' <Predicate = true> <Delay = 3.34> <CoreInst = "Multiplier">   --->   Core 3 'Multiplier' <Latency = 1> <II = 1> <Delay = 3.34> <FuncUnit> <Opcode : 'mul'> <InPorts = 2> <OutPorts = 1>
ST_2 : Operation 569 [1/1] (0.00ns)   --->   "%trunc_ln42_108 = partselect i13 @_ssdm_op_PartSelect.i13.i23.i32.i32, i23 %mul_ln73_1592, i32 10, i32 22" [firmware/nnet_utils/nnet_dense_latency.h:42]   --->   Operation 569 'partselect' 'trunc_ln42_108' <Predicate = true> <Delay = 0.00>
ST_2 : Operation 570 [1/2] (3.34ns)   --->   "%mul_ln73_1593 = mul i26 %sext_ln70_342, i26 67108507" [firmware/nnet_utils/nnet_mult.h:73->firmware/nnet_utils/nnet_dense_latency.h:42]   --->   Operation 570 'mul' 'mul_ln73_1593' <Predicate = true> <Delay = 3.34> <CoreInst = "Multiplier">   --->   Core 3 'Multiplier' <Latency = 1> <II = 1> <Delay = 3.34> <FuncUnit> <Opcode : 'mul'> <InPorts = 2> <OutPorts = 1>
ST_2 : Operation 571 [1/1] (0.00ns)   --->   "%trunc_ln42_109 = partselect i16 @_ssdm_op_PartSelect.i16.i26.i32.i32, i26 %mul_ln73_1593, i32 10, i32 25" [firmware/nnet_utils/nnet_dense_latency.h:42]   --->   Operation 571 'partselect' 'trunc_ln42_109' <Predicate = true> <Delay = 0.00>
ST_2 : Operation 572 [1/2] (3.34ns)   --->   "%mul_ln73_1594 = mul i24 %sext_ln70_341, i24 16777115" [firmware/nnet_utils/nnet_mult.h:73->firmware/nnet_utils/nnet_dense_latency.h:42]   --->   Operation 572 'mul' 'mul_ln73_1594' <Predicate = true> <Delay = 3.34> <CoreInst = "Multiplier">   --->   Core 3 'Multiplier' <Latency = 1> <II = 1> <Delay = 3.34> <FuncUnit> <Opcode : 'mul'> <InPorts = 2> <OutPorts = 1>
ST_2 : Operation 573 [1/1] (0.00ns)   --->   "%trunc_ln42_110 = partselect i14 @_ssdm_op_PartSelect.i14.i24.i32.i32, i24 %mul_ln73_1594, i32 10, i32 23" [firmware/nnet_utils/nnet_dense_latency.h:42]   --->   Operation 573 'partselect' 'trunc_ln42_110' <Predicate = true> <Delay = 0.00>
ST_2 : Operation 574 [1/2] (3.34ns)   --->   "%mul_ln73_1595 = mul i26 %sext_ln70_342, i26 67108455" [firmware/nnet_utils/nnet_mult.h:73->firmware/nnet_utils/nnet_dense_latency.h:42]   --->   Operation 574 'mul' 'mul_ln73_1595' <Predicate = true> <Delay = 3.34> <CoreInst = "Multiplier">   --->   Core 3 'Multiplier' <Latency = 1> <II = 1> <Delay = 3.34> <FuncUnit> <Opcode : 'mul'> <InPorts = 2> <OutPorts = 1>
ST_2 : Operation 575 [1/1] (0.00ns)   --->   "%trunc_ln42_111 = partselect i16 @_ssdm_op_PartSelect.i16.i26.i32.i32, i26 %mul_ln73_1595, i32 10, i32 25" [firmware/nnet_utils/nnet_dense_latency.h:42]   --->   Operation 575 'partselect' 'trunc_ln42_111' <Predicate = true> <Delay = 0.00>
ST_2 : Operation 576 [1/2] (3.34ns)   --->   "%mul_ln73_1596 = mul i26 %sext_ln70_342, i26 67108460" [firmware/nnet_utils/nnet_mult.h:73->firmware/nnet_utils/nnet_dense_latency.h:42]   --->   Operation 576 'mul' 'mul_ln73_1596' <Predicate = true> <Delay = 3.34> <CoreInst = "Multiplier">   --->   Core 3 'Multiplier' <Latency = 1> <II = 1> <Delay = 3.34> <FuncUnit> <Opcode : 'mul'> <InPorts = 2> <OutPorts = 1>
ST_2 : Operation 577 [1/1] (0.00ns)   --->   "%trunc_ln42_112 = partselect i16 @_ssdm_op_PartSelect.i16.i26.i32.i32, i26 %mul_ln73_1596, i32 10, i32 25" [firmware/nnet_utils/nnet_dense_latency.h:42]   --->   Operation 577 'partselect' 'trunc_ln42_112' <Predicate = true> <Delay = 0.00>
ST_2 : Operation 578 [1/2] (3.34ns)   --->   "%mul_ln73_1597 = mul i26 %sext_ln70_345, i26 67108468" [firmware/nnet_utils/nnet_mult.h:73->firmware/nnet_utils/nnet_dense_latency.h:42]   --->   Operation 578 'mul' 'mul_ln73_1597' <Predicate = true> <Delay = 3.34> <CoreInst = "Multiplier">   --->   Core 3 'Multiplier' <Latency = 1> <II = 1> <Delay = 3.34> <FuncUnit> <Opcode : 'mul'> <InPorts = 2> <OutPorts = 1>
ST_2 : Operation 579 [1/1] (0.00ns)   --->   "%trunc_ln42_113 = partselect i16 @_ssdm_op_PartSelect.i16.i26.i32.i32, i26 %mul_ln73_1597, i32 10, i32 25" [firmware/nnet_utils/nnet_dense_latency.h:42]   --->   Operation 579 'partselect' 'trunc_ln42_113' <Predicate = true> <Delay = 0.00>
ST_2 : Operation 580 [1/2] (3.34ns)   --->   "%mul_ln73_1598 = mul i24 %sext_ln70_344, i24 16777107" [firmware/nnet_utils/nnet_mult.h:73->firmware/nnet_utils/nnet_dense_latency.h:42]   --->   Operation 580 'mul' 'mul_ln73_1598' <Predicate = true> <Delay = 3.34> <CoreInst = "Multiplier">   --->   Core 3 'Multiplier' <Latency = 1> <II = 1> <Delay = 3.34> <FuncUnit> <Opcode : 'mul'> <InPorts = 2> <OutPorts = 1>
ST_2 : Operation 581 [1/1] (0.00ns)   --->   "%trunc_ln42_114 = partselect i14 @_ssdm_op_PartSelect.i14.i24.i32.i32, i24 %mul_ln73_1598, i32 10, i32 23" [firmware/nnet_utils/nnet_dense_latency.h:42]   --->   Operation 581 'partselect' 'trunc_ln42_114' <Predicate = true> <Delay = 0.00>
ST_2 : Operation 582 [1/1] (0.00ns)   --->   "%tmp_444 = bitconcatenate i24 @_ssdm_op_BitConcatenate.i24.i16.i8, i16 %data_23_val_read, i8 0" [firmware/nnet_utils/nnet_mult.h:73->firmware/nnet_utils/nnet_dense_latency.h:42]   --->   Operation 582 'bitconcatenate' 'tmp_444' <Predicate = true> <Delay = 0.00>
ST_2 : Operation 583 [1/1] (0.00ns)   --->   "%sext_ln73_643 = sext i24 %tmp_444" [firmware/nnet_utils/nnet_mult.h:73->firmware/nnet_utils/nnet_dense_latency.h:42]   --->   Operation 583 'sext' 'sext_ln73_643' <Predicate = true> <Delay = 0.00>
ST_2 : Operation 584 [1/1] (0.00ns)   --->   "%tmp_445 = bitconcatenate i19 @_ssdm_op_BitConcatenate.i19.i16.i3, i16 %data_23_val_read, i3 0" [firmware/nnet_utils/nnet_mult.h:73->firmware/nnet_utils/nnet_dense_latency.h:42]   --->   Operation 584 'bitconcatenate' 'tmp_445' <Predicate = true> <Delay = 0.00>
ST_2 : Operation 585 [1/1] (0.00ns)   --->   "%sext_ln73_644 = sext i19 %tmp_445" [firmware/nnet_utils/nnet_mult.h:73->firmware/nnet_utils/nnet_dense_latency.h:42]   --->   Operation 585 'sext' 'sext_ln73_644' <Predicate = true> <Delay = 0.00>
ST_2 : Operation 586 [1/1] (2.31ns)   --->   "%sub_ln73_450 = sub i25 %sext_ln73_643, i25 %sext_ln73_644" [firmware/nnet_utils/nnet_mult.h:73->firmware/nnet_utils/nnet_dense_latency.h:42]   --->   Operation 586 'sub' 'sub_ln73_450' <Predicate = true> <Delay = 2.31> <CoreInst = "Adder">   --->   Core 1 'Adder' <Latency = 0> <II = 1> <Delay = 2.31> <FuncUnit> <Opcode : 'add' 'sub'> <InPorts = 2> <OutPorts = 1>
ST_2 : Operation 587 [1/1] (0.00ns)   --->   "%trunc_ln42_115 = partselect i15 @_ssdm_op_PartSelect.i15.i25.i32.i32, i25 %sub_ln73_450, i32 10, i32 24" [firmware/nnet_utils/nnet_dense_latency.h:42]   --->   Operation 587 'partselect' 'trunc_ln42_115' <Predicate = true> <Delay = 0.00>
ST_2 : Operation 588 [1/2] (3.34ns)   --->   "%mul_ln73_1599 = mul i24 %sext_ln70_344, i24 16777124" [firmware/nnet_utils/nnet_mult.h:73->firmware/nnet_utils/nnet_dense_latency.h:42]   --->   Operation 588 'mul' 'mul_ln73_1599' <Predicate = true> <Delay = 3.34> <CoreInst = "Multiplier">   --->   Core 3 'Multiplier' <Latency = 1> <II = 1> <Delay = 3.34> <FuncUnit> <Opcode : 'mul'> <InPorts = 2> <OutPorts = 1>
ST_2 : Operation 589 [1/1] (0.00ns)   --->   "%trunc_ln42_116 = partselect i14 @_ssdm_op_PartSelect.i14.i24.i32.i32, i24 %mul_ln73_1599, i32 10, i32 23" [firmware/nnet_utils/nnet_dense_latency.h:42]   --->   Operation 589 'partselect' 'trunc_ln42_116' <Predicate = true> <Delay = 0.00>
ST_2 : Operation 590 [1/1] (0.00ns)   --->   "%tmp_447 = bitconcatenate i20 @_ssdm_op_BitConcatenate.i20.i16.i4, i16 %data_23_val_read, i4 0" [firmware/nnet_utils/nnet_mult.h:73->firmware/nnet_utils/nnet_dense_latency.h:42]   --->   Operation 590 'bitconcatenate' 'tmp_447' <Predicate = true> <Delay = 0.00>
ST_2 : Operation 591 [1/1] (0.00ns)   --->   "%sext_ln73_646 = sext i20 %tmp_447" [firmware/nnet_utils/nnet_mult.h:73->firmware/nnet_utils/nnet_dense_latency.h:42]   --->   Operation 591 'sext' 'sext_ln73_646' <Predicate = true> <Delay = 0.00>
ST_2 : Operation 592 [1/1] (2.31ns)   --->   "%sub_ln73_452 = sub i24 %sub_ln73_451, i24 %sext_ln73_646" [firmware/nnet_utils/nnet_mult.h:73->firmware/nnet_utils/nnet_dense_latency.h:42]   --->   Operation 592 'sub' 'sub_ln73_452' <Predicate = true> <Delay = 2.31> <CoreInst = "Adder">   --->   Core 1 'Adder' <Latency = 0> <II = 1> <Delay = 2.31> <FuncUnit> <Opcode : 'add' 'sub'> <InPorts = 2> <OutPorts = 1>
ST_2 : Operation 593 [1/1] (0.00ns)   --->   "%trunc_ln42_117 = partselect i14 @_ssdm_op_PartSelect.i14.i24.i32.i32, i24 %sub_ln73_452, i32 10, i32 23" [firmware/nnet_utils/nnet_dense_latency.h:42]   --->   Operation 593 'partselect' 'trunc_ln42_117' <Predicate = true> <Delay = 0.00>
ST_2 : Operation 594 [1/2] (3.34ns)   --->   "%mul_ln73_1600 = mul i25 %sext_ln70_348, i25 33554275" [firmware/nnet_utils/nnet_mult.h:73->firmware/nnet_utils/nnet_dense_latency.h:42]   --->   Operation 594 'mul' 'mul_ln73_1600' <Predicate = true> <Delay = 3.34> <CoreInst = "Multiplier">   --->   Core 3 'Multiplier' <Latency = 1> <II = 1> <Delay = 3.34> <FuncUnit> <Opcode : 'mul'> <InPorts = 2> <OutPorts = 1>
ST_2 : Operation 595 [1/1] (0.00ns)   --->   "%trunc_ln42_118 = partselect i15 @_ssdm_op_PartSelect.i15.i25.i32.i32, i25 %mul_ln73_1600, i32 10, i32 24" [firmware/nnet_utils/nnet_dense_latency.h:42]   --->   Operation 595 'partselect' 'trunc_ln42_118' <Predicate = true> <Delay = 0.00>
ST_2 : Operation 596 [1/2] (3.34ns)   --->   "%mul_ln73_1601 = mul i25 %sext_ln70_348, i25 33554186" [firmware/nnet_utils/nnet_mult.h:73->firmware/nnet_utils/nnet_dense_latency.h:42]   --->   Operation 596 'mul' 'mul_ln73_1601' <Predicate = true> <Delay = 3.34> <CoreInst = "Multiplier">   --->   Core 3 'Multiplier' <Latency = 1> <II = 1> <Delay = 3.34> <FuncUnit> <Opcode : 'mul'> <InPorts = 2> <OutPorts = 1>
ST_2 : Operation 597 [1/1] (0.00ns)   --->   "%trunc_ln42_119 = partselect i15 @_ssdm_op_PartSelect.i15.i25.i32.i32, i25 %mul_ln73_1601, i32 10, i32 24" [firmware/nnet_utils/nnet_dense_latency.h:42]   --->   Operation 597 'partselect' 'trunc_ln42_119' <Predicate = true> <Delay = 0.00>
ST_2 : Operation 598 [1/2] (3.34ns)   --->   "%mul_ln73_1602 = mul i25 %sext_ln70_348, i25 182" [firmware/nnet_utils/nnet_mult.h:73->firmware/nnet_utils/nnet_dense_latency.h:42]   --->   Operation 598 'mul' 'mul_ln73_1602' <Predicate = true> <Delay = 3.34> <CoreInst = "Multiplier">   --->   Core 3 'Multiplier' <Latency = 1> <II = 1> <Delay = 3.34> <FuncUnit> <Opcode : 'mul'> <InPorts = 2> <OutPorts = 1>
ST_2 : Operation 599 [1/1] (0.00ns)   --->   "%trunc_ln42_120 = partselect i15 @_ssdm_op_PartSelect.i15.i25.i32.i32, i25 %mul_ln73_1602, i32 10, i32 24" [firmware/nnet_utils/nnet_dense_latency.h:42]   --->   Operation 599 'partselect' 'trunc_ln42_120' <Predicate = true> <Delay = 0.00>
ST_2 : Operation 600 [1/2] (3.34ns)   --->   "%mul_ln73_1603 = mul i26 %sext_ln70_347, i26 67108596" [firmware/nnet_utils/nnet_mult.h:73->firmware/nnet_utils/nnet_dense_latency.h:42]   --->   Operation 600 'mul' 'mul_ln73_1603' <Predicate = true> <Delay = 3.34> <CoreInst = "Multiplier">   --->   Core 3 'Multiplier' <Latency = 1> <II = 1> <Delay = 3.34> <FuncUnit> <Opcode : 'mul'> <InPorts = 2> <OutPorts = 1>
ST_2 : Operation 601 [1/1] (0.00ns)   --->   "%trunc_ln42_121 = partselect i16 @_ssdm_op_PartSelect.i16.i26.i32.i32, i26 %mul_ln73_1603, i32 10, i32 25" [firmware/nnet_utils/nnet_dense_latency.h:42]   --->   Operation 601 'partselect' 'trunc_ln42_121' <Predicate = true> <Delay = 0.00>
ST_2 : Operation 602 [1/2] (3.34ns)   --->   "%mul_ln73_1604 = mul i25 %sext_ln70_348, i25 203" [firmware/nnet_utils/nnet_mult.h:73->firmware/nnet_utils/nnet_dense_latency.h:42]   --->   Operation 602 'mul' 'mul_ln73_1604' <Predicate = true> <Delay = 3.34> <CoreInst = "Multiplier">   --->   Core 3 'Multiplier' <Latency = 1> <II = 1> <Delay = 3.34> <FuncUnit> <Opcode : 'mul'> <InPorts = 2> <OutPorts = 1>
ST_2 : Operation 603 [1/1] (0.00ns)   --->   "%trunc_ln42_122 = partselect i15 @_ssdm_op_PartSelect.i15.i25.i32.i32, i25 %mul_ln73_1604, i32 10, i32 24" [firmware/nnet_utils/nnet_dense_latency.h:42]   --->   Operation 603 'partselect' 'trunc_ln42_122' <Predicate = true> <Delay = 0.00>
ST_2 : Operation 604 [1/2] (3.34ns)   --->   "%mul_ln73_1605 = mul i23 %sext_ln70_351, i23 37" [firmware/nnet_utils/nnet_mult.h:73->firmware/nnet_utils/nnet_dense_latency.h:42]   --->   Operation 604 'mul' 'mul_ln73_1605' <Predicate = true> <Delay = 3.34> <CoreInst = "Multiplier">   --->   Core 3 'Multiplier' <Latency = 1> <II = 1> <Delay = 3.34> <FuncUnit> <Opcode : 'mul'> <InPorts = 2> <OutPorts = 1>
ST_2 : Operation 605 [1/1] (0.00ns)   --->   "%trunc_ln42_124 = partselect i13 @_ssdm_op_PartSelect.i13.i23.i32.i32, i23 %mul_ln73_1605, i32 10, i32 22" [firmware/nnet_utils/nnet_dense_latency.h:42]   --->   Operation 605 'partselect' 'trunc_ln42_124' <Predicate = true> <Delay = 0.00>
ST_2 : Operation 606 [1/2] (3.34ns)   --->   "%mul_ln73_1606 = mul i25 %sext_ln70_352, i25 131" [firmware/nnet_utils/nnet_mult.h:73->firmware/nnet_utils/nnet_dense_latency.h:42]   --->   Operation 606 'mul' 'mul_ln73_1606' <Predicate = true> <Delay = 3.34> <CoreInst = "Multiplier">   --->   Core 3 'Multiplier' <Latency = 1> <II = 1> <Delay = 3.34> <FuncUnit> <Opcode : 'mul'> <InPorts = 2> <OutPorts = 1>
ST_2 : Operation 607 [1/1] (0.00ns)   --->   "%trunc_ln42_125 = partselect i15 @_ssdm_op_PartSelect.i15.i25.i32.i32, i25 %mul_ln73_1606, i32 10, i32 24" [firmware/nnet_utils/nnet_dense_latency.h:42]   --->   Operation 607 'partselect' 'trunc_ln42_125' <Predicate = true> <Delay = 0.00>
ST_2 : Operation 608 [1/2] (3.34ns)   --->   "%mul_ln73_1607 = mul i26 %sext_ln70_350, i26 354" [firmware/nnet_utils/nnet_mult.h:73->firmware/nnet_utils/nnet_dense_latency.h:42]   --->   Operation 608 'mul' 'mul_ln73_1607' <Predicate = true> <Delay = 3.34> <CoreInst = "Multiplier">   --->   Core 3 'Multiplier' <Latency = 1> <II = 1> <Delay = 3.34> <FuncUnit> <Opcode : 'mul'> <InPorts = 2> <OutPorts = 1>
ST_2 : Operation 609 [1/1] (0.00ns)   --->   "%trunc_ln42_126 = partselect i16 @_ssdm_op_PartSelect.i16.i26.i32.i32, i26 %mul_ln73_1607, i32 10, i32 25" [firmware/nnet_utils/nnet_dense_latency.h:42]   --->   Operation 609 'partselect' 'trunc_ln42_126' <Predicate = true> <Delay = 0.00>
ST_2 : Operation 610 [1/2] (3.34ns)   --->   "%mul_ln73_1608 = mul i22 %sext_ln70_349, i22 19" [firmware/nnet_utils/nnet_mult.h:73->firmware/nnet_utils/nnet_dense_latency.h:42]   --->   Operation 610 'mul' 'mul_ln73_1608' <Predicate = true> <Delay = 3.34> <CoreInst = "Multiplier">   --->   Core 3 'Multiplier' <Latency = 1> <II = 1> <Delay = 3.34> <FuncUnit> <Opcode : 'mul'> <InPorts = 2> <OutPorts = 1>
ST_2 : Operation 611 [1/1] (0.00ns)   --->   "%trunc_ln42_127 = partselect i12 @_ssdm_op_PartSelect.i12.i22.i32.i32, i22 %mul_ln73_1608, i32 10, i32 21" [firmware/nnet_utils/nnet_dense_latency.h:42]   --->   Operation 611 'partselect' 'trunc_ln42_127' <Predicate = true> <Delay = 0.00>
ST_2 : Operation 612 [1/2] (3.34ns)   --->   "%mul_ln73_1609 = mul i22 %sext_ln70_357, i22 4194279" [firmware/nnet_utils/nnet_mult.h:73->firmware/nnet_utils/nnet_dense_latency.h:42]   --->   Operation 612 'mul' 'mul_ln73_1609' <Predicate = true> <Delay = 3.34> <CoreInst = "Multiplier">   --->   Core 3 'Multiplier' <Latency = 1> <II = 1> <Delay = 3.34> <FuncUnit> <Opcode : 'mul'> <InPorts = 2> <OutPorts = 1>
ST_2 : Operation 613 [1/1] (0.00ns)   --->   "%trunc_ln42_128 = partselect i12 @_ssdm_op_PartSelect.i12.i22.i32.i32, i22 %mul_ln73_1609, i32 10, i32 21" [firmware/nnet_utils/nnet_dense_latency.h:42]   --->   Operation 613 'partselect' 'trunc_ln42_128' <Predicate = true> <Delay = 0.00>
ST_2 : Operation 614 [1/2] (3.34ns)   --->   "%mul_ln73_1610 = mul i26 %sext_ln70_356, i26 307" [firmware/nnet_utils/nnet_mult.h:73->firmware/nnet_utils/nnet_dense_latency.h:42]   --->   Operation 614 'mul' 'mul_ln73_1610' <Predicate = true> <Delay = 3.34> <CoreInst = "Multiplier">   --->   Core 3 'Multiplier' <Latency = 1> <II = 1> <Delay = 3.34> <FuncUnit> <Opcode : 'mul'> <InPorts = 2> <OutPorts = 1>
ST_2 : Operation 615 [1/1] (0.00ns)   --->   "%trunc_ln42_129 = partselect i16 @_ssdm_op_PartSelect.i16.i26.i32.i32, i26 %mul_ln73_1610, i32 10, i32 25" [firmware/nnet_utils/nnet_dense_latency.h:42]   --->   Operation 615 'partselect' 'trunc_ln42_129' <Predicate = true> <Delay = 0.00>
ST_2 : Operation 616 [1/2] (3.34ns)   --->   "%mul_ln73_1611 = mul i26 %sext_ln70_356, i26 67108521" [firmware/nnet_utils/nnet_mult.h:73->firmware/nnet_utils/nnet_dense_latency.h:42]   --->   Operation 616 'mul' 'mul_ln73_1611' <Predicate = true> <Delay = 3.34> <CoreInst = "Multiplier">   --->   Core 3 'Multiplier' <Latency = 1> <II = 1> <Delay = 3.34> <FuncUnit> <Opcode : 'mul'> <InPorts = 2> <OutPorts = 1>
ST_2 : Operation 617 [1/1] (0.00ns)   --->   "%trunc_ln42_130 = partselect i16 @_ssdm_op_PartSelect.i16.i26.i32.i32, i26 %mul_ln73_1611, i32 10, i32 25" [firmware/nnet_utils/nnet_dense_latency.h:42]   --->   Operation 617 'partselect' 'trunc_ln42_130' <Predicate = true> <Delay = 0.00>
ST_2 : Operation 618 [1/2] (3.34ns)   --->   "%mul_ln73_1612 = mul i24 %sext_ln70_355, i24 105" [firmware/nnet_utils/nnet_mult.h:73->firmware/nnet_utils/nnet_dense_latency.h:42]   --->   Operation 618 'mul' 'mul_ln73_1612' <Predicate = true> <Delay = 3.34> <CoreInst = "Multiplier">   --->   Core 3 'Multiplier' <Latency = 1> <II = 1> <Delay = 3.34> <FuncUnit> <Opcode : 'mul'> <InPorts = 2> <OutPorts = 1>
ST_2 : Operation 619 [1/1] (0.00ns)   --->   "%trunc_ln42_131 = partselect i14 @_ssdm_op_PartSelect.i14.i24.i32.i32, i24 %mul_ln73_1612, i32 10, i32 23" [firmware/nnet_utils/nnet_dense_latency.h:42]   --->   Operation 619 'partselect' 'trunc_ln42_131' <Predicate = true> <Delay = 0.00>
ST_2 : Operation 620 [1/2] (3.34ns)   --->   "%mul_ln73_1613 = mul i23 %sext_ln70_354, i23 58" [firmware/nnet_utils/nnet_mult.h:73->firmware/nnet_utils/nnet_dense_latency.h:42]   --->   Operation 620 'mul' 'mul_ln73_1613' <Predicate = true> <Delay = 3.34> <CoreInst = "Multiplier">   --->   Core 3 'Multiplier' <Latency = 1> <II = 1> <Delay = 3.34> <FuncUnit> <Opcode : 'mul'> <InPorts = 2> <OutPorts = 1>
ST_2 : Operation 621 [1/1] (0.00ns)   --->   "%trunc_ln42_132 = partselect i13 @_ssdm_op_PartSelect.i13.i23.i32.i32, i23 %mul_ln73_1613, i32 10, i32 22" [firmware/nnet_utils/nnet_dense_latency.h:42]   --->   Operation 621 'partselect' 'trunc_ln42_132' <Predicate = true> <Delay = 0.00>
ST_2 : Operation 622 [1/2] (3.34ns)   --->   "%mul_ln73_1614 = mul i26 %sext_ln70_361, i26 380" [firmware/nnet_utils/nnet_mult.h:73->firmware/nnet_utils/nnet_dense_latency.h:42]   --->   Operation 622 'mul' 'mul_ln73_1614' <Predicate = true> <Delay = 3.34> <CoreInst = "Multiplier">   --->   Core 3 'Multiplier' <Latency = 1> <II = 1> <Delay = 3.34> <FuncUnit> <Opcode : 'mul'> <InPorts = 2> <OutPorts = 1>
ST_2 : Operation 623 [1/1] (0.00ns)   --->   "%trunc_ln42_133 = partselect i16 @_ssdm_op_PartSelect.i16.i26.i32.i32, i26 %mul_ln73_1614, i32 10, i32 25" [firmware/nnet_utils/nnet_dense_latency.h:42]   --->   Operation 623 'partselect' 'trunc_ln42_133' <Predicate = true> <Delay = 0.00>
ST_2 : Operation 624 [1/2] (3.34ns)   --->   "%mul_ln73_1615 = mul i26 %sext_ln70_361, i26 286" [firmware/nnet_utils/nnet_mult.h:73->firmware/nnet_utils/nnet_dense_latency.h:42]   --->   Operation 624 'mul' 'mul_ln73_1615' <Predicate = true> <Delay = 3.34> <CoreInst = "Multiplier">   --->   Core 3 'Multiplier' <Latency = 1> <II = 1> <Delay = 3.34> <FuncUnit> <Opcode : 'mul'> <InPorts = 2> <OutPorts = 1>
ST_2 : Operation 625 [1/1] (0.00ns)   --->   "%trunc_ln42_134 = partselect i16 @_ssdm_op_PartSelect.i16.i26.i32.i32, i26 %mul_ln73_1615, i32 10, i32 25" [firmware/nnet_utils/nnet_dense_latency.h:42]   --->   Operation 625 'partselect' 'trunc_ln42_134' <Predicate = true> <Delay = 0.00>
ST_2 : Operation 626 [1/2] (3.34ns)   --->   "%mul_ln73_1616 = mul i25 %sext_ln70_360, i25 187" [firmware/nnet_utils/nnet_mult.h:73->firmware/nnet_utils/nnet_dense_latency.h:42]   --->   Operation 626 'mul' 'mul_ln73_1616' <Predicate = true> <Delay = 3.34> <CoreInst = "Multiplier">   --->   Core 3 'Multiplier' <Latency = 1> <II = 1> <Delay = 3.34> <FuncUnit> <Opcode : 'mul'> <InPorts = 2> <OutPorts = 1>
ST_2 : Operation 627 [1/1] (0.00ns)   --->   "%trunc_ln42_135 = partselect i15 @_ssdm_op_PartSelect.i15.i25.i32.i32, i25 %mul_ln73_1616, i32 10, i32 24" [firmware/nnet_utils/nnet_dense_latency.h:42]   --->   Operation 627 'partselect' 'trunc_ln42_135' <Predicate = true> <Delay = 0.00>
ST_2 : Operation 628 [1/2] (3.34ns)   --->   "%mul_ln73_1617 = mul i24 %sext_ln70_359, i24 16777115" [firmware/nnet_utils/nnet_mult.h:73->firmware/nnet_utils/nnet_dense_latency.h:42]   --->   Operation 628 'mul' 'mul_ln73_1617' <Predicate = true> <Delay = 3.34> <CoreInst = "Multiplier">   --->   Core 3 'Multiplier' <Latency = 1> <II = 1> <Delay = 3.34> <FuncUnit> <Opcode : 'mul'> <InPorts = 2> <OutPorts = 1>
ST_2 : Operation 629 [1/1] (0.00ns)   --->   "%trunc_ln42_137 = partselect i14 @_ssdm_op_PartSelect.i14.i24.i32.i32, i24 %mul_ln73_1617, i32 10, i32 23" [firmware/nnet_utils/nnet_dense_latency.h:42]   --->   Operation 629 'partselect' 'trunc_ln42_137' <Predicate = true> <Delay = 0.00>
ST_2 : Operation 630 [1/2] (3.34ns)   --->   "%mul_ln73_1618 = mul i25 %sext_ln70_364, i25 33554183" [firmware/nnet_utils/nnet_mult.h:73->firmware/nnet_utils/nnet_dense_latency.h:42]   --->   Operation 630 'mul' 'mul_ln73_1618' <Predicate = true> <Delay = 3.34> <CoreInst = "Multiplier">   --->   Core 3 'Multiplier' <Latency = 1> <II = 1> <Delay = 3.34> <FuncUnit> <Opcode : 'mul'> <InPorts = 2> <OutPorts = 1>
ST_2 : Operation 631 [1/1] (0.00ns)   --->   "%trunc_ln42_138 = partselect i15 @_ssdm_op_PartSelect.i15.i25.i32.i32, i25 %mul_ln73_1618, i32 10, i32 24" [firmware/nnet_utils/nnet_dense_latency.h:42]   --->   Operation 631 'partselect' 'trunc_ln42_138' <Predicate = true> <Delay = 0.00>
ST_2 : Operation 632 [1/1] (0.00ns)   --->   "%tmp_452 = bitconcatenate i25 @_ssdm_op_BitConcatenate.i25.i16.i9, i16 %data_28_val_read, i9 0" [firmware/nnet_utils/nnet_mult.h:73->firmware/nnet_utils/nnet_dense_latency.h:42]   --->   Operation 632 'bitconcatenate' 'tmp_452' <Predicate = true> <Delay = 0.00>
ST_2 : Operation 633 [1/1] (0.00ns)   --->   "%sext_ln73_651 = sext i25 %tmp_452" [firmware/nnet_utils/nnet_mult.h:73->firmware/nnet_utils/nnet_dense_latency.h:42]   --->   Operation 633 'sext' 'sext_ln73_651' <Predicate = true> <Delay = 0.00>
ST_2 : Operation 634 [1/1] (0.00ns)   --->   "%tmp_453 = bitconcatenate i23 @_ssdm_op_BitConcatenate.i23.i16.i7, i16 %data_28_val_read, i7 0" [firmware/nnet_utils/nnet_mult.h:73->firmware/nnet_utils/nnet_dense_latency.h:42]   --->   Operation 634 'bitconcatenate' 'tmp_453' <Predicate = true> <Delay = 0.00>
ST_2 : Operation 635 [1/1] (0.00ns)   --->   "%sext_ln73_652 = sext i23 %tmp_453" [firmware/nnet_utils/nnet_mult.h:73->firmware/nnet_utils/nnet_dense_latency.h:42]   --->   Operation 635 'sext' 'sext_ln73_652' <Predicate = true> <Delay = 0.00>
ST_2 : Operation 636 [1/1] (2.34ns)   --->   "%sub_ln73_455 = sub i26 %sext_ln73_652, i26 %sext_ln73_651" [firmware/nnet_utils/nnet_mult.h:73->firmware/nnet_utils/nnet_dense_latency.h:42]   --->   Operation 636 'sub' 'sub_ln73_455' <Predicate = true> <Delay = 2.34> <CoreInst = "Adder">   --->   Core 1 'Adder' <Latency = 0> <II = 1> <Delay = 2.34> <FuncUnit> <Opcode : 'add' 'sub'> <InPorts = 2> <OutPorts = 1>
ST_2 : Operation 637 [1/1] (0.00ns)   --->   "%trunc_ln42_139 = partselect i16 @_ssdm_op_PartSelect.i16.i26.i32.i32, i26 %sub_ln73_455, i32 10, i32 25" [firmware/nnet_utils/nnet_dense_latency.h:42]   --->   Operation 637 'partselect' 'trunc_ln42_139' <Predicate = true> <Delay = 0.00>
ST_2 : Operation 638 [1/2] (3.34ns)   --->   "%mul_ln73_1619 = mul i25 %sext_ln70_364, i25 33554289" [firmware/nnet_utils/nnet_mult.h:73->firmware/nnet_utils/nnet_dense_latency.h:42]   --->   Operation 638 'mul' 'mul_ln73_1619' <Predicate = true> <Delay = 3.34> <CoreInst = "Multiplier">   --->   Core 3 'Multiplier' <Latency = 1> <II = 1> <Delay = 3.34> <FuncUnit> <Opcode : 'mul'> <InPorts = 2> <OutPorts = 1>
ST_2 : Operation 639 [1/1] (0.00ns)   --->   "%trunc_ln42_140 = partselect i15 @_ssdm_op_PartSelect.i15.i25.i32.i32, i25 %mul_ln73_1619, i32 10, i32 24" [firmware/nnet_utils/nnet_dense_latency.h:42]   --->   Operation 639 'partselect' 'trunc_ln42_140' <Predicate = true> <Delay = 0.00>
ST_2 : Operation 640 [1/2] (3.34ns)   --->   "%mul_ln73_1620 = mul i26 %sext_ln70_363, i26 314" [firmware/nnet_utils/nnet_mult.h:73->firmware/nnet_utils/nnet_dense_latency.h:42]   --->   Operation 640 'mul' 'mul_ln73_1620' <Predicate = true> <Delay = 3.34> <CoreInst = "Multiplier">   --->   Core 3 'Multiplier' <Latency = 1> <II = 1> <Delay = 3.34> <FuncUnit> <Opcode : 'mul'> <InPorts = 2> <OutPorts = 1>
ST_2 : Operation 641 [1/1] (0.00ns)   --->   "%trunc_ln42_141 = partselect i16 @_ssdm_op_PartSelect.i16.i26.i32.i32, i26 %mul_ln73_1620, i32 10, i32 25" [firmware/nnet_utils/nnet_dense_latency.h:42]   --->   Operation 641 'partselect' 'trunc_ln42_141' <Predicate = true> <Delay = 0.00>
ST_2 : Operation 642 [1/2] (3.34ns)   --->   "%mul_ln73_1621 = mul i26 %sext_ln70_363, i26 387" [firmware/nnet_utils/nnet_mult.h:73->firmware/nnet_utils/nnet_dense_latency.h:42]   --->   Operation 642 'mul' 'mul_ln73_1621' <Predicate = true> <Delay = 3.34> <CoreInst = "Multiplier">   --->   Core 3 'Multiplier' <Latency = 1> <II = 1> <Delay = 3.34> <FuncUnit> <Opcode : 'mul'> <InPorts = 2> <OutPorts = 1>
ST_2 : Operation 643 [1/1] (0.00ns)   --->   "%trunc_ln42_142 = partselect i16 @_ssdm_op_PartSelect.i16.i26.i32.i32, i26 %mul_ln73_1621, i32 10, i32 25" [firmware/nnet_utils/nnet_dense_latency.h:42]   --->   Operation 643 'partselect' 'trunc_ln42_142' <Predicate = true> <Delay = 0.00>
ST_2 : Operation 644 [1/1] (0.00ns)   --->   "%tmp_454 = bitconcatenate i24 @_ssdm_op_BitConcatenate.i24.i16.i8, i16 %data_29_val_read, i8 0" [firmware/nnet_utils/nnet_mult.h:73->firmware/nnet_utils/nnet_dense_latency.h:42]   --->   Operation 644 'bitconcatenate' 'tmp_454' <Predicate = true> <Delay = 0.00>
ST_2 : Operation 645 [1/1] (0.00ns)   --->   "%sext_ln73_653 = sext i24 %tmp_454" [firmware/nnet_utils/nnet_mult.h:73->firmware/nnet_utils/nnet_dense_latency.h:42]   --->   Operation 645 'sext' 'sext_ln73_653' <Predicate = true> <Delay = 0.00>
ST_2 : Operation 646 [1/1] (0.00ns)   --->   "%tmp_455 = bitconcatenate i21 @_ssdm_op_BitConcatenate.i21.i16.i5, i16 %data_29_val_read, i5 0" [firmware/nnet_utils/nnet_mult.h:73->firmware/nnet_utils/nnet_dense_latency.h:42]   --->   Operation 646 'bitconcatenate' 'tmp_455' <Predicate = true> <Delay = 0.00>
ST_2 : Operation 647 [1/1] (0.00ns)   --->   "%sext_ln73_654 = sext i21 %tmp_455" [firmware/nnet_utils/nnet_mult.h:73->firmware/nnet_utils/nnet_dense_latency.h:42]   --->   Operation 647 'sext' 'sext_ln73_654' <Predicate = true> <Delay = 0.00>
ST_2 : Operation 648 [1/1] (2.31ns)   --->   "%add_ln73_87 = add i26 %sext_ln73_653, i26 %sext_ln73_654" [firmware/nnet_utils/nnet_mult.h:73->firmware/nnet_utils/nnet_dense_latency.h:42]   --->   Operation 648 'add' 'add_ln73_87' <Predicate = true> <Delay = 2.31> <CoreInst = "Adder">   --->   Core 1 'Adder' <Latency = 0> <II = 1> <Delay = 2.31> <FuncUnit> <Opcode : 'add' 'sub'> <InPorts = 2> <OutPorts = 1>
ST_2 : Operation 649 [1/1] (0.00ns)   --->   "%trunc_ln42_143 = partselect i16 @_ssdm_op_PartSelect.i16.i26.i32.i32, i26 %add_ln73_87, i32 10, i32 25" [firmware/nnet_utils/nnet_dense_latency.h:42]   --->   Operation 649 'partselect' 'trunc_ln42_143' <Predicate = true> <Delay = 0.00>
ST_2 : Operation 650 [1/2] (3.34ns)   --->   "%mul_ln73_1622 = mul i25 %sext_ln70_366, i25 153" [firmware/nnet_utils/nnet_mult.h:73->firmware/nnet_utils/nnet_dense_latency.h:42]   --->   Operation 650 'mul' 'mul_ln73_1622' <Predicate = true> <Delay = 3.34> <CoreInst = "Multiplier">   --->   Core 3 'Multiplier' <Latency = 1> <II = 1> <Delay = 3.34> <FuncUnit> <Opcode : 'mul'> <InPorts = 2> <OutPorts = 1>
ST_2 : Operation 651 [1/1] (0.00ns)   --->   "%trunc_ln42_144 = partselect i15 @_ssdm_op_PartSelect.i15.i25.i32.i32, i25 %mul_ln73_1622, i32 10, i32 24" [firmware/nnet_utils/nnet_dense_latency.h:42]   --->   Operation 651 'partselect' 'trunc_ln42_144' <Predicate = true> <Delay = 0.00>
ST_2 : Operation 652 [1/2] (3.34ns)   --->   "%mul_ln73_1623 = mul i25 %sext_ln70_366, i25 33554256" [firmware/nnet_utils/nnet_mult.h:73->firmware/nnet_utils/nnet_dense_latency.h:42]   --->   Operation 652 'mul' 'mul_ln73_1623' <Predicate = true> <Delay = 3.34> <CoreInst = "Multiplier">   --->   Core 3 'Multiplier' <Latency = 1> <II = 1> <Delay = 3.34> <FuncUnit> <Opcode : 'mul'> <InPorts = 2> <OutPorts = 1>
ST_2 : Operation 653 [1/1] (0.00ns)   --->   "%trunc_ln42_145 = partselect i15 @_ssdm_op_PartSelect.i15.i25.i32.i32, i25 %mul_ln73_1623, i32 10, i32 24" [firmware/nnet_utils/nnet_dense_latency.h:42]   --->   Operation 653 'partselect' 'trunc_ln42_145' <Predicate = true> <Delay = 0.00>
ST_2 : Operation 654 [1/2] (3.34ns)   --->   "%mul_ln73_1624 = mul i24 %sext_ln70_365, i24 122" [firmware/nnet_utils/nnet_mult.h:73->firmware/nnet_utils/nnet_dense_latency.h:42]   --->   Operation 654 'mul' 'mul_ln73_1624' <Predicate = true> <Delay = 3.34> <CoreInst = "Multiplier">   --->   Core 3 'Multiplier' <Latency = 1> <II = 1> <Delay = 3.34> <FuncUnit> <Opcode : 'mul'> <InPorts = 2> <OutPorts = 1>
ST_2 : Operation 655 [1/1] (0.00ns)   --->   "%trunc_ln42_146 = partselect i14 @_ssdm_op_PartSelect.i14.i24.i32.i32, i24 %mul_ln73_1624, i32 10, i32 23" [firmware/nnet_utils/nnet_dense_latency.h:42]   --->   Operation 655 'partselect' 'trunc_ln42_146' <Predicate = true> <Delay = 0.00>
ST_2 : Operation 656 [1/2] (3.34ns)   --->   "%mul_ln73_1625 = mul i25 %sext_ln70_366, i25 33554232" [firmware/nnet_utils/nnet_mult.h:73->firmware/nnet_utils/nnet_dense_latency.h:42]   --->   Operation 656 'mul' 'mul_ln73_1625' <Predicate = true> <Delay = 3.34> <CoreInst = "Multiplier">   --->   Core 3 'Multiplier' <Latency = 1> <II = 1> <Delay = 3.34> <FuncUnit> <Opcode : 'mul'> <InPorts = 2> <OutPorts = 1>
ST_2 : Operation 657 [1/1] (0.00ns)   --->   "%trunc_ln42_147 = partselect i15 @_ssdm_op_PartSelect.i15.i25.i32.i32, i25 %mul_ln73_1625, i32 10, i32 24" [firmware/nnet_utils/nnet_dense_latency.h:42]   --->   Operation 657 'partselect' 'trunc_ln42_147' <Predicate = true> <Delay = 0.00>
ST_2 : Operation 658 [1/1] (0.00ns)   --->   "%sext_ln70_368 = sext i16 %data_30_val_read" [firmware/nnet_utils/nnet_mult.h:70->firmware/nnet_utils/nnet_dense_latency.h:42]   --->   Operation 658 'sext' 'sext_ln70_368' <Predicate = true> <Delay = 0.00>
ST_2 : Operation 659 [1/2] (3.34ns)   --->   "%mul_ln73_1626 = mul i25 %sext_ln70_369, i25 33554202" [firmware/nnet_utils/nnet_mult.h:73->firmware/nnet_utils/nnet_dense_latency.h:42]   --->   Operation 659 'mul' 'mul_ln73_1626' <Predicate = true> <Delay = 3.34> <CoreInst = "Multiplier">   --->   Core 3 'Multiplier' <Latency = 1> <II = 1> <Delay = 3.34> <FuncUnit> <Opcode : 'mul'> <InPorts = 2> <OutPorts = 1>
ST_2 : Operation 660 [1/1] (0.00ns)   --->   "%trunc_ln42_148 = partselect i15 @_ssdm_op_PartSelect.i15.i25.i32.i32, i25 %mul_ln73_1626, i32 10, i32 24" [firmware/nnet_utils/nnet_dense_latency.h:42]   --->   Operation 660 'partselect' 'trunc_ln42_148' <Predicate = true> <Delay = 0.00>
ST_2 : Operation 661 [1/2] (3.34ns)   --->   "%mul_ln73_1627 = mul i25 %sext_ln70_369, i25 142" [firmware/nnet_utils/nnet_mult.h:73->firmware/nnet_utils/nnet_dense_latency.h:42]   --->   Operation 661 'mul' 'mul_ln73_1627' <Predicate = true> <Delay = 3.34> <CoreInst = "Multiplier">   --->   Core 3 'Multiplier' <Latency = 1> <II = 1> <Delay = 3.34> <FuncUnit> <Opcode : 'mul'> <InPorts = 2> <OutPorts = 1>
ST_2 : Operation 662 [1/1] (0.00ns)   --->   "%trunc_ln42_150 = partselect i15 @_ssdm_op_PartSelect.i15.i25.i32.i32, i25 %mul_ln73_1627, i32 10, i32 24" [firmware/nnet_utils/nnet_dense_latency.h:42]   --->   Operation 662 'partselect' 'trunc_ln42_150' <Predicate = true> <Delay = 0.00>
ST_2 : Operation 663 [1/1] (2.37ns)   --->   "%sub_ln73_457 = sub i26 %sub_ln73_456, i26 %sext_ln70_368" [firmware/nnet_utils/nnet_mult.h:73->firmware/nnet_utils/nnet_dense_latency.h:42]   --->   Operation 663 'sub' 'sub_ln73_457' <Predicate = true> <Delay = 2.37> <CoreInst = "Adder">   --->   Core 1 'Adder' <Latency = 0> <II = 1> <Delay = 2.37> <FuncUnit> <Opcode : 'add' 'sub'> <InPorts = 2> <OutPorts = 1>
ST_2 : Operation 664 [1/1] (0.00ns)   --->   "%trunc_ln42_151 = partselect i16 @_ssdm_op_PartSelect.i16.i26.i32.i32, i26 %sub_ln73_457, i32 10, i32 25" [firmware/nnet_utils/nnet_dense_latency.h:42]   --->   Operation 664 'partselect' 'trunc_ln42_151' <Predicate = true> <Delay = 0.00>
ST_2 : Operation 665 [1/2] (3.34ns)   --->   "%mul_ln73_1628 = mul i24 %sext_ln70_367, i24 97" [firmware/nnet_utils/nnet_mult.h:73->firmware/nnet_utils/nnet_dense_latency.h:42]   --->   Operation 665 'mul' 'mul_ln73_1628' <Predicate = true> <Delay = 3.34> <CoreInst = "Multiplier">   --->   Core 3 'Multiplier' <Latency = 1> <II = 1> <Delay = 3.34> <FuncUnit> <Opcode : 'mul'> <InPorts = 2> <OutPorts = 1>
ST_2 : Operation 666 [1/1] (0.00ns)   --->   "%trunc_ln42_152 = partselect i14 @_ssdm_op_PartSelect.i14.i24.i32.i32, i24 %mul_ln73_1628, i32 10, i32 23" [firmware/nnet_utils/nnet_dense_latency.h:42]   --->   Operation 666 'partselect' 'trunc_ln42_152' <Predicate = true> <Delay = 0.00>
ST_2 : Operation 667 [1/2] (3.34ns)   --->   "%mul_ln73_1629 = mul i25 %sext_ln70_372, i25 169" [firmware/nnet_utils/nnet_mult.h:73->firmware/nnet_utils/nnet_dense_latency.h:42]   --->   Operation 667 'mul' 'mul_ln73_1629' <Predicate = true> <Delay = 3.34> <CoreInst = "Multiplier">   --->   Core 3 'Multiplier' <Latency = 1> <II = 1> <Delay = 3.34> <FuncUnit> <Opcode : 'mul'> <InPorts = 2> <OutPorts = 1>
ST_2 : Operation 668 [1/1] (0.00ns)   --->   "%trunc_ln42_154 = partselect i15 @_ssdm_op_PartSelect.i15.i25.i32.i32, i25 %mul_ln73_1629, i32 10, i32 24" [firmware/nnet_utils/nnet_dense_latency.h:42]   --->   Operation 668 'partselect' 'trunc_ln42_154' <Predicate = true> <Delay = 0.00>
ST_2 : Operation 669 [1/2] (3.34ns)   --->   "%mul_ln73_1630 = mul i24 %sext_ln70_371, i24 16777100" [firmware/nnet_utils/nnet_mult.h:73->firmware/nnet_utils/nnet_dense_latency.h:42]   --->   Operation 669 'mul' 'mul_ln73_1630' <Predicate = true> <Delay = 3.34> <CoreInst = "Multiplier">   --->   Core 3 'Multiplier' <Latency = 1> <II = 1> <Delay = 3.34> <FuncUnit> <Opcode : 'mul'> <InPorts = 2> <OutPorts = 1>
ST_2 : Operation 670 [1/1] (0.00ns)   --->   "%trunc_ln42_155 = partselect i14 @_ssdm_op_PartSelect.i14.i24.i32.i32, i24 %mul_ln73_1630, i32 10, i32 23" [firmware/nnet_utils/nnet_dense_latency.h:42]   --->   Operation 670 'partselect' 'trunc_ln42_155' <Predicate = true> <Delay = 0.00>
ST_2 : Operation 671 [1/2] (3.34ns)   --->   "%mul_ln73_1631 = mul i24 %sext_ln70_371, i24 16777099" [firmware/nnet_utils/nnet_mult.h:73->firmware/nnet_utils/nnet_dense_latency.h:42]   --->   Operation 671 'mul' 'mul_ln73_1631' <Predicate = true> <Delay = 3.34> <CoreInst = "Multiplier">   --->   Core 3 'Multiplier' <Latency = 1> <II = 1> <Delay = 3.34> <FuncUnit> <Opcode : 'mul'> <InPorts = 2> <OutPorts = 1>
ST_2 : Operation 672 [1/1] (0.00ns)   --->   "%trunc_ln42_156 = partselect i14 @_ssdm_op_PartSelect.i14.i24.i32.i32, i24 %mul_ln73_1631, i32 10, i32 23" [firmware/nnet_utils/nnet_dense_latency.h:42]   --->   Operation 672 'partselect' 'trunc_ln42_156' <Predicate = true> <Delay = 0.00>

State 3 <SV = 2> <Delay = 3.49>
ST_3 : Operation 673 [1/1] (0.00ns)   --->   "%sext_ln73 = sext i13 %trunc_ln42_1" [firmware/nnet_utils/nnet_mult.h:73->firmware/nnet_utils/nnet_dense_latency.h:42]   --->   Operation 673 'sext' 'sext_ln73' <Predicate = true> <Delay = 0.00>
ST_3 : Operation 674 [1/1] (0.00ns)   --->   "%sext_ln70_278 = sext i13 %trunc_ln42_4" [firmware/nnet_utils/nnet_mult.h:70->firmware/nnet_utils/nnet_dense_latency.h:42]   --->   Operation 674 'sext' 'sext_ln70_278' <Predicate = true> <Delay = 0.00>
ST_3 : Operation 675 [1/1] (0.00ns)   --->   "%sext_ln42 = sext i15 %trunc_ln42_6" [firmware/nnet_utils/nnet_dense_latency.h:42]   --->   Operation 675 'sext' 'sext_ln42' <Predicate = true> <Delay = 0.00>
ST_3 : Operation 676 [1/1] (0.00ns)   --->   "%sext_ln73_1 = sext i14 %trunc_ln42_7" [firmware/nnet_utils/nnet_mult.h:73->firmware/nnet_utils/nnet_dense_latency.h:42]   --->   Operation 676 'sext' 'sext_ln73_1' <Predicate = true> <Delay = 0.00>
ST_3 : Operation 677 [1/1] (0.00ns)   --->   "%sext_ln42_994 = sext i15 %trunc_ln42_8" [firmware/nnet_utils/nnet_dense_latency.h:42]   --->   Operation 677 'sext' 'sext_ln42_994' <Predicate = true> <Delay = 0.00>
ST_3 : Operation 678 [1/1] (0.00ns)   --->   "%sext_ln42_995 = sext i14 %trunc_ln42_9" [firmware/nnet_utils/nnet_dense_latency.h:42]   --->   Operation 678 'sext' 'sext_ln42_995' <Predicate = true> <Delay = 0.00>
ST_3 : Operation 679 [1/1] (0.00ns)   --->   "%sext_ln73_2 = sext i14 %trunc_ln42_11" [firmware/nnet_utils/nnet_mult.h:73->firmware/nnet_utils/nnet_dense_latency.h:42]   --->   Operation 679 'sext' 'sext_ln73_2' <Predicate = true> <Delay = 0.00>
ST_3 : Operation 680 [1/1] (0.00ns)   --->   "%sext_ln73_3 = sext i14 %trunc_ln42_12" [firmware/nnet_utils/nnet_mult.h:73->firmware/nnet_utils/nnet_dense_latency.h:42]   --->   Operation 680 'sext' 'sext_ln73_3' <Predicate = true> <Delay = 0.00>
ST_3 : Operation 681 [1/1] (0.00ns)   --->   "%sext_ln42_996 = sext i14 %trunc_ln42_15" [firmware/nnet_utils/nnet_dense_latency.h:42]   --->   Operation 681 'sext' 'sext_ln42_996' <Predicate = true> <Delay = 0.00>
ST_3 : Operation 682 [1/1] (0.00ns)   --->   "%sext_ln42_997 = sext i15 %trunc_ln42_17" [firmware/nnet_utils/nnet_dense_latency.h:42]   --->   Operation 682 'sext' 'sext_ln42_997' <Predicate = true> <Delay = 0.00>
ST_3 : Operation 683 [1/1] (0.00ns)   --->   "%sext_ln70_287 = sext i14 %trunc_ln42_18" [firmware/nnet_utils/nnet_mult.h:70->firmware/nnet_utils/nnet_dense_latency.h:42]   --->   Operation 683 'sext' 'sext_ln70_287' <Predicate = true> <Delay = 0.00>
ST_3 : Operation 684 [1/1] (0.00ns)   --->   "%sext_ln42_998 = sext i15 %trunc_ln42_19" [firmware/nnet_utils/nnet_dense_latency.h:42]   --->   Operation 684 'sext' 'sext_ln42_998' <Predicate = true> <Delay = 0.00>
ST_3 : Operation 685 [1/1] (0.00ns)   --->   "%sext_ln42_999 = sext i15 %trunc_ln42_20" [firmware/nnet_utils/nnet_dense_latency.h:42]   --->   Operation 685 'sext' 'sext_ln42_999' <Predicate = true> <Delay = 0.00>
ST_3 : Operation 686 [1/1] (0.00ns)   --->   "%sext_ln42_1000 = sext i15 %trunc_ln42_22" [firmware/nnet_utils/nnet_dense_latency.h:42]   --->   Operation 686 'sext' 'sext_ln42_1000' <Predicate = true> <Delay = 0.00>
ST_3 : Operation 687 [1/1] (0.00ns)   --->   "%sext_ln42_1001 = sext i15 %trunc_ln42_24" [firmware/nnet_utils/nnet_dense_latency.h:42]   --->   Operation 687 'sext' 'sext_ln42_1001' <Predicate = true> <Delay = 0.00>
ST_3 : Operation 688 [1/1] (0.00ns)   --->   "%sext_ln73_4 = sext i13 %trunc_ln42_25" [firmware/nnet_utils/nnet_mult.h:73->firmware/nnet_utils/nnet_dense_latency.h:42]   --->   Operation 688 'sext' 'sext_ln73_4' <Predicate = true> <Delay = 0.00>
ST_3 : Operation 689 [1/1] (0.00ns)   --->   "%sext_ln42_1002 = sext i14 %trunc_ln42_29" [firmware/nnet_utils/nnet_dense_latency.h:42]   --->   Operation 689 'sext' 'sext_ln42_1002' <Predicate = true> <Delay = 0.00>
ST_3 : Operation 690 [1/1] (0.00ns)   --->   "%sext_ln73_5 = sext i11 %trunc_ln42_30" [firmware/nnet_utils/nnet_mult.h:73->firmware/nnet_utils/nnet_dense_latency.h:42]   --->   Operation 690 'sext' 'sext_ln73_5' <Predicate = true> <Delay = 0.00>
ST_3 : Operation 691 [1/1] (0.00ns)   --->   "%sext_ln73_6 = sext i9 %trunc_ln42_32" [firmware/nnet_utils/nnet_mult.h:73->firmware/nnet_utils/nnet_dense_latency.h:42]   --->   Operation 691 'sext' 'sext_ln73_6' <Predicate = true> <Delay = 0.00>
ST_3 : Operation 692 [1/1] (0.00ns)   --->   "%sext_ln42_1003 = sext i15 %trunc_ln42_33" [firmware/nnet_utils/nnet_dense_latency.h:42]   --->   Operation 692 'sext' 'sext_ln42_1003' <Predicate = true> <Delay = 0.00>
ST_3 : Operation 693 [1/1] (0.00ns)   --->   "%sext_ln42_1004 = sext i15 %trunc_ln42_34" [firmware/nnet_utils/nnet_dense_latency.h:42]   --->   Operation 693 'sext' 'sext_ln42_1004' <Predicate = true> <Delay = 0.00>
ST_3 : Operation 694 [1/1] (0.00ns)   --->   "%sext_ln73_7 = sext i14 %trunc_ln42_37" [firmware/nnet_utils/nnet_mult.h:73->firmware/nnet_utils/nnet_dense_latency.h:42]   --->   Operation 694 'sext' 'sext_ln73_7' <Predicate = true> <Delay = 0.00>
ST_3 : Operation 695 [1/1] (0.00ns)   --->   "%sext_ln42_1005 = sext i15 %trunc_ln42_43" [firmware/nnet_utils/nnet_dense_latency.h:42]   --->   Operation 695 'sext' 'sext_ln42_1005' <Predicate = true> <Delay = 0.00>
ST_3 : Operation 696 [1/1] (0.00ns)   --->   "%sext_ln73_8 = sext i14 %trunc_ln42_47" [firmware/nnet_utils/nnet_mult.h:73->firmware/nnet_utils/nnet_dense_latency.h:42]   --->   Operation 696 'sext' 'sext_ln73_8' <Predicate = true> <Delay = 0.00>
ST_3 : Operation 697 [1/1] (0.00ns)   --->   "%sext_ln73_9 = sext i12 %trunc_ln42_50" [firmware/nnet_utils/nnet_mult.h:73->firmware/nnet_utils/nnet_dense_latency.h:42]   --->   Operation 697 'sext' 'sext_ln73_9' <Predicate = true> <Delay = 0.00>
ST_3 : Operation 698 [1/1] (0.00ns)   --->   "%sext_ln42_1006 = sext i15 %trunc_ln42_52" [firmware/nnet_utils/nnet_dense_latency.h:42]   --->   Operation 698 'sext' 'sext_ln42_1006' <Predicate = true> <Delay = 0.00>
ST_3 : Operation 699 [1/1] (0.00ns)   --->   "%sext_ln42_1007 = sext i15 %trunc_ln42_54" [firmware/nnet_utils/nnet_dense_latency.h:42]   --->   Operation 699 'sext' 'sext_ln42_1007' <Predicate = true> <Delay = 0.00>
ST_3 : Operation 700 [1/1] (0.00ns)   --->   "%sext_ln73_11 = sext i11 %trunc_ln42_55" [firmware/nnet_utils/nnet_mult.h:73->firmware/nnet_utils/nnet_dense_latency.h:42]   --->   Operation 700 'sext' 'sext_ln73_11' <Predicate = true> <Delay = 0.00>
ST_3 : Operation 701 [1/1] (0.00ns)   --->   "%sext_ln42_1008 = sext i15 %trunc_ln42_56" [firmware/nnet_utils/nnet_dense_latency.h:42]   --->   Operation 701 'sext' 'sext_ln42_1008' <Predicate = true> <Delay = 0.00>
ST_3 : Operation 702 [1/1] (0.00ns)   --->   "%sext_ln42_1009 = sext i15 %trunc_ln42_57" [firmware/nnet_utils/nnet_dense_latency.h:42]   --->   Operation 702 'sext' 'sext_ln42_1009' <Predicate = true> <Delay = 0.00>
ST_3 : Operation 703 [1/1] (0.00ns)   --->   "%sext_ln70_308 = sext i14 %trunc_ln42_58" [firmware/nnet_utils/nnet_mult.h:70->firmware/nnet_utils/nnet_dense_latency.h:42]   --->   Operation 703 'sext' 'sext_ln70_308' <Predicate = true> <Delay = 0.00>
ST_3 : Operation 704 [1/1] (0.00ns)   --->   "%sext_ln42_1010 = sext i15 %trunc_ln42_64" [firmware/nnet_utils/nnet_dense_latency.h:42]   --->   Operation 704 'sext' 'sext_ln42_1010' <Predicate = true> <Delay = 0.00>
ST_3 : Operation 705 [1/1] (0.00ns)   --->   "%sext_ln42_1011 = sext i15 %trunc_ln42_65" [firmware/nnet_utils/nnet_dense_latency.h:42]   --->   Operation 705 'sext' 'sext_ln42_1011' <Predicate = true> <Delay = 0.00>
ST_3 : Operation 706 [1/1] (0.00ns)   --->   "%sext_ln73_12 = sext i14 %trunc_ln42_66" [firmware/nnet_utils/nnet_mult.h:73->firmware/nnet_utils/nnet_dense_latency.h:42]   --->   Operation 706 'sext' 'sext_ln73_12' <Predicate = true> <Delay = 0.00>
ST_3 : Operation 707 [1/1] (0.00ns)   --->   "%sext_ln42_1012 = sext i15 %trunc_ln42_68" [firmware/nnet_utils/nnet_dense_latency.h:42]   --->   Operation 707 'sext' 'sext_ln42_1012' <Predicate = true> <Delay = 0.00>
ST_3 : Operation 708 [1/1] (0.00ns)   --->   "%sext_ln42_1013 = sext i15 %trunc_ln42_69" [firmware/nnet_utils/nnet_dense_latency.h:42]   --->   Operation 708 'sext' 'sext_ln42_1013' <Predicate = true> <Delay = 0.00>
ST_3 : Operation 709 [1/1] (0.00ns)   --->   "%sext_ln73_13 = sext i14 %trunc_ln42_70" [firmware/nnet_utils/nnet_mult.h:73->firmware/nnet_utils/nnet_dense_latency.h:42]   --->   Operation 709 'sext' 'sext_ln73_13' <Predicate = true> <Delay = 0.00>
ST_3 : Operation 710 [1/1] (0.00ns)   --->   "%sext_ln73_14 = sext i14 %trunc_ln42_72" [firmware/nnet_utils/nnet_mult.h:73->firmware/nnet_utils/nnet_dense_latency.h:42]   --->   Operation 710 'sext' 'sext_ln73_14' <Predicate = true> <Delay = 0.00>
ST_3 : Operation 711 [1/1] (0.00ns)   --->   "%sext_ln70_316 = sext i14 %trunc_ln42_73" [firmware/nnet_utils/nnet_mult.h:70->firmware/nnet_utils/nnet_dense_latency.h:42]   --->   Operation 711 'sext' 'sext_ln70_316' <Predicate = true> <Delay = 0.00>
ST_3 : Operation 712 [1/1] (0.00ns)   --->   "%sext_ln42_1014 = sext i15 %trunc_ln42_75" [firmware/nnet_utils/nnet_dense_latency.h:42]   --->   Operation 712 'sext' 'sext_ln42_1014' <Predicate = true> <Delay = 0.00>
ST_3 : Operation 713 [1/1] (0.00ns)   --->   "%sext_ln73_15 = sext i14 %trunc_ln42_76" [firmware/nnet_utils/nnet_mult.h:73->firmware/nnet_utils/nnet_dense_latency.h:42]   --->   Operation 713 'sext' 'sext_ln73_15' <Predicate = true> <Delay = 0.00>
ST_3 : Operation 714 [1/1] (0.00ns)   --->   "%sext_ln42_1015 = sext i15 %trunc_ln42_78" [firmware/nnet_utils/nnet_dense_latency.h:42]   --->   Operation 714 'sext' 'sext_ln42_1015' <Predicate = true> <Delay = 0.00>
ST_3 : Operation 715 [1/1] (0.00ns)   --->   "%sext_ln73_16 = sext i13 %trunc_ln42_79" [firmware/nnet_utils/nnet_mult.h:73->firmware/nnet_utils/nnet_dense_latency.h:42]   --->   Operation 715 'sext' 'sext_ln73_16' <Predicate = true> <Delay = 0.00>
ST_3 : Operation 716 [1/1] (0.00ns)   --->   "%sext_ln73_17 = sext i11 %trunc_ln42_80" [firmware/nnet_utils/nnet_mult.h:73->firmware/nnet_utils/nnet_dense_latency.h:42]   --->   Operation 716 'sext' 'sext_ln73_17' <Predicate = true> <Delay = 0.00>
ST_3 : Operation 717 [1/1] (0.00ns)   --->   "%sext_ln73_18 = sext i13 %trunc_ln42_82" [firmware/nnet_utils/nnet_mult.h:73->firmware/nnet_utils/nnet_dense_latency.h:42]   --->   Operation 717 'sext' 'sext_ln73_18' <Predicate = true> <Delay = 0.00>
ST_3 : Operation 718 [1/1] (0.00ns)   --->   "%sext_ln70_322 = sext i13 %trunc_ln42_83" [firmware/nnet_utils/nnet_mult.h:70->firmware/nnet_utils/nnet_dense_latency.h:42]   --->   Operation 718 'sext' 'sext_ln70_322' <Predicate = true> <Delay = 0.00>
ST_3 : Operation 719 [1/1] (0.00ns)   --->   "%sext_ln42_1016 = sext i15 %trunc_ln42_85" [firmware/nnet_utils/nnet_dense_latency.h:42]   --->   Operation 719 'sext' 'sext_ln42_1016' <Predicate = true> <Delay = 0.00>
ST_3 : Operation 720 [1/2] (3.34ns)   --->   "%mul_ln73_1576 = mul i22 %sext_ln70_324, i22 27" [firmware/nnet_utils/nnet_mult.h:73->firmware/nnet_utils/nnet_dense_latency.h:42]   --->   Operation 720 'mul' 'mul_ln73_1576' <Predicate = true> <Delay = 3.34> <CoreInst = "Multiplier">   --->   Core 3 'Multiplier' <Latency = 1> <II = 1> <Delay = 3.34> <FuncUnit> <Opcode : 'mul'> <InPorts = 2> <OutPorts = 1>
ST_3 : Operation 721 [1/1] (0.00ns)   --->   "%trunc_ln42_86 = partselect i12 @_ssdm_op_PartSelect.i12.i22.i32.i32, i22 %mul_ln73_1576, i32 10, i32 21" [firmware/nnet_utils/nnet_dense_latency.h:42]   --->   Operation 721 'partselect' 'trunc_ln42_86' <Predicate = true> <Delay = 0.00>
ST_3 : Operation 722 [1/1] (0.00ns)   --->   "%sext_ln73_20 = sext i14 %trunc_ln42_87" [firmware/nnet_utils/nnet_mult.h:73->firmware/nnet_utils/nnet_dense_latency.h:42]   --->   Operation 722 'sext' 'sext_ln73_20' <Predicate = true> <Delay = 0.00>
ST_3 : Operation 723 [1/1] (0.00ns)   --->   "%sext_ln42_1017 = sext i15 %trunc_ln42_91" [firmware/nnet_utils/nnet_dense_latency.h:42]   --->   Operation 723 'sext' 'sext_ln42_1017' <Predicate = true> <Delay = 0.00>
ST_3 : Operation 724 [1/1] (0.00ns)   --->   "%sext_ln42_1018 = sext i15 %trunc_ln42_92" [firmware/nnet_utils/nnet_dense_latency.h:42]   --->   Operation 724 'sext' 'sext_ln42_1018' <Predicate = true> <Delay = 0.00>
ST_3 : Operation 725 [1/1] (0.00ns)   --->   "%sext_ln70_329 = sext i14 %trunc_ln42_93" [firmware/nnet_utils/nnet_mult.h:70->firmware/nnet_utils/nnet_dense_latency.h:42]   --->   Operation 725 'sext' 'sext_ln70_329' <Predicate = true> <Delay = 0.00>
ST_3 : Operation 726 [1/1] (0.00ns)   --->   "%sext_ln73_21 = sext i12 %trunc_ln42_94" [firmware/nnet_utils/nnet_mult.h:73->firmware/nnet_utils/nnet_dense_latency.h:42]   --->   Operation 726 'sext' 'sext_ln73_21' <Predicate = true> <Delay = 0.00>
ST_3 : Operation 727 [1/1] (0.00ns)   --->   "%sext_ln42_1019 = sext i15 %trunc_ln42_95" [firmware/nnet_utils/nnet_dense_latency.h:42]   --->   Operation 727 'sext' 'sext_ln42_1019' <Predicate = true> <Delay = 0.00>
ST_3 : Operation 728 [1/1] (0.00ns)   --->   "%sext_ln73_22 = sext i14 %trunc_ln42_96" [firmware/nnet_utils/nnet_mult.h:73->firmware/nnet_utils/nnet_dense_latency.h:42]   --->   Operation 728 'sext' 'sext_ln73_22' <Predicate = true> <Delay = 0.00>
ST_3 : Operation 729 [1/1] (0.00ns)   --->   "%sext_ln42_1020 = sext i15 %trunc_ln42_97" [firmware/nnet_utils/nnet_dense_latency.h:42]   --->   Operation 729 'sext' 'sext_ln42_1020' <Predicate = true> <Delay = 0.00>
ST_3 : Operation 730 [1/1] (0.00ns)   --->   "%sext_ln42_1021 = sext i15 %trunc_ln42_98" [firmware/nnet_utils/nnet_dense_latency.h:42]   --->   Operation 730 'sext' 'sext_ln42_1021' <Predicate = true> <Delay = 0.00>
ST_3 : Operation 731 [1/1] (0.00ns)   --->   "%sext_ln42_1022 = sext i15 %trunc_ln42_100" [firmware/nnet_utils/nnet_dense_latency.h:42]   --->   Operation 731 'sext' 'sext_ln42_1022' <Predicate = true> <Delay = 0.00>
ST_3 : Operation 732 [1/1] (0.00ns)   --->   "%sext_ln73_23 = sext i14 %trunc_ln42_101" [firmware/nnet_utils/nnet_mult.h:73->firmware/nnet_utils/nnet_dense_latency.h:42]   --->   Operation 732 'sext' 'sext_ln73_23' <Predicate = true> <Delay = 0.00>
ST_3 : Operation 733 [1/1] (0.00ns)   --->   "%sext_ln70_336 = sext i13 %trunc_ln42_102" [firmware/nnet_utils/nnet_mult.h:70->firmware/nnet_utils/nnet_dense_latency.h:42]   --->   Operation 733 'sext' 'sext_ln70_336' <Predicate = true> <Delay = 0.00>
ST_3 : Operation 734 [1/1] (0.00ns)   --->   "%sext_ln42_1023 = sext i15 %trunc_ln42_103" [firmware/nnet_utils/nnet_dense_latency.h:42]   --->   Operation 734 'sext' 'sext_ln42_1023' <Predicate = true> <Delay = 0.00>
ST_3 : Operation 735 [1/1] (0.00ns)   --->   "%sext_ln73_24 = sext i6 %trunc_ln42_104" [firmware/nnet_utils/nnet_mult.h:73->firmware/nnet_utils/nnet_dense_latency.h:42]   --->   Operation 735 'sext' 'sext_ln73_24' <Predicate = true> <Delay = 0.00>
ST_3 : Operation 736 [1/1] (0.00ns)   --->   "%sext_ln73_25 = sext i14 %trunc_ln42_105" [firmware/nnet_utils/nnet_mult.h:73->firmware/nnet_utils/nnet_dense_latency.h:42]   --->   Operation 736 'sext' 'sext_ln73_25' <Predicate = true> <Delay = 0.00>
ST_3 : Operation 737 [1/1] (0.00ns)   --->   "%sext_ln73_26 = sext i13 %trunc_ln42_106" [firmware/nnet_utils/nnet_mult.h:73->firmware/nnet_utils/nnet_dense_latency.h:42]   --->   Operation 737 'sext' 'sext_ln73_26' <Predicate = true> <Delay = 0.00>
ST_3 : Operation 738 [1/1] (0.00ns)   --->   "%sext_ln70_340 = sext i11 %trunc_ln42_107" [firmware/nnet_utils/nnet_mult.h:70->firmware/nnet_utils/nnet_dense_latency.h:42]   --->   Operation 738 'sext' 'sext_ln70_340' <Predicate = true> <Delay = 0.00>
ST_3 : Operation 739 [1/1] (0.00ns)   --->   "%sext_ln73_27 = sext i13 %trunc_ln42_108" [firmware/nnet_utils/nnet_mult.h:73->firmware/nnet_utils/nnet_dense_latency.h:42]   --->   Operation 739 'sext' 'sext_ln73_27' <Predicate = true> <Delay = 0.00>
ST_3 : Operation 740 [1/1] (0.00ns)   --->   "%sext_ln73_28 = sext i14 %trunc_ln42_110" [firmware/nnet_utils/nnet_mult.h:73->firmware/nnet_utils/nnet_dense_latency.h:42]   --->   Operation 740 'sext' 'sext_ln73_28' <Predicate = true> <Delay = 0.00>
ST_3 : Operation 741 [1/1] (0.00ns)   --->   "%sext_ln73_29 = sext i14 %trunc_ln42_114" [firmware/nnet_utils/nnet_mult.h:73->firmware/nnet_utils/nnet_dense_latency.h:42]   --->   Operation 741 'sext' 'sext_ln73_29' <Predicate = true> <Delay = 0.00>
ST_3 : Operation 742 [1/1] (0.00ns)   --->   "%sext_ln42_1024 = sext i15 %trunc_ln42_115" [firmware/nnet_utils/nnet_dense_latency.h:42]   --->   Operation 742 'sext' 'sext_ln42_1024' <Predicate = true> <Delay = 0.00>
ST_3 : Operation 743 [1/1] (0.00ns)   --->   "%sext_ln73_30 = sext i14 %trunc_ln42_116" [firmware/nnet_utils/nnet_mult.h:73->firmware/nnet_utils/nnet_dense_latency.h:42]   --->   Operation 743 'sext' 'sext_ln73_30' <Predicate = true> <Delay = 0.00>
ST_3 : Operation 744 [1/1] (0.00ns)   --->   "%sext_ln70_346 = sext i14 %trunc_ln42_117" [firmware/nnet_utils/nnet_mult.h:70->firmware/nnet_utils/nnet_dense_latency.h:42]   --->   Operation 744 'sext' 'sext_ln70_346' <Predicate = true> <Delay = 0.00>
ST_3 : Operation 745 [1/1] (0.00ns)   --->   "%sext_ln42_1025 = sext i15 %trunc_ln42_118" [firmware/nnet_utils/nnet_dense_latency.h:42]   --->   Operation 745 'sext' 'sext_ln42_1025' <Predicate = true> <Delay = 0.00>
ST_3 : Operation 746 [1/1] (0.00ns)   --->   "%sext_ln42_1026 = sext i15 %trunc_ln42_119" [firmware/nnet_utils/nnet_dense_latency.h:42]   --->   Operation 746 'sext' 'sext_ln42_1026' <Predicate = true> <Delay = 0.00>
ST_3 : Operation 747 [1/1] (0.00ns)   --->   "%sext_ln42_1027 = sext i15 %trunc_ln42_120" [firmware/nnet_utils/nnet_dense_latency.h:42]   --->   Operation 747 'sext' 'sext_ln42_1027' <Predicate = true> <Delay = 0.00>
ST_3 : Operation 748 [1/1] (0.00ns)   --->   "%sext_ln42_1028 = sext i15 %trunc_ln42_122" [firmware/nnet_utils/nnet_dense_latency.h:42]   --->   Operation 748 'sext' 'sext_ln42_1028' <Predicate = true> <Delay = 0.00>
ST_3 : Operation 749 [1/1] (0.00ns)   --->   "%sext_ln42_1029 = sext i15 %trunc_ln42_123" [firmware/nnet_utils/nnet_dense_latency.h:42]   --->   Operation 749 'sext' 'sext_ln42_1029' <Predicate = true> <Delay = 0.00>
ST_3 : Operation 750 [1/1] (0.00ns)   --->   "%sext_ln73_31 = sext i13 %trunc_ln42_124" [firmware/nnet_utils/nnet_mult.h:73->firmware/nnet_utils/nnet_dense_latency.h:42]   --->   Operation 750 'sext' 'sext_ln73_31' <Predicate = true> <Delay = 0.00>
ST_3 : Operation 751 [1/1] (0.00ns)   --->   "%sext_ln42_1030 = sext i15 %trunc_ln42_125" [firmware/nnet_utils/nnet_dense_latency.h:42]   --->   Operation 751 'sext' 'sext_ln42_1030' <Predicate = true> <Delay = 0.00>
ST_3 : Operation 752 [1/1] (0.00ns)   --->   "%sext_ln70_353 = sext i12 %trunc_ln42_127" [firmware/nnet_utils/nnet_mult.h:70->firmware/nnet_utils/nnet_dense_latency.h:42]   --->   Operation 752 'sext' 'sext_ln70_353' <Predicate = true> <Delay = 0.00>
ST_3 : Operation 753 [1/1] (0.00ns)   --->   "%sext_ln73_32 = sext i12 %trunc_ln42_128" [firmware/nnet_utils/nnet_mult.h:73->firmware/nnet_utils/nnet_dense_latency.h:42]   --->   Operation 753 'sext' 'sext_ln73_32' <Predicate = true> <Delay = 0.00>
ST_3 : Operation 754 [1/1] (0.00ns)   --->   "%sext_ln73_33 = sext i14 %trunc_ln42_131" [firmware/nnet_utils/nnet_mult.h:73->firmware/nnet_utils/nnet_dense_latency.h:42]   --->   Operation 754 'sext' 'sext_ln73_33' <Predicate = true> <Delay = 0.00>
ST_3 : Operation 755 [1/1] (0.00ns)   --->   "%sext_ln70_358 = sext i13 %trunc_ln42_132" [firmware/nnet_utils/nnet_mult.h:70->firmware/nnet_utils/nnet_dense_latency.h:42]   --->   Operation 755 'sext' 'sext_ln70_358' <Predicate = true> <Delay = 0.00>
ST_3 : Operation 756 [1/1] (0.00ns)   --->   "%sext_ln42_1031 = sext i15 %trunc_ln42_135" [firmware/nnet_utils/nnet_dense_latency.h:42]   --->   Operation 756 'sext' 'sext_ln42_1031' <Predicate = true> <Delay = 0.00>
ST_3 : Operation 757 [1/1] (0.00ns)   --->   "%sext_ln73_34 = sext i12 %trunc_ln42_136" [firmware/nnet_utils/nnet_mult.h:73->firmware/nnet_utils/nnet_dense_latency.h:42]   --->   Operation 757 'sext' 'sext_ln73_34' <Predicate = true> <Delay = 0.00>
ST_3 : Operation 758 [1/1] (0.00ns)   --->   "%sext_ln70_362 = sext i14 %trunc_ln42_137" [firmware/nnet_utils/nnet_mult.h:70->firmware/nnet_utils/nnet_dense_latency.h:42]   --->   Operation 758 'sext' 'sext_ln70_362' <Predicate = true> <Delay = 0.00>
ST_3 : Operation 759 [1/1] (0.00ns)   --->   "%sext_ln42_1032 = sext i15 %trunc_ln42_138" [firmware/nnet_utils/nnet_dense_latency.h:42]   --->   Operation 759 'sext' 'sext_ln42_1032' <Predicate = true> <Delay = 0.00>
ST_3 : Operation 760 [1/1] (0.00ns)   --->   "%sext_ln42_1033 = sext i15 %trunc_ln42_140" [firmware/nnet_utils/nnet_dense_latency.h:42]   --->   Operation 760 'sext' 'sext_ln42_1033' <Predicate = true> <Delay = 0.00>
ST_3 : Operation 761 [1/1] (0.00ns)   --->   "%sext_ln42_1034 = sext i15 %trunc_ln42_144" [firmware/nnet_utils/nnet_dense_latency.h:42]   --->   Operation 761 'sext' 'sext_ln42_1034' <Predicate = true> <Delay = 0.00>
ST_3 : Operation 762 [1/1] (0.00ns)   --->   "%sext_ln42_1035 = sext i15 %trunc_ln42_145" [firmware/nnet_utils/nnet_dense_latency.h:42]   --->   Operation 762 'sext' 'sext_ln42_1035' <Predicate = true> <Delay = 0.00>
ST_3 : Operation 763 [1/1] (0.00ns)   --->   "%sext_ln73_35 = sext i14 %trunc_ln42_146" [firmware/nnet_utils/nnet_mult.h:73->firmware/nnet_utils/nnet_dense_latency.h:42]   --->   Operation 763 'sext' 'sext_ln73_35' <Predicate = true> <Delay = 0.00>
ST_3 : Operation 764 [1/1] (0.00ns)   --->   "%sext_ln42_1036 = sext i15 %trunc_ln42_147" [firmware/nnet_utils/nnet_dense_latency.h:42]   --->   Operation 764 'sext' 'sext_ln42_1036' <Predicate = true> <Delay = 0.00>
ST_3 : Operation 765 [1/1] (0.00ns)   --->   "%sext_ln42_1037 = sext i15 %trunc_ln42_148" [firmware/nnet_utils/nnet_dense_latency.h:42]   --->   Operation 765 'sext' 'sext_ln42_1037' <Predicate = true> <Delay = 0.00>
ST_3 : Operation 766 [1/1] (0.00ns)   --->   "%sext_ln42_1038 = sext i15 %trunc_ln42_149" [firmware/nnet_utils/nnet_dense_latency.h:42]   --->   Operation 766 'sext' 'sext_ln42_1038' <Predicate = true> <Delay = 0.00>
ST_3 : Operation 767 [1/1] (0.00ns)   --->   "%sext_ln42_1039 = sext i15 %trunc_ln42_150" [firmware/nnet_utils/nnet_dense_latency.h:42]   --->   Operation 767 'sext' 'sext_ln42_1039' <Predicate = true> <Delay = 0.00>
ST_3 : Operation 768 [1/1] (0.00ns)   --->   "%sext_ln70_370 = sext i14 %trunc_ln42_152" [firmware/nnet_utils/nnet_mult.h:70->firmware/nnet_utils/nnet_dense_latency.h:42]   --->   Operation 768 'sext' 'sext_ln70_370' <Predicate = true> <Delay = 0.00>
ST_3 : Operation 769 [1/1] (0.00ns)   --->   "%sext_ln42_1040 = sext i15 %trunc_ln42_153" [firmware/nnet_utils/nnet_dense_latency.h:42]   --->   Operation 769 'sext' 'sext_ln42_1040' <Predicate = true> <Delay = 0.00>
ST_3 : Operation 770 [1/1] (0.00ns)   --->   "%sext_ln42_1041 = sext i15 %trunc_ln42_154" [firmware/nnet_utils/nnet_dense_latency.h:42]   --->   Operation 770 'sext' 'sext_ln42_1041' <Predicate = true> <Delay = 0.00>
ST_3 : Operation 771 [1/1] (0.00ns)   --->   "%sext_ln73_36 = sext i14 %trunc_ln42_155" [firmware/nnet_utils/nnet_mult.h:73->firmware/nnet_utils/nnet_dense_latency.h:42]   --->   Operation 771 'sext' 'sext_ln73_36' <Predicate = true> <Delay = 0.00>
ST_3 : Operation 772 [1/1] (0.00ns)   --->   "%sext_ln73_37 = sext i14 %trunc_ln42_156" [firmware/nnet_utils/nnet_mult.h:73->firmware/nnet_utils/nnet_dense_latency.h:42]   --->   Operation 772 'sext' 'sext_ln73_37' <Predicate = true> <Delay = 0.00>
ST_3 : Operation 773 [1/1] (0.00ns)   --->   "%sext_ln58 = sext i14 %trunc_ln42_157" [firmware/nnet_utils/nnet_dense_latency.h:58]   --->   Operation 773 'sext' 'sext_ln58' <Predicate = true> <Delay = 0.00>
ST_3 : Operation 774 [1/1] (2.07ns)   --->   "%add_ln58 = add i16 %trunc_ln42_5, i16 %trunc_ln" [firmware/nnet_utils/nnet_dense_latency.h:58]   --->   Operation 774 'add' 'add_ln58' <Predicate = true> <Delay = 2.07> <CoreInst = "Adder">   --->   Core 1 'Adder' <Latency = 0> <II = 1> <Delay = 2.07> <FuncUnit> <Opcode : 'add' 'sub'> <InPorts = 2> <OutPorts = 1>
ST_3 : Operation 775 [1/1] (2.07ns)   --->   "%add_ln58_2012 = add i16 %trunc_ln42_s, i16 %trunc_ln42_14" [firmware/nnet_utils/nnet_dense_latency.h:58]   --->   Operation 775 'add' 'add_ln58_2012' <Predicate = true> <Delay = 2.07> <CoreInst = "Adder">   --->   Core 1 'Adder' <Latency = 0> <II = 1> <Delay = 2.07> <FuncUnit> <Opcode : 'add' 'sub'> <InPorts = 2> <OutPorts = 1>
ST_3 : Operation 776 [1/1] (2.07ns)   --->   "%add_ln58_2014 = add i16 %trunc_ln42_39, i16 %trunc_ln42_44" [firmware/nnet_utils/nnet_dense_latency.h:58]   --->   Operation 776 'add' 'add_ln58_2014' <Predicate = true> <Delay = 2.07> <CoreInst = "Adder">   --->   Core 1 'Adder' <Latency = 0> <II = 1> <Delay = 2.07> <FuncUnit> <Opcode : 'add' 'sub'> <InPorts = 2> <OutPorts = 1>
ST_3 : Operation 777 [1/1] (2.07ns)   --->   "%add_ln58_2015 = add i16 %trunc_ln42_49, i16 %trunc_ln42_59" [firmware/nnet_utils/nnet_dense_latency.h:58]   --->   Operation 777 'add' 'add_ln58_2015' <Predicate = true> <Delay = 2.07> <CoreInst = "Adder">   --->   Core 1 'Adder' <Latency = 0> <II = 1> <Delay = 2.07> <FuncUnit> <Opcode : 'add' 'sub'> <InPorts = 2> <OutPorts = 1>
ST_3 : Operation 778 [1/1] (2.07ns)   --->   "%add_ln58_2018 = add i16 %trunc_ln42_74, i16 %trunc_ln42_84" [firmware/nnet_utils/nnet_dense_latency.h:58]   --->   Operation 778 'add' 'add_ln58_2018' <Predicate = true> <Delay = 2.07> <CoreInst = "Adder">   --->   Core 1 'Adder' <Latency = 0> <II = 1> <Delay = 2.07> <FuncUnit> <Opcode : 'add' 'sub'> <InPorts = 2> <OutPorts = 1>
ST_3 : Operation 779 [1/1] (2.07ns)   --->   "%add_ln58_2019 = add i16 %trunc_ln42_89, i16 %trunc_ln42_99" [firmware/nnet_utils/nnet_dense_latency.h:58]   --->   Operation 779 'add' 'add_ln58_2019' <Predicate = true> <Delay = 2.07> <CoreInst = "Adder">   --->   Core 1 'Adder' <Latency = 0> <II = 1> <Delay = 2.07> <FuncUnit> <Opcode : 'add' 'sub'> <InPorts = 2> <OutPorts = 1>
ST_3 : Operation 780 [1/1] (2.07ns)   --->   "%add_ln58_2021 = add i16 %trunc_ln42_113, i16 %trunc_ln42_133" [firmware/nnet_utils/nnet_dense_latency.h:58]   --->   Operation 780 'add' 'add_ln58_2021' <Predicate = true> <Delay = 2.07> <CoreInst = "Adder">   --->   Core 1 'Adder' <Latency = 0> <II = 1> <Delay = 2.07> <FuncUnit> <Opcode : 'add' 'sub'> <InPorts = 2> <OutPorts = 1>
ST_3 : Operation 781 [1/1] (2.07ns)   --->   "%add_ln58_2022 = add i16 %trunc_ln42_143, i16 %sext_ln42_998" [firmware/nnet_utils/nnet_dense_latency.h:58]   --->   Operation 781 'add' 'add_ln58_2022' <Predicate = true> <Delay = 2.07> <CoreInst = "Adder">   --->   Core 1 'Adder' <Latency = 0> <II = 1> <Delay = 2.07> <FuncUnit> <Opcode : 'add' 'sub'> <InPorts = 2> <OutPorts = 1>
ST_3 : Operation 782 [1/1] (1.94ns)   --->   "%add_ln58_2026 = add i16 %sext_ln42_1001, i16 %sext_ln42_1004" [firmware/nnet_utils/nnet_dense_latency.h:58]   --->   Operation 782 'add' 'add_ln58_2026' <Predicate = true> <Delay = 1.94> <CoreInst = "Adder">   --->   Core 1 'Adder' <Latency = 0> <II = 1> <Delay = 1.94> <FuncUnit> <Opcode : 'add' 'sub'> <InPorts = 2> <OutPorts = 1>
ST_3 : Operation 783 [1/1] (1.94ns)   --->   "%add_ln58_2027 = add i16 %sext_ln42_1007, i16 %sext_ln42_1010" [firmware/nnet_utils/nnet_dense_latency.h:58]   --->   Operation 783 'add' 'add_ln58_2027' <Predicate = true> <Delay = 1.94> <CoreInst = "Adder">   --->   Core 1 'Adder' <Latency = 0> <II = 1> <Delay = 1.94> <FuncUnit> <Opcode : 'add' 'sub'> <InPorts = 2> <OutPorts = 1>
ST_3 : Operation 784 [1/1] (1.94ns)   --->   "%add_ln58_2029 = add i16 %sext_ln42_1013, i16 %sext_ln42_1023" [firmware/nnet_utils/nnet_dense_latency.h:58]   --->   Operation 784 'add' 'add_ln58_2029' <Predicate = true> <Delay = 1.94> <CoreInst = "Adder">   --->   Core 1 'Adder' <Latency = 0> <II = 1> <Delay = 1.94> <FuncUnit> <Opcode : 'add' 'sub'> <InPorts = 2> <OutPorts = 1>
ST_3 : Operation 785 [1/1] (1.94ns)   --->   "%add_ln58_2030 = add i16 %sext_ln42_1025, i16 %sext_ln42_1029" [firmware/nnet_utils/nnet_dense_latency.h:58]   --->   Operation 785 'add' 'add_ln58_2030' <Predicate = true> <Delay = 1.94> <CoreInst = "Adder">   --->   Core 1 'Adder' <Latency = 0> <II = 1> <Delay = 1.94> <FuncUnit> <Opcode : 'add' 'sub'> <InPorts = 2> <OutPorts = 1>
ST_3 : Operation 786 [1/1] (1.94ns)   --->   "%add_ln58_2033 = add i16 %sext_ln42_1032, i16 %sext_ln42_1037" [firmware/nnet_utils/nnet_dense_latency.h:58]   --->   Operation 786 'add' 'add_ln58_2033' <Predicate = true> <Delay = 1.94> <CoreInst = "Adder">   --->   Core 1 'Adder' <Latency = 0> <II = 1> <Delay = 1.94> <FuncUnit> <Opcode : 'add' 'sub'> <InPorts = 2> <OutPorts = 1>
ST_3 : Operation 787 [1/1] (1.94ns)   --->   "%add_ln58_2034 = add i16 %sext_ln42_1040, i16 %sext_ln42_1002" [firmware/nnet_utils/nnet_dense_latency.h:58]   --->   Operation 787 'add' 'add_ln58_2034' <Predicate = true> <Delay = 1.94> <CoreInst = "Adder">   --->   Core 1 'Adder' <Latency = 0> <II = 1> <Delay = 1.94> <FuncUnit> <Opcode : 'add' 'sub'> <InPorts = 2> <OutPorts = 1>
ST_3 : Operation 788 [1/1] (1.67ns)   --->   "%add_ln58_2036 = add i14 %sext_ln73_16, i14 %sext_ln73_27" [firmware/nnet_utils/nnet_dense_latency.h:58]   --->   Operation 788 'add' 'add_ln58_2036' <Predicate = true> <Delay = 1.67> <CoreInst = "Adder">   --->   Core 1 'Adder' <Latency = 0> <II = 1> <Delay = 1.67> <FuncUnit> <Opcode : 'add' 'sub'> <InPorts = 2> <OutPorts = 1>
ST_3 : Operation 789 [1/1] (0.00ns)   --->   "%sext_ln58_634 = sext i14 %add_ln58_2036" [firmware/nnet_utils/nnet_dense_latency.h:58]   --->   Operation 789 'sext' 'sext_ln58_634' <Predicate = true> <Delay = 0.00>
ST_3 : Operation 790 [1/1] (1.54ns)   --->   "%add_ln58_2037 = add i13 %sext_ln73_21, i13 %sext_ln73_32" [firmware/nnet_utils/nnet_dense_latency.h:58]   --->   Operation 790 'add' 'add_ln58_2037' <Predicate = true> <Delay = 1.54> <CoreInst = "Adder">   --->   Core 1 'Adder' <Latency = 0> <II = 1> <Delay = 1.54> <FuncUnit> <Opcode : 'add' 'sub'> <InPorts = 2> <OutPorts = 1>
ST_3 : Operation 791 [1/1] (0.00ns)   --->   "%sext_ln58_635 = sext i13 %add_ln58_2037" [firmware/nnet_utils/nnet_dense_latency.h:58]   --->   Operation 791 'sext' 'sext_ln58_635' <Predicate = true> <Delay = 0.00>
ST_3 : Operation 792 [1/1] (1.81ns)   --->   "%add_ln58_2038 = add i15 %sext_ln58_635, i15 %sext_ln58_634" [firmware/nnet_utils/nnet_dense_latency.h:58]   --->   Operation 792 'add' 'add_ln58_2038' <Predicate = true> <Delay = 1.81> <CoreInst = "Adder">   --->   Core 1 'Adder' <Latency = 0> <II = 1> <Delay = 1.81> <FuncUnit> <Opcode : 'add' 'sub'> <InPorts = 2> <OutPorts = 1>
ST_3 : Operation 793 [1/1] (2.07ns)   --->   "%add_ln58_2042 = add i16 %trunc_ln42_10, i16 %trunc_ln42_35" [firmware/nnet_utils/nnet_dense_latency.h:58]   --->   Operation 793 'add' 'add_ln58_2042' <Predicate = true> <Delay = 2.07> <CoreInst = "Adder">   --->   Core 1 'Adder' <Latency = 0> <II = 1> <Delay = 2.07> <FuncUnit> <Opcode : 'add' 'sub'> <InPorts = 2> <OutPorts = 1>
ST_3 : Operation 794 [1/1] (2.07ns)   --->   "%add_ln58_2043 = add i16 %trunc_ln42_40, i16 %trunc_ln42_45" [firmware/nnet_utils/nnet_dense_latency.h:58]   --->   Operation 794 'add' 'add_ln58_2043' <Predicate = true> <Delay = 2.07> <CoreInst = "Adder">   --->   Core 1 'Adder' <Latency = 0> <II = 1> <Delay = 2.07> <FuncUnit> <Opcode : 'add' 'sub'> <InPorts = 2> <OutPorts = 1>
ST_3 : Operation 795 [1/1] (2.07ns)   --->   "%add_ln58_2045 = add i16 %trunc_ln42_60, i16 %trunc_ln42_90" [firmware/nnet_utils/nnet_dense_latency.h:58]   --->   Operation 795 'add' 'add_ln58_2045' <Predicate = true> <Delay = 2.07> <CoreInst = "Adder">   --->   Core 1 'Adder' <Latency = 0> <II = 1> <Delay = 2.07> <FuncUnit> <Opcode : 'add' 'sub'> <InPorts = 2> <OutPorts = 1>
ST_3 : Operation 796 [1/1] (2.07ns)   --->   "%add_ln58_2046 = add i16 %trunc_ln42_109, i16 %trunc_ln42_129" [firmware/nnet_utils/nnet_dense_latency.h:58]   --->   Operation 796 'add' 'add_ln58_2046' <Predicate = true> <Delay = 2.07> <CoreInst = "Adder">   --->   Core 1 'Adder' <Latency = 0> <II = 1> <Delay = 2.07> <FuncUnit> <Opcode : 'add' 'sub'> <InPorts = 2> <OutPorts = 1>
ST_3 : Operation 797 [1/1] (2.07ns)   --->   "%add_ln58_2049 = add i16 %trunc_ln42_134, i16 %trunc_ln42_139" [firmware/nnet_utils/nnet_dense_latency.h:58]   --->   Operation 797 'add' 'add_ln58_2049' <Predicate = true> <Delay = 2.07> <CoreInst = "Adder">   --->   Core 1 'Adder' <Latency = 0> <II = 1> <Delay = 2.07> <FuncUnit> <Opcode : 'add' 'sub'> <InPorts = 2> <OutPorts = 1>
ST_3 : Operation 798 [1/1] (1.94ns)   --->   "%add_ln58_2050 = add i16 %sext_ln42, i16 %sext_ln42_999" [firmware/nnet_utils/nnet_dense_latency.h:58]   --->   Operation 798 'add' 'add_ln58_2050' <Predicate = true> <Delay = 1.94> <CoreInst = "Adder">   --->   Core 1 'Adder' <Latency = 0> <II = 1> <Delay = 1.94> <FuncUnit> <Opcode : 'add' 'sub'> <InPorts = 2> <OutPorts = 1>
ST_3 : Operation 799 [1/1] (1.94ns)   --->   "%add_ln58_2052 = add i16 %sext_ln42_1011, i16 %sext_ln42_1014" [firmware/nnet_utils/nnet_dense_latency.h:58]   --->   Operation 799 'add' 'add_ln58_2052' <Predicate = true> <Delay = 1.94> <CoreInst = "Adder">   --->   Core 1 'Adder' <Latency = 0> <II = 1> <Delay = 1.94> <FuncUnit> <Opcode : 'add' 'sub'> <InPorts = 2> <OutPorts = 1>
ST_3 : Operation 800 [1/1] (1.94ns)   --->   "%add_ln58_2053 = add i16 %sext_ln42_1016, i16 %sext_ln42_1019" [firmware/nnet_utils/nnet_dense_latency.h:58]   --->   Operation 800 'add' 'add_ln58_2053' <Predicate = true> <Delay = 1.94> <CoreInst = "Adder">   --->   Core 1 'Adder' <Latency = 0> <II = 1> <Delay = 1.94> <FuncUnit> <Opcode : 'add' 'sub'> <InPorts = 2> <OutPorts = 1>
ST_3 : Operation 801 [1/1] (1.94ns)   --->   "%add_ln58_2057 = add i16 %sext_ln42_1022, i16 %sext_ln42_1026" [firmware/nnet_utils/nnet_dense_latency.h:58]   --->   Operation 801 'add' 'add_ln58_2057' <Predicate = true> <Delay = 1.94> <CoreInst = "Adder">   --->   Core 1 'Adder' <Latency = 0> <II = 1> <Delay = 1.94> <FuncUnit> <Opcode : 'add' 'sub'> <InPorts = 2> <OutPorts = 1>
ST_3 : Operation 802 [1/1] (1.94ns)   --->   "%add_ln58_2058 = add i16 %sext_ln42_1034, i16 %sext_ln42_1038" [firmware/nnet_utils/nnet_dense_latency.h:58]   --->   Operation 802 'add' 'add_ln58_2058' <Predicate = true> <Delay = 1.94> <CoreInst = "Adder">   --->   Core 1 'Adder' <Latency = 0> <II = 1> <Delay = 1.94> <FuncUnit> <Opcode : 'add' 'sub'> <InPorts = 2> <OutPorts = 1>
ST_3 : Operation 803 [1/1] (1.94ns)   --->   "%add_ln58_2060 = add i16 %sext_ln42_1041, i16 %sext_ln42_996" [firmware/nnet_utils/nnet_dense_latency.h:58]   --->   Operation 803 'add' 'add_ln58_2060' <Predicate = true> <Delay = 1.94> <CoreInst = "Adder">   --->   Core 1 'Adder' <Latency = 0> <II = 1> <Delay = 1.94> <FuncUnit> <Opcode : 'add' 'sub'> <InPorts = 2> <OutPorts = 1>
ST_3 : Operation 804 [1/1] (1.81ns)   --->   "%add_ln58_2061 = add i15 %sext_ln73_13, i15 %sext_ln73_29" [firmware/nnet_utils/nnet_dense_latency.h:58]   --->   Operation 804 'add' 'add_ln58_2061' <Predicate = true> <Delay = 1.81> <CoreInst = "Adder">   --->   Core 1 'Adder' <Latency = 0> <II = 1> <Delay = 1.81> <FuncUnit> <Opcode : 'add' 'sub'> <InPorts = 2> <OutPorts = 1>
ST_3 : Operation 805 [1/1] (1.67ns)   --->   "%add_ln58_2064 = add i14 %sext_ln73, i14 %sext_ln73_4" [firmware/nnet_utils/nnet_dense_latency.h:58]   --->   Operation 805 'add' 'add_ln58_2064' <Predicate = true> <Delay = 1.67> <CoreInst = "Adder">   --->   Core 1 'Adder' <Latency = 0> <II = 1> <Delay = 1.67> <FuncUnit> <Opcode : 'add' 'sub'> <InPorts = 2> <OutPorts = 1>
ST_3 : Operation 806 [1/1] (0.00ns)   --->   "%sext_ln58_638 = sext i14 %add_ln58_2064" [firmware/nnet_utils/nnet_dense_latency.h:58]   --->   Operation 806 'sext' 'sext_ln58_638' <Predicate = true> <Delay = 0.00>
ST_3 : Operation 807 [1/1] (1.67ns)   --->   "%add_ln58_2065 = add i14 %sext_ln73_31, i14 %sext_ln73_9" [firmware/nnet_utils/nnet_dense_latency.h:58]   --->   Operation 807 'add' 'add_ln58_2065' <Predicate = true> <Delay = 1.67> <CoreInst = "Adder">   --->   Core 1 'Adder' <Latency = 0> <II = 1> <Delay = 1.67> <FuncUnit> <Opcode : 'add' 'sub'> <InPorts = 2> <OutPorts = 1>
ST_3 : Operation 808 [1/1] (0.00ns)   --->   "%sext_ln58_639 = sext i14 %add_ln58_2065" [firmware/nnet_utils/nnet_dense_latency.h:58]   --->   Operation 808 'sext' 'sext_ln58_639' <Predicate = true> <Delay = 0.00>
ST_3 : Operation 809 [1/1] (1.81ns)   --->   "%add_ln58_2066 = add i15 %sext_ln58_639, i15 %sext_ln58_638" [firmware/nnet_utils/nnet_dense_latency.h:58]   --->   Operation 809 'add' 'add_ln58_2066' <Predicate = true> <Delay = 1.81> <CoreInst = "Adder">   --->   Core 1 'Adder' <Latency = 0> <II = 1> <Delay = 1.81> <FuncUnit> <Opcode : 'add' 'sub'> <InPorts = 2> <OutPorts = 1>
ST_3 : Operation 810 [1/1] (1.63ns)   --->   "%add_ln58_2067 = add i12 %sext_ln73_5, i12 %sext_ln73_11" [firmware/nnet_utils/nnet_dense_latency.h:58]   --->   Operation 810 'add' 'add_ln58_2067' <Predicate = true> <Delay = 1.63> <CoreInst = "Adder">   --->   Core 1 'Adder' <Latency = 0> <II = 1> <Delay = 1.63> <FuncUnit> <Opcode : 'add' 'sub'> <InPorts = 2> <OutPorts = 1>
ST_3 : Operation 811 [1/1] (0.00ns)   --->   "%sext_ln58_641 = sext i12 %add_ln58_2067" [firmware/nnet_utils/nnet_dense_latency.h:58]   --->   Operation 811 'sext' 'sext_ln58_641' <Predicate = true> <Delay = 0.00>
ST_3 : Operation 812 [1/1] (1.63ns)   --->   "%add_ln58_2068 = add i12 %sext_ln73_17, i12 %sext_ln73_24" [firmware/nnet_utils/nnet_dense_latency.h:58]   --->   Operation 812 'add' 'add_ln58_2068' <Predicate = true> <Delay = 1.63> <CoreInst = "Adder">   --->   Core 1 'Adder' <Latency = 0> <II = 1> <Delay = 1.63> <FuncUnit> <Opcode : 'add' 'sub'> <InPorts = 2> <OutPorts = 1>
ST_3 : Operation 813 [1/1] (0.00ns)   --->   "%sext_ln58_642 = sext i12 %add_ln58_2068" [firmware/nnet_utils/nnet_dense_latency.h:58]   --->   Operation 813 'sext' 'sext_ln58_642' <Predicate = true> <Delay = 0.00>
ST_3 : Operation 814 [1/1] (1.54ns)   --->   "%add_ln58_2069 = add i13 %sext_ln58_642, i13 %sext_ln58_641" [firmware/nnet_utils/nnet_dense_latency.h:58]   --->   Operation 814 'add' 'add_ln58_2069' <Predicate = true> <Delay = 1.54> <CoreInst = "Adder">   --->   Core 1 'Adder' <Latency = 0> <II = 1> <Delay = 1.54> <FuncUnit> <Opcode : 'add' 'sub'> <InPorts = 2> <OutPorts = 1>
ST_3 : Operation 815 [1/1] (2.07ns)   --->   "%add_ln58_2073 = add i16 %trunc_ln42_16, i16 %trunc_ln42_21" [firmware/nnet_utils/nnet_dense_latency.h:58]   --->   Operation 815 'add' 'add_ln58_2073' <Predicate = true> <Delay = 2.07> <CoreInst = "Adder">   --->   Core 1 'Adder' <Latency = 0> <II = 1> <Delay = 2.07> <FuncUnit> <Opcode : 'add' 'sub'> <InPorts = 2> <OutPorts = 1>
ST_3 : Operation 816 [1/1] (2.07ns)   --->   "%add_ln58_2074 = add i16 %trunc_ln42_26, i16 %trunc_ln42_31" [firmware/nnet_utils/nnet_dense_latency.h:58]   --->   Operation 816 'add' 'add_ln58_2074' <Predicate = true> <Delay = 2.07> <CoreInst = "Adder">   --->   Core 1 'Adder' <Latency = 0> <II = 1> <Delay = 2.07> <FuncUnit> <Opcode : 'add' 'sub'> <InPorts = 2> <OutPorts = 1>
ST_3 : Operation 817 [1/1] (2.07ns)   --->   "%add_ln58_2076 = add i16 %trunc_ln42_36, i16 %trunc_ln42_41" [firmware/nnet_utils/nnet_dense_latency.h:58]   --->   Operation 817 'add' 'add_ln58_2076' <Predicate = true> <Delay = 2.07> <CoreInst = "Adder">   --->   Core 1 'Adder' <Latency = 0> <II = 1> <Delay = 2.07> <FuncUnit> <Opcode : 'add' 'sub'> <InPorts = 2> <OutPorts = 1>
ST_3 : Operation 818 [1/1] (2.07ns)   --->   "%add_ln58_2077 = add i16 %trunc_ln42_46, i16 %trunc_ln42_61" [firmware/nnet_utils/nnet_dense_latency.h:58]   --->   Operation 818 'add' 'add_ln58_2077' <Predicate = true> <Delay = 2.07> <CoreInst = "Adder">   --->   Core 1 'Adder' <Latency = 0> <II = 1> <Delay = 2.07> <FuncUnit> <Opcode : 'add' 'sub'> <InPorts = 2> <OutPorts = 1>
ST_3 : Operation 819 [1/1] (2.07ns)   --->   "%add_ln58_2080 = add i16 %trunc_ln42_71, i16 %trunc_ln42_81" [firmware/nnet_utils/nnet_dense_latency.h:58]   --->   Operation 819 'add' 'add_ln58_2080' <Predicate = true> <Delay = 2.07> <CoreInst = "Adder">   --->   Core 1 'Adder' <Latency = 0> <II = 1> <Delay = 2.07> <FuncUnit> <Opcode : 'add' 'sub'> <InPorts = 2> <OutPorts = 1>
ST_3 : Operation 820 [1/1] (2.07ns)   --->   "%add_ln58_2081 = add i16 %trunc_ln42_130, i16 %trunc_ln42_2" [firmware/nnet_utils/nnet_dense_latency.h:58]   --->   Operation 820 'add' 'add_ln58_2081' <Predicate = true> <Delay = 2.07> <CoreInst = "Adder">   --->   Core 1 'Adder' <Latency = 0> <II = 1> <Delay = 2.07> <FuncUnit> <Opcode : 'add' 'sub'> <InPorts = 2> <OutPorts = 1>
ST_3 : Operation 821 [1/1] (1.94ns)   --->   "%add_ln58_2083 = add i16 %sext_ln42_1008, i16 %sext_ln42_1017" [firmware/nnet_utils/nnet_dense_latency.h:58]   --->   Operation 821 'add' 'add_ln58_2083' <Predicate = true> <Delay = 1.94> <CoreInst = "Adder">   --->   Core 1 'Adder' <Latency = 0> <II = 1> <Delay = 1.94> <FuncUnit> <Opcode : 'add' 'sub'> <InPorts = 2> <OutPorts = 1>
ST_3 : Operation 822 [1/1] (1.94ns)   --->   "%add_ln58_2084 = add i16 %sext_ln42_1022, i16 %sext_ln42_1024" [firmware/nnet_utils/nnet_dense_latency.h:58]   --->   Operation 822 'add' 'add_ln58_2084' <Predicate = true> <Delay = 1.94> <CoreInst = "Adder">   --->   Core 1 'Adder' <Latency = 0> <II = 1> <Delay = 1.94> <FuncUnit> <Opcode : 'add' 'sub'> <InPorts = 2> <OutPorts = 1>
ST_3 : Operation 823 [1/1] (1.94ns)   --->   "%add_ln58_2088 = add i16 %sext_ln42_1027, i16 %sext_ln42_1030" [firmware/nnet_utils/nnet_dense_latency.h:58]   --->   Operation 823 'add' 'add_ln58_2088' <Predicate = true> <Delay = 1.94> <CoreInst = "Adder">   --->   Core 1 'Adder' <Latency = 0> <II = 1> <Delay = 1.94> <FuncUnit> <Opcode : 'add' 'sub'> <InPorts = 2> <OutPorts = 1>
ST_3 : Operation 824 [1/1] (1.94ns)   --->   "%add_ln58_2089 = add i16 %sext_ln42_1031, i16 %sext_ln42_1033" [firmware/nnet_utils/nnet_dense_latency.h:58]   --->   Operation 824 'add' 'add_ln58_2089' <Predicate = true> <Delay = 1.94> <CoreInst = "Adder">   --->   Core 1 'Adder' <Latency = 0> <II = 1> <Delay = 1.94> <FuncUnit> <Opcode : 'add' 'sub'> <InPorts = 2> <OutPorts = 1>
ST_3 : Operation 825 [1/1] (1.94ns)   --->   "%add_ln58_2091 = add i16 %sext_ln42_1035, i16 %sext_ln42_1039" [firmware/nnet_utils/nnet_dense_latency.h:58]   --->   Operation 825 'add' 'add_ln58_2091' <Predicate = true> <Delay = 1.94> <CoreInst = "Adder">   --->   Core 1 'Adder' <Latency = 0> <II = 1> <Delay = 1.94> <FuncUnit> <Opcode : 'add' 'sub'> <InPorts = 2> <OutPorts = 1>
ST_3 : Operation 826 [1/1] (1.81ns)   --->   "%add_ln58_2092 = add i15 %sext_ln73_1, i15 %sext_ln73_2" [firmware/nnet_utils/nnet_dense_latency.h:58]   --->   Operation 826 'add' 'add_ln58_2092' <Predicate = true> <Delay = 1.81> <CoreInst = "Adder">   --->   Core 1 'Adder' <Latency = 0> <II = 1> <Delay = 1.81> <FuncUnit> <Opcode : 'add' 'sub'> <InPorts = 2> <OutPorts = 1>
ST_3 : Operation 827 [1/1] (1.81ns)   --->   "%add_ln58_2095 = add i15 %sext_ln73_12, i15 %sext_ln73_15" [firmware/nnet_utils/nnet_dense_latency.h:58]   --->   Operation 827 'add' 'add_ln58_2095' <Predicate = true> <Delay = 1.81> <CoreInst = "Adder">   --->   Core 1 'Adder' <Latency = 0> <II = 1> <Delay = 1.81> <FuncUnit> <Opcode : 'add' 'sub'> <InPorts = 2> <OutPorts = 1>
ST_3 : Operation 828 [1/1] (1.81ns)   --->   "%add_ln58_2096 = add i15 %sext_ln73_22, i15 %sext_ln73_25" [firmware/nnet_utils/nnet_dense_latency.h:58]   --->   Operation 828 'add' 'add_ln58_2096' <Predicate = true> <Delay = 1.81> <CoreInst = "Adder">   --->   Core 1 'Adder' <Latency = 0> <II = 1> <Delay = 1.81> <FuncUnit> <Opcode : 'add' 'sub'> <InPorts = 2> <OutPorts = 1>
ST_3 : Operation 829 [1/1] (1.81ns)   --->   "%add_ln58_2098 = add i15 %sext_ln73_28, i15 %sext_ln73_36" [firmware/nnet_utils/nnet_dense_latency.h:58]   --->   Operation 829 'add' 'add_ln58_2098' <Predicate = true> <Delay = 1.81> <CoreInst = "Adder">   --->   Core 1 'Adder' <Latency = 0> <II = 1> <Delay = 1.81> <FuncUnit> <Opcode : 'add' 'sub'> <InPorts = 2> <OutPorts = 1>
ST_3 : Operation 830 [1/1] (2.07ns)   --->   "%add_ln58_2104 = add i16 %trunc_ln42_27, i16 %trunc_ln42_42" [firmware/nnet_utils/nnet_dense_latency.h:58]   --->   Operation 830 'add' 'add_ln58_2104' <Predicate = true> <Delay = 2.07> <CoreInst = "Adder">   --->   Core 1 'Adder' <Latency = 0> <II = 1> <Delay = 2.07> <FuncUnit> <Opcode : 'add' 'sub'> <InPorts = 2> <OutPorts = 1>
ST_3 : Operation 831 [1/1] (2.07ns)   --->   "%add_ln58_2105 = add i16 %trunc_ln42_62, i16 %trunc_ln42_67" [firmware/nnet_utils/nnet_dense_latency.h:58]   --->   Operation 831 'add' 'add_ln58_2105' <Predicate = true> <Delay = 2.07> <CoreInst = "Adder">   --->   Core 1 'Adder' <Latency = 0> <II = 1> <Delay = 2.07> <FuncUnit> <Opcode : 'add' 'sub'> <InPorts = 2> <OutPorts = 1>
ST_3 : Operation 832 [1/1] (2.07ns)   --->   "%add_ln58_2107 = add i16 %trunc_ln42_77, i16 %trunc_ln42_111" [firmware/nnet_utils/nnet_dense_latency.h:58]   --->   Operation 832 'add' 'add_ln58_2107' <Predicate = true> <Delay = 2.07> <CoreInst = "Adder">   --->   Core 1 'Adder' <Latency = 0> <II = 1> <Delay = 2.07> <FuncUnit> <Opcode : 'add' 'sub'> <InPorts = 2> <OutPorts = 1>
ST_3 : Operation 833 [1/1] (2.07ns)   --->   "%add_ln58_2108 = add i16 %trunc_ln42_121, i16 %trunc_ln42_126" [firmware/nnet_utils/nnet_dense_latency.h:58]   --->   Operation 833 'add' 'add_ln58_2108' <Predicate = true> <Delay = 2.07> <CoreInst = "Adder">   --->   Core 1 'Adder' <Latency = 0> <II = 1> <Delay = 2.07> <FuncUnit> <Opcode : 'add' 'sub'> <InPorts = 2> <OutPorts = 1>
ST_3 : Operation 834 [1/1] (2.07ns)   --->   "%add_ln58_2111 = add i16 %trunc_ln42_141, i16 %trunc_ln42_151" [firmware/nnet_utils/nnet_dense_latency.h:58]   --->   Operation 834 'add' 'add_ln58_2111' <Predicate = true> <Delay = 2.07> <CoreInst = "Adder">   --->   Core 1 'Adder' <Latency = 0> <II = 1> <Delay = 2.07> <FuncUnit> <Opcode : 'add' 'sub'> <InPorts = 2> <OutPorts = 1>
ST_3 : Operation 835 [1/1] (2.07ns)   --->   "%add_ln58_2112 = add i16 %trunc_ln42_3, i16 %sext_ln42_994" [firmware/nnet_utils/nnet_dense_latency.h:58]   --->   Operation 835 'add' 'add_ln58_2112' <Predicate = true> <Delay = 2.07> <CoreInst = "Adder">   --->   Core 1 'Adder' <Latency = 0> <II = 1> <Delay = 2.07> <FuncUnit> <Opcode : 'add' 'sub'> <InPorts = 2> <OutPorts = 1>
ST_3 : Operation 836 [1/1] (1.94ns)   --->   "%add_ln58_2114 = add i16 %sext_ln42_997, i16 %sext_ln42_1000" [firmware/nnet_utils/nnet_dense_latency.h:58]   --->   Operation 836 'add' 'add_ln58_2114' <Predicate = true> <Delay = 1.94> <CoreInst = "Adder">   --->   Core 1 'Adder' <Latency = 0> <II = 1> <Delay = 1.94> <FuncUnit> <Opcode : 'add' 'sub'> <InPorts = 2> <OutPorts = 1>
ST_3 : Operation 837 [1/1] (1.94ns)   --->   "%add_ln58_2115 = add i16 %sext_ln42_1006, i16 %sext_ln42_1009" [firmware/nnet_utils/nnet_dense_latency.h:58]   --->   Operation 837 'add' 'add_ln58_2115' <Predicate = true> <Delay = 1.94> <CoreInst = "Adder">   --->   Core 1 'Adder' <Latency = 0> <II = 1> <Delay = 1.94> <FuncUnit> <Opcode : 'add' 'sub'> <InPorts = 2> <OutPorts = 1>
ST_3 : Operation 838 [1/1] (1.94ns)   --->   "%add_ln58_2119 = add i16 %sext_ln42_1018, i16 %sext_ln42_1020" [firmware/nnet_utils/nnet_dense_latency.h:58]   --->   Operation 838 'add' 'add_ln58_2119' <Predicate = true> <Delay = 1.94> <CoreInst = "Adder">   --->   Core 1 'Adder' <Latency = 0> <II = 1> <Delay = 1.94> <FuncUnit> <Opcode : 'add' 'sub'> <InPorts = 2> <OutPorts = 1>
ST_3 : Operation 839 [1/1] (1.81ns)   --->   "%add_ln58_2120 = add i15 %sext_ln73_3, i15 %sext_ln73_7" [firmware/nnet_utils/nnet_dense_latency.h:58]   --->   Operation 839 'add' 'add_ln58_2120' <Predicate = true> <Delay = 1.81> <CoreInst = "Adder">   --->   Core 1 'Adder' <Latency = 0> <II = 1> <Delay = 1.81> <FuncUnit> <Opcode : 'add' 'sub'> <InPorts = 2> <OutPorts = 1>
ST_3 : Operation 840 [1/1] (1.81ns)   --->   "%add_ln58_2122 = add i15 %sext_ln73_8, i15 %sext_ln73_14" [firmware/nnet_utils/nnet_dense_latency.h:58]   --->   Operation 840 'add' 'add_ln58_2122' <Predicate = true> <Delay = 1.81> <CoreInst = "Adder">   --->   Core 1 'Adder' <Latency = 0> <II = 1> <Delay = 1.81> <FuncUnit> <Opcode : 'add' 'sub'> <InPorts = 2> <OutPorts = 1>
ST_3 : Operation 841 [1/1] (1.81ns)   --->   "%add_ln58_2123 = add i15 %sext_ln73_20, i15 %sext_ln73_23" [firmware/nnet_utils/nnet_dense_latency.h:58]   --->   Operation 841 'add' 'add_ln58_2123' <Predicate = true> <Delay = 1.81> <CoreInst = "Adder">   --->   Core 1 'Adder' <Latency = 0> <II = 1> <Delay = 1.81> <FuncUnit> <Opcode : 'add' 'sub'> <InPorts = 2> <OutPorts = 1>
ST_3 : Operation 842 [1/1] (1.81ns)   --->   "%add_ln58_2126 = add i15 %sext_ln73_30, i15 %sext_ln73_33" [firmware/nnet_utils/nnet_dense_latency.h:58]   --->   Operation 842 'add' 'add_ln58_2126' <Predicate = true> <Delay = 1.81> <CoreInst = "Adder">   --->   Core 1 'Adder' <Latency = 0> <II = 1> <Delay = 1.81> <FuncUnit> <Opcode : 'add' 'sub'> <InPorts = 2> <OutPorts = 1>
ST_3 : Operation 843 [1/1] (1.81ns)   --->   "%add_ln58_2127 = add i15 %sext_ln73_35, i15 %sext_ln73_37" [firmware/nnet_utils/nnet_dense_latency.h:58]   --->   Operation 843 'add' 'add_ln58_2127' <Predicate = true> <Delay = 1.81> <CoreInst = "Adder">   --->   Core 1 'Adder' <Latency = 0> <II = 1> <Delay = 1.81> <FuncUnit> <Opcode : 'add' 'sub'> <InPorts = 2> <OutPorts = 1>
ST_3 : Operation 844 [1/1] (1.67ns)   --->   "%add_ln58_2129 = add i14 %sext_ln73_18, i14 %sext_ln73_26" [firmware/nnet_utils/nnet_dense_latency.h:58]   --->   Operation 844 'add' 'add_ln58_2129' <Predicate = true> <Delay = 1.67> <CoreInst = "Adder">   --->   Core 1 'Adder' <Latency = 0> <II = 1> <Delay = 1.67> <FuncUnit> <Opcode : 'add' 'sub'> <InPorts = 2> <OutPorts = 1>
ST_3 : Operation 845 [1/1] (0.00ns)   --->   "%sext_ln58_654 = sext i14 %add_ln58_2129" [firmware/nnet_utils/nnet_dense_latency.h:58]   --->   Operation 845 'sext' 'sext_ln58_654' <Predicate = true> <Delay = 0.00>
ST_3 : Operation 846 [1/1] (1.54ns)   --->   "%add_ln58_2130 = add i13 %sext_ln73_34, i13 %sext_ln73_6" [firmware/nnet_utils/nnet_dense_latency.h:58]   --->   Operation 846 'add' 'add_ln58_2130' <Predicate = true> <Delay = 1.54> <CoreInst = "Adder">   --->   Core 1 'Adder' <Latency = 0> <II = 1> <Delay = 1.54> <FuncUnit> <Opcode : 'add' 'sub'> <InPorts = 2> <OutPorts = 1>
ST_3 : Operation 847 [1/1] (0.00ns)   --->   "%sext_ln58_655 = sext i13 %add_ln58_2130" [firmware/nnet_utils/nnet_dense_latency.h:58]   --->   Operation 847 'sext' 'sext_ln58_655' <Predicate = true> <Delay = 0.00>
ST_3 : Operation 848 [1/1] (1.81ns)   --->   "%add_ln58_2131 = add i15 %sext_ln58_655, i15 %sext_ln58_654" [firmware/nnet_utils/nnet_dense_latency.h:58]   --->   Operation 848 'add' 'add_ln58_2131' <Predicate = true> <Delay = 1.81> <CoreInst = "Adder">   --->   Core 1 'Adder' <Latency = 0> <II = 1> <Delay = 1.81> <FuncUnit> <Opcode : 'add' 'sub'> <InPorts = 2> <OutPorts = 1>
ST_3 : Operation 849 [1/1] (2.07ns)   --->   "%add_ln58_2135 = add i16 %trunc_ln42_13, i16 %trunc_ln42_23" [firmware/nnet_utils/nnet_dense_latency.h:58]   --->   Operation 849 'add' 'add_ln58_2135' <Predicate = true> <Delay = 2.07> <CoreInst = "Adder">   --->   Core 1 'Adder' <Latency = 0> <II = 1> <Delay = 2.07> <FuncUnit> <Opcode : 'add' 'sub'> <InPorts = 2> <OutPorts = 1>
ST_3 : Operation 850 [1/1] (2.07ns)   --->   "%add_ln58_2136 = add i16 %trunc_ln42_28, i16 %trunc_ln42_38" [firmware/nnet_utils/nnet_dense_latency.h:58]   --->   Operation 850 'add' 'add_ln58_2136' <Predicate = true> <Delay = 2.07> <CoreInst = "Adder">   --->   Core 1 'Adder' <Latency = 0> <II = 1> <Delay = 2.07> <FuncUnit> <Opcode : 'add' 'sub'> <InPorts = 2> <OutPorts = 1>
ST_3 : Operation 851 [1/1] (2.07ns)   --->   "%add_ln58_2138 = add i16 %trunc_ln42_48, i16 %trunc_ln42_53" [firmware/nnet_utils/nnet_dense_latency.h:58]   --->   Operation 851 'add' 'add_ln58_2138' <Predicate = true> <Delay = 2.07> <CoreInst = "Adder">   --->   Core 1 'Adder' <Latency = 0> <II = 1> <Delay = 2.07> <FuncUnit> <Opcode : 'add' 'sub'> <InPorts = 2> <OutPorts = 1>
ST_3 : Operation 852 [1/1] (2.07ns)   --->   "%add_ln58_2139 = add i16 %trunc_ln42_63, i16 %trunc_ln42_88" [firmware/nnet_utils/nnet_dense_latency.h:58]   --->   Operation 852 'add' 'add_ln58_2139' <Predicate = true> <Delay = 2.07> <CoreInst = "Adder">   --->   Core 1 'Adder' <Latency = 0> <II = 1> <Delay = 2.07> <FuncUnit> <Opcode : 'add' 'sub'> <InPorts = 2> <OutPorts = 1>
ST_3 : Operation 853 [1/1] (2.07ns)   --->   "%add_ln58_2142 = add i16 %trunc_ln42_112, i16 %trunc_ln42_142" [firmware/nnet_utils/nnet_dense_latency.h:58]   --->   Operation 853 'add' 'add_ln58_2142' <Predicate = true> <Delay = 2.07> <CoreInst = "Adder">   --->   Core 1 'Adder' <Latency = 0> <II = 1> <Delay = 2.07> <FuncUnit> <Opcode : 'add' 'sub'> <InPorts = 2> <OutPorts = 1>
ST_3 : Operation 854 [1/1] (1.94ns)   --->   "%add_ln58_2143 = add i16 %sext_ln42_1003, i16 %sext_ln42_1005" [firmware/nnet_utils/nnet_dense_latency.h:58]   --->   Operation 854 'add' 'add_ln58_2143' <Predicate = true> <Delay = 1.94> <CoreInst = "Adder">   --->   Core 1 'Adder' <Latency = 0> <II = 1> <Delay = 1.94> <FuncUnit> <Opcode : 'add' 'sub'> <InPorts = 2> <OutPorts = 1>
ST_3 : Operation 855 [1/1] (1.94ns)   --->   "%add_ln58_2145 = add i16 %sext_ln42_1012, i16 %sext_ln42_1015" [firmware/nnet_utils/nnet_dense_latency.h:58]   --->   Operation 855 'add' 'add_ln58_2145' <Predicate = true> <Delay = 1.94> <CoreInst = "Adder">   --->   Core 1 'Adder' <Latency = 0> <II = 1> <Delay = 1.94> <FuncUnit> <Opcode : 'add' 'sub'> <InPorts = 2> <OutPorts = 1>
ST_3 : Operation 856 [1/1] (1.94ns)   --->   "%add_ln58_2146 = add i16 %sext_ln42_1021, i16 %sext_ln42_1028" [firmware/nnet_utils/nnet_dense_latency.h:58]   --->   Operation 856 'add' 'add_ln58_2146' <Predicate = true> <Delay = 1.94> <CoreInst = "Adder">   --->   Core 1 'Adder' <Latency = 0> <II = 1> <Delay = 1.94> <FuncUnit> <Opcode : 'add' 'sub'> <InPorts = 2> <OutPorts = 1>
ST_3 : Operation 857 [1/1] (1.94ns)   --->   "%add_ln58_2150 = add i16 %sext_ln42_1036, i16 %sext_ln42_995" [firmware/nnet_utils/nnet_dense_latency.h:58]   --->   Operation 857 'add' 'add_ln58_2150' <Predicate = true> <Delay = 1.94> <CoreInst = "Adder">   --->   Core 1 'Adder' <Latency = 0> <II = 1> <Delay = 1.94> <FuncUnit> <Opcode : 'add' 'sub'> <InPorts = 2> <OutPorts = 1>
ST_3 : Operation 858 [1/1] (1.81ns)   --->   "%add_ln58_2151 = add i15 %sext_ln70_287, i15 %sext_ln70_308" [firmware/nnet_utils/nnet_dense_latency.h:58]   --->   Operation 858 'add' 'add_ln58_2151' <Predicate = true> <Delay = 1.81> <CoreInst = "Adder">   --->   Core 1 'Adder' <Latency = 0> <II = 1> <Delay = 1.81> <FuncUnit> <Opcode : 'add' 'sub'> <InPorts = 2> <OutPorts = 1>
ST_3 : Operation 859 [1/1] (1.81ns)   --->   "%add_ln58_2153 = add i15 %sext_ln70_316, i15 %sext_ln70_329" [firmware/nnet_utils/nnet_dense_latency.h:58]   --->   Operation 859 'add' 'add_ln58_2153' <Predicate = true> <Delay = 1.81> <CoreInst = "Adder">   --->   Core 1 'Adder' <Latency = 0> <II = 1> <Delay = 1.81> <FuncUnit> <Opcode : 'add' 'sub'> <InPorts = 2> <OutPorts = 1>
ST_3 : Operation 860 [1/1] (1.81ns)   --->   "%add_ln58_2154 = add i15 %sext_ln70_346, i15 %sext_ln70_362" [firmware/nnet_utils/nnet_dense_latency.h:58]   --->   Operation 860 'add' 'add_ln58_2154' <Predicate = true> <Delay = 1.81> <CoreInst = "Adder">   --->   Core 1 'Adder' <Latency = 0> <II = 1> <Delay = 1.81> <FuncUnit> <Opcode : 'add' 'sub'> <InPorts = 2> <OutPorts = 1>
ST_3 : Operation 861 [1/1] (1.81ns)   --->   "%add_ln58_2157 = add i15 %sext_ln70_370, i15 %sext_ln58" [firmware/nnet_utils/nnet_dense_latency.h:58]   --->   Operation 861 'add' 'add_ln58_2157' <Predicate = true> <Delay = 1.81> <CoreInst = "Adder">   --->   Core 1 'Adder' <Latency = 0> <II = 1> <Delay = 1.81> <FuncUnit> <Opcode : 'add' 'sub'> <InPorts = 2> <OutPorts = 1>
ST_3 : Operation 862 [1/1] (1.67ns)   --->   "%add_ln58_2158 = add i14 %sext_ln70_278, i14 %sext_ln70_322" [firmware/nnet_utils/nnet_dense_latency.h:58]   --->   Operation 862 'add' 'add_ln58_2158' <Predicate = true> <Delay = 1.67> <CoreInst = "Adder">   --->   Core 1 'Adder' <Latency = 0> <II = 1> <Delay = 1.67> <FuncUnit> <Opcode : 'add' 'sub'> <InPorts = 2> <OutPorts = 1>
ST_3 : Operation 863 [1/1] (1.67ns)   --->   "%add_ln58_2160 = add i14 %sext_ln70_336, i14 %sext_ln70_358" [firmware/nnet_utils/nnet_dense_latency.h:58]   --->   Operation 863 'add' 'add_ln58_2160' <Predicate = true> <Delay = 1.67> <CoreInst = "Adder">   --->   Core 1 'Adder' <Latency = 0> <II = 1> <Delay = 1.67> <FuncUnit> <Opcode : 'add' 'sub'> <InPorts = 2> <OutPorts = 1>
ST_3 : Operation 864 [1/1] (0.00ns)   --->   "%sext_ln58_662 = sext i14 %add_ln58_2160" [firmware/nnet_utils/nnet_dense_latency.h:58]   --->   Operation 864 'sext' 'sext_ln58_662' <Predicate = true> <Delay = 0.00>
ST_3 : Operation 865 [1/1] (1.54ns)   --->   "%add_ln58_2161 = add i13 %sext_ln70_353, i13 %sext_ln70_340" [firmware/nnet_utils/nnet_dense_latency.h:58]   --->   Operation 865 'add' 'add_ln58_2161' <Predicate = true> <Delay = 1.54> <CoreInst = "Adder">   --->   Core 1 'Adder' <Latency = 0> <II = 1> <Delay = 1.54> <FuncUnit> <Opcode : 'add' 'sub'> <InPorts = 2> <OutPorts = 1>
ST_3 : Operation 866 [1/1] (0.00ns)   --->   "%sext_ln58_663 = sext i13 %add_ln58_2161" [firmware/nnet_utils/nnet_dense_latency.h:58]   --->   Operation 866 'sext' 'sext_ln58_663' <Predicate = true> <Delay = 0.00>
ST_3 : Operation 867 [1/1] (1.81ns)   --->   "%add_ln58_2162 = add i15 %sext_ln58_663, i15 %sext_ln58_662" [firmware/nnet_utils/nnet_dense_latency.h:58]   --->   Operation 867 'add' 'add_ln58_2162' <Predicate = true> <Delay = 1.81> <CoreInst = "Adder">   --->   Core 1 'Adder' <Latency = 0> <II = 1> <Delay = 1.81> <FuncUnit> <Opcode : 'add' 'sub'> <InPorts = 2> <OutPorts = 1>

State 4 <SV = 3> <Delay = 3.49>
ST_4 : Operation 868 [1/1] (0.00ns)   --->   "%sext_ln73_10 = sext i9 %trunc_ln42_51" [firmware/nnet_utils/nnet_mult.h:73->firmware/nnet_utils/nnet_dense_latency.h:42]   --->   Operation 868 'sext' 'sext_ln73_10' <Predicate = true> <Delay = 0.00>
ST_4 : Operation 869 [1/1] (0.00ns)   --->   "%sext_ln73_19 = sext i12 %trunc_ln42_86" [firmware/nnet_utils/nnet_mult.h:73->firmware/nnet_utils/nnet_dense_latency.h:42]   --->   Operation 869 'sext' 'sext_ln73_19' <Predicate = true> <Delay = 0.00>
ST_4 : Operation 870 [1/1] (2.07ns)   --->   "%add_ln58_2013 = add i16 %add_ln58_2012, i16 %add_ln58" [firmware/nnet_utils/nnet_dense_latency.h:58]   --->   Operation 870 'add' 'add_ln58_2013' <Predicate = true> <Delay = 2.07> <CoreInst = "Adder">   --->   Core 1 'Adder' <Latency = 0> <II = 1> <Delay = 2.07> <FuncUnit> <Opcode : 'add' 'sub'> <InPorts = 2> <OutPorts = 1>
ST_4 : Operation 871 [1/1] (2.07ns)   --->   "%add_ln58_2016 = add i16 %add_ln58_2015, i16 %add_ln58_2014" [firmware/nnet_utils/nnet_dense_latency.h:58]   --->   Operation 871 'add' 'add_ln58_2016' <Predicate = true> <Delay = 2.07> <CoreInst = "Adder">   --->   Core 1 'Adder' <Latency = 0> <II = 1> <Delay = 2.07> <FuncUnit> <Opcode : 'add' 'sub'> <InPorts = 2> <OutPorts = 1>
ST_4 : Operation 872 [1/1] (2.07ns)   --->   "%add_ln58_2020 = add i16 %add_ln58_2019, i16 %add_ln58_2018" [firmware/nnet_utils/nnet_dense_latency.h:58]   --->   Operation 872 'add' 'add_ln58_2020' <Predicate = true> <Delay = 2.07> <CoreInst = "Adder">   --->   Core 1 'Adder' <Latency = 0> <II = 1> <Delay = 2.07> <FuncUnit> <Opcode : 'add' 'sub'> <InPorts = 2> <OutPorts = 1>
ST_4 : Operation 873 [1/1] (2.07ns)   --->   "%add_ln58_2023 = add i16 %add_ln58_2022, i16 %add_ln58_2021" [firmware/nnet_utils/nnet_dense_latency.h:58]   --->   Operation 873 'add' 'add_ln58_2023' <Predicate = true> <Delay = 2.07> <CoreInst = "Adder">   --->   Core 1 'Adder' <Latency = 0> <II = 1> <Delay = 2.07> <FuncUnit> <Opcode : 'add' 'sub'> <InPorts = 2> <OutPorts = 1>
ST_4 : Operation 874 [1/1] (2.07ns)   --->   "%add_ln58_2028 = add i16 %add_ln58_2027, i16 %add_ln58_2026" [firmware/nnet_utils/nnet_dense_latency.h:58]   --->   Operation 874 'add' 'add_ln58_2028' <Predicate = true> <Delay = 2.07> <CoreInst = "Adder">   --->   Core 1 'Adder' <Latency = 0> <II = 1> <Delay = 2.07> <FuncUnit> <Opcode : 'add' 'sub'> <InPorts = 2> <OutPorts = 1>
ST_4 : Operation 875 [1/1] (2.07ns)   --->   "%add_ln58_2031 = add i16 %add_ln58_2030, i16 %add_ln58_2029" [firmware/nnet_utils/nnet_dense_latency.h:58]   --->   Operation 875 'add' 'add_ln58_2031' <Predicate = true> <Delay = 2.07> <CoreInst = "Adder">   --->   Core 1 'Adder' <Latency = 0> <II = 1> <Delay = 2.07> <FuncUnit> <Opcode : 'add' 'sub'> <InPorts = 2> <OutPorts = 1>
ST_4 : Operation 876 [1/1] (2.07ns)   --->   "%add_ln58_2035 = add i16 %add_ln58_2034, i16 %add_ln58_2033" [firmware/nnet_utils/nnet_dense_latency.h:58]   --->   Operation 876 'add' 'add_ln58_2035' <Predicate = true> <Delay = 2.07> <CoreInst = "Adder">   --->   Core 1 'Adder' <Latency = 0> <II = 1> <Delay = 2.07> <FuncUnit> <Opcode : 'add' 'sub'> <InPorts = 2> <OutPorts = 1>
ST_4 : Operation 877 [1/1] (2.07ns)   --->   "%add_ln58_2044 = add i16 %add_ln58_2043, i16 %add_ln58_2042" [firmware/nnet_utils/nnet_dense_latency.h:58]   --->   Operation 877 'add' 'add_ln58_2044' <Predicate = true> <Delay = 2.07> <CoreInst = "Adder">   --->   Core 1 'Adder' <Latency = 0> <II = 1> <Delay = 2.07> <FuncUnit> <Opcode : 'add' 'sub'> <InPorts = 2> <OutPorts = 1>
ST_4 : Operation 878 [1/1] (2.07ns)   --->   "%add_ln58_2047 = add i16 %add_ln58_2046, i16 %add_ln58_2045" [firmware/nnet_utils/nnet_dense_latency.h:58]   --->   Operation 878 'add' 'add_ln58_2047' <Predicate = true> <Delay = 2.07> <CoreInst = "Adder">   --->   Core 1 'Adder' <Latency = 0> <II = 1> <Delay = 2.07> <FuncUnit> <Opcode : 'add' 'sub'> <InPorts = 2> <OutPorts = 1>
ST_4 : Operation 879 [1/1] (2.07ns)   --->   "%add_ln58_2051 = add i16 %add_ln58_2050, i16 %add_ln58_2049" [firmware/nnet_utils/nnet_dense_latency.h:58]   --->   Operation 879 'add' 'add_ln58_2051' <Predicate = true> <Delay = 2.07> <CoreInst = "Adder">   --->   Core 1 'Adder' <Latency = 0> <II = 1> <Delay = 2.07> <FuncUnit> <Opcode : 'add' 'sub'> <InPorts = 2> <OutPorts = 1>
ST_4 : Operation 880 [1/1] (2.07ns)   --->   "%add_ln58_2054 = add i16 %add_ln58_2053, i16 %add_ln58_2052" [firmware/nnet_utils/nnet_dense_latency.h:58]   --->   Operation 880 'add' 'add_ln58_2054' <Predicate = true> <Delay = 2.07> <CoreInst = "Adder">   --->   Core 1 'Adder' <Latency = 0> <II = 1> <Delay = 2.07> <FuncUnit> <Opcode : 'add' 'sub'> <InPorts = 2> <OutPorts = 1>
ST_4 : Operation 881 [1/1] (2.07ns)   --->   "%add_ln58_2059 = add i16 %add_ln58_2058, i16 %add_ln58_2057" [firmware/nnet_utils/nnet_dense_latency.h:58]   --->   Operation 881 'add' 'add_ln58_2059' <Predicate = true> <Delay = 2.07> <CoreInst = "Adder">   --->   Core 1 'Adder' <Latency = 0> <II = 1> <Delay = 2.07> <FuncUnit> <Opcode : 'add' 'sub'> <InPorts = 2> <OutPorts = 1>
ST_4 : Operation 882 [1/1] (0.00ns)   --->   "%sext_ln58_637 = sext i15 %add_ln58_2061" [firmware/nnet_utils/nnet_dense_latency.h:58]   --->   Operation 882 'sext' 'sext_ln58_637' <Predicate = true> <Delay = 0.00>
ST_4 : Operation 883 [1/1] (2.07ns)   --->   "%add_ln58_2062 = add i16 %sext_ln58_637, i16 %add_ln58_2060" [firmware/nnet_utils/nnet_dense_latency.h:58]   --->   Operation 883 'add' 'add_ln58_2062' <Predicate = true> <Delay = 2.07> <CoreInst = "Adder">   --->   Core 1 'Adder' <Latency = 0> <II = 1> <Delay = 2.07> <FuncUnit> <Opcode : 'add' 'sub'> <InPorts = 2> <OutPorts = 1>
ST_4 : Operation 884 [1/1] (0.00ns)   --->   "%sext_ln58_640 = sext i15 %add_ln58_2066" [firmware/nnet_utils/nnet_dense_latency.h:58]   --->   Operation 884 'sext' 'sext_ln58_640' <Predicate = true> <Delay = 0.00>
ST_4 : Operation 885 [1/1] (0.00ns)   --->   "%sext_ln58_643 = sext i13 %add_ln58_2069" [firmware/nnet_utils/nnet_dense_latency.h:58]   --->   Operation 885 'sext' 'sext_ln58_643' <Predicate = true> <Delay = 0.00>
ST_4 : Operation 886 [1/1] (1.94ns)   --->   "%add_ln58_2070 = add i16 %sext_ln58_643, i16 %sext_ln58_640" [firmware/nnet_utils/nnet_dense_latency.h:58]   --->   Operation 886 'add' 'add_ln58_2070' <Predicate = true> <Delay = 1.94> <CoreInst = "Adder">   --->   Core 1 'Adder' <Latency = 0> <II = 1> <Delay = 1.94> <FuncUnit> <Opcode : 'add' 'sub'> <InPorts = 2> <OutPorts = 1>
ST_4 : Operation 887 [1/1] (2.07ns)   --->   "%add_ln58_2075 = add i16 %add_ln58_2074, i16 %add_ln58_2073" [firmware/nnet_utils/nnet_dense_latency.h:58]   --->   Operation 887 'add' 'add_ln58_2075' <Predicate = true> <Delay = 2.07> <CoreInst = "Adder">   --->   Core 1 'Adder' <Latency = 0> <II = 1> <Delay = 2.07> <FuncUnit> <Opcode : 'add' 'sub'> <InPorts = 2> <OutPorts = 1>
ST_4 : Operation 888 [1/1] (2.07ns)   --->   "%add_ln58_2078 = add i16 %add_ln58_2077, i16 %add_ln58_2076" [firmware/nnet_utils/nnet_dense_latency.h:58]   --->   Operation 888 'add' 'add_ln58_2078' <Predicate = true> <Delay = 2.07> <CoreInst = "Adder">   --->   Core 1 'Adder' <Latency = 0> <II = 1> <Delay = 2.07> <FuncUnit> <Opcode : 'add' 'sub'> <InPorts = 2> <OutPorts = 1>
ST_4 : Operation 889 [1/1] (2.07ns)   --->   "%add_ln58_2082 = add i16 %add_ln58_2081, i16 %add_ln58_2080" [firmware/nnet_utils/nnet_dense_latency.h:58]   --->   Operation 889 'add' 'add_ln58_2082' <Predicate = true> <Delay = 2.07> <CoreInst = "Adder">   --->   Core 1 'Adder' <Latency = 0> <II = 1> <Delay = 2.07> <FuncUnit> <Opcode : 'add' 'sub'> <InPorts = 2> <OutPorts = 1>
ST_4 : Operation 890 [1/1] (2.07ns)   --->   "%add_ln58_2085 = add i16 %add_ln58_2084, i16 %add_ln58_2083" [firmware/nnet_utils/nnet_dense_latency.h:58]   --->   Operation 890 'add' 'add_ln58_2085' <Predicate = true> <Delay = 2.07> <CoreInst = "Adder">   --->   Core 1 'Adder' <Latency = 0> <II = 1> <Delay = 2.07> <FuncUnit> <Opcode : 'add' 'sub'> <InPorts = 2> <OutPorts = 1>
ST_4 : Operation 891 [1/1] (2.07ns)   --->   "%add_ln58_2090 = add i16 %add_ln58_2089, i16 %add_ln58_2088" [firmware/nnet_utils/nnet_dense_latency.h:58]   --->   Operation 891 'add' 'add_ln58_2090' <Predicate = true> <Delay = 2.07> <CoreInst = "Adder">   --->   Core 1 'Adder' <Latency = 0> <II = 1> <Delay = 2.07> <FuncUnit> <Opcode : 'add' 'sub'> <InPorts = 2> <OutPorts = 1>
ST_4 : Operation 892 [1/1] (0.00ns)   --->   "%sext_ln58_644 = sext i15 %add_ln58_2092" [firmware/nnet_utils/nnet_dense_latency.h:58]   --->   Operation 892 'sext' 'sext_ln58_644' <Predicate = true> <Delay = 0.00>
ST_4 : Operation 893 [1/1] (2.07ns)   --->   "%add_ln58_2093 = add i16 %sext_ln58_644, i16 %add_ln58_2091" [firmware/nnet_utils/nnet_dense_latency.h:58]   --->   Operation 893 'add' 'add_ln58_2093' <Predicate = true> <Delay = 2.07> <CoreInst = "Adder">   --->   Core 1 'Adder' <Latency = 0> <II = 1> <Delay = 2.07> <FuncUnit> <Opcode : 'add' 'sub'> <InPorts = 2> <OutPorts = 1>
ST_4 : Operation 894 [1/1] (0.00ns)   --->   "%sext_ln58_645 = sext i15 %add_ln58_2095" [firmware/nnet_utils/nnet_dense_latency.h:58]   --->   Operation 894 'sext' 'sext_ln58_645' <Predicate = true> <Delay = 0.00>
ST_4 : Operation 895 [1/1] (0.00ns)   --->   "%sext_ln58_646 = sext i15 %add_ln58_2096" [firmware/nnet_utils/nnet_dense_latency.h:58]   --->   Operation 895 'sext' 'sext_ln58_646' <Predicate = true> <Delay = 0.00>
ST_4 : Operation 896 [1/1] (1.94ns)   --->   "%add_ln58_2097 = add i16 %sext_ln58_646, i16 %sext_ln58_645" [firmware/nnet_utils/nnet_dense_latency.h:58]   --->   Operation 896 'add' 'add_ln58_2097' <Predicate = true> <Delay = 1.94> <CoreInst = "Adder">   --->   Core 1 'Adder' <Latency = 0> <II = 1> <Delay = 1.94> <FuncUnit> <Opcode : 'add' 'sub'> <InPorts = 2> <OutPorts = 1>
ST_4 : Operation 897 [1/1] (0.00ns)   --->   "%sext_ln58_647 = sext i15 %add_ln58_2098" [firmware/nnet_utils/nnet_dense_latency.h:58]   --->   Operation 897 'sext' 'sext_ln58_647' <Predicate = true> <Delay = 0.00>
ST_4 : Operation 898 [1/1] (1.54ns)   --->   "%add_ln58_2099 = add i13 %sext_ln73_19, i13 %sext_ln73_10" [firmware/nnet_utils/nnet_dense_latency.h:58]   --->   Operation 898 'add' 'add_ln58_2099' <Predicate = true> <Delay = 1.54> <CoreInst = "Adder">   --->   Core 1 'Adder' <Latency = 0> <II = 1> <Delay = 1.54> <FuncUnit> <Opcode : 'add' 'sub'> <InPorts = 2> <OutPorts = 1>
ST_4 : Operation 899 [1/1] (0.00ns)   --->   "%sext_ln58_648 = sext i13 %add_ln58_2099" [firmware/nnet_utils/nnet_dense_latency.h:58]   --->   Operation 899 'sext' 'sext_ln58_648' <Predicate = true> <Delay = 0.00>
ST_4 : Operation 900 [1/1] (1.94ns)   --->   "%add_ln58_2100 = add i16 %sext_ln58_648, i16 %sext_ln58_647" [firmware/nnet_utils/nnet_dense_latency.h:58]   --->   Operation 900 'add' 'add_ln58_2100' <Predicate = true> <Delay = 1.94> <CoreInst = "Adder">   --->   Core 1 'Adder' <Latency = 0> <II = 1> <Delay = 1.94> <FuncUnit> <Opcode : 'add' 'sub'> <InPorts = 2> <OutPorts = 1>
ST_4 : Operation 901 [1/1] (2.07ns)   --->   "%add_ln58_2106 = add i16 %add_ln58_2105, i16 %add_ln58_2104" [firmware/nnet_utils/nnet_dense_latency.h:58]   --->   Operation 901 'add' 'add_ln58_2106' <Predicate = true> <Delay = 2.07> <CoreInst = "Adder">   --->   Core 1 'Adder' <Latency = 0> <II = 1> <Delay = 2.07> <FuncUnit> <Opcode : 'add' 'sub'> <InPorts = 2> <OutPorts = 1>
ST_4 : Operation 902 [1/1] (2.07ns)   --->   "%add_ln58_2109 = add i16 %add_ln58_2108, i16 %add_ln58_2107" [firmware/nnet_utils/nnet_dense_latency.h:58]   --->   Operation 902 'add' 'add_ln58_2109' <Predicate = true> <Delay = 2.07> <CoreInst = "Adder">   --->   Core 1 'Adder' <Latency = 0> <II = 1> <Delay = 2.07> <FuncUnit> <Opcode : 'add' 'sub'> <InPorts = 2> <OutPorts = 1>
ST_4 : Operation 903 [1/1] (2.07ns)   --->   "%add_ln58_2113 = add i16 %add_ln58_2112, i16 %add_ln58_2111" [firmware/nnet_utils/nnet_dense_latency.h:58]   --->   Operation 903 'add' 'add_ln58_2113' <Predicate = true> <Delay = 2.07> <CoreInst = "Adder">   --->   Core 1 'Adder' <Latency = 0> <II = 1> <Delay = 2.07> <FuncUnit> <Opcode : 'add' 'sub'> <InPorts = 2> <OutPorts = 1>
ST_4 : Operation 904 [1/1] (2.07ns)   --->   "%add_ln58_2116 = add i16 %add_ln58_2115, i16 %add_ln58_2114" [firmware/nnet_utils/nnet_dense_latency.h:58]   --->   Operation 904 'add' 'add_ln58_2116' <Predicate = true> <Delay = 2.07> <CoreInst = "Adder">   --->   Core 1 'Adder' <Latency = 0> <II = 1> <Delay = 2.07> <FuncUnit> <Opcode : 'add' 'sub'> <InPorts = 2> <OutPorts = 1>
ST_4 : Operation 905 [1/1] (0.00ns)   --->   "%sext_ln58_649 = sext i15 %add_ln58_2120" [firmware/nnet_utils/nnet_dense_latency.h:58]   --->   Operation 905 'sext' 'sext_ln58_649' <Predicate = true> <Delay = 0.00>
ST_4 : Operation 906 [1/1] (2.07ns)   --->   "%add_ln58_2121 = add i16 %sext_ln58_649, i16 %add_ln58_2119" [firmware/nnet_utils/nnet_dense_latency.h:58]   --->   Operation 906 'add' 'add_ln58_2121' <Predicate = true> <Delay = 2.07> <CoreInst = "Adder">   --->   Core 1 'Adder' <Latency = 0> <II = 1> <Delay = 2.07> <FuncUnit> <Opcode : 'add' 'sub'> <InPorts = 2> <OutPorts = 1>
ST_4 : Operation 907 [1/1] (0.00ns)   --->   "%sext_ln58_650 = sext i15 %add_ln58_2122" [firmware/nnet_utils/nnet_dense_latency.h:58]   --->   Operation 907 'sext' 'sext_ln58_650' <Predicate = true> <Delay = 0.00>
ST_4 : Operation 908 [1/1] (0.00ns)   --->   "%sext_ln58_651 = sext i15 %add_ln58_2123" [firmware/nnet_utils/nnet_dense_latency.h:58]   --->   Operation 908 'sext' 'sext_ln58_651' <Predicate = true> <Delay = 0.00>
ST_4 : Operation 909 [1/1] (1.94ns)   --->   "%add_ln58_2124 = add i16 %sext_ln58_651, i16 %sext_ln58_650" [firmware/nnet_utils/nnet_dense_latency.h:58]   --->   Operation 909 'add' 'add_ln58_2124' <Predicate = true> <Delay = 1.94> <CoreInst = "Adder">   --->   Core 1 'Adder' <Latency = 0> <II = 1> <Delay = 1.94> <FuncUnit> <Opcode : 'add' 'sub'> <InPorts = 2> <OutPorts = 1>
ST_4 : Operation 910 [1/1] (0.00ns)   --->   "%sext_ln58_652 = sext i15 %add_ln58_2126" [firmware/nnet_utils/nnet_dense_latency.h:58]   --->   Operation 910 'sext' 'sext_ln58_652' <Predicate = true> <Delay = 0.00>
ST_4 : Operation 911 [1/1] (0.00ns)   --->   "%sext_ln58_653 = sext i15 %add_ln58_2127" [firmware/nnet_utils/nnet_dense_latency.h:58]   --->   Operation 911 'sext' 'sext_ln58_653' <Predicate = true> <Delay = 0.00>
ST_4 : Operation 912 [1/1] (1.94ns)   --->   "%add_ln58_2128 = add i16 %sext_ln58_653, i16 %sext_ln58_652" [firmware/nnet_utils/nnet_dense_latency.h:58]   --->   Operation 912 'add' 'add_ln58_2128' <Predicate = true> <Delay = 1.94> <CoreInst = "Adder">   --->   Core 1 'Adder' <Latency = 0> <II = 1> <Delay = 1.94> <FuncUnit> <Opcode : 'add' 'sub'> <InPorts = 2> <OutPorts = 1>
ST_4 : Operation 913 [1/1] (2.07ns)   --->   "%add_ln58_2137 = add i16 %add_ln58_2136, i16 %add_ln58_2135" [firmware/nnet_utils/nnet_dense_latency.h:58]   --->   Operation 913 'add' 'add_ln58_2137' <Predicate = true> <Delay = 2.07> <CoreInst = "Adder">   --->   Core 1 'Adder' <Latency = 0> <II = 1> <Delay = 2.07> <FuncUnit> <Opcode : 'add' 'sub'> <InPorts = 2> <OutPorts = 1>
ST_4 : Operation 914 [1/1] (2.07ns)   --->   "%add_ln58_2140 = add i16 %add_ln58_2139, i16 %add_ln58_2138" [firmware/nnet_utils/nnet_dense_latency.h:58]   --->   Operation 914 'add' 'add_ln58_2140' <Predicate = true> <Delay = 2.07> <CoreInst = "Adder">   --->   Core 1 'Adder' <Latency = 0> <II = 1> <Delay = 2.07> <FuncUnit> <Opcode : 'add' 'sub'> <InPorts = 2> <OutPorts = 1>
ST_4 : Operation 915 [1/1] (2.07ns)   --->   "%add_ln58_2144 = add i16 %add_ln58_2143, i16 %add_ln58_2142" [firmware/nnet_utils/nnet_dense_latency.h:58]   --->   Operation 915 'add' 'add_ln58_2144' <Predicate = true> <Delay = 2.07> <CoreInst = "Adder">   --->   Core 1 'Adder' <Latency = 0> <II = 1> <Delay = 2.07> <FuncUnit> <Opcode : 'add' 'sub'> <InPorts = 2> <OutPorts = 1>
ST_4 : Operation 916 [1/1] (2.07ns)   --->   "%add_ln58_2147 = add i16 %add_ln58_2146, i16 %add_ln58_2145" [firmware/nnet_utils/nnet_dense_latency.h:58]   --->   Operation 916 'add' 'add_ln58_2147' <Predicate = true> <Delay = 2.07> <CoreInst = "Adder">   --->   Core 1 'Adder' <Latency = 0> <II = 1> <Delay = 2.07> <FuncUnit> <Opcode : 'add' 'sub'> <InPorts = 2> <OutPorts = 1>
ST_4 : Operation 917 [1/1] (0.00ns)   --->   "%sext_ln58_657 = sext i15 %add_ln58_2151" [firmware/nnet_utils/nnet_dense_latency.h:58]   --->   Operation 917 'sext' 'sext_ln58_657' <Predicate = true> <Delay = 0.00>
ST_4 : Operation 918 [1/1] (2.07ns)   --->   "%add_ln58_2152 = add i16 %sext_ln58_657, i16 %add_ln58_2150" [firmware/nnet_utils/nnet_dense_latency.h:58]   --->   Operation 918 'add' 'add_ln58_2152' <Predicate = true> <Delay = 2.07> <CoreInst = "Adder">   --->   Core 1 'Adder' <Latency = 0> <II = 1> <Delay = 2.07> <FuncUnit> <Opcode : 'add' 'sub'> <InPorts = 2> <OutPorts = 1>
ST_4 : Operation 919 [1/1] (0.00ns)   --->   "%sext_ln58_658 = sext i15 %add_ln58_2153" [firmware/nnet_utils/nnet_dense_latency.h:58]   --->   Operation 919 'sext' 'sext_ln58_658' <Predicate = true> <Delay = 0.00>
ST_4 : Operation 920 [1/1] (0.00ns)   --->   "%sext_ln58_659 = sext i15 %add_ln58_2154" [firmware/nnet_utils/nnet_dense_latency.h:58]   --->   Operation 920 'sext' 'sext_ln58_659' <Predicate = true> <Delay = 0.00>
ST_4 : Operation 921 [1/1] (1.94ns)   --->   "%add_ln58_2155 = add i16 %sext_ln58_659, i16 %sext_ln58_658" [firmware/nnet_utils/nnet_dense_latency.h:58]   --->   Operation 921 'add' 'add_ln58_2155' <Predicate = true> <Delay = 1.94> <CoreInst = "Adder">   --->   Core 1 'Adder' <Latency = 0> <II = 1> <Delay = 1.94> <FuncUnit> <Opcode : 'add' 'sub'> <InPorts = 2> <OutPorts = 1>
ST_4 : Operation 922 [1/1] (0.00ns)   --->   "%sext_ln58_660 = sext i15 %add_ln58_2157" [firmware/nnet_utils/nnet_dense_latency.h:58]   --->   Operation 922 'sext' 'sext_ln58_660' <Predicate = true> <Delay = 0.00>
ST_4 : Operation 923 [1/1] (0.00ns)   --->   "%sext_ln58_661 = sext i14 %add_ln58_2158" [firmware/nnet_utils/nnet_dense_latency.h:58]   --->   Operation 923 'sext' 'sext_ln58_661' <Predicate = true> <Delay = 0.00>
ST_4 : Operation 924 [1/1] (1.94ns)   --->   "%add_ln58_2159 = add i16 %sext_ln58_661, i16 %sext_ln58_660" [firmware/nnet_utils/nnet_dense_latency.h:58]   --->   Operation 924 'add' 'add_ln58_2159' <Predicate = true> <Delay = 1.94> <CoreInst = "Adder">   --->   Core 1 'Adder' <Latency = 0> <II = 1> <Delay = 1.94> <FuncUnit> <Opcode : 'add' 'sub'> <InPorts = 2> <OutPorts = 1>

State 5 <SV = 4> <Delay = 2.07>
ST_5 : Operation 925 [1/1] (2.07ns)   --->   "%add_ln58_2017 = add i16 %add_ln58_2016, i16 %add_ln58_2013" [firmware/nnet_utils/nnet_dense_latency.h:58]   --->   Operation 925 'add' 'add_ln58_2017' <Predicate = true> <Delay = 2.07> <CoreInst = "Adder">   --->   Core 1 'Adder' <Latency = 0> <II = 1> <Delay = 2.07> <FuncUnit> <Opcode : 'add' 'sub'> <InPorts = 2> <OutPorts = 1>
ST_5 : Operation 926 [1/1] (2.07ns)   --->   "%add_ln58_2024 = add i16 %add_ln58_2023, i16 %add_ln58_2020" [firmware/nnet_utils/nnet_dense_latency.h:58]   --->   Operation 926 'add' 'add_ln58_2024' <Predicate = true> <Delay = 2.07> <CoreInst = "Adder">   --->   Core 1 'Adder' <Latency = 0> <II = 1> <Delay = 2.07> <FuncUnit> <Opcode : 'add' 'sub'> <InPorts = 2> <OutPorts = 1>
ST_5 : Operation 927 [1/1] (2.07ns)   --->   "%add_ln58_2032 = add i16 %add_ln58_2031, i16 %add_ln58_2028" [firmware/nnet_utils/nnet_dense_latency.h:58]   --->   Operation 927 'add' 'add_ln58_2032' <Predicate = true> <Delay = 2.07> <CoreInst = "Adder">   --->   Core 1 'Adder' <Latency = 0> <II = 1> <Delay = 2.07> <FuncUnit> <Opcode : 'add' 'sub'> <InPorts = 2> <OutPorts = 1>
ST_5 : Operation 928 [1/1] (0.00ns)   --->   "%sext_ln58_636 = sext i15 %add_ln58_2038" [firmware/nnet_utils/nnet_dense_latency.h:58]   --->   Operation 928 'sext' 'sext_ln58_636' <Predicate = true> <Delay = 0.00>
ST_5 : Operation 929 [1/1] (2.07ns)   --->   "%add_ln58_2039 = add i16 %sext_ln58_636, i16 %add_ln58_2035" [firmware/nnet_utils/nnet_dense_latency.h:58]   --->   Operation 929 'add' 'add_ln58_2039' <Predicate = true> <Delay = 2.07> <CoreInst = "Adder">   --->   Core 1 'Adder' <Latency = 0> <II = 1> <Delay = 2.07> <FuncUnit> <Opcode : 'add' 'sub'> <InPorts = 2> <OutPorts = 1>
ST_5 : Operation 930 [1/1] (2.07ns)   --->   "%add_ln58_2048 = add i16 %add_ln58_2047, i16 %add_ln58_2044" [firmware/nnet_utils/nnet_dense_latency.h:58]   --->   Operation 930 'add' 'add_ln58_2048' <Predicate = true> <Delay = 2.07> <CoreInst = "Adder">   --->   Core 1 'Adder' <Latency = 0> <II = 1> <Delay = 2.07> <FuncUnit> <Opcode : 'add' 'sub'> <InPorts = 2> <OutPorts = 1>
ST_5 : Operation 931 [1/1] (2.07ns)   --->   "%add_ln58_2055 = add i16 %add_ln58_2054, i16 %add_ln58_2051" [firmware/nnet_utils/nnet_dense_latency.h:58]   --->   Operation 931 'add' 'add_ln58_2055' <Predicate = true> <Delay = 2.07> <CoreInst = "Adder">   --->   Core 1 'Adder' <Latency = 0> <II = 1> <Delay = 2.07> <FuncUnit> <Opcode : 'add' 'sub'> <InPorts = 2> <OutPorts = 1>
ST_5 : Operation 932 [1/1] (2.07ns)   --->   "%add_ln58_2063 = add i16 %add_ln58_2062, i16 %add_ln58_2059" [firmware/nnet_utils/nnet_dense_latency.h:58]   --->   Operation 932 'add' 'add_ln58_2063' <Predicate = true> <Delay = 2.07> <CoreInst = "Adder">   --->   Core 1 'Adder' <Latency = 0> <II = 1> <Delay = 2.07> <FuncUnit> <Opcode : 'add' 'sub'> <InPorts = 2> <OutPorts = 1>
ST_5 : Operation 933 [1/1] (2.07ns)   --->   "%add_ln58_2079 = add i16 %add_ln58_2078, i16 %add_ln58_2075" [firmware/nnet_utils/nnet_dense_latency.h:58]   --->   Operation 933 'add' 'add_ln58_2079' <Predicate = true> <Delay = 2.07> <CoreInst = "Adder">   --->   Core 1 'Adder' <Latency = 0> <II = 1> <Delay = 2.07> <FuncUnit> <Opcode : 'add' 'sub'> <InPorts = 2> <OutPorts = 1>
ST_5 : Operation 934 [1/1] (2.07ns)   --->   "%add_ln58_2086 = add i16 %add_ln58_2085, i16 %add_ln58_2082" [firmware/nnet_utils/nnet_dense_latency.h:58]   --->   Operation 934 'add' 'add_ln58_2086' <Predicate = true> <Delay = 2.07> <CoreInst = "Adder">   --->   Core 1 'Adder' <Latency = 0> <II = 1> <Delay = 2.07> <FuncUnit> <Opcode : 'add' 'sub'> <InPorts = 2> <OutPorts = 1>
ST_5 : Operation 935 [1/1] (2.07ns)   --->   "%add_ln58_2094 = add i16 %add_ln58_2093, i16 %add_ln58_2090" [firmware/nnet_utils/nnet_dense_latency.h:58]   --->   Operation 935 'add' 'add_ln58_2094' <Predicate = true> <Delay = 2.07> <CoreInst = "Adder">   --->   Core 1 'Adder' <Latency = 0> <II = 1> <Delay = 2.07> <FuncUnit> <Opcode : 'add' 'sub'> <InPorts = 2> <OutPorts = 1>
ST_5 : Operation 936 [1/1] (2.07ns)   --->   "%add_ln58_2101 = add i16 %add_ln58_2100, i16 %add_ln58_2097" [firmware/nnet_utils/nnet_dense_latency.h:58]   --->   Operation 936 'add' 'add_ln58_2101' <Predicate = true> <Delay = 2.07> <CoreInst = "Adder">   --->   Core 1 'Adder' <Latency = 0> <II = 1> <Delay = 2.07> <FuncUnit> <Opcode : 'add' 'sub'> <InPorts = 2> <OutPorts = 1>
ST_5 : Operation 937 [1/1] (2.07ns)   --->   "%add_ln58_2110 = add i16 %add_ln58_2109, i16 %add_ln58_2106" [firmware/nnet_utils/nnet_dense_latency.h:58]   --->   Operation 937 'add' 'add_ln58_2110' <Predicate = true> <Delay = 2.07> <CoreInst = "Adder">   --->   Core 1 'Adder' <Latency = 0> <II = 1> <Delay = 2.07> <FuncUnit> <Opcode : 'add' 'sub'> <InPorts = 2> <OutPorts = 1>
ST_5 : Operation 938 [1/1] (2.07ns)   --->   "%add_ln58_2117 = add i16 %add_ln58_2116, i16 %add_ln58_2113" [firmware/nnet_utils/nnet_dense_latency.h:58]   --->   Operation 938 'add' 'add_ln58_2117' <Predicate = true> <Delay = 2.07> <CoreInst = "Adder">   --->   Core 1 'Adder' <Latency = 0> <II = 1> <Delay = 2.07> <FuncUnit> <Opcode : 'add' 'sub'> <InPorts = 2> <OutPorts = 1>
ST_5 : Operation 939 [1/1] (2.07ns)   --->   "%add_ln58_2125 = add i16 %add_ln58_2124, i16 %add_ln58_2121" [firmware/nnet_utils/nnet_dense_latency.h:58]   --->   Operation 939 'add' 'add_ln58_2125' <Predicate = true> <Delay = 2.07> <CoreInst = "Adder">   --->   Core 1 'Adder' <Latency = 0> <II = 1> <Delay = 2.07> <FuncUnit> <Opcode : 'add' 'sub'> <InPorts = 2> <OutPorts = 1>
ST_5 : Operation 940 [1/1] (0.00ns)   --->   "%sext_ln58_656 = sext i15 %add_ln58_2131" [firmware/nnet_utils/nnet_dense_latency.h:58]   --->   Operation 940 'sext' 'sext_ln58_656' <Predicate = true> <Delay = 0.00>
ST_5 : Operation 941 [1/1] (2.07ns)   --->   "%add_ln58_2132 = add i16 %sext_ln58_656, i16 %add_ln58_2128" [firmware/nnet_utils/nnet_dense_latency.h:58]   --->   Operation 941 'add' 'add_ln58_2132' <Predicate = true> <Delay = 2.07> <CoreInst = "Adder">   --->   Core 1 'Adder' <Latency = 0> <II = 1> <Delay = 2.07> <FuncUnit> <Opcode : 'add' 'sub'> <InPorts = 2> <OutPorts = 1>
ST_5 : Operation 942 [1/1] (2.07ns)   --->   "%add_ln58_2141 = add i16 %add_ln58_2140, i16 %add_ln58_2137" [firmware/nnet_utils/nnet_dense_latency.h:58]   --->   Operation 942 'add' 'add_ln58_2141' <Predicate = true> <Delay = 2.07> <CoreInst = "Adder">   --->   Core 1 'Adder' <Latency = 0> <II = 1> <Delay = 2.07> <FuncUnit> <Opcode : 'add' 'sub'> <InPorts = 2> <OutPorts = 1>
ST_5 : Operation 943 [1/1] (2.07ns)   --->   "%add_ln58_2148 = add i16 %add_ln58_2147, i16 %add_ln58_2144" [firmware/nnet_utils/nnet_dense_latency.h:58]   --->   Operation 943 'add' 'add_ln58_2148' <Predicate = true> <Delay = 2.07> <CoreInst = "Adder">   --->   Core 1 'Adder' <Latency = 0> <II = 1> <Delay = 2.07> <FuncUnit> <Opcode : 'add' 'sub'> <InPorts = 2> <OutPorts = 1>
ST_5 : Operation 944 [1/1] (2.07ns)   --->   "%add_ln58_2156 = add i16 %add_ln58_2155, i16 %add_ln58_2152" [firmware/nnet_utils/nnet_dense_latency.h:58]   --->   Operation 944 'add' 'add_ln58_2156' <Predicate = true> <Delay = 2.07> <CoreInst = "Adder">   --->   Core 1 'Adder' <Latency = 0> <II = 1> <Delay = 2.07> <FuncUnit> <Opcode : 'add' 'sub'> <InPorts = 2> <OutPorts = 1>
ST_5 : Operation 945 [1/1] (0.00ns)   --->   "%sext_ln58_664 = sext i15 %add_ln58_2162" [firmware/nnet_utils/nnet_dense_latency.h:58]   --->   Operation 945 'sext' 'sext_ln58_664' <Predicate = true> <Delay = 0.00>
ST_5 : Operation 946 [1/1] (2.07ns)   --->   "%add_ln58_2163 = add i16 %sext_ln58_664, i16 %add_ln58_2159" [firmware/nnet_utils/nnet_dense_latency.h:58]   --->   Operation 946 'add' 'add_ln58_2163' <Predicate = true> <Delay = 2.07> <CoreInst = "Adder">   --->   Core 1 'Adder' <Latency = 0> <II = 1> <Delay = 2.07> <FuncUnit> <Opcode : 'add' 'sub'> <InPorts = 2> <OutPorts = 1>

State 6 <SV = 5> <Delay = 2.07>
ST_6 : Operation 947 [1/1] (2.07ns)   --->   "%add_ln58_2025 = add i16 %add_ln58_2024, i16 %add_ln58_2017" [firmware/nnet_utils/nnet_dense_latency.h:58]   --->   Operation 947 'add' 'add_ln58_2025' <Predicate = true> <Delay = 2.07> <CoreInst = "Adder">   --->   Core 1 'Adder' <Latency = 0> <II = 1> <Delay = 2.07> <FuncUnit> <Opcode : 'add' 'sub'> <InPorts = 2> <OutPorts = 1>
ST_6 : Operation 948 [1/1] (2.07ns)   --->   "%add_ln58_2040 = add i16 %add_ln58_2039, i16 %add_ln58_2032" [firmware/nnet_utils/nnet_dense_latency.h:58]   --->   Operation 948 'add' 'add_ln58_2040' <Predicate = true> <Delay = 2.07> <CoreInst = "Adder">   --->   Core 1 'Adder' <Latency = 0> <II = 1> <Delay = 2.07> <FuncUnit> <Opcode : 'add' 'sub'> <InPorts = 2> <OutPorts = 1>
ST_6 : Operation 949 [1/1] (2.07ns)   --->   "%add_ln58_2056 = add i16 %add_ln58_2055, i16 %add_ln58_2048" [firmware/nnet_utils/nnet_dense_latency.h:58]   --->   Operation 949 'add' 'add_ln58_2056' <Predicate = true> <Delay = 2.07> <CoreInst = "Adder">   --->   Core 1 'Adder' <Latency = 0> <II = 1> <Delay = 2.07> <FuncUnit> <Opcode : 'add' 'sub'> <InPorts = 2> <OutPorts = 1>
ST_6 : Operation 950 [1/1] (2.07ns)   --->   "%add_ln58_2071 = add i16 %add_ln58_2070, i16 %add_ln58_2063" [firmware/nnet_utils/nnet_dense_latency.h:58]   --->   Operation 950 'add' 'add_ln58_2071' <Predicate = true> <Delay = 2.07> <CoreInst = "Adder">   --->   Core 1 'Adder' <Latency = 0> <II = 1> <Delay = 2.07> <FuncUnit> <Opcode : 'add' 'sub'> <InPorts = 2> <OutPorts = 1>
ST_6 : Operation 951 [1/1] (2.07ns)   --->   "%add_ln58_2087 = add i16 %add_ln58_2086, i16 %add_ln58_2079" [firmware/nnet_utils/nnet_dense_latency.h:58]   --->   Operation 951 'add' 'add_ln58_2087' <Predicate = true> <Delay = 2.07> <CoreInst = "Adder">   --->   Core 1 'Adder' <Latency = 0> <II = 1> <Delay = 2.07> <FuncUnit> <Opcode : 'add' 'sub'> <InPorts = 2> <OutPorts = 1>
ST_6 : Operation 952 [1/1] (2.07ns)   --->   "%add_ln58_2102 = add i16 %add_ln58_2101, i16 %add_ln58_2094" [firmware/nnet_utils/nnet_dense_latency.h:58]   --->   Operation 952 'add' 'add_ln58_2102' <Predicate = true> <Delay = 2.07> <CoreInst = "Adder">   --->   Core 1 'Adder' <Latency = 0> <II = 1> <Delay = 2.07> <FuncUnit> <Opcode : 'add' 'sub'> <InPorts = 2> <OutPorts = 1>
ST_6 : Operation 953 [1/1] (2.07ns)   --->   "%add_ln58_2118 = add i16 %add_ln58_2117, i16 %add_ln58_2110" [firmware/nnet_utils/nnet_dense_latency.h:58]   --->   Operation 953 'add' 'add_ln58_2118' <Predicate = true> <Delay = 2.07> <CoreInst = "Adder">   --->   Core 1 'Adder' <Latency = 0> <II = 1> <Delay = 2.07> <FuncUnit> <Opcode : 'add' 'sub'> <InPorts = 2> <OutPorts = 1>
ST_6 : Operation 954 [1/1] (2.07ns)   --->   "%add_ln58_2133 = add i16 %add_ln58_2132, i16 %add_ln58_2125" [firmware/nnet_utils/nnet_dense_latency.h:58]   --->   Operation 954 'add' 'add_ln58_2133' <Predicate = true> <Delay = 2.07> <CoreInst = "Adder">   --->   Core 1 'Adder' <Latency = 0> <II = 1> <Delay = 2.07> <FuncUnit> <Opcode : 'add' 'sub'> <InPorts = 2> <OutPorts = 1>
ST_6 : Operation 955 [1/1] (2.07ns)   --->   "%add_ln58_2149 = add i16 %add_ln58_2148, i16 %add_ln58_2141" [firmware/nnet_utils/nnet_dense_latency.h:58]   --->   Operation 955 'add' 'add_ln58_2149' <Predicate = true> <Delay = 2.07> <CoreInst = "Adder">   --->   Core 1 'Adder' <Latency = 0> <II = 1> <Delay = 2.07> <FuncUnit> <Opcode : 'add' 'sub'> <InPorts = 2> <OutPorts = 1>
ST_6 : Operation 956 [1/1] (2.07ns)   --->   "%add_ln58_2164 = add i16 %add_ln58_2163, i16 %add_ln58_2156" [firmware/nnet_utils/nnet_dense_latency.h:58]   --->   Operation 956 'add' 'add_ln58_2164' <Predicate = true> <Delay = 2.07> <CoreInst = "Adder">   --->   Core 1 'Adder' <Latency = 0> <II = 1> <Delay = 2.07> <FuncUnit> <Opcode : 'add' 'sub'> <InPorts = 2> <OutPorts = 1>

State 7 <SV = 6> <Delay = 2.07>
ST_7 : Operation 957 [1/1] (0.00ns)   --->   "%specpipeline_ln26 = specpipeline void @_ssdm_op_SpecPipeline, i32 1, i32 0, i32 0, i32 0, i32 4294967295, void @empty_0" [firmware/nnet_utils/nnet_dense_latency.h:26]   --->   Operation 957 'specpipeline' 'specpipeline_ln26' <Predicate = true> <Delay = 0.00>
ST_7 : Operation 958 [1/1] (0.00ns)   --->   "%specresourcelimit_ln33 = specresourcelimit void @_ssdm_op_SpecResourceLimit, i64 160, void @empty_1, void @empty_0, void @empty_0, void @empty_0" [firmware/nnet_utils/nnet_dense_latency.h:33]   --->   Operation 958 'specresourcelimit' 'specresourcelimit_ln33' <Predicate = true> <Delay = 0.00>
ST_7 : Operation 959 [1/1] (2.07ns)   --->   "%x = add i16 %add_ln58_2040, i16 %add_ln58_2025" [firmware/nnet_utils/nnet_dense_latency.h:58]   --->   Operation 959 'add' 'x' <Predicate = true> <Delay = 2.07> <CoreInst = "Adder">   --->   Core 1 'Adder' <Latency = 0> <II = 1> <Delay = 2.07> <FuncUnit> <Opcode : 'add' 'sub'> <InPorts = 2> <OutPorts = 1>
ST_7 : Operation 960 [1/1] (2.07ns)   --->   "%x_37 = add i16 %add_ln58_2071, i16 %add_ln58_2056" [firmware/nnet_utils/nnet_dense_latency.h:58]   --->   Operation 960 'add' 'x_37' <Predicate = true> <Delay = 2.07> <CoreInst = "Adder">   --->   Core 1 'Adder' <Latency = 0> <II = 1> <Delay = 2.07> <FuncUnit> <Opcode : 'add' 'sub'> <InPorts = 2> <OutPorts = 1>
ST_7 : Operation 961 [1/1] (2.07ns)   --->   "%x_38 = add i16 %add_ln58_2102, i16 %add_ln58_2087" [firmware/nnet_utils/nnet_dense_latency.h:58]   --->   Operation 961 'add' 'x_38' <Predicate = true> <Delay = 2.07> <CoreInst = "Adder">   --->   Core 1 'Adder' <Latency = 0> <II = 1> <Delay = 2.07> <FuncUnit> <Opcode : 'add' 'sub'> <InPorts = 2> <OutPorts = 1>
ST_7 : Operation 962 [1/1] (2.07ns)   --->   "%x_39 = add i16 %add_ln58_2133, i16 %add_ln58_2118" [firmware/nnet_utils/nnet_dense_latency.h:58]   --->   Operation 962 'add' 'x_39' <Predicate = true> <Delay = 2.07> <CoreInst = "Adder">   --->   Core 1 'Adder' <Latency = 0> <II = 1> <Delay = 2.07> <FuncUnit> <Opcode : 'add' 'sub'> <InPorts = 2> <OutPorts = 1>
ST_7 : Operation 963 [1/1] (2.07ns)   --->   "%x_40 = add i16 %add_ln58_2164, i16 %add_ln58_2149" [firmware/nnet_utils/nnet_dense_latency.h:58]   --->   Operation 963 'add' 'x_40' <Predicate = true> <Delay = 2.07> <CoreInst = "Adder">   --->   Core 1 'Adder' <Latency = 0> <II = 1> <Delay = 2.07> <FuncUnit> <Opcode : 'add' 'sub'> <InPorts = 2> <OutPorts = 1>
ST_7 : Operation 964 [1/1] (0.00ns)   --->   "%shl_ln = bitconcatenate i26 @_ssdm_op_BitConcatenate.i26.i16.i10, i16 %x, i10 0" [firmware/nnet_utils/nnet_mult.h:111->firmware/nnet_utils/nnet_dense_latency.h:66]   --->   Operation 964 'bitconcatenate' 'shl_ln' <Predicate = true> <Delay = 0.00>
ST_7 : Operation 965 [1/1] (0.00ns)   --->   "%sext_ln110 = sext i26 %shl_ln" [firmware/nnet_utils/nnet_mult.h:110->firmware/nnet_utils/nnet_dense_latency.h:66]   --->   Operation 965 'sext' 'sext_ln110' <Predicate = true> <Delay = 0.00>
ST_7 : Operation 966 [1/1] (0.00ns)   --->   "%shl_ln111_s = bitconcatenate i26 @_ssdm_op_BitConcatenate.i26.i16.i10, i16 %x_37, i10 0" [firmware/nnet_utils/nnet_mult.h:111->firmware/nnet_utils/nnet_dense_latency.h:66]   --->   Operation 966 'bitconcatenate' 'shl_ln111_s' <Predicate = true> <Delay = 0.00>
ST_7 : Operation 967 [1/1] (0.00ns)   --->   "%sext_ln110_31 = sext i26 %shl_ln111_s" [firmware/nnet_utils/nnet_mult.h:110->firmware/nnet_utils/nnet_dense_latency.h:66]   --->   Operation 967 'sext' 'sext_ln110_31' <Predicate = true> <Delay = 0.00>
ST_7 : Operation 968 [1/1] (0.00ns)   --->   "%shl_ln111_31 = bitconcatenate i26 @_ssdm_op_BitConcatenate.i26.i16.i10, i16 %x_38, i10 0" [firmware/nnet_utils/nnet_mult.h:111->firmware/nnet_utils/nnet_dense_latency.h:66]   --->   Operation 968 'bitconcatenate' 'shl_ln111_31' <Predicate = true> <Delay = 0.00>
ST_7 : Operation 969 [1/1] (0.00ns)   --->   "%sext_ln110_32 = sext i26 %shl_ln111_31" [firmware/nnet_utils/nnet_mult.h:110->firmware/nnet_utils/nnet_dense_latency.h:66]   --->   Operation 969 'sext' 'sext_ln110_32' <Predicate = true> <Delay = 0.00>
ST_7 : Operation 970 [1/1] (0.00ns)   --->   "%shl_ln111_32 = bitconcatenate i26 @_ssdm_op_BitConcatenate.i26.i16.i10, i16 %x_39, i10 0" [firmware/nnet_utils/nnet_mult.h:111->firmware/nnet_utils/nnet_dense_latency.h:66]   --->   Operation 970 'bitconcatenate' 'shl_ln111_32' <Predicate = true> <Delay = 0.00>
ST_7 : Operation 971 [1/1] (0.00ns)   --->   "%sext_ln110_33 = sext i26 %shl_ln111_32" [firmware/nnet_utils/nnet_mult.h:110->firmware/nnet_utils/nnet_dense_latency.h:66]   --->   Operation 971 'sext' 'sext_ln110_33' <Predicate = true> <Delay = 0.00>
ST_7 : Operation 972 [1/1] (0.00ns)   --->   "%shl_ln111_33 = bitconcatenate i26 @_ssdm_op_BitConcatenate.i26.i16.i10, i16 %x_40, i10 0" [firmware/nnet_utils/nnet_mult.h:111->firmware/nnet_utils/nnet_dense_latency.h:66]   --->   Operation 972 'bitconcatenate' 'shl_ln111_33' <Predicate = true> <Delay = 0.00>
ST_7 : Operation 973 [1/1] (0.00ns)   --->   "%sext_ln68 = sext i26 %shl_ln111_33" [firmware/nnet_utils/nnet_dense_latency.h:68]   --->   Operation 973 'sext' 'sext_ln68' <Predicate = true> <Delay = 0.00>
ST_7 : Operation 974 [1/1] (0.00ns)   --->   "%mrv = insertvalue i190 <undef>, i38 %sext_ln110" [firmware/nnet_utils/nnet_dense_latency.h:68]   --->   Operation 974 'insertvalue' 'mrv' <Predicate = true> <Delay = 0.00>
ST_7 : Operation 975 [1/1] (0.00ns)   --->   "%mrv_1 = insertvalue i190 %mrv, i38 %sext_ln110_31" [firmware/nnet_utils/nnet_dense_latency.h:68]   --->   Operation 975 'insertvalue' 'mrv_1' <Predicate = true> <Delay = 0.00>
ST_7 : Operation 976 [1/1] (0.00ns)   --->   "%mrv_2 = insertvalue i190 %mrv_1, i38 %sext_ln110_32" [firmware/nnet_utils/nnet_dense_latency.h:68]   --->   Operation 976 'insertvalue' 'mrv_2' <Predicate = true> <Delay = 0.00>
ST_7 : Operation 977 [1/1] (0.00ns)   --->   "%mrv_3 = insertvalue i190 %mrv_2, i38 %sext_ln110_33" [firmware/nnet_utils/nnet_dense_latency.h:68]   --->   Operation 977 'insertvalue' 'mrv_3' <Predicate = true> <Delay = 0.00>
ST_7 : Operation 978 [1/1] (0.00ns)   --->   "%mrv_4 = insertvalue i190 %mrv_3, i38 %sext_ln68" [firmware/nnet_utils/nnet_dense_latency.h:68]   --->   Operation 978 'insertvalue' 'mrv_4' <Predicate = true> <Delay = 0.00>
ST_7 : Operation 979 [1/1] (0.00ns)   --->   "%ret_ln68 = ret i190 %mrv_4" [firmware/nnet_utils/nnet_dense_latency.h:68]   --->   Operation 979 'ret' 'ret_ln68' <Predicate = true> <Delay = 0.00>


============================================================
+ Verbose Summary: Timing violations
============================================================
Target clock period: 5.000ns, clock uncertainty: 1.350ns.

 <State 1>: 3.349ns
The critical path consists of the following:
	wire read operation ('data_0_val_read', firmware/nnet_utils/nnet_mult.h:70->firmware/nnet_utils/nnet_dense_latency.h:42) on port 'data_0_val' (firmware/nnet_utils/nnet_mult.h:70->firmware/nnet_utils/nnet_dense_latency.h:42) [66]  (0.000 ns)
	'mul' operation 26 bit ('mul_ln73', firmware/nnet_utils/nnet_mult.h:73->firmware/nnet_utils/nnet_dense_latency.h:42) [69]  (3.349 ns)

 <State 2>: 3.349ns
The critical path consists of the following:
	'mul' operation 26 bit ('mul_ln73', firmware/nnet_utils/nnet_mult.h:73->firmware/nnet_utils/nnet_dense_latency.h:42) [69]  (3.349 ns)

 <State 3>: 3.491ns
The critical path consists of the following:
	'add' operation 14 bit ('add_ln58_2036', firmware/nnet_utils/nnet_dense_latency.h:58) [700]  (1.679 ns)
	'add' operation 15 bit ('add_ln58_2038', firmware/nnet_utils/nnet_dense_latency.h:58) [704]  (1.812 ns)

 <State 4>: 3.491ns
The critical path consists of the following:
	'add' operation 13 bit ('add_ln58_2099', firmware/nnet_utils/nnet_dense_latency.h:58) [777]  (1.547 ns)
	'add' operation 16 bit ('add_ln58_2100', firmware/nnet_utils/nnet_dense_latency.h:58) [779]  (1.944 ns)

 <State 5>: 2.077ns
The critical path consists of the following:
	'add' operation 16 bit ('add_ln58_2017', firmware/nnet_utils/nnet_dense_latency.h:58) [681]  (2.077 ns)

 <State 6>: 2.077ns
The critical path consists of the following:
	'add' operation 16 bit ('add_ln58_2025', firmware/nnet_utils/nnet_dense_latency.h:58) [689]  (2.077 ns)

 <State 7>: 2.077ns
The critical path consists of the following:
	'add' operation 16 bit ('x', firmware/nnet_utils/nnet_dense_latency.h:58) [708]  (2.077 ns)


============================================================
+ Verbose Summary: Binding
============================================================
N/A
* FSMD analyzer results:
  - Output states:
 - Input state : 
  - Chain level:
	State 1
	State 2
	State 3
	State 4
	State 5
	State 6
	State 7


============================================================
+ Verbose Summary: Datapath Resource usage 
============================================================
N/A
