

================================================================
== Vitis HLS Report for 'init_exp_table_ap_ufixed_37_17_5_3_0_softmax_config9_s'
================================================================
* Date:           Mon Sep 21 18:27:43 2026

* Version:        2025.2.1 (Build 6397637 on Mar 18 2026)
* Project:        myproject_prj
* Solution:       solution1 (Vivado IP Flow Target)
* Product family: zynq
* Target device:  xc7z020-clg400-1


================================================================
== Performance Estimates
================================================================
+ Timing: 
    * Summary: 
    +--------+---------+----------+------------+
    |  Clock |  Target | Estimated| Uncertainty|
    +--------+---------+----------+------------+
    |ap_clk  |  5.00 ns|  3.853 ns|     1.35 ns|
    +--------+---------+----------+------------+

+ Latency: 
    * Summary: 
    +---------+---------+----------+----------+-----+-----+-------------------+
    |  Latency (cycles) |  Latency (absolute) |  Interval |      Pipeline     |
    |   min   |   max   |    min   |    max   | min | max |        Type       |
    +---------+---------+----------+----------+-----+-----+-------------------+
    |     1084|     1084|  5.420 us|  5.420 us|    0|    0|  loop pipeline stp|
    +---------+---------+----------+----------+-----+-----+-------------------+

    + Detail: 
        * Instance: 
        N/A

        * Loop: 
        +--------------------+---------+---------+----------+-----------+-----------+------+----------+
        |                    |  Latency (cycles) | Iteration|  Initiation Interval  | Trip |          |
        |      Loop Name     |   min   |   max   |  Latency |  achieved |   target  | Count| Pipelined|
        +--------------------+---------+---------+----------+-----------+-----------+------+----------+
        |- VITIS_LOOP_151_1  |     1082|     1082|        60|          1|          1|  1024|       yes|
        +--------------------+---------+---------+----------+-----------+-----------+------+----------+

============================================================
+ Verbose Summary: Synthesis Manager
============================================================
InlineROM: 1
ExposeGlobal: 0
============================================================
+ Verbose Summary: CDFG Model
============================================================
IsTopModel: 0
ResetActiveHigh: 1
IsCombinational: 0
IsDatapathOnly: 0
HasWiredReturn: 1
HasMFsm: 2
HasVarLatency: 1
IsPipeline: 0
IsRtlPipelined: 0
IsInstanceOverlapped: 0
IsDontTouch: 0
HasImplIP: 0
IsGatedGlobalClock: 0

+ Individual pipeline summary: 
  * Pipeline-0: initiation interval (II) = 1, depth = 60


============================================================
+ Verbose Summary: Schedule
============================================================
* Number of FSM states : 60
* Pipeline : 1
  Pipeline-0 : II = 1, D = 60, States = { 1 2 3 4 5 6 7 8 9 10 11 12 13 14 15 16 17 18 19 20 21 22 23 24 25 26 27 28 29 30 31 32 33 34 35 36 37 38 39 40 41 42 43 44 45 46 47 48 49 50 51 52 53 54 55 56 57 58 59 60 }
* Dataflow Pipeline: 0

* FSM state transitions: 
1 --> 2 
2 --> 3 
3 --> 4 
4 --> 5 
5 --> 6 
6 --> 7 
7 --> 8 
8 --> 9 
9 --> 10 
10 --> 11 
11 --> 12 
12 --> 13 
13 --> 14 
14 --> 15 
15 --> 16 
16 --> 17 
17 --> 18 
18 --> 19 
19 --> 20 
20 --> 21 
21 --> 22 
22 --> 23 
23 --> 24 
24 --> 25 
25 --> 26 
26 --> 27 
27 --> 28 
28 --> 29 
29 --> 30 
30 --> 31 
31 --> 32 
32 --> 33 
33 --> 34 
34 --> 35 
35 --> 36 
36 --> 37 
37 --> 38 
38 --> 39 
39 --> 40 
40 --> 41 
41 --> 42 
42 --> 43 
43 --> 44 
44 --> 45 
45 --> 46 
46 --> 47 
47 --> 48 
48 --> 49 
49 --> 50 
50 --> 51 
51 --> 52 
52 --> 53 
53 --> 54 
54 --> 55 
55 --> 56 
56 --> 57 
57 --> 58 
58 --> 59 
59 --> 60 
60 --> 

* FSM state operations: 

State 1 <SV = 0> <Delay = 3.22>
ST_1 : Operation 63 [1/1] (0.00ns)   --->   "%i = alloca i32 1" [firmware/nnet_utils/nnet_activation.h:151]   --->   Operation 63 'alloca' 'i' <Predicate = true> <Delay = 0.00>
ST_1 : Operation 64 [1/1] (1.58ns)   --->   "%store_ln151 = store i11 0, i11 %i" [firmware/nnet_utils/nnet_activation.h:151]   --->   Operation 64 'store' 'store_ln151' <Predicate = true> <Delay = 1.58>
ST_1 : Operation 65 [1/1] (0.00ns)   --->   "%br_ln151 = br void %for.body" [firmware/nnet_utils/nnet_activation.h:151]   --->   Operation 65 'br' 'br_ln151' <Predicate = true> <Delay = 0.00>
ST_1 : Operation 66 [1/1] (0.00ns)   --->   "%i_1 = load i11 %i" [firmware/nnet_utils/nnet_activation.h:151]   --->   Operation 66 'load' 'i_1' <Predicate = true> <Delay = 0.00>
ST_1 : Operation 67 [1/1] (1.63ns)   --->   "%icmp_ln151 = icmp_eq  i11 %i_1, i11 1024" [firmware/nnet_utils/nnet_activation.h:151]   --->   Operation 67 'icmp' 'icmp_ln151' <Predicate = true> <Delay = 1.63> <CoreInst = "Cmp">   --->   Core 9 'Cmp' <Latency = 0> <II = 1> <Delay = 1.63> <FuncUnit> <Opcode : 'seteq' 'setne' 'setle' 'setge' 'setlt' 'setgt'> <InPorts = 2> <OutPorts = 1>
ST_1 : Operation 68 [1/1] (1.63ns)   --->   "%add_ln151 = add i11 %i_1, i11 1" [firmware/nnet_utils/nnet_activation.h:151]   --->   Operation 68 'add' 'add_ln151' <Predicate = true> <Delay = 1.63> <CoreInst = "Adder">   --->   Core 1 'Adder' <Latency = 0> <II = 1> <Delay = 1.63> <FuncUnit> <Opcode : 'add' 'sub'> <InPorts = 2> <OutPorts = 1>
ST_1 : Operation 69 [1/1] (0.00ns)   --->   "%br_ln151 = br i1 %icmp_ln151, void %for.body.split_ifconv, void %for.end" [firmware/nnet_utils/nnet_activation.h:151]   --->   Operation 69 'br' 'br_ln151' <Predicate = true> <Delay = 0.00>

State 2 <SV = 1> <Delay = 3.22>
ST_2 : Operation 70 [1/1] (0.00ns)   --->   "%trunc_ln137 = trunc i11 %i_1" [firmware/nnet_utils/nnet_activation.h:137->firmware/nnet_utils/nnet_activation.h:153]   --->   Operation 70 'trunc' 'trunc_ln137' <Predicate = true> <Delay = 0.00>
ST_2 : Operation 71 [1/1] (0.00ns)   --->   "%x = bitconcatenate i37 @_ssdm_op_BitConcatenate.i37.i10.i27, i10 %trunc_ln137, i27 0" [firmware/nnet_utils/nnet_activation.h:137->firmware/nnet_utils/nnet_activation.h:153]   --->   Operation 71 'bitconcatenate' 'x' <Predicate = true> <Delay = 0.00>
ST_2 : Operation 72 [1/1] (2.19ns)   --->   "%tmp = ctlz i37 @llvm.ctlz.i37, i37 %x, i1 0" [firmware/nnet_utils/nnet_activation.h:138->firmware/nnet_utils/nnet_activation.h:153]   --->   Operation 72 'ctlz' 'tmp' <Predicate = true> <Delay = 2.19> <CoreInst = "ctlz">   --->   Core 133 'ctlz' <Latency = 0> <II = 1> <Delay = 2.19> <FuncUnit> <Opcode : 'ctlz'> <InPorts = 1> <OutPorts = 1>
ST_2 : Operation 73 [1/1] (0.00ns)   --->   "%trunc_ln138 = trunc i37 %tmp" [firmware/nnet_utils/nnet_activation.h:138->firmware/nnet_utils/nnet_activation.h:153]   --->   Operation 73 'trunc' 'trunc_ln138' <Predicate = true> <Delay = 0.00>
ST_2 : Operation 74 [1/1] (1.58ns)   --->   "%store_ln151 = store i11 %add_ln151, i11 %i" [firmware/nnet_utils/nnet_activation.h:151]   --->   Operation 74 'store' 'store_ln151' <Predicate = true> <Delay = 1.58>

State 3 <SV = 2> <Delay = 3.65>
ST_3 : Operation 75 [1/1] (1.82ns)   --->   "%sub_ln138 = sub i6 37, i6 %trunc_ln138" [firmware/nnet_utils/nnet_activation.h:138->firmware/nnet_utils/nnet_activation.h:153]   --->   Operation 75 'sub' 'sub_ln138' <Predicate = true> <Delay = 1.82> <CoreInst = "Adder">   --->   Core 1 'Adder' <Latency = 0> <II = 1> <Delay = 1.82> <FuncUnit> <Opcode : 'add' 'sub'> <InPorts = 2> <OutPorts = 1>
ST_3 : Operation 76 [1/1] (1.82ns)   --->   "%add_ln138 = add i6 %sub_ln138, i6 40" [firmware/nnet_utils/nnet_activation.h:138->firmware/nnet_utils/nnet_activation.h:153]   --->   Operation 76 'add' 'add_ln138' <Predicate = true> <Delay = 1.82> <CoreInst = "Adder">   --->   Core 1 'Adder' <Latency = 0> <II = 1> <Delay = 1.82> <FuncUnit> <Opcode : 'add' 'sub'> <InPorts = 2> <OutPorts = 1>
ST_3 : Operation 77 [1/1] (1.82ns)   --->   "%add_ln138_1 = add i6 %sub_ln138, i6 39" [firmware/nnet_utils/nnet_activation.h:138->firmware/nnet_utils/nnet_activation.h:153]   --->   Operation 77 'add' 'add_ln138_1' <Predicate = true> <Delay = 1.82> <CoreInst = "Adder">   --->   Core 1 'Adder' <Latency = 0> <II = 1> <Delay = 1.82> <FuncUnit> <Opcode : 'add' 'sub'> <InPorts = 2> <OutPorts = 1>
ST_3 : Operation 78 [1/1] (1.82ns)   --->   "%sub_ln138_1 = sub i6 25, i6 %sub_ln138" [firmware/nnet_utils/nnet_activation.h:138->firmware/nnet_utils/nnet_activation.h:153]   --->   Operation 78 'sub' 'sub_ln138_1' <Predicate = true> <Delay = 1.82> <CoreInst = "Adder">   --->   Core 1 'Adder' <Latency = 0> <II = 1> <Delay = 1.82> <FuncUnit> <Opcode : 'add' 'sub'> <InPorts = 2> <OutPorts = 1>

State 4 <SV = 3> <Delay = 3.66>
ST_4 : Operation 79 [1/1] (2.75ns)   --->   "%icmp_ln138 = icmp_eq  i37 %x, i37 0" [firmware/nnet_utils/nnet_activation.h:138->firmware/nnet_utils/nnet_activation.h:153]   --->   Operation 79 'icmp' 'icmp_ln138' <Predicate = true> <Delay = 2.75> <CoreInst = "Cmp">   --->   Core 9 'Cmp' <Latency = 0> <II = 1> <Delay = 2.75> <FuncUnit> <Opcode : 'seteq' 'setne' 'setle' 'setge' 'setlt' 'setgt'> <InPorts = 2> <OutPorts = 1>
ST_4 : Operation 80 [1/1] (2.18ns)   --->   "%tmp_2 = bitselect i1 @_ssdm_op_BitSelect.i1.i37.i6, i37 %x, i6 %add_ln138" [firmware/nnet_utils/nnet_activation.h:138->firmware/nnet_utils/nnet_activation.h:153]   --->   Operation 80 'bitselect' 'tmp_2' <Predicate = true> <Delay = 2.18> <CoreInst = "BitSelector">   --->   Core 141 'BitSelector' <Latency = 0> <II = 1> <Delay = 2.18> <FuncUnit> <Opcode : 'bitselect'> <InPorts = 2> <OutPorts = 1>
ST_4 : Operation 81 [1/1] (0.00ns)   --->   "%sext_ln138 = sext i6 %add_ln138_1" [firmware/nnet_utils/nnet_activation.h:138->firmware/nnet_utils/nnet_activation.h:153]   --->   Operation 81 'sext' 'sext_ln138' <Predicate = true> <Delay = 0.00>
ST_4 : Operation 82 [1/1] (0.00ns)   --->   "%zext_ln138 = zext i32 %sext_ln138" [firmware/nnet_utils/nnet_activation.h:138->firmware/nnet_utils/nnet_activation.h:153]   --->   Operation 82 'zext' 'zext_ln138' <Predicate = true> <Delay = 0.00>
ST_4 : Operation 83 [7/7] (3.66ns)   --->   "%lshr_ln138 = lshr i37 %x, i37 %zext_ln138" [firmware/nnet_utils/nnet_activation.h:138->firmware/nnet_utils/nnet_activation.h:153]   --->   Operation 83 'lshr' 'lshr_ln138' <Predicate = true> <Delay = 3.66> <CoreInst = "Shifter">   --->   Core 75 'Shifter' <Latency = 6> <II = 1> <Delay = 3.66> <FuncUnit> <Opcode : 'shl' 'lshr' 'ashr'> <InPorts = 2> <OutPorts = 1>
ST_4 : Operation 84 [1/1] (0.00ns)   --->   "%sext_ln138_1 = sext i6 %sub_ln138_1" [firmware/nnet_utils/nnet_activation.h:138->firmware/nnet_utils/nnet_activation.h:153]   --->   Operation 84 'sext' 'sext_ln138_1' <Predicate = true> <Delay = 0.00>
ST_4 : Operation 85 [1/1] (0.00ns)   --->   "%zext_ln138_1 = zext i32 %sext_ln138_1" [firmware/nnet_utils/nnet_activation.h:138->firmware/nnet_utils/nnet_activation.h:153]   --->   Operation 85 'zext' 'zext_ln138_1' <Predicate = true> <Delay = 0.00>
ST_4 : Operation 86 [7/7] (3.66ns)   --->   "%shl_ln138 = shl i37 %x, i37 %zext_ln138_1" [firmware/nnet_utils/nnet_activation.h:138->firmware/nnet_utils/nnet_activation.h:153]   --->   Operation 86 'shl' 'shl_ln138' <Predicate = true> <Delay = 3.66> <CoreInst = "Shifter">   --->   Core 75 'Shifter' <Latency = 6> <II = 1> <Delay = 3.66> <FuncUnit> <Opcode : 'shl' 'lshr' 'ashr'> <InPorts = 2> <OutPorts = 1>

State 5 <SV = 4> <Delay = 3.66>
ST_5 : Operation 87 [6/7] (3.66ns)   --->   "%lshr_ln138 = lshr i37 %x, i37 %zext_ln138" [firmware/nnet_utils/nnet_activation.h:138->firmware/nnet_utils/nnet_activation.h:153]   --->   Operation 87 'lshr' 'lshr_ln138' <Predicate = true> <Delay = 3.66> <CoreInst = "Shifter">   --->   Core 75 'Shifter' <Latency = 6> <II = 1> <Delay = 3.66> <FuncUnit> <Opcode : 'shl' 'lshr' 'ashr'> <InPorts = 2> <OutPorts = 1>
ST_5 : Operation 88 [6/7] (3.66ns)   --->   "%shl_ln138 = shl i37 %x, i37 %zext_ln138_1" [firmware/nnet_utils/nnet_activation.h:138->firmware/nnet_utils/nnet_activation.h:153]   --->   Operation 88 'shl' 'shl_ln138' <Predicate = true> <Delay = 3.66> <CoreInst = "Shifter">   --->   Core 75 'Shifter' <Latency = 6> <II = 1> <Delay = 3.66> <FuncUnit> <Opcode : 'shl' 'lshr' 'ashr'> <InPorts = 2> <OutPorts = 1>

State 6 <SV = 5> <Delay = 3.66>
ST_6 : Operation 89 [5/7] (3.66ns)   --->   "%lshr_ln138 = lshr i37 %x, i37 %zext_ln138" [firmware/nnet_utils/nnet_activation.h:138->firmware/nnet_utils/nnet_activation.h:153]   --->   Operation 89 'lshr' 'lshr_ln138' <Predicate = true> <Delay = 3.66> <CoreInst = "Shifter">   --->   Core 75 'Shifter' <Latency = 6> <II = 1> <Delay = 3.66> <FuncUnit> <Opcode : 'shl' 'lshr' 'ashr'> <InPorts = 2> <OutPorts = 1>
ST_6 : Operation 90 [5/7] (3.66ns)   --->   "%shl_ln138 = shl i37 %x, i37 %zext_ln138_1" [firmware/nnet_utils/nnet_activation.h:138->firmware/nnet_utils/nnet_activation.h:153]   --->   Operation 90 'shl' 'shl_ln138' <Predicate = true> <Delay = 3.66> <CoreInst = "Shifter">   --->   Core 75 'Shifter' <Latency = 6> <II = 1> <Delay = 3.66> <FuncUnit> <Opcode : 'shl' 'lshr' 'ashr'> <InPorts = 2> <OutPorts = 1>

State 7 <SV = 6> <Delay = 3.66>
ST_7 : Operation 91 [4/7] (3.66ns)   --->   "%lshr_ln138 = lshr i37 %x, i37 %zext_ln138" [firmware/nnet_utils/nnet_activation.h:138->firmware/nnet_utils/nnet_activation.h:153]   --->   Operation 91 'lshr' 'lshr_ln138' <Predicate = true> <Delay = 3.66> <CoreInst = "Shifter">   --->   Core 75 'Shifter' <Latency = 6> <II = 1> <Delay = 3.66> <FuncUnit> <Opcode : 'shl' 'lshr' 'ashr'> <InPorts = 2> <OutPorts = 1>
ST_7 : Operation 92 [4/7] (3.66ns)   --->   "%shl_ln138 = shl i37 %x, i37 %zext_ln138_1" [firmware/nnet_utils/nnet_activation.h:138->firmware/nnet_utils/nnet_activation.h:153]   --->   Operation 92 'shl' 'shl_ln138' <Predicate = true> <Delay = 3.66> <CoreInst = "Shifter">   --->   Core 75 'Shifter' <Latency = 6> <II = 1> <Delay = 3.66> <FuncUnit> <Opcode : 'shl' 'lshr' 'ashr'> <InPorts = 2> <OutPorts = 1>

State 8 <SV = 7> <Delay = 3.66>
ST_8 : Operation 93 [3/7] (3.66ns)   --->   "%lshr_ln138 = lshr i37 %x, i37 %zext_ln138" [firmware/nnet_utils/nnet_activation.h:138->firmware/nnet_utils/nnet_activation.h:153]   --->   Operation 93 'lshr' 'lshr_ln138' <Predicate = true> <Delay = 3.66> <CoreInst = "Shifter">   --->   Core 75 'Shifter' <Latency = 6> <II = 1> <Delay = 3.66> <FuncUnit> <Opcode : 'shl' 'lshr' 'ashr'> <InPorts = 2> <OutPorts = 1>
ST_8 : Operation 94 [3/7] (3.66ns)   --->   "%shl_ln138 = shl i37 %x, i37 %zext_ln138_1" [firmware/nnet_utils/nnet_activation.h:138->firmware/nnet_utils/nnet_activation.h:153]   --->   Operation 94 'shl' 'shl_ln138' <Predicate = true> <Delay = 3.66> <CoreInst = "Shifter">   --->   Core 75 'Shifter' <Latency = 6> <II = 1> <Delay = 3.66> <FuncUnit> <Opcode : 'shl' 'lshr' 'ashr'> <InPorts = 2> <OutPorts = 1>

State 9 <SV = 8> <Delay = 3.66>
ST_9 : Operation 95 [2/7] (3.66ns)   --->   "%lshr_ln138 = lshr i37 %x, i37 %zext_ln138" [firmware/nnet_utils/nnet_activation.h:138->firmware/nnet_utils/nnet_activation.h:153]   --->   Operation 95 'lshr' 'lshr_ln138' <Predicate = true> <Delay = 3.66> <CoreInst = "Shifter">   --->   Core 75 'Shifter' <Latency = 6> <II = 1> <Delay = 3.66> <FuncUnit> <Opcode : 'shl' 'lshr' 'ashr'> <InPorts = 2> <OutPorts = 1>
ST_9 : Operation 96 [2/7] (3.66ns)   --->   "%shl_ln138 = shl i37 %x, i37 %zext_ln138_1" [firmware/nnet_utils/nnet_activation.h:138->firmware/nnet_utils/nnet_activation.h:153]   --->   Operation 96 'shl' 'shl_ln138' <Predicate = true> <Delay = 3.66> <CoreInst = "Shifter">   --->   Core 75 'Shifter' <Latency = 6> <II = 1> <Delay = 3.66> <FuncUnit> <Opcode : 'shl' 'lshr' 'ashr'> <InPorts = 2> <OutPorts = 1>

State 10 <SV = 9> <Delay = 3.66>
ST_10 : Operation 97 [1/1] (1.82ns)   --->   "%icmp_ln138_1 = icmp_sgt  i6 %add_ln138, i6 0" [firmware/nnet_utils/nnet_activation.h:138->firmware/nnet_utils/nnet_activation.h:153]   --->   Operation 97 'icmp' 'icmp_ln138_1' <Predicate = (!icmp_ln138)> <Delay = 1.82> <CoreInst = "Cmp">   --->   Core 9 'Cmp' <Latency = 0> <II = 1> <Delay = 1.82> <FuncUnit> <Opcode : 'seteq' 'setne' 'setle' 'setge' 'setlt' 'setgt'> <InPorts = 2> <OutPorts = 1>
ST_10 : Operation 98 [1/7] (3.66ns)   --->   "%lshr_ln138 = lshr i37 %x, i37 %zext_ln138" [firmware/nnet_utils/nnet_activation.h:138->firmware/nnet_utils/nnet_activation.h:153]   --->   Operation 98 'lshr' 'lshr_ln138' <Predicate = true> <Delay = 3.66> <CoreInst = "Shifter">   --->   Core 75 'Shifter' <Latency = 6> <II = 1> <Delay = 3.66> <FuncUnit> <Opcode : 'shl' 'lshr' 'ashr'> <InPorts = 2> <OutPorts = 1>
ST_10 : Operation 99 [1/7] (3.66ns)   --->   "%shl_ln138 = shl i37 %x, i37 %zext_ln138_1" [firmware/nnet_utils/nnet_activation.h:138->firmware/nnet_utils/nnet_activation.h:153]   --->   Operation 99 'shl' 'shl_ln138' <Predicate = true> <Delay = 3.66> <CoreInst = "Shifter">   --->   Core 75 'Shifter' <Latency = 6> <II = 1> <Delay = 3.66> <FuncUnit> <Opcode : 'shl' 'lshr' 'ashr'> <InPorts = 2> <OutPorts = 1>

State 11 <SV = 10> <Delay = 2.75>
ST_11 : Operation 100 [1/1] (0.00ns) (grouped into LUT with out node add_ln138_2)   --->   "%tmp_1 = bitselect i1 @_ssdm_op_BitSelect.i1.i6.i32, i6 %add_ln138, i32 5" [firmware/nnet_utils/nnet_activation.h:138->firmware/nnet_utils/nnet_activation.h:153]   --->   Operation 100 'bitselect' 'tmp_1' <Predicate = (!icmp_ln138)> <Delay = 0.00>
ST_11 : Operation 101 [1/1] (0.00ns) (grouped into LUT with out node add_ln138_2)   --->   "%xor_ln138 = xor i1 %tmp_1, i1 1" [firmware/nnet_utils/nnet_activation.h:138->firmware/nnet_utils/nnet_activation.h:153]   --->   Operation 101 'xor' 'xor_ln138' <Predicate = (!icmp_ln138)> <Delay = 0.00> <CoreInst = "LogicGate">   --->   Core 74 'LogicGate' <Latency = 0> <II = 1> <Delay = 0.97> <FuncUnit> <Opcode : 'and' 'or' 'xor'> <InPorts = 2> <OutPorts = 1>
ST_11 : Operation 102 [1/1] (0.00ns) (grouped into LUT with out node add_ln138_2)   --->   "%phi_ln138_1 = and i1 %tmp_2, i1 %xor_ln138" [firmware/nnet_utils/nnet_activation.h:138->firmware/nnet_utils/nnet_activation.h:153]   --->   Operation 102 'and' 'phi_ln138_1' <Predicate = (!icmp_ln138)> <Delay = 0.00> <CoreInst = "LogicGate">   --->   Core 74 'LogicGate' <Latency = 0> <II = 1> <Delay = 0.97> <FuncUnit> <Opcode : 'and' 'or' 'xor'> <InPorts = 2> <OutPorts = 1>
ST_11 : Operation 103 [1/1] (0.00ns) (grouped into LUT with out node add_ln138_2)   --->   "%cond41_i_i_i_in = select i1 %icmp_ln138_1, i37 %lshr_ln138, i37 %shl_ln138" [firmware/nnet_utils/nnet_activation.h:138->firmware/nnet_utils/nnet_activation.h:153]   --->   Operation 103 'select' 'cond41_i_i_i_in' <Predicate = (!icmp_ln138)> <Delay = 0.00> <CoreInst = "Sel">   --->   Core 73 'Sel' <Latency = 0> <II = 1> <Delay = 1.23> <FuncUnit> <Opcode : 'select'> <InPorts = 3> <OutPorts = 1>
ST_11 : Operation 104 [1/1] (0.00ns) (grouped into LUT with out node add_ln138_2)   --->   "%zext_ln138_2 = zext i37 %cond41_i_i_i_in" [firmware/nnet_utils/nnet_activation.h:138->firmware/nnet_utils/nnet_activation.h:153]   --->   Operation 104 'zext' 'zext_ln138_2' <Predicate = (!icmp_ln138)> <Delay = 0.00>
ST_11 : Operation 105 [1/1] (0.00ns) (grouped into LUT with out node add_ln138_2)   --->   "%zext_ln138_3 = zext i1 %phi_ln138_1" [firmware/nnet_utils/nnet_activation.h:138->firmware/nnet_utils/nnet_activation.h:153]   --->   Operation 105 'zext' 'zext_ln138_3' <Predicate = (!icmp_ln138)> <Delay = 0.00>
ST_11 : Operation 106 [1/1] (2.75ns) (out node of the LUT)   --->   "%add_ln138_2 = add i38 %zext_ln138_2, i38 %zext_ln138_3" [firmware/nnet_utils/nnet_activation.h:138->firmware/nnet_utils/nnet_activation.h:153]   --->   Operation 106 'add' 'add_ln138_2' <Predicate = (!icmp_ln138)> <Delay = 2.75> <CoreInst = "Adder">   --->   Core 1 'Adder' <Latency = 0> <II = 1> <Delay = 2.75> <FuncUnit> <Opcode : 'add' 'sub'> <InPorts = 2> <OutPorts = 1>
ST_11 : Operation 107 [1/1] (0.00ns)   --->   "%lshr_ln138_1 = partselect i37 @_ssdm_op_PartSelect.i37.i38.i32.i32, i38 %add_ln138_2, i32 1, i32 37" [firmware/nnet_utils/nnet_activation.h:138->firmware/nnet_utils/nnet_activation.h:153]   --->   Operation 107 'partselect' 'lshr_ln138_1' <Predicate = (!icmp_ln138)> <Delay = 0.00>
ST_11 : Operation 108 [1/1] (1.82ns)   --->   "%sub_ln138_2 = sub i6 17, i6 %trunc_ln138" [firmware/nnet_utils/nnet_activation.h:138->firmware/nnet_utils/nnet_activation.h:153]   --->   Operation 108 'sub' 'sub_ln138_2' <Predicate = (!icmp_ln138)> <Delay = 1.82> <CoreInst = "Adder">   --->   Core 1 'Adder' <Latency = 0> <II = 1> <Delay = 1.82> <FuncUnit> <Opcode : 'add' 'sub'> <InPorts = 2> <OutPorts = 1>

State 12 <SV = 11> <Delay = 2.61>
ST_12 : Operation 109 [1/1] (0.00ns)   --->   "%zext_ln138_4 = zext i37 %lshr_ln138_1" [firmware/nnet_utils/nnet_activation.h:138->firmware/nnet_utils/nnet_activation.h:153]   --->   Operation 109 'zext' 'zext_ln138_4' <Predicate = (!icmp_ln138)> <Delay = 0.00>
ST_12 : Operation 110 [1/1] (0.00ns) (grouped into LUT with out node add_ln138_3)   --->   "%tmp_3 = bitselect i1 @_ssdm_op_BitSelect.i1.i38.i32, i38 %add_ln138_2, i32 25" [firmware/nnet_utils/nnet_activation.h:138->firmware/nnet_utils/nnet_activation.h:153]   --->   Operation 110 'bitselect' 'tmp_3' <Predicate = (!icmp_ln138)> <Delay = 0.00>
ST_12 : Operation 111 [1/1] (0.00ns) (grouped into LUT with out node add_ln138_3)   --->   "%select_ln138 = select i1 %tmp_3, i8 127, i8 126" [firmware/nnet_utils/nnet_activation.h:138->firmware/nnet_utils/nnet_activation.h:153]   --->   Operation 111 'select' 'select_ln138' <Predicate = (!icmp_ln138)> <Delay = 0.00> <CoreInst = "Sel">   --->   Core 73 'Sel' <Latency = 0> <II = 1> <Delay = 1.24> <FuncUnit> <Opcode : 'select'> <InPorts = 3> <OutPorts = 1>
ST_12 : Operation 112 [1/1] (0.00ns) (grouped into LUT with out node add_ln138_3)   --->   "%sext_ln138_2 = sext i6 %sub_ln138_2" [firmware/nnet_utils/nnet_activation.h:138->firmware/nnet_utils/nnet_activation.h:153]   --->   Operation 112 'sext' 'sext_ln138_2' <Predicate = (!icmp_ln138)> <Delay = 0.00>
ST_12 : Operation 113 [1/1] (1.91ns) (out node of the LUT)   --->   "%add_ln138_3 = add i8 %select_ln138, i8 %sext_ln138_2" [firmware/nnet_utils/nnet_activation.h:138->firmware/nnet_utils/nnet_activation.h:153]   --->   Operation 113 'add' 'add_ln138_3' <Predicate = (!icmp_ln138)> <Delay = 1.91> <CoreInst = "Adder">   --->   Core 1 'Adder' <Latency = 0> <II = 1> <Delay = 1.91> <FuncUnit> <Opcode : 'add' 'sub'> <InPorts = 2> <OutPorts = 1>
ST_12 : Operation 114 [1/1] (0.00ns)   --->   "%zext_ln138_5 = zext i8 %add_ln138_3" [firmware/nnet_utils/nnet_activation.h:138->firmware/nnet_utils/nnet_activation.h:153]   --->   Operation 114 'zext' 'zext_ln138_5' <Predicate = (!icmp_ln138)> <Delay = 0.00>
ST_12 : Operation 115 [1/1] (0.00ns)   --->   "%pi_assign = partset i64 @_ssdm_op_PartSet.i64.i64.i9.i32.i32, i64 %zext_ln138_4, i9 %zext_ln138_5, i32 23, i32 31" [firmware/nnet_utils/nnet_activation.h:138->firmware/nnet_utils/nnet_activation.h:153]   --->   Operation 115 'partset' 'pi_assign' <Predicate = (!icmp_ln138)> <Delay = 0.00>
ST_12 : Operation 116 [1/1] (0.00ns)   --->   "%trunc_ln157 = trunc i64 %pi_assign" [firmware/nnet_utils/nnet_activation.h:157]   --->   Operation 116 'trunc' 'trunc_ln157' <Predicate = (!icmp_ln138)> <Delay = 0.00>
ST_12 : Operation 117 [1/1] (0.00ns)   --->   "%xor_ln = bitconcatenate i32 @_ssdm_op_BitConcatenate.i32.i1.i31, i1 1, i31 %trunc_ln157" [firmware/nnet_utils/nnet_activation.h:157]   --->   Operation 117 'bitconcatenate' 'xor_ln' <Predicate = (!icmp_ln138)> <Delay = 0.00>
ST_12 : Operation 118 [1/1] (0.00ns)   --->   "%bitcast_ln157 = bitcast i32 %xor_ln" [firmware/nnet_utils/nnet_activation.h:157]   --->   Operation 118 'bitcast' 'bitcast_ln157' <Predicate = (!icmp_ln138)> <Delay = 0.00>
ST_12 : Operation 119 [1/1] (0.69ns)   --->   "%x_5 = select i1 %icmp_ln138, i32 -0, i32 %bitcast_ln157" [firmware/nnet_utils/nnet_activation.h:157]   --->   Operation 119 'select' 'x_5' <Predicate = true> <Delay = 0.69> <CoreInst = "Sel">   --->   Core 73 'Sel' <Latency = 0> <II = 1> <Delay = 0.69> <FuncUnit> <Opcode : 'select'> <InPorts = 3> <OutPorts = 1>

State 13 <SV = 12> <Delay = 3.56>
ST_13 : Operation 120 [31/31] (3.56ns)   --->   "%tmp_4 = fexp i32 @llvm.exp.f32, i32 %x_5" [/tools/software/amd/xilinx/2025.2.1/Vitis/tps/lnx64/gcc-8.3.0/lib/gcc/x86_64-pc-linux-gnu/8.3.0/../../../../include/c++/8.3.0/cmath:223->firmware/nnet_utils/nnet_activation.h:131->firmware/nnet_utils/nnet_activation.h:159]   --->   Operation 120 'fexp' 'tmp_4' <Predicate = true> <Delay = 3.56> <CoreInst = "FExp_fulldsp">   --->   Core 23 'FExp_fulldsp' <Latency = 30> <II = 1> <Delay = 3.56> <FuncUnit> <Opcode : 'fexp'> <InPorts = 1> <OutPorts = 1>

State 14 <SV = 13> <Delay = 3.56>
ST_14 : Operation 121 [30/31] (3.56ns)   --->   "%tmp_4 = fexp i32 @llvm.exp.f32, i32 %x_5" [/tools/software/amd/xilinx/2025.2.1/Vitis/tps/lnx64/gcc-8.3.0/lib/gcc/x86_64-pc-linux-gnu/8.3.0/../../../../include/c++/8.3.0/cmath:223->firmware/nnet_utils/nnet_activation.h:131->firmware/nnet_utils/nnet_activation.h:159]   --->   Operation 121 'fexp' 'tmp_4' <Predicate = true> <Delay = 3.56> <CoreInst = "FExp_fulldsp">   --->   Core 23 'FExp_fulldsp' <Latency = 30> <II = 1> <Delay = 3.56> <FuncUnit> <Opcode : 'fexp'> <InPorts = 1> <OutPorts = 1>

State 15 <SV = 14> <Delay = 3.56>
ST_15 : Operation 122 [29/31] (3.56ns)   --->   "%tmp_4 = fexp i32 @llvm.exp.f32, i32 %x_5" [/tools/software/amd/xilinx/2025.2.1/Vitis/tps/lnx64/gcc-8.3.0/lib/gcc/x86_64-pc-linux-gnu/8.3.0/../../../../include/c++/8.3.0/cmath:223->firmware/nnet_utils/nnet_activation.h:131->firmware/nnet_utils/nnet_activation.h:159]   --->   Operation 122 'fexp' 'tmp_4' <Predicate = true> <Delay = 3.56> <CoreInst = "FExp_fulldsp">   --->   Core 23 'FExp_fulldsp' <Latency = 30> <II = 1> <Delay = 3.56> <FuncUnit> <Opcode : 'fexp'> <InPorts = 1> <OutPorts = 1>

State 16 <SV = 15> <Delay = 3.56>
ST_16 : Operation 123 [28/31] (3.56ns)   --->   "%tmp_4 = fexp i32 @llvm.exp.f32, i32 %x_5" [/tools/software/amd/xilinx/2025.2.1/Vitis/tps/lnx64/gcc-8.3.0/lib/gcc/x86_64-pc-linux-gnu/8.3.0/../../../../include/c++/8.3.0/cmath:223->firmware/nnet_utils/nnet_activation.h:131->firmware/nnet_utils/nnet_activation.h:159]   --->   Operation 123 'fexp' 'tmp_4' <Predicate = true> <Delay = 3.56> <CoreInst = "FExp_fulldsp">   --->   Core 23 'FExp_fulldsp' <Latency = 30> <II = 1> <Delay = 3.56> <FuncUnit> <Opcode : 'fexp'> <InPorts = 1> <OutPorts = 1>

State 17 <SV = 16> <Delay = 3.56>
ST_17 : Operation 124 [27/31] (3.56ns)   --->   "%tmp_4 = fexp i32 @llvm.exp.f32, i32 %x_5" [/tools/software/amd/xilinx/2025.2.1/Vitis/tps/lnx64/gcc-8.3.0/lib/gcc/x86_64-pc-linux-gnu/8.3.0/../../../../include/c++/8.3.0/cmath:223->firmware/nnet_utils/nnet_activation.h:131->firmware/nnet_utils/nnet_activation.h:159]   --->   Operation 124 'fexp' 'tmp_4' <Predicate = true> <Delay = 3.56> <CoreInst = "FExp_fulldsp">   --->   Core 23 'FExp_fulldsp' <Latency = 30> <II = 1> <Delay = 3.56> <FuncUnit> <Opcode : 'fexp'> <InPorts = 1> <OutPorts = 1>

State 18 <SV = 17> <Delay = 3.56>
ST_18 : Operation 125 [26/31] (3.56ns)   --->   "%tmp_4 = fexp i32 @llvm.exp.f32, i32 %x_5" [/tools/software/amd/xilinx/2025.2.1/Vitis/tps/lnx64/gcc-8.3.0/lib/gcc/x86_64-pc-linux-gnu/8.3.0/../../../../include/c++/8.3.0/cmath:223->firmware/nnet_utils/nnet_activation.h:131->firmware/nnet_utils/nnet_activation.h:159]   --->   Operation 125 'fexp' 'tmp_4' <Predicate = true> <Delay = 3.56> <CoreInst = "FExp_fulldsp">   --->   Core 23 'FExp_fulldsp' <Latency = 30> <II = 1> <Delay = 3.56> <FuncUnit> <Opcode : 'fexp'> <InPorts = 1> <OutPorts = 1>

State 19 <SV = 18> <Delay = 3.56>
ST_19 : Operation 126 [25/31] (3.56ns)   --->   "%tmp_4 = fexp i32 @llvm.exp.f32, i32 %x_5" [/tools/software/amd/xilinx/2025.2.1/Vitis/tps/lnx64/gcc-8.3.0/lib/gcc/x86_64-pc-linux-gnu/8.3.0/../../../../include/c++/8.3.0/cmath:223->firmware/nnet_utils/nnet_activation.h:131->firmware/nnet_utils/nnet_activation.h:159]   --->   Operation 126 'fexp' 'tmp_4' <Predicate = true> <Delay = 3.56> <CoreInst = "FExp_fulldsp">   --->   Core 23 'FExp_fulldsp' <Latency = 30> <II = 1> <Delay = 3.56> <FuncUnit> <Opcode : 'fexp'> <InPorts = 1> <OutPorts = 1>

State 20 <SV = 19> <Delay = 3.56>
ST_20 : Operation 127 [24/31] (3.56ns)   --->   "%tmp_4 = fexp i32 @llvm.exp.f32, i32 %x_5" [/tools/software/amd/xilinx/2025.2.1/Vitis/tps/lnx64/gcc-8.3.0/lib/gcc/x86_64-pc-linux-gnu/8.3.0/../../../../include/c++/8.3.0/cmath:223->firmware/nnet_utils/nnet_activation.h:131->firmware/nnet_utils/nnet_activation.h:159]   --->   Operation 127 'fexp' 'tmp_4' <Predicate = true> <Delay = 3.56> <CoreInst = "FExp_fulldsp">   --->   Core 23 'FExp_fulldsp' <Latency = 30> <II = 1> <Delay = 3.56> <FuncUnit> <Opcode : 'fexp'> <InPorts = 1> <OutPorts = 1>

State 21 <SV = 20> <Delay = 3.56>
ST_21 : Operation 128 [23/31] (3.56ns)   --->   "%tmp_4 = fexp i32 @llvm.exp.f32, i32 %x_5" [/tools/software/amd/xilinx/2025.2.1/Vitis/tps/lnx64/gcc-8.3.0/lib/gcc/x86_64-pc-linux-gnu/8.3.0/../../../../include/c++/8.3.0/cmath:223->firmware/nnet_utils/nnet_activation.h:131->firmware/nnet_utils/nnet_activation.h:159]   --->   Operation 128 'fexp' 'tmp_4' <Predicate = true> <Delay = 3.56> <CoreInst = "FExp_fulldsp">   --->   Core 23 'FExp_fulldsp' <Latency = 30> <II = 1> <Delay = 3.56> <FuncUnit> <Opcode : 'fexp'> <InPorts = 1> <OutPorts = 1>

State 22 <SV = 21> <Delay = 3.56>
ST_22 : Operation 129 [22/31] (3.56ns)   --->   "%tmp_4 = fexp i32 @llvm.exp.f32, i32 %x_5" [/tools/software/amd/xilinx/2025.2.1/Vitis/tps/lnx64/gcc-8.3.0/lib/gcc/x86_64-pc-linux-gnu/8.3.0/../../../../include/c++/8.3.0/cmath:223->firmware/nnet_utils/nnet_activation.h:131->firmware/nnet_utils/nnet_activation.h:159]   --->   Operation 129 'fexp' 'tmp_4' <Predicate = true> <Delay = 3.56> <CoreInst = "FExp_fulldsp">   --->   Core 23 'FExp_fulldsp' <Latency = 30> <II = 1> <Delay = 3.56> <FuncUnit> <Opcode : 'fexp'> <InPorts = 1> <OutPorts = 1>

State 23 <SV = 22> <Delay = 3.56>
ST_23 : Operation 130 [21/31] (3.56ns)   --->   "%tmp_4 = fexp i32 @llvm.exp.f32, i32 %x_5" [/tools/software/amd/xilinx/2025.2.1/Vitis/tps/lnx64/gcc-8.3.0/lib/gcc/x86_64-pc-linux-gnu/8.3.0/../../../../include/c++/8.3.0/cmath:223->firmware/nnet_utils/nnet_activation.h:131->firmware/nnet_utils/nnet_activation.h:159]   --->   Operation 130 'fexp' 'tmp_4' <Predicate = true> <Delay = 3.56> <CoreInst = "FExp_fulldsp">   --->   Core 23 'FExp_fulldsp' <Latency = 30> <II = 1> <Delay = 3.56> <FuncUnit> <Opcode : 'fexp'> <InPorts = 1> <OutPorts = 1>

State 24 <SV = 23> <Delay = 3.56>
ST_24 : Operation 131 [20/31] (3.56ns)   --->   "%tmp_4 = fexp i32 @llvm.exp.f32, i32 %x_5" [/tools/software/amd/xilinx/2025.2.1/Vitis/tps/lnx64/gcc-8.3.0/lib/gcc/x86_64-pc-linux-gnu/8.3.0/../../../../include/c++/8.3.0/cmath:223->firmware/nnet_utils/nnet_activation.h:131->firmware/nnet_utils/nnet_activation.h:159]   --->   Operation 131 'fexp' 'tmp_4' <Predicate = true> <Delay = 3.56> <CoreInst = "FExp_fulldsp">   --->   Core 23 'FExp_fulldsp' <Latency = 30> <II = 1> <Delay = 3.56> <FuncUnit> <Opcode : 'fexp'> <InPorts = 1> <OutPorts = 1>

State 25 <SV = 24> <Delay = 3.56>
ST_25 : Operation 132 [19/31] (3.56ns)   --->   "%tmp_4 = fexp i32 @llvm.exp.f32, i32 %x_5" [/tools/software/amd/xilinx/2025.2.1/Vitis/tps/lnx64/gcc-8.3.0/lib/gcc/x86_64-pc-linux-gnu/8.3.0/../../../../include/c++/8.3.0/cmath:223->firmware/nnet_utils/nnet_activation.h:131->firmware/nnet_utils/nnet_activation.h:159]   --->   Operation 132 'fexp' 'tmp_4' <Predicate = true> <Delay = 3.56> <CoreInst = "FExp_fulldsp">   --->   Core 23 'FExp_fulldsp' <Latency = 30> <II = 1> <Delay = 3.56> <FuncUnit> <Opcode : 'fexp'> <InPorts = 1> <OutPorts = 1>

State 26 <SV = 25> <Delay = 3.56>
ST_26 : Operation 133 [18/31] (3.56ns)   --->   "%tmp_4 = fexp i32 @llvm.exp.f32, i32 %x_5" [/tools/software/amd/xilinx/2025.2.1/Vitis/tps/lnx64/gcc-8.3.0/lib/gcc/x86_64-pc-linux-gnu/8.3.0/../../../../include/c++/8.3.0/cmath:223->firmware/nnet_utils/nnet_activation.h:131->firmware/nnet_utils/nnet_activation.h:159]   --->   Operation 133 'fexp' 'tmp_4' <Predicate = true> <Delay = 3.56> <CoreInst = "FExp_fulldsp">   --->   Core 23 'FExp_fulldsp' <Latency = 30> <II = 1> <Delay = 3.56> <FuncUnit> <Opcode : 'fexp'> <InPorts = 1> <OutPorts = 1>

State 27 <SV = 26> <Delay = 3.56>
ST_27 : Operation 134 [17/31] (3.56ns)   --->   "%tmp_4 = fexp i32 @llvm.exp.f32, i32 %x_5" [/tools/software/amd/xilinx/2025.2.1/Vitis/tps/lnx64/gcc-8.3.0/lib/gcc/x86_64-pc-linux-gnu/8.3.0/../../../../include/c++/8.3.0/cmath:223->firmware/nnet_utils/nnet_activation.h:131->firmware/nnet_utils/nnet_activation.h:159]   --->   Operation 134 'fexp' 'tmp_4' <Predicate = true> <Delay = 3.56> <CoreInst = "FExp_fulldsp">   --->   Core 23 'FExp_fulldsp' <Latency = 30> <II = 1> <Delay = 3.56> <FuncUnit> <Opcode : 'fexp'> <InPorts = 1> <OutPorts = 1>

State 28 <SV = 27> <Delay = 3.56>
ST_28 : Operation 135 [16/31] (3.56ns)   --->   "%tmp_4 = fexp i32 @llvm.exp.f32, i32 %x_5" [/tools/software/amd/xilinx/2025.2.1/Vitis/tps/lnx64/gcc-8.3.0/lib/gcc/x86_64-pc-linux-gnu/8.3.0/../../../../include/c++/8.3.0/cmath:223->firmware/nnet_utils/nnet_activation.h:131->firmware/nnet_utils/nnet_activation.h:159]   --->   Operation 135 'fexp' 'tmp_4' <Predicate = true> <Delay = 3.56> <CoreInst = "FExp_fulldsp">   --->   Core 23 'FExp_fulldsp' <Latency = 30> <II = 1> <Delay = 3.56> <FuncUnit> <Opcode : 'fexp'> <InPorts = 1> <OutPorts = 1>

State 29 <SV = 28> <Delay = 3.56>
ST_29 : Operation 136 [15/31] (3.56ns)   --->   "%tmp_4 = fexp i32 @llvm.exp.f32, i32 %x_5" [/tools/software/amd/xilinx/2025.2.1/Vitis/tps/lnx64/gcc-8.3.0/lib/gcc/x86_64-pc-linux-gnu/8.3.0/../../../../include/c++/8.3.0/cmath:223->firmware/nnet_utils/nnet_activation.h:131->firmware/nnet_utils/nnet_activation.h:159]   --->   Operation 136 'fexp' 'tmp_4' <Predicate = true> <Delay = 3.56> <CoreInst = "FExp_fulldsp">   --->   Core 23 'FExp_fulldsp' <Latency = 30> <II = 1> <Delay = 3.56> <FuncUnit> <Opcode : 'fexp'> <InPorts = 1> <OutPorts = 1>

State 30 <SV = 29> <Delay = 3.56>
ST_30 : Operation 137 [14/31] (3.56ns)   --->   "%tmp_4 = fexp i32 @llvm.exp.f32, i32 %x_5" [/tools/software/amd/xilinx/2025.2.1/Vitis/tps/lnx64/gcc-8.3.0/lib/gcc/x86_64-pc-linux-gnu/8.3.0/../../../../include/c++/8.3.0/cmath:223->firmware/nnet_utils/nnet_activation.h:131->firmware/nnet_utils/nnet_activation.h:159]   --->   Operation 137 'fexp' 'tmp_4' <Predicate = true> <Delay = 3.56> <CoreInst = "FExp_fulldsp">   --->   Core 23 'FExp_fulldsp' <Latency = 30> <II = 1> <Delay = 3.56> <FuncUnit> <Opcode : 'fexp'> <InPorts = 1> <OutPorts = 1>

State 31 <SV = 30> <Delay = 3.56>
ST_31 : Operation 138 [13/31] (3.56ns)   --->   "%tmp_4 = fexp i32 @llvm.exp.f32, i32 %x_5" [/tools/software/amd/xilinx/2025.2.1/Vitis/tps/lnx64/gcc-8.3.0/lib/gcc/x86_64-pc-linux-gnu/8.3.0/../../../../include/c++/8.3.0/cmath:223->firmware/nnet_utils/nnet_activation.h:131->firmware/nnet_utils/nnet_activation.h:159]   --->   Operation 138 'fexp' 'tmp_4' <Predicate = true> <Delay = 3.56> <CoreInst = "FExp_fulldsp">   --->   Core 23 'FExp_fulldsp' <Latency = 30> <II = 1> <Delay = 3.56> <FuncUnit> <Opcode : 'fexp'> <InPorts = 1> <OutPorts = 1>

State 32 <SV = 31> <Delay = 3.56>
ST_32 : Operation 139 [12/31] (3.56ns)   --->   "%tmp_4 = fexp i32 @llvm.exp.f32, i32 %x_5" [/tools/software/amd/xilinx/2025.2.1/Vitis/tps/lnx64/gcc-8.3.0/lib/gcc/x86_64-pc-linux-gnu/8.3.0/../../../../include/c++/8.3.0/cmath:223->firmware/nnet_utils/nnet_activation.h:131->firmware/nnet_utils/nnet_activation.h:159]   --->   Operation 139 'fexp' 'tmp_4' <Predicate = true> <Delay = 3.56> <CoreInst = "FExp_fulldsp">   --->   Core 23 'FExp_fulldsp' <Latency = 30> <II = 1> <Delay = 3.56> <FuncUnit> <Opcode : 'fexp'> <InPorts = 1> <OutPorts = 1>

State 33 <SV = 32> <Delay = 3.56>
ST_33 : Operation 140 [11/31] (3.56ns)   --->   "%tmp_4 = fexp i32 @llvm.exp.f32, i32 %x_5" [/tools/software/amd/xilinx/2025.2.1/Vitis/tps/lnx64/gcc-8.3.0/lib/gcc/x86_64-pc-linux-gnu/8.3.0/../../../../include/c++/8.3.0/cmath:223->firmware/nnet_utils/nnet_activation.h:131->firmware/nnet_utils/nnet_activation.h:159]   --->   Operation 140 'fexp' 'tmp_4' <Predicate = true> <Delay = 3.56> <CoreInst = "FExp_fulldsp">   --->   Core 23 'FExp_fulldsp' <Latency = 30> <II = 1> <Delay = 3.56> <FuncUnit> <Opcode : 'fexp'> <InPorts = 1> <OutPorts = 1>

State 34 <SV = 33> <Delay = 3.56>
ST_34 : Operation 141 [10/31] (3.56ns)   --->   "%tmp_4 = fexp i32 @llvm.exp.f32, i32 %x_5" [/tools/software/amd/xilinx/2025.2.1/Vitis/tps/lnx64/gcc-8.3.0/lib/gcc/x86_64-pc-linux-gnu/8.3.0/../../../../include/c++/8.3.0/cmath:223->firmware/nnet_utils/nnet_activation.h:131->firmware/nnet_utils/nnet_activation.h:159]   --->   Operation 141 'fexp' 'tmp_4' <Predicate = true> <Delay = 3.56> <CoreInst = "FExp_fulldsp">   --->   Core 23 'FExp_fulldsp' <Latency = 30> <II = 1> <Delay = 3.56> <FuncUnit> <Opcode : 'fexp'> <InPorts = 1> <OutPorts = 1>

State 35 <SV = 34> <Delay = 3.56>
ST_35 : Operation 142 [9/31] (3.56ns)   --->   "%tmp_4 = fexp i32 @llvm.exp.f32, i32 %x_5" [/tools/software/amd/xilinx/2025.2.1/Vitis/tps/lnx64/gcc-8.3.0/lib/gcc/x86_64-pc-linux-gnu/8.3.0/../../../../include/c++/8.3.0/cmath:223->firmware/nnet_utils/nnet_activation.h:131->firmware/nnet_utils/nnet_activation.h:159]   --->   Operation 142 'fexp' 'tmp_4' <Predicate = true> <Delay = 3.56> <CoreInst = "FExp_fulldsp">   --->   Core 23 'FExp_fulldsp' <Latency = 30> <II = 1> <Delay = 3.56> <FuncUnit> <Opcode : 'fexp'> <InPorts = 1> <OutPorts = 1>

State 36 <SV = 35> <Delay = 3.56>
ST_36 : Operation 143 [8/31] (3.56ns)   --->   "%tmp_4 = fexp i32 @llvm.exp.f32, i32 %x_5" [/tools/software/amd/xilinx/2025.2.1/Vitis/tps/lnx64/gcc-8.3.0/lib/gcc/x86_64-pc-linux-gnu/8.3.0/../../../../include/c++/8.3.0/cmath:223->firmware/nnet_utils/nnet_activation.h:131->firmware/nnet_utils/nnet_activation.h:159]   --->   Operation 143 'fexp' 'tmp_4' <Predicate = true> <Delay = 3.56> <CoreInst = "FExp_fulldsp">   --->   Core 23 'FExp_fulldsp' <Latency = 30> <II = 1> <Delay = 3.56> <FuncUnit> <Opcode : 'fexp'> <InPorts = 1> <OutPorts = 1>

State 37 <SV = 36> <Delay = 3.56>
ST_37 : Operation 144 [7/31] (3.56ns)   --->   "%tmp_4 = fexp i32 @llvm.exp.f32, i32 %x_5" [/tools/software/amd/xilinx/2025.2.1/Vitis/tps/lnx64/gcc-8.3.0/lib/gcc/x86_64-pc-linux-gnu/8.3.0/../../../../include/c++/8.3.0/cmath:223->firmware/nnet_utils/nnet_activation.h:131->firmware/nnet_utils/nnet_activation.h:159]   --->   Operation 144 'fexp' 'tmp_4' <Predicate = true> <Delay = 3.56> <CoreInst = "FExp_fulldsp">   --->   Core 23 'FExp_fulldsp' <Latency = 30> <II = 1> <Delay = 3.56> <FuncUnit> <Opcode : 'fexp'> <InPorts = 1> <OutPorts = 1>

State 38 <SV = 37> <Delay = 3.56>
ST_38 : Operation 145 [6/31] (3.56ns)   --->   "%tmp_4 = fexp i32 @llvm.exp.f32, i32 %x_5" [/tools/software/amd/xilinx/2025.2.1/Vitis/tps/lnx64/gcc-8.3.0/lib/gcc/x86_64-pc-linux-gnu/8.3.0/../../../../include/c++/8.3.0/cmath:223->firmware/nnet_utils/nnet_activation.h:131->firmware/nnet_utils/nnet_activation.h:159]   --->   Operation 145 'fexp' 'tmp_4' <Predicate = true> <Delay = 3.56> <CoreInst = "FExp_fulldsp">   --->   Core 23 'FExp_fulldsp' <Latency = 30> <II = 1> <Delay = 3.56> <FuncUnit> <Opcode : 'fexp'> <InPorts = 1> <OutPorts = 1>

State 39 <SV = 38> <Delay = 3.56>
ST_39 : Operation 146 [5/31] (3.56ns)   --->   "%tmp_4 = fexp i32 @llvm.exp.f32, i32 %x_5" [/tools/software/amd/xilinx/2025.2.1/Vitis/tps/lnx64/gcc-8.3.0/lib/gcc/x86_64-pc-linux-gnu/8.3.0/../../../../include/c++/8.3.0/cmath:223->firmware/nnet_utils/nnet_activation.h:131->firmware/nnet_utils/nnet_activation.h:159]   --->   Operation 146 'fexp' 'tmp_4' <Predicate = true> <Delay = 3.56> <CoreInst = "FExp_fulldsp">   --->   Core 23 'FExp_fulldsp' <Latency = 30> <II = 1> <Delay = 3.56> <FuncUnit> <Opcode : 'fexp'> <InPorts = 1> <OutPorts = 1>

State 40 <SV = 39> <Delay = 3.56>
ST_40 : Operation 147 [4/31] (3.56ns)   --->   "%tmp_4 = fexp i32 @llvm.exp.f32, i32 %x_5" [/tools/software/amd/xilinx/2025.2.1/Vitis/tps/lnx64/gcc-8.3.0/lib/gcc/x86_64-pc-linux-gnu/8.3.0/../../../../include/c++/8.3.0/cmath:223->firmware/nnet_utils/nnet_activation.h:131->firmware/nnet_utils/nnet_activation.h:159]   --->   Operation 147 'fexp' 'tmp_4' <Predicate = true> <Delay = 3.56> <CoreInst = "FExp_fulldsp">   --->   Core 23 'FExp_fulldsp' <Latency = 30> <II = 1> <Delay = 3.56> <FuncUnit> <Opcode : 'fexp'> <InPorts = 1> <OutPorts = 1>

State 41 <SV = 40> <Delay = 3.56>
ST_41 : Operation 148 [3/31] (3.56ns)   --->   "%tmp_4 = fexp i32 @llvm.exp.f32, i32 %x_5" [/tools/software/amd/xilinx/2025.2.1/Vitis/tps/lnx64/gcc-8.3.0/lib/gcc/x86_64-pc-linux-gnu/8.3.0/../../../../include/c++/8.3.0/cmath:223->firmware/nnet_utils/nnet_activation.h:131->firmware/nnet_utils/nnet_activation.h:159]   --->   Operation 148 'fexp' 'tmp_4' <Predicate = true> <Delay = 3.56> <CoreInst = "FExp_fulldsp">   --->   Core 23 'FExp_fulldsp' <Latency = 30> <II = 1> <Delay = 3.56> <FuncUnit> <Opcode : 'fexp'> <InPorts = 1> <OutPorts = 1>

State 42 <SV = 41> <Delay = 3.56>
ST_42 : Operation 149 [2/31] (3.56ns)   --->   "%tmp_4 = fexp i32 @llvm.exp.f32, i32 %x_5" [/tools/software/amd/xilinx/2025.2.1/Vitis/tps/lnx64/gcc-8.3.0/lib/gcc/x86_64-pc-linux-gnu/8.3.0/../../../../include/c++/8.3.0/cmath:223->firmware/nnet_utils/nnet_activation.h:131->firmware/nnet_utils/nnet_activation.h:159]   --->   Operation 149 'fexp' 'tmp_4' <Predicate = true> <Delay = 3.56> <CoreInst = "FExp_fulldsp">   --->   Core 23 'FExp_fulldsp' <Latency = 30> <II = 1> <Delay = 3.56> <FuncUnit> <Opcode : 'fexp'> <InPorts = 1> <OutPorts = 1>

State 43 <SV = 42> <Delay = 3.56>
ST_43 : Operation 150 [1/31] (3.56ns)   --->   "%tmp_4 = fexp i32 @llvm.exp.f32, i32 %x_5" [/tools/software/amd/xilinx/2025.2.1/Vitis/tps/lnx64/gcc-8.3.0/lib/gcc/x86_64-pc-linux-gnu/8.3.0/../../../../include/c++/8.3.0/cmath:223->firmware/nnet_utils/nnet_activation.h:131->firmware/nnet_utils/nnet_activation.h:159]   --->   Operation 150 'fexp' 'tmp_4' <Predicate = true> <Delay = 3.56> <CoreInst = "FExp_fulldsp">   --->   Core 23 'FExp_fulldsp' <Latency = 30> <II = 1> <Delay = 3.56> <FuncUnit> <Opcode : 'fexp'> <InPorts = 1> <OutPorts = 1>

State 44 <SV = 43> <Delay = 2.41>
ST_44 : Operation 151 [4/4] (2.41ns)   --->   "%pf = fpext i32 %tmp_4" [firmware/nnet_utils/nnet_activation.h:159]   --->   Operation 151 'fpext' 'pf' <Predicate = true> <Delay = 2.41> <CoreInst = "Float2Double">   --->   Core 64 'Float2Double' <Latency = 3> <II = 1> <Delay = 2.41> <FuncUnit> <Opcode : 'fpext'> <InPorts = 1> <OutPorts = 1>

State 45 <SV = 44> <Delay = 2.41>
ST_45 : Operation 152 [3/4] (2.41ns)   --->   "%pf = fpext i32 %tmp_4" [firmware/nnet_utils/nnet_activation.h:159]   --->   Operation 152 'fpext' 'pf' <Predicate = true> <Delay = 2.41> <CoreInst = "Float2Double">   --->   Core 64 'Float2Double' <Latency = 3> <II = 1> <Delay = 2.41> <FuncUnit> <Opcode : 'fpext'> <InPorts = 1> <OutPorts = 1>

State 46 <SV = 45> <Delay = 2.41>
ST_46 : Operation 153 [2/4] (2.41ns)   --->   "%pf = fpext i32 %tmp_4" [firmware/nnet_utils/nnet_activation.h:159]   --->   Operation 153 'fpext' 'pf' <Predicate = true> <Delay = 2.41> <CoreInst = "Float2Double">   --->   Core 64 'Float2Double' <Latency = 3> <II = 1> <Delay = 2.41> <FuncUnit> <Opcode : 'fpext'> <InPorts = 1> <OutPorts = 1>

State 47 <SV = 46> <Delay = 2.41>
ST_47 : Operation 154 [1/4] (2.41ns)   --->   "%pf = fpext i32 %tmp_4" [firmware/nnet_utils/nnet_activation.h:159]   --->   Operation 154 'fpext' 'pf' <Predicate = true> <Delay = 2.41> <CoreInst = "Float2Double">   --->   Core 64 'Float2Double' <Latency = 3> <II = 1> <Delay = 2.41> <FuncUnit> <Opcode : 'fpext'> <InPorts = 1> <OutPorts = 1>
ST_47 : Operation 155 [1/1] (0.00ns)   --->   "%bitcast_ln726 = bitcast i64 %pf" [firmware/nnet_utils/nnet_activation.h:159]   --->   Operation 155 'bitcast' 'bitcast_ln726' <Predicate = true> <Delay = 0.00>
ST_47 : Operation 156 [1/1] (0.00ns)   --->   "%trunc_ln159 = trunc i64 %bitcast_ln726" [firmware/nnet_utils/nnet_activation.h:159]   --->   Operation 156 'trunc' 'trunc_ln159' <Predicate = true> <Delay = 0.00>
ST_47 : Operation 157 [1/1] (0.00ns)   --->   "%tmp_5 = bitselect i1 @_ssdm_op_BitSelect.i1.i64.i32, i64 %bitcast_ln726, i32 63" [firmware/nnet_utils/nnet_activation.h:159]   --->   Operation 157 'bitselect' 'tmp_5' <Predicate = true> <Delay = 0.00>
ST_47 : Operation 158 [1/1] (0.00ns)   --->   "%tmp_6 = partselect i11 @_ssdm_op_PartSelect.i11.i64.i32, i64 %bitcast_ln726, i32 52" [firmware/nnet_utils/nnet_activation.h:159]   --->   Operation 158 'partselect' 'tmp_6' <Predicate = true> <Delay = 0.00>
ST_47 : Operation 159 [1/1] (0.00ns)   --->   "%trunc_ln159_1 = trunc i64 %bitcast_ln726" [firmware/nnet_utils/nnet_activation.h:159]   --->   Operation 159 'trunc' 'trunc_ln159_1' <Predicate = true> <Delay = 0.00>

State 48 <SV = 47> <Delay = 3.49>
ST_48 : Operation 160 [1/1] (0.00ns)   --->   "%zext_ln159 = zext i11 %tmp_6" [firmware/nnet_utils/nnet_activation.h:159]   --->   Operation 160 'zext' 'zext_ln159' <Predicate = true> <Delay = 0.00>
ST_48 : Operation 161 [1/1] (0.00ns)   --->   "%zext_ln159_1_cast = bitconcatenate i53 @_ssdm_op_BitConcatenate.i53.i1.i52, i1 1, i52 %trunc_ln159_1" [firmware/nnet_utils/nnet_activation.h:159]   --->   Operation 161 'bitconcatenate' 'zext_ln159_1_cast' <Predicate = true> <Delay = 0.00>
ST_48 : Operation 162 [1/1] (0.00ns)   --->   "%zext_ln159_1 = zext i53 %zext_ln159_1_cast" [firmware/nnet_utils/nnet_activation.h:159]   --->   Operation 162 'zext' 'zext_ln159_1' <Predicate = true> <Delay = 0.00>
ST_48 : Operation 163 [1/1] (3.23ns)   --->   "%sub_ln159 = sub i54 0, i54 %zext_ln159_1" [firmware/nnet_utils/nnet_activation.h:159]   --->   Operation 163 'sub' 'sub_ln159' <Predicate = (tmp_5)> <Delay = 3.23> <CoreInst = "Adder">   --->   Core 1 'Adder' <Latency = 0> <II = 1> <Delay = 3.23> <FuncUnit> <Opcode : 'add' 'sub'> <InPorts = 2> <OutPorts = 1>
ST_48 : Operation 164 [1/1] (3.49ns)   --->   "%icmp_ln159 = icmp_eq  i63 %trunc_ln159, i63 0" [firmware/nnet_utils/nnet_activation.h:159]   --->   Operation 164 'icmp' 'icmp_ln159' <Predicate = true> <Delay = 3.49> <CoreInst = "Cmp">   --->   Core 9 'Cmp' <Latency = 0> <II = 1> <Delay = 3.49> <FuncUnit> <Opcode : 'seteq' 'setne' 'setle' 'setge' 'setlt' 'setgt'> <InPorts = 2> <OutPorts = 1>
ST_48 : Operation 165 [1/1] (1.54ns)   --->   "%sub_ln159_1 = sub i12 1075, i12 %zext_ln159" [firmware/nnet_utils/nnet_activation.h:159]   --->   Operation 165 'sub' 'sub_ln159_1' <Predicate = true> <Delay = 1.54> <CoreInst = "Adder">   --->   Core 1 'Adder' <Latency = 0> <II = 1> <Delay = 1.54> <FuncUnit> <Opcode : 'add' 'sub'> <InPorts = 2> <OutPorts = 1>
ST_48 : Operation 166 [1/1] (0.00ns)   --->   "%trunc_ln159_2 = trunc i12 %sub_ln159_1" [firmware/nnet_utils/nnet_activation.h:159]   --->   Operation 166 'trunc' 'trunc_ln159_2' <Predicate = true> <Delay = 0.00>
ST_48 : Operation 167 [1/1] (0.00ns)   --->   "%trunc_ln159_3 = trunc i12 %sub_ln159_1" [firmware/nnet_utils/nnet_activation.h:159]   --->   Operation 167 'trunc' 'trunc_ln159_3' <Predicate = true> <Delay = 0.00>
ST_48 : Operation 168 [1/1] (1.54ns)   --->   "%icmp_ln159_1 = icmp_sgt  i12 %sub_ln159_1, i12 10" [firmware/nnet_utils/nnet_activation.h:159]   --->   Operation 168 'icmp' 'icmp_ln159_1' <Predicate = true> <Delay = 1.54> <CoreInst = "Cmp">   --->   Core 9 'Cmp' <Latency = 0> <II = 1> <Delay = 1.54> <FuncUnit> <Opcode : 'seteq' 'setne' 'setle' 'setge' 'setlt' 'setgt'> <InPorts = 2> <OutPorts = 1>
ST_48 : Operation 169 [1/1] (1.82ns)   --->   "%add_ln159_1 = add i6 %trunc_ln159_2, i6 53" [firmware/nnet_utils/nnet_activation.h:159]   --->   Operation 169 'add' 'add_ln159_1' <Predicate = true> <Delay = 1.82> <CoreInst = "Adder">   --->   Core 1 'Adder' <Latency = 0> <II = 1> <Delay = 1.82> <FuncUnit> <Opcode : 'add' 'sub'> <InPorts = 2> <OutPorts = 1>
ST_48 : Operation 170 [1/1] (1.54ns)   --->   "%add_ln159_4 = add i12 %sub_ln159_1, i12 8" [firmware/nnet_utils/nnet_activation.h:159]   --->   Operation 170 'add' 'add_ln159_4' <Predicate = true> <Delay = 1.54> <CoreInst = "Adder">   --->   Core 1 'Adder' <Latency = 0> <II = 1> <Delay = 1.54> <FuncUnit> <Opcode : 'add' 'sub'> <InPorts = 2> <OutPorts = 1>
ST_48 : Operation 171 [1/1] (0.00ns)   --->   "%trunc_ln159_9 = trunc i12 %add_ln159_4" [firmware/nnet_utils/nnet_activation.h:159]   --->   Operation 171 'trunc' 'trunc_ln159_9' <Predicate = true> <Delay = 0.00>
ST_48 : Operation 172 [1/1] (0.00ns)   --->   "%tmp_12 = bitselect i1 @_ssdm_op_BitSelect.i1.i12.i32, i12 %add_ln159_4, i32 11" [firmware/nnet_utils/nnet_activation.h:159]   --->   Operation 172 'bitselect' 'tmp_12' <Predicate = true> <Delay = 0.00>

State 49 <SV = 48> <Delay = 3.46>
ST_49 : Operation 173 [1/1] (0.94ns)   --->   "%select_ln159 = select i1 %tmp_5, i54 %sub_ln159, i54 %zext_ln159_1" [firmware/nnet_utils/nnet_activation.h:159]   --->   Operation 173 'select' 'select_ln159' <Predicate = true> <Delay = 0.94> <CoreInst = "Sel">   --->   Core 73 'Sel' <Latency = 0> <II = 1> <Delay = 0.94> <FuncUnit> <Opcode : 'select'> <InPorts = 3> <OutPorts = 1>
ST_49 : Operation 174 [1/1] (1.54ns)   --->   "%add_ln159 = add i12 %sub_ln159_1, i12 4086" [firmware/nnet_utils/nnet_activation.h:159]   --->   Operation 174 'add' 'add_ln159' <Predicate = true> <Delay = 1.54> <CoreInst = "Adder">   --->   Core 1 'Adder' <Latency = 0> <II = 1> <Delay = 1.54> <FuncUnit> <Opcode : 'add' 'sub'> <InPorts = 2> <OutPorts = 1>
ST_49 : Operation 175 [1/1] (0.00ns)   --->   "%trunc_ln159_4 = trunc i12 %add_ln159" [firmware/nnet_utils/nnet_activation.h:159]   --->   Operation 175 'trunc' 'trunc_ln159_4' <Predicate = (icmp_ln159_1)> <Delay = 0.00>
ST_49 : Operation 176 [1/1] (1.63ns)   --->   "%sub_ln159_2 = sub i11 10, i11 %trunc_ln159_3" [firmware/nnet_utils/nnet_activation.h:159]   --->   Operation 176 'sub' 'sub_ln159_2' <Predicate = (!icmp_ln159_1)> <Delay = 1.63> <CoreInst = "Adder">   --->   Core 1 'Adder' <Latency = 0> <II = 1> <Delay = 1.63> <FuncUnit> <Opcode : 'add' 'sub'> <InPorts = 2> <OutPorts = 1>
ST_49 : Operation 177 [1/1] (0.69ns)   --->   "%select_ln159_1 = select i1 %icmp_ln159_1, i11 %trunc_ln159_4, i11 %sub_ln159_2" [firmware/nnet_utils/nnet_activation.h:159]   --->   Operation 177 'select' 'select_ln159_1' <Predicate = true> <Delay = 0.69> <CoreInst = "Sel">   --->   Core 73 'Sel' <Latency = 0> <II = 1> <Delay = 0.69> <FuncUnit> <Opcode : 'select'> <InPorts = 3> <OutPorts = 1>
ST_49 : Operation 178 [1/1] (1.54ns)   --->   "%icmp_ln159_2 = icmp_eq  i12 %sub_ln159_1, i12 10" [firmware/nnet_utils/nnet_activation.h:159]   --->   Operation 178 'icmp' 'icmp_ln159_2' <Predicate = true> <Delay = 1.54> <CoreInst = "Cmp">   --->   Core 9 'Cmp' <Latency = 0> <II = 1> <Delay = 1.54> <FuncUnit> <Opcode : 'seteq' 'setne' 'setle' 'setge' 'setlt' 'setgt'> <InPorts = 2> <OutPorts = 1>
ST_49 : Operation 179 [1/1] (0.00ns)   --->   "%trunc_ln159_5 = trunc i54 %select_ln159" [firmware/nnet_utils/nnet_activation.h:159]   --->   Operation 179 'trunc' 'trunc_ln159_5' <Predicate = true> <Delay = 0.00>
ST_49 : Operation 180 [1/1] (1.54ns)   --->   "%icmp_ln159_4 = icmp_sgt  i12 %add_ln159, i12 54" [firmware/nnet_utils/nnet_activation.h:159]   --->   Operation 180 'icmp' 'icmp_ln159_4' <Predicate = true> <Delay = 1.54> <CoreInst = "Cmp">   --->   Core 9 'Cmp' <Latency = 0> <II = 1> <Delay = 1.54> <FuncUnit> <Opcode : 'seteq' 'setne' 'setle' 'setge' 'setlt' 'setgt'> <InPorts = 2> <OutPorts = 1>
ST_49 : Operation 181 [1/1] (2.18ns)   --->   "%tmp_7 = bitselect i1 @_ssdm_op_BitSelect.i1.i54.i6, i54 %select_ln159, i6 %add_ln159_1" [firmware/nnet_utils/nnet_activation.h:159]   --->   Operation 181 'bitselect' 'tmp_7' <Predicate = true> <Delay = 2.18> <CoreInst = "BitSelector">   --->   Core 141 'BitSelector' <Latency = 0> <II = 1> <Delay = 2.18> <FuncUnit> <Opcode : 'bitselect'> <InPorts = 2> <OutPorts = 1>
ST_49 : Operation 182 [1/1] (0.00ns)   --->   "%or_ln159_3 = bitconcatenate i11 @_ssdm_op_BitConcatenate.i11.i10.i1, i10 513, i1 %icmp_ln159_1" [firmware/nnet_utils/nnet_activation.h:159]   --->   Operation 182 'bitconcatenate' 'or_ln159_3' <Predicate = true> <Delay = 0.00>
ST_49 : Operation 183 [1/1] (0.00ns)   --->   "%sext_ln159_1 = sext i11 %or_ln159_3" [firmware/nnet_utils/nnet_activation.h:159]   --->   Operation 183 'sext' 'sext_ln159_1' <Predicate = true> <Delay = 0.00>
ST_49 : Operation 184 [1/1] (1.63ns)   --->   "%add_ln159_3 = add i12 %sext_ln159_1, i12 %zext_ln159" [firmware/nnet_utils/nnet_activation.h:159]   --->   Operation 184 'add' 'add_ln159_3' <Predicate = true> <Delay = 1.63> <CoreInst = "Adder">   --->   Core 1 'Adder' <Latency = 0> <II = 1> <Delay = 1.63> <FuncUnit> <Opcode : 'add' 'sub'> <InPorts = 2> <OutPorts = 1>
ST_49 : Operation 185 [1/1] (0.00ns)   --->   "%tmp_10 = partselect i9 @_ssdm_op_PartSelect.i9.i12.i32.i32, i12 %add_ln159_3, i32 3, i32 11" [firmware/nnet_utils/nnet_activation.h:159]   --->   Operation 185 'partselect' 'tmp_10' <Predicate = true> <Delay = 0.00>
ST_49 : Operation 186 [1/1] (1.82ns)   --->   "%icmp_ln159_6 = icmp_sgt  i9 %tmp_10, i9 0" [firmware/nnet_utils/nnet_activation.h:159]   --->   Operation 186 'icmp' 'icmp_ln159_6' <Predicate = true> <Delay = 1.82> <CoreInst = "Cmp">   --->   Core 9 'Cmp' <Latency = 0> <II = 1> <Delay = 1.82> <FuncUnit> <Opcode : 'seteq' 'setne' 'setle' 'setge' 'setlt' 'setgt'> <InPorts = 2> <OutPorts = 1>
ST_49 : Operation 187 [1/1] (1.54ns)   --->   "%add_ln159_5 = add i12 %sub_ln159_1, i12 9" [firmware/nnet_utils/nnet_activation.h:159]   --->   Operation 187 'add' 'add_ln159_5' <Predicate = true> <Delay = 1.54> <CoreInst = "Adder">   --->   Core 1 'Adder' <Latency = 0> <II = 1> <Delay = 1.54> <FuncUnit> <Opcode : 'add' 'sub'> <InPorts = 2> <OutPorts = 1>
ST_49 : Operation 188 [1/1] (1.54ns)   --->   "%icmp_ln159_7 = icmp_slt  i12 %add_ln159_4, i12 54" [firmware/nnet_utils/nnet_activation.h:159]   --->   Operation 188 'icmp' 'icmp_ln159_7' <Predicate = true> <Delay = 1.54> <CoreInst = "Cmp">   --->   Core 9 'Cmp' <Latency = 0> <II = 1> <Delay = 1.54> <FuncUnit> <Opcode : 'seteq' 'setne' 'setle' 'setge' 'setlt' 'setgt'> <InPorts = 2> <OutPorts = 1>
ST_49 : Operation 189 [1/1] (1.54ns)   --->   "%icmp_ln159_8 = icmp_ult  i12 %add_ln159_4, i12 54" [firmware/nnet_utils/nnet_activation.h:159]   --->   Operation 189 'icmp' 'icmp_ln159_8' <Predicate = true> <Delay = 1.54> <CoreInst = "Cmp">   --->   Core 9 'Cmp' <Latency = 0> <II = 1> <Delay = 1.54> <FuncUnit> <Opcode : 'seteq' 'setne' 'setle' 'setge' 'setlt' 'setgt'> <InPorts = 2> <OutPorts = 1>
ST_49 : Operation 190 [1/1] (2.18ns)   --->   "%tobool_i = bitselect i1 @_ssdm_op_BitSelect.i1.i54.i6, i54 %select_ln159, i6 %trunc_ln159_9" [firmware/nnet_utils/nnet_activation.h:159]   --->   Operation 190 'bitselect' 'tobool_i' <Predicate = true> <Delay = 2.18> <CoreInst = "BitSelector">   --->   Core 141 'BitSelector' <Latency = 0> <II = 1> <Delay = 2.18> <FuncUnit> <Opcode : 'bitselect'> <InPorts = 2> <OutPorts = 1>
ST_49 : Operation 191 [1/1] (0.00ns)   --->   "%trunc_ln159_10 = trunc i12 %add_ln159_5" [firmware/nnet_utils/nnet_activation.h:159]   --->   Operation 191 'trunc' 'trunc_ln159_10' <Predicate = true> <Delay = 0.00>

State 50 <SV = 49> <Delay = 3.85>
ST_50 : Operation 192 [1/1] (0.00ns)   --->   "%zext_ln159_2 = zext i11 %select_ln159_1" [firmware/nnet_utils/nnet_activation.h:159]   --->   Operation 192 'zext' 'zext_ln159_2' <Predicate = true> <Delay = 0.00>
ST_50 : Operation 193 [7/7] (3.85ns)   --->   "%ashr_ln159 = ashr i54 %select_ln159, i54 %zext_ln159_2" [firmware/nnet_utils/nnet_activation.h:159]   --->   Operation 193 'ashr' 'ashr_ln159' <Predicate = true> <Delay = 3.85> <CoreInst = "Shifter">   --->   Core 75 'Shifter' <Latency = 6> <II = 1> <Delay = 3.85> <FuncUnit> <Opcode : 'shl' 'lshr' 'ashr'> <InPorts = 2> <OutPorts = 1>
ST_50 : Operation 194 [1/1] (0.97ns)   --->   "%lD_0_i = and i1 %icmp_ln159_8, i1 %tobool_i" [firmware/nnet_utils/nnet_activation.h:159]   --->   Operation 194 'and' 'lD_0_i' <Predicate = true> <Delay = 0.97> <CoreInst = "LogicGate">   --->   Core 74 'LogicGate' <Latency = 0> <II = 1> <Delay = 0.97> <FuncUnit> <Opcode : 'and' 'or' 'xor'> <InPorts = 2> <OutPorts = 1>
ST_50 : Operation 195 [1/1] (0.00ns)   --->   "%zext_ln159_5 = zext i6 %trunc_ln159_10" [firmware/nnet_utils/nnet_activation.h:159]   --->   Operation 195 'zext' 'zext_ln159_5' <Predicate = true> <Delay = 0.00>
ST_50 : Operation 196 [7/7] (3.85ns)   --->   "%lshr_ln159 = lshr i54 %select_ln159, i54 %zext_ln159_5" [firmware/nnet_utils/nnet_activation.h:159]   --->   Operation 196 'lshr' 'lshr_ln159' <Predicate = true> <Delay = 3.85> <CoreInst = "Shifter">   --->   Core 75 'Shifter' <Latency = 6> <II = 1> <Delay = 3.85> <FuncUnit> <Opcode : 'shl' 'lshr' 'ashr'> <InPorts = 2> <OutPorts = 1>

State 51 <SV = 50> <Delay = 3.85>
ST_51 : Operation 197 [6/7] (3.85ns)   --->   "%ashr_ln159 = ashr i54 %select_ln159, i54 %zext_ln159_2" [firmware/nnet_utils/nnet_activation.h:159]   --->   Operation 197 'ashr' 'ashr_ln159' <Predicate = true> <Delay = 3.85> <CoreInst = "Shifter">   --->   Core 75 'Shifter' <Latency = 6> <II = 1> <Delay = 3.85> <FuncUnit> <Opcode : 'shl' 'lshr' 'ashr'> <InPorts = 2> <OutPorts = 1>
ST_51 : Operation 198 [6/7] (3.85ns)   --->   "%lshr_ln159 = lshr i54 %select_ln159, i54 %zext_ln159_5" [firmware/nnet_utils/nnet_activation.h:159]   --->   Operation 198 'lshr' 'lshr_ln159' <Predicate = true> <Delay = 3.85> <CoreInst = "Shifter">   --->   Core 75 'Shifter' <Latency = 6> <II = 1> <Delay = 3.85> <FuncUnit> <Opcode : 'shl' 'lshr' 'ashr'> <InPorts = 2> <OutPorts = 1>

State 52 <SV = 51> <Delay = 3.85>
ST_52 : Operation 199 [5/7] (3.85ns)   --->   "%ashr_ln159 = ashr i54 %select_ln159, i54 %zext_ln159_2" [firmware/nnet_utils/nnet_activation.h:159]   --->   Operation 199 'ashr' 'ashr_ln159' <Predicate = true> <Delay = 3.85> <CoreInst = "Shifter">   --->   Core 75 'Shifter' <Latency = 6> <II = 1> <Delay = 3.85> <FuncUnit> <Opcode : 'shl' 'lshr' 'ashr'> <InPorts = 2> <OutPorts = 1>
ST_52 : Operation 200 [5/7] (3.85ns)   --->   "%lshr_ln159 = lshr i54 %select_ln159, i54 %zext_ln159_5" [firmware/nnet_utils/nnet_activation.h:159]   --->   Operation 200 'lshr' 'lshr_ln159' <Predicate = true> <Delay = 3.85> <CoreInst = "Shifter">   --->   Core 75 'Shifter' <Latency = 6> <II = 1> <Delay = 3.85> <FuncUnit> <Opcode : 'shl' 'lshr' 'ashr'> <InPorts = 2> <OutPorts = 1>

State 53 <SV = 52> <Delay = 3.85>
ST_53 : Operation 201 [4/7] (3.85ns)   --->   "%ashr_ln159 = ashr i54 %select_ln159, i54 %zext_ln159_2" [firmware/nnet_utils/nnet_activation.h:159]   --->   Operation 201 'ashr' 'ashr_ln159' <Predicate = true> <Delay = 3.85> <CoreInst = "Shifter">   --->   Core 75 'Shifter' <Latency = 6> <II = 1> <Delay = 3.85> <FuncUnit> <Opcode : 'shl' 'lshr' 'ashr'> <InPorts = 2> <OutPorts = 1>
ST_53 : Operation 202 [4/7] (3.85ns)   --->   "%lshr_ln159 = lshr i54 %select_ln159, i54 %zext_ln159_5" [firmware/nnet_utils/nnet_activation.h:159]   --->   Operation 202 'lshr' 'lshr_ln159' <Predicate = true> <Delay = 3.85> <CoreInst = "Shifter">   --->   Core 75 'Shifter' <Latency = 6> <II = 1> <Delay = 3.85> <FuncUnit> <Opcode : 'shl' 'lshr' 'ashr'> <InPorts = 2> <OutPorts = 1>

State 54 <SV = 53> <Delay = 3.85>
ST_54 : Operation 203 [3/7] (3.85ns)   --->   "%ashr_ln159 = ashr i54 %select_ln159, i54 %zext_ln159_2" [firmware/nnet_utils/nnet_activation.h:159]   --->   Operation 203 'ashr' 'ashr_ln159' <Predicate = true> <Delay = 3.85> <CoreInst = "Shifter">   --->   Core 75 'Shifter' <Latency = 6> <II = 1> <Delay = 3.85> <FuncUnit> <Opcode : 'shl' 'lshr' 'ashr'> <InPorts = 2> <OutPorts = 1>
ST_54 : Operation 204 [3/7] (3.85ns)   --->   "%lshr_ln159 = lshr i54 %select_ln159, i54 %zext_ln159_5" [firmware/nnet_utils/nnet_activation.h:159]   --->   Operation 204 'lshr' 'lshr_ln159' <Predicate = true> <Delay = 3.85> <CoreInst = "Shifter">   --->   Core 75 'Shifter' <Latency = 6> <II = 1> <Delay = 3.85> <FuncUnit> <Opcode : 'shl' 'lshr' 'ashr'> <InPorts = 2> <OutPorts = 1>

State 55 <SV = 54> <Delay = 3.85>
ST_55 : Operation 205 [1/1] (1.63ns)   --->   "%icmp_ln159_3 = icmp_ult  i11 %select_ln159_1, i11 54" [firmware/nnet_utils/nnet_activation.h:159]   --->   Operation 205 'icmp' 'icmp_ln159_3' <Predicate = true> <Delay = 1.63> <CoreInst = "Cmp">   --->   Core 9 'Cmp' <Latency = 0> <II = 1> <Delay = 1.63> <FuncUnit> <Opcode : 'seteq' 'setne' 'setle' 'setge' 'setlt' 'setgt'> <InPorts = 2> <OutPorts = 1>
ST_55 : Operation 206 [2/7] (3.85ns)   --->   "%ashr_ln159 = ashr i54 %select_ln159, i54 %zext_ln159_2" [firmware/nnet_utils/nnet_activation.h:159]   --->   Operation 206 'ashr' 'ashr_ln159' <Predicate = true> <Delay = 3.85> <CoreInst = "Shifter">   --->   Core 75 'Shifter' <Latency = 6> <II = 1> <Delay = 3.85> <FuncUnit> <Opcode : 'shl' 'lshr' 'ashr'> <InPorts = 2> <OutPorts = 1>
ST_55 : Operation 207 [1/1] (1.63ns)   --->   "%icmp_ln159_5 = icmp_ult  i11 %select_ln159_1, i11 18" [firmware/nnet_utils/nnet_activation.h:159]   --->   Operation 207 'icmp' 'icmp_ln159_5' <Predicate = true> <Delay = 1.63> <CoreInst = "Cmp">   --->   Core 9 'Cmp' <Latency = 0> <II = 1> <Delay = 1.63> <FuncUnit> <Opcode : 'seteq' 'setne' 'setle' 'setge' 'setlt' 'setgt'> <InPorts = 2> <OutPorts = 1>
ST_55 : Operation 208 [1/1] (0.00ns)   --->   "%select_ln159_1cast = zext i11 %select_ln159_1" [firmware/nnet_utils/nnet_activation.h:159]   --->   Operation 208 'zext' 'select_ln159_1cast' <Predicate = true> <Delay = 0.00>
ST_55 : Operation 209 [2/2] (3.15ns)   --->   "%shl_ln159 = shl i18 %trunc_ln159_5, i18 %select_ln159_1cast" [firmware/nnet_utils/nnet_activation.h:159]   --->   Operation 209 'shl' 'shl_ln159' <Predicate = true> <Delay = 3.15> <CoreInst = "Shifter">   --->   Core 75 'Shifter' <Latency = 1> <II = 1> <Delay = 3.15> <FuncUnit> <Opcode : 'shl' 'lshr' 'ashr'> <InPorts = 2> <OutPorts = 1>
ST_55 : Operation 210 [2/7] (3.85ns)   --->   "%lshr_ln159 = lshr i54 %select_ln159, i54 %zext_ln159_5" [firmware/nnet_utils/nnet_activation.h:159]   --->   Operation 210 'lshr' 'lshr_ln159' <Predicate = true> <Delay = 3.85> <CoreInst = "Shifter">   --->   Core 75 'Shifter' <Latency = 6> <II = 1> <Delay = 3.85> <FuncUnit> <Opcode : 'shl' 'lshr' 'ashr'> <InPorts = 2> <OutPorts = 1>

State 56 <SV = 55> <Delay = 3.85>
ST_56 : Operation 211 [1/7] (3.85ns)   --->   "%ashr_ln159 = ashr i54 %select_ln159, i54 %zext_ln159_2" [firmware/nnet_utils/nnet_activation.h:159]   --->   Operation 211 'ashr' 'ashr_ln159' <Predicate = true> <Delay = 3.85> <CoreInst = "Shifter">   --->   Core 75 'Shifter' <Latency = 6> <II = 1> <Delay = 3.85> <FuncUnit> <Opcode : 'shl' 'lshr' 'ashr'> <InPorts = 2> <OutPorts = 1>
ST_56 : Operation 212 [1/2] (3.15ns)   --->   "%shl_ln159 = shl i18 %trunc_ln159_5, i18 %select_ln159_1cast" [firmware/nnet_utils/nnet_activation.h:159]   --->   Operation 212 'shl' 'shl_ln159' <Predicate = true> <Delay = 3.15> <CoreInst = "Shifter">   --->   Core 75 'Shifter' <Latency = 1> <II = 1> <Delay = 3.15> <FuncUnit> <Opcode : 'shl' 'lshr' 'ashr'> <InPorts = 2> <OutPorts = 1>
ST_56 : Operation 213 [1/7] (3.85ns)   --->   "%lshr_ln159 = lshr i54 %select_ln159, i54 %zext_ln159_5" [firmware/nnet_utils/nnet_activation.h:159]   --->   Operation 213 'lshr' 'lshr_ln159' <Predicate = true> <Delay = 3.85> <CoreInst = "Shifter">   --->   Core 75 'Shifter' <Latency = 6> <II = 1> <Delay = 3.85> <FuncUnit> <Opcode : 'shl' 'lshr' 'ashr'> <InPorts = 2> <OutPorts = 1>
ST_56 : Operation 214 [1/1] (2.94ns)   --->   "%lshr_ln159_1 = lshr i54 18014398509481983, i54 %zext_ln159_5" [firmware/nnet_utils/nnet_activation.h:159]   --->   Operation 214 'lshr' 'lshr_ln159_1' <Predicate = true> <Delay = 2.94> <CoreInst = "Shifter">   --->   Core 75 'Shifter' <Latency = 0> <II = 1> <Delay = 2.94> <FuncUnit> <Opcode : 'shl' 'lshr' 'ashr'> <InPorts = 2> <OutPorts = 1>

State 57 <SV = 56> <Delay = 3.26>
ST_57 : Operation 215 [1/1] (0.00ns) (grouped into LUT with out node select_ln159_2)   --->   "%select_ln159_7 = select i1 %tmp_5, i18 262143, i18 0" [firmware/nnet_utils/nnet_activation.h:159]   --->   Operation 215 'select' 'select_ln159_7' <Predicate = (!icmp_ln159_3)> <Delay = 0.00> <CoreInst = "Sel">   --->   Core 73 'Sel' <Latency = 0> <II = 1> <Delay = 0.99> <FuncUnit> <Opcode : 'select'> <InPorts = 3> <OutPorts = 1>
ST_57 : Operation 216 [1/1] (0.00ns) (grouped into LUT with out node select_ln159_2)   --->   "%trunc_ln159_6 = trunc i54 %ashr_ln159" [firmware/nnet_utils/nnet_activation.h:159]   --->   Operation 216 'trunc' 'trunc_ln159_6' <Predicate = (icmp_ln159_3)> <Delay = 0.00>
ST_57 : Operation 217 [1/1] (0.99ns) (out node of the LUT)   --->   "%select_ln159_2 = select i1 %icmp_ln159_3, i18 %trunc_ln159_6, i18 %select_ln159_7" [firmware/nnet_utils/nnet_activation.h:159]   --->   Operation 217 'select' 'select_ln159_2' <Predicate = true> <Delay = 0.99> <CoreInst = "Sel">   --->   Core 73 'Sel' <Latency = 0> <II = 1> <Delay = 0.75> <FuncUnit> <Opcode : 'select'> <InPorts = 3> <OutPorts = 1>
ST_57 : Operation 218 [1/1] (0.75ns)   --->   "%select_ln159_3 = select i1 %icmp_ln159_5, i18 %shl_ln159, i18 0" [firmware/nnet_utils/nnet_activation.h:159]   --->   Operation 218 'select' 'select_ln159_3' <Predicate = true> <Delay = 0.75> <CoreInst = "Sel">   --->   Core 73 'Sel' <Latency = 0> <II = 1> <Delay = 0.75> <FuncUnit> <Opcode : 'select'> <InPorts = 3> <OutPorts = 1>
ST_57 : Operation 219 [1/1] (0.00ns) (grouped into LUT with out node add_ln159_2)   --->   "%cond63_i = select i1 %icmp_ln159_4, i1 %tmp_5, i1 %tmp_7" [firmware/nnet_utils/nnet_activation.h:159]   --->   Operation 219 'select' 'cond63_i' <Predicate = true> <Delay = 0.00> <CoreInst = "Sel">   --->   Core 73 'Sel' <Latency = 0> <II = 1> <Delay = 0.99> <FuncUnit> <Opcode : 'select'> <InPorts = 3> <OutPorts = 1>
ST_57 : Operation 220 [1/1] (0.00ns) (grouped into LUT with out node add_ln159_2)   --->   "%zext_ln159_3 = zext i1 %cond63_i" [firmware/nnet_utils/nnet_activation.h:159]   --->   Operation 220 'zext' 'zext_ln159_3' <Predicate = true> <Delay = 0.00>
ST_57 : Operation 221 [1/1] (2.13ns) (out node of the LUT)   --->   "%add_ln159_2 = add i18 %select_ln159_2, i18 %zext_ln159_3" [firmware/nnet_utils/nnet_activation.h:159]   --->   Operation 221 'add' 'add_ln159_2' <Predicate = true> <Delay = 2.13> <CoreInst = "Adder">   --->   Core 1 'Adder' <Latency = 0> <II = 1> <Delay = 2.13> <FuncUnit> <Opcode : 'add' 'sub'> <InPorts = 2> <OutPorts = 1>
ST_57 : Operation 222 [1/1] (0.00ns) (grouped into LUT with out node and_ln159_9)   --->   "%xor_ln159_2 = xor i1 %icmp_ln159_2, i1 1" [firmware/nnet_utils/nnet_activation.h:159]   --->   Operation 222 'xor' 'xor_ln159_2' <Predicate = true> <Delay = 0.00> <CoreInst = "LogicGate">   --->   Core 74 'LogicGate' <Latency = 0> <II = 1> <Delay = 0.97> <FuncUnit> <Opcode : 'and' 'or' 'xor'> <InPorts = 2> <OutPorts = 1>
ST_57 : Operation 223 [1/1] (0.97ns) (out node of the LUT)   --->   "%and_ln159_9 = and i1 %icmp_ln159_1, i1 %xor_ln159_2" [firmware/nnet_utils/nnet_activation.h:159]   --->   Operation 223 'and' 'and_ln159_9' <Predicate = true> <Delay = 0.97> <CoreInst = "LogicGate">   --->   Core 74 'LogicGate' <Latency = 0> <II = 1> <Delay = 0.97> <FuncUnit> <Opcode : 'and' 'or' 'xor'> <InPorts = 2> <OutPorts = 1>
ST_57 : Operation 224 [1/1] (0.97ns)   --->   "%xor_ln159_8 = xor i1 %tmp_12, i1 1" [firmware/nnet_utils/nnet_activation.h:159]   --->   Operation 224 'xor' 'xor_ln159_8' <Predicate = true> <Delay = 0.97> <CoreInst = "LogicGate">   --->   Core 74 'LogicGate' <Latency = 0> <II = 1> <Delay = 0.97> <FuncUnit> <Opcode : 'and' 'or' 'xor'> <InPorts = 2> <OutPorts = 1>
ST_57 : Operation 225 [1/1] (1.54ns)   --->   "%icmp_ln159_9 = icmp_slt  i12 %add_ln159_5, i12 54" [firmware/nnet_utils/nnet_activation.h:159]   --->   Operation 225 'icmp' 'icmp_ln159_9' <Predicate = true> <Delay = 1.54> <CoreInst = "Cmp">   --->   Core 9 'Cmp' <Latency = 0> <II = 1> <Delay = 1.54> <FuncUnit> <Opcode : 'seteq' 'setne' 'setle' 'setge' 'setlt' 'setgt'> <InPorts = 2> <OutPorts = 1>
ST_57 : Operation 226 [1/1] (1.54ns)   --->   "%icmp_ln159_10 = icmp_ult  i12 %add_ln159_5, i12 54" [firmware/nnet_utils/nnet_activation.h:159]   --->   Operation 226 'icmp' 'icmp_ln159_10' <Predicate = true> <Delay = 1.54> <CoreInst = "Cmp">   --->   Core 9 'Cmp' <Latency = 0> <II = 1> <Delay = 1.54> <FuncUnit> <Opcode : 'seteq' 'setne' 'setle' 'setge' 'setlt' 'setgt'> <InPorts = 2> <OutPorts = 1>
ST_57 : Operation 227 [1/1] (3.26ns)   --->   "%icmp_ln159_11 = icmp_eq  i54 %lshr_ln159, i54 %lshr_ln159_1" [firmware/nnet_utils/nnet_activation.h:159]   --->   Operation 227 'icmp' 'icmp_ln159_11' <Predicate = true> <Delay = 3.26> <CoreInst = "Cmp">   --->   Core 9 'Cmp' <Latency = 0> <II = 1> <Delay = 3.26> <FuncUnit> <Opcode : 'seteq' 'setne' 'setle' 'setge' 'setlt' 'setgt'> <InPorts = 2> <OutPorts = 1>
ST_57 : Operation 228 [1/1] (3.26ns)   --->   "%icmp_ln159_12 = icmp_eq  i54 %lshr_ln159, i54 0" [firmware/nnet_utils/nnet_activation.h:159]   --->   Operation 228 'icmp' 'icmp_ln159_12' <Predicate = true> <Delay = 3.26> <CoreInst = "Cmp">   --->   Core 9 'Cmp' <Latency = 0> <II = 1> <Delay = 3.26> <FuncUnit> <Opcode : 'seteq' 'setne' 'setle' 'setge' 'setlt' 'setgt'> <InPorts = 2> <OutPorts = 1>
ST_57 : Operation 229 [1/1] (1.54ns)   --->   "%icmp_ln159_13 = icmp_eq  i12 %add_ln159_5, i12 54" [firmware/nnet_utils/nnet_activation.h:159]   --->   Operation 229 'icmp' 'icmp_ln159_13' <Predicate = true> <Delay = 1.54> <CoreInst = "Cmp">   --->   Core 9 'Cmp' <Latency = 0> <II = 1> <Delay = 1.54> <FuncUnit> <Opcode : 'seteq' 'setne' 'setle' 'setge' 'setlt' 'setgt'> <InPorts = 2> <OutPorts = 1>

State 58 <SV = 57> <Delay = 3.57>
ST_58 : Operation 230 [1/1] (0.00ns) (grouped into LUT with out node carry_1_i)   --->   "%tmp_8 = bitselect i1 @_ssdm_op_BitSelect.i1.i18.i32, i18 %select_ln159_2, i32 17" [firmware/nnet_utils/nnet_activation.h:159]   --->   Operation 230 'bitselect' 'tmp_8' <Predicate = true> <Delay = 0.00>
ST_58 : Operation 231 [1/1] (0.00ns) (grouped into LUT with out node carry_1_i)   --->   "%tmp_9 = bitselect i1 @_ssdm_op_BitSelect.i1.i18.i32, i18 %add_ln159_2, i32 17" [firmware/nnet_utils/nnet_activation.h:159]   --->   Operation 231 'bitselect' 'tmp_9' <Predicate = true> <Delay = 0.00>
ST_58 : Operation 232 [1/1] (0.00ns) (grouped into LUT with out node carry_1_i)   --->   "%xor_ln159 = xor i1 %tmp_9, i1 1" [firmware/nnet_utils/nnet_activation.h:159]   --->   Operation 232 'xor' 'xor_ln159' <Predicate = true> <Delay = 0.00> <CoreInst = "LogicGate">   --->   Core 74 'LogicGate' <Latency = 0> <II = 1> <Delay = 0.97> <FuncUnit> <Opcode : 'and' 'or' 'xor'> <InPorts = 2> <OutPorts = 1>
ST_58 : Operation 233 [1/1] (0.00ns)   --->   "%sel_tmp2 = bitconcatenate i2 @_ssdm_op_BitConcatenate.i2.i1.i1, i1 %icmp_ln159_2, i1 %and_ln159_9" [firmware/nnet_utils/nnet_activation.h:159]   --->   Operation 233 'bitconcatenate' 'sel_tmp2' <Predicate = true> <Delay = 0.00>
ST_58 : Operation 234 [1/1] (1.58ns)   --->   "%ref_tmp_i_i = sparsemux i18 @_ssdm_op_SparseMux.ap_auto.3i18.i18.i2, i2 2, i18 %trunc_ln159_5, i2 1, i18 %add_ln159_2, i2 0, i18 %select_ln159_3, i18 0, i2 %sel_tmp2" [firmware/nnet_utils/nnet_activation.h:159]   --->   Operation 234 'sparsemux' 'ref_tmp_i_i' <Predicate = true> <Delay = 1.58> <CoreInst = "OneHotSparseMux_HasDef">   --->   Core 140 'OneHotSparseMux_HasDef' <Latency = 0> <II = 1> <Delay = 1.58> <FuncUnit> <Opcode : 'sparsemux'> <InPorts = 2> <OutPorts = 1>
ST_58 : Operation 235 [1/1] (0.00ns) (grouped into LUT with out node carry_1_i)   --->   "%and_ln159_10 = and i1 %and_ln159_9, i1 %tmp_8" [firmware/nnet_utils/nnet_activation.h:159]   --->   Operation 235 'and' 'and_ln159_10' <Predicate = true> <Delay = 0.00> <CoreInst = "LogicGate">   --->   Core 74 'LogicGate' <Latency = 0> <II = 1> <Delay = 0.97> <FuncUnit> <Opcode : 'and' 'or' 'xor'> <InPorts = 2> <OutPorts = 1>
ST_58 : Operation 236 [1/1] (0.97ns) (out node of the LUT)   --->   "%carry_1_i = and i1 %and_ln159_10, i1 %xor_ln159" [firmware/nnet_utils/nnet_activation.h:159]   --->   Operation 236 'and' 'carry_1_i' <Predicate = true> <Delay = 0.97> <CoreInst = "LogicGate">   --->   Core 74 'LogicGate' <Latency = 0> <II = 1> <Delay = 0.97> <FuncUnit> <Opcode : 'and' 'or' 'xor'> <InPorts = 2> <OutPorts = 1>
ST_58 : Operation 237 [1/1] (0.00ns)   --->   "%tmp_11 = bitselect i1 @_ssdm_op_BitSelect.i1.i18.i32, i18 %ref_tmp_i_i, i32 17" [firmware/nnet_utils/nnet_activation.h:159]   --->   Operation 237 'bitselect' 'tmp_11' <Predicate = true> <Delay = 0.00>
ST_58 : Operation 238 [1/1] (0.00ns) (grouped into LUT with out node neg_src_0_i)   --->   "%and_ln159 = and i1 %tmp_5, i1 %tmp_11" [firmware/nnet_utils/nnet_activation.h:159]   --->   Operation 238 'and' 'and_ln159' <Predicate = true> <Delay = 0.00> <CoreInst = "LogicGate">   --->   Core 74 'LogicGate' <Latency = 0> <II = 1> <Delay = 0.97> <FuncUnit> <Opcode : 'and' 'or' 'xor'> <InPorts = 2> <OutPorts = 1>
ST_58 : Operation 239 [1/1] (0.00ns) (grouped into LUT with out node Range2_all_ones_1_i)   --->   "%tmp_13 = bitselect i1 @_ssdm_op_BitSelect.i1.i12.i32, i12 %add_ln159_5, i32 11" [firmware/nnet_utils/nnet_activation.h:159]   --->   Operation 239 'bitselect' 'tmp_13' <Predicate = true> <Delay = 0.00>
ST_58 : Operation 240 [1/1] (0.00ns) (grouped into LUT with out node Range2_all_ones_1_i)   --->   "%xor_ln159_9 = xor i1 %tmp_13, i1 1" [firmware/nnet_utils/nnet_activation.h:159]   --->   Operation 240 'xor' 'xor_ln159_9' <Predicate = true> <Delay = 0.00> <CoreInst = "LogicGate">   --->   Core 74 'LogicGate' <Latency = 0> <II = 1> <Delay = 0.97> <FuncUnit> <Opcode : 'and' 'or' 'xor'> <InPorts = 2> <OutPorts = 1>
ST_58 : Operation 241 [1/1] (0.99ns) (out node of the LUT)   --->   "%Range2_all_ones_1_i = select i1 %icmp_ln159_10, i1 %icmp_ln159_11, i1 %xor_ln159_9" [firmware/nnet_utils/nnet_activation.h:159]   --->   Operation 241 'select' 'Range2_all_ones_1_i' <Predicate = true> <Delay = 0.99> <CoreInst = "Sel">   --->   Core 73 'Sel' <Latency = 0> <II = 1> <Delay = 0.99> <FuncUnit> <Opcode : 'select'> <InPorts = 3> <OutPorts = 1>
ST_58 : Operation 242 [1/1] (0.97ns)   --->   "%and_ln159_1 = and i1 %icmp_ln159_9, i1 %xor_ln159_8" [firmware/nnet_utils/nnet_activation.h:159]   --->   Operation 242 'and' 'and_ln159_1' <Predicate = true> <Delay = 0.97> <CoreInst = "LogicGate">   --->   Core 74 'LogicGate' <Latency = 0> <II = 1> <Delay = 0.97> <FuncUnit> <Opcode : 'and' 'or' 'xor'> <InPorts = 2> <OutPorts = 1>
ST_58 : Operation 243 [1/1] (0.00ns) (grouped into LUT with out node Range1_all_ones_2_i)   --->   "%and_ln159_2 = and i1 %Range2_all_ones_1_i, i1 %lD_0_i" [firmware/nnet_utils/nnet_activation.h:159]   --->   Operation 243 'and' 'and_ln159_2' <Predicate = true> <Delay = 0.00> <CoreInst = "LogicGate">   --->   Core 74 'LogicGate' <Latency = 0> <II = 1> <Delay = 0.97> <FuncUnit> <Opcode : 'and' 'or' 'xor'> <InPorts = 2> <OutPorts = 1>
ST_58 : Operation 244 [1/1] (0.97ns)   --->   "%xor_ln159_1 = xor i1 %lD_0_i, i1 1" [firmware/nnet_utils/nnet_activation.h:159]   --->   Operation 244 'xor' 'xor_ln159_1' <Predicate = true> <Delay = 0.97> <CoreInst = "LogicGate">   --->   Core 74 'LogicGate' <Latency = 0> <II = 1> <Delay = 0.97> <FuncUnit> <Opcode : 'and' 'or' 'xor'> <InPorts = 2> <OutPorts = 1>
ST_58 : Operation 245 [1/1] (0.00ns) (grouped into LUT with out node Range1_all_zeros_2_i)   --->   "%and_ln159_3 = and i1 %icmp_ln159_12, i1 %xor_ln159_1" [firmware/nnet_utils/nnet_activation.h:159]   --->   Operation 245 'and' 'and_ln159_3' <Predicate = true> <Delay = 0.00> <CoreInst = "LogicGate">   --->   Core 74 'LogicGate' <Latency = 0> <II = 1> <Delay = 0.97> <FuncUnit> <Opcode : 'and' 'or' 'xor'> <InPorts = 2> <OutPorts = 1>
ST_58 : Operation 246 [1/1] (0.00ns) (grouped into LUT with out node Range1_all_ones_2_i)   --->   "%select_ln159_5 = select i1 %icmp_ln159_13, i1 %lD_0_i, i1 %xor_ln159_8" [firmware/nnet_utils/nnet_activation.h:159]   --->   Operation 246 'select' 'select_ln159_5' <Predicate = true> <Delay = 0.00> <CoreInst = "Sel">   --->   Core 73 'Sel' <Latency = 0> <II = 1> <Delay = 0.99> <FuncUnit> <Opcode : 'select'> <InPorts = 3> <OutPorts = 1>
ST_58 : Operation 247 [1/1] (0.00ns) (grouped into LUT with out node Range1_all_zeros_2_i)   --->   "%select_ln159_6 = select i1 %icmp_ln159_13, i1 %xor_ln159_1, i1 %xor_ln159_8" [firmware/nnet_utils/nnet_activation.h:159]   --->   Operation 247 'select' 'select_ln159_6' <Predicate = true> <Delay = 0.00> <CoreInst = "Sel">   --->   Core 73 'Sel' <Latency = 0> <II = 1> <Delay = 0.99> <FuncUnit> <Opcode : 'select'> <InPorts = 3> <OutPorts = 1>
ST_58 : Operation 248 [1/1] (0.99ns) (out node of the LUT)   --->   "%Range1_all_ones_2_i = select i1 %and_ln159_1, i1 %and_ln159_2, i1 %select_ln159_5" [firmware/nnet_utils/nnet_activation.h:159]   --->   Operation 248 'select' 'Range1_all_ones_2_i' <Predicate = true> <Delay = 0.99> <CoreInst = "Sel">   --->   Core 73 'Sel' <Latency = 0> <II = 1> <Delay = 0.99> <FuncUnit> <Opcode : 'select'> <InPorts = 3> <OutPorts = 1>
ST_58 : Operation 249 [1/1] (0.99ns) (out node of the LUT)   --->   "%Range1_all_zeros_2_i = select i1 %and_ln159_1, i1 %and_ln159_3, i1 %select_ln159_6" [firmware/nnet_utils/nnet_activation.h:159]   --->   Operation 249 'select' 'Range1_all_zeros_2_i' <Predicate = true> <Delay = 0.99> <CoreInst = "Sel">   --->   Core 73 'Sel' <Latency = 0> <II = 1> <Delay = 0.99> <FuncUnit> <Opcode : 'select'> <InPorts = 3> <OutPorts = 1>
ST_58 : Operation 250 [1/1] (0.00ns) (grouped into LUT with out node and_ln159_6)   --->   "%select_ln159_4 = select i1 %carry_1_i, i1 %Range1_all_ones_2_i, i1 %Range1_all_zeros_2_i" [firmware/nnet_utils/nnet_activation.h:159]   --->   Operation 250 'select' 'select_ln159_4' <Predicate = true> <Delay = 0.00> <CoreInst = "Sel">   --->   Core 73 'Sel' <Latency = 0> <II = 1> <Delay = 0.99> <FuncUnit> <Opcode : 'select'> <InPorts = 3> <OutPorts = 1>
ST_58 : Operation 251 [1/1] (0.00ns) (grouped into LUT with out node deleted_ones_0_i)   --->   "%or_ln159 = or i1 %tmp_12, i1 %xor_ln159_1" [firmware/nnet_utils/nnet_activation.h:159]   --->   Operation 251 'or' 'or_ln159' <Predicate = true> <Delay = 0.00> <CoreInst = "LogicGate">   --->   Core 74 'LogicGate' <Latency = 0> <II = 1> <Delay = 0.97> <FuncUnit> <Opcode : 'and' 'or' 'xor'> <InPorts = 2> <OutPorts = 1>
ST_58 : Operation 252 [1/1] (0.00ns) (grouped into LUT with out node deleted_ones_0_i)   --->   "%and_ln159_4 = and i1 %Range2_all_ones_1_i, i1 %or_ln159" [firmware/nnet_utils/nnet_activation.h:159]   --->   Operation 252 'and' 'and_ln159_4' <Predicate = true> <Delay = 0.00> <CoreInst = "LogicGate">   --->   Core 74 'LogicGate' <Latency = 0> <II = 1> <Delay = 0.97> <FuncUnit> <Opcode : 'and' 'or' 'xor'> <InPorts = 2> <OutPorts = 1>
ST_58 : Operation 253 [1/1] (0.00ns) (grouped into LUT with out node deleted_ones_0_i)   --->   "%cond190_i = select i1 %carry_1_i, i1 %and_ln159_4, i1 %Range1_all_ones_2_i" [firmware/nnet_utils/nnet_activation.h:159]   --->   Operation 253 'select' 'cond190_i' <Predicate = true> <Delay = 0.00> <CoreInst = "Sel">   --->   Core 73 'Sel' <Latency = 0> <II = 1> <Delay = 0.99> <FuncUnit> <Opcode : 'select'> <InPorts = 3> <OutPorts = 1>
ST_58 : Operation 254 [1/1] (0.00ns) (grouped into LUT with out node neg_src_0_i)   --->   "%and_ln159_5 = and i1 %carry_1_i, i1 %Range1_all_ones_2_i" [firmware/nnet_utils/nnet_activation.h:159]   --->   Operation 254 'and' 'and_ln159_5' <Predicate = true> <Delay = 0.00> <CoreInst = "LogicGate">   --->   Core 74 'LogicGate' <Latency = 0> <II = 1> <Delay = 0.97> <FuncUnit> <Opcode : 'and' 'or' 'xor'> <InPorts = 2> <OutPorts = 1>
ST_58 : Operation 255 [1/1] (0.00ns) (grouped into LUT with out node neg_src_0_i)   --->   "%xor_ln159_3 = xor i1 %and_ln159_5, i1 1" [firmware/nnet_utils/nnet_activation.h:159]   --->   Operation 255 'xor' 'xor_ln159_3' <Predicate = true> <Delay = 0.00> <CoreInst = "LogicGate">   --->   Core 74 'LogicGate' <Latency = 0> <II = 1> <Delay = 0.97> <FuncUnit> <Opcode : 'and' 'or' 'xor'> <InPorts = 2> <OutPorts = 1>
ST_58 : Operation 256 [1/1] (0.97ns)   --->   "%not_icmp_ln159_744 = xor i1 %icmp_ln159_7, i1 1" [firmware/nnet_utils/nnet_activation.h:159]   --->   Operation 256 'xor' 'not_icmp_ln159_744' <Predicate = true> <Delay = 0.97> <CoreInst = "LogicGate">   --->   Core 74 'LogicGate' <Latency = 0> <II = 1> <Delay = 0.97> <FuncUnit> <Opcode : 'and' 'or' 'xor'> <InPorts = 2> <OutPorts = 1>
ST_58 : Operation 257 [1/1] (0.99ns) (out node of the LUT)   --->   "%deleted_ones_0_i = or i1 %cond190_i, i1 %not_icmp_ln159_744" [firmware/nnet_utils/nnet_activation.h:159]   --->   Operation 257 'or' 'deleted_ones_0_i' <Predicate = true> <Delay = 0.99> <CoreInst = "LogicGate">   --->   Core 74 'LogicGate' <Latency = 0> <II = 1> <Delay = 0.97> <FuncUnit> <Opcode : 'and' 'or' 'xor'> <InPorts = 2> <OutPorts = 1>
ST_58 : Operation 258 [1/1] (0.00ns) (grouped into LUT with out node neg_src_0_i)   --->   "%and_ln159_11 = and i1 %icmp_ln159_7, i1 %tmp_5" [firmware/nnet_utils/nnet_activation.h:159]   --->   Operation 258 'and' 'and_ln159_11' <Predicate = true> <Delay = 0.00> <CoreInst = "LogicGate">   --->   Core 74 'LogicGate' <Latency = 0> <II = 1> <Delay = 0.97> <FuncUnit> <Opcode : 'and' 'or' 'xor'> <InPorts = 2> <OutPorts = 1>
ST_58 : Operation 259 [1/1] (0.00ns) (grouped into LUT with out node neg_src_0_i)   --->   "%sel_tmp = bitconcatenate i2 @_ssdm_op_BitConcatenate.i2.i1.i1, i1 %not_icmp_ln159_744, i1 %and_ln159_11" [firmware/nnet_utils/nnet_activation.h:159]   --->   Operation 259 'bitconcatenate' 'sel_tmp' <Predicate = true> <Delay = 0.00>
ST_58 : Operation 260 [1/1] (1.58ns) (out node of the LUT)   --->   "%neg_src_0_i = sparsemux i1 @_ssdm_op_SparseMux.ap_auto.3i1.i1.i2, i2 2, i1 %and_ln159, i2 1, i1 %xor_ln159_3, i2 0, i1 0, i1 0, i2 %sel_tmp" [firmware/nnet_utils/nnet_activation.h:159]   --->   Operation 260 'sparsemux' 'neg_src_0_i' <Predicate = true> <Delay = 1.58> <CoreInst = "OneHotSparseMux_HasDef">   --->   Core 140 'OneHotSparseMux_HasDef' <Latency = 0> <II = 1> <Delay = 1.58> <FuncUnit> <Opcode : 'sparsemux'> <InPorts = 2> <OutPorts = 1>
ST_58 : Operation 261 [1/1] (0.00ns) (grouped into LUT with out node and_ln159_6)   --->   "%xor_ln159_4 = xor i1 %select_ln159_4, i1 1" [firmware/nnet_utils/nnet_activation.h:159]   --->   Operation 261 'xor' 'xor_ln159_4' <Predicate = true> <Delay = 0.00> <CoreInst = "LogicGate">   --->   Core 74 'LogicGate' <Latency = 0> <II = 1> <Delay = 0.97> <FuncUnit> <Opcode : 'and' 'or' 'xor'> <InPorts = 2> <OutPorts = 1>
ST_58 : Operation 262 [1/1] (0.00ns) (grouped into LUT with out node and_ln159_6)   --->   "%and_ln159_12 = and i1 %icmp_ln159_7, i1 %xor_ln159_4" [firmware/nnet_utils/nnet_activation.h:159]   --->   Operation 262 'and' 'and_ln159_12' <Predicate = true> <Delay = 0.00> <CoreInst = "LogicGate">   --->   Core 74 'LogicGate' <Latency = 0> <II = 1> <Delay = 0.97> <FuncUnit> <Opcode : 'and' 'or' 'xor'> <InPorts = 2> <OutPorts = 1>
ST_58 : Operation 263 [1/1] (0.00ns) (grouped into LUT with out node and_ln159_6)   --->   "%or_ln159_1 = or i1 %tmp_11, i1 %and_ln159_12" [firmware/nnet_utils/nnet_activation.h:159]   --->   Operation 263 'or' 'or_ln159_1' <Predicate = true> <Delay = 0.00> <CoreInst = "LogicGate">   --->   Core 74 'LogicGate' <Latency = 0> <II = 1> <Delay = 0.97> <FuncUnit> <Opcode : 'and' 'or' 'xor'> <InPorts = 2> <OutPorts = 1>
ST_58 : Operation 264 [1/1] (0.00ns) (grouped into LUT with out node and_ln159_6)   --->   "%xor_ln159_5 = xor i1 %tmp_5, i1 1" [firmware/nnet_utils/nnet_activation.h:159]   --->   Operation 264 'xor' 'xor_ln159_5' <Predicate = true> <Delay = 0.00> <CoreInst = "LogicGate">   --->   Core 74 'LogicGate' <Latency = 0> <II = 1> <Delay = 0.97> <FuncUnit> <Opcode : 'and' 'or' 'xor'> <InPorts = 2> <OutPorts = 1>
ST_58 : Operation 265 [1/1] (0.99ns) (out node of the LUT)   --->   "%and_ln159_6 = and i1 %or_ln159_1, i1 %xor_ln159_5" [firmware/nnet_utils/nnet_activation.h:159]   --->   Operation 265 'and' 'and_ln159_6' <Predicate = true> <Delay = 0.99> <CoreInst = "LogicGate">   --->   Core 74 'LogicGate' <Latency = 0> <II = 1> <Delay = 0.97> <FuncUnit> <Opcode : 'and' 'or' 'xor'> <InPorts = 2> <OutPorts = 1>

State 59 <SV = 58> <Delay = 3.54>
ST_59 : Operation 266 [1/1] (0.00ns) (grouped into LUT with out node exp_x)   --->   "%trunc_ln159_8 = trunc i18 %ref_tmp_i_i" [firmware/nnet_utils/nnet_activation.h:159]   --->   Operation 266 'trunc' 'trunc_ln159_8' <Predicate = true> <Delay = 0.00>
ST_59 : Operation 267 [1/1] (0.00ns) (grouped into LUT with out node xor_ln159_6)   --->   "%and_ln159_7 = and i1 %tmp_11, i1 %deleted_ones_0_i" [firmware/nnet_utils/nnet_activation.h:159]   --->   Operation 267 'and' 'and_ln159_7' <Predicate = true> <Delay = 0.00> <CoreInst = "LogicGate">   --->   Core 74 'LogicGate' <Latency = 0> <II = 1> <Delay = 0.97> <FuncUnit> <Opcode : 'and' 'or' 'xor'> <InPorts = 2> <OutPorts = 1>
ST_59 : Operation 268 [1/1] (0.97ns) (out node of the LUT)   --->   "%xor_ln159_6 = xor i1 %and_ln159_7, i1 1" [firmware/nnet_utils/nnet_activation.h:159]   --->   Operation 268 'xor' 'xor_ln159_6' <Predicate = true> <Delay = 0.97> <CoreInst = "LogicGate">   --->   Core 74 'LogicGate' <Latency = 0> <II = 1> <Delay = 0.97> <FuncUnit> <Opcode : 'and' 'or' 'xor'> <InPorts = 2> <OutPorts = 1>
ST_59 : Operation 269 [1/1] (0.00ns) (grouped into LUT with out node sel_tmp1)   --->   "%and_ln159_8 = and i1 %neg_src_0_i, i1 %xor_ln159_6" [firmware/nnet_utils/nnet_activation.h:159]   --->   Operation 269 'and' 'and_ln159_8' <Predicate = true> <Delay = 0.00> <CoreInst = "LogicGate">   --->   Core 74 'LogicGate' <Latency = 0> <II = 1> <Delay = 0.97> <FuncUnit> <Opcode : 'and' 'or' 'xor'> <InPorts = 2> <OutPorts = 1>
ST_59 : Operation 270 [1/1] (0.00ns) (grouped into LUT with out node sel_tmp1)   --->   "%or_ln159_2 = or i1 %and_ln159_8, i1 %and_ln159_6" [firmware/nnet_utils/nnet_activation.h:159]   --->   Operation 270 'or' 'or_ln159_2' <Predicate = true> <Delay = 0.00> <CoreInst = "LogicGate">   --->   Core 74 'LogicGate' <Latency = 0> <II = 1> <Delay = 0.97> <FuncUnit> <Opcode : 'and' 'or' 'xor'> <InPorts = 2> <OutPorts = 1>
ST_59 : Operation 271 [1/1] (0.00ns) (grouped into LUT with out node exp_x)   --->   "%select_ln159_8 = select i1 %and_ln159_6, i16 65535, i16 0" [firmware/nnet_utils/nnet_activation.h:159]   --->   Operation 271 'select' 'select_ln159_8' <Predicate = true> <Delay = 0.00> <CoreInst = "Sel">   --->   Core 73 'Sel' <Latency = 0> <II = 1> <Delay = 0.99> <FuncUnit> <Opcode : 'select'> <InPorts = 3> <OutPorts = 1>
ST_59 : Operation 272 [1/1] (0.00ns) (grouped into LUT with out node sel_tmp1)   --->   "%xor_ln159_7 = xor i1 %icmp_ln159, i1 1" [firmware/nnet_utils/nnet_activation.h:159]   --->   Operation 272 'xor' 'xor_ln159_7' <Predicate = true> <Delay = 0.00> <CoreInst = "LogicGate">   --->   Core 74 'LogicGate' <Latency = 0> <II = 1> <Delay = 0.97> <FuncUnit> <Opcode : 'and' 'or' 'xor'> <InPorts = 2> <OutPorts = 1>
ST_59 : Operation 273 [1/1] (0.00ns) (grouped into LUT with out node sel_tmp1)   --->   "%and_ln159_13 = and i1 %or_ln159_2, i1 %xor_ln159_7" [firmware/nnet_utils/nnet_activation.h:159]   --->   Operation 273 'and' 'and_ln159_13' <Predicate = true> <Delay = 0.00> <CoreInst = "LogicGate">   --->   Core 74 'LogicGate' <Latency = 0> <II = 1> <Delay = 0.97> <FuncUnit> <Opcode : 'and' 'or' 'xor'> <InPorts = 2> <OutPorts = 1>
ST_59 : Operation 274 [1/1] (0.00ns) (grouped into LUT with out node sel_tmp1)   --->   "%and_ln159_14 = and i1 %and_ln159_13, i1 %icmp_ln159_6" [firmware/nnet_utils/nnet_activation.h:159]   --->   Operation 274 'and' 'and_ln159_14' <Predicate = true> <Delay = 0.00> <CoreInst = "LogicGate">   --->   Core 74 'LogicGate' <Latency = 0> <II = 1> <Delay = 0.97> <FuncUnit> <Opcode : 'and' 'or' 'xor'> <InPorts = 2> <OutPorts = 1>
ST_59 : Operation 275 [1/1] (0.97ns) (out node of the LUT)   --->   "%sel_tmp1 = bitconcatenate i2 @_ssdm_op_BitConcatenate.i2.i1.i1, i1 %icmp_ln159, i1 %and_ln159_14" [firmware/nnet_utils/nnet_activation.h:159]   --->   Operation 275 'bitconcatenate' 'sel_tmp1' <Predicate = true> <Delay = 0.97>
ST_59 : Operation 276 [1/1] (1.58ns) (out node of the LUT)   --->   "%exp_x = sparsemux i16 @_ssdm_op_SparseMux.ap_auto.3i16.i16.i2, i2 2, i16 0, i2 1, i16 %select_ln159_8, i2 0, i16 %trunc_ln159_8, i16 0, i2 %sel_tmp1" [firmware/nnet_utils/nnet_activation.h:159]   --->   Operation 276 'sparsemux' 'exp_x' <Predicate = true> <Delay = 1.58> <CoreInst = "OneHotSparseMux_HasDef">   --->   Core 140 'OneHotSparseMux_HasDef' <Latency = 0> <II = 1> <Delay = 1.58> <FuncUnit> <Opcode : 'sparsemux'> <InPorts = 2> <OutPorts = 1>
ST_59 : Operation 284 [1/1] (1.58ns)   --->   "%ret_ln162 = ret" [firmware/nnet_utils/nnet_activation.h:162]   --->   Operation 284 'ret' 'ret_ln162' <Predicate = (icmp_ln151)> <Delay = 1.58>

State 60 <SV = 59> <Delay = 3.25>
ST_60 : Operation 277 [1/1] (0.00ns)   --->   "%zext_ln151 = zext i11 %i_1" [firmware/nnet_utils/nnet_activation.h:151]   --->   Operation 277 'zext' 'zext_ln151' <Predicate = true> <Delay = 0.00>
ST_60 : Operation 278 [1/1] (0.00ns)   --->   "%specpipeline_ln151 = specpipeline void @_ssdm_op_SpecPipeline, i32 4294967295, i32 0, i32 0, i32 0, i32 4294967295, void @empty_0" [firmware/nnet_utils/nnet_activation.h:151]   --->   Operation 278 'specpipeline' 'specpipeline_ln151' <Predicate = true> <Delay = 0.00>
ST_60 : Operation 279 [1/1] (0.00ns)   --->   "%speclooptripcount_ln151 = speclooptripcount void @_ssdm_op_SpecLoopTripCount, i64 1024, i64 1024, i64 1024" [firmware/nnet_utils/nnet_activation.h:151]   --->   Operation 279 'speclooptripcount' 'speclooptripcount_ln151' <Predicate = true> <Delay = 0.00>
ST_60 : Operation 280 [1/1] (0.00ns)   --->   "%specloopname_ln151 = specloopname void @_ssdm_op_SpecLoopName, void @empty_3" [firmware/nnet_utils/nnet_activation.h:151]   --->   Operation 280 'specloopname' 'specloopname_ln151' <Predicate = true> <Delay = 0.00>
ST_60 : Operation 281 [1/1] (0.00ns)   --->   "%table_out_addr = getelementptr i16 %table_out, i64 0, i64 %zext_ln151" [firmware/nnet_utils/nnet_activation.h:160]   --->   Operation 281 'getelementptr' 'table_out_addr' <Predicate = true> <Delay = 0.00>
ST_60 : Operation 282 [1/1] ( I:3.25ns O:3.25ns )   --->   "%store_ln160 = store i16 %exp_x, i10 %table_out_addr" [firmware/nnet_utils/nnet_activation.h:160]   --->   Operation 282 'store' 'store_ln160' <Predicate = true> <Delay = 3.25> <CoreInst = "RAM">   --->   Core 81 'RAM' <Latency = 1> <II = 1> <Delay = 3.25> <Storage> <Opcode : 'load' 'store'> <Ports = 2> <Width = 16> <Depth = 1024> <RAM>
ST_60 : Operation 283 [1/1] (0.00ns)   --->   "%br_ln151 = br void %for.body" [firmware/nnet_utils/nnet_activation.h:151]   --->   Operation 283 'br' 'br_ln151' <Predicate = true> <Delay = 0.00>


============================================================
+ Verbose Summary: Timing violations
============================================================
Target clock period: 5.000ns, clock uncertainty: 1.350ns.

 <State 1>: 3.227ns
The critical path consists of the following:
	'store' operation ('store_ln151', firmware/nnet_utils/nnet_activation.h:151) of constant 0 11 bit on local variable 'i', firmware/nnet_utils/nnet_activation.h:151 [3]  (1.588 ns)
	'load' operation 11 bit ('i', firmware/nnet_utils/nnet_activation.h:151) on local variable 'i', firmware/nnet_utils/nnet_activation.h:151 [6]  (0.000 ns)
	'icmp' operation 1 bit ('icmp_ln151', firmware/nnet_utils/nnet_activation.h:151) [7]  (1.639 ns)

 <State 2>: 3.227ns
The critical path consists of the following:
	'store' operation ('store_ln151', firmware/nnet_utils/nnet_activation.h:151) of variable 'add_ln151', firmware/nnet_utils/nnet_activation.h:151 11 bit on local variable 'i', firmware/nnet_utils/nnet_activation.h:151 [165]  (1.588 ns)
	'load' operation 11 bit ('i', firmware/nnet_utils/nnet_activation.h:151) on local variable 'i', firmware/nnet_utils/nnet_activation.h:151 [6]  (0.000 ns)
	'icmp' operation 1 bit ('icmp_ln151', firmware/nnet_utils/nnet_activation.h:151) [7]  (1.639 ns)

 <State 3>: 3.650ns
The critical path consists of the following:
	'sub' operation 6 bit ('sub_ln138', firmware/nnet_utils/nnet_activation.h:138->firmware/nnet_utils/nnet_activation.h:153) [20]  (1.825 ns)
	'add' operation 6 bit ('add_ln138', firmware/nnet_utils/nnet_activation.h:138->firmware/nnet_utils/nnet_activation.h:153) [21]  (1.825 ns)

 <State 4>: 3.668ns
The critical path consists of the following:
	'lshr' operation 37 bit ('lshr_ln138', firmware/nnet_utils/nnet_activation.h:138->firmware/nnet_utils/nnet_activation.h:153) [30]  (3.668 ns)

 <State 5>: 3.668ns
The critical path consists of the following:
	'lshr' operation 37 bit ('lshr_ln138', firmware/nnet_utils/nnet_activation.h:138->firmware/nnet_utils/nnet_activation.h:153) [30]  (3.668 ns)

 <State 6>: 3.668ns
The critical path consists of the following:
	'lshr' operation 37 bit ('lshr_ln138', firmware/nnet_utils/nnet_activation.h:138->firmware/nnet_utils/nnet_activation.h:153) [30]  (3.668 ns)

 <State 7>: 3.668ns
The critical path consists of the following:
	'lshr' operation 37 bit ('lshr_ln138', firmware/nnet_utils/nnet_activation.h:138->firmware/nnet_utils/nnet_activation.h:153) [30]  (3.668 ns)

 <State 8>: 3.668ns
The critical path consists of the following:
	'lshr' operation 37 bit ('lshr_ln138', firmware/nnet_utils/nnet_activation.h:138->firmware/nnet_utils/nnet_activation.h:153) [30]  (3.668 ns)

 <State 9>: 3.668ns
The critical path consists of the following:
	'lshr' operation 37 bit ('lshr_ln138', firmware/nnet_utils/nnet_activation.h:138->firmware/nnet_utils/nnet_activation.h:153) [30]  (3.668 ns)

 <State 10>: 3.668ns
The critical path consists of the following:
	'lshr' operation 37 bit ('lshr_ln138', firmware/nnet_utils/nnet_activation.h:138->firmware/nnet_utils/nnet_activation.h:153) [30]  (3.668 ns)

 <State 11>: 2.755ns
The critical path consists of the following:
	'xor' operation 1 bit ('xor_ln138', firmware/nnet_utils/nnet_activation.h:138->firmware/nnet_utils/nnet_activation.h:153) [23]  (0.000 ns)
	'and' operation 1 bit ('phi_ln138_1', firmware/nnet_utils/nnet_activation.h:138->firmware/nnet_utils/nnet_activation.h:153) [25]  (0.000 ns)
	'add' operation 38 bit ('add_ln138_2', firmware/nnet_utils/nnet_activation.h:138->firmware/nnet_utils/nnet_activation.h:153) [38]  (2.755 ns)

 <State 12>: 2.613ns
The critical path consists of the following:
	'select' operation 8 bit ('select_ln138', firmware/nnet_utils/nnet_activation.h:138->firmware/nnet_utils/nnet_activation.h:153) [42]  (0.000 ns)
	'add' operation 8 bit ('add_ln138_3', firmware/nnet_utils/nnet_activation.h:138->firmware/nnet_utils/nnet_activation.h:153) [45]  (1.915 ns)
	'select' operation 32 bit ('x', firmware/nnet_utils/nnet_activation.h:157) [51]  (0.698 ns)

 <State 13>: 3.567ns
The critical path consists of the following:
	'fexp' operation 32 bit ('tmp_4', /tools/software/amd/xilinx/2025.2.1/Vitis/tps/lnx64/gcc-8.3.0/lib/gcc/x86_64-pc-linux-gnu/8.3.0/../../../../include/c++/8.3.0/cmath:223->firmware/nnet_utils/nnet_activation.h:131->firmware/nnet_utils/nnet_activation.h:159) [52]  (3.567 ns)

 <State 14>: 3.567ns
The critical path consists of the following:
	'fexp' operation 32 bit ('tmp_4', /tools/software/amd/xilinx/2025.2.1/Vitis/tps/lnx64/gcc-8.3.0/lib/gcc/x86_64-pc-linux-gnu/8.3.0/../../../../include/c++/8.3.0/cmath:223->firmware/nnet_utils/nnet_activation.h:131->firmware/nnet_utils/nnet_activation.h:159) [52]  (3.567 ns)

 <State 15>: 3.567ns
The critical path consists of the following:
	'fexp' operation 32 bit ('tmp_4', /tools/software/amd/xilinx/2025.2.1/Vitis/tps/lnx64/gcc-8.3.0/lib/gcc/x86_64-pc-linux-gnu/8.3.0/../../../../include/c++/8.3.0/cmath:223->firmware/nnet_utils/nnet_activation.h:131->firmware/nnet_utils/nnet_activation.h:159) [52]  (3.567 ns)

 <State 16>: 3.567ns
The critical path consists of the following:
	'fexp' operation 32 bit ('tmp_4', /tools/software/amd/xilinx/2025.2.1/Vitis/tps/lnx64/gcc-8.3.0/lib/gcc/x86_64-pc-linux-gnu/8.3.0/../../../../include/c++/8.3.0/cmath:223->firmware/nnet_utils/nnet_activation.h:131->firmware/nnet_utils/nnet_activation.h:159) [52]  (3.567 ns)

 <State 17>: 3.567ns
The critical path consists of the following:
	'fexp' operation 32 bit ('tmp_4', /tools/software/amd/xilinx/2025.2.1/Vitis/tps/lnx64/gcc-8.3.0/lib/gcc/x86_64-pc-linux-gnu/8.3.0/../../../../include/c++/8.3.0/cmath:223->firmware/nnet_utils/nnet_activation.h:131->firmware/nnet_utils/nnet_activation.h:159) [52]  (3.567 ns)

 <State 18>: 3.567ns
The critical path consists of the following:
	'fexp' operation 32 bit ('tmp_4', /tools/software/amd/xilinx/2025.2.1/Vitis/tps/lnx64/gcc-8.3.0/lib/gcc/x86_64-pc-linux-gnu/8.3.0/../../../../include/c++/8.3.0/cmath:223->firmware/nnet_utils/nnet_activation.h:131->firmware/nnet_utils/nnet_activation.h:159) [52]  (3.567 ns)

 <State 19>: 3.567ns
The critical path consists of the following:
	'fexp' operation 32 bit ('tmp_4', /tools/software/amd/xilinx/2025.2.1/Vitis/tps/lnx64/gcc-8.3.0/lib/gcc/x86_64-pc-linux-gnu/8.3.0/../../../../include/c++/8.3.0/cmath:223->firmware/nnet_utils/nnet_activation.h:131->firmware/nnet_utils/nnet_activation.h:159) [52]  (3.567 ns)

 <State 20>: 3.567ns
The critical path consists of the following:
	'fexp' operation 32 bit ('tmp_4', /tools/software/amd/xilinx/2025.2.1/Vitis/tps/lnx64/gcc-8.3.0/lib/gcc/x86_64-pc-linux-gnu/8.3.0/../../../../include/c++/8.3.0/cmath:223->firmware/nnet_utils/nnet_activation.h:131->firmware/nnet_utils/nnet_activation.h:159) [52]  (3.567 ns)

 <State 21>: 3.567ns
The critical path consists of the following:
	'fexp' operation 32 bit ('tmp_4', /tools/software/amd/xilinx/2025.2.1/Vitis/tps/lnx64/gcc-8.3.0/lib/gcc/x86_64-pc-linux-gnu/8.3.0/../../../../include/c++/8.3.0/cmath:223->firmware/nnet_utils/nnet_activation.h:131->firmware/nnet_utils/nnet_activation.h:159) [52]  (3.567 ns)

 <State 22>: 3.567ns
The critical path consists of the following:
	'fexp' operation 32 bit ('tmp_4', /tools/software/amd/xilinx/2025.2.1/Vitis/tps/lnx64/gcc-8.3.0/lib/gcc/x86_64-pc-linux-gnu/8.3.0/../../../../include/c++/8.3.0/cmath:223->firmware/nnet_utils/nnet_activation.h:131->firmware/nnet_utils/nnet_activation.h:159) [52]  (3.567 ns)

 <State 23>: 3.567ns
The critical path consists of the following:
	'fexp' operation 32 bit ('tmp_4', /tools/software/amd/xilinx/2025.2.1/Vitis/tps/lnx64/gcc-8.3.0/lib/gcc/x86_64-pc-linux-gnu/8.3.0/../../../../include/c++/8.3.0/cmath:223->firmware/nnet_utils/nnet_activation.h:131->firmware/nnet_utils/nnet_activation.h:159) [52]  (3.567 ns)

 <State 24>: 3.567ns
The critical path consists of the following:
	'fexp' operation 32 bit ('tmp_4', /tools/software/amd/xilinx/2025.2.1/Vitis/tps/lnx64/gcc-8.3.0/lib/gcc/x86_64-pc-linux-gnu/8.3.0/../../../../include/c++/8.3.0/cmath:223->firmware/nnet_utils/nnet_activation.h:131->firmware/nnet_utils/nnet_activation.h:159) [52]  (3.567 ns)

 <State 25>: 3.567ns
The critical path consists of the following:
	'fexp' operation 32 bit ('tmp_4', /tools/software/amd/xilinx/2025.2.1/Vitis/tps/lnx64/gcc-8.3.0/lib/gcc/x86_64-pc-linux-gnu/8.3.0/../../../../include/c++/8.3.0/cmath:223->firmware/nnet_utils/nnet_activation.h:131->firmware/nnet_utils/nnet_activation.h:159) [52]  (3.567 ns)

 <State 26>: 3.567ns
The critical path consists of the following:
	'fexp' operation 32 bit ('tmp_4', /tools/software/amd/xilinx/2025.2.1/Vitis/tps/lnx64/gcc-8.3.0/lib/gcc/x86_64-pc-linux-gnu/8.3.0/../../../../include/c++/8.3.0/cmath:223->firmware/nnet_utils/nnet_activation.h:131->firmware/nnet_utils/nnet_activation.h:159) [52]  (3.567 ns)

 <State 27>: 3.567ns
The critical path consists of the following:
	'fexp' operation 32 bit ('tmp_4', /tools/software/amd/xilinx/2025.2.1/Vitis/tps/lnx64/gcc-8.3.0/lib/gcc/x86_64-pc-linux-gnu/8.3.0/../../../../include/c++/8.3.0/cmath:223->firmware/nnet_utils/nnet_activation.h:131->firmware/nnet_utils/nnet_activation.h:159) [52]  (3.567 ns)

 <State 28>: 3.567ns
The critical path consists of the following:
	'fexp' operation 32 bit ('tmp_4', /tools/software/amd/xilinx/2025.2.1/Vitis/tps/lnx64/gcc-8.3.0/lib/gcc/x86_64-pc-linux-gnu/8.3.0/../../../../include/c++/8.3.0/cmath:223->firmware/nnet_utils/nnet_activation.h:131->firmware/nnet_utils/nnet_activation.h:159) [52]  (3.567 ns)

 <State 29>: 3.567ns
The critical path consists of the following:
	'fexp' operation 32 bit ('tmp_4', /tools/software/amd/xilinx/2025.2.1/Vitis/tps/lnx64/gcc-8.3.0/lib/gcc/x86_64-pc-linux-gnu/8.3.0/../../../../include/c++/8.3.0/cmath:223->firmware/nnet_utils/nnet_activation.h:131->firmware/nnet_utils/nnet_activation.h:159) [52]  (3.567 ns)

 <State 30>: 3.567ns
The critical path consists of the following:
	'fexp' operation 32 bit ('tmp_4', /tools/software/amd/xilinx/2025.2.1/Vitis/tps/lnx64/gcc-8.3.0/lib/gcc/x86_64-pc-linux-gnu/8.3.0/../../../../include/c++/8.3.0/cmath:223->firmware/nnet_utils/nnet_activation.h:131->firmware/nnet_utils/nnet_activation.h:159) [52]  (3.567 ns)

 <State 31>: 3.567ns
The critical path consists of the following:
	'fexp' operation 32 bit ('tmp_4', /tools/software/amd/xilinx/2025.2.1/Vitis/tps/lnx64/gcc-8.3.0/lib/gcc/x86_64-pc-linux-gnu/8.3.0/../../../../include/c++/8.3.0/cmath:223->firmware/nnet_utils/nnet_activation.h:131->firmware/nnet_utils/nnet_activation.h:159) [52]  (3.567 ns)

 <State 32>: 3.567ns
The critical path consists of the following:
	'fexp' operation 32 bit ('tmp_4', /tools/software/amd/xilinx/2025.2.1/Vitis/tps/lnx64/gcc-8.3.0/lib/gcc/x86_64-pc-linux-gnu/8.3.0/../../../../include/c++/8.3.0/cmath:223->firmware/nnet_utils/nnet_activation.h:131->firmware/nnet_utils/nnet_activation.h:159) [52]  (3.567 ns)

 <State 33>: 3.567ns
The critical path consists of the following:
	'fexp' operation 32 bit ('tmp_4', /tools/software/amd/xilinx/2025.2.1/Vitis/tps/lnx64/gcc-8.3.0/lib/gcc/x86_64-pc-linux-gnu/8.3.0/../../../../include/c++/8.3.0/cmath:223->firmware/nnet_utils/nnet_activation.h:131->firmware/nnet_utils/nnet_activation.h:159) [52]  (3.567 ns)

 <State 34>: 3.567ns
The critical path consists of the following:
	'fexp' operation 32 bit ('tmp_4', /tools/software/amd/xilinx/2025.2.1/Vitis/tps/lnx64/gcc-8.3.0/lib/gcc/x86_64-pc-linux-gnu/8.3.0/../../../../include/c++/8.3.0/cmath:223->firmware/nnet_utils/nnet_activation.h:131->firmware/nnet_utils/nnet_activation.h:159) [52]  (3.567 ns)

 <State 35>: 3.567ns
The critical path consists of the following:
	'fexp' operation 32 bit ('tmp_4', /tools/software/amd/xilinx/2025.2.1/Vitis/tps/lnx64/gcc-8.3.0/lib/gcc/x86_64-pc-linux-gnu/8.3.0/../../../../include/c++/8.3.0/cmath:223->firmware/nnet_utils/nnet_activation.h:131->firmware/nnet_utils/nnet_activation.h:159) [52]  (3.567 ns)

 <State 36>: 3.567ns
The critical path consists of the following:
	'fexp' operation 32 bit ('tmp_4', /tools/software/amd/xilinx/2025.2.1/Vitis/tps/lnx64/gcc-8.3.0/lib/gcc/x86_64-pc-linux-gnu/8.3.0/../../../../include/c++/8.3.0/cmath:223->firmware/nnet_utils/nnet_activation.h:131->firmware/nnet_utils/nnet_activation.h:159) [52]  (3.567 ns)

 <State 37>: 3.567ns
The critical path consists of the following:
	'fexp' operation 32 bit ('tmp_4', /tools/software/amd/xilinx/2025.2.1/Vitis/tps/lnx64/gcc-8.3.0/lib/gcc/x86_64-pc-linux-gnu/8.3.0/../../../../include/c++/8.3.0/cmath:223->firmware/nnet_utils/nnet_activation.h:131->firmware/nnet_utils/nnet_activation.h:159) [52]  (3.567 ns)

 <State 38>: 3.567ns
The critical path consists of the following:
	'fexp' operation 32 bit ('tmp_4', /tools/software/amd/xilinx/2025.2.1/Vitis/tps/lnx64/gcc-8.3.0/lib/gcc/x86_64-pc-linux-gnu/8.3.0/../../../../include/c++/8.3.0/cmath:223->firmware/nnet_utils/nnet_activation.h:131->firmware/nnet_utils/nnet_activation.h:159) [52]  (3.567 ns)

 <State 39>: 3.567ns
The critical path consists of the following:
	'fexp' operation 32 bit ('tmp_4', /tools/software/amd/xilinx/2025.2.1/Vitis/tps/lnx64/gcc-8.3.0/lib/gcc/x86_64-pc-linux-gnu/8.3.0/../../../../include/c++/8.3.0/cmath:223->firmware/nnet_utils/nnet_activation.h:131->firmware/nnet_utils/nnet_activation.h:159) [52]  (3.567 ns)

 <State 40>: 3.567ns
The critical path consists of the following:
	'fexp' operation 32 bit ('tmp_4', /tools/software/amd/xilinx/2025.2.1/Vitis/tps/lnx64/gcc-8.3.0/lib/gcc/x86_64-pc-linux-gnu/8.3.0/../../../../include/c++/8.3.0/cmath:223->firmware/nnet_utils/nnet_activation.h:131->firmware/nnet_utils/nnet_activation.h:159) [52]  (3.567 ns)

 <State 41>: 3.567ns
The critical path consists of the following:
	'fexp' operation 32 bit ('tmp_4', /tools/software/amd/xilinx/2025.2.1/Vitis/tps/lnx64/gcc-8.3.0/lib/gcc/x86_64-pc-linux-gnu/8.3.0/../../../../include/c++/8.3.0/cmath:223->firmware/nnet_utils/nnet_activation.h:131->firmware/nnet_utils/nnet_activation.h:159) [52]  (3.567 ns)

 <State 42>: 3.567ns
The critical path consists of the following:
	'fexp' operation 32 bit ('tmp_4', /tools/software/amd/xilinx/2025.2.1/Vitis/tps/lnx64/gcc-8.3.0/lib/gcc/x86_64-pc-linux-gnu/8.3.0/../../../../include/c++/8.3.0/cmath:223->firmware/nnet_utils/nnet_activation.h:131->firmware/nnet_utils/nnet_activation.h:159) [52]  (3.567 ns)

 <State 43>: 3.567ns
The critical path consists of the following:
	'fexp' operation 32 bit ('tmp_4', /tools/software/amd/xilinx/2025.2.1/Vitis/tps/lnx64/gcc-8.3.0/lib/gcc/x86_64-pc-linux-gnu/8.3.0/../../../../include/c++/8.3.0/cmath:223->firmware/nnet_utils/nnet_activation.h:131->firmware/nnet_utils/nnet_activation.h:159) [52]  (3.567 ns)

 <State 44>: 2.418ns
The critical path consists of the following:
	'fpext' operation 64 bit ('pf', firmware/nnet_utils/nnet_activation.h:159) [53]  (2.418 ns)

 <State 45>: 2.418ns
The critical path consists of the following:
	'fpext' operation 64 bit ('pf', firmware/nnet_utils/nnet_activation.h:159) [53]  (2.418 ns)

 <State 46>: 2.418ns
The critical path consists of the following:
	'fpext' operation 64 bit ('pf', firmware/nnet_utils/nnet_activation.h:159) [53]  (2.418 ns)

 <State 47>: 2.418ns
The critical path consists of the following:
	'fpext' operation 64 bit ('pf', firmware/nnet_utils/nnet_activation.h:159) [53]  (2.418 ns)

 <State 48>: 3.494ns
The critical path consists of the following:
	'icmp' operation 1 bit ('icmp_ln159', firmware/nnet_utils/nnet_activation.h:159) [64]  (3.494 ns)

 <State 49>: 3.462ns
The critical path consists of the following:
	'add' operation 12 bit ('add_ln159_3', firmware/nnet_utils/nnet_activation.h:159) [103]  (1.639 ns)
	'icmp' operation 1 bit ('icmp_ln159_6', firmware/nnet_utils/nnet_activation.h:159) [105]  (1.823 ns)

 <State 50>: 3.853ns
The critical path consists of the following:
	'ashr' operation 54 bit ('ashr_ln159', firmware/nnet_utils/nnet_activation.h:159) [78]  (3.853 ns)

 <State 51>: 3.853ns
The critical path consists of the following:
	'ashr' operation 54 bit ('ashr_ln159', firmware/nnet_utils/nnet_activation.h:159) [78]  (3.853 ns)

 <State 52>: 3.853ns
The critical path consists of the following:
	'ashr' operation 54 bit ('ashr_ln159', firmware/nnet_utils/nnet_activation.h:159) [78]  (3.853 ns)

 <State 53>: 3.853ns
The critical path consists of the following:
	'ashr' operation 54 bit ('ashr_ln159', firmware/nnet_utils/nnet_activation.h:159) [78]  (3.853 ns)

 <State 54>: 3.853ns
The critical path consists of the following:
	'ashr' operation 54 bit ('ashr_ln159', firmware/nnet_utils/nnet_activation.h:159) [78]  (3.853 ns)

 <State 55>: 3.853ns
The critical path consists of the following:
	'ashr' operation 54 bit ('ashr_ln159', firmware/nnet_utils/nnet_activation.h:159) [78]  (3.853 ns)

 <State 56>: 3.853ns
The critical path consists of the following:
	'ashr' operation 54 bit ('ashr_ln159', firmware/nnet_utils/nnet_activation.h:159) [78]  (3.853 ns)

 <State 57>: 3.262ns
The critical path consists of the following:
	'icmp' operation 1 bit ('icmp_ln159_11', firmware/nnet_utils/nnet_activation.h:159) [123]  (3.262 ns)

 <State 58>: 3.574ns
The critical path consists of the following:
	'xor' operation 1 bit ('xor_ln159_9', firmware/nnet_utils/nnet_activation.h:159) [125]  (0.000 ns)
	'select' operation 1 bit ('Range2_all_ones_1_i', firmware/nnet_utils/nnet_activation.h:159) [126]  (0.993 ns)
	'and' operation 1 bit ('and_ln159_2', firmware/nnet_utils/nnet_activation.h:159) [128]  (0.000 ns)
	'select' operation 1 bit ('Range1_all_ones_2_i', firmware/nnet_utils/nnet_activation.h:159) [135]  (0.993 ns)
	'and' operation 1 bit ('and_ln159_5', firmware/nnet_utils/nnet_activation.h:159) [141]  (0.000 ns)
	'xor' operation 1 bit ('xor_ln159_3', firmware/nnet_utils/nnet_activation.h:159) [142]  (0.000 ns)
	'sparsemux' operation 1 bit ('neg_src_0_i', firmware/nnet_utils/nnet_activation.h:159) [147]  (1.588 ns)

 <State 59>: 3.544ns
The critical path consists of the following:
	'and' operation 1 bit ('and_ln159_7', firmware/nnet_utils/nnet_activation.h:159) [153]  (0.000 ns)
	'xor' operation 1 bit ('xor_ln159_6', firmware/nnet_utils/nnet_activation.h:159) [154]  (0.978 ns)
	'and' operation 1 bit ('and_ln159_8', firmware/nnet_utils/nnet_activation.h:159) [155]  (0.000 ns)
	'or' operation 1 bit ('or_ln159_2', firmware/nnet_utils/nnet_activation.h:159) [156]  (0.000 ns)
	'and' operation 1 bit ('and_ln159_13', firmware/nnet_utils/nnet_activation.h:159) [159]  (0.000 ns)
	'and' operation 1 bit ('and_ln159_14', firmware/nnet_utils/nnet_activation.h:159) [160]  (0.000 ns)
	'sparsemux' operation 16 bit ('exp_x', firmware/nnet_utils/nnet_activation.h:159) [162]  (1.588 ns)
	blocking operation 0.978 ns on control path)

 <State 60>: 3.254ns
The critical path consists of the following:
	'getelementptr' operation 10 bit ('table_out_addr', firmware/nnet_utils/nnet_activation.h:160) [163]  (0.000 ns)
	'store' operation ('store_ln160', firmware/nnet_utils/nnet_activation.h:160) of variable 'exp_x', firmware/nnet_utils/nnet_activation.h:159 16 bit on array 'table_out' [164]  (3.254 ns)


============================================================
+ Verbose Summary: Binding
============================================================
N/A
* FSMD analyzer results:
  - Output states:
 - Input state : 
  - Chain level:
	State 1
	State 2
	State 3
	State 4
	State 5
	State 6
	State 7
	State 8
	State 9
	State 10
	State 11
	State 12
	State 13
	State 14
	State 15
	State 16
	State 17
	State 18
	State 19
	State 20
	State 21
	State 22
	State 23
	State 24
	State 25
	State 26
	State 27
	State 28
	State 29
	State 30
	State 31
	State 32
	State 33
	State 34
	State 35
	State 36
	State 37
	State 38
	State 39
	State 40
	State 41
	State 42
	State 43
	State 44
	State 45
	State 46
	State 47
	State 48
	State 49
	State 50
	State 51
	State 52
	State 53
	State 54
	State 55
	State 56
	State 57
	State 58
	State 59
	State 60


============================================================
+ Verbose Summary: Datapath Resource usage 
============================================================
N/A
