

================================================================
== Vitis HLS Report for 'relu_array_ap_fixed_64u_array_ap_fixed_16_6_5_3_0_64u_relu_config3_s'
================================================================
* Date:           Mon Sep 21 18:28:07 2026

* Version:        2025.2.1 (Build 6397637 on Mar 18 2026)
* Project:        myproject_prj
* Solution:       solution1 (Vivado IP Flow Target)
* Product family: zynq
* Target device:  xc7z020-clg400-1


================================================================
== Performance Estimates
================================================================
+ Timing: 
    * Summary: 
    +--------+---------+----------+------------+
    |  Clock |  Target | Estimated| Uncertainty|
    +--------+---------+----------+------------+
    |ap_clk  |  5.00 ns|  3.560 ns|     1.35 ns|
    +--------+---------+----------+------------+

+ Latency: 
    * Summary: 
    +---------+---------+-----------+-----------+-----+-----+---------+
    |  Latency (cycles) |   Latency (absolute)  |  Interval | Pipeline|
    |   min   |   max   |    min    |    max    | min | max |   Type  |
    +---------+---------+-----------+-----------+-----+-----+---------+
    |        2|        2|  10.000 ns|  10.000 ns|    2|    2|       no|
    +---------+---------+-----------+-----------+-----+-----+---------+

    + Detail: 
        * Instance: 
        N/A

        * Loop: 
        N/A



================================================================
== Utilization Estimates
================================================================
* Summary: 
+-----------------+---------+-----+--------+-------+-----+
|       Name      | BRAM_18K| DSP |   FF   |  LUT  | URAM|
+-----------------+---------+-----+--------+-------+-----+
|DSP              |        -|    -|       -|      -|    -|
|Expression       |        -|    -|       0|   3842|    -|
|FIFO             |        -|    -|       -|      -|    -|
|Instance         |        -|    -|       -|      -|    -|
|Memory           |        -|    -|       -|      -|    -|
|Multiplexer      |        -|    -|       0|     56|    -|
|Register         |        -|    -|    4421|      -|    -|
+-----------------+---------+-----+--------+-------+-----+
|Total            |        0|    0|    4421|   3898|    0|
+-----------------+---------+-----+--------+-------+-----+
|Available        |      280|  220|  106400|  53200|    0|
+-----------------+---------+-----+--------+-------+-----+
|Utilization (%)  |        0|    0|       4|      7|    0|
+-----------------+---------+-----+--------+-------+-----+

+ Detail: 
    * Instance: 
    N/A

    * DSP: 
    N/A

    * Memory: 
    N/A

    * FIFO: 
    N/A

    * Expression: 
    +---------------------------+----------+----+---+----+------------+------------+
    |       Variable Name       | Operation| DSP| FF| LUT| Bitwidth P0| Bitwidth P1|
    +---------------------------+----------+----+---+----+------------+------------+
    |icmp_ln51_10_fu_1943_p2    |      icmp|   0|  0|  44|          37|           1|
    |icmp_ln51_11_fu_1955_p2    |      icmp|   0|  0|  44|          37|           1|
    |icmp_ln51_12_fu_1967_p2    |      icmp|   0|  0|  44|          37|           1|
    |icmp_ln51_13_fu_1979_p2    |      icmp|   0|  0|  44|          37|           1|
    |icmp_ln51_14_fu_1991_p2    |      icmp|   0|  0|  44|          37|           1|
    |icmp_ln51_15_fu_2003_p2    |      icmp|   0|  0|  44|          37|           1|
    |icmp_ln51_16_fu_2015_p2    |      icmp|   0|  0|  44|          37|           1|
    |icmp_ln51_17_fu_2027_p2    |      icmp|   0|  0|  44|          37|           1|
    |icmp_ln51_18_fu_2039_p2    |      icmp|   0|  0|  44|          37|           1|
    |icmp_ln51_19_fu_2051_p2    |      icmp|   0|  0|  44|          37|           1|
    |icmp_ln51_1_fu_1835_p2     |      icmp|   0|  0|  44|          37|           1|
    |icmp_ln51_20_fu_2063_p2    |      icmp|   0|  0|  44|          37|           1|
    |icmp_ln51_21_fu_2075_p2    |      icmp|   0|  0|  44|          37|           1|
    |icmp_ln51_22_fu_2087_p2    |      icmp|   0|  0|  44|          37|           1|
    |icmp_ln51_23_fu_2099_p2    |      icmp|   0|  0|  44|          37|           1|
    |icmp_ln51_24_fu_2111_p2    |      icmp|   0|  0|  44|          37|           1|
    |icmp_ln51_25_fu_2123_p2    |      icmp|   0|  0|  44|          37|           1|
    |icmp_ln51_26_fu_2135_p2    |      icmp|   0|  0|  44|          37|           1|
    |icmp_ln51_27_fu_2147_p2    |      icmp|   0|  0|  44|          37|           1|
    |icmp_ln51_28_fu_2159_p2    |      icmp|   0|  0|  44|          37|           1|
    |icmp_ln51_29_fu_2171_p2    |      icmp|   0|  0|  44|          37|           1|
    |icmp_ln51_2_fu_1847_p2     |      icmp|   0|  0|  44|          37|           1|
    |icmp_ln51_30_fu_2183_p2    |      icmp|   0|  0|  44|          37|           1|
    |icmp_ln51_31_fu_2195_p2    |      icmp|   0|  0|  44|          37|           1|
    |icmp_ln51_32_fu_2207_p2    |      icmp|   0|  0|  44|          37|           1|
    |icmp_ln51_33_fu_2219_p2    |      icmp|   0|  0|  44|          37|           1|
    |icmp_ln51_34_fu_2231_p2    |      icmp|   0|  0|  44|          37|           1|
    |icmp_ln51_35_fu_2243_p2    |      icmp|   0|  0|  44|          37|           1|
    |icmp_ln51_36_fu_2255_p2    |      icmp|   0|  0|  44|          37|           1|
    |icmp_ln51_37_fu_2267_p2    |      icmp|   0|  0|  44|          37|           1|
    |icmp_ln51_38_fu_2279_p2    |      icmp|   0|  0|  44|          37|           1|
    |icmp_ln51_39_fu_2291_p2    |      icmp|   0|  0|  44|          37|           1|
    |icmp_ln51_3_fu_1859_p2     |      icmp|   0|  0|  44|          37|           1|
    |icmp_ln51_40_fu_2303_p2    |      icmp|   0|  0|  44|          37|           1|
    |icmp_ln51_41_fu_2315_p2    |      icmp|   0|  0|  44|          37|           1|
    |icmp_ln51_42_fu_2327_p2    |      icmp|   0|  0|  44|          37|           1|
    |icmp_ln51_43_fu_2339_p2    |      icmp|   0|  0|  44|          37|           1|
    |icmp_ln51_44_fu_2351_p2    |      icmp|   0|  0|  44|          37|           1|
    |icmp_ln51_45_fu_2363_p2    |      icmp|   0|  0|  44|          37|           1|
    |icmp_ln51_46_fu_2375_p2    |      icmp|   0|  0|  44|          37|           1|
    |icmp_ln51_47_fu_2387_p2    |      icmp|   0|  0|  44|          37|           1|
    |icmp_ln51_48_fu_2399_p2    |      icmp|   0|  0|  44|          37|           1|
    |icmp_ln51_49_fu_2411_p2    |      icmp|   0|  0|  44|          37|           1|
    |icmp_ln51_4_fu_1871_p2     |      icmp|   0|  0|  44|          37|           1|
    |icmp_ln51_50_fu_2423_p2    |      icmp|   0|  0|  44|          37|           1|
    |icmp_ln51_51_fu_2435_p2    |      icmp|   0|  0|  44|          37|           1|
    |icmp_ln51_52_fu_2447_p2    |      icmp|   0|  0|  44|          37|           1|
    |icmp_ln51_53_fu_2459_p2    |      icmp|   0|  0|  44|          37|           1|
    |icmp_ln51_54_fu_2471_p2    |      icmp|   0|  0|  44|          37|           1|
    |icmp_ln51_55_fu_2483_p2    |      icmp|   0|  0|  44|          37|           1|
    |icmp_ln51_56_fu_2495_p2    |      icmp|   0|  0|  44|          37|           1|
    |icmp_ln51_57_fu_2507_p2    |      icmp|   0|  0|  44|          37|           1|
    |icmp_ln51_58_fu_2519_p2    |      icmp|   0|  0|  44|          37|           1|
    |icmp_ln51_59_fu_2531_p2    |      icmp|   0|  0|  44|          37|           1|
    |icmp_ln51_5_fu_1883_p2     |      icmp|   0|  0|  44|          37|           1|
    |icmp_ln51_60_fu_2543_p2    |      icmp|   0|  0|  44|          37|           1|
    |icmp_ln51_61_fu_2555_p2    |      icmp|   0|  0|  44|          37|           1|
    |icmp_ln51_62_fu_2567_p2    |      icmp|   0|  0|  44|          37|           1|
    |icmp_ln51_63_fu_2579_p2    |      icmp|   0|  0|  44|          37|           1|
    |icmp_ln51_6_fu_1895_p2     |      icmp|   0|  0|  44|          37|           1|
    |icmp_ln51_7_fu_1907_p2     |      icmp|   0|  0|  44|          37|           1|
    |icmp_ln51_8_fu_1919_p2     |      icmp|   0|  0|  44|          37|           1|
    |icmp_ln51_9_fu_1931_p2     |      icmp|   0|  0|  44|          37|           1|
    |icmp_ln51_fu_1823_p2       |      icmp|   0|  0|  44|          37|           1|
    |ap_block_state1            |        or|   0|  0|   2|           1|           1|
    |select_ln51_10_fu_1948_p3  |    select|   0|  0|  16|           1|          16|
    |select_ln51_11_fu_1960_p3  |    select|   0|  0|  16|           1|          16|
    |select_ln51_12_fu_1972_p3  |    select|   0|  0|  16|           1|          16|
    |select_ln51_13_fu_1984_p3  |    select|   0|  0|  16|           1|          16|
    |select_ln51_14_fu_1996_p3  |    select|   0|  0|  16|           1|          16|
    |select_ln51_15_fu_2008_p3  |    select|   0|  0|  16|           1|          16|
    |select_ln51_16_fu_2020_p3  |    select|   0|  0|  16|           1|          16|
    |select_ln51_17_fu_2032_p3  |    select|   0|  0|  16|           1|          16|
    |select_ln51_18_fu_2044_p3  |    select|   0|  0|  16|           1|          16|
    |select_ln51_19_fu_2056_p3  |    select|   0|  0|  16|           1|          16|
    |select_ln51_1_fu_1840_p3   |    select|   0|  0|  16|           1|          16|
    |select_ln51_20_fu_2068_p3  |    select|   0|  0|  16|           1|          16|
    |select_ln51_21_fu_2080_p3  |    select|   0|  0|  16|           1|          16|
    |select_ln51_22_fu_2092_p3  |    select|   0|  0|  16|           1|          16|
    |select_ln51_23_fu_2104_p3  |    select|   0|  0|  16|           1|          16|
    |select_ln51_24_fu_2116_p3  |    select|   0|  0|  16|           1|          16|
    |select_ln51_25_fu_2128_p3  |    select|   0|  0|  16|           1|          16|
    |select_ln51_26_fu_2140_p3  |    select|   0|  0|  16|           1|          16|
    |select_ln51_27_fu_2152_p3  |    select|   0|  0|  16|           1|          16|
    |select_ln51_28_fu_2164_p3  |    select|   0|  0|  16|           1|          16|
    |select_ln51_29_fu_2176_p3  |    select|   0|  0|  16|           1|          16|
    |select_ln51_2_fu_1852_p3   |    select|   0|  0|  16|           1|          16|
    |select_ln51_30_fu_2188_p3  |    select|   0|  0|  16|           1|          16|
    |select_ln51_31_fu_2200_p3  |    select|   0|  0|  16|           1|          16|
    |select_ln51_32_fu_2212_p3  |    select|   0|  0|  16|           1|          16|
    |select_ln51_33_fu_2224_p3  |    select|   0|  0|  16|           1|          16|
    |select_ln51_34_fu_2236_p3  |    select|   0|  0|  16|           1|          16|
    |select_ln51_35_fu_2248_p3  |    select|   0|  0|  16|           1|          16|
    |select_ln51_36_fu_2260_p3  |    select|   0|  0|  16|           1|          16|
    |select_ln51_37_fu_2272_p3  |    select|   0|  0|  16|           1|          16|
    |select_ln51_38_fu_2284_p3  |    select|   0|  0|  16|           1|          16|
    |select_ln51_39_fu_2296_p3  |    select|   0|  0|  16|           1|          16|
    |select_ln51_3_fu_1864_p3   |    select|   0|  0|  16|           1|          16|
    |select_ln51_40_fu_2308_p3  |    select|   0|  0|  16|           1|          16|
    |select_ln51_41_fu_2320_p3  |    select|   0|  0|  16|           1|          16|
    |select_ln51_42_fu_2332_p3  |    select|   0|  0|  16|           1|          16|
    |select_ln51_43_fu_2344_p3  |    select|   0|  0|  16|           1|          16|
    |select_ln51_44_fu_2356_p3  |    select|   0|  0|  16|           1|          16|
    |select_ln51_45_fu_2368_p3  |    select|   0|  0|  16|           1|          16|
    |select_ln51_46_fu_2380_p3  |    select|   0|  0|  16|           1|          16|
    |select_ln51_47_fu_2392_p3  |    select|   0|  0|  16|           1|          16|
    |select_ln51_48_fu_2404_p3  |    select|   0|  0|  16|           1|          16|
    |select_ln51_49_fu_2416_p3  |    select|   0|  0|  16|           1|          16|
    |select_ln51_4_fu_1876_p3   |    select|   0|  0|  16|           1|          16|
    |select_ln51_50_fu_2428_p3  |    select|   0|  0|  16|           1|          16|
    |select_ln51_51_fu_2440_p3  |    select|   0|  0|  16|           1|          16|
    |select_ln51_52_fu_2452_p3  |    select|   0|  0|  16|           1|          16|
    |select_ln51_53_fu_2464_p3  |    select|   0|  0|  16|           1|          16|
    |select_ln51_54_fu_2476_p3  |    select|   0|  0|  16|           1|          16|
    |select_ln51_55_fu_2488_p3  |    select|   0|  0|  16|           1|          16|
    |select_ln51_56_fu_2500_p3  |    select|   0|  0|  16|           1|          16|
    |select_ln51_57_fu_2512_p3  |    select|   0|  0|  16|           1|          16|
    |select_ln51_58_fu_2524_p3  |    select|   0|  0|  16|           1|          16|
    |select_ln51_59_fu_2536_p3  |    select|   0|  0|  16|           1|          16|
    |select_ln51_5_fu_1888_p3   |    select|   0|  0|  16|           1|          16|
    |select_ln51_60_fu_2548_p3  |    select|   0|  0|  16|           1|          16|
    |select_ln51_61_fu_2560_p3  |    select|   0|  0|  16|           1|          16|
    |select_ln51_62_fu_2572_p3  |    select|   0|  0|  16|           1|          16|
    |select_ln51_63_fu_2584_p3  |    select|   0|  0|  16|           1|          16|
    |select_ln51_6_fu_1900_p3   |    select|   0|  0|  16|           1|          16|
    |select_ln51_7_fu_1912_p3   |    select|   0|  0|  16|           1|          16|
    |select_ln51_8_fu_1924_p3   |    select|   0|  0|  16|           1|          16|
    |select_ln51_9_fu_1936_p3   |    select|   0|  0|  16|           1|          16|
    |select_ln51_fu_1828_p3     |    select|   0|  0|  16|           1|          16|
    +---------------------------+----------+----+---+----+------------+------------+
    |Total                      |          |   0|  0|3842|        2433|        1089|
    +---------------------------+----------+----+---+----+------------+------------+

    * Multiplexer: 
    +------------------+----+-----------+-----+-----------+
    |       Name       | LUT| Input Size| Bits| Total Bits|
    +------------------+----+-----------+-----+-----------+
    |ap_NS_fsm         |  20|          4|    1|          4|
    |ap_done           |   9|          2|    1|          2|
    |layer2_out_blk_n  |   9|          2|    1|          2|
    |layer3_out_blk_n  |   9|          2|    1|          2|
    |real_start        |   9|          2|    1|          2|
    +------------------+----+-----------+-----+-----------+
    |Total             |  56|         12|    5|         12|
    +------------------+----+-----------+-----+-----------+

    * Register: 
    +-------------------------+----+----+-----+-----------+
    |           Name          | FF | LUT| Bits| Const Bits|
    +-------------------------+----+----+-----+-----------+
    |ap_CS_fsm                |   3|   0|    3|          0|
    |ap_done_reg              |   1|   0|    1|          0|
    |select_ln51_10_reg_3350  |  16|   0|   16|          0|
    |select_ln51_11_reg_3355  |  16|   0|   16|          0|
    |select_ln51_12_reg_3360  |  16|   0|   16|          0|
    |select_ln51_13_reg_3365  |  16|   0|   16|          0|
    |select_ln51_14_reg_3370  |  16|   0|   16|          0|
    |select_ln51_15_reg_3375  |  16|   0|   16|          0|
    |select_ln51_16_reg_3380  |  16|   0|   16|          0|
    |select_ln51_17_reg_3385  |  16|   0|   16|          0|
    |select_ln51_18_reg_3390  |  16|   0|   16|          0|
    |select_ln51_19_reg_3395  |  16|   0|   16|          0|
    |select_ln51_1_reg_3305   |  16|   0|   16|          0|
    |select_ln51_20_reg_3400  |  16|   0|   16|          0|
    |select_ln51_21_reg_3405  |  16|   0|   16|          0|
    |select_ln51_22_reg_3410  |  16|   0|   16|          0|
    |select_ln51_23_reg_3415  |  16|   0|   16|          0|
    |select_ln51_24_reg_3420  |  16|   0|   16|          0|
    |select_ln51_25_reg_3425  |  16|   0|   16|          0|
    |select_ln51_26_reg_3430  |  16|   0|   16|          0|
    |select_ln51_27_reg_3435  |  16|   0|   16|          0|
    |select_ln51_28_reg_3440  |  16|   0|   16|          0|
    |select_ln51_29_reg_3445  |  16|   0|   16|          0|
    |select_ln51_2_reg_3310   |  16|   0|   16|          0|
    |select_ln51_30_reg_3450  |  16|   0|   16|          0|
    |select_ln51_31_reg_3455  |  16|   0|   16|          0|
    |select_ln51_32_reg_3460  |  16|   0|   16|          0|
    |select_ln51_33_reg_3465  |  16|   0|   16|          0|
    |select_ln51_34_reg_3470  |  16|   0|   16|          0|
    |select_ln51_35_reg_3475  |  16|   0|   16|          0|
    |select_ln51_36_reg_3480  |  16|   0|   16|          0|
    |select_ln51_37_reg_3485  |  16|   0|   16|          0|
    |select_ln51_38_reg_3490  |  16|   0|   16|          0|
    |select_ln51_39_reg_3495  |  16|   0|   16|          0|
    |select_ln51_3_reg_3315   |  16|   0|   16|          0|
    |select_ln51_40_reg_3500  |  16|   0|   16|          0|
    |select_ln51_41_reg_3505  |  16|   0|   16|          0|
    |select_ln51_42_reg_3510  |  16|   0|   16|          0|
    |select_ln51_43_reg_3515  |  16|   0|   16|          0|
    |select_ln51_44_reg_3520  |  16|   0|   16|          0|
    |select_ln51_45_reg_3525  |  16|   0|   16|          0|
    |select_ln51_46_reg_3530  |  16|   0|   16|          0|
    |select_ln51_47_reg_3535  |  16|   0|   16|          0|
    |select_ln51_48_reg_3540  |  16|   0|   16|          0|
    |select_ln51_49_reg_3545  |  16|   0|   16|          0|
    |select_ln51_4_reg_3320   |  16|   0|   16|          0|
    |select_ln51_50_reg_3550  |  16|   0|   16|          0|
    |select_ln51_51_reg_3555  |  16|   0|   16|          0|
    |select_ln51_52_reg_3560  |  16|   0|   16|          0|
    |select_ln51_53_reg_3565  |  16|   0|   16|          0|
    |select_ln51_54_reg_3570  |  16|   0|   16|          0|
    |select_ln51_55_reg_3575  |  16|   0|   16|          0|
    |select_ln51_56_reg_3580  |  16|   0|   16|          0|
    |select_ln51_57_reg_3585  |  16|   0|   16|          0|
    |select_ln51_58_reg_3590  |  16|   0|   16|          0|
    |select_ln51_59_reg_3595  |  16|   0|   16|          0|
    |select_ln51_5_reg_3325   |  16|   0|   16|          0|
    |select_ln51_60_reg_3600  |  16|   0|   16|          0|
    |select_ln51_61_reg_3605  |  16|   0|   16|          0|
    |select_ln51_62_reg_3610  |  16|   0|   16|          0|
    |select_ln51_63_reg_3615  |  16|   0|   16|          0|
    |select_ln51_6_reg_3330   |  16|   0|   16|          0|
    |select_ln51_7_reg_3335   |  16|   0|   16|          0|
    |select_ln51_8_reg_3340   |  16|   0|   16|          0|
    |select_ln51_9_reg_3345   |  16|   0|   16|          0|
    |select_ln51_reg_3300     |  16|   0|   16|          0|
    |start_once_reg           |   1|   0|    1|          0|
    |trunc_ln44_10_reg_2715   |  37|   0|   37|          0|
    |trunc_ln44_11_reg_2720   |  37|   0|   37|          0|
    |trunc_ln44_12_reg_2725   |  37|   0|   37|          0|
    |trunc_ln44_13_reg_2730   |  37|   0|   37|          0|
    |trunc_ln44_14_reg_2735   |  37|   0|   37|          0|
    |trunc_ln44_15_reg_2740   |  37|   0|   37|          0|
    |trunc_ln44_16_reg_2745   |  37|   0|   37|          0|
    |trunc_ln44_17_reg_2750   |  37|   0|   37|          0|
    |trunc_ln44_18_reg_2755   |  37|   0|   37|          0|
    |trunc_ln44_19_reg_2760   |  37|   0|   37|          0|
    |trunc_ln44_1_reg_2670    |  37|   0|   37|          0|
    |trunc_ln44_20_reg_2765   |  37|   0|   37|          0|
    |trunc_ln44_21_reg_2770   |  37|   0|   37|          0|
    |trunc_ln44_22_reg_2775   |  37|   0|   37|          0|
    |trunc_ln44_23_reg_2780   |  37|   0|   37|          0|
    |trunc_ln44_24_reg_2785   |  37|   0|   37|          0|
    |trunc_ln44_25_reg_2790   |  37|   0|   37|          0|
    |trunc_ln44_26_reg_2795   |  37|   0|   37|          0|
    |trunc_ln44_27_reg_2800   |  37|   0|   37|          0|
    |trunc_ln44_28_reg_2805   |  37|   0|   37|          0|
    |trunc_ln44_29_reg_2810   |  37|   0|   37|          0|
    |trunc_ln44_2_reg_2675    |  37|   0|   37|          0|
    |trunc_ln44_30_reg_2815   |  37|   0|   37|          0|
    |trunc_ln44_31_reg_2820   |  37|   0|   37|          0|
    |trunc_ln44_32_reg_2825   |  37|   0|   37|          0|
    |trunc_ln44_33_reg_2830   |  37|   0|   37|          0|
    |trunc_ln44_34_reg_2835   |  37|   0|   37|          0|
    |trunc_ln44_35_reg_2840   |  37|   0|   37|          0|
    |trunc_ln44_36_reg_2845   |  37|   0|   37|          0|
    |trunc_ln44_37_reg_2850   |  37|   0|   37|          0|
    |trunc_ln44_38_reg_2855   |  37|   0|   37|          0|
    |trunc_ln44_39_reg_2860   |  37|   0|   37|          0|
    |trunc_ln44_3_reg_2680    |  37|   0|   37|          0|
    |trunc_ln44_40_reg_2865   |  37|   0|   37|          0|
    |trunc_ln44_41_reg_2870   |  37|   0|   37|          0|
    |trunc_ln44_42_reg_2875   |  37|   0|   37|          0|
    |trunc_ln44_43_reg_2880   |  37|   0|   37|          0|
    |trunc_ln44_44_reg_2885   |  37|   0|   37|          0|
    |trunc_ln44_45_reg_2890   |  37|   0|   37|          0|
    |trunc_ln44_46_reg_2895   |  37|   0|   37|          0|
    |trunc_ln44_47_reg_2900   |  37|   0|   37|          0|
    |trunc_ln44_48_reg_2905   |  37|   0|   37|          0|
    |trunc_ln44_49_reg_2910   |  37|   0|   37|          0|
    |trunc_ln44_4_reg_2685    |  37|   0|   37|          0|
    |trunc_ln44_50_reg_2915   |  37|   0|   37|          0|
    |trunc_ln44_51_reg_2920   |  37|   0|   37|          0|
    |trunc_ln44_52_reg_2925   |  37|   0|   37|          0|
    |trunc_ln44_53_reg_2930   |  37|   0|   37|          0|
    |trunc_ln44_54_reg_2935   |  37|   0|   37|          0|
    |trunc_ln44_55_reg_2940   |  37|   0|   37|          0|
    |trunc_ln44_56_reg_2945   |  37|   0|   37|          0|
    |trunc_ln44_57_reg_2950   |  37|   0|   37|          0|
    |trunc_ln44_58_reg_2955   |  37|   0|   37|          0|
    |trunc_ln44_59_reg_2960   |  37|   0|   37|          0|
    |trunc_ln44_5_reg_2690    |  37|   0|   37|          0|
    |trunc_ln44_60_reg_2965   |  37|   0|   37|          0|
    |trunc_ln44_61_reg_2970   |  37|   0|   37|          0|
    |trunc_ln44_62_reg_2975   |  37|   0|   37|          0|
    |trunc_ln44_6_reg_2695    |  37|   0|   37|          0|
    |trunc_ln44_7_reg_2700    |  37|   0|   37|          0|
    |trunc_ln44_8_reg_2705    |  37|   0|   37|          0|
    |trunc_ln44_9_reg_2710    |  37|   0|   37|          0|
    |trunc_ln44_reg_2660      |  37|   0|   37|          0|
    |trunc_ln44_s_reg_2665    |  37|   0|   37|          0|
    |trunc_ln4_reg_2980       |  16|   0|   16|          0|
    |trunc_ln52_10_reg_3035   |  16|   0|   16|          0|
    |trunc_ln52_11_reg_3040   |  16|   0|   16|          0|
    |trunc_ln52_12_reg_3045   |  16|   0|   16|          0|
    |trunc_ln52_13_reg_3050   |  16|   0|   16|          0|
    |trunc_ln52_14_reg_3055   |  16|   0|   16|          0|
    |trunc_ln52_15_reg_3060   |  16|   0|   16|          0|
    |trunc_ln52_16_reg_3065   |  16|   0|   16|          0|
    |trunc_ln52_17_reg_3070   |  16|   0|   16|          0|
    |trunc_ln52_18_reg_3075   |  16|   0|   16|          0|
    |trunc_ln52_19_reg_3080   |  16|   0|   16|          0|
    |trunc_ln52_1_reg_2990    |  16|   0|   16|          0|
    |trunc_ln52_20_reg_3085   |  16|   0|   16|          0|
    |trunc_ln52_21_reg_3090   |  16|   0|   16|          0|
    |trunc_ln52_22_reg_3095   |  16|   0|   16|          0|
    |trunc_ln52_23_reg_3100   |  16|   0|   16|          0|
    |trunc_ln52_24_reg_3105   |  16|   0|   16|          0|
    |trunc_ln52_25_reg_3110   |  16|   0|   16|          0|
    |trunc_ln52_26_reg_3115   |  16|   0|   16|          0|
    |trunc_ln52_27_reg_3120   |  16|   0|   16|          0|
    |trunc_ln52_28_reg_3125   |  16|   0|   16|          0|
    |trunc_ln52_29_reg_3130   |  16|   0|   16|          0|
    |trunc_ln52_2_reg_2995    |  16|   0|   16|          0|
    |trunc_ln52_30_reg_3135   |  16|   0|   16|          0|
    |trunc_ln52_31_reg_3140   |  16|   0|   16|          0|
    |trunc_ln52_32_reg_3145   |  16|   0|   16|          0|
    |trunc_ln52_33_reg_3150   |  16|   0|   16|          0|
    |trunc_ln52_34_reg_3155   |  16|   0|   16|          0|
    |trunc_ln52_35_reg_3160   |  16|   0|   16|          0|
    |trunc_ln52_36_reg_3165   |  16|   0|   16|          0|
    |trunc_ln52_37_reg_3170   |  16|   0|   16|          0|
    |trunc_ln52_38_reg_3175   |  16|   0|   16|          0|
    |trunc_ln52_39_reg_3180   |  16|   0|   16|          0|
    |trunc_ln52_3_reg_3000    |  16|   0|   16|          0|
    |trunc_ln52_40_reg_3185   |  16|   0|   16|          0|
    |trunc_ln52_41_reg_3190   |  16|   0|   16|          0|
    |trunc_ln52_42_reg_3195   |  16|   0|   16|          0|
    |trunc_ln52_43_reg_3200   |  16|   0|   16|          0|
    |trunc_ln52_44_reg_3205   |  16|   0|   16|          0|
    |trunc_ln52_45_reg_3210   |  16|   0|   16|          0|
    |trunc_ln52_46_reg_3215   |  16|   0|   16|          0|
    |trunc_ln52_47_reg_3220   |  16|   0|   16|          0|
    |trunc_ln52_48_reg_3225   |  16|   0|   16|          0|
    |trunc_ln52_49_reg_3230   |  16|   0|   16|          0|
    |trunc_ln52_4_reg_3005    |  16|   0|   16|          0|
    |trunc_ln52_50_reg_3235   |  16|   0|   16|          0|
    |trunc_ln52_51_reg_3240   |  16|   0|   16|          0|
    |trunc_ln52_52_reg_3245   |  16|   0|   16|          0|
    |trunc_ln52_53_reg_3250   |  16|   0|   16|          0|
    |trunc_ln52_54_reg_3255   |  16|   0|   16|          0|
    |trunc_ln52_55_reg_3260   |  16|   0|   16|          0|
    |trunc_ln52_56_reg_3265   |  16|   0|   16|          0|
    |trunc_ln52_57_reg_3270   |  16|   0|   16|          0|
    |trunc_ln52_58_reg_3275   |  16|   0|   16|          0|
    |trunc_ln52_59_reg_3280   |  16|   0|   16|          0|
    |trunc_ln52_5_reg_3010    |  16|   0|   16|          0|
    |trunc_ln52_60_reg_3285   |  16|   0|   16|          0|
    |trunc_ln52_61_reg_3290   |  16|   0|   16|          0|
    |trunc_ln52_62_reg_3295   |  16|   0|   16|          0|
    |trunc_ln52_6_reg_3015    |  16|   0|   16|          0|
    |trunc_ln52_7_reg_3020    |  16|   0|   16|          0|
    |trunc_ln52_8_reg_3025    |  16|   0|   16|          0|
    |trunc_ln52_9_reg_3030    |  16|   0|   16|          0|
    |trunc_ln52_s_reg_2985    |  16|   0|   16|          0|
    +-------------------------+----+----+-----+-----------+
    |Total                    |4421|   0| 4421|          0|
    +-------------------------+----+----+-----+-----------+



================================================================
== Interface
================================================================
* Summary: 
+---------------------------+-----+------+------------+------------------------------------------------------------------------+--------------+
|         RTL Ports         | Dir | Bits |  Protocol  |                              Source Object                             |    C Type    |
+---------------------------+-----+------+------------+------------------------------------------------------------------------+--------------+
|ap_clk                     |   in|     1|  ap_ctrl_hs|  relu<array<ap_fixed,64u>,array<ap_fixed<16,6,5,3,0>,64u>,relu_config3>|  return value|
|ap_rst                     |   in|     1|  ap_ctrl_hs|  relu<array<ap_fixed,64u>,array<ap_fixed<16,6,5,3,0>,64u>,relu_config3>|  return value|
|ap_start                   |   in|     1|  ap_ctrl_hs|  relu<array<ap_fixed,64u>,array<ap_fixed<16,6,5,3,0>,64u>,relu_config3>|  return value|
|start_full_n               |   in|     1|  ap_ctrl_hs|  relu<array<ap_fixed,64u>,array<ap_fixed<16,6,5,3,0>,64u>,relu_config3>|  return value|
|ap_done                    |  out|     1|  ap_ctrl_hs|  relu<array<ap_fixed,64u>,array<ap_fixed<16,6,5,3,0>,64u>,relu_config3>|  return value|
|ap_continue                |   in|     1|  ap_ctrl_hs|  relu<array<ap_fixed,64u>,array<ap_fixed<16,6,5,3,0>,64u>,relu_config3>|  return value|
|ap_idle                    |  out|     1|  ap_ctrl_hs|  relu<array<ap_fixed,64u>,array<ap_fixed<16,6,5,3,0>,64u>,relu_config3>|  return value|
|ap_ready                   |  out|     1|  ap_ctrl_hs|  relu<array<ap_fixed,64u>,array<ap_fixed<16,6,5,3,0>,64u>,relu_config3>|  return value|
|start_out                  |  out|     1|  ap_ctrl_hs|  relu<array<ap_fixed,64u>,array<ap_fixed<16,6,5,3,0>,64u>,relu_config3>|  return value|
|start_write                |  out|     1|  ap_ctrl_hs|  relu<array<ap_fixed,64u>,array<ap_fixed<16,6,5,3,0>,64u>,relu_config3>|  return value|
|layer2_out_dout            |   in|  2368|     ap_fifo|                                                              layer2_out|       pointer|
|layer2_out_empty_n         |   in|     1|     ap_fifo|                                                              layer2_out|       pointer|
|layer2_out_read            |  out|     1|     ap_fifo|                                                              layer2_out|       pointer|
|layer2_out_num_data_valid  |   in|     2|     ap_fifo|                                                              layer2_out|       pointer|
|layer2_out_fifo_cap        |   in|     2|     ap_fifo|                                                              layer2_out|       pointer|
|layer3_out_din             |  out|  1024|     ap_fifo|                                                              layer3_out|       pointer|
|layer3_out_full_n          |   in|     1|     ap_fifo|                                                              layer3_out|       pointer|
|layer3_out_write           |  out|     1|     ap_fifo|                                                              layer3_out|       pointer|
|layer3_out_num_data_valid  |   in|     2|     ap_fifo|                                                              layer3_out|       pointer|
|layer3_out_fifo_cap        |   in|     2|     ap_fifo|                                                              layer3_out|       pointer|
+---------------------------+-----+------+------------+------------------------------------------------------------------------+--------------+

============================================================
+ Verbose Summary: Synthesis Manager
============================================================
InlineROM: 1
ExposeGlobal: 0
============================================================
+ Verbose Summary: CDFG Model
============================================================
IsTopModel: 0
ResetActiveHigh: 1
IsCombinational: 2
IsDatapathOnly: 0
HasWiredReturn: 1
HasMFsm: 0
HasVarLatency: 1
IsPipeline: 0
IsRtlPipelined: 0
IsInstanceOverlapped: 0
IsDontTouch: 0
HasImplIP: 0
IsGatedGlobalClock: 0


============================================================
+ Verbose Summary: Schedule
============================================================
* Number of FSM states : 3
* Pipeline : 0
* Dataflow Pipeline: 0

* FSM state transitions: 
1 --> 2 
2 --> 3 
3 --> 

* FSM state operations: 

State 1 <SV = 0> <Delay = 1.82>
ST_1 : Operation 4 [1/1] ( I:1.82ns O:1.82ns )   --->   "%layer2_out_read = read i2368 @_ssdm_op_Read.ap_fifo.volatile.i2368P0A, i2368 %layer2_out" [firmware/nnet_utils/nnet_activation_stream.h:44]   --->   Operation 4 'read' 'layer2_out_read' <Predicate = true> <Delay = 1.82> <CoreInst = "FIFO_SRL">   --->   Core 80 'FIFO_SRL' <Latency = 0> <II = 1> <Delay = 3.63> <Storage> <Opcode : 'read' 'write' 'nbread' 'nbwrite'> <Ports = 0> <Width = 2368> <Depth = 1> <FIFO>
ST_1 : Operation 5 [1/1] (0.00ns)   --->   "%trunc_ln44 = trunc i2368 %layer2_out_read" [firmware/nnet_utils/nnet_activation_stream.h:44]   --->   Operation 5 'trunc' 'trunc_ln44' <Predicate = true> <Delay = 0.00>
ST_1 : Operation 6 [1/1] (0.00ns)   --->   "%trunc_ln44_s = partselect i37 @_ssdm_op_PartSelect.i37.i2368.i32.i32, i2368 %layer2_out_read, i32 37, i32 73" [firmware/nnet_utils/nnet_activation_stream.h:44]   --->   Operation 6 'partselect' 'trunc_ln44_s' <Predicate = true> <Delay = 0.00>
ST_1 : Operation 7 [1/1] (0.00ns)   --->   "%trunc_ln44_1 = partselect i37 @_ssdm_op_PartSelect.i37.i2368.i32.i32, i2368 %layer2_out_read, i32 74, i32 110" [firmware/nnet_utils/nnet_activation_stream.h:44]   --->   Operation 7 'partselect' 'trunc_ln44_1' <Predicate = true> <Delay = 0.00>
ST_1 : Operation 8 [1/1] (0.00ns)   --->   "%trunc_ln44_2 = partselect i37 @_ssdm_op_PartSelect.i37.i2368.i32.i32, i2368 %layer2_out_read, i32 111, i32 147" [firmware/nnet_utils/nnet_activation_stream.h:44]   --->   Operation 8 'partselect' 'trunc_ln44_2' <Predicate = true> <Delay = 0.00>
ST_1 : Operation 9 [1/1] (0.00ns)   --->   "%trunc_ln44_3 = partselect i37 @_ssdm_op_PartSelect.i37.i2368.i32.i32, i2368 %layer2_out_read, i32 148, i32 184" [firmware/nnet_utils/nnet_activation_stream.h:44]   --->   Operation 9 'partselect' 'trunc_ln44_3' <Predicate = true> <Delay = 0.00>
ST_1 : Operation 10 [1/1] (0.00ns)   --->   "%trunc_ln44_4 = partselect i37 @_ssdm_op_PartSelect.i37.i2368.i32.i32, i2368 %layer2_out_read, i32 185, i32 221" [firmware/nnet_utils/nnet_activation_stream.h:44]   --->   Operation 10 'partselect' 'trunc_ln44_4' <Predicate = true> <Delay = 0.00>
ST_1 : Operation 11 [1/1] (0.00ns)   --->   "%trunc_ln44_5 = partselect i37 @_ssdm_op_PartSelect.i37.i2368.i32.i32, i2368 %layer2_out_read, i32 222, i32 258" [firmware/nnet_utils/nnet_activation_stream.h:44]   --->   Operation 11 'partselect' 'trunc_ln44_5' <Predicate = true> <Delay = 0.00>
ST_1 : Operation 12 [1/1] (0.00ns)   --->   "%trunc_ln44_6 = partselect i37 @_ssdm_op_PartSelect.i37.i2368.i32.i32, i2368 %layer2_out_read, i32 259, i32 295" [firmware/nnet_utils/nnet_activation_stream.h:44]   --->   Operation 12 'partselect' 'trunc_ln44_6' <Predicate = true> <Delay = 0.00>
ST_1 : Operation 13 [1/1] (0.00ns)   --->   "%trunc_ln44_7 = partselect i37 @_ssdm_op_PartSelect.i37.i2368.i32.i32, i2368 %layer2_out_read, i32 296, i32 332" [firmware/nnet_utils/nnet_activation_stream.h:44]   --->   Operation 13 'partselect' 'trunc_ln44_7' <Predicate = true> <Delay = 0.00>
ST_1 : Operation 14 [1/1] (0.00ns)   --->   "%trunc_ln44_8 = partselect i37 @_ssdm_op_PartSelect.i37.i2368.i32.i32, i2368 %layer2_out_read, i32 333, i32 369" [firmware/nnet_utils/nnet_activation_stream.h:44]   --->   Operation 14 'partselect' 'trunc_ln44_8' <Predicate = true> <Delay = 0.00>
ST_1 : Operation 15 [1/1] (0.00ns)   --->   "%trunc_ln44_9 = partselect i37 @_ssdm_op_PartSelect.i37.i2368.i32.i32, i2368 %layer2_out_read, i32 370, i32 406" [firmware/nnet_utils/nnet_activation_stream.h:44]   --->   Operation 15 'partselect' 'trunc_ln44_9' <Predicate = true> <Delay = 0.00>
ST_1 : Operation 16 [1/1] (0.00ns)   --->   "%trunc_ln44_10 = partselect i37 @_ssdm_op_PartSelect.i37.i2368.i32.i32, i2368 %layer2_out_read, i32 407, i32 443" [firmware/nnet_utils/nnet_activation_stream.h:44]   --->   Operation 16 'partselect' 'trunc_ln44_10' <Predicate = true> <Delay = 0.00>
ST_1 : Operation 17 [1/1] (0.00ns)   --->   "%trunc_ln44_11 = partselect i37 @_ssdm_op_PartSelect.i37.i2368.i32.i32, i2368 %layer2_out_read, i32 444, i32 480" [firmware/nnet_utils/nnet_activation_stream.h:44]   --->   Operation 17 'partselect' 'trunc_ln44_11' <Predicate = true> <Delay = 0.00>
ST_1 : Operation 18 [1/1] (0.00ns)   --->   "%trunc_ln44_12 = partselect i37 @_ssdm_op_PartSelect.i37.i2368.i32.i32, i2368 %layer2_out_read, i32 481, i32 517" [firmware/nnet_utils/nnet_activation_stream.h:44]   --->   Operation 18 'partselect' 'trunc_ln44_12' <Predicate = true> <Delay = 0.00>
ST_1 : Operation 19 [1/1] (0.00ns)   --->   "%trunc_ln44_13 = partselect i37 @_ssdm_op_PartSelect.i37.i2368.i32.i32, i2368 %layer2_out_read, i32 518, i32 554" [firmware/nnet_utils/nnet_activation_stream.h:44]   --->   Operation 19 'partselect' 'trunc_ln44_13' <Predicate = true> <Delay = 0.00>
ST_1 : Operation 20 [1/1] (0.00ns)   --->   "%trunc_ln44_14 = partselect i37 @_ssdm_op_PartSelect.i37.i2368.i32.i32, i2368 %layer2_out_read, i32 555, i32 591" [firmware/nnet_utils/nnet_activation_stream.h:44]   --->   Operation 20 'partselect' 'trunc_ln44_14' <Predicate = true> <Delay = 0.00>
ST_1 : Operation 21 [1/1] (0.00ns)   --->   "%trunc_ln44_15 = partselect i37 @_ssdm_op_PartSelect.i37.i2368.i32.i32, i2368 %layer2_out_read, i32 592, i32 628" [firmware/nnet_utils/nnet_activation_stream.h:44]   --->   Operation 21 'partselect' 'trunc_ln44_15' <Predicate = true> <Delay = 0.00>
ST_1 : Operation 22 [1/1] (0.00ns)   --->   "%trunc_ln44_16 = partselect i37 @_ssdm_op_PartSelect.i37.i2368.i32.i32, i2368 %layer2_out_read, i32 629, i32 665" [firmware/nnet_utils/nnet_activation_stream.h:44]   --->   Operation 22 'partselect' 'trunc_ln44_16' <Predicate = true> <Delay = 0.00>
ST_1 : Operation 23 [1/1] (0.00ns)   --->   "%trunc_ln44_17 = partselect i37 @_ssdm_op_PartSelect.i37.i2368.i32.i32, i2368 %layer2_out_read, i32 666, i32 702" [firmware/nnet_utils/nnet_activation_stream.h:44]   --->   Operation 23 'partselect' 'trunc_ln44_17' <Predicate = true> <Delay = 0.00>
ST_1 : Operation 24 [1/1] (0.00ns)   --->   "%trunc_ln44_18 = partselect i37 @_ssdm_op_PartSelect.i37.i2368.i32.i32, i2368 %layer2_out_read, i32 703, i32 739" [firmware/nnet_utils/nnet_activation_stream.h:44]   --->   Operation 24 'partselect' 'trunc_ln44_18' <Predicate = true> <Delay = 0.00>
ST_1 : Operation 25 [1/1] (0.00ns)   --->   "%trunc_ln44_19 = partselect i37 @_ssdm_op_PartSelect.i37.i2368.i32.i32, i2368 %layer2_out_read, i32 740, i32 776" [firmware/nnet_utils/nnet_activation_stream.h:44]   --->   Operation 25 'partselect' 'trunc_ln44_19' <Predicate = true> <Delay = 0.00>
ST_1 : Operation 26 [1/1] (0.00ns)   --->   "%trunc_ln44_20 = partselect i37 @_ssdm_op_PartSelect.i37.i2368.i32.i32, i2368 %layer2_out_read, i32 777, i32 813" [firmware/nnet_utils/nnet_activation_stream.h:44]   --->   Operation 26 'partselect' 'trunc_ln44_20' <Predicate = true> <Delay = 0.00>
ST_1 : Operation 27 [1/1] (0.00ns)   --->   "%trunc_ln44_21 = partselect i37 @_ssdm_op_PartSelect.i37.i2368.i32.i32, i2368 %layer2_out_read, i32 814, i32 850" [firmware/nnet_utils/nnet_activation_stream.h:44]   --->   Operation 27 'partselect' 'trunc_ln44_21' <Predicate = true> <Delay = 0.00>
ST_1 : Operation 28 [1/1] (0.00ns)   --->   "%trunc_ln44_22 = partselect i37 @_ssdm_op_PartSelect.i37.i2368.i32.i32, i2368 %layer2_out_read, i32 851, i32 887" [firmware/nnet_utils/nnet_activation_stream.h:44]   --->   Operation 28 'partselect' 'trunc_ln44_22' <Predicate = true> <Delay = 0.00>
ST_1 : Operation 29 [1/1] (0.00ns)   --->   "%trunc_ln44_23 = partselect i37 @_ssdm_op_PartSelect.i37.i2368.i32.i32, i2368 %layer2_out_read, i32 888, i32 924" [firmware/nnet_utils/nnet_activation_stream.h:44]   --->   Operation 29 'partselect' 'trunc_ln44_23' <Predicate = true> <Delay = 0.00>
ST_1 : Operation 30 [1/1] (0.00ns)   --->   "%trunc_ln44_24 = partselect i37 @_ssdm_op_PartSelect.i37.i2368.i32.i32, i2368 %layer2_out_read, i32 925, i32 961" [firmware/nnet_utils/nnet_activation_stream.h:44]   --->   Operation 30 'partselect' 'trunc_ln44_24' <Predicate = true> <Delay = 0.00>
ST_1 : Operation 31 [1/1] (0.00ns)   --->   "%trunc_ln44_25 = partselect i37 @_ssdm_op_PartSelect.i37.i2368.i32.i32, i2368 %layer2_out_read, i32 962, i32 998" [firmware/nnet_utils/nnet_activation_stream.h:44]   --->   Operation 31 'partselect' 'trunc_ln44_25' <Predicate = true> <Delay = 0.00>
ST_1 : Operation 32 [1/1] (0.00ns)   --->   "%trunc_ln44_26 = partselect i37 @_ssdm_op_PartSelect.i37.i2368.i32.i32, i2368 %layer2_out_read, i32 999, i32 1035" [firmware/nnet_utils/nnet_activation_stream.h:44]   --->   Operation 32 'partselect' 'trunc_ln44_26' <Predicate = true> <Delay = 0.00>
ST_1 : Operation 33 [1/1] (0.00ns)   --->   "%trunc_ln44_27 = partselect i37 @_ssdm_op_PartSelect.i37.i2368.i32.i32, i2368 %layer2_out_read, i32 1036, i32 1072" [firmware/nnet_utils/nnet_activation_stream.h:44]   --->   Operation 33 'partselect' 'trunc_ln44_27' <Predicate = true> <Delay = 0.00>
ST_1 : Operation 34 [1/1] (0.00ns)   --->   "%trunc_ln44_28 = partselect i37 @_ssdm_op_PartSelect.i37.i2368.i32.i32, i2368 %layer2_out_read, i32 1073, i32 1109" [firmware/nnet_utils/nnet_activation_stream.h:44]   --->   Operation 34 'partselect' 'trunc_ln44_28' <Predicate = true> <Delay = 0.00>
ST_1 : Operation 35 [1/1] (0.00ns)   --->   "%trunc_ln44_29 = partselect i37 @_ssdm_op_PartSelect.i37.i2368.i32.i32, i2368 %layer2_out_read, i32 1110, i32 1146" [firmware/nnet_utils/nnet_activation_stream.h:44]   --->   Operation 35 'partselect' 'trunc_ln44_29' <Predicate = true> <Delay = 0.00>
ST_1 : Operation 36 [1/1] (0.00ns)   --->   "%trunc_ln44_30 = partselect i37 @_ssdm_op_PartSelect.i37.i2368.i32.i32, i2368 %layer2_out_read, i32 1147, i32 1183" [firmware/nnet_utils/nnet_activation_stream.h:44]   --->   Operation 36 'partselect' 'trunc_ln44_30' <Predicate = true> <Delay = 0.00>
ST_1 : Operation 37 [1/1] (0.00ns)   --->   "%trunc_ln44_31 = partselect i37 @_ssdm_op_PartSelect.i37.i2368.i32.i32, i2368 %layer2_out_read, i32 1184, i32 1220" [firmware/nnet_utils/nnet_activation_stream.h:44]   --->   Operation 37 'partselect' 'trunc_ln44_31' <Predicate = true> <Delay = 0.00>
ST_1 : Operation 38 [1/1] (0.00ns)   --->   "%trunc_ln44_32 = partselect i37 @_ssdm_op_PartSelect.i37.i2368.i32.i32, i2368 %layer2_out_read, i32 1221, i32 1257" [firmware/nnet_utils/nnet_activation_stream.h:44]   --->   Operation 38 'partselect' 'trunc_ln44_32' <Predicate = true> <Delay = 0.00>
ST_1 : Operation 39 [1/1] (0.00ns)   --->   "%trunc_ln44_33 = partselect i37 @_ssdm_op_PartSelect.i37.i2368.i32.i32, i2368 %layer2_out_read, i32 1258, i32 1294" [firmware/nnet_utils/nnet_activation_stream.h:44]   --->   Operation 39 'partselect' 'trunc_ln44_33' <Predicate = true> <Delay = 0.00>
ST_1 : Operation 40 [1/1] (0.00ns)   --->   "%trunc_ln44_34 = partselect i37 @_ssdm_op_PartSelect.i37.i2368.i32.i32, i2368 %layer2_out_read, i32 1295, i32 1331" [firmware/nnet_utils/nnet_activation_stream.h:44]   --->   Operation 40 'partselect' 'trunc_ln44_34' <Predicate = true> <Delay = 0.00>
ST_1 : Operation 41 [1/1] (0.00ns)   --->   "%trunc_ln44_35 = partselect i37 @_ssdm_op_PartSelect.i37.i2368.i32.i32, i2368 %layer2_out_read, i32 1332, i32 1368" [firmware/nnet_utils/nnet_activation_stream.h:44]   --->   Operation 41 'partselect' 'trunc_ln44_35' <Predicate = true> <Delay = 0.00>
ST_1 : Operation 42 [1/1] (0.00ns)   --->   "%trunc_ln44_36 = partselect i37 @_ssdm_op_PartSelect.i37.i2368.i32.i32, i2368 %layer2_out_read, i32 1369, i32 1405" [firmware/nnet_utils/nnet_activation_stream.h:44]   --->   Operation 42 'partselect' 'trunc_ln44_36' <Predicate = true> <Delay = 0.00>
ST_1 : Operation 43 [1/1] (0.00ns)   --->   "%trunc_ln44_37 = partselect i37 @_ssdm_op_PartSelect.i37.i2368.i32.i32, i2368 %layer2_out_read, i32 1406, i32 1442" [firmware/nnet_utils/nnet_activation_stream.h:44]   --->   Operation 43 'partselect' 'trunc_ln44_37' <Predicate = true> <Delay = 0.00>
ST_1 : Operation 44 [1/1] (0.00ns)   --->   "%trunc_ln44_38 = partselect i37 @_ssdm_op_PartSelect.i37.i2368.i32.i32, i2368 %layer2_out_read, i32 1443, i32 1479" [firmware/nnet_utils/nnet_activation_stream.h:44]   --->   Operation 44 'partselect' 'trunc_ln44_38' <Predicate = true> <Delay = 0.00>
ST_1 : Operation 45 [1/1] (0.00ns)   --->   "%trunc_ln44_39 = partselect i37 @_ssdm_op_PartSelect.i37.i2368.i32.i32, i2368 %layer2_out_read, i32 1480, i32 1516" [firmware/nnet_utils/nnet_activation_stream.h:44]   --->   Operation 45 'partselect' 'trunc_ln44_39' <Predicate = true> <Delay = 0.00>
ST_1 : Operation 46 [1/1] (0.00ns)   --->   "%trunc_ln44_40 = partselect i37 @_ssdm_op_PartSelect.i37.i2368.i32.i32, i2368 %layer2_out_read, i32 1517, i32 1553" [firmware/nnet_utils/nnet_activation_stream.h:44]   --->   Operation 46 'partselect' 'trunc_ln44_40' <Predicate = true> <Delay = 0.00>
ST_1 : Operation 47 [1/1] (0.00ns)   --->   "%trunc_ln44_41 = partselect i37 @_ssdm_op_PartSelect.i37.i2368.i32.i32, i2368 %layer2_out_read, i32 1554, i32 1590" [firmware/nnet_utils/nnet_activation_stream.h:44]   --->   Operation 47 'partselect' 'trunc_ln44_41' <Predicate = true> <Delay = 0.00>
ST_1 : Operation 48 [1/1] (0.00ns)   --->   "%trunc_ln44_42 = partselect i37 @_ssdm_op_PartSelect.i37.i2368.i32.i32, i2368 %layer2_out_read, i32 1591, i32 1627" [firmware/nnet_utils/nnet_activation_stream.h:44]   --->   Operation 48 'partselect' 'trunc_ln44_42' <Predicate = true> <Delay = 0.00>
ST_1 : Operation 49 [1/1] (0.00ns)   --->   "%trunc_ln44_43 = partselect i37 @_ssdm_op_PartSelect.i37.i2368.i32.i32, i2368 %layer2_out_read, i32 1628, i32 1664" [firmware/nnet_utils/nnet_activation_stream.h:44]   --->   Operation 49 'partselect' 'trunc_ln44_43' <Predicate = true> <Delay = 0.00>
ST_1 : Operation 50 [1/1] (0.00ns)   --->   "%trunc_ln44_44 = partselect i37 @_ssdm_op_PartSelect.i37.i2368.i32.i32, i2368 %layer2_out_read, i32 1665, i32 1701" [firmware/nnet_utils/nnet_activation_stream.h:44]   --->   Operation 50 'partselect' 'trunc_ln44_44' <Predicate = true> <Delay = 0.00>
ST_1 : Operation 51 [1/1] (0.00ns)   --->   "%trunc_ln44_45 = partselect i37 @_ssdm_op_PartSelect.i37.i2368.i32.i32, i2368 %layer2_out_read, i32 1702, i32 1738" [firmware/nnet_utils/nnet_activation_stream.h:44]   --->   Operation 51 'partselect' 'trunc_ln44_45' <Predicate = true> <Delay = 0.00>
ST_1 : Operation 52 [1/1] (0.00ns)   --->   "%trunc_ln44_46 = partselect i37 @_ssdm_op_PartSelect.i37.i2368.i32.i32, i2368 %layer2_out_read, i32 1739, i32 1775" [firmware/nnet_utils/nnet_activation_stream.h:44]   --->   Operation 52 'partselect' 'trunc_ln44_46' <Predicate = true> <Delay = 0.00>
ST_1 : Operation 53 [1/1] (0.00ns)   --->   "%trunc_ln44_47 = partselect i37 @_ssdm_op_PartSelect.i37.i2368.i32.i32, i2368 %layer2_out_read, i32 1776, i32 1812" [firmware/nnet_utils/nnet_activation_stream.h:44]   --->   Operation 53 'partselect' 'trunc_ln44_47' <Predicate = true> <Delay = 0.00>
ST_1 : Operation 54 [1/1] (0.00ns)   --->   "%trunc_ln44_48 = partselect i37 @_ssdm_op_PartSelect.i37.i2368.i32.i32, i2368 %layer2_out_read, i32 1813, i32 1849" [firmware/nnet_utils/nnet_activation_stream.h:44]   --->   Operation 54 'partselect' 'trunc_ln44_48' <Predicate = true> <Delay = 0.00>
ST_1 : Operation 55 [1/1] (0.00ns)   --->   "%trunc_ln44_49 = partselect i37 @_ssdm_op_PartSelect.i37.i2368.i32.i32, i2368 %layer2_out_read, i32 1850, i32 1886" [firmware/nnet_utils/nnet_activation_stream.h:44]   --->   Operation 55 'partselect' 'trunc_ln44_49' <Predicate = true> <Delay = 0.00>
ST_1 : Operation 56 [1/1] (0.00ns)   --->   "%trunc_ln44_50 = partselect i37 @_ssdm_op_PartSelect.i37.i2368.i32.i32, i2368 %layer2_out_read, i32 1887, i32 1923" [firmware/nnet_utils/nnet_activation_stream.h:44]   --->   Operation 56 'partselect' 'trunc_ln44_50' <Predicate = true> <Delay = 0.00>
ST_1 : Operation 57 [1/1] (0.00ns)   --->   "%trunc_ln44_51 = partselect i37 @_ssdm_op_PartSelect.i37.i2368.i32.i32, i2368 %layer2_out_read, i32 1924, i32 1960" [firmware/nnet_utils/nnet_activation_stream.h:44]   --->   Operation 57 'partselect' 'trunc_ln44_51' <Predicate = true> <Delay = 0.00>
ST_1 : Operation 58 [1/1] (0.00ns)   --->   "%trunc_ln44_52 = partselect i37 @_ssdm_op_PartSelect.i37.i2368.i32.i32, i2368 %layer2_out_read, i32 1961, i32 1997" [firmware/nnet_utils/nnet_activation_stream.h:44]   --->   Operation 58 'partselect' 'trunc_ln44_52' <Predicate = true> <Delay = 0.00>
ST_1 : Operation 59 [1/1] (0.00ns)   --->   "%trunc_ln44_53 = partselect i37 @_ssdm_op_PartSelect.i37.i2368.i32.i32, i2368 %layer2_out_read, i32 1998, i32 2034" [firmware/nnet_utils/nnet_activation_stream.h:44]   --->   Operation 59 'partselect' 'trunc_ln44_53' <Predicate = true> <Delay = 0.00>
ST_1 : Operation 60 [1/1] (0.00ns)   --->   "%trunc_ln44_54 = partselect i37 @_ssdm_op_PartSelect.i37.i2368.i32.i32, i2368 %layer2_out_read, i32 2035, i32 2071" [firmware/nnet_utils/nnet_activation_stream.h:44]   --->   Operation 60 'partselect' 'trunc_ln44_54' <Predicate = true> <Delay = 0.00>
ST_1 : Operation 61 [1/1] (0.00ns)   --->   "%trunc_ln44_55 = partselect i37 @_ssdm_op_PartSelect.i37.i2368.i32.i32, i2368 %layer2_out_read, i32 2072, i32 2108" [firmware/nnet_utils/nnet_activation_stream.h:44]   --->   Operation 61 'partselect' 'trunc_ln44_55' <Predicate = true> <Delay = 0.00>
ST_1 : Operation 62 [1/1] (0.00ns)   --->   "%trunc_ln44_56 = partselect i37 @_ssdm_op_PartSelect.i37.i2368.i32.i32, i2368 %layer2_out_read, i32 2109, i32 2145" [firmware/nnet_utils/nnet_activation_stream.h:44]   --->   Operation 62 'partselect' 'trunc_ln44_56' <Predicate = true> <Delay = 0.00>
ST_1 : Operation 63 [1/1] (0.00ns)   --->   "%trunc_ln44_57 = partselect i37 @_ssdm_op_PartSelect.i37.i2368.i32.i32, i2368 %layer2_out_read, i32 2146, i32 2182" [firmware/nnet_utils/nnet_activation_stream.h:44]   --->   Operation 63 'partselect' 'trunc_ln44_57' <Predicate = true> <Delay = 0.00>
ST_1 : Operation 64 [1/1] (0.00ns)   --->   "%trunc_ln44_58 = partselect i37 @_ssdm_op_PartSelect.i37.i2368.i32.i32, i2368 %layer2_out_read, i32 2183, i32 2219" [firmware/nnet_utils/nnet_activation_stream.h:44]   --->   Operation 64 'partselect' 'trunc_ln44_58' <Predicate = true> <Delay = 0.00>
ST_1 : Operation 65 [1/1] (0.00ns)   --->   "%trunc_ln44_59 = partselect i37 @_ssdm_op_PartSelect.i37.i2368.i32.i32, i2368 %layer2_out_read, i32 2220, i32 2256" [firmware/nnet_utils/nnet_activation_stream.h:44]   --->   Operation 65 'partselect' 'trunc_ln44_59' <Predicate = true> <Delay = 0.00>
ST_1 : Operation 66 [1/1] (0.00ns)   --->   "%trunc_ln44_60 = partselect i37 @_ssdm_op_PartSelect.i37.i2368.i32.i32, i2368 %layer2_out_read, i32 2257, i32 2293" [firmware/nnet_utils/nnet_activation_stream.h:44]   --->   Operation 66 'partselect' 'trunc_ln44_60' <Predicate = true> <Delay = 0.00>
ST_1 : Operation 67 [1/1] (0.00ns)   --->   "%trunc_ln44_61 = partselect i37 @_ssdm_op_PartSelect.i37.i2368.i32.i32, i2368 %layer2_out_read, i32 2294, i32 2330" [firmware/nnet_utils/nnet_activation_stream.h:44]   --->   Operation 67 'partselect' 'trunc_ln44_61' <Predicate = true> <Delay = 0.00>
ST_1 : Operation 68 [1/1] (0.00ns)   --->   "%trunc_ln44_62 = partselect i37 @_ssdm_op_PartSelect.i37.i2368.i32.i32, i2368 %layer2_out_read, i32 2331, i32 2367" [firmware/nnet_utils/nnet_activation_stream.h:44]   --->   Operation 68 'partselect' 'trunc_ln44_62' <Predicate = true> <Delay = 0.00>
ST_1 : Operation 69 [1/1] (0.00ns)   --->   "%trunc_ln4 = partselect i16 @_ssdm_op_PartSelect.i16.i2368.i32.i32, i2368 %layer2_out_read, i32 10, i32 25" [firmware/nnet_utils/nnet_activation_stream.h:52]   --->   Operation 69 'partselect' 'trunc_ln4' <Predicate = true> <Delay = 0.00>
ST_1 : Operation 70 [1/1] (0.00ns)   --->   "%trunc_ln52_s = partselect i16 @_ssdm_op_PartSelect.i16.i2368.i32.i32, i2368 %layer2_out_read, i32 47, i32 62" [firmware/nnet_utils/nnet_activation_stream.h:52]   --->   Operation 70 'partselect' 'trunc_ln52_s' <Predicate = true> <Delay = 0.00>
ST_1 : Operation 71 [1/1] (0.00ns)   --->   "%trunc_ln52_1 = partselect i16 @_ssdm_op_PartSelect.i16.i2368.i32.i32, i2368 %layer2_out_read, i32 84, i32 99" [firmware/nnet_utils/nnet_activation_stream.h:52]   --->   Operation 71 'partselect' 'trunc_ln52_1' <Predicate = true> <Delay = 0.00>
ST_1 : Operation 72 [1/1] (0.00ns)   --->   "%trunc_ln52_2 = partselect i16 @_ssdm_op_PartSelect.i16.i2368.i32.i32, i2368 %layer2_out_read, i32 121, i32 136" [firmware/nnet_utils/nnet_activation_stream.h:52]   --->   Operation 72 'partselect' 'trunc_ln52_2' <Predicate = true> <Delay = 0.00>
ST_1 : Operation 73 [1/1] (0.00ns)   --->   "%trunc_ln52_3 = partselect i16 @_ssdm_op_PartSelect.i16.i2368.i32.i32, i2368 %layer2_out_read, i32 158, i32 173" [firmware/nnet_utils/nnet_activation_stream.h:52]   --->   Operation 73 'partselect' 'trunc_ln52_3' <Predicate = true> <Delay = 0.00>
ST_1 : Operation 74 [1/1] (0.00ns)   --->   "%trunc_ln52_4 = partselect i16 @_ssdm_op_PartSelect.i16.i2368.i32.i32, i2368 %layer2_out_read, i32 195, i32 210" [firmware/nnet_utils/nnet_activation_stream.h:52]   --->   Operation 74 'partselect' 'trunc_ln52_4' <Predicate = true> <Delay = 0.00>
ST_1 : Operation 75 [1/1] (0.00ns)   --->   "%trunc_ln52_5 = partselect i16 @_ssdm_op_PartSelect.i16.i2368.i32.i32, i2368 %layer2_out_read, i32 232, i32 247" [firmware/nnet_utils/nnet_activation_stream.h:52]   --->   Operation 75 'partselect' 'trunc_ln52_5' <Predicate = true> <Delay = 0.00>
ST_1 : Operation 76 [1/1] (0.00ns)   --->   "%trunc_ln52_6 = partselect i16 @_ssdm_op_PartSelect.i16.i2368.i32.i32, i2368 %layer2_out_read, i32 269, i32 284" [firmware/nnet_utils/nnet_activation_stream.h:52]   --->   Operation 76 'partselect' 'trunc_ln52_6' <Predicate = true> <Delay = 0.00>
ST_1 : Operation 77 [1/1] (0.00ns)   --->   "%trunc_ln52_7 = partselect i16 @_ssdm_op_PartSelect.i16.i2368.i32.i32, i2368 %layer2_out_read, i32 306, i32 321" [firmware/nnet_utils/nnet_activation_stream.h:52]   --->   Operation 77 'partselect' 'trunc_ln52_7' <Predicate = true> <Delay = 0.00>
ST_1 : Operation 78 [1/1] (0.00ns)   --->   "%trunc_ln52_8 = partselect i16 @_ssdm_op_PartSelect.i16.i2368.i32.i32, i2368 %layer2_out_read, i32 343, i32 358" [firmware/nnet_utils/nnet_activation_stream.h:52]   --->   Operation 78 'partselect' 'trunc_ln52_8' <Predicate = true> <Delay = 0.00>
ST_1 : Operation 79 [1/1] (0.00ns)   --->   "%trunc_ln52_9 = partselect i16 @_ssdm_op_PartSelect.i16.i2368.i32.i32, i2368 %layer2_out_read, i32 380, i32 395" [firmware/nnet_utils/nnet_activation_stream.h:52]   --->   Operation 79 'partselect' 'trunc_ln52_9' <Predicate = true> <Delay = 0.00>
ST_1 : Operation 80 [1/1] (0.00ns)   --->   "%trunc_ln52_10 = partselect i16 @_ssdm_op_PartSelect.i16.i2368.i32.i32, i2368 %layer2_out_read, i32 417, i32 432" [firmware/nnet_utils/nnet_activation_stream.h:52]   --->   Operation 80 'partselect' 'trunc_ln52_10' <Predicate = true> <Delay = 0.00>
ST_1 : Operation 81 [1/1] (0.00ns)   --->   "%trunc_ln52_11 = partselect i16 @_ssdm_op_PartSelect.i16.i2368.i32.i32, i2368 %layer2_out_read, i32 454, i32 469" [firmware/nnet_utils/nnet_activation_stream.h:52]   --->   Operation 81 'partselect' 'trunc_ln52_11' <Predicate = true> <Delay = 0.00>
ST_1 : Operation 82 [1/1] (0.00ns)   --->   "%trunc_ln52_12 = partselect i16 @_ssdm_op_PartSelect.i16.i2368.i32.i32, i2368 %layer2_out_read, i32 491, i32 506" [firmware/nnet_utils/nnet_activation_stream.h:52]   --->   Operation 82 'partselect' 'trunc_ln52_12' <Predicate = true> <Delay = 0.00>
ST_1 : Operation 83 [1/1] (0.00ns)   --->   "%trunc_ln52_13 = partselect i16 @_ssdm_op_PartSelect.i16.i2368.i32.i32, i2368 %layer2_out_read, i32 528, i32 543" [firmware/nnet_utils/nnet_activation_stream.h:52]   --->   Operation 83 'partselect' 'trunc_ln52_13' <Predicate = true> <Delay = 0.00>
ST_1 : Operation 84 [1/1] (0.00ns)   --->   "%trunc_ln52_14 = partselect i16 @_ssdm_op_PartSelect.i16.i2368.i32.i32, i2368 %layer2_out_read, i32 565, i32 580" [firmware/nnet_utils/nnet_activation_stream.h:52]   --->   Operation 84 'partselect' 'trunc_ln52_14' <Predicate = true> <Delay = 0.00>
ST_1 : Operation 85 [1/1] (0.00ns)   --->   "%trunc_ln52_15 = partselect i16 @_ssdm_op_PartSelect.i16.i2368.i32.i32, i2368 %layer2_out_read, i32 602, i32 617" [firmware/nnet_utils/nnet_activation_stream.h:52]   --->   Operation 85 'partselect' 'trunc_ln52_15' <Predicate = true> <Delay = 0.00>
ST_1 : Operation 86 [1/1] (0.00ns)   --->   "%trunc_ln52_16 = partselect i16 @_ssdm_op_PartSelect.i16.i2368.i32.i32, i2368 %layer2_out_read, i32 639, i32 654" [firmware/nnet_utils/nnet_activation_stream.h:52]   --->   Operation 86 'partselect' 'trunc_ln52_16' <Predicate = true> <Delay = 0.00>
ST_1 : Operation 87 [1/1] (0.00ns)   --->   "%trunc_ln52_17 = partselect i16 @_ssdm_op_PartSelect.i16.i2368.i32.i32, i2368 %layer2_out_read, i32 676, i32 691" [firmware/nnet_utils/nnet_activation_stream.h:52]   --->   Operation 87 'partselect' 'trunc_ln52_17' <Predicate = true> <Delay = 0.00>
ST_1 : Operation 88 [1/1] (0.00ns)   --->   "%trunc_ln52_18 = partselect i16 @_ssdm_op_PartSelect.i16.i2368.i32.i32, i2368 %layer2_out_read, i32 713, i32 728" [firmware/nnet_utils/nnet_activation_stream.h:52]   --->   Operation 88 'partselect' 'trunc_ln52_18' <Predicate = true> <Delay = 0.00>
ST_1 : Operation 89 [1/1] (0.00ns)   --->   "%trunc_ln52_19 = partselect i16 @_ssdm_op_PartSelect.i16.i2368.i32.i32, i2368 %layer2_out_read, i32 750, i32 765" [firmware/nnet_utils/nnet_activation_stream.h:52]   --->   Operation 89 'partselect' 'trunc_ln52_19' <Predicate = true> <Delay = 0.00>
ST_1 : Operation 90 [1/1] (0.00ns)   --->   "%trunc_ln52_20 = partselect i16 @_ssdm_op_PartSelect.i16.i2368.i32.i32, i2368 %layer2_out_read, i32 787, i32 802" [firmware/nnet_utils/nnet_activation_stream.h:52]   --->   Operation 90 'partselect' 'trunc_ln52_20' <Predicate = true> <Delay = 0.00>
ST_1 : Operation 91 [1/1] (0.00ns)   --->   "%trunc_ln52_21 = partselect i16 @_ssdm_op_PartSelect.i16.i2368.i32.i32, i2368 %layer2_out_read, i32 824, i32 839" [firmware/nnet_utils/nnet_activation_stream.h:52]   --->   Operation 91 'partselect' 'trunc_ln52_21' <Predicate = true> <Delay = 0.00>
ST_1 : Operation 92 [1/1] (0.00ns)   --->   "%trunc_ln52_22 = partselect i16 @_ssdm_op_PartSelect.i16.i2368.i32.i32, i2368 %layer2_out_read, i32 861, i32 876" [firmware/nnet_utils/nnet_activation_stream.h:52]   --->   Operation 92 'partselect' 'trunc_ln52_22' <Predicate = true> <Delay = 0.00>
ST_1 : Operation 93 [1/1] (0.00ns)   --->   "%trunc_ln52_23 = partselect i16 @_ssdm_op_PartSelect.i16.i2368.i32.i32, i2368 %layer2_out_read, i32 898, i32 913" [firmware/nnet_utils/nnet_activation_stream.h:52]   --->   Operation 93 'partselect' 'trunc_ln52_23' <Predicate = true> <Delay = 0.00>
ST_1 : Operation 94 [1/1] (0.00ns)   --->   "%trunc_ln52_24 = partselect i16 @_ssdm_op_PartSelect.i16.i2368.i32.i32, i2368 %layer2_out_read, i32 935, i32 950" [firmware/nnet_utils/nnet_activation_stream.h:52]   --->   Operation 94 'partselect' 'trunc_ln52_24' <Predicate = true> <Delay = 0.00>
ST_1 : Operation 95 [1/1] (0.00ns)   --->   "%trunc_ln52_25 = partselect i16 @_ssdm_op_PartSelect.i16.i2368.i32.i32, i2368 %layer2_out_read, i32 972, i32 987" [firmware/nnet_utils/nnet_activation_stream.h:52]   --->   Operation 95 'partselect' 'trunc_ln52_25' <Predicate = true> <Delay = 0.00>
ST_1 : Operation 96 [1/1] (0.00ns)   --->   "%trunc_ln52_26 = partselect i16 @_ssdm_op_PartSelect.i16.i2368.i32.i32, i2368 %layer2_out_read, i32 1009, i32 1024" [firmware/nnet_utils/nnet_activation_stream.h:52]   --->   Operation 96 'partselect' 'trunc_ln52_26' <Predicate = true> <Delay = 0.00>
ST_1 : Operation 97 [1/1] (0.00ns)   --->   "%trunc_ln52_27 = partselect i16 @_ssdm_op_PartSelect.i16.i2368.i32.i32, i2368 %layer2_out_read, i32 1046, i32 1061" [firmware/nnet_utils/nnet_activation_stream.h:52]   --->   Operation 97 'partselect' 'trunc_ln52_27' <Predicate = true> <Delay = 0.00>
ST_1 : Operation 98 [1/1] (0.00ns)   --->   "%trunc_ln52_28 = partselect i16 @_ssdm_op_PartSelect.i16.i2368.i32.i32, i2368 %layer2_out_read, i32 1083, i32 1098" [firmware/nnet_utils/nnet_activation_stream.h:52]   --->   Operation 98 'partselect' 'trunc_ln52_28' <Predicate = true> <Delay = 0.00>
ST_1 : Operation 99 [1/1] (0.00ns)   --->   "%trunc_ln52_29 = partselect i16 @_ssdm_op_PartSelect.i16.i2368.i32.i32, i2368 %layer2_out_read, i32 1120, i32 1135" [firmware/nnet_utils/nnet_activation_stream.h:52]   --->   Operation 99 'partselect' 'trunc_ln52_29' <Predicate = true> <Delay = 0.00>
ST_1 : Operation 100 [1/1] (0.00ns)   --->   "%trunc_ln52_30 = partselect i16 @_ssdm_op_PartSelect.i16.i2368.i32.i32, i2368 %layer2_out_read, i32 1157, i32 1172" [firmware/nnet_utils/nnet_activation_stream.h:52]   --->   Operation 100 'partselect' 'trunc_ln52_30' <Predicate = true> <Delay = 0.00>
ST_1 : Operation 101 [1/1] (0.00ns)   --->   "%trunc_ln52_31 = partselect i16 @_ssdm_op_PartSelect.i16.i2368.i32.i32, i2368 %layer2_out_read, i32 1194, i32 1209" [firmware/nnet_utils/nnet_activation_stream.h:52]   --->   Operation 101 'partselect' 'trunc_ln52_31' <Predicate = true> <Delay = 0.00>
ST_1 : Operation 102 [1/1] (0.00ns)   --->   "%trunc_ln52_32 = partselect i16 @_ssdm_op_PartSelect.i16.i2368.i32.i32, i2368 %layer2_out_read, i32 1231, i32 1246" [firmware/nnet_utils/nnet_activation_stream.h:52]   --->   Operation 102 'partselect' 'trunc_ln52_32' <Predicate = true> <Delay = 0.00>
ST_1 : Operation 103 [1/1] (0.00ns)   --->   "%trunc_ln52_33 = partselect i16 @_ssdm_op_PartSelect.i16.i2368.i32.i32, i2368 %layer2_out_read, i32 1268, i32 1283" [firmware/nnet_utils/nnet_activation_stream.h:52]   --->   Operation 103 'partselect' 'trunc_ln52_33' <Predicate = true> <Delay = 0.00>
ST_1 : Operation 104 [1/1] (0.00ns)   --->   "%trunc_ln52_34 = partselect i16 @_ssdm_op_PartSelect.i16.i2368.i32.i32, i2368 %layer2_out_read, i32 1305, i32 1320" [firmware/nnet_utils/nnet_activation_stream.h:52]   --->   Operation 104 'partselect' 'trunc_ln52_34' <Predicate = true> <Delay = 0.00>
ST_1 : Operation 105 [1/1] (0.00ns)   --->   "%trunc_ln52_35 = partselect i16 @_ssdm_op_PartSelect.i16.i2368.i32.i32, i2368 %layer2_out_read, i32 1342, i32 1357" [firmware/nnet_utils/nnet_activation_stream.h:52]   --->   Operation 105 'partselect' 'trunc_ln52_35' <Predicate = true> <Delay = 0.00>
ST_1 : Operation 106 [1/1] (0.00ns)   --->   "%trunc_ln52_36 = partselect i16 @_ssdm_op_PartSelect.i16.i2368.i32.i32, i2368 %layer2_out_read, i32 1379, i32 1394" [firmware/nnet_utils/nnet_activation_stream.h:52]   --->   Operation 106 'partselect' 'trunc_ln52_36' <Predicate = true> <Delay = 0.00>
ST_1 : Operation 107 [1/1] (0.00ns)   --->   "%trunc_ln52_37 = partselect i16 @_ssdm_op_PartSelect.i16.i2368.i32.i32, i2368 %layer2_out_read, i32 1416, i32 1431" [firmware/nnet_utils/nnet_activation_stream.h:52]   --->   Operation 107 'partselect' 'trunc_ln52_37' <Predicate = true> <Delay = 0.00>
ST_1 : Operation 108 [1/1] (0.00ns)   --->   "%trunc_ln52_38 = partselect i16 @_ssdm_op_PartSelect.i16.i2368.i32.i32, i2368 %layer2_out_read, i32 1453, i32 1468" [firmware/nnet_utils/nnet_activation_stream.h:52]   --->   Operation 108 'partselect' 'trunc_ln52_38' <Predicate = true> <Delay = 0.00>
ST_1 : Operation 109 [1/1] (0.00ns)   --->   "%trunc_ln52_39 = partselect i16 @_ssdm_op_PartSelect.i16.i2368.i32.i32, i2368 %layer2_out_read, i32 1490, i32 1505" [firmware/nnet_utils/nnet_activation_stream.h:52]   --->   Operation 109 'partselect' 'trunc_ln52_39' <Predicate = true> <Delay = 0.00>
ST_1 : Operation 110 [1/1] (0.00ns)   --->   "%trunc_ln52_40 = partselect i16 @_ssdm_op_PartSelect.i16.i2368.i32.i32, i2368 %layer2_out_read, i32 1527, i32 1542" [firmware/nnet_utils/nnet_activation_stream.h:52]   --->   Operation 110 'partselect' 'trunc_ln52_40' <Predicate = true> <Delay = 0.00>
ST_1 : Operation 111 [1/1] (0.00ns)   --->   "%trunc_ln52_41 = partselect i16 @_ssdm_op_PartSelect.i16.i2368.i32.i32, i2368 %layer2_out_read, i32 1564, i32 1579" [firmware/nnet_utils/nnet_activation_stream.h:52]   --->   Operation 111 'partselect' 'trunc_ln52_41' <Predicate = true> <Delay = 0.00>
ST_1 : Operation 112 [1/1] (0.00ns)   --->   "%trunc_ln52_42 = partselect i16 @_ssdm_op_PartSelect.i16.i2368.i32.i32, i2368 %layer2_out_read, i32 1601, i32 1616" [firmware/nnet_utils/nnet_activation_stream.h:52]   --->   Operation 112 'partselect' 'trunc_ln52_42' <Predicate = true> <Delay = 0.00>
ST_1 : Operation 113 [1/1] (0.00ns)   --->   "%trunc_ln52_43 = partselect i16 @_ssdm_op_PartSelect.i16.i2368.i32.i32, i2368 %layer2_out_read, i32 1638, i32 1653" [firmware/nnet_utils/nnet_activation_stream.h:52]   --->   Operation 113 'partselect' 'trunc_ln52_43' <Predicate = true> <Delay = 0.00>
ST_1 : Operation 114 [1/1] (0.00ns)   --->   "%trunc_ln52_44 = partselect i16 @_ssdm_op_PartSelect.i16.i2368.i32.i32, i2368 %layer2_out_read, i32 1675, i32 1690" [firmware/nnet_utils/nnet_activation_stream.h:52]   --->   Operation 114 'partselect' 'trunc_ln52_44' <Predicate = true> <Delay = 0.00>
ST_1 : Operation 115 [1/1] (0.00ns)   --->   "%trunc_ln52_45 = partselect i16 @_ssdm_op_PartSelect.i16.i2368.i32.i32, i2368 %layer2_out_read, i32 1712, i32 1727" [firmware/nnet_utils/nnet_activation_stream.h:52]   --->   Operation 115 'partselect' 'trunc_ln52_45' <Predicate = true> <Delay = 0.00>
ST_1 : Operation 116 [1/1] (0.00ns)   --->   "%trunc_ln52_46 = partselect i16 @_ssdm_op_PartSelect.i16.i2368.i32.i32, i2368 %layer2_out_read, i32 1749, i32 1764" [firmware/nnet_utils/nnet_activation_stream.h:52]   --->   Operation 116 'partselect' 'trunc_ln52_46' <Predicate = true> <Delay = 0.00>
ST_1 : Operation 117 [1/1] (0.00ns)   --->   "%trunc_ln52_47 = partselect i16 @_ssdm_op_PartSelect.i16.i2368.i32.i32, i2368 %layer2_out_read, i32 1786, i32 1801" [firmware/nnet_utils/nnet_activation_stream.h:52]   --->   Operation 117 'partselect' 'trunc_ln52_47' <Predicate = true> <Delay = 0.00>
ST_1 : Operation 118 [1/1] (0.00ns)   --->   "%trunc_ln52_48 = partselect i16 @_ssdm_op_PartSelect.i16.i2368.i32.i32, i2368 %layer2_out_read, i32 1823, i32 1838" [firmware/nnet_utils/nnet_activation_stream.h:52]   --->   Operation 118 'partselect' 'trunc_ln52_48' <Predicate = true> <Delay = 0.00>
ST_1 : Operation 119 [1/1] (0.00ns)   --->   "%trunc_ln52_49 = partselect i16 @_ssdm_op_PartSelect.i16.i2368.i32.i32, i2368 %layer2_out_read, i32 1860, i32 1875" [firmware/nnet_utils/nnet_activation_stream.h:52]   --->   Operation 119 'partselect' 'trunc_ln52_49' <Predicate = true> <Delay = 0.00>
ST_1 : Operation 120 [1/1] (0.00ns)   --->   "%trunc_ln52_50 = partselect i16 @_ssdm_op_PartSelect.i16.i2368.i32.i32, i2368 %layer2_out_read, i32 1897, i32 1912" [firmware/nnet_utils/nnet_activation_stream.h:52]   --->   Operation 120 'partselect' 'trunc_ln52_50' <Predicate = true> <Delay = 0.00>
ST_1 : Operation 121 [1/1] (0.00ns)   --->   "%trunc_ln52_51 = partselect i16 @_ssdm_op_PartSelect.i16.i2368.i32.i32, i2368 %layer2_out_read, i32 1934, i32 1949" [firmware/nnet_utils/nnet_activation_stream.h:52]   --->   Operation 121 'partselect' 'trunc_ln52_51' <Predicate = true> <Delay = 0.00>
ST_1 : Operation 122 [1/1] (0.00ns)   --->   "%trunc_ln52_52 = partselect i16 @_ssdm_op_PartSelect.i16.i2368.i32.i32, i2368 %layer2_out_read, i32 1971, i32 1986" [firmware/nnet_utils/nnet_activation_stream.h:52]   --->   Operation 122 'partselect' 'trunc_ln52_52' <Predicate = true> <Delay = 0.00>
ST_1 : Operation 123 [1/1] (0.00ns)   --->   "%trunc_ln52_53 = partselect i16 @_ssdm_op_PartSelect.i16.i2368.i32.i32, i2368 %layer2_out_read, i32 2008, i32 2023" [firmware/nnet_utils/nnet_activation_stream.h:52]   --->   Operation 123 'partselect' 'trunc_ln52_53' <Predicate = true> <Delay = 0.00>
ST_1 : Operation 124 [1/1] (0.00ns)   --->   "%trunc_ln52_54 = partselect i16 @_ssdm_op_PartSelect.i16.i2368.i32.i32, i2368 %layer2_out_read, i32 2045, i32 2060" [firmware/nnet_utils/nnet_activation_stream.h:52]   --->   Operation 124 'partselect' 'trunc_ln52_54' <Predicate = true> <Delay = 0.00>
ST_1 : Operation 125 [1/1] (0.00ns)   --->   "%trunc_ln52_55 = partselect i16 @_ssdm_op_PartSelect.i16.i2368.i32.i32, i2368 %layer2_out_read, i32 2082, i32 2097" [firmware/nnet_utils/nnet_activation_stream.h:52]   --->   Operation 125 'partselect' 'trunc_ln52_55' <Predicate = true> <Delay = 0.00>
ST_1 : Operation 126 [1/1] (0.00ns)   --->   "%trunc_ln52_56 = partselect i16 @_ssdm_op_PartSelect.i16.i2368.i32.i32, i2368 %layer2_out_read, i32 2119, i32 2134" [firmware/nnet_utils/nnet_activation_stream.h:52]   --->   Operation 126 'partselect' 'trunc_ln52_56' <Predicate = true> <Delay = 0.00>
ST_1 : Operation 127 [1/1] (0.00ns)   --->   "%trunc_ln52_57 = partselect i16 @_ssdm_op_PartSelect.i16.i2368.i32.i32, i2368 %layer2_out_read, i32 2156, i32 2171" [firmware/nnet_utils/nnet_activation_stream.h:52]   --->   Operation 127 'partselect' 'trunc_ln52_57' <Predicate = true> <Delay = 0.00>
ST_1 : Operation 128 [1/1] (0.00ns)   --->   "%trunc_ln52_58 = partselect i16 @_ssdm_op_PartSelect.i16.i2368.i32.i32, i2368 %layer2_out_read, i32 2193, i32 2208" [firmware/nnet_utils/nnet_activation_stream.h:52]   --->   Operation 128 'partselect' 'trunc_ln52_58' <Predicate = true> <Delay = 0.00>
ST_1 : Operation 129 [1/1] (0.00ns)   --->   "%trunc_ln52_59 = partselect i16 @_ssdm_op_PartSelect.i16.i2368.i32.i32, i2368 %layer2_out_read, i32 2230, i32 2245" [firmware/nnet_utils/nnet_activation_stream.h:52]   --->   Operation 129 'partselect' 'trunc_ln52_59' <Predicate = true> <Delay = 0.00>
ST_1 : Operation 130 [1/1] (0.00ns)   --->   "%trunc_ln52_60 = partselect i16 @_ssdm_op_PartSelect.i16.i2368.i32.i32, i2368 %layer2_out_read, i32 2267, i32 2282" [firmware/nnet_utils/nnet_activation_stream.h:52]   --->   Operation 130 'partselect' 'trunc_ln52_60' <Predicate = true> <Delay = 0.00>
ST_1 : Operation 131 [1/1] (0.00ns)   --->   "%trunc_ln52_61 = partselect i16 @_ssdm_op_PartSelect.i16.i2368.i32.i32, i2368 %layer2_out_read, i32 2304, i32 2319" [firmware/nnet_utils/nnet_activation_stream.h:52]   --->   Operation 131 'partselect' 'trunc_ln52_61' <Predicate = true> <Delay = 0.00>
ST_1 : Operation 132 [1/1] (0.00ns)   --->   "%trunc_ln52_62 = partselect i16 @_ssdm_op_PartSelect.i16.i2368.i32.i32, i2368 %layer2_out_read, i32 2341, i32 2356" [firmware/nnet_utils/nnet_activation_stream.h:52]   --->   Operation 132 'partselect' 'trunc_ln52_62' <Predicate = true> <Delay = 0.00>

State 2 <SV = 1> <Delay = 3.56>
ST_2 : Operation 133 [1/1] (2.75ns)   --->   "%icmp_ln51 = icmp_sgt  i37 %trunc_ln44, i37 0" [firmware/nnet_utils/nnet_activation_stream.h:51]   --->   Operation 133 'icmp' 'icmp_ln51' <Predicate = true> <Delay = 2.75> <CoreInst = "Cmp">   --->   Core 9 'Cmp' <Latency = 0> <II = 1> <Delay = 2.75> <FuncUnit> <Opcode : 'seteq' 'setne' 'setle' 'setge' 'setlt' 'setgt'> <InPorts = 2> <OutPorts = 1>
ST_2 : Operation 134 [1/1] (0.80ns)   --->   "%select_ln51 = select i1 %icmp_ln51, i16 %trunc_ln4, i16 0" [firmware/nnet_utils/nnet_activation_stream.h:51]   --->   Operation 134 'select' 'select_ln51' <Predicate = true> <Delay = 0.80> <CoreInst = "Sel">   --->   Core 73 'Sel' <Latency = 0> <II = 1> <Delay = 0.80> <FuncUnit> <Opcode : 'select'> <InPorts = 3> <OutPorts = 1>
ST_2 : Operation 135 [1/1] (2.75ns)   --->   "%icmp_ln51_1 = icmp_sgt  i37 %trunc_ln44_s, i37 0" [firmware/nnet_utils/nnet_activation_stream.h:51]   --->   Operation 135 'icmp' 'icmp_ln51_1' <Predicate = true> <Delay = 2.75> <CoreInst = "Cmp">   --->   Core 9 'Cmp' <Latency = 0> <II = 1> <Delay = 2.75> <FuncUnit> <Opcode : 'seteq' 'setne' 'setle' 'setge' 'setlt' 'setgt'> <InPorts = 2> <OutPorts = 1>
ST_2 : Operation 136 [1/1] (0.80ns)   --->   "%select_ln51_1 = select i1 %icmp_ln51_1, i16 %trunc_ln52_s, i16 0" [firmware/nnet_utils/nnet_activation_stream.h:51]   --->   Operation 136 'select' 'select_ln51_1' <Predicate = true> <Delay = 0.80> <CoreInst = "Sel">   --->   Core 73 'Sel' <Latency = 0> <II = 1> <Delay = 0.80> <FuncUnit> <Opcode : 'select'> <InPorts = 3> <OutPorts = 1>
ST_2 : Operation 137 [1/1] (2.75ns)   --->   "%icmp_ln51_2 = icmp_sgt  i37 %trunc_ln44_1, i37 0" [firmware/nnet_utils/nnet_activation_stream.h:51]   --->   Operation 137 'icmp' 'icmp_ln51_2' <Predicate = true> <Delay = 2.75> <CoreInst = "Cmp">   --->   Core 9 'Cmp' <Latency = 0> <II = 1> <Delay = 2.75> <FuncUnit> <Opcode : 'seteq' 'setne' 'setle' 'setge' 'setlt' 'setgt'> <InPorts = 2> <OutPorts = 1>
ST_2 : Operation 138 [1/1] (0.80ns)   --->   "%select_ln51_2 = select i1 %icmp_ln51_2, i16 %trunc_ln52_1, i16 0" [firmware/nnet_utils/nnet_activation_stream.h:51]   --->   Operation 138 'select' 'select_ln51_2' <Predicate = true> <Delay = 0.80> <CoreInst = "Sel">   --->   Core 73 'Sel' <Latency = 0> <II = 1> <Delay = 0.80> <FuncUnit> <Opcode : 'select'> <InPorts = 3> <OutPorts = 1>
ST_2 : Operation 139 [1/1] (2.75ns)   --->   "%icmp_ln51_3 = icmp_sgt  i37 %trunc_ln44_2, i37 0" [firmware/nnet_utils/nnet_activation_stream.h:51]   --->   Operation 139 'icmp' 'icmp_ln51_3' <Predicate = true> <Delay = 2.75> <CoreInst = "Cmp">   --->   Core 9 'Cmp' <Latency = 0> <II = 1> <Delay = 2.75> <FuncUnit> <Opcode : 'seteq' 'setne' 'setle' 'setge' 'setlt' 'setgt'> <InPorts = 2> <OutPorts = 1>
ST_2 : Operation 140 [1/1] (0.80ns)   --->   "%select_ln51_3 = select i1 %icmp_ln51_3, i16 %trunc_ln52_2, i16 0" [firmware/nnet_utils/nnet_activation_stream.h:51]   --->   Operation 140 'select' 'select_ln51_3' <Predicate = true> <Delay = 0.80> <CoreInst = "Sel">   --->   Core 73 'Sel' <Latency = 0> <II = 1> <Delay = 0.80> <FuncUnit> <Opcode : 'select'> <InPorts = 3> <OutPorts = 1>
ST_2 : Operation 141 [1/1] (2.75ns)   --->   "%icmp_ln51_4 = icmp_sgt  i37 %trunc_ln44_3, i37 0" [firmware/nnet_utils/nnet_activation_stream.h:51]   --->   Operation 141 'icmp' 'icmp_ln51_4' <Predicate = true> <Delay = 2.75> <CoreInst = "Cmp">   --->   Core 9 'Cmp' <Latency = 0> <II = 1> <Delay = 2.75> <FuncUnit> <Opcode : 'seteq' 'setne' 'setle' 'setge' 'setlt' 'setgt'> <InPorts = 2> <OutPorts = 1>
ST_2 : Operation 142 [1/1] (0.80ns)   --->   "%select_ln51_4 = select i1 %icmp_ln51_4, i16 %trunc_ln52_3, i16 0" [firmware/nnet_utils/nnet_activation_stream.h:51]   --->   Operation 142 'select' 'select_ln51_4' <Predicate = true> <Delay = 0.80> <CoreInst = "Sel">   --->   Core 73 'Sel' <Latency = 0> <II = 1> <Delay = 0.80> <FuncUnit> <Opcode : 'select'> <InPorts = 3> <OutPorts = 1>
ST_2 : Operation 143 [1/1] (2.75ns)   --->   "%icmp_ln51_5 = icmp_sgt  i37 %trunc_ln44_4, i37 0" [firmware/nnet_utils/nnet_activation_stream.h:51]   --->   Operation 143 'icmp' 'icmp_ln51_5' <Predicate = true> <Delay = 2.75> <CoreInst = "Cmp">   --->   Core 9 'Cmp' <Latency = 0> <II = 1> <Delay = 2.75> <FuncUnit> <Opcode : 'seteq' 'setne' 'setle' 'setge' 'setlt' 'setgt'> <InPorts = 2> <OutPorts = 1>
ST_2 : Operation 144 [1/1] (0.80ns)   --->   "%select_ln51_5 = select i1 %icmp_ln51_5, i16 %trunc_ln52_4, i16 0" [firmware/nnet_utils/nnet_activation_stream.h:51]   --->   Operation 144 'select' 'select_ln51_5' <Predicate = true> <Delay = 0.80> <CoreInst = "Sel">   --->   Core 73 'Sel' <Latency = 0> <II = 1> <Delay = 0.80> <FuncUnit> <Opcode : 'select'> <InPorts = 3> <OutPorts = 1>
ST_2 : Operation 145 [1/1] (2.75ns)   --->   "%icmp_ln51_6 = icmp_sgt  i37 %trunc_ln44_5, i37 0" [firmware/nnet_utils/nnet_activation_stream.h:51]   --->   Operation 145 'icmp' 'icmp_ln51_6' <Predicate = true> <Delay = 2.75> <CoreInst = "Cmp">   --->   Core 9 'Cmp' <Latency = 0> <II = 1> <Delay = 2.75> <FuncUnit> <Opcode : 'seteq' 'setne' 'setle' 'setge' 'setlt' 'setgt'> <InPorts = 2> <OutPorts = 1>
ST_2 : Operation 146 [1/1] (0.80ns)   --->   "%select_ln51_6 = select i1 %icmp_ln51_6, i16 %trunc_ln52_5, i16 0" [firmware/nnet_utils/nnet_activation_stream.h:51]   --->   Operation 146 'select' 'select_ln51_6' <Predicate = true> <Delay = 0.80> <CoreInst = "Sel">   --->   Core 73 'Sel' <Latency = 0> <II = 1> <Delay = 0.80> <FuncUnit> <Opcode : 'select'> <InPorts = 3> <OutPorts = 1>
ST_2 : Operation 147 [1/1] (2.75ns)   --->   "%icmp_ln51_7 = icmp_sgt  i37 %trunc_ln44_6, i37 0" [firmware/nnet_utils/nnet_activation_stream.h:51]   --->   Operation 147 'icmp' 'icmp_ln51_7' <Predicate = true> <Delay = 2.75> <CoreInst = "Cmp">   --->   Core 9 'Cmp' <Latency = 0> <II = 1> <Delay = 2.75> <FuncUnit> <Opcode : 'seteq' 'setne' 'setle' 'setge' 'setlt' 'setgt'> <InPorts = 2> <OutPorts = 1>
ST_2 : Operation 148 [1/1] (0.80ns)   --->   "%select_ln51_7 = select i1 %icmp_ln51_7, i16 %trunc_ln52_6, i16 0" [firmware/nnet_utils/nnet_activation_stream.h:51]   --->   Operation 148 'select' 'select_ln51_7' <Predicate = true> <Delay = 0.80> <CoreInst = "Sel">   --->   Core 73 'Sel' <Latency = 0> <II = 1> <Delay = 0.80> <FuncUnit> <Opcode : 'select'> <InPorts = 3> <OutPorts = 1>
ST_2 : Operation 149 [1/1] (2.75ns)   --->   "%icmp_ln51_8 = icmp_sgt  i37 %trunc_ln44_7, i37 0" [firmware/nnet_utils/nnet_activation_stream.h:51]   --->   Operation 149 'icmp' 'icmp_ln51_8' <Predicate = true> <Delay = 2.75> <CoreInst = "Cmp">   --->   Core 9 'Cmp' <Latency = 0> <II = 1> <Delay = 2.75> <FuncUnit> <Opcode : 'seteq' 'setne' 'setle' 'setge' 'setlt' 'setgt'> <InPorts = 2> <OutPorts = 1>
ST_2 : Operation 150 [1/1] (0.80ns)   --->   "%select_ln51_8 = select i1 %icmp_ln51_8, i16 %trunc_ln52_7, i16 0" [firmware/nnet_utils/nnet_activation_stream.h:51]   --->   Operation 150 'select' 'select_ln51_8' <Predicate = true> <Delay = 0.80> <CoreInst = "Sel">   --->   Core 73 'Sel' <Latency = 0> <II = 1> <Delay = 0.80> <FuncUnit> <Opcode : 'select'> <InPorts = 3> <OutPorts = 1>
ST_2 : Operation 151 [1/1] (2.75ns)   --->   "%icmp_ln51_9 = icmp_sgt  i37 %trunc_ln44_8, i37 0" [firmware/nnet_utils/nnet_activation_stream.h:51]   --->   Operation 151 'icmp' 'icmp_ln51_9' <Predicate = true> <Delay = 2.75> <CoreInst = "Cmp">   --->   Core 9 'Cmp' <Latency = 0> <II = 1> <Delay = 2.75> <FuncUnit> <Opcode : 'seteq' 'setne' 'setle' 'setge' 'setlt' 'setgt'> <InPorts = 2> <OutPorts = 1>
ST_2 : Operation 152 [1/1] (0.80ns)   --->   "%select_ln51_9 = select i1 %icmp_ln51_9, i16 %trunc_ln52_8, i16 0" [firmware/nnet_utils/nnet_activation_stream.h:51]   --->   Operation 152 'select' 'select_ln51_9' <Predicate = true> <Delay = 0.80> <CoreInst = "Sel">   --->   Core 73 'Sel' <Latency = 0> <II = 1> <Delay = 0.80> <FuncUnit> <Opcode : 'select'> <InPorts = 3> <OutPorts = 1>
ST_2 : Operation 153 [1/1] (2.75ns)   --->   "%icmp_ln51_10 = icmp_sgt  i37 %trunc_ln44_9, i37 0" [firmware/nnet_utils/nnet_activation_stream.h:51]   --->   Operation 153 'icmp' 'icmp_ln51_10' <Predicate = true> <Delay = 2.75> <CoreInst = "Cmp">   --->   Core 9 'Cmp' <Latency = 0> <II = 1> <Delay = 2.75> <FuncUnit> <Opcode : 'seteq' 'setne' 'setle' 'setge' 'setlt' 'setgt'> <InPorts = 2> <OutPorts = 1>
ST_2 : Operation 154 [1/1] (0.80ns)   --->   "%select_ln51_10 = select i1 %icmp_ln51_10, i16 %trunc_ln52_9, i16 0" [firmware/nnet_utils/nnet_activation_stream.h:51]   --->   Operation 154 'select' 'select_ln51_10' <Predicate = true> <Delay = 0.80> <CoreInst = "Sel">   --->   Core 73 'Sel' <Latency = 0> <II = 1> <Delay = 0.80> <FuncUnit> <Opcode : 'select'> <InPorts = 3> <OutPorts = 1>
ST_2 : Operation 155 [1/1] (2.75ns)   --->   "%icmp_ln51_11 = icmp_sgt  i37 %trunc_ln44_10, i37 0" [firmware/nnet_utils/nnet_activation_stream.h:51]   --->   Operation 155 'icmp' 'icmp_ln51_11' <Predicate = true> <Delay = 2.75> <CoreInst = "Cmp">   --->   Core 9 'Cmp' <Latency = 0> <II = 1> <Delay = 2.75> <FuncUnit> <Opcode : 'seteq' 'setne' 'setle' 'setge' 'setlt' 'setgt'> <InPorts = 2> <OutPorts = 1>
ST_2 : Operation 156 [1/1] (0.80ns)   --->   "%select_ln51_11 = select i1 %icmp_ln51_11, i16 %trunc_ln52_10, i16 0" [firmware/nnet_utils/nnet_activation_stream.h:51]   --->   Operation 156 'select' 'select_ln51_11' <Predicate = true> <Delay = 0.80> <CoreInst = "Sel">   --->   Core 73 'Sel' <Latency = 0> <II = 1> <Delay = 0.80> <FuncUnit> <Opcode : 'select'> <InPorts = 3> <OutPorts = 1>
ST_2 : Operation 157 [1/1] (2.75ns)   --->   "%icmp_ln51_12 = icmp_sgt  i37 %trunc_ln44_11, i37 0" [firmware/nnet_utils/nnet_activation_stream.h:51]   --->   Operation 157 'icmp' 'icmp_ln51_12' <Predicate = true> <Delay = 2.75> <CoreInst = "Cmp">   --->   Core 9 'Cmp' <Latency = 0> <II = 1> <Delay = 2.75> <FuncUnit> <Opcode : 'seteq' 'setne' 'setle' 'setge' 'setlt' 'setgt'> <InPorts = 2> <OutPorts = 1>
ST_2 : Operation 158 [1/1] (0.80ns)   --->   "%select_ln51_12 = select i1 %icmp_ln51_12, i16 %trunc_ln52_11, i16 0" [firmware/nnet_utils/nnet_activation_stream.h:51]   --->   Operation 158 'select' 'select_ln51_12' <Predicate = true> <Delay = 0.80> <CoreInst = "Sel">   --->   Core 73 'Sel' <Latency = 0> <II = 1> <Delay = 0.80> <FuncUnit> <Opcode : 'select'> <InPorts = 3> <OutPorts = 1>
ST_2 : Operation 159 [1/1] (2.75ns)   --->   "%icmp_ln51_13 = icmp_sgt  i37 %trunc_ln44_12, i37 0" [firmware/nnet_utils/nnet_activation_stream.h:51]   --->   Operation 159 'icmp' 'icmp_ln51_13' <Predicate = true> <Delay = 2.75> <CoreInst = "Cmp">   --->   Core 9 'Cmp' <Latency = 0> <II = 1> <Delay = 2.75> <FuncUnit> <Opcode : 'seteq' 'setne' 'setle' 'setge' 'setlt' 'setgt'> <InPorts = 2> <OutPorts = 1>
ST_2 : Operation 160 [1/1] (0.80ns)   --->   "%select_ln51_13 = select i1 %icmp_ln51_13, i16 %trunc_ln52_12, i16 0" [firmware/nnet_utils/nnet_activation_stream.h:51]   --->   Operation 160 'select' 'select_ln51_13' <Predicate = true> <Delay = 0.80> <CoreInst = "Sel">   --->   Core 73 'Sel' <Latency = 0> <II = 1> <Delay = 0.80> <FuncUnit> <Opcode : 'select'> <InPorts = 3> <OutPorts = 1>
ST_2 : Operation 161 [1/1] (2.75ns)   --->   "%icmp_ln51_14 = icmp_sgt  i37 %trunc_ln44_13, i37 0" [firmware/nnet_utils/nnet_activation_stream.h:51]   --->   Operation 161 'icmp' 'icmp_ln51_14' <Predicate = true> <Delay = 2.75> <CoreInst = "Cmp">   --->   Core 9 'Cmp' <Latency = 0> <II = 1> <Delay = 2.75> <FuncUnit> <Opcode : 'seteq' 'setne' 'setle' 'setge' 'setlt' 'setgt'> <InPorts = 2> <OutPorts = 1>
ST_2 : Operation 162 [1/1] (0.80ns)   --->   "%select_ln51_14 = select i1 %icmp_ln51_14, i16 %trunc_ln52_13, i16 0" [firmware/nnet_utils/nnet_activation_stream.h:51]   --->   Operation 162 'select' 'select_ln51_14' <Predicate = true> <Delay = 0.80> <CoreInst = "Sel">   --->   Core 73 'Sel' <Latency = 0> <II = 1> <Delay = 0.80> <FuncUnit> <Opcode : 'select'> <InPorts = 3> <OutPorts = 1>
ST_2 : Operation 163 [1/1] (2.75ns)   --->   "%icmp_ln51_15 = icmp_sgt  i37 %trunc_ln44_14, i37 0" [firmware/nnet_utils/nnet_activation_stream.h:51]   --->   Operation 163 'icmp' 'icmp_ln51_15' <Predicate = true> <Delay = 2.75> <CoreInst = "Cmp">   --->   Core 9 'Cmp' <Latency = 0> <II = 1> <Delay = 2.75> <FuncUnit> <Opcode : 'seteq' 'setne' 'setle' 'setge' 'setlt' 'setgt'> <InPorts = 2> <OutPorts = 1>
ST_2 : Operation 164 [1/1] (0.80ns)   --->   "%select_ln51_15 = select i1 %icmp_ln51_15, i16 %trunc_ln52_14, i16 0" [firmware/nnet_utils/nnet_activation_stream.h:51]   --->   Operation 164 'select' 'select_ln51_15' <Predicate = true> <Delay = 0.80> <CoreInst = "Sel">   --->   Core 73 'Sel' <Latency = 0> <II = 1> <Delay = 0.80> <FuncUnit> <Opcode : 'select'> <InPorts = 3> <OutPorts = 1>
ST_2 : Operation 165 [1/1] (2.75ns)   --->   "%icmp_ln51_16 = icmp_sgt  i37 %trunc_ln44_15, i37 0" [firmware/nnet_utils/nnet_activation_stream.h:51]   --->   Operation 165 'icmp' 'icmp_ln51_16' <Predicate = true> <Delay = 2.75> <CoreInst = "Cmp">   --->   Core 9 'Cmp' <Latency = 0> <II = 1> <Delay = 2.75> <FuncUnit> <Opcode : 'seteq' 'setne' 'setle' 'setge' 'setlt' 'setgt'> <InPorts = 2> <OutPorts = 1>
ST_2 : Operation 166 [1/1] (0.80ns)   --->   "%select_ln51_16 = select i1 %icmp_ln51_16, i16 %trunc_ln52_15, i16 0" [firmware/nnet_utils/nnet_activation_stream.h:51]   --->   Operation 166 'select' 'select_ln51_16' <Predicate = true> <Delay = 0.80> <CoreInst = "Sel">   --->   Core 73 'Sel' <Latency = 0> <II = 1> <Delay = 0.80> <FuncUnit> <Opcode : 'select'> <InPorts = 3> <OutPorts = 1>
ST_2 : Operation 167 [1/1] (2.75ns)   --->   "%icmp_ln51_17 = icmp_sgt  i37 %trunc_ln44_16, i37 0" [firmware/nnet_utils/nnet_activation_stream.h:51]   --->   Operation 167 'icmp' 'icmp_ln51_17' <Predicate = true> <Delay = 2.75> <CoreInst = "Cmp">   --->   Core 9 'Cmp' <Latency = 0> <II = 1> <Delay = 2.75> <FuncUnit> <Opcode : 'seteq' 'setne' 'setle' 'setge' 'setlt' 'setgt'> <InPorts = 2> <OutPorts = 1>
ST_2 : Operation 168 [1/1] (0.80ns)   --->   "%select_ln51_17 = select i1 %icmp_ln51_17, i16 %trunc_ln52_16, i16 0" [firmware/nnet_utils/nnet_activation_stream.h:51]   --->   Operation 168 'select' 'select_ln51_17' <Predicate = true> <Delay = 0.80> <CoreInst = "Sel">   --->   Core 73 'Sel' <Latency = 0> <II = 1> <Delay = 0.80> <FuncUnit> <Opcode : 'select'> <InPorts = 3> <OutPorts = 1>
ST_2 : Operation 169 [1/1] (2.75ns)   --->   "%icmp_ln51_18 = icmp_sgt  i37 %trunc_ln44_17, i37 0" [firmware/nnet_utils/nnet_activation_stream.h:51]   --->   Operation 169 'icmp' 'icmp_ln51_18' <Predicate = true> <Delay = 2.75> <CoreInst = "Cmp">   --->   Core 9 'Cmp' <Latency = 0> <II = 1> <Delay = 2.75> <FuncUnit> <Opcode : 'seteq' 'setne' 'setle' 'setge' 'setlt' 'setgt'> <InPorts = 2> <OutPorts = 1>
ST_2 : Operation 170 [1/1] (0.80ns)   --->   "%select_ln51_18 = select i1 %icmp_ln51_18, i16 %trunc_ln52_17, i16 0" [firmware/nnet_utils/nnet_activation_stream.h:51]   --->   Operation 170 'select' 'select_ln51_18' <Predicate = true> <Delay = 0.80> <CoreInst = "Sel">   --->   Core 73 'Sel' <Latency = 0> <II = 1> <Delay = 0.80> <FuncUnit> <Opcode : 'select'> <InPorts = 3> <OutPorts = 1>
ST_2 : Operation 171 [1/1] (2.75ns)   --->   "%icmp_ln51_19 = icmp_sgt  i37 %trunc_ln44_18, i37 0" [firmware/nnet_utils/nnet_activation_stream.h:51]   --->   Operation 171 'icmp' 'icmp_ln51_19' <Predicate = true> <Delay = 2.75> <CoreInst = "Cmp">   --->   Core 9 'Cmp' <Latency = 0> <II = 1> <Delay = 2.75> <FuncUnit> <Opcode : 'seteq' 'setne' 'setle' 'setge' 'setlt' 'setgt'> <InPorts = 2> <OutPorts = 1>
ST_2 : Operation 172 [1/1] (0.80ns)   --->   "%select_ln51_19 = select i1 %icmp_ln51_19, i16 %trunc_ln52_18, i16 0" [firmware/nnet_utils/nnet_activation_stream.h:51]   --->   Operation 172 'select' 'select_ln51_19' <Predicate = true> <Delay = 0.80> <CoreInst = "Sel">   --->   Core 73 'Sel' <Latency = 0> <II = 1> <Delay = 0.80> <FuncUnit> <Opcode : 'select'> <InPorts = 3> <OutPorts = 1>
ST_2 : Operation 173 [1/1] (2.75ns)   --->   "%icmp_ln51_20 = icmp_sgt  i37 %trunc_ln44_19, i37 0" [firmware/nnet_utils/nnet_activation_stream.h:51]   --->   Operation 173 'icmp' 'icmp_ln51_20' <Predicate = true> <Delay = 2.75> <CoreInst = "Cmp">   --->   Core 9 'Cmp' <Latency = 0> <II = 1> <Delay = 2.75> <FuncUnit> <Opcode : 'seteq' 'setne' 'setle' 'setge' 'setlt' 'setgt'> <InPorts = 2> <OutPorts = 1>
ST_2 : Operation 174 [1/1] (0.80ns)   --->   "%select_ln51_20 = select i1 %icmp_ln51_20, i16 %trunc_ln52_19, i16 0" [firmware/nnet_utils/nnet_activation_stream.h:51]   --->   Operation 174 'select' 'select_ln51_20' <Predicate = true> <Delay = 0.80> <CoreInst = "Sel">   --->   Core 73 'Sel' <Latency = 0> <II = 1> <Delay = 0.80> <FuncUnit> <Opcode : 'select'> <InPorts = 3> <OutPorts = 1>
ST_2 : Operation 175 [1/1] (2.75ns)   --->   "%icmp_ln51_21 = icmp_sgt  i37 %trunc_ln44_20, i37 0" [firmware/nnet_utils/nnet_activation_stream.h:51]   --->   Operation 175 'icmp' 'icmp_ln51_21' <Predicate = true> <Delay = 2.75> <CoreInst = "Cmp">   --->   Core 9 'Cmp' <Latency = 0> <II = 1> <Delay = 2.75> <FuncUnit> <Opcode : 'seteq' 'setne' 'setle' 'setge' 'setlt' 'setgt'> <InPorts = 2> <OutPorts = 1>
ST_2 : Operation 176 [1/1] (0.80ns)   --->   "%select_ln51_21 = select i1 %icmp_ln51_21, i16 %trunc_ln52_20, i16 0" [firmware/nnet_utils/nnet_activation_stream.h:51]   --->   Operation 176 'select' 'select_ln51_21' <Predicate = true> <Delay = 0.80> <CoreInst = "Sel">   --->   Core 73 'Sel' <Latency = 0> <II = 1> <Delay = 0.80> <FuncUnit> <Opcode : 'select'> <InPorts = 3> <OutPorts = 1>
ST_2 : Operation 177 [1/1] (2.75ns)   --->   "%icmp_ln51_22 = icmp_sgt  i37 %trunc_ln44_21, i37 0" [firmware/nnet_utils/nnet_activation_stream.h:51]   --->   Operation 177 'icmp' 'icmp_ln51_22' <Predicate = true> <Delay = 2.75> <CoreInst = "Cmp">   --->   Core 9 'Cmp' <Latency = 0> <II = 1> <Delay = 2.75> <FuncUnit> <Opcode : 'seteq' 'setne' 'setle' 'setge' 'setlt' 'setgt'> <InPorts = 2> <OutPorts = 1>
ST_2 : Operation 178 [1/1] (0.80ns)   --->   "%select_ln51_22 = select i1 %icmp_ln51_22, i16 %trunc_ln52_21, i16 0" [firmware/nnet_utils/nnet_activation_stream.h:51]   --->   Operation 178 'select' 'select_ln51_22' <Predicate = true> <Delay = 0.80> <CoreInst = "Sel">   --->   Core 73 'Sel' <Latency = 0> <II = 1> <Delay = 0.80> <FuncUnit> <Opcode : 'select'> <InPorts = 3> <OutPorts = 1>
ST_2 : Operation 179 [1/1] (2.75ns)   --->   "%icmp_ln51_23 = icmp_sgt  i37 %trunc_ln44_22, i37 0" [firmware/nnet_utils/nnet_activation_stream.h:51]   --->   Operation 179 'icmp' 'icmp_ln51_23' <Predicate = true> <Delay = 2.75> <CoreInst = "Cmp">   --->   Core 9 'Cmp' <Latency = 0> <II = 1> <Delay = 2.75> <FuncUnit> <Opcode : 'seteq' 'setne' 'setle' 'setge' 'setlt' 'setgt'> <InPorts = 2> <OutPorts = 1>
ST_2 : Operation 180 [1/1] (0.80ns)   --->   "%select_ln51_23 = select i1 %icmp_ln51_23, i16 %trunc_ln52_22, i16 0" [firmware/nnet_utils/nnet_activation_stream.h:51]   --->   Operation 180 'select' 'select_ln51_23' <Predicate = true> <Delay = 0.80> <CoreInst = "Sel">   --->   Core 73 'Sel' <Latency = 0> <II = 1> <Delay = 0.80> <FuncUnit> <Opcode : 'select'> <InPorts = 3> <OutPorts = 1>
ST_2 : Operation 181 [1/1] (2.75ns)   --->   "%icmp_ln51_24 = icmp_sgt  i37 %trunc_ln44_23, i37 0" [firmware/nnet_utils/nnet_activation_stream.h:51]   --->   Operation 181 'icmp' 'icmp_ln51_24' <Predicate = true> <Delay = 2.75> <CoreInst = "Cmp">   --->   Core 9 'Cmp' <Latency = 0> <II = 1> <Delay = 2.75> <FuncUnit> <Opcode : 'seteq' 'setne' 'setle' 'setge' 'setlt' 'setgt'> <InPorts = 2> <OutPorts = 1>
ST_2 : Operation 182 [1/1] (0.80ns)   --->   "%select_ln51_24 = select i1 %icmp_ln51_24, i16 %trunc_ln52_23, i16 0" [firmware/nnet_utils/nnet_activation_stream.h:51]   --->   Operation 182 'select' 'select_ln51_24' <Predicate = true> <Delay = 0.80> <CoreInst = "Sel">   --->   Core 73 'Sel' <Latency = 0> <II = 1> <Delay = 0.80> <FuncUnit> <Opcode : 'select'> <InPorts = 3> <OutPorts = 1>
ST_2 : Operation 183 [1/1] (2.75ns)   --->   "%icmp_ln51_25 = icmp_sgt  i37 %trunc_ln44_24, i37 0" [firmware/nnet_utils/nnet_activation_stream.h:51]   --->   Operation 183 'icmp' 'icmp_ln51_25' <Predicate = true> <Delay = 2.75> <CoreInst = "Cmp">   --->   Core 9 'Cmp' <Latency = 0> <II = 1> <Delay = 2.75> <FuncUnit> <Opcode : 'seteq' 'setne' 'setle' 'setge' 'setlt' 'setgt'> <InPorts = 2> <OutPorts = 1>
ST_2 : Operation 184 [1/1] (0.80ns)   --->   "%select_ln51_25 = select i1 %icmp_ln51_25, i16 %trunc_ln52_24, i16 0" [firmware/nnet_utils/nnet_activation_stream.h:51]   --->   Operation 184 'select' 'select_ln51_25' <Predicate = true> <Delay = 0.80> <CoreInst = "Sel">   --->   Core 73 'Sel' <Latency = 0> <II = 1> <Delay = 0.80> <FuncUnit> <Opcode : 'select'> <InPorts = 3> <OutPorts = 1>
ST_2 : Operation 185 [1/1] (2.75ns)   --->   "%icmp_ln51_26 = icmp_sgt  i37 %trunc_ln44_25, i37 0" [firmware/nnet_utils/nnet_activation_stream.h:51]   --->   Operation 185 'icmp' 'icmp_ln51_26' <Predicate = true> <Delay = 2.75> <CoreInst = "Cmp">   --->   Core 9 'Cmp' <Latency = 0> <II = 1> <Delay = 2.75> <FuncUnit> <Opcode : 'seteq' 'setne' 'setle' 'setge' 'setlt' 'setgt'> <InPorts = 2> <OutPorts = 1>
ST_2 : Operation 186 [1/1] (0.80ns)   --->   "%select_ln51_26 = select i1 %icmp_ln51_26, i16 %trunc_ln52_25, i16 0" [firmware/nnet_utils/nnet_activation_stream.h:51]   --->   Operation 186 'select' 'select_ln51_26' <Predicate = true> <Delay = 0.80> <CoreInst = "Sel">   --->   Core 73 'Sel' <Latency = 0> <II = 1> <Delay = 0.80> <FuncUnit> <Opcode : 'select'> <InPorts = 3> <OutPorts = 1>
ST_2 : Operation 187 [1/1] (2.75ns)   --->   "%icmp_ln51_27 = icmp_sgt  i37 %trunc_ln44_26, i37 0" [firmware/nnet_utils/nnet_activation_stream.h:51]   --->   Operation 187 'icmp' 'icmp_ln51_27' <Predicate = true> <Delay = 2.75> <CoreInst = "Cmp">   --->   Core 9 'Cmp' <Latency = 0> <II = 1> <Delay = 2.75> <FuncUnit> <Opcode : 'seteq' 'setne' 'setle' 'setge' 'setlt' 'setgt'> <InPorts = 2> <OutPorts = 1>
ST_2 : Operation 188 [1/1] (0.80ns)   --->   "%select_ln51_27 = select i1 %icmp_ln51_27, i16 %trunc_ln52_26, i16 0" [firmware/nnet_utils/nnet_activation_stream.h:51]   --->   Operation 188 'select' 'select_ln51_27' <Predicate = true> <Delay = 0.80> <CoreInst = "Sel">   --->   Core 73 'Sel' <Latency = 0> <II = 1> <Delay = 0.80> <FuncUnit> <Opcode : 'select'> <InPorts = 3> <OutPorts = 1>
ST_2 : Operation 189 [1/1] (2.75ns)   --->   "%icmp_ln51_28 = icmp_sgt  i37 %trunc_ln44_27, i37 0" [firmware/nnet_utils/nnet_activation_stream.h:51]   --->   Operation 189 'icmp' 'icmp_ln51_28' <Predicate = true> <Delay = 2.75> <CoreInst = "Cmp">   --->   Core 9 'Cmp' <Latency = 0> <II = 1> <Delay = 2.75> <FuncUnit> <Opcode : 'seteq' 'setne' 'setle' 'setge' 'setlt' 'setgt'> <InPorts = 2> <OutPorts = 1>
ST_2 : Operation 190 [1/1] (0.80ns)   --->   "%select_ln51_28 = select i1 %icmp_ln51_28, i16 %trunc_ln52_27, i16 0" [firmware/nnet_utils/nnet_activation_stream.h:51]   --->   Operation 190 'select' 'select_ln51_28' <Predicate = true> <Delay = 0.80> <CoreInst = "Sel">   --->   Core 73 'Sel' <Latency = 0> <II = 1> <Delay = 0.80> <FuncUnit> <Opcode : 'select'> <InPorts = 3> <OutPorts = 1>
ST_2 : Operation 191 [1/1] (2.75ns)   --->   "%icmp_ln51_29 = icmp_sgt  i37 %trunc_ln44_28, i37 0" [firmware/nnet_utils/nnet_activation_stream.h:51]   --->   Operation 191 'icmp' 'icmp_ln51_29' <Predicate = true> <Delay = 2.75> <CoreInst = "Cmp">   --->   Core 9 'Cmp' <Latency = 0> <II = 1> <Delay = 2.75> <FuncUnit> <Opcode : 'seteq' 'setne' 'setle' 'setge' 'setlt' 'setgt'> <InPorts = 2> <OutPorts = 1>
ST_2 : Operation 192 [1/1] (0.80ns)   --->   "%select_ln51_29 = select i1 %icmp_ln51_29, i16 %trunc_ln52_28, i16 0" [firmware/nnet_utils/nnet_activation_stream.h:51]   --->   Operation 192 'select' 'select_ln51_29' <Predicate = true> <Delay = 0.80> <CoreInst = "Sel">   --->   Core 73 'Sel' <Latency = 0> <II = 1> <Delay = 0.80> <FuncUnit> <Opcode : 'select'> <InPorts = 3> <OutPorts = 1>
ST_2 : Operation 193 [1/1] (2.75ns)   --->   "%icmp_ln51_30 = icmp_sgt  i37 %trunc_ln44_29, i37 0" [firmware/nnet_utils/nnet_activation_stream.h:51]   --->   Operation 193 'icmp' 'icmp_ln51_30' <Predicate = true> <Delay = 2.75> <CoreInst = "Cmp">   --->   Core 9 'Cmp' <Latency = 0> <II = 1> <Delay = 2.75> <FuncUnit> <Opcode : 'seteq' 'setne' 'setle' 'setge' 'setlt' 'setgt'> <InPorts = 2> <OutPorts = 1>
ST_2 : Operation 194 [1/1] (0.80ns)   --->   "%select_ln51_30 = select i1 %icmp_ln51_30, i16 %trunc_ln52_29, i16 0" [firmware/nnet_utils/nnet_activation_stream.h:51]   --->   Operation 194 'select' 'select_ln51_30' <Predicate = true> <Delay = 0.80> <CoreInst = "Sel">   --->   Core 73 'Sel' <Latency = 0> <II = 1> <Delay = 0.80> <FuncUnit> <Opcode : 'select'> <InPorts = 3> <OutPorts = 1>
ST_2 : Operation 195 [1/1] (2.75ns)   --->   "%icmp_ln51_31 = icmp_sgt  i37 %trunc_ln44_30, i37 0" [firmware/nnet_utils/nnet_activation_stream.h:51]   --->   Operation 195 'icmp' 'icmp_ln51_31' <Predicate = true> <Delay = 2.75> <CoreInst = "Cmp">   --->   Core 9 'Cmp' <Latency = 0> <II = 1> <Delay = 2.75> <FuncUnit> <Opcode : 'seteq' 'setne' 'setle' 'setge' 'setlt' 'setgt'> <InPorts = 2> <OutPorts = 1>
ST_2 : Operation 196 [1/1] (0.80ns)   --->   "%select_ln51_31 = select i1 %icmp_ln51_31, i16 %trunc_ln52_30, i16 0" [firmware/nnet_utils/nnet_activation_stream.h:51]   --->   Operation 196 'select' 'select_ln51_31' <Predicate = true> <Delay = 0.80> <CoreInst = "Sel">   --->   Core 73 'Sel' <Latency = 0> <II = 1> <Delay = 0.80> <FuncUnit> <Opcode : 'select'> <InPorts = 3> <OutPorts = 1>
ST_2 : Operation 197 [1/1] (2.75ns)   --->   "%icmp_ln51_32 = icmp_sgt  i37 %trunc_ln44_31, i37 0" [firmware/nnet_utils/nnet_activation_stream.h:51]   --->   Operation 197 'icmp' 'icmp_ln51_32' <Predicate = true> <Delay = 2.75> <CoreInst = "Cmp">   --->   Core 9 'Cmp' <Latency = 0> <II = 1> <Delay = 2.75> <FuncUnit> <Opcode : 'seteq' 'setne' 'setle' 'setge' 'setlt' 'setgt'> <InPorts = 2> <OutPorts = 1>
ST_2 : Operation 198 [1/1] (0.80ns)   --->   "%select_ln51_32 = select i1 %icmp_ln51_32, i16 %trunc_ln52_31, i16 0" [firmware/nnet_utils/nnet_activation_stream.h:51]   --->   Operation 198 'select' 'select_ln51_32' <Predicate = true> <Delay = 0.80> <CoreInst = "Sel">   --->   Core 73 'Sel' <Latency = 0> <II = 1> <Delay = 0.80> <FuncUnit> <Opcode : 'select'> <InPorts = 3> <OutPorts = 1>
ST_2 : Operation 199 [1/1] (2.75ns)   --->   "%icmp_ln51_33 = icmp_sgt  i37 %trunc_ln44_32, i37 0" [firmware/nnet_utils/nnet_activation_stream.h:51]   --->   Operation 199 'icmp' 'icmp_ln51_33' <Predicate = true> <Delay = 2.75> <CoreInst = "Cmp">   --->   Core 9 'Cmp' <Latency = 0> <II = 1> <Delay = 2.75> <FuncUnit> <Opcode : 'seteq' 'setne' 'setle' 'setge' 'setlt' 'setgt'> <InPorts = 2> <OutPorts = 1>
ST_2 : Operation 200 [1/1] (0.80ns)   --->   "%select_ln51_33 = select i1 %icmp_ln51_33, i16 %trunc_ln52_32, i16 0" [firmware/nnet_utils/nnet_activation_stream.h:51]   --->   Operation 200 'select' 'select_ln51_33' <Predicate = true> <Delay = 0.80> <CoreInst = "Sel">   --->   Core 73 'Sel' <Latency = 0> <II = 1> <Delay = 0.80> <FuncUnit> <Opcode : 'select'> <InPorts = 3> <OutPorts = 1>
ST_2 : Operation 201 [1/1] (2.75ns)   --->   "%icmp_ln51_34 = icmp_sgt  i37 %trunc_ln44_33, i37 0" [firmware/nnet_utils/nnet_activation_stream.h:51]   --->   Operation 201 'icmp' 'icmp_ln51_34' <Predicate = true> <Delay = 2.75> <CoreInst = "Cmp">   --->   Core 9 'Cmp' <Latency = 0> <II = 1> <Delay = 2.75> <FuncUnit> <Opcode : 'seteq' 'setne' 'setle' 'setge' 'setlt' 'setgt'> <InPorts = 2> <OutPorts = 1>
ST_2 : Operation 202 [1/1] (0.80ns)   --->   "%select_ln51_34 = select i1 %icmp_ln51_34, i16 %trunc_ln52_33, i16 0" [firmware/nnet_utils/nnet_activation_stream.h:51]   --->   Operation 202 'select' 'select_ln51_34' <Predicate = true> <Delay = 0.80> <CoreInst = "Sel">   --->   Core 73 'Sel' <Latency = 0> <II = 1> <Delay = 0.80> <FuncUnit> <Opcode : 'select'> <InPorts = 3> <OutPorts = 1>
ST_2 : Operation 203 [1/1] (2.75ns)   --->   "%icmp_ln51_35 = icmp_sgt  i37 %trunc_ln44_34, i37 0" [firmware/nnet_utils/nnet_activation_stream.h:51]   --->   Operation 203 'icmp' 'icmp_ln51_35' <Predicate = true> <Delay = 2.75> <CoreInst = "Cmp">   --->   Core 9 'Cmp' <Latency = 0> <II = 1> <Delay = 2.75> <FuncUnit> <Opcode : 'seteq' 'setne' 'setle' 'setge' 'setlt' 'setgt'> <InPorts = 2> <OutPorts = 1>
ST_2 : Operation 204 [1/1] (0.80ns)   --->   "%select_ln51_35 = select i1 %icmp_ln51_35, i16 %trunc_ln52_34, i16 0" [firmware/nnet_utils/nnet_activation_stream.h:51]   --->   Operation 204 'select' 'select_ln51_35' <Predicate = true> <Delay = 0.80> <CoreInst = "Sel">   --->   Core 73 'Sel' <Latency = 0> <II = 1> <Delay = 0.80> <FuncUnit> <Opcode : 'select'> <InPorts = 3> <OutPorts = 1>
ST_2 : Operation 205 [1/1] (2.75ns)   --->   "%icmp_ln51_36 = icmp_sgt  i37 %trunc_ln44_35, i37 0" [firmware/nnet_utils/nnet_activation_stream.h:51]   --->   Operation 205 'icmp' 'icmp_ln51_36' <Predicate = true> <Delay = 2.75> <CoreInst = "Cmp">   --->   Core 9 'Cmp' <Latency = 0> <II = 1> <Delay = 2.75> <FuncUnit> <Opcode : 'seteq' 'setne' 'setle' 'setge' 'setlt' 'setgt'> <InPorts = 2> <OutPorts = 1>
ST_2 : Operation 206 [1/1] (0.80ns)   --->   "%select_ln51_36 = select i1 %icmp_ln51_36, i16 %trunc_ln52_35, i16 0" [firmware/nnet_utils/nnet_activation_stream.h:51]   --->   Operation 206 'select' 'select_ln51_36' <Predicate = true> <Delay = 0.80> <CoreInst = "Sel">   --->   Core 73 'Sel' <Latency = 0> <II = 1> <Delay = 0.80> <FuncUnit> <Opcode : 'select'> <InPorts = 3> <OutPorts = 1>
ST_2 : Operation 207 [1/1] (2.75ns)   --->   "%icmp_ln51_37 = icmp_sgt  i37 %trunc_ln44_36, i37 0" [firmware/nnet_utils/nnet_activation_stream.h:51]   --->   Operation 207 'icmp' 'icmp_ln51_37' <Predicate = true> <Delay = 2.75> <CoreInst = "Cmp">   --->   Core 9 'Cmp' <Latency = 0> <II = 1> <Delay = 2.75> <FuncUnit> <Opcode : 'seteq' 'setne' 'setle' 'setge' 'setlt' 'setgt'> <InPorts = 2> <OutPorts = 1>
ST_2 : Operation 208 [1/1] (0.80ns)   --->   "%select_ln51_37 = select i1 %icmp_ln51_37, i16 %trunc_ln52_36, i16 0" [firmware/nnet_utils/nnet_activation_stream.h:51]   --->   Operation 208 'select' 'select_ln51_37' <Predicate = true> <Delay = 0.80> <CoreInst = "Sel">   --->   Core 73 'Sel' <Latency = 0> <II = 1> <Delay = 0.80> <FuncUnit> <Opcode : 'select'> <InPorts = 3> <OutPorts = 1>
ST_2 : Operation 209 [1/1] (2.75ns)   --->   "%icmp_ln51_38 = icmp_sgt  i37 %trunc_ln44_37, i37 0" [firmware/nnet_utils/nnet_activation_stream.h:51]   --->   Operation 209 'icmp' 'icmp_ln51_38' <Predicate = true> <Delay = 2.75> <CoreInst = "Cmp">   --->   Core 9 'Cmp' <Latency = 0> <II = 1> <Delay = 2.75> <FuncUnit> <Opcode : 'seteq' 'setne' 'setle' 'setge' 'setlt' 'setgt'> <InPorts = 2> <OutPorts = 1>
ST_2 : Operation 210 [1/1] (0.80ns)   --->   "%select_ln51_38 = select i1 %icmp_ln51_38, i16 %trunc_ln52_37, i16 0" [firmware/nnet_utils/nnet_activation_stream.h:51]   --->   Operation 210 'select' 'select_ln51_38' <Predicate = true> <Delay = 0.80> <CoreInst = "Sel">   --->   Core 73 'Sel' <Latency = 0> <II = 1> <Delay = 0.80> <FuncUnit> <Opcode : 'select'> <InPorts = 3> <OutPorts = 1>
ST_2 : Operation 211 [1/1] (2.75ns)   --->   "%icmp_ln51_39 = icmp_sgt  i37 %trunc_ln44_38, i37 0" [firmware/nnet_utils/nnet_activation_stream.h:51]   --->   Operation 211 'icmp' 'icmp_ln51_39' <Predicate = true> <Delay = 2.75> <CoreInst = "Cmp">   --->   Core 9 'Cmp' <Latency = 0> <II = 1> <Delay = 2.75> <FuncUnit> <Opcode : 'seteq' 'setne' 'setle' 'setge' 'setlt' 'setgt'> <InPorts = 2> <OutPorts = 1>
ST_2 : Operation 212 [1/1] (0.80ns)   --->   "%select_ln51_39 = select i1 %icmp_ln51_39, i16 %trunc_ln52_38, i16 0" [firmware/nnet_utils/nnet_activation_stream.h:51]   --->   Operation 212 'select' 'select_ln51_39' <Predicate = true> <Delay = 0.80> <CoreInst = "Sel">   --->   Core 73 'Sel' <Latency = 0> <II = 1> <Delay = 0.80> <FuncUnit> <Opcode : 'select'> <InPorts = 3> <OutPorts = 1>
ST_2 : Operation 213 [1/1] (2.75ns)   --->   "%icmp_ln51_40 = icmp_sgt  i37 %trunc_ln44_39, i37 0" [firmware/nnet_utils/nnet_activation_stream.h:51]   --->   Operation 213 'icmp' 'icmp_ln51_40' <Predicate = true> <Delay = 2.75> <CoreInst = "Cmp">   --->   Core 9 'Cmp' <Latency = 0> <II = 1> <Delay = 2.75> <FuncUnit> <Opcode : 'seteq' 'setne' 'setle' 'setge' 'setlt' 'setgt'> <InPorts = 2> <OutPorts = 1>
ST_2 : Operation 214 [1/1] (0.80ns)   --->   "%select_ln51_40 = select i1 %icmp_ln51_40, i16 %trunc_ln52_39, i16 0" [firmware/nnet_utils/nnet_activation_stream.h:51]   --->   Operation 214 'select' 'select_ln51_40' <Predicate = true> <Delay = 0.80> <CoreInst = "Sel">   --->   Core 73 'Sel' <Latency = 0> <II = 1> <Delay = 0.80> <FuncUnit> <Opcode : 'select'> <InPorts = 3> <OutPorts = 1>
ST_2 : Operation 215 [1/1] (2.75ns)   --->   "%icmp_ln51_41 = icmp_sgt  i37 %trunc_ln44_40, i37 0" [firmware/nnet_utils/nnet_activation_stream.h:51]   --->   Operation 215 'icmp' 'icmp_ln51_41' <Predicate = true> <Delay = 2.75> <CoreInst = "Cmp">   --->   Core 9 'Cmp' <Latency = 0> <II = 1> <Delay = 2.75> <FuncUnit> <Opcode : 'seteq' 'setne' 'setle' 'setge' 'setlt' 'setgt'> <InPorts = 2> <OutPorts = 1>
ST_2 : Operation 216 [1/1] (0.80ns)   --->   "%select_ln51_41 = select i1 %icmp_ln51_41, i16 %trunc_ln52_40, i16 0" [firmware/nnet_utils/nnet_activation_stream.h:51]   --->   Operation 216 'select' 'select_ln51_41' <Predicate = true> <Delay = 0.80> <CoreInst = "Sel">   --->   Core 73 'Sel' <Latency = 0> <II = 1> <Delay = 0.80> <FuncUnit> <Opcode : 'select'> <InPorts = 3> <OutPorts = 1>
ST_2 : Operation 217 [1/1] (2.75ns)   --->   "%icmp_ln51_42 = icmp_sgt  i37 %trunc_ln44_41, i37 0" [firmware/nnet_utils/nnet_activation_stream.h:51]   --->   Operation 217 'icmp' 'icmp_ln51_42' <Predicate = true> <Delay = 2.75> <CoreInst = "Cmp">   --->   Core 9 'Cmp' <Latency = 0> <II = 1> <Delay = 2.75> <FuncUnit> <Opcode : 'seteq' 'setne' 'setle' 'setge' 'setlt' 'setgt'> <InPorts = 2> <OutPorts = 1>
ST_2 : Operation 218 [1/1] (0.80ns)   --->   "%select_ln51_42 = select i1 %icmp_ln51_42, i16 %trunc_ln52_41, i16 0" [firmware/nnet_utils/nnet_activation_stream.h:51]   --->   Operation 218 'select' 'select_ln51_42' <Predicate = true> <Delay = 0.80> <CoreInst = "Sel">   --->   Core 73 'Sel' <Latency = 0> <II = 1> <Delay = 0.80> <FuncUnit> <Opcode : 'select'> <InPorts = 3> <OutPorts = 1>
ST_2 : Operation 219 [1/1] (2.75ns)   --->   "%icmp_ln51_43 = icmp_sgt  i37 %trunc_ln44_42, i37 0" [firmware/nnet_utils/nnet_activation_stream.h:51]   --->   Operation 219 'icmp' 'icmp_ln51_43' <Predicate = true> <Delay = 2.75> <CoreInst = "Cmp">   --->   Core 9 'Cmp' <Latency = 0> <II = 1> <Delay = 2.75> <FuncUnit> <Opcode : 'seteq' 'setne' 'setle' 'setge' 'setlt' 'setgt'> <InPorts = 2> <OutPorts = 1>
ST_2 : Operation 220 [1/1] (0.80ns)   --->   "%select_ln51_43 = select i1 %icmp_ln51_43, i16 %trunc_ln52_42, i16 0" [firmware/nnet_utils/nnet_activation_stream.h:51]   --->   Operation 220 'select' 'select_ln51_43' <Predicate = true> <Delay = 0.80> <CoreInst = "Sel">   --->   Core 73 'Sel' <Latency = 0> <II = 1> <Delay = 0.80> <FuncUnit> <Opcode : 'select'> <InPorts = 3> <OutPorts = 1>
ST_2 : Operation 221 [1/1] (2.75ns)   --->   "%icmp_ln51_44 = icmp_sgt  i37 %trunc_ln44_43, i37 0" [firmware/nnet_utils/nnet_activation_stream.h:51]   --->   Operation 221 'icmp' 'icmp_ln51_44' <Predicate = true> <Delay = 2.75> <CoreInst = "Cmp">   --->   Core 9 'Cmp' <Latency = 0> <II = 1> <Delay = 2.75> <FuncUnit> <Opcode : 'seteq' 'setne' 'setle' 'setge' 'setlt' 'setgt'> <InPorts = 2> <OutPorts = 1>
ST_2 : Operation 222 [1/1] (0.80ns)   --->   "%select_ln51_44 = select i1 %icmp_ln51_44, i16 %trunc_ln52_43, i16 0" [firmware/nnet_utils/nnet_activation_stream.h:51]   --->   Operation 222 'select' 'select_ln51_44' <Predicate = true> <Delay = 0.80> <CoreInst = "Sel">   --->   Core 73 'Sel' <Latency = 0> <II = 1> <Delay = 0.80> <FuncUnit> <Opcode : 'select'> <InPorts = 3> <OutPorts = 1>
ST_2 : Operation 223 [1/1] (2.75ns)   --->   "%icmp_ln51_45 = icmp_sgt  i37 %trunc_ln44_44, i37 0" [firmware/nnet_utils/nnet_activation_stream.h:51]   --->   Operation 223 'icmp' 'icmp_ln51_45' <Predicate = true> <Delay = 2.75> <CoreInst = "Cmp">   --->   Core 9 'Cmp' <Latency = 0> <II = 1> <Delay = 2.75> <FuncUnit> <Opcode : 'seteq' 'setne' 'setle' 'setge' 'setlt' 'setgt'> <InPorts = 2> <OutPorts = 1>
ST_2 : Operation 224 [1/1] (0.80ns)   --->   "%select_ln51_45 = select i1 %icmp_ln51_45, i16 %trunc_ln52_44, i16 0" [firmware/nnet_utils/nnet_activation_stream.h:51]   --->   Operation 224 'select' 'select_ln51_45' <Predicate = true> <Delay = 0.80> <CoreInst = "Sel">   --->   Core 73 'Sel' <Latency = 0> <II = 1> <Delay = 0.80> <FuncUnit> <Opcode : 'select'> <InPorts = 3> <OutPorts = 1>
ST_2 : Operation 225 [1/1] (2.75ns)   --->   "%icmp_ln51_46 = icmp_sgt  i37 %trunc_ln44_45, i37 0" [firmware/nnet_utils/nnet_activation_stream.h:51]   --->   Operation 225 'icmp' 'icmp_ln51_46' <Predicate = true> <Delay = 2.75> <CoreInst = "Cmp">   --->   Core 9 'Cmp' <Latency = 0> <II = 1> <Delay = 2.75> <FuncUnit> <Opcode : 'seteq' 'setne' 'setle' 'setge' 'setlt' 'setgt'> <InPorts = 2> <OutPorts = 1>
ST_2 : Operation 226 [1/1] (0.80ns)   --->   "%select_ln51_46 = select i1 %icmp_ln51_46, i16 %trunc_ln52_45, i16 0" [firmware/nnet_utils/nnet_activation_stream.h:51]   --->   Operation 226 'select' 'select_ln51_46' <Predicate = true> <Delay = 0.80> <CoreInst = "Sel">   --->   Core 73 'Sel' <Latency = 0> <II = 1> <Delay = 0.80> <FuncUnit> <Opcode : 'select'> <InPorts = 3> <OutPorts = 1>
ST_2 : Operation 227 [1/1] (2.75ns)   --->   "%icmp_ln51_47 = icmp_sgt  i37 %trunc_ln44_46, i37 0" [firmware/nnet_utils/nnet_activation_stream.h:51]   --->   Operation 227 'icmp' 'icmp_ln51_47' <Predicate = true> <Delay = 2.75> <CoreInst = "Cmp">   --->   Core 9 'Cmp' <Latency = 0> <II = 1> <Delay = 2.75> <FuncUnit> <Opcode : 'seteq' 'setne' 'setle' 'setge' 'setlt' 'setgt'> <InPorts = 2> <OutPorts = 1>
ST_2 : Operation 228 [1/1] (0.80ns)   --->   "%select_ln51_47 = select i1 %icmp_ln51_47, i16 %trunc_ln52_46, i16 0" [firmware/nnet_utils/nnet_activation_stream.h:51]   --->   Operation 228 'select' 'select_ln51_47' <Predicate = true> <Delay = 0.80> <CoreInst = "Sel">   --->   Core 73 'Sel' <Latency = 0> <II = 1> <Delay = 0.80> <FuncUnit> <Opcode : 'select'> <InPorts = 3> <OutPorts = 1>
ST_2 : Operation 229 [1/1] (2.75ns)   --->   "%icmp_ln51_48 = icmp_sgt  i37 %trunc_ln44_47, i37 0" [firmware/nnet_utils/nnet_activation_stream.h:51]   --->   Operation 229 'icmp' 'icmp_ln51_48' <Predicate = true> <Delay = 2.75> <CoreInst = "Cmp">   --->   Core 9 'Cmp' <Latency = 0> <II = 1> <Delay = 2.75> <FuncUnit> <Opcode : 'seteq' 'setne' 'setle' 'setge' 'setlt' 'setgt'> <InPorts = 2> <OutPorts = 1>
ST_2 : Operation 230 [1/1] (0.80ns)   --->   "%select_ln51_48 = select i1 %icmp_ln51_48, i16 %trunc_ln52_47, i16 0" [firmware/nnet_utils/nnet_activation_stream.h:51]   --->   Operation 230 'select' 'select_ln51_48' <Predicate = true> <Delay = 0.80> <CoreInst = "Sel">   --->   Core 73 'Sel' <Latency = 0> <II = 1> <Delay = 0.80> <FuncUnit> <Opcode : 'select'> <InPorts = 3> <OutPorts = 1>
ST_2 : Operation 231 [1/1] (2.75ns)   --->   "%icmp_ln51_49 = icmp_sgt  i37 %trunc_ln44_48, i37 0" [firmware/nnet_utils/nnet_activation_stream.h:51]   --->   Operation 231 'icmp' 'icmp_ln51_49' <Predicate = true> <Delay = 2.75> <CoreInst = "Cmp">   --->   Core 9 'Cmp' <Latency = 0> <II = 1> <Delay = 2.75> <FuncUnit> <Opcode : 'seteq' 'setne' 'setle' 'setge' 'setlt' 'setgt'> <InPorts = 2> <OutPorts = 1>
ST_2 : Operation 232 [1/1] (0.80ns)   --->   "%select_ln51_49 = select i1 %icmp_ln51_49, i16 %trunc_ln52_48, i16 0" [firmware/nnet_utils/nnet_activation_stream.h:51]   --->   Operation 232 'select' 'select_ln51_49' <Predicate = true> <Delay = 0.80> <CoreInst = "Sel">   --->   Core 73 'Sel' <Latency = 0> <II = 1> <Delay = 0.80> <FuncUnit> <Opcode : 'select'> <InPorts = 3> <OutPorts = 1>
ST_2 : Operation 233 [1/1] (2.75ns)   --->   "%icmp_ln51_50 = icmp_sgt  i37 %trunc_ln44_49, i37 0" [firmware/nnet_utils/nnet_activation_stream.h:51]   --->   Operation 233 'icmp' 'icmp_ln51_50' <Predicate = true> <Delay = 2.75> <CoreInst = "Cmp">   --->   Core 9 'Cmp' <Latency = 0> <II = 1> <Delay = 2.75> <FuncUnit> <Opcode : 'seteq' 'setne' 'setle' 'setge' 'setlt' 'setgt'> <InPorts = 2> <OutPorts = 1>
ST_2 : Operation 234 [1/1] (0.80ns)   --->   "%select_ln51_50 = select i1 %icmp_ln51_50, i16 %trunc_ln52_49, i16 0" [firmware/nnet_utils/nnet_activation_stream.h:51]   --->   Operation 234 'select' 'select_ln51_50' <Predicate = true> <Delay = 0.80> <CoreInst = "Sel">   --->   Core 73 'Sel' <Latency = 0> <II = 1> <Delay = 0.80> <FuncUnit> <Opcode : 'select'> <InPorts = 3> <OutPorts = 1>
ST_2 : Operation 235 [1/1] (2.75ns)   --->   "%icmp_ln51_51 = icmp_sgt  i37 %trunc_ln44_50, i37 0" [firmware/nnet_utils/nnet_activation_stream.h:51]   --->   Operation 235 'icmp' 'icmp_ln51_51' <Predicate = true> <Delay = 2.75> <CoreInst = "Cmp">   --->   Core 9 'Cmp' <Latency = 0> <II = 1> <Delay = 2.75> <FuncUnit> <Opcode : 'seteq' 'setne' 'setle' 'setge' 'setlt' 'setgt'> <InPorts = 2> <OutPorts = 1>
ST_2 : Operation 236 [1/1] (0.80ns)   --->   "%select_ln51_51 = select i1 %icmp_ln51_51, i16 %trunc_ln52_50, i16 0" [firmware/nnet_utils/nnet_activation_stream.h:51]   --->   Operation 236 'select' 'select_ln51_51' <Predicate = true> <Delay = 0.80> <CoreInst = "Sel">   --->   Core 73 'Sel' <Latency = 0> <II = 1> <Delay = 0.80> <FuncUnit> <Opcode : 'select'> <InPorts = 3> <OutPorts = 1>
ST_2 : Operation 237 [1/1] (2.75ns)   --->   "%icmp_ln51_52 = icmp_sgt  i37 %trunc_ln44_51, i37 0" [firmware/nnet_utils/nnet_activation_stream.h:51]   --->   Operation 237 'icmp' 'icmp_ln51_52' <Predicate = true> <Delay = 2.75> <CoreInst = "Cmp">   --->   Core 9 'Cmp' <Latency = 0> <II = 1> <Delay = 2.75> <FuncUnit> <Opcode : 'seteq' 'setne' 'setle' 'setge' 'setlt' 'setgt'> <InPorts = 2> <OutPorts = 1>
ST_2 : Operation 238 [1/1] (0.80ns)   --->   "%select_ln51_52 = select i1 %icmp_ln51_52, i16 %trunc_ln52_51, i16 0" [firmware/nnet_utils/nnet_activation_stream.h:51]   --->   Operation 238 'select' 'select_ln51_52' <Predicate = true> <Delay = 0.80> <CoreInst = "Sel">   --->   Core 73 'Sel' <Latency = 0> <II = 1> <Delay = 0.80> <FuncUnit> <Opcode : 'select'> <InPorts = 3> <OutPorts = 1>
ST_2 : Operation 239 [1/1] (2.75ns)   --->   "%icmp_ln51_53 = icmp_sgt  i37 %trunc_ln44_52, i37 0" [firmware/nnet_utils/nnet_activation_stream.h:51]   --->   Operation 239 'icmp' 'icmp_ln51_53' <Predicate = true> <Delay = 2.75> <CoreInst = "Cmp">   --->   Core 9 'Cmp' <Latency = 0> <II = 1> <Delay = 2.75> <FuncUnit> <Opcode : 'seteq' 'setne' 'setle' 'setge' 'setlt' 'setgt'> <InPorts = 2> <OutPorts = 1>
ST_2 : Operation 240 [1/1] (0.80ns)   --->   "%select_ln51_53 = select i1 %icmp_ln51_53, i16 %trunc_ln52_52, i16 0" [firmware/nnet_utils/nnet_activation_stream.h:51]   --->   Operation 240 'select' 'select_ln51_53' <Predicate = true> <Delay = 0.80> <CoreInst = "Sel">   --->   Core 73 'Sel' <Latency = 0> <II = 1> <Delay = 0.80> <FuncUnit> <Opcode : 'select'> <InPorts = 3> <OutPorts = 1>
ST_2 : Operation 241 [1/1] (2.75ns)   --->   "%icmp_ln51_54 = icmp_sgt  i37 %trunc_ln44_53, i37 0" [firmware/nnet_utils/nnet_activation_stream.h:51]   --->   Operation 241 'icmp' 'icmp_ln51_54' <Predicate = true> <Delay = 2.75> <CoreInst = "Cmp">   --->   Core 9 'Cmp' <Latency = 0> <II = 1> <Delay = 2.75> <FuncUnit> <Opcode : 'seteq' 'setne' 'setle' 'setge' 'setlt' 'setgt'> <InPorts = 2> <OutPorts = 1>
ST_2 : Operation 242 [1/1] (0.80ns)   --->   "%select_ln51_54 = select i1 %icmp_ln51_54, i16 %trunc_ln52_53, i16 0" [firmware/nnet_utils/nnet_activation_stream.h:51]   --->   Operation 242 'select' 'select_ln51_54' <Predicate = true> <Delay = 0.80> <CoreInst = "Sel">   --->   Core 73 'Sel' <Latency = 0> <II = 1> <Delay = 0.80> <FuncUnit> <Opcode : 'select'> <InPorts = 3> <OutPorts = 1>
ST_2 : Operation 243 [1/1] (2.75ns)   --->   "%icmp_ln51_55 = icmp_sgt  i37 %trunc_ln44_54, i37 0" [firmware/nnet_utils/nnet_activation_stream.h:51]   --->   Operation 243 'icmp' 'icmp_ln51_55' <Predicate = true> <Delay = 2.75> <CoreInst = "Cmp">   --->   Core 9 'Cmp' <Latency = 0> <II = 1> <Delay = 2.75> <FuncUnit> <Opcode : 'seteq' 'setne' 'setle' 'setge' 'setlt' 'setgt'> <InPorts = 2> <OutPorts = 1>
ST_2 : Operation 244 [1/1] (0.80ns)   --->   "%select_ln51_55 = select i1 %icmp_ln51_55, i16 %trunc_ln52_54, i16 0" [firmware/nnet_utils/nnet_activation_stream.h:51]   --->   Operation 244 'select' 'select_ln51_55' <Predicate = true> <Delay = 0.80> <CoreInst = "Sel">   --->   Core 73 'Sel' <Latency = 0> <II = 1> <Delay = 0.80> <FuncUnit> <Opcode : 'select'> <InPorts = 3> <OutPorts = 1>
ST_2 : Operation 245 [1/1] (2.75ns)   --->   "%icmp_ln51_56 = icmp_sgt  i37 %trunc_ln44_55, i37 0" [firmware/nnet_utils/nnet_activation_stream.h:51]   --->   Operation 245 'icmp' 'icmp_ln51_56' <Predicate = true> <Delay = 2.75> <CoreInst = "Cmp">   --->   Core 9 'Cmp' <Latency = 0> <II = 1> <Delay = 2.75> <FuncUnit> <Opcode : 'seteq' 'setne' 'setle' 'setge' 'setlt' 'setgt'> <InPorts = 2> <OutPorts = 1>
ST_2 : Operation 246 [1/1] (0.80ns)   --->   "%select_ln51_56 = select i1 %icmp_ln51_56, i16 %trunc_ln52_55, i16 0" [firmware/nnet_utils/nnet_activation_stream.h:51]   --->   Operation 246 'select' 'select_ln51_56' <Predicate = true> <Delay = 0.80> <CoreInst = "Sel">   --->   Core 73 'Sel' <Latency = 0> <II = 1> <Delay = 0.80> <FuncUnit> <Opcode : 'select'> <InPorts = 3> <OutPorts = 1>
ST_2 : Operation 247 [1/1] (2.75ns)   --->   "%icmp_ln51_57 = icmp_sgt  i37 %trunc_ln44_56, i37 0" [firmware/nnet_utils/nnet_activation_stream.h:51]   --->   Operation 247 'icmp' 'icmp_ln51_57' <Predicate = true> <Delay = 2.75> <CoreInst = "Cmp">   --->   Core 9 'Cmp' <Latency = 0> <II = 1> <Delay = 2.75> <FuncUnit> <Opcode : 'seteq' 'setne' 'setle' 'setge' 'setlt' 'setgt'> <InPorts = 2> <OutPorts = 1>
ST_2 : Operation 248 [1/1] (0.80ns)   --->   "%select_ln51_57 = select i1 %icmp_ln51_57, i16 %trunc_ln52_56, i16 0" [firmware/nnet_utils/nnet_activation_stream.h:51]   --->   Operation 248 'select' 'select_ln51_57' <Predicate = true> <Delay = 0.80> <CoreInst = "Sel">   --->   Core 73 'Sel' <Latency = 0> <II = 1> <Delay = 0.80> <FuncUnit> <Opcode : 'select'> <InPorts = 3> <OutPorts = 1>
ST_2 : Operation 249 [1/1] (2.75ns)   --->   "%icmp_ln51_58 = icmp_sgt  i37 %trunc_ln44_57, i37 0" [firmware/nnet_utils/nnet_activation_stream.h:51]   --->   Operation 249 'icmp' 'icmp_ln51_58' <Predicate = true> <Delay = 2.75> <CoreInst = "Cmp">   --->   Core 9 'Cmp' <Latency = 0> <II = 1> <Delay = 2.75> <FuncUnit> <Opcode : 'seteq' 'setne' 'setle' 'setge' 'setlt' 'setgt'> <InPorts = 2> <OutPorts = 1>
ST_2 : Operation 250 [1/1] (0.80ns)   --->   "%select_ln51_58 = select i1 %icmp_ln51_58, i16 %trunc_ln52_57, i16 0" [firmware/nnet_utils/nnet_activation_stream.h:51]   --->   Operation 250 'select' 'select_ln51_58' <Predicate = true> <Delay = 0.80> <CoreInst = "Sel">   --->   Core 73 'Sel' <Latency = 0> <II = 1> <Delay = 0.80> <FuncUnit> <Opcode : 'select'> <InPorts = 3> <OutPorts = 1>
ST_2 : Operation 251 [1/1] (2.75ns)   --->   "%icmp_ln51_59 = icmp_sgt  i37 %trunc_ln44_58, i37 0" [firmware/nnet_utils/nnet_activation_stream.h:51]   --->   Operation 251 'icmp' 'icmp_ln51_59' <Predicate = true> <Delay = 2.75> <CoreInst = "Cmp">   --->   Core 9 'Cmp' <Latency = 0> <II = 1> <Delay = 2.75> <FuncUnit> <Opcode : 'seteq' 'setne' 'setle' 'setge' 'setlt' 'setgt'> <InPorts = 2> <OutPorts = 1>
ST_2 : Operation 252 [1/1] (0.80ns)   --->   "%select_ln51_59 = select i1 %icmp_ln51_59, i16 %trunc_ln52_58, i16 0" [firmware/nnet_utils/nnet_activation_stream.h:51]   --->   Operation 252 'select' 'select_ln51_59' <Predicate = true> <Delay = 0.80> <CoreInst = "Sel">   --->   Core 73 'Sel' <Latency = 0> <II = 1> <Delay = 0.80> <FuncUnit> <Opcode : 'select'> <InPorts = 3> <OutPorts = 1>
ST_2 : Operation 253 [1/1] (2.75ns)   --->   "%icmp_ln51_60 = icmp_sgt  i37 %trunc_ln44_59, i37 0" [firmware/nnet_utils/nnet_activation_stream.h:51]   --->   Operation 253 'icmp' 'icmp_ln51_60' <Predicate = true> <Delay = 2.75> <CoreInst = "Cmp">   --->   Core 9 'Cmp' <Latency = 0> <II = 1> <Delay = 2.75> <FuncUnit> <Opcode : 'seteq' 'setne' 'setle' 'setge' 'setlt' 'setgt'> <InPorts = 2> <OutPorts = 1>
ST_2 : Operation 254 [1/1] (0.80ns)   --->   "%select_ln51_60 = select i1 %icmp_ln51_60, i16 %trunc_ln52_59, i16 0" [firmware/nnet_utils/nnet_activation_stream.h:51]   --->   Operation 254 'select' 'select_ln51_60' <Predicate = true> <Delay = 0.80> <CoreInst = "Sel">   --->   Core 73 'Sel' <Latency = 0> <II = 1> <Delay = 0.80> <FuncUnit> <Opcode : 'select'> <InPorts = 3> <OutPorts = 1>
ST_2 : Operation 255 [1/1] (2.75ns)   --->   "%icmp_ln51_61 = icmp_sgt  i37 %trunc_ln44_60, i37 0" [firmware/nnet_utils/nnet_activation_stream.h:51]   --->   Operation 255 'icmp' 'icmp_ln51_61' <Predicate = true> <Delay = 2.75> <CoreInst = "Cmp">   --->   Core 9 'Cmp' <Latency = 0> <II = 1> <Delay = 2.75> <FuncUnit> <Opcode : 'seteq' 'setne' 'setle' 'setge' 'setlt' 'setgt'> <InPorts = 2> <OutPorts = 1>
ST_2 : Operation 256 [1/1] (0.80ns)   --->   "%select_ln51_61 = select i1 %icmp_ln51_61, i16 %trunc_ln52_60, i16 0" [firmware/nnet_utils/nnet_activation_stream.h:51]   --->   Operation 256 'select' 'select_ln51_61' <Predicate = true> <Delay = 0.80> <CoreInst = "Sel">   --->   Core 73 'Sel' <Latency = 0> <II = 1> <Delay = 0.80> <FuncUnit> <Opcode : 'select'> <InPorts = 3> <OutPorts = 1>
ST_2 : Operation 257 [1/1] (2.75ns)   --->   "%icmp_ln51_62 = icmp_sgt  i37 %trunc_ln44_61, i37 0" [firmware/nnet_utils/nnet_activation_stream.h:51]   --->   Operation 257 'icmp' 'icmp_ln51_62' <Predicate = true> <Delay = 2.75> <CoreInst = "Cmp">   --->   Core 9 'Cmp' <Latency = 0> <II = 1> <Delay = 2.75> <FuncUnit> <Opcode : 'seteq' 'setne' 'setle' 'setge' 'setlt' 'setgt'> <InPorts = 2> <OutPorts = 1>
ST_2 : Operation 258 [1/1] (0.80ns)   --->   "%select_ln51_62 = select i1 %icmp_ln51_62, i16 %trunc_ln52_61, i16 0" [firmware/nnet_utils/nnet_activation_stream.h:51]   --->   Operation 258 'select' 'select_ln51_62' <Predicate = true> <Delay = 0.80> <CoreInst = "Sel">   --->   Core 73 'Sel' <Latency = 0> <II = 1> <Delay = 0.80> <FuncUnit> <Opcode : 'select'> <InPorts = 3> <OutPorts = 1>
ST_2 : Operation 259 [1/1] (2.75ns)   --->   "%icmp_ln51_63 = icmp_sgt  i37 %trunc_ln44_62, i37 0" [firmware/nnet_utils/nnet_activation_stream.h:51]   --->   Operation 259 'icmp' 'icmp_ln51_63' <Predicate = true> <Delay = 2.75> <CoreInst = "Cmp">   --->   Core 9 'Cmp' <Latency = 0> <II = 1> <Delay = 2.75> <FuncUnit> <Opcode : 'seteq' 'setne' 'setle' 'setge' 'setlt' 'setgt'> <InPorts = 2> <OutPorts = 1>
ST_2 : Operation 260 [1/1] (0.80ns)   --->   "%select_ln51_63 = select i1 %icmp_ln51_63, i16 %trunc_ln52_62, i16 0" [firmware/nnet_utils/nnet_activation_stream.h:51]   --->   Operation 260 'select' 'select_ln51_63' <Predicate = true> <Delay = 0.80> <CoreInst = "Sel">   --->   Core 73 'Sel' <Latency = 0> <II = 1> <Delay = 0.80> <FuncUnit> <Opcode : 'select'> <InPorts = 3> <OutPorts = 1>

State 3 <SV = 2> <Delay = 1.82>
ST_3 : Operation 261 [1/1] (0.00ns)   --->   "%specinterface_ln0 = specinterface void @_ssdm_op_SpecInterface, i1024 %layer3_out, void @empty_11, i32 0, i32 0, void @empty_0, i32 0, i32 0, void @empty_0, void @empty_0, void @empty_0, i32 0, i32 0, i32 0, i32 0, void @empty_0, void @empty_0, i32 4294967295, i32 0, i32 0, i32 0"   --->   Operation 261 'specinterface' 'specinterface_ln0' <Predicate = true> <Delay = 0.00>
ST_3 : Operation 262 [1/1] (0.00ns)   --->   "%specinterface_ln0 = specinterface void @_ssdm_op_SpecInterface, i2368 %layer2_out, void @empty_11, i32 0, i32 0, void @empty_0, i32 0, i32 0, void @empty_0, void @empty_0, void @empty_0, i32 0, i32 0, i32 0, i32 0, void @empty_0, void @empty_0, i32 4294967295, i32 0, i32 0, i32 0"   --->   Operation 262 'specinterface' 'specinterface_ln0' <Predicate = true> <Delay = 0.00>
ST_3 : Operation 263 [1/1] (0.00ns)   --->   "%p_s = bitconcatenate i1024 @_ssdm_op_BitConcatenate.i1024.i16.i16.i16.i16.i16.i16.i16.i16.i16.i16.i16.i16.i16.i16.i16.i16.i16.i16.i16.i16.i16.i16.i16.i16.i16.i16.i16.i16.i16.i16.i16.i16.i16.i16.i16.i16.i16.i16.i16.i16.i16.i16.i16.i16.i16.i16.i16.i16.i16.i16.i16.i16.i16.i16.i16.i16.i16.i16.i16.i16.i16.i16.i16.i16, i16 %select_ln51_63, i16 %select_ln51_62, i16 %select_ln51_61, i16 %select_ln51_60, i16 %select_ln51_59, i16 %select_ln51_58, i16 %select_ln51_57, i16 %select_ln51_56, i16 %select_ln51_55, i16 %select_ln51_54, i16 %select_ln51_53, i16 %select_ln51_52, i16 %select_ln51_51, i16 %select_ln51_50, i16 %select_ln51_49, i16 %select_ln51_48, i16 %select_ln51_47, i16 %select_ln51_46, i16 %select_ln51_45, i16 %select_ln51_44, i16 %select_ln51_43, i16 %select_ln51_42, i16 %select_ln51_41, i16 %select_ln51_40, i16 %select_ln51_39, i16 %select_ln51_38, i16 %select_ln51_37, i16 %select_ln51_36, i16 %select_ln51_35, i16 %select_ln51_34, i16 %select_ln51_33, i16 %select_ln51_32, i16 %select_ln51_31, i16 %select_ln51_30, i16 %select_ln51_29, i16 %select_ln51_28, i16 %select_ln51_27, i16 %select_ln51_26, i16 %select_ln51_25, i16 %select_ln51_24, i16 %select_ln51_23, i16 %select_ln51_22, i16 %select_ln51_21, i16 %select_ln51_20, i16 %select_ln51_19, i16 %select_ln51_18, i16 %select_ln51_17, i16 %select_ln51_16, i16 %select_ln51_15, i16 %select_ln51_14, i16 %select_ln51_13, i16 %select_ln51_12, i16 %select_ln51_11, i16 %select_ln51_10, i16 %select_ln51_9, i16 %select_ln51_8, i16 %select_ln51_7, i16 %select_ln51_6, i16 %select_ln51_5, i16 %select_ln51_4, i16 %select_ln51_3, i16 %select_ln51_2, i16 %select_ln51_1, i16 %select_ln51" [firmware/nnet_utils/nnet_activation_stream.h:57]   --->   Operation 263 'bitconcatenate' 'p_s' <Predicate = true> <Delay = 0.00>
ST_3 : Operation 264 [1/1] ( I:1.82ns O:1.82ns )   --->   "%write_ln57 = write void @_ssdm_op_Write.ap_fifo.volatile.i1024P0A, i1024 %layer3_out, i1024 %p_s" [firmware/nnet_utils/nnet_activation_stream.h:57]   --->   Operation 264 'write' 'write_ln57' <Predicate = true> <Delay = 1.82> <CoreInst = "FIFO_SRL">   --->   Core 80 'FIFO_SRL' <Latency = 0> <II = 1> <Delay = 3.63> <Storage> <Opcode : 'read' 'write' 'nbread' 'nbwrite'> <Ports = 0> <Width = 1024> <Depth = 1> <FIFO>
ST_3 : Operation 265 [1/1] (0.00ns)   --->   "%ret_ln59 = ret" [firmware/nnet_utils/nnet_activation_stream.h:59]   --->   Operation 265 'ret' 'ret_ln59' <Predicate = true> <Delay = 0.00>


============================================================
+ Verbose Summary: Binding
============================================================
STG Binding: 
---------------- STG Properties BEGIN ----------------
- Is combinational: 0
- Is one-state seq: 0
- Is datapath-only: 0
- Is pipelined: 0
- Is top level: 0
Port [ Return ] is wired: 1; IO mode=ap_ctrl_hs:ce=0
Port [ layer2_out]:  wired=1; compound=1; hidden=0; nouse=0; global=0; static=0; extern=0; dir=0; type=3; pingpong=0; private_global=0; IO mode=ap_fifo:ce=0
Port [ layer3_out]:  wired=1; compound=1; hidden=0; nouse=0; global=0; static=0; extern=0; dir=1; type=3; pingpong=0; private_global=0; IO mode=ap_fifo:ce=0
---------------- STG Properties END ------------------

---------------- Datapath Model BEGIN ----------------

<LifeTime>
<method=bitvector/>
layer2_out_read   (read          ) [ 0000]
trunc_ln44        (trunc         ) [ 0010]
trunc_ln44_s      (partselect    ) [ 0010]
trunc_ln44_1      (partselect    ) [ 0010]
trunc_ln44_2      (partselect    ) [ 0010]
trunc_ln44_3      (partselect    ) [ 0010]
trunc_ln44_4      (partselect    ) [ 0010]
trunc_ln44_5      (partselect    ) [ 0010]
trunc_ln44_6      (partselect    ) [ 0010]
trunc_ln44_7      (partselect    ) [ 0010]
trunc_ln44_8      (partselect    ) [ 0010]
trunc_ln44_9      (partselect    ) [ 0010]
trunc_ln44_10     (partselect    ) [ 0010]
trunc_ln44_11     (partselect    ) [ 0010]
trunc_ln44_12     (partselect    ) [ 0010]
trunc_ln44_13     (partselect    ) [ 0010]
trunc_ln44_14     (partselect    ) [ 0010]
trunc_ln44_15     (partselect    ) [ 0010]
trunc_ln44_16     (partselect    ) [ 0010]
trunc_ln44_17     (partselect    ) [ 0010]
trunc_ln44_18     (partselect    ) [ 0010]
trunc_ln44_19     (partselect    ) [ 0010]
trunc_ln44_20     (partselect    ) [ 0010]
trunc_ln44_21     (partselect    ) [ 0010]
trunc_ln44_22     (partselect    ) [ 0010]
trunc_ln44_23     (partselect    ) [ 0010]
trunc_ln44_24     (partselect    ) [ 0010]
trunc_ln44_25     (partselect    ) [ 0010]
trunc_ln44_26     (partselect    ) [ 0010]
trunc_ln44_27     (partselect    ) [ 0010]
trunc_ln44_28     (partselect    ) [ 0010]
trunc_ln44_29     (partselect    ) [ 0010]
trunc_ln44_30     (partselect    ) [ 0010]
trunc_ln44_31     (partselect    ) [ 0010]
trunc_ln44_32     (partselect    ) [ 0010]
trunc_ln44_33     (partselect    ) [ 0010]
trunc_ln44_34     (partselect    ) [ 0010]
trunc_ln44_35     (partselect    ) [ 0010]
trunc_ln44_36     (partselect    ) [ 0010]
trunc_ln44_37     (partselect    ) [ 0010]
trunc_ln44_38     (partselect    ) [ 0010]
trunc_ln44_39     (partselect    ) [ 0010]
trunc_ln44_40     (partselect    ) [ 0010]
trunc_ln44_41     (partselect    ) [ 0010]
trunc_ln44_42     (partselect    ) [ 0010]
trunc_ln44_43     (partselect    ) [ 0010]
trunc_ln44_44     (partselect    ) [ 0010]
trunc_ln44_45     (partselect    ) [ 0010]
trunc_ln44_46     (partselect    ) [ 0010]
trunc_ln44_47     (partselect    ) [ 0010]
trunc_ln44_48     (partselect    ) [ 0010]
trunc_ln44_49     (partselect    ) [ 0010]
trunc_ln44_50     (partselect    ) [ 0010]
trunc_ln44_51     (partselect    ) [ 0010]
trunc_ln44_52     (partselect    ) [ 0010]
trunc_ln44_53     (partselect    ) [ 0010]
trunc_ln44_54     (partselect    ) [ 0010]
trunc_ln44_55     (partselect    ) [ 0010]
trunc_ln44_56     (partselect    ) [ 0010]
trunc_ln44_57     (partselect    ) [ 0010]
trunc_ln44_58     (partselect    ) [ 0010]
trunc_ln44_59     (partselect    ) [ 0010]
trunc_ln44_60     (partselect    ) [ 0010]
trunc_ln44_61     (partselect    ) [ 0010]
trunc_ln44_62     (partselect    ) [ 0010]
trunc_ln4         (partselect    ) [ 0010]
trunc_ln52_s      (partselect    ) [ 0010]
trunc_ln52_1      (partselect    ) [ 0010]
trunc_ln52_2      (partselect    ) [ 0010]
trunc_ln52_3      (partselect    ) [ 0010]
trunc_ln52_4      (partselect    ) [ 0010]
trunc_ln52_5      (partselect    ) [ 0010]
trunc_ln52_6      (partselect    ) [ 0010]
trunc_ln52_7      (partselect    ) [ 0010]
trunc_ln52_8      (partselect    ) [ 0010]
trunc_ln52_9      (partselect    ) [ 0010]
trunc_ln52_10     (partselect    ) [ 0010]
trunc_ln52_11     (partselect    ) [ 0010]
trunc_ln52_12     (partselect    ) [ 0010]
trunc_ln52_13     (partselect    ) [ 0010]
trunc_ln52_14     (partselect    ) [ 0010]
trunc_ln52_15     (partselect    ) [ 0010]
trunc_ln52_16     (partselect    ) [ 0010]
trunc_ln52_17     (partselect    ) [ 0010]
trunc_ln52_18     (partselect    ) [ 0010]
trunc_ln52_19     (partselect    ) [ 0010]
trunc_ln52_20     (partselect    ) [ 0010]
trunc_ln52_21     (partselect    ) [ 0010]
trunc_ln52_22     (partselect    ) [ 0010]
trunc_ln52_23     (partselect    ) [ 0010]
trunc_ln52_24     (partselect    ) [ 0010]
trunc_ln52_25     (partselect    ) [ 0010]
trunc_ln52_26     (partselect    ) [ 0010]
trunc_ln52_27     (partselect    ) [ 0010]
trunc_ln52_28     (partselect    ) [ 0010]
trunc_ln52_29     (partselect    ) [ 0010]
trunc_ln52_30     (partselect    ) [ 0010]
trunc_ln52_31     (partselect    ) [ 0010]
trunc_ln52_32     (partselect    ) [ 0010]
trunc_ln52_33     (partselect    ) [ 0010]
trunc_ln52_34     (partselect    ) [ 0010]
trunc_ln52_35     (partselect    ) [ 0010]
trunc_ln52_36     (partselect    ) [ 0010]
trunc_ln52_37     (partselect    ) [ 0010]
trunc_ln52_38     (partselect    ) [ 0010]
trunc_ln52_39     (partselect    ) [ 0010]
trunc_ln52_40     (partselect    ) [ 0010]
trunc_ln52_41     (partselect    ) [ 0010]
trunc_ln52_42     (partselect    ) [ 0010]
trunc_ln52_43     (partselect    ) [ 0010]
trunc_ln52_44     (partselect    ) [ 0010]
trunc_ln52_45     (partselect    ) [ 0010]
trunc_ln52_46     (partselect    ) [ 0010]
trunc_ln52_47     (partselect    ) [ 0010]
trunc_ln52_48     (partselect    ) [ 0010]
trunc_ln52_49     (partselect    ) [ 0010]
trunc_ln52_50     (partselect    ) [ 0010]
trunc_ln52_51     (partselect    ) [ 0010]
trunc_ln52_52     (partselect    ) [ 0010]
trunc_ln52_53     (partselect    ) [ 0010]
trunc_ln52_54     (partselect    ) [ 0010]
trunc_ln52_55     (partselect    ) [ 0010]
trunc_ln52_56     (partselect    ) [ 0010]
trunc_ln52_57     (partselect    ) [ 0010]
trunc_ln52_58     (partselect    ) [ 0010]
trunc_ln52_59     (partselect    ) [ 0010]
trunc_ln52_60     (partselect    ) [ 0010]
trunc_ln52_61     (partselect    ) [ 0010]
trunc_ln52_62     (partselect    ) [ 0010]
icmp_ln51         (icmp          ) [ 0000]
select_ln51       (select        ) [ 0001]
icmp_ln51_1       (icmp          ) [ 0000]
select_ln51_1     (select        ) [ 0001]
icmp_ln51_2       (icmp          ) [ 0000]
select_ln51_2     (select        ) [ 0001]
icmp_ln51_3       (icmp          ) [ 0000]
select_ln51_3     (select        ) [ 0001]
icmp_ln51_4       (icmp          ) [ 0000]
select_ln51_4     (select        ) [ 0001]
icmp_ln51_5       (icmp          ) [ 0000]
select_ln51_5     (select        ) [ 0001]
icmp_ln51_6       (icmp          ) [ 0000]
select_ln51_6     (select        ) [ 0001]
icmp_ln51_7       (icmp          ) [ 0000]
select_ln51_7     (select        ) [ 0001]
icmp_ln51_8       (icmp          ) [ 0000]
select_ln51_8     (select        ) [ 0001]
icmp_ln51_9       (icmp          ) [ 0000]
select_ln51_9     (select        ) [ 0001]
icmp_ln51_10      (icmp          ) [ 0000]
select_ln51_10    (select        ) [ 0001]
icmp_ln51_11      (icmp          ) [ 0000]
select_ln51_11    (select        ) [ 0001]
icmp_ln51_12      (icmp          ) [ 0000]
select_ln51_12    (select        ) [ 0001]
icmp_ln51_13      (icmp          ) [ 0000]
select_ln51_13    (select        ) [ 0001]
icmp_ln51_14      (icmp          ) [ 0000]
select_ln51_14    (select        ) [ 0001]
icmp_ln51_15      (icmp          ) [ 0000]
select_ln51_15    (select        ) [ 0001]
icmp_ln51_16      (icmp          ) [ 0000]
select_ln51_16    (select        ) [ 0001]
icmp_ln51_17      (icmp          ) [ 0000]
select_ln51_17    (select        ) [ 0001]
icmp_ln51_18      (icmp          ) [ 0000]
select_ln51_18    (select        ) [ 0001]
icmp_ln51_19      (icmp          ) [ 0000]
select_ln51_19    (select        ) [ 0001]
icmp_ln51_20      (icmp          ) [ 0000]
select_ln51_20    (select        ) [ 0001]
icmp_ln51_21      (icmp          ) [ 0000]
select_ln51_21    (select        ) [ 0001]
icmp_ln51_22      (icmp          ) [ 0000]
select_ln51_22    (select        ) [ 0001]
icmp_ln51_23      (icmp          ) [ 0000]
select_ln51_23    (select        ) [ 0001]
icmp_ln51_24      (icmp          ) [ 0000]
select_ln51_24    (select        ) [ 0001]
icmp_ln51_25      (icmp          ) [ 0000]
select_ln51_25    (select        ) [ 0001]
icmp_ln51_26      (icmp          ) [ 0000]
select_ln51_26    (select        ) [ 0001]
icmp_ln51_27      (icmp          ) [ 0000]
select_ln51_27    (select        ) [ 0001]
icmp_ln51_28      (icmp          ) [ 0000]
select_ln51_28    (select        ) [ 0001]
icmp_ln51_29      (icmp          ) [ 0000]
select_ln51_29    (select        ) [ 0001]
icmp_ln51_30      (icmp          ) [ 0000]
select_ln51_30    (select        ) [ 0001]
icmp_ln51_31      (icmp          ) [ 0000]
select_ln51_31    (select        ) [ 0001]
icmp_ln51_32      (icmp          ) [ 0000]
select_ln51_32    (select        ) [ 0001]
icmp_ln51_33      (icmp          ) [ 0000]
select_ln51_33    (select        ) [ 0001]
icmp_ln51_34      (icmp          ) [ 0000]
select_ln51_34    (select        ) [ 0001]
icmp_ln51_35      (icmp          ) [ 0000]
select_ln51_35    (select        ) [ 0001]
icmp_ln51_36      (icmp          ) [ 0000]
select_ln51_36    (select        ) [ 0001]
icmp_ln51_37      (icmp          ) [ 0000]
select_ln51_37    (select        ) [ 0001]
icmp_ln51_38      (icmp          ) [ 0000]
select_ln51_38    (select        ) [ 0001]
icmp_ln51_39      (icmp          ) [ 0000]
select_ln51_39    (select        ) [ 0001]
icmp_ln51_40      (icmp          ) [ 0000]
select_ln51_40    (select        ) [ 0001]
icmp_ln51_41      (icmp          ) [ 0000]
select_ln51_41    (select        ) [ 0001]
icmp_ln51_42      (icmp          ) [ 0000]
select_ln51_42    (select        ) [ 0001]
icmp_ln51_43      (icmp          ) [ 0000]
select_ln51_43    (select        ) [ 0001]
icmp_ln51_44      (icmp          ) [ 0000]
select_ln51_44    (select        ) [ 0001]
icmp_ln51_45      (icmp          ) [ 0000]
select_ln51_45    (select        ) [ 0001]
icmp_ln51_46      (icmp          ) [ 0000]
select_ln51_46    (select        ) [ 0001]
icmp_ln51_47      (icmp          ) [ 0000]
select_ln51_47    (select        ) [ 0001]
icmp_ln51_48      (icmp          ) [ 0000]
select_ln51_48    (select        ) [ 0001]
icmp_ln51_49      (icmp          ) [ 0000]
select_ln51_49    (select        ) [ 0001]
icmp_ln51_50      (icmp          ) [ 0000]
select_ln51_50    (select        ) [ 0001]
icmp_ln51_51      (icmp          ) [ 0000]
select_ln51_51    (select        ) [ 0001]
icmp_ln51_52      (icmp          ) [ 0000]
select_ln51_52    (select        ) [ 0001]
icmp_ln51_53      (icmp          ) [ 0000]
select_ln51_53    (select        ) [ 0001]
icmp_ln51_54      (icmp          ) [ 0000]
select_ln51_54    (select        ) [ 0001]
icmp_ln51_55      (icmp          ) [ 0000]
select_ln51_55    (select        ) [ 0001]
icmp_ln51_56      (icmp          ) [ 0000]
select_ln51_56    (select        ) [ 0001]
icmp_ln51_57      (icmp          ) [ 0000]
select_ln51_57    (select        ) [ 0001]
icmp_ln51_58      (icmp          ) [ 0000]
select_ln51_58    (select        ) [ 0001]
icmp_ln51_59      (icmp          ) [ 0000]
select_ln51_59    (select        ) [ 0001]
icmp_ln51_60      (icmp          ) [ 0000]
select_ln51_60    (select        ) [ 0001]
icmp_ln51_61      (icmp          ) [ 0000]
select_ln51_61    (select        ) [ 0001]
icmp_ln51_62      (icmp          ) [ 0000]
select_ln51_62    (select        ) [ 0001]
icmp_ln51_63      (icmp          ) [ 0000]
select_ln51_63    (select        ) [ 0001]
specinterface_ln0 (specinterface ) [ 0000]
specinterface_ln0 (specinterface ) [ 0000]
p_s               (bitconcatenate) [ 0000]
write_ln57        (write         ) [ 0000]
ret_ln59          (ret           ) [ 0000]
</LifeTime>

<model>

<comp_list>
<comp id="0" class="1000" name="layer2_out">
<pin_list>
<pin id="1" dir="1" index="0" bw="1" slack="0"/>
</pin_list>
<bind>
<StgValue><ssdm name="layer2_out"/></StgValue>
</bind>
</comp>

<comp id="2" class="1000" name="layer3_out">
<pin_list>
<pin id="3" dir="1" index="0" bw="1" slack="0"/>
</pin_list>
<bind>
<StgValue><ssdm name="layer3_out"/></StgValue>
</bind>
</comp>

<comp id="4" class="1001" name="const_4">
<pin_list>
<pin id="5" dir="1" index="0" bw="1" slack="0"/>
</pin_list>
<bind>
<StgValue><ssdm name="_ssdm_op_Read.ap_fifo.volatile.i2368P0A"/></StgValue>
</bind>
</comp>

<comp id="6" class="1001" name="const_6">
<pin_list>
<pin id="7" dir="1" index="0" bw="1" slack="0"/>
</pin_list>
<bind>
<StgValue><ssdm name="_ssdm_op_PartSelect.i37.i2368.i32.i32"/></StgValue>
</bind>
</comp>

<comp id="8" class="1001" name="const_8">
<pin_list>
<pin id="9" dir="1" index="0" bw="1" slack="0"/>
</pin_list>
<bind>
<StgValue><ssdm name=""/></StgValue>
</bind>
</comp>

<comp id="10" class="1001" name="const_10">
<pin_list>
<pin id="11" dir="1" index="0" bw="1" slack="0"/>
</pin_list>
<bind>
<StgValue><ssdm name=""/></StgValue>
</bind>
</comp>

<comp id="12" class="1001" name="const_12">
<pin_list>
<pin id="13" dir="1" index="0" bw="1" slack="0"/>
</pin_list>
<bind>
<StgValue><ssdm name=""/></StgValue>
</bind>
</comp>

<comp id="14" class="1001" name="const_14">
<pin_list>
<pin id="15" dir="1" index="0" bw="1" slack="0"/>
</pin_list>
<bind>
<StgValue><ssdm name=""/></StgValue>
</bind>
</comp>

<comp id="16" class="1001" name="const_16">
<pin_list>
<pin id="17" dir="1" index="0" bw="1" slack="0"/>
</pin_list>
<bind>
<StgValue><ssdm name=""/></StgValue>
</bind>
</comp>

<comp id="18" class="1001" name="const_18">
<pin_list>
<pin id="19" dir="1" index="0" bw="1" slack="0"/>
</pin_list>
<bind>
<StgValue><ssdm name=""/></StgValue>
</bind>
</comp>

<comp id="20" class="1001" name="const_20">
<pin_list>
<pin id="21" dir="1" index="0" bw="1" slack="0"/>
</pin_list>
<bind>
<StgValue><ssdm name=""/></StgValue>
</bind>
</comp>

<comp id="22" class="1001" name="const_22">
<pin_list>
<pin id="23" dir="1" index="0" bw="1" slack="0"/>
</pin_list>
<bind>
<StgValue><ssdm name=""/></StgValue>
</bind>
</comp>

<comp id="24" class="1001" name="const_24">
<pin_list>
<pin id="25" dir="1" index="0" bw="1" slack="0"/>
</pin_list>
<bind>
<StgValue><ssdm name=""/></StgValue>
</bind>
</comp>

<comp id="26" class="1001" name="const_26">
<pin_list>
<pin id="27" dir="1" index="0" bw="1" slack="0"/>
</pin_list>
<bind>
<StgValue><ssdm name=""/></StgValue>
</bind>
</comp>

<comp id="28" class="1001" name="const_28">
<pin_list>
<pin id="29" dir="1" index="0" bw="1" slack="0"/>
</pin_list>
<bind>
<StgValue><ssdm name=""/></StgValue>
</bind>
</comp>

<comp id="30" class="1001" name="const_30">
<pin_list>
<pin id="31" dir="1" index="0" bw="1" slack="0"/>
</pin_list>
<bind>
<StgValue><ssdm name=""/></StgValue>
</bind>
</comp>

<comp id="32" class="1001" name="const_32">
<pin_list>
<pin id="33" dir="1" index="0" bw="1" slack="0"/>
</pin_list>
<bind>
<StgValue><ssdm name=""/></StgValue>
</bind>
</comp>

<comp id="34" class="1001" name="const_34">
<pin_list>
<pin id="35" dir="1" index="0" bw="1" slack="0"/>
</pin_list>
<bind>
<StgValue><ssdm name=""/></StgValue>
</bind>
</comp>

<comp id="36" class="1001" name="const_36">
<pin_list>
<pin id="37" dir="1" index="0" bw="1" slack="0"/>
</pin_list>
<bind>
<StgValue><ssdm name=""/></StgValue>
</bind>
</comp>

<comp id="38" class="1001" name="const_38">
<pin_list>
<pin id="39" dir="1" index="0" bw="1" slack="0"/>
</pin_list>
<bind>
<StgValue><ssdm name=""/></StgValue>
</bind>
</comp>

<comp id="40" class="1001" name="const_40">
<pin_list>
<pin id="41" dir="1" index="0" bw="1" slack="0"/>
</pin_list>
<bind>
<StgValue><ssdm name=""/></StgValue>
</bind>
</comp>

<comp id="42" class="1001" name="const_42">
<pin_list>
<pin id="43" dir="1" index="0" bw="1" slack="0"/>
</pin_list>
<bind>
<StgValue><ssdm name=""/></StgValue>
</bind>
</comp>

<comp id="44" class="1001" name="const_44">
<pin_list>
<pin id="45" dir="1" index="0" bw="1" slack="0"/>
</pin_list>
<bind>
<StgValue><ssdm name=""/></StgValue>
</bind>
</comp>

<comp id="46" class="1001" name="const_46">
<pin_list>
<pin id="47" dir="1" index="0" bw="1" slack="0"/>
</pin_list>
<bind>
<StgValue><ssdm name=""/></StgValue>
</bind>
</comp>

<comp id="48" class="1001" name="const_48">
<pin_list>
<pin id="49" dir="1" index="0" bw="1" slack="0"/>
</pin_list>
<bind>
<StgValue><ssdm name=""/></StgValue>
</bind>
</comp>

<comp id="50" class="1001" name="const_50">
<pin_list>
<pin id="51" dir="1" index="0" bw="1" slack="0"/>
</pin_list>
<bind>
<StgValue><ssdm name=""/></StgValue>
</bind>
</comp>

<comp id="52" class="1001" name="const_52">
<pin_list>
<pin id="53" dir="1" index="0" bw="1" slack="0"/>
</pin_list>
<bind>
<StgValue><ssdm name=""/></StgValue>
</bind>
</comp>

<comp id="54" class="1001" name="const_54">
<pin_list>
<pin id="55" dir="1" index="0" bw="1" slack="0"/>
</pin_list>
<bind>
<StgValue><ssdm name=""/></StgValue>
</bind>
</comp>

<comp id="56" class="1001" name="const_56">
<pin_list>
<pin id="57" dir="1" index="0" bw="1" slack="0"/>
</pin_list>
<bind>
<StgValue><ssdm name=""/></StgValue>
</bind>
</comp>

<comp id="58" class="1001" name="const_58">
<pin_list>
<pin id="59" dir="1" index="0" bw="1" slack="0"/>
</pin_list>
<bind>
<StgValue><ssdm name=""/></StgValue>
</bind>
</comp>

<comp id="60" class="1001" name="const_60">
<pin_list>
<pin id="61" dir="1" index="0" bw="1" slack="0"/>
</pin_list>
<bind>
<StgValue><ssdm name=""/></StgValue>
</bind>
</comp>

<comp id="62" class="1001" name="const_62">
<pin_list>
<pin id="63" dir="1" index="0" bw="1" slack="0"/>
</pin_list>
<bind>
<StgValue><ssdm name=""/></StgValue>
</bind>
</comp>

<comp id="64" class="1001" name="const_64">
<pin_list>
<pin id="65" dir="1" index="0" bw="1" slack="0"/>
</pin_list>
<bind>
<StgValue><ssdm name=""/></StgValue>
</bind>
</comp>

<comp id="66" class="1001" name="const_66">
<pin_list>
<pin id="67" dir="1" index="0" bw="1" slack="0"/>
</pin_list>
<bind>
<StgValue><ssdm name=""/></StgValue>
</bind>
</comp>

<comp id="68" class="1001" name="const_68">
<pin_list>
<pin id="69" dir="1" index="0" bw="1" slack="0"/>
</pin_list>
<bind>
<StgValue><ssdm name=""/></StgValue>
</bind>
</comp>

<comp id="70" class="1001" name="const_70">
<pin_list>
<pin id="71" dir="1" index="0" bw="1" slack="0"/>
</pin_list>
<bind>
<StgValue><ssdm name=""/></StgValue>
</bind>
</comp>

<comp id="72" class="1001" name="const_72">
<pin_list>
<pin id="73" dir="1" index="0" bw="1" slack="0"/>
</pin_list>
<bind>
<StgValue><ssdm name=""/></StgValue>
</bind>
</comp>

<comp id="74" class="1001" name="const_74">
<pin_list>
<pin id="75" dir="1" index="0" bw="1" slack="0"/>
</pin_list>
<bind>
<StgValue><ssdm name=""/></StgValue>
</bind>
</comp>

<comp id="76" class="1001" name="const_76">
<pin_list>
<pin id="77" dir="1" index="0" bw="1" slack="0"/>
</pin_list>
<bind>
<StgValue><ssdm name=""/></StgValue>
</bind>
</comp>

<comp id="78" class="1001" name="const_78">
<pin_list>
<pin id="79" dir="1" index="0" bw="1" slack="0"/>
</pin_list>
<bind>
<StgValue><ssdm name=""/></StgValue>
</bind>
</comp>

<comp id="80" class="1001" name="const_80">
<pin_list>
<pin id="81" dir="1" index="0" bw="1" slack="0"/>
</pin_list>
<bind>
<StgValue><ssdm name=""/></StgValue>
</bind>
</comp>

<comp id="82" class="1001" name="const_82">
<pin_list>
<pin id="83" dir="1" index="0" bw="1" slack="0"/>
</pin_list>
<bind>
<StgValue><ssdm name=""/></StgValue>
</bind>
</comp>

<comp id="84" class="1001" name="const_84">
<pin_list>
<pin id="85" dir="1" index="0" bw="1" slack="0"/>
</pin_list>
<bind>
<StgValue><ssdm name=""/></StgValue>
</bind>
</comp>

<comp id="86" class="1001" name="const_86">
<pin_list>
<pin id="87" dir="1" index="0" bw="1" slack="0"/>
</pin_list>
<bind>
<StgValue><ssdm name=""/></StgValue>
</bind>
</comp>

<comp id="88" class="1001" name="const_88">
<pin_list>
<pin id="89" dir="1" index="0" bw="1" slack="0"/>
</pin_list>
<bind>
<StgValue><ssdm name=""/></StgValue>
</bind>
</comp>

<comp id="90" class="1001" name="const_90">
<pin_list>
<pin id="91" dir="1" index="0" bw="1" slack="0"/>
</pin_list>
<bind>
<StgValue><ssdm name=""/></StgValue>
</bind>
</comp>

<comp id="92" class="1001" name="const_92">
<pin_list>
<pin id="93" dir="1" index="0" bw="1" slack="0"/>
</pin_list>
<bind>
<StgValue><ssdm name=""/></StgValue>
</bind>
</comp>

<comp id="94" class="1001" name="const_94">
<pin_list>
<pin id="95" dir="1" index="0" bw="1" slack="0"/>
</pin_list>
<bind>
<StgValue><ssdm name=""/></StgValue>
</bind>
</comp>

<comp id="96" class="1001" name="const_96">
<pin_list>
<pin id="97" dir="1" index="0" bw="1" slack="0"/>
</pin_list>
<bind>
<StgValue><ssdm name=""/></StgValue>
</bind>
</comp>

<comp id="98" class="1001" name="const_98">
<pin_list>
<pin id="99" dir="1" index="0" bw="1" slack="0"/>
</pin_list>
<bind>
<StgValue><ssdm name=""/></StgValue>
</bind>
</comp>

<comp id="100" class="1001" name="const_100">
<pin_list>
<pin id="101" dir="1" index="0" bw="1" slack="0"/>
</pin_list>
<bind>
<StgValue><ssdm name=""/></StgValue>
</bind>
</comp>

<comp id="102" class="1001" name="const_102">
<pin_list>
<pin id="103" dir="1" index="0" bw="1" slack="0"/>
</pin_list>
<bind>
<StgValue><ssdm name=""/></StgValue>
</bind>
</comp>

<comp id="104" class="1001" name="const_104">
<pin_list>
<pin id="105" dir="1" index="0" bw="1" slack="0"/>
</pin_list>
<bind>
<StgValue><ssdm name=""/></StgValue>
</bind>
</comp>

<comp id="106" class="1001" name="const_106">
<pin_list>
<pin id="107" dir="1" index="0" bw="1" slack="0"/>
</pin_list>
<bind>
<StgValue><ssdm name=""/></StgValue>
</bind>
</comp>

<comp id="108" class="1001" name="const_108">
<pin_list>
<pin id="109" dir="1" index="0" bw="1" slack="0"/>
</pin_list>
<bind>
<StgValue><ssdm name=""/></StgValue>
</bind>
</comp>

<comp id="110" class="1001" name="const_110">
<pin_list>
<pin id="111" dir="1" index="0" bw="1" slack="0"/>
</pin_list>
<bind>
<StgValue><ssdm name=""/></StgValue>
</bind>
</comp>

<comp id="112" class="1001" name="const_112">
<pin_list>
<pin id="113" dir="1" index="0" bw="1" slack="0"/>
</pin_list>
<bind>
<StgValue><ssdm name=""/></StgValue>
</bind>
</comp>

<comp id="114" class="1001" name="const_114">
<pin_list>
<pin id="115" dir="1" index="0" bw="1" slack="0"/>
</pin_list>
<bind>
<StgValue><ssdm name=""/></StgValue>
</bind>
</comp>

<comp id="116" class="1001" name="const_116">
<pin_list>
<pin id="117" dir="1" index="0" bw="1" slack="0"/>
</pin_list>
<bind>
<StgValue><ssdm name=""/></StgValue>
</bind>
</comp>

<comp id="118" class="1001" name="const_118">
<pin_list>
<pin id="119" dir="1" index="0" bw="1" slack="0"/>
</pin_list>
<bind>
<StgValue><ssdm name=""/></StgValue>
</bind>
</comp>

<comp id="120" class="1001" name="const_120">
<pin_list>
<pin id="121" dir="1" index="0" bw="1" slack="0"/>
</pin_list>
<bind>
<StgValue><ssdm name=""/></StgValue>
</bind>
</comp>

<comp id="122" class="1001" name="const_122">
<pin_list>
<pin id="123" dir="1" index="0" bw="1" slack="0"/>
</pin_list>
<bind>
<StgValue><ssdm name=""/></StgValue>
</bind>
</comp>

<comp id="124" class="1001" name="const_124">
<pin_list>
<pin id="125" dir="1" index="0" bw="1" slack="0"/>
</pin_list>
<bind>
<StgValue><ssdm name=""/></StgValue>
</bind>
</comp>

<comp id="126" class="1001" name="const_126">
<pin_list>
<pin id="127" dir="1" index="0" bw="1" slack="0"/>
</pin_list>
<bind>
<StgValue><ssdm name=""/></StgValue>
</bind>
</comp>

<comp id="128" class="1001" name="const_128">
<pin_list>
<pin id="129" dir="1" index="0" bw="1" slack="0"/>
</pin_list>
<bind>
<StgValue><ssdm name=""/></StgValue>
</bind>
</comp>

<comp id="130" class="1001" name="const_130">
<pin_list>
<pin id="131" dir="1" index="0" bw="1" slack="0"/>
</pin_list>
<bind>
<StgValue><ssdm name=""/></StgValue>
</bind>
</comp>

<comp id="132" class="1001" name="const_132">
<pin_list>
<pin id="133" dir="1" index="0" bw="1" slack="0"/>
</pin_list>
<bind>
<StgValue><ssdm name=""/></StgValue>
</bind>
</comp>

<comp id="134" class="1001" name="const_134">
<pin_list>
<pin id="135" dir="1" index="0" bw="1" slack="0"/>
</pin_list>
<bind>
<StgValue><ssdm name=""/></StgValue>
</bind>
</comp>

<comp id="136" class="1001" name="const_136">
<pin_list>
<pin id="137" dir="1" index="0" bw="1" slack="0"/>
</pin_list>
<bind>
<StgValue><ssdm name=""/></StgValue>
</bind>
</comp>

<comp id="138" class="1001" name="const_138">
<pin_list>
<pin id="139" dir="1" index="0" bw="1" slack="0"/>
</pin_list>
<bind>
<StgValue><ssdm name=""/></StgValue>
</bind>
</comp>

<comp id="140" class="1001" name="const_140">
<pin_list>
<pin id="141" dir="1" index="0" bw="1" slack="0"/>
</pin_list>
<bind>
<StgValue><ssdm name=""/></StgValue>
</bind>
</comp>

<comp id="142" class="1001" name="const_142">
<pin_list>
<pin id="143" dir="1" index="0" bw="1" slack="0"/>
</pin_list>
<bind>
<StgValue><ssdm name=""/></StgValue>
</bind>
</comp>

<comp id="144" class="1001" name="const_144">
<pin_list>
<pin id="145" dir="1" index="0" bw="1" slack="0"/>
</pin_list>
<bind>
<StgValue><ssdm name=""/></StgValue>
</bind>
</comp>

<comp id="146" class="1001" name="const_146">
<pin_list>
<pin id="147" dir="1" index="0" bw="1" slack="0"/>
</pin_list>
<bind>
<StgValue><ssdm name=""/></StgValue>
</bind>
</comp>

<comp id="148" class="1001" name="const_148">
<pin_list>
<pin id="149" dir="1" index="0" bw="1" slack="0"/>
</pin_list>
<bind>
<StgValue><ssdm name=""/></StgValue>
</bind>
</comp>

<comp id="150" class="1001" name="const_150">
<pin_list>
<pin id="151" dir="1" index="0" bw="1" slack="0"/>
</pin_list>
<bind>
<StgValue><ssdm name=""/></StgValue>
</bind>
</comp>

<comp id="152" class="1001" name="const_152">
<pin_list>
<pin id="153" dir="1" index="0" bw="1" slack="0"/>
</pin_list>
<bind>
<StgValue><ssdm name=""/></StgValue>
</bind>
</comp>

<comp id="154" class="1001" name="const_154">
<pin_list>
<pin id="155" dir="1" index="0" bw="1" slack="0"/>
</pin_list>
<bind>
<StgValue><ssdm name=""/></StgValue>
</bind>
</comp>

<comp id="156" class="1001" name="const_156">
<pin_list>
<pin id="157" dir="1" index="0" bw="1" slack="0"/>
</pin_list>
<bind>
<StgValue><ssdm name=""/></StgValue>
</bind>
</comp>

<comp id="158" class="1001" name="const_158">
<pin_list>
<pin id="159" dir="1" index="0" bw="1" slack="0"/>
</pin_list>
<bind>
<StgValue><ssdm name=""/></StgValue>
</bind>
</comp>

<comp id="160" class="1001" name="const_160">
<pin_list>
<pin id="161" dir="1" index="0" bw="1" slack="0"/>
</pin_list>
<bind>
<StgValue><ssdm name=""/></StgValue>
</bind>
</comp>

<comp id="162" class="1001" name="const_162">
<pin_list>
<pin id="163" dir="1" index="0" bw="1" slack="0"/>
</pin_list>
<bind>
<StgValue><ssdm name=""/></StgValue>
</bind>
</comp>

<comp id="164" class="1001" name="const_164">
<pin_list>
<pin id="165" dir="1" index="0" bw="1" slack="0"/>
</pin_list>
<bind>
<StgValue><ssdm name=""/></StgValue>
</bind>
</comp>

<comp id="166" class="1001" name="const_166">
<pin_list>
<pin id="167" dir="1" index="0" bw="1" slack="0"/>
</pin_list>
<bind>
<StgValue><ssdm name=""/></StgValue>
</bind>
</comp>

<comp id="168" class="1001" name="const_168">
<pin_list>
<pin id="169" dir="1" index="0" bw="1" slack="0"/>
</pin_list>
<bind>
<StgValue><ssdm name=""/></StgValue>
</bind>
</comp>

<comp id="170" class="1001" name="const_170">
<pin_list>
<pin id="171" dir="1" index="0" bw="1" slack="0"/>
</pin_list>
<bind>
<StgValue><ssdm name=""/></StgValue>
</bind>
</comp>

<comp id="172" class="1001" name="const_172">
<pin_list>
<pin id="173" dir="1" index="0" bw="1" slack="0"/>
</pin_list>
<bind>
<StgValue><ssdm name=""/></StgValue>
</bind>
</comp>

<comp id="174" class="1001" name="const_174">
<pin_list>
<pin id="175" dir="1" index="0" bw="1" slack="0"/>
</pin_list>
<bind>
<StgValue><ssdm name=""/></StgValue>
</bind>
</comp>

<comp id="176" class="1001" name="const_176">
<pin_list>
<pin id="177" dir="1" index="0" bw="1" slack="0"/>
</pin_list>
<bind>
<StgValue><ssdm name=""/></StgValue>
</bind>
</comp>

<comp id="178" class="1001" name="const_178">
<pin_list>
<pin id="179" dir="1" index="0" bw="1" slack="0"/>
</pin_list>
<bind>
<StgValue><ssdm name=""/></StgValue>
</bind>
</comp>

<comp id="180" class="1001" name="const_180">
<pin_list>
<pin id="181" dir="1" index="0" bw="1" slack="0"/>
</pin_list>
<bind>
<StgValue><ssdm name=""/></StgValue>
</bind>
</comp>

<comp id="182" class="1001" name="const_182">
<pin_list>
<pin id="183" dir="1" index="0" bw="1" slack="0"/>
</pin_list>
<bind>
<StgValue><ssdm name=""/></StgValue>
</bind>
</comp>

<comp id="184" class="1001" name="const_184">
<pin_list>
<pin id="185" dir="1" index="0" bw="1" slack="0"/>
</pin_list>
<bind>
<StgValue><ssdm name=""/></StgValue>
</bind>
</comp>

<comp id="186" class="1001" name="const_186">
<pin_list>
<pin id="187" dir="1" index="0" bw="1" slack="0"/>
</pin_list>
<bind>
<StgValue><ssdm name=""/></StgValue>
</bind>
</comp>

<comp id="188" class="1001" name="const_188">
<pin_list>
<pin id="189" dir="1" index="0" bw="1" slack="0"/>
</pin_list>
<bind>
<StgValue><ssdm name=""/></StgValue>
</bind>
</comp>

<comp id="190" class="1001" name="const_190">
<pin_list>
<pin id="191" dir="1" index="0" bw="1" slack="0"/>
</pin_list>
<bind>
<StgValue><ssdm name=""/></StgValue>
</bind>
</comp>

<comp id="192" class="1001" name="const_192">
<pin_list>
<pin id="193" dir="1" index="0" bw="1" slack="0"/>
</pin_list>
<bind>
<StgValue><ssdm name=""/></StgValue>
</bind>
</comp>

<comp id="194" class="1001" name="const_194">
<pin_list>
<pin id="195" dir="1" index="0" bw="1" slack="0"/>
</pin_list>
<bind>
<StgValue><ssdm name=""/></StgValue>
</bind>
</comp>

<comp id="196" class="1001" name="const_196">
<pin_list>
<pin id="197" dir="1" index="0" bw="1" slack="0"/>
</pin_list>
<bind>
<StgValue><ssdm name=""/></StgValue>
</bind>
</comp>

<comp id="198" class="1001" name="const_198">
<pin_list>
<pin id="199" dir="1" index="0" bw="1" slack="0"/>
</pin_list>
<bind>
<StgValue><ssdm name=""/></StgValue>
</bind>
</comp>

<comp id="200" class="1001" name="const_200">
<pin_list>
<pin id="201" dir="1" index="0" bw="1" slack="0"/>
</pin_list>
<bind>
<StgValue><ssdm name=""/></StgValue>
</bind>
</comp>

<comp id="202" class="1001" name="const_202">
<pin_list>
<pin id="203" dir="1" index="0" bw="1" slack="0"/>
</pin_list>
<bind>
<StgValue><ssdm name=""/></StgValue>
</bind>
</comp>

<comp id="204" class="1001" name="const_204">
<pin_list>
<pin id="205" dir="1" index="0" bw="1" slack="0"/>
</pin_list>
<bind>
<StgValue><ssdm name=""/></StgValue>
</bind>
</comp>

<comp id="206" class="1001" name="const_206">
<pin_list>
<pin id="207" dir="1" index="0" bw="1" slack="0"/>
</pin_list>
<bind>
<StgValue><ssdm name=""/></StgValue>
</bind>
</comp>

<comp id="208" class="1001" name="const_208">
<pin_list>
<pin id="209" dir="1" index="0" bw="1" slack="0"/>
</pin_list>
<bind>
<StgValue><ssdm name=""/></StgValue>
</bind>
</comp>

<comp id="210" class="1001" name="const_210">
<pin_list>
<pin id="211" dir="1" index="0" bw="1" slack="0"/>
</pin_list>
<bind>
<StgValue><ssdm name=""/></StgValue>
</bind>
</comp>

<comp id="212" class="1001" name="const_212">
<pin_list>
<pin id="213" dir="1" index="0" bw="1" slack="0"/>
</pin_list>
<bind>
<StgValue><ssdm name=""/></StgValue>
</bind>
</comp>

<comp id="214" class="1001" name="const_214">
<pin_list>
<pin id="215" dir="1" index="0" bw="1" slack="0"/>
</pin_list>
<bind>
<StgValue><ssdm name=""/></StgValue>
</bind>
</comp>

<comp id="216" class="1001" name="const_216">
<pin_list>
<pin id="217" dir="1" index="0" bw="1" slack="0"/>
</pin_list>
<bind>
<StgValue><ssdm name=""/></StgValue>
</bind>
</comp>

<comp id="218" class="1001" name="const_218">
<pin_list>
<pin id="219" dir="1" index="0" bw="1" slack="0"/>
</pin_list>
<bind>
<StgValue><ssdm name=""/></StgValue>
</bind>
</comp>

<comp id="220" class="1001" name="const_220">
<pin_list>
<pin id="221" dir="1" index="0" bw="1" slack="0"/>
</pin_list>
<bind>
<StgValue><ssdm name=""/></StgValue>
</bind>
</comp>

<comp id="222" class="1001" name="const_222">
<pin_list>
<pin id="223" dir="1" index="0" bw="1" slack="0"/>
</pin_list>
<bind>
<StgValue><ssdm name=""/></StgValue>
</bind>
</comp>

<comp id="224" class="1001" name="const_224">
<pin_list>
<pin id="225" dir="1" index="0" bw="1" slack="0"/>
</pin_list>
<bind>
<StgValue><ssdm name=""/></StgValue>
</bind>
</comp>

<comp id="226" class="1001" name="const_226">
<pin_list>
<pin id="227" dir="1" index="0" bw="1" slack="0"/>
</pin_list>
<bind>
<StgValue><ssdm name=""/></StgValue>
</bind>
</comp>

<comp id="228" class="1001" name="const_228">
<pin_list>
<pin id="229" dir="1" index="0" bw="1" slack="0"/>
</pin_list>
<bind>
<StgValue><ssdm name=""/></StgValue>
</bind>
</comp>

<comp id="230" class="1001" name="const_230">
<pin_list>
<pin id="231" dir="1" index="0" bw="1" slack="0"/>
</pin_list>
<bind>
<StgValue><ssdm name=""/></StgValue>
</bind>
</comp>

<comp id="232" class="1001" name="const_232">
<pin_list>
<pin id="233" dir="1" index="0" bw="1" slack="0"/>
</pin_list>
<bind>
<StgValue><ssdm name=""/></StgValue>
</bind>
</comp>

<comp id="234" class="1001" name="const_234">
<pin_list>
<pin id="235" dir="1" index="0" bw="1" slack="0"/>
</pin_list>
<bind>
<StgValue><ssdm name=""/></StgValue>
</bind>
</comp>

<comp id="236" class="1001" name="const_236">
<pin_list>
<pin id="237" dir="1" index="0" bw="1" slack="0"/>
</pin_list>
<bind>
<StgValue><ssdm name=""/></StgValue>
</bind>
</comp>

<comp id="238" class="1001" name="const_238">
<pin_list>
<pin id="239" dir="1" index="0" bw="1" slack="0"/>
</pin_list>
<bind>
<StgValue><ssdm name=""/></StgValue>
</bind>
</comp>

<comp id="240" class="1001" name="const_240">
<pin_list>
<pin id="241" dir="1" index="0" bw="1" slack="0"/>
</pin_list>
<bind>
<StgValue><ssdm name=""/></StgValue>
</bind>
</comp>

<comp id="242" class="1001" name="const_242">
<pin_list>
<pin id="243" dir="1" index="0" bw="1" slack="0"/>
</pin_list>
<bind>
<StgValue><ssdm name=""/></StgValue>
</bind>
</comp>

<comp id="244" class="1001" name="const_244">
<pin_list>
<pin id="245" dir="1" index="0" bw="1" slack="0"/>
</pin_list>
<bind>
<StgValue><ssdm name=""/></StgValue>
</bind>
</comp>

<comp id="246" class="1001" name="const_246">
<pin_list>
<pin id="247" dir="1" index="0" bw="1" slack="0"/>
</pin_list>
<bind>
<StgValue><ssdm name=""/></StgValue>
</bind>
</comp>

<comp id="248" class="1001" name="const_248">
<pin_list>
<pin id="249" dir="1" index="0" bw="1" slack="0"/>
</pin_list>
<bind>
<StgValue><ssdm name=""/></StgValue>
</bind>
</comp>

<comp id="250" class="1001" name="const_250">
<pin_list>
<pin id="251" dir="1" index="0" bw="1" slack="0"/>
</pin_list>
<bind>
<StgValue><ssdm name=""/></StgValue>
</bind>
</comp>

<comp id="252" class="1001" name="const_252">
<pin_list>
<pin id="253" dir="1" index="0" bw="1" slack="0"/>
</pin_list>
<bind>
<StgValue><ssdm name=""/></StgValue>
</bind>
</comp>

<comp id="254" class="1001" name="const_254">
<pin_list>
<pin id="255" dir="1" index="0" bw="1" slack="0"/>
</pin_list>
<bind>
<StgValue><ssdm name=""/></StgValue>
</bind>
</comp>

<comp id="256" class="1001" name="const_256">
<pin_list>
<pin id="257" dir="1" index="0" bw="1" slack="0"/>
</pin_list>
<bind>
<StgValue><ssdm name=""/></StgValue>
</bind>
</comp>

<comp id="258" class="1001" name="const_258">
<pin_list>
<pin id="259" dir="1" index="0" bw="1" slack="0"/>
</pin_list>
<bind>
<StgValue><ssdm name=""/></StgValue>
</bind>
</comp>

<comp id="260" class="1001" name="const_260">
<pin_list>
<pin id="261" dir="1" index="0" bw="1" slack="0"/>
</pin_list>
<bind>
<StgValue><ssdm name="_ssdm_op_PartSelect.i16.i2368.i32.i32"/></StgValue>
</bind>
</comp>

<comp id="262" class="1001" name="const_262">
<pin_list>
<pin id="263" dir="1" index="0" bw="1" slack="0"/>
</pin_list>
<bind>
<StgValue><ssdm name=""/></StgValue>
</bind>
</comp>

<comp id="264" class="1001" name="const_264">
<pin_list>
<pin id="265" dir="1" index="0" bw="1" slack="0"/>
</pin_list>
<bind>
<StgValue><ssdm name=""/></StgValue>
</bind>
</comp>

<comp id="266" class="1001" name="const_266">
<pin_list>
<pin id="267" dir="1" index="0" bw="1" slack="0"/>
</pin_list>
<bind>
<StgValue><ssdm name=""/></StgValue>
</bind>
</comp>

<comp id="268" class="1001" name="const_268">
<pin_list>
<pin id="269" dir="1" index="0" bw="1" slack="0"/>
</pin_list>
<bind>
<StgValue><ssdm name=""/></StgValue>
</bind>
</comp>

<comp id="270" class="1001" name="const_270">
<pin_list>
<pin id="271" dir="1" index="0" bw="1" slack="0"/>
</pin_list>
<bind>
<StgValue><ssdm name=""/></StgValue>
</bind>
</comp>

<comp id="272" class="1001" name="const_272">
<pin_list>
<pin id="273" dir="1" index="0" bw="1" slack="0"/>
</pin_list>
<bind>
<StgValue><ssdm name=""/></StgValue>
</bind>
</comp>

<comp id="274" class="1001" name="const_274">
<pin_list>
<pin id="275" dir="1" index="0" bw="1" slack="0"/>
</pin_list>
<bind>
<StgValue><ssdm name=""/></StgValue>
</bind>
</comp>

<comp id="276" class="1001" name="const_276">
<pin_list>
<pin id="277" dir="1" index="0" bw="1" slack="0"/>
</pin_list>
<bind>
<StgValue><ssdm name=""/></StgValue>
</bind>
</comp>

<comp id="278" class="1001" name="const_278">
<pin_list>
<pin id="279" dir="1" index="0" bw="1" slack="0"/>
</pin_list>
<bind>
<StgValue><ssdm name=""/></StgValue>
</bind>
</comp>

<comp id="280" class="1001" name="const_280">
<pin_list>
<pin id="281" dir="1" index="0" bw="1" slack="0"/>
</pin_list>
<bind>
<StgValue><ssdm name=""/></StgValue>
</bind>
</comp>

<comp id="282" class="1001" name="const_282">
<pin_list>
<pin id="283" dir="1" index="0" bw="1" slack="0"/>
</pin_list>
<bind>
<StgValue><ssdm name=""/></StgValue>
</bind>
</comp>

<comp id="284" class="1001" name="const_284">
<pin_list>
<pin id="285" dir="1" index="0" bw="1" slack="0"/>
</pin_list>
<bind>
<StgValue><ssdm name=""/></StgValue>
</bind>
</comp>

<comp id="286" class="1001" name="const_286">
<pin_list>
<pin id="287" dir="1" index="0" bw="1" slack="0"/>
</pin_list>
<bind>
<StgValue><ssdm name=""/></StgValue>
</bind>
</comp>

<comp id="288" class="1001" name="const_288">
<pin_list>
<pin id="289" dir="1" index="0" bw="1" slack="0"/>
</pin_list>
<bind>
<StgValue><ssdm name=""/></StgValue>
</bind>
</comp>

<comp id="290" class="1001" name="const_290">
<pin_list>
<pin id="291" dir="1" index="0" bw="1" slack="0"/>
</pin_list>
<bind>
<StgValue><ssdm name=""/></StgValue>
</bind>
</comp>

<comp id="292" class="1001" name="const_292">
<pin_list>
<pin id="293" dir="1" index="0" bw="1" slack="0"/>
</pin_list>
<bind>
<StgValue><ssdm name=""/></StgValue>
</bind>
</comp>

<comp id="294" class="1001" name="const_294">
<pin_list>
<pin id="295" dir="1" index="0" bw="1" slack="0"/>
</pin_list>
<bind>
<StgValue><ssdm name=""/></StgValue>
</bind>
</comp>

<comp id="296" class="1001" name="const_296">
<pin_list>
<pin id="297" dir="1" index="0" bw="1" slack="0"/>
</pin_list>
<bind>
<StgValue><ssdm name=""/></StgValue>
</bind>
</comp>

<comp id="298" class="1001" name="const_298">
<pin_list>
<pin id="299" dir="1" index="0" bw="1" slack="0"/>
</pin_list>
<bind>
<StgValue><ssdm name=""/></StgValue>
</bind>
</comp>

<comp id="300" class="1001" name="const_300">
<pin_list>
<pin id="301" dir="1" index="0" bw="1" slack="0"/>
</pin_list>
<bind>
<StgValue><ssdm name=""/></StgValue>
</bind>
</comp>

<comp id="302" class="1001" name="const_302">
<pin_list>
<pin id="303" dir="1" index="0" bw="1" slack="0"/>
</pin_list>
<bind>
<StgValue><ssdm name=""/></StgValue>
</bind>
</comp>

<comp id="304" class="1001" name="const_304">
<pin_list>
<pin id="305" dir="1" index="0" bw="1" slack="0"/>
</pin_list>
<bind>
<StgValue><ssdm name=""/></StgValue>
</bind>
</comp>

<comp id="306" class="1001" name="const_306">
<pin_list>
<pin id="307" dir="1" index="0" bw="1" slack="0"/>
</pin_list>
<bind>
<StgValue><ssdm name=""/></StgValue>
</bind>
</comp>

<comp id="308" class="1001" name="const_308">
<pin_list>
<pin id="309" dir="1" index="0" bw="1" slack="0"/>
</pin_list>
<bind>
<StgValue><ssdm name=""/></StgValue>
</bind>
</comp>

<comp id="310" class="1001" name="const_310">
<pin_list>
<pin id="311" dir="1" index="0" bw="1" slack="0"/>
</pin_list>
<bind>
<StgValue><ssdm name=""/></StgValue>
</bind>
</comp>

<comp id="312" class="1001" name="const_312">
<pin_list>
<pin id="313" dir="1" index="0" bw="1" slack="0"/>
</pin_list>
<bind>
<StgValue><ssdm name=""/></StgValue>
</bind>
</comp>

<comp id="314" class="1001" name="const_314">
<pin_list>
<pin id="315" dir="1" index="0" bw="1" slack="0"/>
</pin_list>
<bind>
<StgValue><ssdm name=""/></StgValue>
</bind>
</comp>

<comp id="316" class="1001" name="const_316">
<pin_list>
<pin id="317" dir="1" index="0" bw="1" slack="0"/>
</pin_list>
<bind>
<StgValue><ssdm name=""/></StgValue>
</bind>
</comp>

<comp id="318" class="1001" name="const_318">
<pin_list>
<pin id="319" dir="1" index="0" bw="1" slack="0"/>
</pin_list>
<bind>
<StgValue><ssdm name=""/></StgValue>
</bind>
</comp>

<comp id="320" class="1001" name="const_320">
<pin_list>
<pin id="321" dir="1" index="0" bw="1" slack="0"/>
</pin_list>
<bind>
<StgValue><ssdm name=""/></StgValue>
</bind>
</comp>

<comp id="322" class="1001" name="const_322">
<pin_list>
<pin id="323" dir="1" index="0" bw="1" slack="0"/>
</pin_list>
<bind>
<StgValue><ssdm name=""/></StgValue>
</bind>
</comp>

<comp id="324" class="1001" name="const_324">
<pin_list>
<pin id="325" dir="1" index="0" bw="1" slack="0"/>
</pin_list>
<bind>
<StgValue><ssdm name=""/></StgValue>
</bind>
</comp>

<comp id="326" class="1001" name="const_326">
<pin_list>
<pin id="327" dir="1" index="0" bw="1" slack="0"/>
</pin_list>
<bind>
<StgValue><ssdm name=""/></StgValue>
</bind>
</comp>

<comp id="328" class="1001" name="const_328">
<pin_list>
<pin id="329" dir="1" index="0" bw="1" slack="0"/>
</pin_list>
<bind>
<StgValue><ssdm name=""/></StgValue>
</bind>
</comp>

<comp id="330" class="1001" name="const_330">
<pin_list>
<pin id="331" dir="1" index="0" bw="1" slack="0"/>
</pin_list>
<bind>
<StgValue><ssdm name=""/></StgValue>
</bind>
</comp>

<comp id="332" class="1001" name="const_332">
<pin_list>
<pin id="333" dir="1" index="0" bw="1" slack="0"/>
</pin_list>
<bind>
<StgValue><ssdm name=""/></StgValue>
</bind>
</comp>

<comp id="334" class="1001" name="const_334">
<pin_list>
<pin id="335" dir="1" index="0" bw="1" slack="0"/>
</pin_list>
<bind>
<StgValue><ssdm name=""/></StgValue>
</bind>
</comp>

<comp id="336" class="1001" name="const_336">
<pin_list>
<pin id="337" dir="1" index="0" bw="1" slack="0"/>
</pin_list>
<bind>
<StgValue><ssdm name=""/></StgValue>
</bind>
</comp>

<comp id="338" class="1001" name="const_338">
<pin_list>
<pin id="339" dir="1" index="0" bw="1" slack="0"/>
</pin_list>
<bind>
<StgValue><ssdm name=""/></StgValue>
</bind>
</comp>

<comp id="340" class="1001" name="const_340">
<pin_list>
<pin id="341" dir="1" index="0" bw="1" slack="0"/>
</pin_list>
<bind>
<StgValue><ssdm name=""/></StgValue>
</bind>
</comp>

<comp id="342" class="1001" name="const_342">
<pin_list>
<pin id="343" dir="1" index="0" bw="1" slack="0"/>
</pin_list>
<bind>
<StgValue><ssdm name=""/></StgValue>
</bind>
</comp>

<comp id="344" class="1001" name="const_344">
<pin_list>
<pin id="345" dir="1" index="0" bw="1" slack="0"/>
</pin_list>
<bind>
<StgValue><ssdm name=""/></StgValue>
</bind>
</comp>

<comp id="346" class="1001" name="const_346">
<pin_list>
<pin id="347" dir="1" index="0" bw="1" slack="0"/>
</pin_list>
<bind>
<StgValue><ssdm name=""/></StgValue>
</bind>
</comp>

<comp id="348" class="1001" name="const_348">
<pin_list>
<pin id="349" dir="1" index="0" bw="1" slack="0"/>
</pin_list>
<bind>
<StgValue><ssdm name=""/></StgValue>
</bind>
</comp>

<comp id="350" class="1001" name="const_350">
<pin_list>
<pin id="351" dir="1" index="0" bw="1" slack="0"/>
</pin_list>
<bind>
<StgValue><ssdm name=""/></StgValue>
</bind>
</comp>

<comp id="352" class="1001" name="const_352">
<pin_list>
<pin id="353" dir="1" index="0" bw="1" slack="0"/>
</pin_list>
<bind>
<StgValue><ssdm name=""/></StgValue>
</bind>
</comp>

<comp id="354" class="1001" name="const_354">
<pin_list>
<pin id="355" dir="1" index="0" bw="1" slack="0"/>
</pin_list>
<bind>
<StgValue><ssdm name=""/></StgValue>
</bind>
</comp>

<comp id="356" class="1001" name="const_356">
<pin_list>
<pin id="357" dir="1" index="0" bw="1" slack="0"/>
</pin_list>
<bind>
<StgValue><ssdm name=""/></StgValue>
</bind>
</comp>

<comp id="358" class="1001" name="const_358">
<pin_list>
<pin id="359" dir="1" index="0" bw="1" slack="0"/>
</pin_list>
<bind>
<StgValue><ssdm name=""/></StgValue>
</bind>
</comp>

<comp id="360" class="1001" name="const_360">
<pin_list>
<pin id="361" dir="1" index="0" bw="1" slack="0"/>
</pin_list>
<bind>
<StgValue><ssdm name=""/></StgValue>
</bind>
</comp>

<comp id="362" class="1001" name="const_362">
<pin_list>
<pin id="363" dir="1" index="0" bw="1" slack="0"/>
</pin_list>
<bind>
<StgValue><ssdm name=""/></StgValue>
</bind>
</comp>

<comp id="364" class="1001" name="const_364">
<pin_list>
<pin id="365" dir="1" index="0" bw="1" slack="0"/>
</pin_list>
<bind>
<StgValue><ssdm name=""/></StgValue>
</bind>
</comp>

<comp id="366" class="1001" name="const_366">
<pin_list>
<pin id="367" dir="1" index="0" bw="1" slack="0"/>
</pin_list>
<bind>
<StgValue><ssdm name=""/></StgValue>
</bind>
</comp>

<comp id="368" class="1001" name="const_368">
<pin_list>
<pin id="369" dir="1" index="0" bw="1" slack="0"/>
</pin_list>
<bind>
<StgValue><ssdm name=""/></StgValue>
</bind>
</comp>

<comp id="370" class="1001" name="const_370">
<pin_list>
<pin id="371" dir="1" index="0" bw="1" slack="0"/>
</pin_list>
<bind>
<StgValue><ssdm name=""/></StgValue>
</bind>
</comp>

<comp id="372" class="1001" name="const_372">
<pin_list>
<pin id="373" dir="1" index="0" bw="1" slack="0"/>
</pin_list>
<bind>
<StgValue><ssdm name=""/></StgValue>
</bind>
</comp>

<comp id="374" class="1001" name="const_374">
<pin_list>
<pin id="375" dir="1" index="0" bw="1" slack="0"/>
</pin_list>
<bind>
<StgValue><ssdm name=""/></StgValue>
</bind>
</comp>

<comp id="376" class="1001" name="const_376">
<pin_list>
<pin id="377" dir="1" index="0" bw="1" slack="0"/>
</pin_list>
<bind>
<StgValue><ssdm name=""/></StgValue>
</bind>
</comp>

<comp id="378" class="1001" name="const_378">
<pin_list>
<pin id="379" dir="1" index="0" bw="1" slack="0"/>
</pin_list>
<bind>
<StgValue><ssdm name=""/></StgValue>
</bind>
</comp>

<comp id="380" class="1001" name="const_380">
<pin_list>
<pin id="381" dir="1" index="0" bw="1" slack="0"/>
</pin_list>
<bind>
<StgValue><ssdm name=""/></StgValue>
</bind>
</comp>

<comp id="382" class="1001" name="const_382">
<pin_list>
<pin id="383" dir="1" index="0" bw="1" slack="0"/>
</pin_list>
<bind>
<StgValue><ssdm name=""/></StgValue>
</bind>
</comp>

<comp id="384" class="1001" name="const_384">
<pin_list>
<pin id="385" dir="1" index="0" bw="1" slack="0"/>
</pin_list>
<bind>
<StgValue><ssdm name=""/></StgValue>
</bind>
</comp>

<comp id="386" class="1001" name="const_386">
<pin_list>
<pin id="387" dir="1" index="0" bw="1" slack="0"/>
</pin_list>
<bind>
<StgValue><ssdm name=""/></StgValue>
</bind>
</comp>

<comp id="388" class="1001" name="const_388">
<pin_list>
<pin id="389" dir="1" index="0" bw="1" slack="0"/>
</pin_list>
<bind>
<StgValue><ssdm name=""/></StgValue>
</bind>
</comp>

<comp id="390" class="1001" name="const_390">
<pin_list>
<pin id="391" dir="1" index="0" bw="1" slack="0"/>
</pin_list>
<bind>
<StgValue><ssdm name=""/></StgValue>
</bind>
</comp>

<comp id="392" class="1001" name="const_392">
<pin_list>
<pin id="393" dir="1" index="0" bw="1" slack="0"/>
</pin_list>
<bind>
<StgValue><ssdm name=""/></StgValue>
</bind>
</comp>

<comp id="394" class="1001" name="const_394">
<pin_list>
<pin id="395" dir="1" index="0" bw="1" slack="0"/>
</pin_list>
<bind>
<StgValue><ssdm name=""/></StgValue>
</bind>
</comp>

<comp id="396" class="1001" name="const_396">
<pin_list>
<pin id="397" dir="1" index="0" bw="1" slack="0"/>
</pin_list>
<bind>
<StgValue><ssdm name=""/></StgValue>
</bind>
</comp>

<comp id="398" class="1001" name="const_398">
<pin_list>
<pin id="399" dir="1" index="0" bw="1" slack="0"/>
</pin_list>
<bind>
<StgValue><ssdm name=""/></StgValue>
</bind>
</comp>

<comp id="400" class="1001" name="const_400">
<pin_list>
<pin id="401" dir="1" index="0" bw="1" slack="0"/>
</pin_list>
<bind>
<StgValue><ssdm name=""/></StgValue>
</bind>
</comp>

<comp id="402" class="1001" name="const_402">
<pin_list>
<pin id="403" dir="1" index="0" bw="1" slack="0"/>
</pin_list>
<bind>
<StgValue><ssdm name=""/></StgValue>
</bind>
</comp>

<comp id="404" class="1001" name="const_404">
<pin_list>
<pin id="405" dir="1" index="0" bw="1" slack="0"/>
</pin_list>
<bind>
<StgValue><ssdm name=""/></StgValue>
</bind>
</comp>

<comp id="406" class="1001" name="const_406">
<pin_list>
<pin id="407" dir="1" index="0" bw="1" slack="0"/>
</pin_list>
<bind>
<StgValue><ssdm name=""/></StgValue>
</bind>
</comp>

<comp id="408" class="1001" name="const_408">
<pin_list>
<pin id="409" dir="1" index="0" bw="1" slack="0"/>
</pin_list>
<bind>
<StgValue><ssdm name=""/></StgValue>
</bind>
</comp>

<comp id="410" class="1001" name="const_410">
<pin_list>
<pin id="411" dir="1" index="0" bw="1" slack="0"/>
</pin_list>
<bind>
<StgValue><ssdm name=""/></StgValue>
</bind>
</comp>

<comp id="412" class="1001" name="const_412">
<pin_list>
<pin id="413" dir="1" index="0" bw="1" slack="0"/>
</pin_list>
<bind>
<StgValue><ssdm name=""/></StgValue>
</bind>
</comp>

<comp id="414" class="1001" name="const_414">
<pin_list>
<pin id="415" dir="1" index="0" bw="1" slack="0"/>
</pin_list>
<bind>
<StgValue><ssdm name=""/></StgValue>
</bind>
</comp>

<comp id="416" class="1001" name="const_416">
<pin_list>
<pin id="417" dir="1" index="0" bw="1" slack="0"/>
</pin_list>
<bind>
<StgValue><ssdm name=""/></StgValue>
</bind>
</comp>

<comp id="418" class="1001" name="const_418">
<pin_list>
<pin id="419" dir="1" index="0" bw="1" slack="0"/>
</pin_list>
<bind>
<StgValue><ssdm name=""/></StgValue>
</bind>
</comp>

<comp id="420" class="1001" name="const_420">
<pin_list>
<pin id="421" dir="1" index="0" bw="1" slack="0"/>
</pin_list>
<bind>
<StgValue><ssdm name=""/></StgValue>
</bind>
</comp>

<comp id="422" class="1001" name="const_422">
<pin_list>
<pin id="423" dir="1" index="0" bw="1" slack="0"/>
</pin_list>
<bind>
<StgValue><ssdm name=""/></StgValue>
</bind>
</comp>

<comp id="424" class="1001" name="const_424">
<pin_list>
<pin id="425" dir="1" index="0" bw="1" slack="0"/>
</pin_list>
<bind>
<StgValue><ssdm name=""/></StgValue>
</bind>
</comp>

<comp id="426" class="1001" name="const_426">
<pin_list>
<pin id="427" dir="1" index="0" bw="1" slack="0"/>
</pin_list>
<bind>
<StgValue><ssdm name=""/></StgValue>
</bind>
</comp>

<comp id="428" class="1001" name="const_428">
<pin_list>
<pin id="429" dir="1" index="0" bw="1" slack="0"/>
</pin_list>
<bind>
<StgValue><ssdm name=""/></StgValue>
</bind>
</comp>

<comp id="430" class="1001" name="const_430">
<pin_list>
<pin id="431" dir="1" index="0" bw="1" slack="0"/>
</pin_list>
<bind>
<StgValue><ssdm name=""/></StgValue>
</bind>
</comp>

<comp id="432" class="1001" name="const_432">
<pin_list>
<pin id="433" dir="1" index="0" bw="1" slack="0"/>
</pin_list>
<bind>
<StgValue><ssdm name=""/></StgValue>
</bind>
</comp>

<comp id="434" class="1001" name="const_434">
<pin_list>
<pin id="435" dir="1" index="0" bw="1" slack="0"/>
</pin_list>
<bind>
<StgValue><ssdm name=""/></StgValue>
</bind>
</comp>

<comp id="436" class="1001" name="const_436">
<pin_list>
<pin id="437" dir="1" index="0" bw="1" slack="0"/>
</pin_list>
<bind>
<StgValue><ssdm name=""/></StgValue>
</bind>
</comp>

<comp id="438" class="1001" name="const_438">
<pin_list>
<pin id="439" dir="1" index="0" bw="1" slack="0"/>
</pin_list>
<bind>
<StgValue><ssdm name=""/></StgValue>
</bind>
</comp>

<comp id="440" class="1001" name="const_440">
<pin_list>
<pin id="441" dir="1" index="0" bw="1" slack="0"/>
</pin_list>
<bind>
<StgValue><ssdm name=""/></StgValue>
</bind>
</comp>

<comp id="442" class="1001" name="const_442">
<pin_list>
<pin id="443" dir="1" index="0" bw="1" slack="0"/>
</pin_list>
<bind>
<StgValue><ssdm name=""/></StgValue>
</bind>
</comp>

<comp id="444" class="1001" name="const_444">
<pin_list>
<pin id="445" dir="1" index="0" bw="1" slack="0"/>
</pin_list>
<bind>
<StgValue><ssdm name=""/></StgValue>
</bind>
</comp>

<comp id="446" class="1001" name="const_446">
<pin_list>
<pin id="447" dir="1" index="0" bw="1" slack="0"/>
</pin_list>
<bind>
<StgValue><ssdm name=""/></StgValue>
</bind>
</comp>

<comp id="448" class="1001" name="const_448">
<pin_list>
<pin id="449" dir="1" index="0" bw="1" slack="0"/>
</pin_list>
<bind>
<StgValue><ssdm name=""/></StgValue>
</bind>
</comp>

<comp id="450" class="1001" name="const_450">
<pin_list>
<pin id="451" dir="1" index="0" bw="1" slack="0"/>
</pin_list>
<bind>
<StgValue><ssdm name=""/></StgValue>
</bind>
</comp>

<comp id="452" class="1001" name="const_452">
<pin_list>
<pin id="453" dir="1" index="0" bw="1" slack="0"/>
</pin_list>
<bind>
<StgValue><ssdm name=""/></StgValue>
</bind>
</comp>

<comp id="454" class="1001" name="const_454">
<pin_list>
<pin id="455" dir="1" index="0" bw="1" slack="0"/>
</pin_list>
<bind>
<StgValue><ssdm name=""/></StgValue>
</bind>
</comp>

<comp id="456" class="1001" name="const_456">
<pin_list>
<pin id="457" dir="1" index="0" bw="1" slack="0"/>
</pin_list>
<bind>
<StgValue><ssdm name=""/></StgValue>
</bind>
</comp>

<comp id="458" class="1001" name="const_458">
<pin_list>
<pin id="459" dir="1" index="0" bw="1" slack="0"/>
</pin_list>
<bind>
<StgValue><ssdm name=""/></StgValue>
</bind>
</comp>

<comp id="460" class="1001" name="const_460">
<pin_list>
<pin id="461" dir="1" index="0" bw="1" slack="0"/>
</pin_list>
<bind>
<StgValue><ssdm name=""/></StgValue>
</bind>
</comp>

<comp id="462" class="1001" name="const_462">
<pin_list>
<pin id="463" dir="1" index="0" bw="1" slack="0"/>
</pin_list>
<bind>
<StgValue><ssdm name=""/></StgValue>
</bind>
</comp>

<comp id="464" class="1001" name="const_464">
<pin_list>
<pin id="465" dir="1" index="0" bw="1" slack="0"/>
</pin_list>
<bind>
<StgValue><ssdm name=""/></StgValue>
</bind>
</comp>

<comp id="466" class="1001" name="const_466">
<pin_list>
<pin id="467" dir="1" index="0" bw="1" slack="0"/>
</pin_list>
<bind>
<StgValue><ssdm name=""/></StgValue>
</bind>
</comp>

<comp id="468" class="1001" name="const_468">
<pin_list>
<pin id="469" dir="1" index="0" bw="1" slack="0"/>
</pin_list>
<bind>
<StgValue><ssdm name=""/></StgValue>
</bind>
</comp>

<comp id="470" class="1001" name="const_470">
<pin_list>
<pin id="471" dir="1" index="0" bw="1" slack="0"/>
</pin_list>
<bind>
<StgValue><ssdm name=""/></StgValue>
</bind>
</comp>

<comp id="472" class="1001" name="const_472">
<pin_list>
<pin id="473" dir="1" index="0" bw="1" slack="0"/>
</pin_list>
<bind>
<StgValue><ssdm name=""/></StgValue>
</bind>
</comp>

<comp id="474" class="1001" name="const_474">
<pin_list>
<pin id="475" dir="1" index="0" bw="1" slack="0"/>
</pin_list>
<bind>
<StgValue><ssdm name=""/></StgValue>
</bind>
</comp>

<comp id="476" class="1001" name="const_476">
<pin_list>
<pin id="477" dir="1" index="0" bw="1" slack="0"/>
</pin_list>
<bind>
<StgValue><ssdm name=""/></StgValue>
</bind>
</comp>

<comp id="478" class="1001" name="const_478">
<pin_list>
<pin id="479" dir="1" index="0" bw="1" slack="0"/>
</pin_list>
<bind>
<StgValue><ssdm name=""/></StgValue>
</bind>
</comp>

<comp id="480" class="1001" name="const_480">
<pin_list>
<pin id="481" dir="1" index="0" bw="1" slack="0"/>
</pin_list>
<bind>
<StgValue><ssdm name=""/></StgValue>
</bind>
</comp>

<comp id="482" class="1001" name="const_482">
<pin_list>
<pin id="483" dir="1" index="0" bw="1" slack="0"/>
</pin_list>
<bind>
<StgValue><ssdm name=""/></StgValue>
</bind>
</comp>

<comp id="484" class="1001" name="const_484">
<pin_list>
<pin id="485" dir="1" index="0" bw="1" slack="0"/>
</pin_list>
<bind>
<StgValue><ssdm name=""/></StgValue>
</bind>
</comp>

<comp id="486" class="1001" name="const_486">
<pin_list>
<pin id="487" dir="1" index="0" bw="1" slack="0"/>
</pin_list>
<bind>
<StgValue><ssdm name=""/></StgValue>
</bind>
</comp>

<comp id="488" class="1001" name="const_488">
<pin_list>
<pin id="489" dir="1" index="0" bw="1" slack="0"/>
</pin_list>
<bind>
<StgValue><ssdm name=""/></StgValue>
</bind>
</comp>

<comp id="490" class="1001" name="const_490">
<pin_list>
<pin id="491" dir="1" index="0" bw="1" slack="0"/>
</pin_list>
<bind>
<StgValue><ssdm name=""/></StgValue>
</bind>
</comp>

<comp id="492" class="1001" name="const_492">
<pin_list>
<pin id="493" dir="1" index="0" bw="1" slack="0"/>
</pin_list>
<bind>
<StgValue><ssdm name=""/></StgValue>
</bind>
</comp>

<comp id="494" class="1001" name="const_494">
<pin_list>
<pin id="495" dir="1" index="0" bw="1" slack="0"/>
</pin_list>
<bind>
<StgValue><ssdm name=""/></StgValue>
</bind>
</comp>

<comp id="496" class="1001" name="const_496">
<pin_list>
<pin id="497" dir="1" index="0" bw="1" slack="0"/>
</pin_list>
<bind>
<StgValue><ssdm name=""/></StgValue>
</bind>
</comp>

<comp id="498" class="1001" name="const_498">
<pin_list>
<pin id="499" dir="1" index="0" bw="1" slack="0"/>
</pin_list>
<bind>
<StgValue><ssdm name=""/></StgValue>
</bind>
</comp>

<comp id="500" class="1001" name="const_500">
<pin_list>
<pin id="501" dir="1" index="0" bw="1" slack="0"/>
</pin_list>
<bind>
<StgValue><ssdm name=""/></StgValue>
</bind>
</comp>

<comp id="502" class="1001" name="const_502">
<pin_list>
<pin id="503" dir="1" index="0" bw="1" slack="0"/>
</pin_list>
<bind>
<StgValue><ssdm name=""/></StgValue>
</bind>
</comp>

<comp id="504" class="1001" name="const_504">
<pin_list>
<pin id="505" dir="1" index="0" bw="1" slack="0"/>
</pin_list>
<bind>
<StgValue><ssdm name=""/></StgValue>
</bind>
</comp>

<comp id="506" class="1001" name="const_506">
<pin_list>
<pin id="507" dir="1" index="0" bw="1" slack="0"/>
</pin_list>
<bind>
<StgValue><ssdm name=""/></StgValue>
</bind>
</comp>

<comp id="508" class="1001" name="const_508">
<pin_list>
<pin id="509" dir="1" index="0" bw="1" slack="0"/>
</pin_list>
<bind>
<StgValue><ssdm name=""/></StgValue>
</bind>
</comp>

<comp id="510" class="1001" name="const_510">
<pin_list>
<pin id="511" dir="1" index="0" bw="1" slack="0"/>
</pin_list>
<bind>
<StgValue><ssdm name=""/></StgValue>
</bind>
</comp>

<comp id="512" class="1001" name="const_512">
<pin_list>
<pin id="513" dir="1" index="0" bw="1" slack="0"/>
</pin_list>
<bind>
<StgValue><ssdm name=""/></StgValue>
</bind>
</comp>

<comp id="514" class="1001" name="const_514">
<pin_list>
<pin id="515" dir="1" index="0" bw="1" slack="0"/>
</pin_list>
<bind>
<StgValue><ssdm name=""/></StgValue>
</bind>
</comp>

<comp id="516" class="1001" name="const_516">
<pin_list>
<pin id="517" dir="1" index="0" bw="1" slack="0"/>
</pin_list>
<bind>
<StgValue><ssdm name=""/></StgValue>
</bind>
</comp>

<comp id="518" class="1001" name="const_518">
<pin_list>
<pin id="519" dir="1" index="0" bw="1" slack="0"/>
</pin_list>
<bind>
<StgValue><ssdm name=""/></StgValue>
</bind>
</comp>

<comp id="520" class="1001" name="const_520">
<pin_list>
<pin id="521" dir="1" index="0" bw="1" slack="0"/>
</pin_list>
<bind>
<StgValue><ssdm name=""/></StgValue>
</bind>
</comp>

<comp id="522" class="1001" name="const_522">
<pin_list>
<pin id="523" dir="1" index="0" bw="1" slack="2147483647"/>
</pin_list>
<bind>
<StgValue><ssdm name="_ssdm_op_SpecInterface"/></StgValue>
</bind>
</comp>

<comp id="524" class="1001" name="const_524">
<pin_list>
<pin id="525" dir="1" index="0" bw="1" slack="2147483647"/>
</pin_list>
<bind>
<StgValue><ssdm name="empty_11"/></StgValue>
</bind>
</comp>

<comp id="526" class="1001" name="const_526">
<pin_list>
<pin id="527" dir="1" index="0" bw="1" slack="2147483647"/>
</pin_list>
<bind>
<StgValue><ssdm name=""/></StgValue>
</bind>
</comp>

<comp id="528" class="1001" name="const_528">
<pin_list>
<pin id="529" dir="1" index="0" bw="1" slack="2147483647"/>
</pin_list>
<bind>
<StgValue><ssdm name="empty_0"/></StgValue>
</bind>
</comp>

<comp id="530" class="1001" name="const_530">
<pin_list>
<pin id="531" dir="1" index="0" bw="1" slack="2147483647"/>
</pin_list>
<bind>
<StgValue><ssdm name=""/></StgValue>
</bind>
</comp>

<comp id="532" class="1001" name="const_532">
<pin_list>
<pin id="533" dir="1" index="0" bw="1" slack="0"/>
</pin_list>
<bind>
<StgValue><ssdm name="_ssdm_op_BitConcatenate.i1024.i16.i16.i16.i16.i16.i16.i16.i16.i16.i16.i16.i16.i16.i16.i16.i16.i16.i16.i16.i16.i16.i16.i16.i16.i16.i16.i16.i16.i16.i16.i16.i16.i16.i16.i16.i16.i16.i16.i16.i16.i16.i16.i16.i16.i16.i16.i16.i16.i16.i16.i16.i16.i16.i16.i16.i16.i16.i16.i16.i16.i16.i16.i16.i16"/></StgValue>
</bind>
</comp>

<comp id="534" class="1001" name="const_534">
<pin_list>
<pin id="535" dir="1" index="0" bw="1" slack="0"/>
</pin_list>
<bind>
<StgValue><ssdm name="_ssdm_op_Write.ap_fifo.volatile.i1024P0A"/></StgValue>
</bind>
</comp>

<comp id="536" class="1004" name="layer2_out_read_read_fu_536">
<pin_list>
<pin id="537" dir="0" index="0" bw="2368" slack="0"/>
<pin id="538" dir="0" index="1" bw="2368" slack="0"/>
<pin id="539" dir="1" index="2" bw="2368" slack="0"/>
</pin_list>
<bind>
<opcode="read(1150) " fcode="read"/>
<opset="layer2_out_read/1 "/>
</bind>
</comp>

<comp id="542" class="1004" name="write_ln57_write_fu_542">
<pin_list>
<pin id="543" dir="0" index="0" bw="0" slack="0"/>
<pin id="544" dir="0" index="1" bw="1024" slack="0"/>
<pin id="545" dir="0" index="2" bw="1024" slack="0"/>
<pin id="546" dir="1" index="3" bw="0" slack="2147483647"/>
</pin_list>
<bind>
<opcode="write(1151) " fcode="write"/>
<opset="write_ln57/3 "/>
</bind>
</comp>

<comp id="549" class="1004" name="trunc_ln44_fu_549">
<pin_list>
<pin id="550" dir="0" index="0" bw="2368" slack="0"/>
<pin id="551" dir="1" index="1" bw="37" slack="1"/>
</pin_list>
<bind>
<opcode="trunc(33) " fcode="trunc"/>
<opset="trunc_ln44/1 "/>
</bind>
</comp>

<comp id="553" class="1004" name="trunc_ln44_s_fu_553">
<pin_list>
<pin id="554" dir="0" index="0" bw="37" slack="0"/>
<pin id="555" dir="0" index="1" bw="2368" slack="0"/>
<pin id="556" dir="0" index="2" bw="7" slack="0"/>
<pin id="557" dir="0" index="3" bw="8" slack="0"/>
<pin id="558" dir="1" index="4" bw="37" slack="1"/>
</pin_list>
<bind>
<opcode="partselect(1002) " fcode="partselect"/>
<opset="trunc_ln44_s/1 "/>
</bind>
</comp>

<comp id="563" class="1004" name="trunc_ln44_1_fu_563">
<pin_list>
<pin id="564" dir="0" index="0" bw="37" slack="0"/>
<pin id="565" dir="0" index="1" bw="2368" slack="0"/>
<pin id="566" dir="0" index="2" bw="8" slack="0"/>
<pin id="567" dir="0" index="3" bw="8" slack="0"/>
<pin id="568" dir="1" index="4" bw="37" slack="1"/>
</pin_list>
<bind>
<opcode="partselect(1002) " fcode="partselect"/>
<opset="trunc_ln44_1/1 "/>
</bind>
</comp>

<comp id="573" class="1004" name="trunc_ln44_2_fu_573">
<pin_list>
<pin id="574" dir="0" index="0" bw="37" slack="0"/>
<pin id="575" dir="0" index="1" bw="2368" slack="0"/>
<pin id="576" dir="0" index="2" bw="8" slack="0"/>
<pin id="577" dir="0" index="3" bw="9" slack="0"/>
<pin id="578" dir="1" index="4" bw="37" slack="1"/>
</pin_list>
<bind>
<opcode="partselect(1002) " fcode="partselect"/>
<opset="trunc_ln44_2/1 "/>
</bind>
</comp>

<comp id="583" class="1004" name="trunc_ln44_3_fu_583">
<pin_list>
<pin id="584" dir="0" index="0" bw="37" slack="0"/>
<pin id="585" dir="0" index="1" bw="2368" slack="0"/>
<pin id="586" dir="0" index="2" bw="9" slack="0"/>
<pin id="587" dir="0" index="3" bw="9" slack="0"/>
<pin id="588" dir="1" index="4" bw="37" slack="1"/>
</pin_list>
<bind>
<opcode="partselect(1002) " fcode="partselect"/>
<opset="trunc_ln44_3/1 "/>
</bind>
</comp>

<comp id="593" class="1004" name="trunc_ln44_4_fu_593">
<pin_list>
<pin id="594" dir="0" index="0" bw="37" slack="0"/>
<pin id="595" dir="0" index="1" bw="2368" slack="0"/>
<pin id="596" dir="0" index="2" bw="9" slack="0"/>
<pin id="597" dir="0" index="3" bw="9" slack="0"/>
<pin id="598" dir="1" index="4" bw="37" slack="1"/>
</pin_list>
<bind>
<opcode="partselect(1002) " fcode="partselect"/>
<opset="trunc_ln44_4/1 "/>
</bind>
</comp>

<comp id="603" class="1004" name="trunc_ln44_5_fu_603">
<pin_list>
<pin id="604" dir="0" index="0" bw="37" slack="0"/>
<pin id="605" dir="0" index="1" bw="2368" slack="0"/>
<pin id="606" dir="0" index="2" bw="9" slack="0"/>
<pin id="607" dir="0" index="3" bw="10" slack="0"/>
<pin id="608" dir="1" index="4" bw="37" slack="1"/>
</pin_list>
<bind>
<opcode="partselect(1002) " fcode="partselect"/>
<opset="trunc_ln44_5/1 "/>
</bind>
</comp>

<comp id="613" class="1004" name="trunc_ln44_6_fu_613">
<pin_list>
<pin id="614" dir="0" index="0" bw="37" slack="0"/>
<pin id="615" dir="0" index="1" bw="2368" slack="0"/>
<pin id="616" dir="0" index="2" bw="10" slack="0"/>
<pin id="617" dir="0" index="3" bw="10" slack="0"/>
<pin id="618" dir="1" index="4" bw="37" slack="1"/>
</pin_list>
<bind>
<opcode="partselect(1002) " fcode="partselect"/>
<opset="trunc_ln44_6/1 "/>
</bind>
</comp>

<comp id="623" class="1004" name="trunc_ln44_7_fu_623">
<pin_list>
<pin id="624" dir="0" index="0" bw="37" slack="0"/>
<pin id="625" dir="0" index="1" bw="2368" slack="0"/>
<pin id="626" dir="0" index="2" bw="10" slack="0"/>
<pin id="627" dir="0" index="3" bw="10" slack="0"/>
<pin id="628" dir="1" index="4" bw="37" slack="1"/>
</pin_list>
<bind>
<opcode="partselect(1002) " fcode="partselect"/>
<opset="trunc_ln44_7/1 "/>
</bind>
</comp>

<comp id="633" class="1004" name="trunc_ln44_8_fu_633">
<pin_list>
<pin id="634" dir="0" index="0" bw="37" slack="0"/>
<pin id="635" dir="0" index="1" bw="2368" slack="0"/>
<pin id="636" dir="0" index="2" bw="10" slack="0"/>
<pin id="637" dir="0" index="3" bw="10" slack="0"/>
<pin id="638" dir="1" index="4" bw="37" slack="1"/>
</pin_list>
<bind>
<opcode="partselect(1002) " fcode="partselect"/>
<opset="trunc_ln44_8/1 "/>
</bind>
</comp>

<comp id="643" class="1004" name="trunc_ln44_9_fu_643">
<pin_list>
<pin id="644" dir="0" index="0" bw="37" slack="0"/>
<pin id="645" dir="0" index="1" bw="2368" slack="0"/>
<pin id="646" dir="0" index="2" bw="10" slack="0"/>
<pin id="647" dir="0" index="3" bw="10" slack="0"/>
<pin id="648" dir="1" index="4" bw="37" slack="1"/>
</pin_list>
<bind>
<opcode="partselect(1002) " fcode="partselect"/>
<opset="trunc_ln44_9/1 "/>
</bind>
</comp>

<comp id="653" class="1004" name="trunc_ln44_10_fu_653">
<pin_list>
<pin id="654" dir="0" index="0" bw="37" slack="0"/>
<pin id="655" dir="0" index="1" bw="2368" slack="0"/>
<pin id="656" dir="0" index="2" bw="10" slack="0"/>
<pin id="657" dir="0" index="3" bw="10" slack="0"/>
<pin id="658" dir="1" index="4" bw="37" slack="1"/>
</pin_list>
<bind>
<opcode="partselect(1002) " fcode="partselect"/>
<opset="trunc_ln44_10/1 "/>
</bind>
</comp>

<comp id="663" class="1004" name="trunc_ln44_11_fu_663">
<pin_list>
<pin id="664" dir="0" index="0" bw="37" slack="0"/>
<pin id="665" dir="0" index="1" bw="2368" slack="0"/>
<pin id="666" dir="0" index="2" bw="10" slack="0"/>
<pin id="667" dir="0" index="3" bw="10" slack="0"/>
<pin id="668" dir="1" index="4" bw="37" slack="1"/>
</pin_list>
<bind>
<opcode="partselect(1002) " fcode="partselect"/>
<opset="trunc_ln44_11/1 "/>
</bind>
</comp>

<comp id="673" class="1004" name="trunc_ln44_12_fu_673">
<pin_list>
<pin id="674" dir="0" index="0" bw="37" slack="0"/>
<pin id="675" dir="0" index="1" bw="2368" slack="0"/>
<pin id="676" dir="0" index="2" bw="10" slack="0"/>
<pin id="677" dir="0" index="3" bw="11" slack="0"/>
<pin id="678" dir="1" index="4" bw="37" slack="1"/>
</pin_list>
<bind>
<opcode="partselect(1002) " fcode="partselect"/>
<opset="trunc_ln44_12/1 "/>
</bind>
</comp>

<comp id="683" class="1004" name="trunc_ln44_13_fu_683">
<pin_list>
<pin id="684" dir="0" index="0" bw="37" slack="0"/>
<pin id="685" dir="0" index="1" bw="2368" slack="0"/>
<pin id="686" dir="0" index="2" bw="11" slack="0"/>
<pin id="687" dir="0" index="3" bw="11" slack="0"/>
<pin id="688" dir="1" index="4" bw="37" slack="1"/>
</pin_list>
<bind>
<opcode="partselect(1002) " fcode="partselect"/>
<opset="trunc_ln44_13/1 "/>
</bind>
</comp>

<comp id="693" class="1004" name="trunc_ln44_14_fu_693">
<pin_list>
<pin id="694" dir="0" index="0" bw="37" slack="0"/>
<pin id="695" dir="0" index="1" bw="2368" slack="0"/>
<pin id="696" dir="0" index="2" bw="11" slack="0"/>
<pin id="697" dir="0" index="3" bw="11" slack="0"/>
<pin id="698" dir="1" index="4" bw="37" slack="1"/>
</pin_list>
<bind>
<opcode="partselect(1002) " fcode="partselect"/>
<opset="trunc_ln44_14/1 "/>
</bind>
</comp>

<comp id="703" class="1004" name="trunc_ln44_15_fu_703">
<pin_list>
<pin id="704" dir="0" index="0" bw="37" slack="0"/>
<pin id="705" dir="0" index="1" bw="2368" slack="0"/>
<pin id="706" dir="0" index="2" bw="11" slack="0"/>
<pin id="707" dir="0" index="3" bw="11" slack="0"/>
<pin id="708" dir="1" index="4" bw="37" slack="1"/>
</pin_list>
<bind>
<opcode="partselect(1002) " fcode="partselect"/>
<opset="trunc_ln44_15/1 "/>
</bind>
</comp>

<comp id="713" class="1004" name="trunc_ln44_16_fu_713">
<pin_list>
<pin id="714" dir="0" index="0" bw="37" slack="0"/>
<pin id="715" dir="0" index="1" bw="2368" slack="0"/>
<pin id="716" dir="0" index="2" bw="11" slack="0"/>
<pin id="717" dir="0" index="3" bw="11" slack="0"/>
<pin id="718" dir="1" index="4" bw="37" slack="1"/>
</pin_list>
<bind>
<opcode="partselect(1002) " fcode="partselect"/>
<opset="trunc_ln44_16/1 "/>
</bind>
</comp>

<comp id="723" class="1004" name="trunc_ln44_17_fu_723">
<pin_list>
<pin id="724" dir="0" index="0" bw="37" slack="0"/>
<pin id="725" dir="0" index="1" bw="2368" slack="0"/>
<pin id="726" dir="0" index="2" bw="11" slack="0"/>
<pin id="727" dir="0" index="3" bw="11" slack="0"/>
<pin id="728" dir="1" index="4" bw="37" slack="1"/>
</pin_list>
<bind>
<opcode="partselect(1002) " fcode="partselect"/>
<opset="trunc_ln44_17/1 "/>
</bind>
</comp>

<comp id="733" class="1004" name="trunc_ln44_18_fu_733">
<pin_list>
<pin id="734" dir="0" index="0" bw="37" slack="0"/>
<pin id="735" dir="0" index="1" bw="2368" slack="0"/>
<pin id="736" dir="0" index="2" bw="11" slack="0"/>
<pin id="737" dir="0" index="3" bw="11" slack="0"/>
<pin id="738" dir="1" index="4" bw="37" slack="1"/>
</pin_list>
<bind>
<opcode="partselect(1002) " fcode="partselect"/>
<opset="trunc_ln44_18/1 "/>
</bind>
</comp>

<comp id="743" class="1004" name="trunc_ln44_19_fu_743">
<pin_list>
<pin id="744" dir="0" index="0" bw="37" slack="0"/>
<pin id="745" dir="0" index="1" bw="2368" slack="0"/>
<pin id="746" dir="0" index="2" bw="11" slack="0"/>
<pin id="747" dir="0" index="3" bw="11" slack="0"/>
<pin id="748" dir="1" index="4" bw="37" slack="1"/>
</pin_list>
<bind>
<opcode="partselect(1002) " fcode="partselect"/>
<opset="trunc_ln44_19/1 "/>
</bind>
</comp>

<comp id="753" class="1004" name="trunc_ln44_20_fu_753">
<pin_list>
<pin id="754" dir="0" index="0" bw="37" slack="0"/>
<pin id="755" dir="0" index="1" bw="2368" slack="0"/>
<pin id="756" dir="0" index="2" bw="11" slack="0"/>
<pin id="757" dir="0" index="3" bw="11" slack="0"/>
<pin id="758" dir="1" index="4" bw="37" slack="1"/>
</pin_list>
<bind>
<opcode="partselect(1002) " fcode="partselect"/>
<opset="trunc_ln44_20/1 "/>
</bind>
</comp>

<comp id="763" class="1004" name="trunc_ln44_21_fu_763">
<pin_list>
<pin id="764" dir="0" index="0" bw="37" slack="0"/>
<pin id="765" dir="0" index="1" bw="2368" slack="0"/>
<pin id="766" dir="0" index="2" bw="11" slack="0"/>
<pin id="767" dir="0" index="3" bw="11" slack="0"/>
<pin id="768" dir="1" index="4" bw="37" slack="1"/>
</pin_list>
<bind>
<opcode="partselect(1002) " fcode="partselect"/>
<opset="trunc_ln44_21/1 "/>
</bind>
</comp>

<comp id="773" class="1004" name="trunc_ln44_22_fu_773">
<pin_list>
<pin id="774" dir="0" index="0" bw="37" slack="0"/>
<pin id="775" dir="0" index="1" bw="2368" slack="0"/>
<pin id="776" dir="0" index="2" bw="11" slack="0"/>
<pin id="777" dir="0" index="3" bw="11" slack="0"/>
<pin id="778" dir="1" index="4" bw="37" slack="1"/>
</pin_list>
<bind>
<opcode="partselect(1002) " fcode="partselect"/>
<opset="trunc_ln44_22/1 "/>
</bind>
</comp>

<comp id="783" class="1004" name="trunc_ln44_23_fu_783">
<pin_list>
<pin id="784" dir="0" index="0" bw="37" slack="0"/>
<pin id="785" dir="0" index="1" bw="2368" slack="0"/>
<pin id="786" dir="0" index="2" bw="11" slack="0"/>
<pin id="787" dir="0" index="3" bw="11" slack="0"/>
<pin id="788" dir="1" index="4" bw="37" slack="1"/>
</pin_list>
<bind>
<opcode="partselect(1002) " fcode="partselect"/>
<opset="trunc_ln44_23/1 "/>
</bind>
</comp>

<comp id="793" class="1004" name="trunc_ln44_24_fu_793">
<pin_list>
<pin id="794" dir="0" index="0" bw="37" slack="0"/>
<pin id="795" dir="0" index="1" bw="2368" slack="0"/>
<pin id="796" dir="0" index="2" bw="11" slack="0"/>
<pin id="797" dir="0" index="3" bw="11" slack="0"/>
<pin id="798" dir="1" index="4" bw="37" slack="1"/>
</pin_list>
<bind>
<opcode="partselect(1002) " fcode="partselect"/>
<opset="trunc_ln44_24/1 "/>
</bind>
</comp>

<comp id="803" class="1004" name="trunc_ln44_25_fu_803">
<pin_list>
<pin id="804" dir="0" index="0" bw="37" slack="0"/>
<pin id="805" dir="0" index="1" bw="2368" slack="0"/>
<pin id="806" dir="0" index="2" bw="11" slack="0"/>
<pin id="807" dir="0" index="3" bw="11" slack="0"/>
<pin id="808" dir="1" index="4" bw="37" slack="1"/>
</pin_list>
<bind>
<opcode="partselect(1002) " fcode="partselect"/>
<opset="trunc_ln44_25/1 "/>
</bind>
</comp>

<comp id="813" class="1004" name="trunc_ln44_26_fu_813">
<pin_list>
<pin id="814" dir="0" index="0" bw="37" slack="0"/>
<pin id="815" dir="0" index="1" bw="2368" slack="0"/>
<pin id="816" dir="0" index="2" bw="11" slack="0"/>
<pin id="817" dir="0" index="3" bw="12" slack="0"/>
<pin id="818" dir="1" index="4" bw="37" slack="1"/>
</pin_list>
<bind>
<opcode="partselect(1002) " fcode="partselect"/>
<opset="trunc_ln44_26/1 "/>
</bind>
</comp>

<comp id="823" class="1004" name="trunc_ln44_27_fu_823">
<pin_list>
<pin id="824" dir="0" index="0" bw="37" slack="0"/>
<pin id="825" dir="0" index="1" bw="2368" slack="0"/>
<pin id="826" dir="0" index="2" bw="12" slack="0"/>
<pin id="827" dir="0" index="3" bw="12" slack="0"/>
<pin id="828" dir="1" index="4" bw="37" slack="1"/>
</pin_list>
<bind>
<opcode="partselect(1002) " fcode="partselect"/>
<opset="trunc_ln44_27/1 "/>
</bind>
</comp>

<comp id="833" class="1004" name="trunc_ln44_28_fu_833">
<pin_list>
<pin id="834" dir="0" index="0" bw="37" slack="0"/>
<pin id="835" dir="0" index="1" bw="2368" slack="0"/>
<pin id="836" dir="0" index="2" bw="12" slack="0"/>
<pin id="837" dir="0" index="3" bw="12" slack="0"/>
<pin id="838" dir="1" index="4" bw="37" slack="1"/>
</pin_list>
<bind>
<opcode="partselect(1002) " fcode="partselect"/>
<opset="trunc_ln44_28/1 "/>
</bind>
</comp>

<comp id="843" class="1004" name="trunc_ln44_29_fu_843">
<pin_list>
<pin id="844" dir="0" index="0" bw="37" slack="0"/>
<pin id="845" dir="0" index="1" bw="2368" slack="0"/>
<pin id="846" dir="0" index="2" bw="12" slack="0"/>
<pin id="847" dir="0" index="3" bw="12" slack="0"/>
<pin id="848" dir="1" index="4" bw="37" slack="1"/>
</pin_list>
<bind>
<opcode="partselect(1002) " fcode="partselect"/>
<opset="trunc_ln44_29/1 "/>
</bind>
</comp>

<comp id="853" class="1004" name="trunc_ln44_30_fu_853">
<pin_list>
<pin id="854" dir="0" index="0" bw="37" slack="0"/>
<pin id="855" dir="0" index="1" bw="2368" slack="0"/>
<pin id="856" dir="0" index="2" bw="12" slack="0"/>
<pin id="857" dir="0" index="3" bw="12" slack="0"/>
<pin id="858" dir="1" index="4" bw="37" slack="1"/>
</pin_list>
<bind>
<opcode="partselect(1002) " fcode="partselect"/>
<opset="trunc_ln44_30/1 "/>
</bind>
</comp>

<comp id="863" class="1004" name="trunc_ln44_31_fu_863">
<pin_list>
<pin id="864" dir="0" index="0" bw="37" slack="0"/>
<pin id="865" dir="0" index="1" bw="2368" slack="0"/>
<pin id="866" dir="0" index="2" bw="12" slack="0"/>
<pin id="867" dir="0" index="3" bw="12" slack="0"/>
<pin id="868" dir="1" index="4" bw="37" slack="1"/>
</pin_list>
<bind>
<opcode="partselect(1002) " fcode="partselect"/>
<opset="trunc_ln44_31/1 "/>
</bind>
</comp>

<comp id="873" class="1004" name="trunc_ln44_32_fu_873">
<pin_list>
<pin id="874" dir="0" index="0" bw="37" slack="0"/>
<pin id="875" dir="0" index="1" bw="2368" slack="0"/>
<pin id="876" dir="0" index="2" bw="12" slack="0"/>
<pin id="877" dir="0" index="3" bw="12" slack="0"/>
<pin id="878" dir="1" index="4" bw="37" slack="1"/>
</pin_list>
<bind>
<opcode="partselect(1002) " fcode="partselect"/>
<opset="trunc_ln44_32/1 "/>
</bind>
</comp>

<comp id="883" class="1004" name="trunc_ln44_33_fu_883">
<pin_list>
<pin id="884" dir="0" index="0" bw="37" slack="0"/>
<pin id="885" dir="0" index="1" bw="2368" slack="0"/>
<pin id="886" dir="0" index="2" bw="12" slack="0"/>
<pin id="887" dir="0" index="3" bw="12" slack="0"/>
<pin id="888" dir="1" index="4" bw="37" slack="1"/>
</pin_list>
<bind>
<opcode="partselect(1002) " fcode="partselect"/>
<opset="trunc_ln44_33/1 "/>
</bind>
</comp>

<comp id="893" class="1004" name="trunc_ln44_34_fu_893">
<pin_list>
<pin id="894" dir="0" index="0" bw="37" slack="0"/>
<pin id="895" dir="0" index="1" bw="2368" slack="0"/>
<pin id="896" dir="0" index="2" bw="12" slack="0"/>
<pin id="897" dir="0" index="3" bw="12" slack="0"/>
<pin id="898" dir="1" index="4" bw="37" slack="1"/>
</pin_list>
<bind>
<opcode="partselect(1002) " fcode="partselect"/>
<opset="trunc_ln44_34/1 "/>
</bind>
</comp>

<comp id="903" class="1004" name="trunc_ln44_35_fu_903">
<pin_list>
<pin id="904" dir="0" index="0" bw="37" slack="0"/>
<pin id="905" dir="0" index="1" bw="2368" slack="0"/>
<pin id="906" dir="0" index="2" bw="12" slack="0"/>
<pin id="907" dir="0" index="3" bw="12" slack="0"/>
<pin id="908" dir="1" index="4" bw="37" slack="1"/>
</pin_list>
<bind>
<opcode="partselect(1002) " fcode="partselect"/>
<opset="trunc_ln44_35/1 "/>
</bind>
</comp>

<comp id="913" class="1004" name="trunc_ln44_36_fu_913">
<pin_list>
<pin id="914" dir="0" index="0" bw="37" slack="0"/>
<pin id="915" dir="0" index="1" bw="2368" slack="0"/>
<pin id="916" dir="0" index="2" bw="12" slack="0"/>
<pin id="917" dir="0" index="3" bw="12" slack="0"/>
<pin id="918" dir="1" index="4" bw="37" slack="1"/>
</pin_list>
<bind>
<opcode="partselect(1002) " fcode="partselect"/>
<opset="trunc_ln44_36/1 "/>
</bind>
</comp>

<comp id="923" class="1004" name="trunc_ln44_37_fu_923">
<pin_list>
<pin id="924" dir="0" index="0" bw="37" slack="0"/>
<pin id="925" dir="0" index="1" bw="2368" slack="0"/>
<pin id="926" dir="0" index="2" bw="12" slack="0"/>
<pin id="927" dir="0" index="3" bw="12" slack="0"/>
<pin id="928" dir="1" index="4" bw="37" slack="1"/>
</pin_list>
<bind>
<opcode="partselect(1002) " fcode="partselect"/>
<opset="trunc_ln44_37/1 "/>
</bind>
</comp>

<comp id="933" class="1004" name="trunc_ln44_38_fu_933">
<pin_list>
<pin id="934" dir="0" index="0" bw="37" slack="0"/>
<pin id="935" dir="0" index="1" bw="2368" slack="0"/>
<pin id="936" dir="0" index="2" bw="12" slack="0"/>
<pin id="937" dir="0" index="3" bw="12" slack="0"/>
<pin id="938" dir="1" index="4" bw="37" slack="1"/>
</pin_list>
<bind>
<opcode="partselect(1002) " fcode="partselect"/>
<opset="trunc_ln44_38/1 "/>
</bind>
</comp>

<comp id="943" class="1004" name="trunc_ln44_39_fu_943">
<pin_list>
<pin id="944" dir="0" index="0" bw="37" slack="0"/>
<pin id="945" dir="0" index="1" bw="2368" slack="0"/>
<pin id="946" dir="0" index="2" bw="12" slack="0"/>
<pin id="947" dir="0" index="3" bw="12" slack="0"/>
<pin id="948" dir="1" index="4" bw="37" slack="1"/>
</pin_list>
<bind>
<opcode="partselect(1002) " fcode="partselect"/>
<opset="trunc_ln44_39/1 "/>
</bind>
</comp>

<comp id="953" class="1004" name="trunc_ln44_40_fu_953">
<pin_list>
<pin id="954" dir="0" index="0" bw="37" slack="0"/>
<pin id="955" dir="0" index="1" bw="2368" slack="0"/>
<pin id="956" dir="0" index="2" bw="12" slack="0"/>
<pin id="957" dir="0" index="3" bw="12" slack="0"/>
<pin id="958" dir="1" index="4" bw="37" slack="1"/>
</pin_list>
<bind>
<opcode="partselect(1002) " fcode="partselect"/>
<opset="trunc_ln44_40/1 "/>
</bind>
</comp>

<comp id="963" class="1004" name="trunc_ln44_41_fu_963">
<pin_list>
<pin id="964" dir="0" index="0" bw="37" slack="0"/>
<pin id="965" dir="0" index="1" bw="2368" slack="0"/>
<pin id="966" dir="0" index="2" bw="12" slack="0"/>
<pin id="967" dir="0" index="3" bw="12" slack="0"/>
<pin id="968" dir="1" index="4" bw="37" slack="1"/>
</pin_list>
<bind>
<opcode="partselect(1002) " fcode="partselect"/>
<opset="trunc_ln44_41/1 "/>
</bind>
</comp>

<comp id="973" class="1004" name="trunc_ln44_42_fu_973">
<pin_list>
<pin id="974" dir="0" index="0" bw="37" slack="0"/>
<pin id="975" dir="0" index="1" bw="2368" slack="0"/>
<pin id="976" dir="0" index="2" bw="12" slack="0"/>
<pin id="977" dir="0" index="3" bw="12" slack="0"/>
<pin id="978" dir="1" index="4" bw="37" slack="1"/>
</pin_list>
<bind>
<opcode="partselect(1002) " fcode="partselect"/>
<opset="trunc_ln44_42/1 "/>
</bind>
</comp>

<comp id="983" class="1004" name="trunc_ln44_43_fu_983">
<pin_list>
<pin id="984" dir="0" index="0" bw="37" slack="0"/>
<pin id="985" dir="0" index="1" bw="2368" slack="0"/>
<pin id="986" dir="0" index="2" bw="12" slack="0"/>
<pin id="987" dir="0" index="3" bw="12" slack="0"/>
<pin id="988" dir="1" index="4" bw="37" slack="1"/>
</pin_list>
<bind>
<opcode="partselect(1002) " fcode="partselect"/>
<opset="trunc_ln44_43/1 "/>
</bind>
</comp>

<comp id="993" class="1004" name="trunc_ln44_44_fu_993">
<pin_list>
<pin id="994" dir="0" index="0" bw="37" slack="0"/>
<pin id="995" dir="0" index="1" bw="2368" slack="0"/>
<pin id="996" dir="0" index="2" bw="12" slack="0"/>
<pin id="997" dir="0" index="3" bw="12" slack="0"/>
<pin id="998" dir="1" index="4" bw="37" slack="1"/>
</pin_list>
<bind>
<opcode="partselect(1002) " fcode="partselect"/>
<opset="trunc_ln44_44/1 "/>
</bind>
</comp>

<comp id="1003" class="1004" name="trunc_ln44_45_fu_1003">
<pin_list>
<pin id="1004" dir="0" index="0" bw="37" slack="0"/>
<pin id="1005" dir="0" index="1" bw="2368" slack="0"/>
<pin id="1006" dir="0" index="2" bw="12" slack="0"/>
<pin id="1007" dir="0" index="3" bw="12" slack="0"/>
<pin id="1008" dir="1" index="4" bw="37" slack="1"/>
</pin_list>
<bind>
<opcode="partselect(1002) " fcode="partselect"/>
<opset="trunc_ln44_45/1 "/>
</bind>
</comp>

<comp id="1013" class="1004" name="trunc_ln44_46_fu_1013">
<pin_list>
<pin id="1014" dir="0" index="0" bw="37" slack="0"/>
<pin id="1015" dir="0" index="1" bw="2368" slack="0"/>
<pin id="1016" dir="0" index="2" bw="12" slack="0"/>
<pin id="1017" dir="0" index="3" bw="12" slack="0"/>
<pin id="1018" dir="1" index="4" bw="37" slack="1"/>
</pin_list>
<bind>
<opcode="partselect(1002) " fcode="partselect"/>
<opset="trunc_ln44_46/1 "/>
</bind>
</comp>

<comp id="1023" class="1004" name="trunc_ln44_47_fu_1023">
<pin_list>
<pin id="1024" dir="0" index="0" bw="37" slack="0"/>
<pin id="1025" dir="0" index="1" bw="2368" slack="0"/>
<pin id="1026" dir="0" index="2" bw="12" slack="0"/>
<pin id="1027" dir="0" index="3" bw="12" slack="0"/>
<pin id="1028" dir="1" index="4" bw="37" slack="1"/>
</pin_list>
<bind>
<opcode="partselect(1002) " fcode="partselect"/>
<opset="trunc_ln44_47/1 "/>
</bind>
</comp>

<comp id="1033" class="1004" name="trunc_ln44_48_fu_1033">
<pin_list>
<pin id="1034" dir="0" index="0" bw="37" slack="0"/>
<pin id="1035" dir="0" index="1" bw="2368" slack="0"/>
<pin id="1036" dir="0" index="2" bw="12" slack="0"/>
<pin id="1037" dir="0" index="3" bw="12" slack="0"/>
<pin id="1038" dir="1" index="4" bw="37" slack="1"/>
</pin_list>
<bind>
<opcode="partselect(1002) " fcode="partselect"/>
<opset="trunc_ln44_48/1 "/>
</bind>
</comp>

<comp id="1043" class="1004" name="trunc_ln44_49_fu_1043">
<pin_list>
<pin id="1044" dir="0" index="0" bw="37" slack="0"/>
<pin id="1045" dir="0" index="1" bw="2368" slack="0"/>
<pin id="1046" dir="0" index="2" bw="12" slack="0"/>
<pin id="1047" dir="0" index="3" bw="12" slack="0"/>
<pin id="1048" dir="1" index="4" bw="37" slack="1"/>
</pin_list>
<bind>
<opcode="partselect(1002) " fcode="partselect"/>
<opset="trunc_ln44_49/1 "/>
</bind>
</comp>

<comp id="1053" class="1004" name="trunc_ln44_50_fu_1053">
<pin_list>
<pin id="1054" dir="0" index="0" bw="37" slack="0"/>
<pin id="1055" dir="0" index="1" bw="2368" slack="0"/>
<pin id="1056" dir="0" index="2" bw="12" slack="0"/>
<pin id="1057" dir="0" index="3" bw="12" slack="0"/>
<pin id="1058" dir="1" index="4" bw="37" slack="1"/>
</pin_list>
<bind>
<opcode="partselect(1002) " fcode="partselect"/>
<opset="trunc_ln44_50/1 "/>
</bind>
</comp>

<comp id="1063" class="1004" name="trunc_ln44_51_fu_1063">
<pin_list>
<pin id="1064" dir="0" index="0" bw="37" slack="0"/>
<pin id="1065" dir="0" index="1" bw="2368" slack="0"/>
<pin id="1066" dir="0" index="2" bw="12" slack="0"/>
<pin id="1067" dir="0" index="3" bw="12" slack="0"/>
<pin id="1068" dir="1" index="4" bw="37" slack="1"/>
</pin_list>
<bind>
<opcode="partselect(1002) " fcode="partselect"/>
<opset="trunc_ln44_51/1 "/>
</bind>
</comp>

<comp id="1073" class="1004" name="trunc_ln44_52_fu_1073">
<pin_list>
<pin id="1074" dir="0" index="0" bw="37" slack="0"/>
<pin id="1075" dir="0" index="1" bw="2368" slack="0"/>
<pin id="1076" dir="0" index="2" bw="12" slack="0"/>
<pin id="1077" dir="0" index="3" bw="12" slack="0"/>
<pin id="1078" dir="1" index="4" bw="37" slack="1"/>
</pin_list>
<bind>
<opcode="partselect(1002) " fcode="partselect"/>
<opset="trunc_ln44_52/1 "/>
</bind>
</comp>

<comp id="1083" class="1004" name="trunc_ln44_53_fu_1083">
<pin_list>
<pin id="1084" dir="0" index="0" bw="37" slack="0"/>
<pin id="1085" dir="0" index="1" bw="2368" slack="0"/>
<pin id="1086" dir="0" index="2" bw="12" slack="0"/>
<pin id="1087" dir="0" index="3" bw="12" slack="0"/>
<pin id="1088" dir="1" index="4" bw="37" slack="1"/>
</pin_list>
<bind>
<opcode="partselect(1002) " fcode="partselect"/>
<opset="trunc_ln44_53/1 "/>
</bind>
</comp>

<comp id="1093" class="1004" name="trunc_ln44_54_fu_1093">
<pin_list>
<pin id="1094" dir="0" index="0" bw="37" slack="0"/>
<pin id="1095" dir="0" index="1" bw="2368" slack="0"/>
<pin id="1096" dir="0" index="2" bw="12" slack="0"/>
<pin id="1097" dir="0" index="3" bw="13" slack="0"/>
<pin id="1098" dir="1" index="4" bw="37" slack="1"/>
</pin_list>
<bind>
<opcode="partselect(1002) " fcode="partselect"/>
<opset="trunc_ln44_54/1 "/>
</bind>
</comp>

<comp id="1103" class="1004" name="trunc_ln44_55_fu_1103">
<pin_list>
<pin id="1104" dir="0" index="0" bw="37" slack="0"/>
<pin id="1105" dir="0" index="1" bw="2368" slack="0"/>
<pin id="1106" dir="0" index="2" bw="13" slack="0"/>
<pin id="1107" dir="0" index="3" bw="13" slack="0"/>
<pin id="1108" dir="1" index="4" bw="37" slack="1"/>
</pin_list>
<bind>
<opcode="partselect(1002) " fcode="partselect"/>
<opset="trunc_ln44_55/1 "/>
</bind>
</comp>

<comp id="1113" class="1004" name="trunc_ln44_56_fu_1113">
<pin_list>
<pin id="1114" dir="0" index="0" bw="37" slack="0"/>
<pin id="1115" dir="0" index="1" bw="2368" slack="0"/>
<pin id="1116" dir="0" index="2" bw="13" slack="0"/>
<pin id="1117" dir="0" index="3" bw="13" slack="0"/>
<pin id="1118" dir="1" index="4" bw="37" slack="1"/>
</pin_list>
<bind>
<opcode="partselect(1002) " fcode="partselect"/>
<opset="trunc_ln44_56/1 "/>
</bind>
</comp>

<comp id="1123" class="1004" name="trunc_ln44_57_fu_1123">
<pin_list>
<pin id="1124" dir="0" index="0" bw="37" slack="0"/>
<pin id="1125" dir="0" index="1" bw="2368" slack="0"/>
<pin id="1126" dir="0" index="2" bw="13" slack="0"/>
<pin id="1127" dir="0" index="3" bw="13" slack="0"/>
<pin id="1128" dir="1" index="4" bw="37" slack="1"/>
</pin_list>
<bind>
<opcode="partselect(1002) " fcode="partselect"/>
<opset="trunc_ln44_57/1 "/>
</bind>
</comp>

<comp id="1133" class="1004" name="trunc_ln44_58_fu_1133">
<pin_list>
<pin id="1134" dir="0" index="0" bw="37" slack="0"/>
<pin id="1135" dir="0" index="1" bw="2368" slack="0"/>
<pin id="1136" dir="0" index="2" bw="13" slack="0"/>
<pin id="1137" dir="0" index="3" bw="13" slack="0"/>
<pin id="1138" dir="1" index="4" bw="37" slack="1"/>
</pin_list>
<bind>
<opcode="partselect(1002) " fcode="partselect"/>
<opset="trunc_ln44_58/1 "/>
</bind>
</comp>

<comp id="1143" class="1004" name="trunc_ln44_59_fu_1143">
<pin_list>
<pin id="1144" dir="0" index="0" bw="37" slack="0"/>
<pin id="1145" dir="0" index="1" bw="2368" slack="0"/>
<pin id="1146" dir="0" index="2" bw="13" slack="0"/>
<pin id="1147" dir="0" index="3" bw="13" slack="0"/>
<pin id="1148" dir="1" index="4" bw="37" slack="1"/>
</pin_list>
<bind>
<opcode="partselect(1002) " fcode="partselect"/>
<opset="trunc_ln44_59/1 "/>
</bind>
</comp>

<comp id="1153" class="1004" name="trunc_ln44_60_fu_1153">
<pin_list>
<pin id="1154" dir="0" index="0" bw="37" slack="0"/>
<pin id="1155" dir="0" index="1" bw="2368" slack="0"/>
<pin id="1156" dir="0" index="2" bw="13" slack="0"/>
<pin id="1157" dir="0" index="3" bw="13" slack="0"/>
<pin id="1158" dir="1" index="4" bw="37" slack="1"/>
</pin_list>
<bind>
<opcode="partselect(1002) " fcode="partselect"/>
<opset="trunc_ln44_60/1 "/>
</bind>
</comp>

<comp id="1163" class="1004" name="trunc_ln44_61_fu_1163">
<pin_list>
<pin id="1164" dir="0" index="0" bw="37" slack="0"/>
<pin id="1165" dir="0" index="1" bw="2368" slack="0"/>
<pin id="1166" dir="0" index="2" bw="13" slack="0"/>
<pin id="1167" dir="0" index="3" bw="13" slack="0"/>
<pin id="1168" dir="1" index="4" bw="37" slack="1"/>
</pin_list>
<bind>
<opcode="partselect(1002) " fcode="partselect"/>
<opset="trunc_ln44_61/1 "/>
</bind>
</comp>

<comp id="1173" class="1004" name="trunc_ln44_62_fu_1173">
<pin_list>
<pin id="1174" dir="0" index="0" bw="37" slack="0"/>
<pin id="1175" dir="0" index="1" bw="2368" slack="0"/>
<pin id="1176" dir="0" index="2" bw="13" slack="0"/>
<pin id="1177" dir="0" index="3" bw="13" slack="0"/>
<pin id="1178" dir="1" index="4" bw="37" slack="1"/>
</pin_list>
<bind>
<opcode="partselect(1002) " fcode="partselect"/>
<opset="trunc_ln44_62/1 "/>
</bind>
</comp>

<comp id="1183" class="1004" name="trunc_ln4_fu_1183">
<pin_list>
<pin id="1184" dir="0" index="0" bw="16" slack="0"/>
<pin id="1185" dir="0" index="1" bw="2368" slack="0"/>
<pin id="1186" dir="0" index="2" bw="5" slack="0"/>
<pin id="1187" dir="0" index="3" bw="6" slack="0"/>
<pin id="1188" dir="1" index="4" bw="16" slack="1"/>
</pin_list>
<bind>
<opcode="partselect(1002) " fcode="partselect"/>
<opset="trunc_ln4/1 "/>
</bind>
</comp>

<comp id="1193" class="1004" name="trunc_ln52_s_fu_1193">
<pin_list>
<pin id="1194" dir="0" index="0" bw="16" slack="0"/>
<pin id="1195" dir="0" index="1" bw="2368" slack="0"/>
<pin id="1196" dir="0" index="2" bw="7" slack="0"/>
<pin id="1197" dir="0" index="3" bw="7" slack="0"/>
<pin id="1198" dir="1" index="4" bw="16" slack="1"/>
</pin_list>
<bind>
<opcode="partselect(1002) " fcode="partselect"/>
<opset="trunc_ln52_s/1 "/>
</bind>
</comp>

<comp id="1203" class="1004" name="trunc_ln52_1_fu_1203">
<pin_list>
<pin id="1204" dir="0" index="0" bw="16" slack="0"/>
<pin id="1205" dir="0" index="1" bw="2368" slack="0"/>
<pin id="1206" dir="0" index="2" bw="8" slack="0"/>
<pin id="1207" dir="0" index="3" bw="8" slack="0"/>
<pin id="1208" dir="1" index="4" bw="16" slack="1"/>
</pin_list>
<bind>
<opcode="partselect(1002) " fcode="partselect"/>
<opset="trunc_ln52_1/1 "/>
</bind>
</comp>

<comp id="1213" class="1004" name="trunc_ln52_2_fu_1213">
<pin_list>
<pin id="1214" dir="0" index="0" bw="16" slack="0"/>
<pin id="1215" dir="0" index="1" bw="2368" slack="0"/>
<pin id="1216" dir="0" index="2" bw="8" slack="0"/>
<pin id="1217" dir="0" index="3" bw="9" slack="0"/>
<pin id="1218" dir="1" index="4" bw="16" slack="1"/>
</pin_list>
<bind>
<opcode="partselect(1002) " fcode="partselect"/>
<opset="trunc_ln52_2/1 "/>
</bind>
</comp>

<comp id="1223" class="1004" name="trunc_ln52_3_fu_1223">
<pin_list>
<pin id="1224" dir="0" index="0" bw="16" slack="0"/>
<pin id="1225" dir="0" index="1" bw="2368" slack="0"/>
<pin id="1226" dir="0" index="2" bw="9" slack="0"/>
<pin id="1227" dir="0" index="3" bw="9" slack="0"/>
<pin id="1228" dir="1" index="4" bw="16" slack="1"/>
</pin_list>
<bind>
<opcode="partselect(1002) " fcode="partselect"/>
<opset="trunc_ln52_3/1 "/>
</bind>
</comp>

<comp id="1233" class="1004" name="trunc_ln52_4_fu_1233">
<pin_list>
<pin id="1234" dir="0" index="0" bw="16" slack="0"/>
<pin id="1235" dir="0" index="1" bw="2368" slack="0"/>
<pin id="1236" dir="0" index="2" bw="9" slack="0"/>
<pin id="1237" dir="0" index="3" bw="9" slack="0"/>
<pin id="1238" dir="1" index="4" bw="16" slack="1"/>
</pin_list>
<bind>
<opcode="partselect(1002) " fcode="partselect"/>
<opset="trunc_ln52_4/1 "/>
</bind>
</comp>

<comp id="1243" class="1004" name="trunc_ln52_5_fu_1243">
<pin_list>
<pin id="1244" dir="0" index="0" bw="16" slack="0"/>
<pin id="1245" dir="0" index="1" bw="2368" slack="0"/>
<pin id="1246" dir="0" index="2" bw="9" slack="0"/>
<pin id="1247" dir="0" index="3" bw="9" slack="0"/>
<pin id="1248" dir="1" index="4" bw="16" slack="1"/>
</pin_list>
<bind>
<opcode="partselect(1002) " fcode="partselect"/>
<opset="trunc_ln52_5/1 "/>
</bind>
</comp>

<comp id="1253" class="1004" name="trunc_ln52_6_fu_1253">
<pin_list>
<pin id="1254" dir="0" index="0" bw="16" slack="0"/>
<pin id="1255" dir="0" index="1" bw="2368" slack="0"/>
<pin id="1256" dir="0" index="2" bw="10" slack="0"/>
<pin id="1257" dir="0" index="3" bw="10" slack="0"/>
<pin id="1258" dir="1" index="4" bw="16" slack="1"/>
</pin_list>
<bind>
<opcode="partselect(1002) " fcode="partselect"/>
<opset="trunc_ln52_6/1 "/>
</bind>
</comp>

<comp id="1263" class="1004" name="trunc_ln52_7_fu_1263">
<pin_list>
<pin id="1264" dir="0" index="0" bw="16" slack="0"/>
<pin id="1265" dir="0" index="1" bw="2368" slack="0"/>
<pin id="1266" dir="0" index="2" bw="10" slack="0"/>
<pin id="1267" dir="0" index="3" bw="10" slack="0"/>
<pin id="1268" dir="1" index="4" bw="16" slack="1"/>
</pin_list>
<bind>
<opcode="partselect(1002) " fcode="partselect"/>
<opset="trunc_ln52_7/1 "/>
</bind>
</comp>

<comp id="1273" class="1004" name="trunc_ln52_8_fu_1273">
<pin_list>
<pin id="1274" dir="0" index="0" bw="16" slack="0"/>
<pin id="1275" dir="0" index="1" bw="2368" slack="0"/>
<pin id="1276" dir="0" index="2" bw="10" slack="0"/>
<pin id="1277" dir="0" index="3" bw="10" slack="0"/>
<pin id="1278" dir="1" index="4" bw="16" slack="1"/>
</pin_list>
<bind>
<opcode="partselect(1002) " fcode="partselect"/>
<opset="trunc_ln52_8/1 "/>
</bind>
</comp>

<comp id="1283" class="1004" name="trunc_ln52_9_fu_1283">
<pin_list>
<pin id="1284" dir="0" index="0" bw="16" slack="0"/>
<pin id="1285" dir="0" index="1" bw="2368" slack="0"/>
<pin id="1286" dir="0" index="2" bw="10" slack="0"/>
<pin id="1287" dir="0" index="3" bw="10" slack="0"/>
<pin id="1288" dir="1" index="4" bw="16" slack="1"/>
</pin_list>
<bind>
<opcode="partselect(1002) " fcode="partselect"/>
<opset="trunc_ln52_9/1 "/>
</bind>
</comp>

<comp id="1293" class="1004" name="trunc_ln52_10_fu_1293">
<pin_list>
<pin id="1294" dir="0" index="0" bw="16" slack="0"/>
<pin id="1295" dir="0" index="1" bw="2368" slack="0"/>
<pin id="1296" dir="0" index="2" bw="10" slack="0"/>
<pin id="1297" dir="0" index="3" bw="10" slack="0"/>
<pin id="1298" dir="1" index="4" bw="16" slack="1"/>
</pin_list>
<bind>
<opcode="partselect(1002) " fcode="partselect"/>
<opset="trunc_ln52_10/1 "/>
</bind>
</comp>

<comp id="1303" class="1004" name="trunc_ln52_11_fu_1303">
<pin_list>
<pin id="1304" dir="0" index="0" bw="16" slack="0"/>
<pin id="1305" dir="0" index="1" bw="2368" slack="0"/>
<pin id="1306" dir="0" index="2" bw="10" slack="0"/>
<pin id="1307" dir="0" index="3" bw="10" slack="0"/>
<pin id="1308" dir="1" index="4" bw="16" slack="1"/>
</pin_list>
<bind>
<opcode="partselect(1002) " fcode="partselect"/>
<opset="trunc_ln52_11/1 "/>
</bind>
</comp>

<comp id="1313" class="1004" name="trunc_ln52_12_fu_1313">
<pin_list>
<pin id="1314" dir="0" index="0" bw="16" slack="0"/>
<pin id="1315" dir="0" index="1" bw="2368" slack="0"/>
<pin id="1316" dir="0" index="2" bw="10" slack="0"/>
<pin id="1317" dir="0" index="3" bw="10" slack="0"/>
<pin id="1318" dir="1" index="4" bw="16" slack="1"/>
</pin_list>
<bind>
<opcode="partselect(1002) " fcode="partselect"/>
<opset="trunc_ln52_12/1 "/>
</bind>
</comp>

<comp id="1323" class="1004" name="trunc_ln52_13_fu_1323">
<pin_list>
<pin id="1324" dir="0" index="0" bw="16" slack="0"/>
<pin id="1325" dir="0" index="1" bw="2368" slack="0"/>
<pin id="1326" dir="0" index="2" bw="11" slack="0"/>
<pin id="1327" dir="0" index="3" bw="11" slack="0"/>
<pin id="1328" dir="1" index="4" bw="16" slack="1"/>
</pin_list>
<bind>
<opcode="partselect(1002) " fcode="partselect"/>
<opset="trunc_ln52_13/1 "/>
</bind>
</comp>

<comp id="1333" class="1004" name="trunc_ln52_14_fu_1333">
<pin_list>
<pin id="1334" dir="0" index="0" bw="16" slack="0"/>
<pin id="1335" dir="0" index="1" bw="2368" slack="0"/>
<pin id="1336" dir="0" index="2" bw="11" slack="0"/>
<pin id="1337" dir="0" index="3" bw="11" slack="0"/>
<pin id="1338" dir="1" index="4" bw="16" slack="1"/>
</pin_list>
<bind>
<opcode="partselect(1002) " fcode="partselect"/>
<opset="trunc_ln52_14/1 "/>
</bind>
</comp>

<comp id="1343" class="1004" name="trunc_ln52_15_fu_1343">
<pin_list>
<pin id="1344" dir="0" index="0" bw="16" slack="0"/>
<pin id="1345" dir="0" index="1" bw="2368" slack="0"/>
<pin id="1346" dir="0" index="2" bw="11" slack="0"/>
<pin id="1347" dir="0" index="3" bw="11" slack="0"/>
<pin id="1348" dir="1" index="4" bw="16" slack="1"/>
</pin_list>
<bind>
<opcode="partselect(1002) " fcode="partselect"/>
<opset="trunc_ln52_15/1 "/>
</bind>
</comp>

<comp id="1353" class="1004" name="trunc_ln52_16_fu_1353">
<pin_list>
<pin id="1354" dir="0" index="0" bw="16" slack="0"/>
<pin id="1355" dir="0" index="1" bw="2368" slack="0"/>
<pin id="1356" dir="0" index="2" bw="11" slack="0"/>
<pin id="1357" dir="0" index="3" bw="11" slack="0"/>
<pin id="1358" dir="1" index="4" bw="16" slack="1"/>
</pin_list>
<bind>
<opcode="partselect(1002) " fcode="partselect"/>
<opset="trunc_ln52_16/1 "/>
</bind>
</comp>

<comp id="1363" class="1004" name="trunc_ln52_17_fu_1363">
<pin_list>
<pin id="1364" dir="0" index="0" bw="16" slack="0"/>
<pin id="1365" dir="0" index="1" bw="2368" slack="0"/>
<pin id="1366" dir="0" index="2" bw="11" slack="0"/>
<pin id="1367" dir="0" index="3" bw="11" slack="0"/>
<pin id="1368" dir="1" index="4" bw="16" slack="1"/>
</pin_list>
<bind>
<opcode="partselect(1002) " fcode="partselect"/>
<opset="trunc_ln52_17/1 "/>
</bind>
</comp>

<comp id="1373" class="1004" name="trunc_ln52_18_fu_1373">
<pin_list>
<pin id="1374" dir="0" index="0" bw="16" slack="0"/>
<pin id="1375" dir="0" index="1" bw="2368" slack="0"/>
<pin id="1376" dir="0" index="2" bw="11" slack="0"/>
<pin id="1377" dir="0" index="3" bw="11" slack="0"/>
<pin id="1378" dir="1" index="4" bw="16" slack="1"/>
</pin_list>
<bind>
<opcode="partselect(1002) " fcode="partselect"/>
<opset="trunc_ln52_18/1 "/>
</bind>
</comp>

<comp id="1383" class="1004" name="trunc_ln52_19_fu_1383">
<pin_list>
<pin id="1384" dir="0" index="0" bw="16" slack="0"/>
<pin id="1385" dir="0" index="1" bw="2368" slack="0"/>
<pin id="1386" dir="0" index="2" bw="11" slack="0"/>
<pin id="1387" dir="0" index="3" bw="11" slack="0"/>
<pin id="1388" dir="1" index="4" bw="16" slack="1"/>
</pin_list>
<bind>
<opcode="partselect(1002) " fcode="partselect"/>
<opset="trunc_ln52_19/1 "/>
</bind>
</comp>

<comp id="1393" class="1004" name="trunc_ln52_20_fu_1393">
<pin_list>
<pin id="1394" dir="0" index="0" bw="16" slack="0"/>
<pin id="1395" dir="0" index="1" bw="2368" slack="0"/>
<pin id="1396" dir="0" index="2" bw="11" slack="0"/>
<pin id="1397" dir="0" index="3" bw="11" slack="0"/>
<pin id="1398" dir="1" index="4" bw="16" slack="1"/>
</pin_list>
<bind>
<opcode="partselect(1002) " fcode="partselect"/>
<opset="trunc_ln52_20/1 "/>
</bind>
</comp>

<comp id="1403" class="1004" name="trunc_ln52_21_fu_1403">
<pin_list>
<pin id="1404" dir="0" index="0" bw="16" slack="0"/>
<pin id="1405" dir="0" index="1" bw="2368" slack="0"/>
<pin id="1406" dir="0" index="2" bw="11" slack="0"/>
<pin id="1407" dir="0" index="3" bw="11" slack="0"/>
<pin id="1408" dir="1" index="4" bw="16" slack="1"/>
</pin_list>
<bind>
<opcode="partselect(1002) " fcode="partselect"/>
<opset="trunc_ln52_21/1 "/>
</bind>
</comp>

<comp id="1413" class="1004" name="trunc_ln52_22_fu_1413">
<pin_list>
<pin id="1414" dir="0" index="0" bw="16" slack="0"/>
<pin id="1415" dir="0" index="1" bw="2368" slack="0"/>
<pin id="1416" dir="0" index="2" bw="11" slack="0"/>
<pin id="1417" dir="0" index="3" bw="11" slack="0"/>
<pin id="1418" dir="1" index="4" bw="16" slack="1"/>
</pin_list>
<bind>
<opcode="partselect(1002) " fcode="partselect"/>
<opset="trunc_ln52_22/1 "/>
</bind>
</comp>

<comp id="1423" class="1004" name="trunc_ln52_23_fu_1423">
<pin_list>
<pin id="1424" dir="0" index="0" bw="16" slack="0"/>
<pin id="1425" dir="0" index="1" bw="2368" slack="0"/>
<pin id="1426" dir="0" index="2" bw="11" slack="0"/>
<pin id="1427" dir="0" index="3" bw="11" slack="0"/>
<pin id="1428" dir="1" index="4" bw="16" slack="1"/>
</pin_list>
<bind>
<opcode="partselect(1002) " fcode="partselect"/>
<opset="trunc_ln52_23/1 "/>
</bind>
</comp>

<comp id="1433" class="1004" name="trunc_ln52_24_fu_1433">
<pin_list>
<pin id="1434" dir="0" index="0" bw="16" slack="0"/>
<pin id="1435" dir="0" index="1" bw="2368" slack="0"/>
<pin id="1436" dir="0" index="2" bw="11" slack="0"/>
<pin id="1437" dir="0" index="3" bw="11" slack="0"/>
<pin id="1438" dir="1" index="4" bw="16" slack="1"/>
</pin_list>
<bind>
<opcode="partselect(1002) " fcode="partselect"/>
<opset="trunc_ln52_24/1 "/>
</bind>
</comp>

<comp id="1443" class="1004" name="trunc_ln52_25_fu_1443">
<pin_list>
<pin id="1444" dir="0" index="0" bw="16" slack="0"/>
<pin id="1445" dir="0" index="1" bw="2368" slack="0"/>
<pin id="1446" dir="0" index="2" bw="11" slack="0"/>
<pin id="1447" dir="0" index="3" bw="11" slack="0"/>
<pin id="1448" dir="1" index="4" bw="16" slack="1"/>
</pin_list>
<bind>
<opcode="partselect(1002) " fcode="partselect"/>
<opset="trunc_ln52_25/1 "/>
</bind>
</comp>

<comp id="1453" class="1004" name="trunc_ln52_26_fu_1453">
<pin_list>
<pin id="1454" dir="0" index="0" bw="16" slack="0"/>
<pin id="1455" dir="0" index="1" bw="2368" slack="0"/>
<pin id="1456" dir="0" index="2" bw="11" slack="0"/>
<pin id="1457" dir="0" index="3" bw="12" slack="0"/>
<pin id="1458" dir="1" index="4" bw="16" slack="1"/>
</pin_list>
<bind>
<opcode="partselect(1002) " fcode="partselect"/>
<opset="trunc_ln52_26/1 "/>
</bind>
</comp>

<comp id="1463" class="1004" name="trunc_ln52_27_fu_1463">
<pin_list>
<pin id="1464" dir="0" index="0" bw="16" slack="0"/>
<pin id="1465" dir="0" index="1" bw="2368" slack="0"/>
<pin id="1466" dir="0" index="2" bw="12" slack="0"/>
<pin id="1467" dir="0" index="3" bw="12" slack="0"/>
<pin id="1468" dir="1" index="4" bw="16" slack="1"/>
</pin_list>
<bind>
<opcode="partselect(1002) " fcode="partselect"/>
<opset="trunc_ln52_27/1 "/>
</bind>
</comp>

<comp id="1473" class="1004" name="trunc_ln52_28_fu_1473">
<pin_list>
<pin id="1474" dir="0" index="0" bw="16" slack="0"/>
<pin id="1475" dir="0" index="1" bw="2368" slack="0"/>
<pin id="1476" dir="0" index="2" bw="12" slack="0"/>
<pin id="1477" dir="0" index="3" bw="12" slack="0"/>
<pin id="1478" dir="1" index="4" bw="16" slack="1"/>
</pin_list>
<bind>
<opcode="partselect(1002) " fcode="partselect"/>
<opset="trunc_ln52_28/1 "/>
</bind>
</comp>

<comp id="1483" class="1004" name="trunc_ln52_29_fu_1483">
<pin_list>
<pin id="1484" dir="0" index="0" bw="16" slack="0"/>
<pin id="1485" dir="0" index="1" bw="2368" slack="0"/>
<pin id="1486" dir="0" index="2" bw="12" slack="0"/>
<pin id="1487" dir="0" index="3" bw="12" slack="0"/>
<pin id="1488" dir="1" index="4" bw="16" slack="1"/>
</pin_list>
<bind>
<opcode="partselect(1002) " fcode="partselect"/>
<opset="trunc_ln52_29/1 "/>
</bind>
</comp>

<comp id="1493" class="1004" name="trunc_ln52_30_fu_1493">
<pin_list>
<pin id="1494" dir="0" index="0" bw="16" slack="0"/>
<pin id="1495" dir="0" index="1" bw="2368" slack="0"/>
<pin id="1496" dir="0" index="2" bw="12" slack="0"/>
<pin id="1497" dir="0" index="3" bw="12" slack="0"/>
<pin id="1498" dir="1" index="4" bw="16" slack="1"/>
</pin_list>
<bind>
<opcode="partselect(1002) " fcode="partselect"/>
<opset="trunc_ln52_30/1 "/>
</bind>
</comp>

<comp id="1503" class="1004" name="trunc_ln52_31_fu_1503">
<pin_list>
<pin id="1504" dir="0" index="0" bw="16" slack="0"/>
<pin id="1505" dir="0" index="1" bw="2368" slack="0"/>
<pin id="1506" dir="0" index="2" bw="12" slack="0"/>
<pin id="1507" dir="0" index="3" bw="12" slack="0"/>
<pin id="1508" dir="1" index="4" bw="16" slack="1"/>
</pin_list>
<bind>
<opcode="partselect(1002) " fcode="partselect"/>
<opset="trunc_ln52_31/1 "/>
</bind>
</comp>

<comp id="1513" class="1004" name="trunc_ln52_32_fu_1513">
<pin_list>
<pin id="1514" dir="0" index="0" bw="16" slack="0"/>
<pin id="1515" dir="0" index="1" bw="2368" slack="0"/>
<pin id="1516" dir="0" index="2" bw="12" slack="0"/>
<pin id="1517" dir="0" index="3" bw="12" slack="0"/>
<pin id="1518" dir="1" index="4" bw="16" slack="1"/>
</pin_list>
<bind>
<opcode="partselect(1002) " fcode="partselect"/>
<opset="trunc_ln52_32/1 "/>
</bind>
</comp>

<comp id="1523" class="1004" name="trunc_ln52_33_fu_1523">
<pin_list>
<pin id="1524" dir="0" index="0" bw="16" slack="0"/>
<pin id="1525" dir="0" index="1" bw="2368" slack="0"/>
<pin id="1526" dir="0" index="2" bw="12" slack="0"/>
<pin id="1527" dir="0" index="3" bw="12" slack="0"/>
<pin id="1528" dir="1" index="4" bw="16" slack="1"/>
</pin_list>
<bind>
<opcode="partselect(1002) " fcode="partselect"/>
<opset="trunc_ln52_33/1 "/>
</bind>
</comp>

<comp id="1533" class="1004" name="trunc_ln52_34_fu_1533">
<pin_list>
<pin id="1534" dir="0" index="0" bw="16" slack="0"/>
<pin id="1535" dir="0" index="1" bw="2368" slack="0"/>
<pin id="1536" dir="0" index="2" bw="12" slack="0"/>
<pin id="1537" dir="0" index="3" bw="12" slack="0"/>
<pin id="1538" dir="1" index="4" bw="16" slack="1"/>
</pin_list>
<bind>
<opcode="partselect(1002) " fcode="partselect"/>
<opset="trunc_ln52_34/1 "/>
</bind>
</comp>

<comp id="1543" class="1004" name="trunc_ln52_35_fu_1543">
<pin_list>
<pin id="1544" dir="0" index="0" bw="16" slack="0"/>
<pin id="1545" dir="0" index="1" bw="2368" slack="0"/>
<pin id="1546" dir="0" index="2" bw="12" slack="0"/>
<pin id="1547" dir="0" index="3" bw="12" slack="0"/>
<pin id="1548" dir="1" index="4" bw="16" slack="1"/>
</pin_list>
<bind>
<opcode="partselect(1002) " fcode="partselect"/>
<opset="trunc_ln52_35/1 "/>
</bind>
</comp>

<comp id="1553" class="1004" name="trunc_ln52_36_fu_1553">
<pin_list>
<pin id="1554" dir="0" index="0" bw="16" slack="0"/>
<pin id="1555" dir="0" index="1" bw="2368" slack="0"/>
<pin id="1556" dir="0" index="2" bw="12" slack="0"/>
<pin id="1557" dir="0" index="3" bw="12" slack="0"/>
<pin id="1558" dir="1" index="4" bw="16" slack="1"/>
</pin_list>
<bind>
<opcode="partselect(1002) " fcode="partselect"/>
<opset="trunc_ln52_36/1 "/>
</bind>
</comp>

<comp id="1563" class="1004" name="trunc_ln52_37_fu_1563">
<pin_list>
<pin id="1564" dir="0" index="0" bw="16" slack="0"/>
<pin id="1565" dir="0" index="1" bw="2368" slack="0"/>
<pin id="1566" dir="0" index="2" bw="12" slack="0"/>
<pin id="1567" dir="0" index="3" bw="12" slack="0"/>
<pin id="1568" dir="1" index="4" bw="16" slack="1"/>
</pin_list>
<bind>
<opcode="partselect(1002) " fcode="partselect"/>
<opset="trunc_ln52_37/1 "/>
</bind>
</comp>

<comp id="1573" class="1004" name="trunc_ln52_38_fu_1573">
<pin_list>
<pin id="1574" dir="0" index="0" bw="16" slack="0"/>
<pin id="1575" dir="0" index="1" bw="2368" slack="0"/>
<pin id="1576" dir="0" index="2" bw="12" slack="0"/>
<pin id="1577" dir="0" index="3" bw="12" slack="0"/>
<pin id="1578" dir="1" index="4" bw="16" slack="1"/>
</pin_list>
<bind>
<opcode="partselect(1002) " fcode="partselect"/>
<opset="trunc_ln52_38/1 "/>
</bind>
</comp>

<comp id="1583" class="1004" name="trunc_ln52_39_fu_1583">
<pin_list>
<pin id="1584" dir="0" index="0" bw="16" slack="0"/>
<pin id="1585" dir="0" index="1" bw="2368" slack="0"/>
<pin id="1586" dir="0" index="2" bw="12" slack="0"/>
<pin id="1587" dir="0" index="3" bw="12" slack="0"/>
<pin id="1588" dir="1" index="4" bw="16" slack="1"/>
</pin_list>
<bind>
<opcode="partselect(1002) " fcode="partselect"/>
<opset="trunc_ln52_39/1 "/>
</bind>
</comp>

<comp id="1593" class="1004" name="trunc_ln52_40_fu_1593">
<pin_list>
<pin id="1594" dir="0" index="0" bw="16" slack="0"/>
<pin id="1595" dir="0" index="1" bw="2368" slack="0"/>
<pin id="1596" dir="0" index="2" bw="12" slack="0"/>
<pin id="1597" dir="0" index="3" bw="12" slack="0"/>
<pin id="1598" dir="1" index="4" bw="16" slack="1"/>
</pin_list>
<bind>
<opcode="partselect(1002) " fcode="partselect"/>
<opset="trunc_ln52_40/1 "/>
</bind>
</comp>

<comp id="1603" class="1004" name="trunc_ln52_41_fu_1603">
<pin_list>
<pin id="1604" dir="0" index="0" bw="16" slack="0"/>
<pin id="1605" dir="0" index="1" bw="2368" slack="0"/>
<pin id="1606" dir="0" index="2" bw="12" slack="0"/>
<pin id="1607" dir="0" index="3" bw="12" slack="0"/>
<pin id="1608" dir="1" index="4" bw="16" slack="1"/>
</pin_list>
<bind>
<opcode="partselect(1002) " fcode="partselect"/>
<opset="trunc_ln52_41/1 "/>
</bind>
</comp>

<comp id="1613" class="1004" name="trunc_ln52_42_fu_1613">
<pin_list>
<pin id="1614" dir="0" index="0" bw="16" slack="0"/>
<pin id="1615" dir="0" index="1" bw="2368" slack="0"/>
<pin id="1616" dir="0" index="2" bw="12" slack="0"/>
<pin id="1617" dir="0" index="3" bw="12" slack="0"/>
<pin id="1618" dir="1" index="4" bw="16" slack="1"/>
</pin_list>
<bind>
<opcode="partselect(1002) " fcode="partselect"/>
<opset="trunc_ln52_42/1 "/>
</bind>
</comp>

<comp id="1623" class="1004" name="trunc_ln52_43_fu_1623">
<pin_list>
<pin id="1624" dir="0" index="0" bw="16" slack="0"/>
<pin id="1625" dir="0" index="1" bw="2368" slack="0"/>
<pin id="1626" dir="0" index="2" bw="12" slack="0"/>
<pin id="1627" dir="0" index="3" bw="12" slack="0"/>
<pin id="1628" dir="1" index="4" bw="16" slack="1"/>
</pin_list>
<bind>
<opcode="partselect(1002) " fcode="partselect"/>
<opset="trunc_ln52_43/1 "/>
</bind>
</comp>

<comp id="1633" class="1004" name="trunc_ln52_44_fu_1633">
<pin_list>
<pin id="1634" dir="0" index="0" bw="16" slack="0"/>
<pin id="1635" dir="0" index="1" bw="2368" slack="0"/>
<pin id="1636" dir="0" index="2" bw="12" slack="0"/>
<pin id="1637" dir="0" index="3" bw="12" slack="0"/>
<pin id="1638" dir="1" index="4" bw="16" slack="1"/>
</pin_list>
<bind>
<opcode="partselect(1002) " fcode="partselect"/>
<opset="trunc_ln52_44/1 "/>
</bind>
</comp>

<comp id="1643" class="1004" name="trunc_ln52_45_fu_1643">
<pin_list>
<pin id="1644" dir="0" index="0" bw="16" slack="0"/>
<pin id="1645" dir="0" index="1" bw="2368" slack="0"/>
<pin id="1646" dir="0" index="2" bw="12" slack="0"/>
<pin id="1647" dir="0" index="3" bw="12" slack="0"/>
<pin id="1648" dir="1" index="4" bw="16" slack="1"/>
</pin_list>
<bind>
<opcode="partselect(1002) " fcode="partselect"/>
<opset="trunc_ln52_45/1 "/>
</bind>
</comp>

<comp id="1653" class="1004" name="trunc_ln52_46_fu_1653">
<pin_list>
<pin id="1654" dir="0" index="0" bw="16" slack="0"/>
<pin id="1655" dir="0" index="1" bw="2368" slack="0"/>
<pin id="1656" dir="0" index="2" bw="12" slack="0"/>
<pin id="1657" dir="0" index="3" bw="12" slack="0"/>
<pin id="1658" dir="1" index="4" bw="16" slack="1"/>
</pin_list>
<bind>
<opcode="partselect(1002) " fcode="partselect"/>
<opset="trunc_ln52_46/1 "/>
</bind>
</comp>

<comp id="1663" class="1004" name="trunc_ln52_47_fu_1663">
<pin_list>
<pin id="1664" dir="0" index="0" bw="16" slack="0"/>
<pin id="1665" dir="0" index="1" bw="2368" slack="0"/>
<pin id="1666" dir="0" index="2" bw="12" slack="0"/>
<pin id="1667" dir="0" index="3" bw="12" slack="0"/>
<pin id="1668" dir="1" index="4" bw="16" slack="1"/>
</pin_list>
<bind>
<opcode="partselect(1002) " fcode="partselect"/>
<opset="trunc_ln52_47/1 "/>
</bind>
</comp>

<comp id="1673" class="1004" name="trunc_ln52_48_fu_1673">
<pin_list>
<pin id="1674" dir="0" index="0" bw="16" slack="0"/>
<pin id="1675" dir="0" index="1" bw="2368" slack="0"/>
<pin id="1676" dir="0" index="2" bw="12" slack="0"/>
<pin id="1677" dir="0" index="3" bw="12" slack="0"/>
<pin id="1678" dir="1" index="4" bw="16" slack="1"/>
</pin_list>
<bind>
<opcode="partselect(1002) " fcode="partselect"/>
<opset="trunc_ln52_48/1 "/>
</bind>
</comp>

<comp id="1683" class="1004" name="trunc_ln52_49_fu_1683">
<pin_list>
<pin id="1684" dir="0" index="0" bw="16" slack="0"/>
<pin id="1685" dir="0" index="1" bw="2368" slack="0"/>
<pin id="1686" dir="0" index="2" bw="12" slack="0"/>
<pin id="1687" dir="0" index="3" bw="12" slack="0"/>
<pin id="1688" dir="1" index="4" bw="16" slack="1"/>
</pin_list>
<bind>
<opcode="partselect(1002) " fcode="partselect"/>
<opset="trunc_ln52_49/1 "/>
</bind>
</comp>

<comp id="1693" class="1004" name="trunc_ln52_50_fu_1693">
<pin_list>
<pin id="1694" dir="0" index="0" bw="16" slack="0"/>
<pin id="1695" dir="0" index="1" bw="2368" slack="0"/>
<pin id="1696" dir="0" index="2" bw="12" slack="0"/>
<pin id="1697" dir="0" index="3" bw="12" slack="0"/>
<pin id="1698" dir="1" index="4" bw="16" slack="1"/>
</pin_list>
<bind>
<opcode="partselect(1002) " fcode="partselect"/>
<opset="trunc_ln52_50/1 "/>
</bind>
</comp>

<comp id="1703" class="1004" name="trunc_ln52_51_fu_1703">
<pin_list>
<pin id="1704" dir="0" index="0" bw="16" slack="0"/>
<pin id="1705" dir="0" index="1" bw="2368" slack="0"/>
<pin id="1706" dir="0" index="2" bw="12" slack="0"/>
<pin id="1707" dir="0" index="3" bw="12" slack="0"/>
<pin id="1708" dir="1" index="4" bw="16" slack="1"/>
</pin_list>
<bind>
<opcode="partselect(1002) " fcode="partselect"/>
<opset="trunc_ln52_51/1 "/>
</bind>
</comp>

<comp id="1713" class="1004" name="trunc_ln52_52_fu_1713">
<pin_list>
<pin id="1714" dir="0" index="0" bw="16" slack="0"/>
<pin id="1715" dir="0" index="1" bw="2368" slack="0"/>
<pin id="1716" dir="0" index="2" bw="12" slack="0"/>
<pin id="1717" dir="0" index="3" bw="12" slack="0"/>
<pin id="1718" dir="1" index="4" bw="16" slack="1"/>
</pin_list>
<bind>
<opcode="partselect(1002) " fcode="partselect"/>
<opset="trunc_ln52_52/1 "/>
</bind>
</comp>

<comp id="1723" class="1004" name="trunc_ln52_53_fu_1723">
<pin_list>
<pin id="1724" dir="0" index="0" bw="16" slack="0"/>
<pin id="1725" dir="0" index="1" bw="2368" slack="0"/>
<pin id="1726" dir="0" index="2" bw="12" slack="0"/>
<pin id="1727" dir="0" index="3" bw="12" slack="0"/>
<pin id="1728" dir="1" index="4" bw="16" slack="1"/>
</pin_list>
<bind>
<opcode="partselect(1002) " fcode="partselect"/>
<opset="trunc_ln52_53/1 "/>
</bind>
</comp>

<comp id="1733" class="1004" name="trunc_ln52_54_fu_1733">
<pin_list>
<pin id="1734" dir="0" index="0" bw="16" slack="0"/>
<pin id="1735" dir="0" index="1" bw="2368" slack="0"/>
<pin id="1736" dir="0" index="2" bw="12" slack="0"/>
<pin id="1737" dir="0" index="3" bw="13" slack="0"/>
<pin id="1738" dir="1" index="4" bw="16" slack="1"/>
</pin_list>
<bind>
<opcode="partselect(1002) " fcode="partselect"/>
<opset="trunc_ln52_54/1 "/>
</bind>
</comp>

<comp id="1743" class="1004" name="trunc_ln52_55_fu_1743">
<pin_list>
<pin id="1744" dir="0" index="0" bw="16" slack="0"/>
<pin id="1745" dir="0" index="1" bw="2368" slack="0"/>
<pin id="1746" dir="0" index="2" bw="13" slack="0"/>
<pin id="1747" dir="0" index="3" bw="13" slack="0"/>
<pin id="1748" dir="1" index="4" bw="16" slack="1"/>
</pin_list>
<bind>
<opcode="partselect(1002) " fcode="partselect"/>
<opset="trunc_ln52_55/1 "/>
</bind>
</comp>

<comp id="1753" class="1004" name="trunc_ln52_56_fu_1753">
<pin_list>
<pin id="1754" dir="0" index="0" bw="16" slack="0"/>
<pin id="1755" dir="0" index="1" bw="2368" slack="0"/>
<pin id="1756" dir="0" index="2" bw="13" slack="0"/>
<pin id="1757" dir="0" index="3" bw="13" slack="0"/>
<pin id="1758" dir="1" index="4" bw="16" slack="1"/>
</pin_list>
<bind>
<opcode="partselect(1002) " fcode="partselect"/>
<opset="trunc_ln52_56/1 "/>
</bind>
</comp>

<comp id="1763" class="1004" name="trunc_ln52_57_fu_1763">
<pin_list>
<pin id="1764" dir="0" index="0" bw="16" slack="0"/>
<pin id="1765" dir="0" index="1" bw="2368" slack="0"/>
<pin id="1766" dir="0" index="2" bw="13" slack="0"/>
<pin id="1767" dir="0" index="3" bw="13" slack="0"/>
<pin id="1768" dir="1" index="4" bw="16" slack="1"/>
</pin_list>
<bind>
<opcode="partselect(1002) " fcode="partselect"/>
<opset="trunc_ln52_57/1 "/>
</bind>
</comp>

<comp id="1773" class="1004" name="trunc_ln52_58_fu_1773">
<pin_list>
<pin id="1774" dir="0" index="0" bw="16" slack="0"/>
<pin id="1775" dir="0" index="1" bw="2368" slack="0"/>
<pin id="1776" dir="0" index="2" bw="13" slack="0"/>
<pin id="1777" dir="0" index="3" bw="13" slack="0"/>
<pin id="1778" dir="1" index="4" bw="16" slack="1"/>
</pin_list>
<bind>
<opcode="partselect(1002) " fcode="partselect"/>
<opset="trunc_ln52_58/1 "/>
</bind>
</comp>

<comp id="1783" class="1004" name="trunc_ln52_59_fu_1783">
<pin_list>
<pin id="1784" dir="0" index="0" bw="16" slack="0"/>
<pin id="1785" dir="0" index="1" bw="2368" slack="0"/>
<pin id="1786" dir="0" index="2" bw="13" slack="0"/>
<pin id="1787" dir="0" index="3" bw="13" slack="0"/>
<pin id="1788" dir="1" index="4" bw="16" slack="1"/>
</pin_list>
<bind>
<opcode="partselect(1002) " fcode="partselect"/>
<opset="trunc_ln52_59/1 "/>
</bind>
</comp>

<comp id="1793" class="1004" name="trunc_ln52_60_fu_1793">
<pin_list>
<pin id="1794" dir="0" index="0" bw="16" slack="0"/>
<pin id="1795" dir="0" index="1" bw="2368" slack="0"/>
<pin id="1796" dir="0" index="2" bw="13" slack="0"/>
<pin id="1797" dir="0" index="3" bw="13" slack="0"/>
<pin id="1798" dir="1" index="4" bw="16" slack="1"/>
</pin_list>
<bind>
<opcode="partselect(1002) " fcode="partselect"/>
<opset="trunc_ln52_60/1 "/>
</bind>
</comp>

<comp id="1803" class="1004" name="trunc_ln52_61_fu_1803">
<pin_list>
<pin id="1804" dir="0" index="0" bw="16" slack="0"/>
<pin id="1805" dir="0" index="1" bw="2368" slack="0"/>
<pin id="1806" dir="0" index="2" bw="13" slack="0"/>
<pin id="1807" dir="0" index="3" bw="13" slack="0"/>
<pin id="1808" dir="1" index="4" bw="16" slack="1"/>
</pin_list>
<bind>
<opcode="partselect(1002) " fcode="partselect"/>
<opset="trunc_ln52_61/1 "/>
</bind>
</comp>

<comp id="1813" class="1004" name="trunc_ln52_62_fu_1813">
<pin_list>
<pin id="1814" dir="0" index="0" bw="16" slack="0"/>
<pin id="1815" dir="0" index="1" bw="2368" slack="0"/>
<pin id="1816" dir="0" index="2" bw="13" slack="0"/>
<pin id="1817" dir="0" index="3" bw="13" slack="0"/>
<pin id="1818" dir="1" index="4" bw="16" slack="1"/>
</pin_list>
<bind>
<opcode="partselect(1002) " fcode="partselect"/>
<opset="trunc_ln52_62/1 "/>
</bind>
</comp>

<comp id="1823" class="1004" name="icmp_ln51_fu_1823">
<pin_list>
<pin id="1824" dir="0" index="0" bw="37" slack="1"/>
<pin id="1825" dir="0" index="1" bw="37" slack="0"/>
<pin id="1826" dir="1" index="2" bw="1" slack="0"/>
</pin_list>
<bind>
<opcode="icmp(45) " fcode="icmp"/>
<opset="icmp_ln51/2 "/>
</bind>
</comp>

<comp id="1828" class="1004" name="select_ln51_fu_1828">
<pin_list>
<pin id="1829" dir="0" index="0" bw="1" slack="0"/>
<pin id="1830" dir="0" index="1" bw="16" slack="1"/>
<pin id="1831" dir="0" index="2" bw="16" slack="0"/>
<pin id="1832" dir="1" index="3" bw="16" slack="1"/>
</pin_list>
<bind>
<opcode="select(49) " fcode="select"/>
<opset="select_ln51/2 "/>
</bind>
</comp>

<comp id="1835" class="1004" name="icmp_ln51_1_fu_1835">
<pin_list>
<pin id="1836" dir="0" index="0" bw="37" slack="1"/>
<pin id="1837" dir="0" index="1" bw="37" slack="0"/>
<pin id="1838" dir="1" index="2" bw="1" slack="0"/>
</pin_list>
<bind>
<opcode="icmp(45) " fcode="icmp"/>
<opset="icmp_ln51_1/2 "/>
</bind>
</comp>

<comp id="1840" class="1004" name="select_ln51_1_fu_1840">
<pin_list>
<pin id="1841" dir="0" index="0" bw="1" slack="0"/>
<pin id="1842" dir="0" index="1" bw="16" slack="1"/>
<pin id="1843" dir="0" index="2" bw="16" slack="0"/>
<pin id="1844" dir="1" index="3" bw="16" slack="1"/>
</pin_list>
<bind>
<opcode="select(49) " fcode="select"/>
<opset="select_ln51_1/2 "/>
</bind>
</comp>

<comp id="1847" class="1004" name="icmp_ln51_2_fu_1847">
<pin_list>
<pin id="1848" dir="0" index="0" bw="37" slack="1"/>
<pin id="1849" dir="0" index="1" bw="37" slack="0"/>
<pin id="1850" dir="1" index="2" bw="1" slack="0"/>
</pin_list>
<bind>
<opcode="icmp(45) " fcode="icmp"/>
<opset="icmp_ln51_2/2 "/>
</bind>
</comp>

<comp id="1852" class="1004" name="select_ln51_2_fu_1852">
<pin_list>
<pin id="1853" dir="0" index="0" bw="1" slack="0"/>
<pin id="1854" dir="0" index="1" bw="16" slack="1"/>
<pin id="1855" dir="0" index="2" bw="16" slack="0"/>
<pin id="1856" dir="1" index="3" bw="16" slack="1"/>
</pin_list>
<bind>
<opcode="select(49) " fcode="select"/>
<opset="select_ln51_2/2 "/>
</bind>
</comp>

<comp id="1859" class="1004" name="icmp_ln51_3_fu_1859">
<pin_list>
<pin id="1860" dir="0" index="0" bw="37" slack="1"/>
<pin id="1861" dir="0" index="1" bw="37" slack="0"/>
<pin id="1862" dir="1" index="2" bw="1" slack="0"/>
</pin_list>
<bind>
<opcode="icmp(45) " fcode="icmp"/>
<opset="icmp_ln51_3/2 "/>
</bind>
</comp>

<comp id="1864" class="1004" name="select_ln51_3_fu_1864">
<pin_list>
<pin id="1865" dir="0" index="0" bw="1" slack="0"/>
<pin id="1866" dir="0" index="1" bw="16" slack="1"/>
<pin id="1867" dir="0" index="2" bw="16" slack="0"/>
<pin id="1868" dir="1" index="3" bw="16" slack="1"/>
</pin_list>
<bind>
<opcode="select(49) " fcode="select"/>
<opset="select_ln51_3/2 "/>
</bind>
</comp>

<comp id="1871" class="1004" name="icmp_ln51_4_fu_1871">
<pin_list>
<pin id="1872" dir="0" index="0" bw="37" slack="1"/>
<pin id="1873" dir="0" index="1" bw="37" slack="0"/>
<pin id="1874" dir="1" index="2" bw="1" slack="0"/>
</pin_list>
<bind>
<opcode="icmp(45) " fcode="icmp"/>
<opset="icmp_ln51_4/2 "/>
</bind>
</comp>

<comp id="1876" class="1004" name="select_ln51_4_fu_1876">
<pin_list>
<pin id="1877" dir="0" index="0" bw="1" slack="0"/>
<pin id="1878" dir="0" index="1" bw="16" slack="1"/>
<pin id="1879" dir="0" index="2" bw="16" slack="0"/>
<pin id="1880" dir="1" index="3" bw="16" slack="1"/>
</pin_list>
<bind>
<opcode="select(49) " fcode="select"/>
<opset="select_ln51_4/2 "/>
</bind>
</comp>

<comp id="1883" class="1004" name="icmp_ln51_5_fu_1883">
<pin_list>
<pin id="1884" dir="0" index="0" bw="37" slack="1"/>
<pin id="1885" dir="0" index="1" bw="37" slack="0"/>
<pin id="1886" dir="1" index="2" bw="1" slack="0"/>
</pin_list>
<bind>
<opcode="icmp(45) " fcode="icmp"/>
<opset="icmp_ln51_5/2 "/>
</bind>
</comp>

<comp id="1888" class="1004" name="select_ln51_5_fu_1888">
<pin_list>
<pin id="1889" dir="0" index="0" bw="1" slack="0"/>
<pin id="1890" dir="0" index="1" bw="16" slack="1"/>
<pin id="1891" dir="0" index="2" bw="16" slack="0"/>
<pin id="1892" dir="1" index="3" bw="16" slack="1"/>
</pin_list>
<bind>
<opcode="select(49) " fcode="select"/>
<opset="select_ln51_5/2 "/>
</bind>
</comp>

<comp id="1895" class="1004" name="icmp_ln51_6_fu_1895">
<pin_list>
<pin id="1896" dir="0" index="0" bw="37" slack="1"/>
<pin id="1897" dir="0" index="1" bw="37" slack="0"/>
<pin id="1898" dir="1" index="2" bw="1" slack="0"/>
</pin_list>
<bind>
<opcode="icmp(45) " fcode="icmp"/>
<opset="icmp_ln51_6/2 "/>
</bind>
</comp>

<comp id="1900" class="1004" name="select_ln51_6_fu_1900">
<pin_list>
<pin id="1901" dir="0" index="0" bw="1" slack="0"/>
<pin id="1902" dir="0" index="1" bw="16" slack="1"/>
<pin id="1903" dir="0" index="2" bw="16" slack="0"/>
<pin id="1904" dir="1" index="3" bw="16" slack="1"/>
</pin_list>
<bind>
<opcode="select(49) " fcode="select"/>
<opset="select_ln51_6/2 "/>
</bind>
</comp>

<comp id="1907" class="1004" name="icmp_ln51_7_fu_1907">
<pin_list>
<pin id="1908" dir="0" index="0" bw="37" slack="1"/>
<pin id="1909" dir="0" index="1" bw="37" slack="0"/>
<pin id="1910" dir="1" index="2" bw="1" slack="0"/>
</pin_list>
<bind>
<opcode="icmp(45) " fcode="icmp"/>
<opset="icmp_ln51_7/2 "/>
</bind>
</comp>

<comp id="1912" class="1004" name="select_ln51_7_fu_1912">
<pin_list>
<pin id="1913" dir="0" index="0" bw="1" slack="0"/>
<pin id="1914" dir="0" index="1" bw="16" slack="1"/>
<pin id="1915" dir="0" index="2" bw="16" slack="0"/>
<pin id="1916" dir="1" index="3" bw="16" slack="1"/>
</pin_list>
<bind>
<opcode="select(49) " fcode="select"/>
<opset="select_ln51_7/2 "/>
</bind>
</comp>

<comp id="1919" class="1004" name="icmp_ln51_8_fu_1919">
<pin_list>
<pin id="1920" dir="0" index="0" bw="37" slack="1"/>
<pin id="1921" dir="0" index="1" bw="37" slack="0"/>
<pin id="1922" dir="1" index="2" bw="1" slack="0"/>
</pin_list>
<bind>
<opcode="icmp(45) " fcode="icmp"/>
<opset="icmp_ln51_8/2 "/>
</bind>
</comp>

<comp id="1924" class="1004" name="select_ln51_8_fu_1924">
<pin_list>
<pin id="1925" dir="0" index="0" bw="1" slack="0"/>
<pin id="1926" dir="0" index="1" bw="16" slack="1"/>
<pin id="1927" dir="0" index="2" bw="16" slack="0"/>
<pin id="1928" dir="1" index="3" bw="16" slack="1"/>
</pin_list>
<bind>
<opcode="select(49) " fcode="select"/>
<opset="select_ln51_8/2 "/>
</bind>
</comp>

<comp id="1931" class="1004" name="icmp_ln51_9_fu_1931">
<pin_list>
<pin id="1932" dir="0" index="0" bw="37" slack="1"/>
<pin id="1933" dir="0" index="1" bw="37" slack="0"/>
<pin id="1934" dir="1" index="2" bw="1" slack="0"/>
</pin_list>
<bind>
<opcode="icmp(45) " fcode="icmp"/>
<opset="icmp_ln51_9/2 "/>
</bind>
</comp>

<comp id="1936" class="1004" name="select_ln51_9_fu_1936">
<pin_list>
<pin id="1937" dir="0" index="0" bw="1" slack="0"/>
<pin id="1938" dir="0" index="1" bw="16" slack="1"/>
<pin id="1939" dir="0" index="2" bw="16" slack="0"/>
<pin id="1940" dir="1" index="3" bw="16" slack="1"/>
</pin_list>
<bind>
<opcode="select(49) " fcode="select"/>
<opset="select_ln51_9/2 "/>
</bind>
</comp>

<comp id="1943" class="1004" name="icmp_ln51_10_fu_1943">
<pin_list>
<pin id="1944" dir="0" index="0" bw="37" slack="1"/>
<pin id="1945" dir="0" index="1" bw="37" slack="0"/>
<pin id="1946" dir="1" index="2" bw="1" slack="0"/>
</pin_list>
<bind>
<opcode="icmp(45) " fcode="icmp"/>
<opset="icmp_ln51_10/2 "/>
</bind>
</comp>

<comp id="1948" class="1004" name="select_ln51_10_fu_1948">
<pin_list>
<pin id="1949" dir="0" index="0" bw="1" slack="0"/>
<pin id="1950" dir="0" index="1" bw="16" slack="1"/>
<pin id="1951" dir="0" index="2" bw="16" slack="0"/>
<pin id="1952" dir="1" index="3" bw="16" slack="1"/>
</pin_list>
<bind>
<opcode="select(49) " fcode="select"/>
<opset="select_ln51_10/2 "/>
</bind>
</comp>

<comp id="1955" class="1004" name="icmp_ln51_11_fu_1955">
<pin_list>
<pin id="1956" dir="0" index="0" bw="37" slack="1"/>
<pin id="1957" dir="0" index="1" bw="37" slack="0"/>
<pin id="1958" dir="1" index="2" bw="1" slack="0"/>
</pin_list>
<bind>
<opcode="icmp(45) " fcode="icmp"/>
<opset="icmp_ln51_11/2 "/>
</bind>
</comp>

<comp id="1960" class="1004" name="select_ln51_11_fu_1960">
<pin_list>
<pin id="1961" dir="0" index="0" bw="1" slack="0"/>
<pin id="1962" dir="0" index="1" bw="16" slack="1"/>
<pin id="1963" dir="0" index="2" bw="16" slack="0"/>
<pin id="1964" dir="1" index="3" bw="16" slack="1"/>
</pin_list>
<bind>
<opcode="select(49) " fcode="select"/>
<opset="select_ln51_11/2 "/>
</bind>
</comp>

<comp id="1967" class="1004" name="icmp_ln51_12_fu_1967">
<pin_list>
<pin id="1968" dir="0" index="0" bw="37" slack="1"/>
<pin id="1969" dir="0" index="1" bw="37" slack="0"/>
<pin id="1970" dir="1" index="2" bw="1" slack="0"/>
</pin_list>
<bind>
<opcode="icmp(45) " fcode="icmp"/>
<opset="icmp_ln51_12/2 "/>
</bind>
</comp>

<comp id="1972" class="1004" name="select_ln51_12_fu_1972">
<pin_list>
<pin id="1973" dir="0" index="0" bw="1" slack="0"/>
<pin id="1974" dir="0" index="1" bw="16" slack="1"/>
<pin id="1975" dir="0" index="2" bw="16" slack="0"/>
<pin id="1976" dir="1" index="3" bw="16" slack="1"/>
</pin_list>
<bind>
<opcode="select(49) " fcode="select"/>
<opset="select_ln51_12/2 "/>
</bind>
</comp>

<comp id="1979" class="1004" name="icmp_ln51_13_fu_1979">
<pin_list>
<pin id="1980" dir="0" index="0" bw="37" slack="1"/>
<pin id="1981" dir="0" index="1" bw="37" slack="0"/>
<pin id="1982" dir="1" index="2" bw="1" slack="0"/>
</pin_list>
<bind>
<opcode="icmp(45) " fcode="icmp"/>
<opset="icmp_ln51_13/2 "/>
</bind>
</comp>

<comp id="1984" class="1004" name="select_ln51_13_fu_1984">
<pin_list>
<pin id="1985" dir="0" index="0" bw="1" slack="0"/>
<pin id="1986" dir="0" index="1" bw="16" slack="1"/>
<pin id="1987" dir="0" index="2" bw="16" slack="0"/>
<pin id="1988" dir="1" index="3" bw="16" slack="1"/>
</pin_list>
<bind>
<opcode="select(49) " fcode="select"/>
<opset="select_ln51_13/2 "/>
</bind>
</comp>

<comp id="1991" class="1004" name="icmp_ln51_14_fu_1991">
<pin_list>
<pin id="1992" dir="0" index="0" bw="37" slack="1"/>
<pin id="1993" dir="0" index="1" bw="37" slack="0"/>
<pin id="1994" dir="1" index="2" bw="1" slack="0"/>
</pin_list>
<bind>
<opcode="icmp(45) " fcode="icmp"/>
<opset="icmp_ln51_14/2 "/>
</bind>
</comp>

<comp id="1996" class="1004" name="select_ln51_14_fu_1996">
<pin_list>
<pin id="1997" dir="0" index="0" bw="1" slack="0"/>
<pin id="1998" dir="0" index="1" bw="16" slack="1"/>
<pin id="1999" dir="0" index="2" bw="16" slack="0"/>
<pin id="2000" dir="1" index="3" bw="16" slack="1"/>
</pin_list>
<bind>
<opcode="select(49) " fcode="select"/>
<opset="select_ln51_14/2 "/>
</bind>
</comp>

<comp id="2003" class="1004" name="icmp_ln51_15_fu_2003">
<pin_list>
<pin id="2004" dir="0" index="0" bw="37" slack="1"/>
<pin id="2005" dir="0" index="1" bw="37" slack="0"/>
<pin id="2006" dir="1" index="2" bw="1" slack="0"/>
</pin_list>
<bind>
<opcode="icmp(45) " fcode="icmp"/>
<opset="icmp_ln51_15/2 "/>
</bind>
</comp>

<comp id="2008" class="1004" name="select_ln51_15_fu_2008">
<pin_list>
<pin id="2009" dir="0" index="0" bw="1" slack="0"/>
<pin id="2010" dir="0" index="1" bw="16" slack="1"/>
<pin id="2011" dir="0" index="2" bw="16" slack="0"/>
<pin id="2012" dir="1" index="3" bw="16" slack="1"/>
</pin_list>
<bind>
<opcode="select(49) " fcode="select"/>
<opset="select_ln51_15/2 "/>
</bind>
</comp>

<comp id="2015" class="1004" name="icmp_ln51_16_fu_2015">
<pin_list>
<pin id="2016" dir="0" index="0" bw="37" slack="1"/>
<pin id="2017" dir="0" index="1" bw="37" slack="0"/>
<pin id="2018" dir="1" index="2" bw="1" slack="0"/>
</pin_list>
<bind>
<opcode="icmp(45) " fcode="icmp"/>
<opset="icmp_ln51_16/2 "/>
</bind>
</comp>

<comp id="2020" class="1004" name="select_ln51_16_fu_2020">
<pin_list>
<pin id="2021" dir="0" index="0" bw="1" slack="0"/>
<pin id="2022" dir="0" index="1" bw="16" slack="1"/>
<pin id="2023" dir="0" index="2" bw="16" slack="0"/>
<pin id="2024" dir="1" index="3" bw="16" slack="1"/>
</pin_list>
<bind>
<opcode="select(49) " fcode="select"/>
<opset="select_ln51_16/2 "/>
</bind>
</comp>

<comp id="2027" class="1004" name="icmp_ln51_17_fu_2027">
<pin_list>
<pin id="2028" dir="0" index="0" bw="37" slack="1"/>
<pin id="2029" dir="0" index="1" bw="37" slack="0"/>
<pin id="2030" dir="1" index="2" bw="1" slack="0"/>
</pin_list>
<bind>
<opcode="icmp(45) " fcode="icmp"/>
<opset="icmp_ln51_17/2 "/>
</bind>
</comp>

<comp id="2032" class="1004" name="select_ln51_17_fu_2032">
<pin_list>
<pin id="2033" dir="0" index="0" bw="1" slack="0"/>
<pin id="2034" dir="0" index="1" bw="16" slack="1"/>
<pin id="2035" dir="0" index="2" bw="16" slack="0"/>
<pin id="2036" dir="1" index="3" bw="16" slack="1"/>
</pin_list>
<bind>
<opcode="select(49) " fcode="select"/>
<opset="select_ln51_17/2 "/>
</bind>
</comp>

<comp id="2039" class="1004" name="icmp_ln51_18_fu_2039">
<pin_list>
<pin id="2040" dir="0" index="0" bw="37" slack="1"/>
<pin id="2041" dir="0" index="1" bw="37" slack="0"/>
<pin id="2042" dir="1" index="2" bw="1" slack="0"/>
</pin_list>
<bind>
<opcode="icmp(45) " fcode="icmp"/>
<opset="icmp_ln51_18/2 "/>
</bind>
</comp>

<comp id="2044" class="1004" name="select_ln51_18_fu_2044">
<pin_list>
<pin id="2045" dir="0" index="0" bw="1" slack="0"/>
<pin id="2046" dir="0" index="1" bw="16" slack="1"/>
<pin id="2047" dir="0" index="2" bw="16" slack="0"/>
<pin id="2048" dir="1" index="3" bw="16" slack="1"/>
</pin_list>
<bind>
<opcode="select(49) " fcode="select"/>
<opset="select_ln51_18/2 "/>
</bind>
</comp>

<comp id="2051" class="1004" name="icmp_ln51_19_fu_2051">
<pin_list>
<pin id="2052" dir="0" index="0" bw="37" slack="1"/>
<pin id="2053" dir="0" index="1" bw="37" slack="0"/>
<pin id="2054" dir="1" index="2" bw="1" slack="0"/>
</pin_list>
<bind>
<opcode="icmp(45) " fcode="icmp"/>
<opset="icmp_ln51_19/2 "/>
</bind>
</comp>

<comp id="2056" class="1004" name="select_ln51_19_fu_2056">
<pin_list>
<pin id="2057" dir="0" index="0" bw="1" slack="0"/>
<pin id="2058" dir="0" index="1" bw="16" slack="1"/>
<pin id="2059" dir="0" index="2" bw="16" slack="0"/>
<pin id="2060" dir="1" index="3" bw="16" slack="1"/>
</pin_list>
<bind>
<opcode="select(49) " fcode="select"/>
<opset="select_ln51_19/2 "/>
</bind>
</comp>

<comp id="2063" class="1004" name="icmp_ln51_20_fu_2063">
<pin_list>
<pin id="2064" dir="0" index="0" bw="37" slack="1"/>
<pin id="2065" dir="0" index="1" bw="37" slack="0"/>
<pin id="2066" dir="1" index="2" bw="1" slack="0"/>
</pin_list>
<bind>
<opcode="icmp(45) " fcode="icmp"/>
<opset="icmp_ln51_20/2 "/>
</bind>
</comp>

<comp id="2068" class="1004" name="select_ln51_20_fu_2068">
<pin_list>
<pin id="2069" dir="0" index="0" bw="1" slack="0"/>
<pin id="2070" dir="0" index="1" bw="16" slack="1"/>
<pin id="2071" dir="0" index="2" bw="16" slack="0"/>
<pin id="2072" dir="1" index="3" bw="16" slack="1"/>
</pin_list>
<bind>
<opcode="select(49) " fcode="select"/>
<opset="select_ln51_20/2 "/>
</bind>
</comp>

<comp id="2075" class="1004" name="icmp_ln51_21_fu_2075">
<pin_list>
<pin id="2076" dir="0" index="0" bw="37" slack="1"/>
<pin id="2077" dir="0" index="1" bw="37" slack="0"/>
<pin id="2078" dir="1" index="2" bw="1" slack="0"/>
</pin_list>
<bind>
<opcode="icmp(45) " fcode="icmp"/>
<opset="icmp_ln51_21/2 "/>
</bind>
</comp>

<comp id="2080" class="1004" name="select_ln51_21_fu_2080">
<pin_list>
<pin id="2081" dir="0" index="0" bw="1" slack="0"/>
<pin id="2082" dir="0" index="1" bw="16" slack="1"/>
<pin id="2083" dir="0" index="2" bw="16" slack="0"/>
<pin id="2084" dir="1" index="3" bw="16" slack="1"/>
</pin_list>
<bind>
<opcode="select(49) " fcode="select"/>
<opset="select_ln51_21/2 "/>
</bind>
</comp>

<comp id="2087" class="1004" name="icmp_ln51_22_fu_2087">
<pin_list>
<pin id="2088" dir="0" index="0" bw="37" slack="1"/>
<pin id="2089" dir="0" index="1" bw="37" slack="0"/>
<pin id="2090" dir="1" index="2" bw="1" slack="0"/>
</pin_list>
<bind>
<opcode="icmp(45) " fcode="icmp"/>
<opset="icmp_ln51_22/2 "/>
</bind>
</comp>

<comp id="2092" class="1004" name="select_ln51_22_fu_2092">
<pin_list>
<pin id="2093" dir="0" index="0" bw="1" slack="0"/>
<pin id="2094" dir="0" index="1" bw="16" slack="1"/>
<pin id="2095" dir="0" index="2" bw="16" slack="0"/>
<pin id="2096" dir="1" index="3" bw="16" slack="1"/>
</pin_list>
<bind>
<opcode="select(49) " fcode="select"/>
<opset="select_ln51_22/2 "/>
</bind>
</comp>

<comp id="2099" class="1004" name="icmp_ln51_23_fu_2099">
<pin_list>
<pin id="2100" dir="0" index="0" bw="37" slack="1"/>
<pin id="2101" dir="0" index="1" bw="37" slack="0"/>
<pin id="2102" dir="1" index="2" bw="1" slack="0"/>
</pin_list>
<bind>
<opcode="icmp(45) " fcode="icmp"/>
<opset="icmp_ln51_23/2 "/>
</bind>
</comp>

<comp id="2104" class="1004" name="select_ln51_23_fu_2104">
<pin_list>
<pin id="2105" dir="0" index="0" bw="1" slack="0"/>
<pin id="2106" dir="0" index="1" bw="16" slack="1"/>
<pin id="2107" dir="0" index="2" bw="16" slack="0"/>
<pin id="2108" dir="1" index="3" bw="16" slack="1"/>
</pin_list>
<bind>
<opcode="select(49) " fcode="select"/>
<opset="select_ln51_23/2 "/>
</bind>
</comp>

<comp id="2111" class="1004" name="icmp_ln51_24_fu_2111">
<pin_list>
<pin id="2112" dir="0" index="0" bw="37" slack="1"/>
<pin id="2113" dir="0" index="1" bw="37" slack="0"/>
<pin id="2114" dir="1" index="2" bw="1" slack="0"/>
</pin_list>
<bind>
<opcode="icmp(45) " fcode="icmp"/>
<opset="icmp_ln51_24/2 "/>
</bind>
</comp>

<comp id="2116" class="1004" name="select_ln51_24_fu_2116">
<pin_list>
<pin id="2117" dir="0" index="0" bw="1" slack="0"/>
<pin id="2118" dir="0" index="1" bw="16" slack="1"/>
<pin id="2119" dir="0" index="2" bw="16" slack="0"/>
<pin id="2120" dir="1" index="3" bw="16" slack="1"/>
</pin_list>
<bind>
<opcode="select(49) " fcode="select"/>
<opset="select_ln51_24/2 "/>
</bind>
</comp>

<comp id="2123" class="1004" name="icmp_ln51_25_fu_2123">
<pin_list>
<pin id="2124" dir="0" index="0" bw="37" slack="1"/>
<pin id="2125" dir="0" index="1" bw="37" slack="0"/>
<pin id="2126" dir="1" index="2" bw="1" slack="0"/>
</pin_list>
<bind>
<opcode="icmp(45) " fcode="icmp"/>
<opset="icmp_ln51_25/2 "/>
</bind>
</comp>

<comp id="2128" class="1004" name="select_ln51_25_fu_2128">
<pin_list>
<pin id="2129" dir="0" index="0" bw="1" slack="0"/>
<pin id="2130" dir="0" index="1" bw="16" slack="1"/>
<pin id="2131" dir="0" index="2" bw="16" slack="0"/>
<pin id="2132" dir="1" index="3" bw="16" slack="1"/>
</pin_list>
<bind>
<opcode="select(49) " fcode="select"/>
<opset="select_ln51_25/2 "/>
</bind>
</comp>

<comp id="2135" class="1004" name="icmp_ln51_26_fu_2135">
<pin_list>
<pin id="2136" dir="0" index="0" bw="37" slack="1"/>
<pin id="2137" dir="0" index="1" bw="37" slack="0"/>
<pin id="2138" dir="1" index="2" bw="1" slack="0"/>
</pin_list>
<bind>
<opcode="icmp(45) " fcode="icmp"/>
<opset="icmp_ln51_26/2 "/>
</bind>
</comp>

<comp id="2140" class="1004" name="select_ln51_26_fu_2140">
<pin_list>
<pin id="2141" dir="0" index="0" bw="1" slack="0"/>
<pin id="2142" dir="0" index="1" bw="16" slack="1"/>
<pin id="2143" dir="0" index="2" bw="16" slack="0"/>
<pin id="2144" dir="1" index="3" bw="16" slack="1"/>
</pin_list>
<bind>
<opcode="select(49) " fcode="select"/>
<opset="select_ln51_26/2 "/>
</bind>
</comp>

<comp id="2147" class="1004" name="icmp_ln51_27_fu_2147">
<pin_list>
<pin id="2148" dir="0" index="0" bw="37" slack="1"/>
<pin id="2149" dir="0" index="1" bw="37" slack="0"/>
<pin id="2150" dir="1" index="2" bw="1" slack="0"/>
</pin_list>
<bind>
<opcode="icmp(45) " fcode="icmp"/>
<opset="icmp_ln51_27/2 "/>
</bind>
</comp>

<comp id="2152" class="1004" name="select_ln51_27_fu_2152">
<pin_list>
<pin id="2153" dir="0" index="0" bw="1" slack="0"/>
<pin id="2154" dir="0" index="1" bw="16" slack="1"/>
<pin id="2155" dir="0" index="2" bw="16" slack="0"/>
<pin id="2156" dir="1" index="3" bw="16" slack="1"/>
</pin_list>
<bind>
<opcode="select(49) " fcode="select"/>
<opset="select_ln51_27/2 "/>
</bind>
</comp>

<comp id="2159" class="1004" name="icmp_ln51_28_fu_2159">
<pin_list>
<pin id="2160" dir="0" index="0" bw="37" slack="1"/>
<pin id="2161" dir="0" index="1" bw="37" slack="0"/>
<pin id="2162" dir="1" index="2" bw="1" slack="0"/>
</pin_list>
<bind>
<opcode="icmp(45) " fcode="icmp"/>
<opset="icmp_ln51_28/2 "/>
</bind>
</comp>

<comp id="2164" class="1004" name="select_ln51_28_fu_2164">
<pin_list>
<pin id="2165" dir="0" index="0" bw="1" slack="0"/>
<pin id="2166" dir="0" index="1" bw="16" slack="1"/>
<pin id="2167" dir="0" index="2" bw="16" slack="0"/>
<pin id="2168" dir="1" index="3" bw="16" slack="1"/>
</pin_list>
<bind>
<opcode="select(49) " fcode="select"/>
<opset="select_ln51_28/2 "/>
</bind>
</comp>

<comp id="2171" class="1004" name="icmp_ln51_29_fu_2171">
<pin_list>
<pin id="2172" dir="0" index="0" bw="37" slack="1"/>
<pin id="2173" dir="0" index="1" bw="37" slack="0"/>
<pin id="2174" dir="1" index="2" bw="1" slack="0"/>
</pin_list>
<bind>
<opcode="icmp(45) " fcode="icmp"/>
<opset="icmp_ln51_29/2 "/>
</bind>
</comp>

<comp id="2176" class="1004" name="select_ln51_29_fu_2176">
<pin_list>
<pin id="2177" dir="0" index="0" bw="1" slack="0"/>
<pin id="2178" dir="0" index="1" bw="16" slack="1"/>
<pin id="2179" dir="0" index="2" bw="16" slack="0"/>
<pin id="2180" dir="1" index="3" bw="16" slack="1"/>
</pin_list>
<bind>
<opcode="select(49) " fcode="select"/>
<opset="select_ln51_29/2 "/>
</bind>
</comp>

<comp id="2183" class="1004" name="icmp_ln51_30_fu_2183">
<pin_list>
<pin id="2184" dir="0" index="0" bw="37" slack="1"/>
<pin id="2185" dir="0" index="1" bw="37" slack="0"/>
<pin id="2186" dir="1" index="2" bw="1" slack="0"/>
</pin_list>
<bind>
<opcode="icmp(45) " fcode="icmp"/>
<opset="icmp_ln51_30/2 "/>
</bind>
</comp>

<comp id="2188" class="1004" name="select_ln51_30_fu_2188">
<pin_list>
<pin id="2189" dir="0" index="0" bw="1" slack="0"/>
<pin id="2190" dir="0" index="1" bw="16" slack="1"/>
<pin id="2191" dir="0" index="2" bw="16" slack="0"/>
<pin id="2192" dir="1" index="3" bw="16" slack="1"/>
</pin_list>
<bind>
<opcode="select(49) " fcode="select"/>
<opset="select_ln51_30/2 "/>
</bind>
</comp>

<comp id="2195" class="1004" name="icmp_ln51_31_fu_2195">
<pin_list>
<pin id="2196" dir="0" index="0" bw="37" slack="1"/>
<pin id="2197" dir="0" index="1" bw="37" slack="0"/>
<pin id="2198" dir="1" index="2" bw="1" slack="0"/>
</pin_list>
<bind>
<opcode="icmp(45) " fcode="icmp"/>
<opset="icmp_ln51_31/2 "/>
</bind>
</comp>

<comp id="2200" class="1004" name="select_ln51_31_fu_2200">
<pin_list>
<pin id="2201" dir="0" index="0" bw="1" slack="0"/>
<pin id="2202" dir="0" index="1" bw="16" slack="1"/>
<pin id="2203" dir="0" index="2" bw="16" slack="0"/>
<pin id="2204" dir="1" index="3" bw="16" slack="1"/>
</pin_list>
<bind>
<opcode="select(49) " fcode="select"/>
<opset="select_ln51_31/2 "/>
</bind>
</comp>

<comp id="2207" class="1004" name="icmp_ln51_32_fu_2207">
<pin_list>
<pin id="2208" dir="0" index="0" bw="37" slack="1"/>
<pin id="2209" dir="0" index="1" bw="37" slack="0"/>
<pin id="2210" dir="1" index="2" bw="1" slack="0"/>
</pin_list>
<bind>
<opcode="icmp(45) " fcode="icmp"/>
<opset="icmp_ln51_32/2 "/>
</bind>
</comp>

<comp id="2212" class="1004" name="select_ln51_32_fu_2212">
<pin_list>
<pin id="2213" dir="0" index="0" bw="1" slack="0"/>
<pin id="2214" dir="0" index="1" bw="16" slack="1"/>
<pin id="2215" dir="0" index="2" bw="16" slack="0"/>
<pin id="2216" dir="1" index="3" bw="16" slack="1"/>
</pin_list>
<bind>
<opcode="select(49) " fcode="select"/>
<opset="select_ln51_32/2 "/>
</bind>
</comp>

<comp id="2219" class="1004" name="icmp_ln51_33_fu_2219">
<pin_list>
<pin id="2220" dir="0" index="0" bw="37" slack="1"/>
<pin id="2221" dir="0" index="1" bw="37" slack="0"/>
<pin id="2222" dir="1" index="2" bw="1" slack="0"/>
</pin_list>
<bind>
<opcode="icmp(45) " fcode="icmp"/>
<opset="icmp_ln51_33/2 "/>
</bind>
</comp>

<comp id="2224" class="1004" name="select_ln51_33_fu_2224">
<pin_list>
<pin id="2225" dir="0" index="0" bw="1" slack="0"/>
<pin id="2226" dir="0" index="1" bw="16" slack="1"/>
<pin id="2227" dir="0" index="2" bw="16" slack="0"/>
<pin id="2228" dir="1" index="3" bw="16" slack="1"/>
</pin_list>
<bind>
<opcode="select(49) " fcode="select"/>
<opset="select_ln51_33/2 "/>
</bind>
</comp>

<comp id="2231" class="1004" name="icmp_ln51_34_fu_2231">
<pin_list>
<pin id="2232" dir="0" index="0" bw="37" slack="1"/>
<pin id="2233" dir="0" index="1" bw="37" slack="0"/>
<pin id="2234" dir="1" index="2" bw="1" slack="0"/>
</pin_list>
<bind>
<opcode="icmp(45) " fcode="icmp"/>
<opset="icmp_ln51_34/2 "/>
</bind>
</comp>

<comp id="2236" class="1004" name="select_ln51_34_fu_2236">
<pin_list>
<pin id="2237" dir="0" index="0" bw="1" slack="0"/>
<pin id="2238" dir="0" index="1" bw="16" slack="1"/>
<pin id="2239" dir="0" index="2" bw="16" slack="0"/>
<pin id="2240" dir="1" index="3" bw="16" slack="1"/>
</pin_list>
<bind>
<opcode="select(49) " fcode="select"/>
<opset="select_ln51_34/2 "/>
</bind>
</comp>

<comp id="2243" class="1004" name="icmp_ln51_35_fu_2243">
<pin_list>
<pin id="2244" dir="0" index="0" bw="37" slack="1"/>
<pin id="2245" dir="0" index="1" bw="37" slack="0"/>
<pin id="2246" dir="1" index="2" bw="1" slack="0"/>
</pin_list>
<bind>
<opcode="icmp(45) " fcode="icmp"/>
<opset="icmp_ln51_35/2 "/>
</bind>
</comp>

<comp id="2248" class="1004" name="select_ln51_35_fu_2248">
<pin_list>
<pin id="2249" dir="0" index="0" bw="1" slack="0"/>
<pin id="2250" dir="0" index="1" bw="16" slack="1"/>
<pin id="2251" dir="0" index="2" bw="16" slack="0"/>
<pin id="2252" dir="1" index="3" bw="16" slack="1"/>
</pin_list>
<bind>
<opcode="select(49) " fcode="select"/>
<opset="select_ln51_35/2 "/>
</bind>
</comp>

<comp id="2255" class="1004" name="icmp_ln51_36_fu_2255">
<pin_list>
<pin id="2256" dir="0" index="0" bw="37" slack="1"/>
<pin id="2257" dir="0" index="1" bw="37" slack="0"/>
<pin id="2258" dir="1" index="2" bw="1" slack="0"/>
</pin_list>
<bind>
<opcode="icmp(45) " fcode="icmp"/>
<opset="icmp_ln51_36/2 "/>
</bind>
</comp>

<comp id="2260" class="1004" name="select_ln51_36_fu_2260">
<pin_list>
<pin id="2261" dir="0" index="0" bw="1" slack="0"/>
<pin id="2262" dir="0" index="1" bw="16" slack="1"/>
<pin id="2263" dir="0" index="2" bw="16" slack="0"/>
<pin id="2264" dir="1" index="3" bw="16" slack="1"/>
</pin_list>
<bind>
<opcode="select(49) " fcode="select"/>
<opset="select_ln51_36/2 "/>
</bind>
</comp>

<comp id="2267" class="1004" name="icmp_ln51_37_fu_2267">
<pin_list>
<pin id="2268" dir="0" index="0" bw="37" slack="1"/>
<pin id="2269" dir="0" index="1" bw="37" slack="0"/>
<pin id="2270" dir="1" index="2" bw="1" slack="0"/>
</pin_list>
<bind>
<opcode="icmp(45) " fcode="icmp"/>
<opset="icmp_ln51_37/2 "/>
</bind>
</comp>

<comp id="2272" class="1004" name="select_ln51_37_fu_2272">
<pin_list>
<pin id="2273" dir="0" index="0" bw="1" slack="0"/>
<pin id="2274" dir="0" index="1" bw="16" slack="1"/>
<pin id="2275" dir="0" index="2" bw="16" slack="0"/>
<pin id="2276" dir="1" index="3" bw="16" slack="1"/>
</pin_list>
<bind>
<opcode="select(49) " fcode="select"/>
<opset="select_ln51_37/2 "/>
</bind>
</comp>

<comp id="2279" class="1004" name="icmp_ln51_38_fu_2279">
<pin_list>
<pin id="2280" dir="0" index="0" bw="37" slack="1"/>
<pin id="2281" dir="0" index="1" bw="37" slack="0"/>
<pin id="2282" dir="1" index="2" bw="1" slack="0"/>
</pin_list>
<bind>
<opcode="icmp(45) " fcode="icmp"/>
<opset="icmp_ln51_38/2 "/>
</bind>
</comp>

<comp id="2284" class="1004" name="select_ln51_38_fu_2284">
<pin_list>
<pin id="2285" dir="0" index="0" bw="1" slack="0"/>
<pin id="2286" dir="0" index="1" bw="16" slack="1"/>
<pin id="2287" dir="0" index="2" bw="16" slack="0"/>
<pin id="2288" dir="1" index="3" bw="16" slack="1"/>
</pin_list>
<bind>
<opcode="select(49) " fcode="select"/>
<opset="select_ln51_38/2 "/>
</bind>
</comp>

<comp id="2291" class="1004" name="icmp_ln51_39_fu_2291">
<pin_list>
<pin id="2292" dir="0" index="0" bw="37" slack="1"/>
<pin id="2293" dir="0" index="1" bw="37" slack="0"/>
<pin id="2294" dir="1" index="2" bw="1" slack="0"/>
</pin_list>
<bind>
<opcode="icmp(45) " fcode="icmp"/>
<opset="icmp_ln51_39/2 "/>
</bind>
</comp>

<comp id="2296" class="1004" name="select_ln51_39_fu_2296">
<pin_list>
<pin id="2297" dir="0" index="0" bw="1" slack="0"/>
<pin id="2298" dir="0" index="1" bw="16" slack="1"/>
<pin id="2299" dir="0" index="2" bw="16" slack="0"/>
<pin id="2300" dir="1" index="3" bw="16" slack="1"/>
</pin_list>
<bind>
<opcode="select(49) " fcode="select"/>
<opset="select_ln51_39/2 "/>
</bind>
</comp>

<comp id="2303" class="1004" name="icmp_ln51_40_fu_2303">
<pin_list>
<pin id="2304" dir="0" index="0" bw="37" slack="1"/>
<pin id="2305" dir="0" index="1" bw="37" slack="0"/>
<pin id="2306" dir="1" index="2" bw="1" slack="0"/>
</pin_list>
<bind>
<opcode="icmp(45) " fcode="icmp"/>
<opset="icmp_ln51_40/2 "/>
</bind>
</comp>

<comp id="2308" class="1004" name="select_ln51_40_fu_2308">
<pin_list>
<pin id="2309" dir="0" index="0" bw="1" slack="0"/>
<pin id="2310" dir="0" index="1" bw="16" slack="1"/>
<pin id="2311" dir="0" index="2" bw="16" slack="0"/>
<pin id="2312" dir="1" index="3" bw="16" slack="1"/>
</pin_list>
<bind>
<opcode="select(49) " fcode="select"/>
<opset="select_ln51_40/2 "/>
</bind>
</comp>

<comp id="2315" class="1004" name="icmp_ln51_41_fu_2315">
<pin_list>
<pin id="2316" dir="0" index="0" bw="37" slack="1"/>
<pin id="2317" dir="0" index="1" bw="37" slack="0"/>
<pin id="2318" dir="1" index="2" bw="1" slack="0"/>
</pin_list>
<bind>
<opcode="icmp(45) " fcode="icmp"/>
<opset="icmp_ln51_41/2 "/>
</bind>
</comp>

<comp id="2320" class="1004" name="select_ln51_41_fu_2320">
<pin_list>
<pin id="2321" dir="0" index="0" bw="1" slack="0"/>
<pin id="2322" dir="0" index="1" bw="16" slack="1"/>
<pin id="2323" dir="0" index="2" bw="16" slack="0"/>
<pin id="2324" dir="1" index="3" bw="16" slack="1"/>
</pin_list>
<bind>
<opcode="select(49) " fcode="select"/>
<opset="select_ln51_41/2 "/>
</bind>
</comp>

<comp id="2327" class="1004" name="icmp_ln51_42_fu_2327">
<pin_list>
<pin id="2328" dir="0" index="0" bw="37" slack="1"/>
<pin id="2329" dir="0" index="1" bw="37" slack="0"/>
<pin id="2330" dir="1" index="2" bw="1" slack="0"/>
</pin_list>
<bind>
<opcode="icmp(45) " fcode="icmp"/>
<opset="icmp_ln51_42/2 "/>
</bind>
</comp>

<comp id="2332" class="1004" name="select_ln51_42_fu_2332">
<pin_list>
<pin id="2333" dir="0" index="0" bw="1" slack="0"/>
<pin id="2334" dir="0" index="1" bw="16" slack="1"/>
<pin id="2335" dir="0" index="2" bw="16" slack="0"/>
<pin id="2336" dir="1" index="3" bw="16" slack="1"/>
</pin_list>
<bind>
<opcode="select(49) " fcode="select"/>
<opset="select_ln51_42/2 "/>
</bind>
</comp>

<comp id="2339" class="1004" name="icmp_ln51_43_fu_2339">
<pin_list>
<pin id="2340" dir="0" index="0" bw="37" slack="1"/>
<pin id="2341" dir="0" index="1" bw="37" slack="0"/>
<pin id="2342" dir="1" index="2" bw="1" slack="0"/>
</pin_list>
<bind>
<opcode="icmp(45) " fcode="icmp"/>
<opset="icmp_ln51_43/2 "/>
</bind>
</comp>

<comp id="2344" class="1004" name="select_ln51_43_fu_2344">
<pin_list>
<pin id="2345" dir="0" index="0" bw="1" slack="0"/>
<pin id="2346" dir="0" index="1" bw="16" slack="1"/>
<pin id="2347" dir="0" index="2" bw="16" slack="0"/>
<pin id="2348" dir="1" index="3" bw="16" slack="1"/>
</pin_list>
<bind>
<opcode="select(49) " fcode="select"/>
<opset="select_ln51_43/2 "/>
</bind>
</comp>

<comp id="2351" class="1004" name="icmp_ln51_44_fu_2351">
<pin_list>
<pin id="2352" dir="0" index="0" bw="37" slack="1"/>
<pin id="2353" dir="0" index="1" bw="37" slack="0"/>
<pin id="2354" dir="1" index="2" bw="1" slack="0"/>
</pin_list>
<bind>
<opcode="icmp(45) " fcode="icmp"/>
<opset="icmp_ln51_44/2 "/>
</bind>
</comp>

<comp id="2356" class="1004" name="select_ln51_44_fu_2356">
<pin_list>
<pin id="2357" dir="0" index="0" bw="1" slack="0"/>
<pin id="2358" dir="0" index="1" bw="16" slack="1"/>
<pin id="2359" dir="0" index="2" bw="16" slack="0"/>
<pin id="2360" dir="1" index="3" bw="16" slack="1"/>
</pin_list>
<bind>
<opcode="select(49) " fcode="select"/>
<opset="select_ln51_44/2 "/>
</bind>
</comp>

<comp id="2363" class="1004" name="icmp_ln51_45_fu_2363">
<pin_list>
<pin id="2364" dir="0" index="0" bw="37" slack="1"/>
<pin id="2365" dir="0" index="1" bw="37" slack="0"/>
<pin id="2366" dir="1" index="2" bw="1" slack="0"/>
</pin_list>
<bind>
<opcode="icmp(45) " fcode="icmp"/>
<opset="icmp_ln51_45/2 "/>
</bind>
</comp>

<comp id="2368" class="1004" name="select_ln51_45_fu_2368">
<pin_list>
<pin id="2369" dir="0" index="0" bw="1" slack="0"/>
<pin id="2370" dir="0" index="1" bw="16" slack="1"/>
<pin id="2371" dir="0" index="2" bw="16" slack="0"/>
<pin id="2372" dir="1" index="3" bw="16" slack="1"/>
</pin_list>
<bind>
<opcode="select(49) " fcode="select"/>
<opset="select_ln51_45/2 "/>
</bind>
</comp>

<comp id="2375" class="1004" name="icmp_ln51_46_fu_2375">
<pin_list>
<pin id="2376" dir="0" index="0" bw="37" slack="1"/>
<pin id="2377" dir="0" index="1" bw="37" slack="0"/>
<pin id="2378" dir="1" index="2" bw="1" slack="0"/>
</pin_list>
<bind>
<opcode="icmp(45) " fcode="icmp"/>
<opset="icmp_ln51_46/2 "/>
</bind>
</comp>

<comp id="2380" class="1004" name="select_ln51_46_fu_2380">
<pin_list>
<pin id="2381" dir="0" index="0" bw="1" slack="0"/>
<pin id="2382" dir="0" index="1" bw="16" slack="1"/>
<pin id="2383" dir="0" index="2" bw="16" slack="0"/>
<pin id="2384" dir="1" index="3" bw="16" slack="1"/>
</pin_list>
<bind>
<opcode="select(49) " fcode="select"/>
<opset="select_ln51_46/2 "/>
</bind>
</comp>

<comp id="2387" class="1004" name="icmp_ln51_47_fu_2387">
<pin_list>
<pin id="2388" dir="0" index="0" bw="37" slack="1"/>
<pin id="2389" dir="0" index="1" bw="37" slack="0"/>
<pin id="2390" dir="1" index="2" bw="1" slack="0"/>
</pin_list>
<bind>
<opcode="icmp(45) " fcode="icmp"/>
<opset="icmp_ln51_47/2 "/>
</bind>
</comp>

<comp id="2392" class="1004" name="select_ln51_47_fu_2392">
<pin_list>
<pin id="2393" dir="0" index="0" bw="1" slack="0"/>
<pin id="2394" dir="0" index="1" bw="16" slack="1"/>
<pin id="2395" dir="0" index="2" bw="16" slack="0"/>
<pin id="2396" dir="1" index="3" bw="16" slack="1"/>
</pin_list>
<bind>
<opcode="select(49) " fcode="select"/>
<opset="select_ln51_47/2 "/>
</bind>
</comp>

<comp id="2399" class="1004" name="icmp_ln51_48_fu_2399">
<pin_list>
<pin id="2400" dir="0" index="0" bw="37" slack="1"/>
<pin id="2401" dir="0" index="1" bw="37" slack="0"/>
<pin id="2402" dir="1" index="2" bw="1" slack="0"/>
</pin_list>
<bind>
<opcode="icmp(45) " fcode="icmp"/>
<opset="icmp_ln51_48/2 "/>
</bind>
</comp>

<comp id="2404" class="1004" name="select_ln51_48_fu_2404">
<pin_list>
<pin id="2405" dir="0" index="0" bw="1" slack="0"/>
<pin id="2406" dir="0" index="1" bw="16" slack="1"/>
<pin id="2407" dir="0" index="2" bw="16" slack="0"/>
<pin id="2408" dir="1" index="3" bw="16" slack="1"/>
</pin_list>
<bind>
<opcode="select(49) " fcode="select"/>
<opset="select_ln51_48/2 "/>
</bind>
</comp>

<comp id="2411" class="1004" name="icmp_ln51_49_fu_2411">
<pin_list>
<pin id="2412" dir="0" index="0" bw="37" slack="1"/>
<pin id="2413" dir="0" index="1" bw="37" slack="0"/>
<pin id="2414" dir="1" index="2" bw="1" slack="0"/>
</pin_list>
<bind>
<opcode="icmp(45) " fcode="icmp"/>
<opset="icmp_ln51_49/2 "/>
</bind>
</comp>

<comp id="2416" class="1004" name="select_ln51_49_fu_2416">
<pin_list>
<pin id="2417" dir="0" index="0" bw="1" slack="0"/>
<pin id="2418" dir="0" index="1" bw="16" slack="1"/>
<pin id="2419" dir="0" index="2" bw="16" slack="0"/>
<pin id="2420" dir="1" index="3" bw="16" slack="1"/>
</pin_list>
<bind>
<opcode="select(49) " fcode="select"/>
<opset="select_ln51_49/2 "/>
</bind>
</comp>

<comp id="2423" class="1004" name="icmp_ln51_50_fu_2423">
<pin_list>
<pin id="2424" dir="0" index="0" bw="37" slack="1"/>
<pin id="2425" dir="0" index="1" bw="37" slack="0"/>
<pin id="2426" dir="1" index="2" bw="1" slack="0"/>
</pin_list>
<bind>
<opcode="icmp(45) " fcode="icmp"/>
<opset="icmp_ln51_50/2 "/>
</bind>
</comp>

<comp id="2428" class="1004" name="select_ln51_50_fu_2428">
<pin_list>
<pin id="2429" dir="0" index="0" bw="1" slack="0"/>
<pin id="2430" dir="0" index="1" bw="16" slack="1"/>
<pin id="2431" dir="0" index="2" bw="16" slack="0"/>
<pin id="2432" dir="1" index="3" bw="16" slack="1"/>
</pin_list>
<bind>
<opcode="select(49) " fcode="select"/>
<opset="select_ln51_50/2 "/>
</bind>
</comp>

<comp id="2435" class="1004" name="icmp_ln51_51_fu_2435">
<pin_list>
<pin id="2436" dir="0" index="0" bw="37" slack="1"/>
<pin id="2437" dir="0" index="1" bw="37" slack="0"/>
<pin id="2438" dir="1" index="2" bw="1" slack="0"/>
</pin_list>
<bind>
<opcode="icmp(45) " fcode="icmp"/>
<opset="icmp_ln51_51/2 "/>
</bind>
</comp>

<comp id="2440" class="1004" name="select_ln51_51_fu_2440">
<pin_list>
<pin id="2441" dir="0" index="0" bw="1" slack="0"/>
<pin id="2442" dir="0" index="1" bw="16" slack="1"/>
<pin id="2443" dir="0" index="2" bw="16" slack="0"/>
<pin id="2444" dir="1" index="3" bw="16" slack="1"/>
</pin_list>
<bind>
<opcode="select(49) " fcode="select"/>
<opset="select_ln51_51/2 "/>
</bind>
</comp>

<comp id="2447" class="1004" name="icmp_ln51_52_fu_2447">
<pin_list>
<pin id="2448" dir="0" index="0" bw="37" slack="1"/>
<pin id="2449" dir="0" index="1" bw="37" slack="0"/>
<pin id="2450" dir="1" index="2" bw="1" slack="0"/>
</pin_list>
<bind>
<opcode="icmp(45) " fcode="icmp"/>
<opset="icmp_ln51_52/2 "/>
</bind>
</comp>

<comp id="2452" class="1004" name="select_ln51_52_fu_2452">
<pin_list>
<pin id="2453" dir="0" index="0" bw="1" slack="0"/>
<pin id="2454" dir="0" index="1" bw="16" slack="1"/>
<pin id="2455" dir="0" index="2" bw="16" slack="0"/>
<pin id="2456" dir="1" index="3" bw="16" slack="1"/>
</pin_list>
<bind>
<opcode="select(49) " fcode="select"/>
<opset="select_ln51_52/2 "/>
</bind>
</comp>

<comp id="2459" class="1004" name="icmp_ln51_53_fu_2459">
<pin_list>
<pin id="2460" dir="0" index="0" bw="37" slack="1"/>
<pin id="2461" dir="0" index="1" bw="37" slack="0"/>
<pin id="2462" dir="1" index="2" bw="1" slack="0"/>
</pin_list>
<bind>
<opcode="icmp(45) " fcode="icmp"/>
<opset="icmp_ln51_53/2 "/>
</bind>
</comp>

<comp id="2464" class="1004" name="select_ln51_53_fu_2464">
<pin_list>
<pin id="2465" dir="0" index="0" bw="1" slack="0"/>
<pin id="2466" dir="0" index="1" bw="16" slack="1"/>
<pin id="2467" dir="0" index="2" bw="16" slack="0"/>
<pin id="2468" dir="1" index="3" bw="16" slack="1"/>
</pin_list>
<bind>
<opcode="select(49) " fcode="select"/>
<opset="select_ln51_53/2 "/>
</bind>
</comp>

<comp id="2471" class="1004" name="icmp_ln51_54_fu_2471">
<pin_list>
<pin id="2472" dir="0" index="0" bw="37" slack="1"/>
<pin id="2473" dir="0" index="1" bw="37" slack="0"/>
<pin id="2474" dir="1" index="2" bw="1" slack="0"/>
</pin_list>
<bind>
<opcode="icmp(45) " fcode="icmp"/>
<opset="icmp_ln51_54/2 "/>
</bind>
</comp>

<comp id="2476" class="1004" name="select_ln51_54_fu_2476">
<pin_list>
<pin id="2477" dir="0" index="0" bw="1" slack="0"/>
<pin id="2478" dir="0" index="1" bw="16" slack="1"/>
<pin id="2479" dir="0" index="2" bw="16" slack="0"/>
<pin id="2480" dir="1" index="3" bw="16" slack="1"/>
</pin_list>
<bind>
<opcode="select(49) " fcode="select"/>
<opset="select_ln51_54/2 "/>
</bind>
</comp>

<comp id="2483" class="1004" name="icmp_ln51_55_fu_2483">
<pin_list>
<pin id="2484" dir="0" index="0" bw="37" slack="1"/>
<pin id="2485" dir="0" index="1" bw="37" slack="0"/>
<pin id="2486" dir="1" index="2" bw="1" slack="0"/>
</pin_list>
<bind>
<opcode="icmp(45) " fcode="icmp"/>
<opset="icmp_ln51_55/2 "/>
</bind>
</comp>

<comp id="2488" class="1004" name="select_ln51_55_fu_2488">
<pin_list>
<pin id="2489" dir="0" index="0" bw="1" slack="0"/>
<pin id="2490" dir="0" index="1" bw="16" slack="1"/>
<pin id="2491" dir="0" index="2" bw="16" slack="0"/>
<pin id="2492" dir="1" index="3" bw="16" slack="1"/>
</pin_list>
<bind>
<opcode="select(49) " fcode="select"/>
<opset="select_ln51_55/2 "/>
</bind>
</comp>

<comp id="2495" class="1004" name="icmp_ln51_56_fu_2495">
<pin_list>
<pin id="2496" dir="0" index="0" bw="37" slack="1"/>
<pin id="2497" dir="0" index="1" bw="37" slack="0"/>
<pin id="2498" dir="1" index="2" bw="1" slack="0"/>
</pin_list>
<bind>
<opcode="icmp(45) " fcode="icmp"/>
<opset="icmp_ln51_56/2 "/>
</bind>
</comp>

<comp id="2500" class="1004" name="select_ln51_56_fu_2500">
<pin_list>
<pin id="2501" dir="0" index="0" bw="1" slack="0"/>
<pin id="2502" dir="0" index="1" bw="16" slack="1"/>
<pin id="2503" dir="0" index="2" bw="16" slack="0"/>
<pin id="2504" dir="1" index="3" bw="16" slack="1"/>
</pin_list>
<bind>
<opcode="select(49) " fcode="select"/>
<opset="select_ln51_56/2 "/>
</bind>
</comp>

<comp id="2507" class="1004" name="icmp_ln51_57_fu_2507">
<pin_list>
<pin id="2508" dir="0" index="0" bw="37" slack="1"/>
<pin id="2509" dir="0" index="1" bw="37" slack="0"/>
<pin id="2510" dir="1" index="2" bw="1" slack="0"/>
</pin_list>
<bind>
<opcode="icmp(45) " fcode="icmp"/>
<opset="icmp_ln51_57/2 "/>
</bind>
</comp>

<comp id="2512" class="1004" name="select_ln51_57_fu_2512">
<pin_list>
<pin id="2513" dir="0" index="0" bw="1" slack="0"/>
<pin id="2514" dir="0" index="1" bw="16" slack="1"/>
<pin id="2515" dir="0" index="2" bw="16" slack="0"/>
<pin id="2516" dir="1" index="3" bw="16" slack="1"/>
</pin_list>
<bind>
<opcode="select(49) " fcode="select"/>
<opset="select_ln51_57/2 "/>
</bind>
</comp>

<comp id="2519" class="1004" name="icmp_ln51_58_fu_2519">
<pin_list>
<pin id="2520" dir="0" index="0" bw="37" slack="1"/>
<pin id="2521" dir="0" index="1" bw="37" slack="0"/>
<pin id="2522" dir="1" index="2" bw="1" slack="0"/>
</pin_list>
<bind>
<opcode="icmp(45) " fcode="icmp"/>
<opset="icmp_ln51_58/2 "/>
</bind>
</comp>

<comp id="2524" class="1004" name="select_ln51_58_fu_2524">
<pin_list>
<pin id="2525" dir="0" index="0" bw="1" slack="0"/>
<pin id="2526" dir="0" index="1" bw="16" slack="1"/>
<pin id="2527" dir="0" index="2" bw="16" slack="0"/>
<pin id="2528" dir="1" index="3" bw="16" slack="1"/>
</pin_list>
<bind>
<opcode="select(49) " fcode="select"/>
<opset="select_ln51_58/2 "/>
</bind>
</comp>

<comp id="2531" class="1004" name="icmp_ln51_59_fu_2531">
<pin_list>
<pin id="2532" dir="0" index="0" bw="37" slack="1"/>
<pin id="2533" dir="0" index="1" bw="37" slack="0"/>
<pin id="2534" dir="1" index="2" bw="1" slack="0"/>
</pin_list>
<bind>
<opcode="icmp(45) " fcode="icmp"/>
<opset="icmp_ln51_59/2 "/>
</bind>
</comp>

<comp id="2536" class="1004" name="select_ln51_59_fu_2536">
<pin_list>
<pin id="2537" dir="0" index="0" bw="1" slack="0"/>
<pin id="2538" dir="0" index="1" bw="16" slack="1"/>
<pin id="2539" dir="0" index="2" bw="16" slack="0"/>
<pin id="2540" dir="1" index="3" bw="16" slack="1"/>
</pin_list>
<bind>
<opcode="select(49) " fcode="select"/>
<opset="select_ln51_59/2 "/>
</bind>
</comp>

<comp id="2543" class="1004" name="icmp_ln51_60_fu_2543">
<pin_list>
<pin id="2544" dir="0" index="0" bw="37" slack="1"/>
<pin id="2545" dir="0" index="1" bw="37" slack="0"/>
<pin id="2546" dir="1" index="2" bw="1" slack="0"/>
</pin_list>
<bind>
<opcode="icmp(45) " fcode="icmp"/>
<opset="icmp_ln51_60/2 "/>
</bind>
</comp>

<comp id="2548" class="1004" name="select_ln51_60_fu_2548">
<pin_list>
<pin id="2549" dir="0" index="0" bw="1" slack="0"/>
<pin id="2550" dir="0" index="1" bw="16" slack="1"/>
<pin id="2551" dir="0" index="2" bw="16" slack="0"/>
<pin id="2552" dir="1" index="3" bw="16" slack="1"/>
</pin_list>
<bind>
<opcode="select(49) " fcode="select"/>
<opset="select_ln51_60/2 "/>
</bind>
</comp>

<comp id="2555" class="1004" name="icmp_ln51_61_fu_2555">
<pin_list>
<pin id="2556" dir="0" index="0" bw="37" slack="1"/>
<pin id="2557" dir="0" index="1" bw="37" slack="0"/>
<pin id="2558" dir="1" index="2" bw="1" slack="0"/>
</pin_list>
<bind>
<opcode="icmp(45) " fcode="icmp"/>
<opset="icmp_ln51_61/2 "/>
</bind>
</comp>

<comp id="2560" class="1004" name="select_ln51_61_fu_2560">
<pin_list>
<pin id="2561" dir="0" index="0" bw="1" slack="0"/>
<pin id="2562" dir="0" index="1" bw="16" slack="1"/>
<pin id="2563" dir="0" index="2" bw="16" slack="0"/>
<pin id="2564" dir="1" index="3" bw="16" slack="1"/>
</pin_list>
<bind>
<opcode="select(49) " fcode="select"/>
<opset="select_ln51_61/2 "/>
</bind>
</comp>

<comp id="2567" class="1004" name="icmp_ln51_62_fu_2567">
<pin_list>
<pin id="2568" dir="0" index="0" bw="37" slack="1"/>
<pin id="2569" dir="0" index="1" bw="37" slack="0"/>
<pin id="2570" dir="1" index="2" bw="1" slack="0"/>
</pin_list>
<bind>
<opcode="icmp(45) " fcode="icmp"/>
<opset="icmp_ln51_62/2 "/>
</bind>
</comp>

<comp id="2572" class="1004" name="select_ln51_62_fu_2572">
<pin_list>
<pin id="2573" dir="0" index="0" bw="1" slack="0"/>
<pin id="2574" dir="0" index="1" bw="16" slack="1"/>
<pin id="2575" dir="0" index="2" bw="16" slack="0"/>
<pin id="2576" dir="1" index="3" bw="16" slack="1"/>
</pin_list>
<bind>
<opcode="select(49) " fcode="select"/>
<opset="select_ln51_62/2 "/>
</bind>
</comp>

<comp id="2579" class="1004" name="icmp_ln51_63_fu_2579">
<pin_list>
<pin id="2580" dir="0" index="0" bw="37" slack="1"/>
<pin id="2581" dir="0" index="1" bw="37" slack="0"/>
<pin id="2582" dir="1" index="2" bw="1" slack="0"/>
</pin_list>
<bind>
<opcode="icmp(45) " fcode="icmp"/>
<opset="icmp_ln51_63/2 "/>
</bind>
</comp>

<comp id="2584" class="1004" name="select_ln51_63_fu_2584">
<pin_list>
<pin id="2585" dir="0" index="0" bw="1" slack="0"/>
<pin id="2586" dir="0" index="1" bw="16" slack="1"/>
<pin id="2587" dir="0" index="2" bw="16" slack="0"/>
<pin id="2588" dir="1" index="3" bw="16" slack="1"/>
</pin_list>
<bind>
<opcode="select(49) " fcode="select"/>
<opset="select_ln51_63/2 "/>
</bind>
</comp>

<comp id="2591" class="1004" name="p_s_fu_2591">
<pin_list>
<pin id="2592" dir="0" index="0" bw="1024" slack="0"/>
<pin id="2593" dir="0" index="1" bw="16" slack="1"/>
<pin id="2594" dir="0" index="2" bw="16" slack="1"/>
<pin id="2595" dir="0" index="3" bw="16" slack="1"/>
<pin id="2596" dir="0" index="4" bw="16" slack="1"/>
<pin id="2597" dir="0" index="5" bw="16" slack="1"/>
<pin id="2598" dir="0" index="6" bw="16" slack="1"/>
<pin id="2599" dir="0" index="7" bw="16" slack="1"/>
<pin id="2600" dir="0" index="8" bw="16" slack="1"/>
<pin id="2601" dir="0" index="9" bw="16" slack="1"/>
<pin id="2602" dir="0" index="10" bw="16" slack="1"/>
<pin id="2603" dir="0" index="11" bw="16" slack="1"/>
<pin id="2604" dir="0" index="12" bw="16" slack="1"/>
<pin id="2605" dir="0" index="13" bw="16" slack="1"/>
<pin id="2606" dir="0" index="14" bw="16" slack="1"/>
<pin id="2607" dir="0" index="15" bw="16" slack="1"/>
<pin id="2608" dir="0" index="16" bw="16" slack="1"/>
<pin id="2609" dir="0" index="17" bw="16" slack="1"/>
<pin id="2610" dir="0" index="18" bw="16" slack="1"/>
<pin id="2611" dir="0" index="19" bw="16" slack="1"/>
<pin id="2612" dir="0" index="20" bw="16" slack="1"/>
<pin id="2613" dir="0" index="21" bw="16" slack="1"/>
<pin id="2614" dir="0" index="22" bw="16" slack="1"/>
<pin id="2615" dir="0" index="23" bw="16" slack="1"/>
<pin id="2616" dir="0" index="24" bw="16" slack="1"/>
<pin id="2617" dir="0" index="25" bw="16" slack="1"/>
<pin id="2618" dir="0" index="26" bw="16" slack="1"/>
<pin id="2619" dir="0" index="27" bw="16" slack="1"/>
<pin id="2620" dir="0" index="28" bw="16" slack="1"/>
<pin id="2621" dir="0" index="29" bw="16" slack="1"/>
<pin id="2622" dir="0" index="30" bw="16" slack="1"/>
<pin id="2623" dir="0" index="31" bw="16" slack="1"/>
<pin id="2624" dir="0" index="32" bw="16" slack="1"/>
<pin id="2625" dir="0" index="33" bw="16" slack="1"/>
<pin id="2626" dir="0" index="34" bw="16" slack="1"/>
<pin id="2627" dir="0" index="35" bw="16" slack="1"/>
<pin id="2628" dir="0" index="36" bw="16" slack="1"/>
<pin id="2629" dir="0" index="37" bw="16" slack="1"/>
<pin id="2630" dir="0" index="38" bw="16" slack="1"/>
<pin id="2631" dir="0" index="39" bw="16" slack="1"/>
<pin id="2632" dir="0" index="40" bw="16" slack="1"/>
<pin id="2633" dir="0" index="41" bw="16" slack="1"/>
<pin id="2634" dir="0" index="42" bw="16" slack="1"/>
<pin id="2635" dir="0" index="43" bw="16" slack="1"/>
<pin id="2636" dir="0" index="44" bw="16" slack="1"/>
<pin id="2637" dir="0" index="45" bw="16" slack="1"/>
<pin id="2638" dir="0" index="46" bw="16" slack="1"/>
<pin id="2639" dir="0" index="47" bw="16" slack="1"/>
<pin id="2640" dir="0" index="48" bw="16" slack="1"/>
<pin id="2641" dir="0" index="49" bw="16" slack="1"/>
<pin id="2642" dir="0" index="50" bw="16" slack="1"/>
<pin id="2643" dir="0" index="51" bw="16" slack="1"/>
<pin id="2644" dir="0" index="52" bw="16" slack="1"/>
<pin id="2645" dir="0" index="53" bw="16" slack="1"/>
<pin id="2646" dir="0" index="54" bw="16" slack="1"/>
<pin id="2647" dir="0" index="55" bw="16" slack="1"/>
<pin id="2648" dir="0" index="56" bw="16" slack="1"/>
<pin id="2649" dir="0" index="57" bw="16" slack="1"/>
<pin id="2650" dir="0" index="58" bw="16" slack="1"/>
<pin id="2651" dir="0" index="59" bw="16" slack="1"/>
<pin id="2652" dir="0" index="60" bw="16" slack="1"/>
<pin id="2653" dir="0" index="61" bw="16" slack="1"/>
<pin id="2654" dir="0" index="62" bw="16" slack="1"/>
<pin id="2655" dir="0" index="63" bw="16" slack="1"/>
<pin id="2656" dir="0" index="64" bw="16" slack="1"/>
<pin id="2657" dir="1" index="65" bw="1024" slack="0"/>
</pin_list>
<bind>
<opcode="bitconcatenate(1004) " fcode="bitconcatenate"/>
<opset="p_s/3 "/>
</bind>
</comp>

<comp id="2660" class="1005" name="trunc_ln44_reg_2660">
<pin_list>
<pin id="2661" dir="0" index="0" bw="37" slack="1"/>
<pin id="2662" dir="1" index="1" bw="37" slack="1"/>
</pin_list>
<bind>
<opset="trunc_ln44 "/>
</bind>
</comp>

<comp id="2665" class="1005" name="trunc_ln44_s_reg_2665">
<pin_list>
<pin id="2666" dir="0" index="0" bw="37" slack="1"/>
<pin id="2667" dir="1" index="1" bw="37" slack="1"/>
</pin_list>
<bind>
<opset="trunc_ln44_s "/>
</bind>
</comp>

<comp id="2670" class="1005" name="trunc_ln44_1_reg_2670">
<pin_list>
<pin id="2671" dir="0" index="0" bw="37" slack="1"/>
<pin id="2672" dir="1" index="1" bw="37" slack="1"/>
</pin_list>
<bind>
<opset="trunc_ln44_1 "/>
</bind>
</comp>

<comp id="2675" class="1005" name="trunc_ln44_2_reg_2675">
<pin_list>
<pin id="2676" dir="0" index="0" bw="37" slack="1"/>
<pin id="2677" dir="1" index="1" bw="37" slack="1"/>
</pin_list>
<bind>
<opset="trunc_ln44_2 "/>
</bind>
</comp>

<comp id="2680" class="1005" name="trunc_ln44_3_reg_2680">
<pin_list>
<pin id="2681" dir="0" index="0" bw="37" slack="1"/>
<pin id="2682" dir="1" index="1" bw="37" slack="1"/>
</pin_list>
<bind>
<opset="trunc_ln44_3 "/>
</bind>
</comp>

<comp id="2685" class="1005" name="trunc_ln44_4_reg_2685">
<pin_list>
<pin id="2686" dir="0" index="0" bw="37" slack="1"/>
<pin id="2687" dir="1" index="1" bw="37" slack="1"/>
</pin_list>
<bind>
<opset="trunc_ln44_4 "/>
</bind>
</comp>

<comp id="2690" class="1005" name="trunc_ln44_5_reg_2690">
<pin_list>
<pin id="2691" dir="0" index="0" bw="37" slack="1"/>
<pin id="2692" dir="1" index="1" bw="37" slack="1"/>
</pin_list>
<bind>
<opset="trunc_ln44_5 "/>
</bind>
</comp>

<comp id="2695" class="1005" name="trunc_ln44_6_reg_2695">
<pin_list>
<pin id="2696" dir="0" index="0" bw="37" slack="1"/>
<pin id="2697" dir="1" index="1" bw="37" slack="1"/>
</pin_list>
<bind>
<opset="trunc_ln44_6 "/>
</bind>
</comp>

<comp id="2700" class="1005" name="trunc_ln44_7_reg_2700">
<pin_list>
<pin id="2701" dir="0" index="0" bw="37" slack="1"/>
<pin id="2702" dir="1" index="1" bw="37" slack="1"/>
</pin_list>
<bind>
<opset="trunc_ln44_7 "/>
</bind>
</comp>

<comp id="2705" class="1005" name="trunc_ln44_8_reg_2705">
<pin_list>
<pin id="2706" dir="0" index="0" bw="37" slack="1"/>
<pin id="2707" dir="1" index="1" bw="37" slack="1"/>
</pin_list>
<bind>
<opset="trunc_ln44_8 "/>
</bind>
</comp>

<comp id="2710" class="1005" name="trunc_ln44_9_reg_2710">
<pin_list>
<pin id="2711" dir="0" index="0" bw="37" slack="1"/>
<pin id="2712" dir="1" index="1" bw="37" slack="1"/>
</pin_list>
<bind>
<opset="trunc_ln44_9 "/>
</bind>
</comp>

<comp id="2715" class="1005" name="trunc_ln44_10_reg_2715">
<pin_list>
<pin id="2716" dir="0" index="0" bw="37" slack="1"/>
<pin id="2717" dir="1" index="1" bw="37" slack="1"/>
</pin_list>
<bind>
<opset="trunc_ln44_10 "/>
</bind>
</comp>

<comp id="2720" class="1005" name="trunc_ln44_11_reg_2720">
<pin_list>
<pin id="2721" dir="0" index="0" bw="37" slack="1"/>
<pin id="2722" dir="1" index="1" bw="37" slack="1"/>
</pin_list>
<bind>
<opset="trunc_ln44_11 "/>
</bind>
</comp>

<comp id="2725" class="1005" name="trunc_ln44_12_reg_2725">
<pin_list>
<pin id="2726" dir="0" index="0" bw="37" slack="1"/>
<pin id="2727" dir="1" index="1" bw="37" slack="1"/>
</pin_list>
<bind>
<opset="trunc_ln44_12 "/>
</bind>
</comp>

<comp id="2730" class="1005" name="trunc_ln44_13_reg_2730">
<pin_list>
<pin id="2731" dir="0" index="0" bw="37" slack="1"/>
<pin id="2732" dir="1" index="1" bw="37" slack="1"/>
</pin_list>
<bind>
<opset="trunc_ln44_13 "/>
</bind>
</comp>

<comp id="2735" class="1005" name="trunc_ln44_14_reg_2735">
<pin_list>
<pin id="2736" dir="0" index="0" bw="37" slack="1"/>
<pin id="2737" dir="1" index="1" bw="37" slack="1"/>
</pin_list>
<bind>
<opset="trunc_ln44_14 "/>
</bind>
</comp>

<comp id="2740" class="1005" name="trunc_ln44_15_reg_2740">
<pin_list>
<pin id="2741" dir="0" index="0" bw="37" slack="1"/>
<pin id="2742" dir="1" index="1" bw="37" slack="1"/>
</pin_list>
<bind>
<opset="trunc_ln44_15 "/>
</bind>
</comp>

<comp id="2745" class="1005" name="trunc_ln44_16_reg_2745">
<pin_list>
<pin id="2746" dir="0" index="0" bw="37" slack="1"/>
<pin id="2747" dir="1" index="1" bw="37" slack="1"/>
</pin_list>
<bind>
<opset="trunc_ln44_16 "/>
</bind>
</comp>

<comp id="2750" class="1005" name="trunc_ln44_17_reg_2750">
<pin_list>
<pin id="2751" dir="0" index="0" bw="37" slack="1"/>
<pin id="2752" dir="1" index="1" bw="37" slack="1"/>
</pin_list>
<bind>
<opset="trunc_ln44_17 "/>
</bind>
</comp>

<comp id="2755" class="1005" name="trunc_ln44_18_reg_2755">
<pin_list>
<pin id="2756" dir="0" index="0" bw="37" slack="1"/>
<pin id="2757" dir="1" index="1" bw="37" slack="1"/>
</pin_list>
<bind>
<opset="trunc_ln44_18 "/>
</bind>
</comp>

<comp id="2760" class="1005" name="trunc_ln44_19_reg_2760">
<pin_list>
<pin id="2761" dir="0" index="0" bw="37" slack="1"/>
<pin id="2762" dir="1" index="1" bw="37" slack="1"/>
</pin_list>
<bind>
<opset="trunc_ln44_19 "/>
</bind>
</comp>

<comp id="2765" class="1005" name="trunc_ln44_20_reg_2765">
<pin_list>
<pin id="2766" dir="0" index="0" bw="37" slack="1"/>
<pin id="2767" dir="1" index="1" bw="37" slack="1"/>
</pin_list>
<bind>
<opset="trunc_ln44_20 "/>
</bind>
</comp>

<comp id="2770" class="1005" name="trunc_ln44_21_reg_2770">
<pin_list>
<pin id="2771" dir="0" index="0" bw="37" slack="1"/>
<pin id="2772" dir="1" index="1" bw="37" slack="1"/>
</pin_list>
<bind>
<opset="trunc_ln44_21 "/>
</bind>
</comp>

<comp id="2775" class="1005" name="trunc_ln44_22_reg_2775">
<pin_list>
<pin id="2776" dir="0" index="0" bw="37" slack="1"/>
<pin id="2777" dir="1" index="1" bw="37" slack="1"/>
</pin_list>
<bind>
<opset="trunc_ln44_22 "/>
</bind>
</comp>

<comp id="2780" class="1005" name="trunc_ln44_23_reg_2780">
<pin_list>
<pin id="2781" dir="0" index="0" bw="37" slack="1"/>
<pin id="2782" dir="1" index="1" bw="37" slack="1"/>
</pin_list>
<bind>
<opset="trunc_ln44_23 "/>
</bind>
</comp>

<comp id="2785" class="1005" name="trunc_ln44_24_reg_2785">
<pin_list>
<pin id="2786" dir="0" index="0" bw="37" slack="1"/>
<pin id="2787" dir="1" index="1" bw="37" slack="1"/>
</pin_list>
<bind>
<opset="trunc_ln44_24 "/>
</bind>
</comp>

<comp id="2790" class="1005" name="trunc_ln44_25_reg_2790">
<pin_list>
<pin id="2791" dir="0" index="0" bw="37" slack="1"/>
<pin id="2792" dir="1" index="1" bw="37" slack="1"/>
</pin_list>
<bind>
<opset="trunc_ln44_25 "/>
</bind>
</comp>

<comp id="2795" class="1005" name="trunc_ln44_26_reg_2795">
<pin_list>
<pin id="2796" dir="0" index="0" bw="37" slack="1"/>
<pin id="2797" dir="1" index="1" bw="37" slack="1"/>
</pin_list>
<bind>
<opset="trunc_ln44_26 "/>
</bind>
</comp>

<comp id="2800" class="1005" name="trunc_ln44_27_reg_2800">
<pin_list>
<pin id="2801" dir="0" index="0" bw="37" slack="1"/>
<pin id="2802" dir="1" index="1" bw="37" slack="1"/>
</pin_list>
<bind>
<opset="trunc_ln44_27 "/>
</bind>
</comp>

<comp id="2805" class="1005" name="trunc_ln44_28_reg_2805">
<pin_list>
<pin id="2806" dir="0" index="0" bw="37" slack="1"/>
<pin id="2807" dir="1" index="1" bw="37" slack="1"/>
</pin_list>
<bind>
<opset="trunc_ln44_28 "/>
</bind>
</comp>

<comp id="2810" class="1005" name="trunc_ln44_29_reg_2810">
<pin_list>
<pin id="2811" dir="0" index="0" bw="37" slack="1"/>
<pin id="2812" dir="1" index="1" bw="37" slack="1"/>
</pin_list>
<bind>
<opset="trunc_ln44_29 "/>
</bind>
</comp>

<comp id="2815" class="1005" name="trunc_ln44_30_reg_2815">
<pin_list>
<pin id="2816" dir="0" index="0" bw="37" slack="1"/>
<pin id="2817" dir="1" index="1" bw="37" slack="1"/>
</pin_list>
<bind>
<opset="trunc_ln44_30 "/>
</bind>
</comp>

<comp id="2820" class="1005" name="trunc_ln44_31_reg_2820">
<pin_list>
<pin id="2821" dir="0" index="0" bw="37" slack="1"/>
<pin id="2822" dir="1" index="1" bw="37" slack="1"/>
</pin_list>
<bind>
<opset="trunc_ln44_31 "/>
</bind>
</comp>

<comp id="2825" class="1005" name="trunc_ln44_32_reg_2825">
<pin_list>
<pin id="2826" dir="0" index="0" bw="37" slack="1"/>
<pin id="2827" dir="1" index="1" bw="37" slack="1"/>
</pin_list>
<bind>
<opset="trunc_ln44_32 "/>
</bind>
</comp>

<comp id="2830" class="1005" name="trunc_ln44_33_reg_2830">
<pin_list>
<pin id="2831" dir="0" index="0" bw="37" slack="1"/>
<pin id="2832" dir="1" index="1" bw="37" slack="1"/>
</pin_list>
<bind>
<opset="trunc_ln44_33 "/>
</bind>
</comp>

<comp id="2835" class="1005" name="trunc_ln44_34_reg_2835">
<pin_list>
<pin id="2836" dir="0" index="0" bw="37" slack="1"/>
<pin id="2837" dir="1" index="1" bw="37" slack="1"/>
</pin_list>
<bind>
<opset="trunc_ln44_34 "/>
</bind>
</comp>

<comp id="2840" class="1005" name="trunc_ln44_35_reg_2840">
<pin_list>
<pin id="2841" dir="0" index="0" bw="37" slack="1"/>
<pin id="2842" dir="1" index="1" bw="37" slack="1"/>
</pin_list>
<bind>
<opset="trunc_ln44_35 "/>
</bind>
</comp>

<comp id="2845" class="1005" name="trunc_ln44_36_reg_2845">
<pin_list>
<pin id="2846" dir="0" index="0" bw="37" slack="1"/>
<pin id="2847" dir="1" index="1" bw="37" slack="1"/>
</pin_list>
<bind>
<opset="trunc_ln44_36 "/>
</bind>
</comp>

<comp id="2850" class="1005" name="trunc_ln44_37_reg_2850">
<pin_list>
<pin id="2851" dir="0" index="0" bw="37" slack="1"/>
<pin id="2852" dir="1" index="1" bw="37" slack="1"/>
</pin_list>
<bind>
<opset="trunc_ln44_37 "/>
</bind>
</comp>

<comp id="2855" class="1005" name="trunc_ln44_38_reg_2855">
<pin_list>
<pin id="2856" dir="0" index="0" bw="37" slack="1"/>
<pin id="2857" dir="1" index="1" bw="37" slack="1"/>
</pin_list>
<bind>
<opset="trunc_ln44_38 "/>
</bind>
</comp>

<comp id="2860" class="1005" name="trunc_ln44_39_reg_2860">
<pin_list>
<pin id="2861" dir="0" index="0" bw="37" slack="1"/>
<pin id="2862" dir="1" index="1" bw="37" slack="1"/>
</pin_list>
<bind>
<opset="trunc_ln44_39 "/>
</bind>
</comp>

<comp id="2865" class="1005" name="trunc_ln44_40_reg_2865">
<pin_list>
<pin id="2866" dir="0" index="0" bw="37" slack="1"/>
<pin id="2867" dir="1" index="1" bw="37" slack="1"/>
</pin_list>
<bind>
<opset="trunc_ln44_40 "/>
</bind>
</comp>

<comp id="2870" class="1005" name="trunc_ln44_41_reg_2870">
<pin_list>
<pin id="2871" dir="0" index="0" bw="37" slack="1"/>
<pin id="2872" dir="1" index="1" bw="37" slack="1"/>
</pin_list>
<bind>
<opset="trunc_ln44_41 "/>
</bind>
</comp>

<comp id="2875" class="1005" name="trunc_ln44_42_reg_2875">
<pin_list>
<pin id="2876" dir="0" index="0" bw="37" slack="1"/>
<pin id="2877" dir="1" index="1" bw="37" slack="1"/>
</pin_list>
<bind>
<opset="trunc_ln44_42 "/>
</bind>
</comp>

<comp id="2880" class="1005" name="trunc_ln44_43_reg_2880">
<pin_list>
<pin id="2881" dir="0" index="0" bw="37" slack="1"/>
<pin id="2882" dir="1" index="1" bw="37" slack="1"/>
</pin_list>
<bind>
<opset="trunc_ln44_43 "/>
</bind>
</comp>

<comp id="2885" class="1005" name="trunc_ln44_44_reg_2885">
<pin_list>
<pin id="2886" dir="0" index="0" bw="37" slack="1"/>
<pin id="2887" dir="1" index="1" bw="37" slack="1"/>
</pin_list>
<bind>
<opset="trunc_ln44_44 "/>
</bind>
</comp>

<comp id="2890" class="1005" name="trunc_ln44_45_reg_2890">
<pin_list>
<pin id="2891" dir="0" index="0" bw="37" slack="1"/>
<pin id="2892" dir="1" index="1" bw="37" slack="1"/>
</pin_list>
<bind>
<opset="trunc_ln44_45 "/>
</bind>
</comp>

<comp id="2895" class="1005" name="trunc_ln44_46_reg_2895">
<pin_list>
<pin id="2896" dir="0" index="0" bw="37" slack="1"/>
<pin id="2897" dir="1" index="1" bw="37" slack="1"/>
</pin_list>
<bind>
<opset="trunc_ln44_46 "/>
</bind>
</comp>

<comp id="2900" class="1005" name="trunc_ln44_47_reg_2900">
<pin_list>
<pin id="2901" dir="0" index="0" bw="37" slack="1"/>
<pin id="2902" dir="1" index="1" bw="37" slack="1"/>
</pin_list>
<bind>
<opset="trunc_ln44_47 "/>
</bind>
</comp>

<comp id="2905" class="1005" name="trunc_ln44_48_reg_2905">
<pin_list>
<pin id="2906" dir="0" index="0" bw="37" slack="1"/>
<pin id="2907" dir="1" index="1" bw="37" slack="1"/>
</pin_list>
<bind>
<opset="trunc_ln44_48 "/>
</bind>
</comp>

<comp id="2910" class="1005" name="trunc_ln44_49_reg_2910">
<pin_list>
<pin id="2911" dir="0" index="0" bw="37" slack="1"/>
<pin id="2912" dir="1" index="1" bw="37" slack="1"/>
</pin_list>
<bind>
<opset="trunc_ln44_49 "/>
</bind>
</comp>

<comp id="2915" class="1005" name="trunc_ln44_50_reg_2915">
<pin_list>
<pin id="2916" dir="0" index="0" bw="37" slack="1"/>
<pin id="2917" dir="1" index="1" bw="37" slack="1"/>
</pin_list>
<bind>
<opset="trunc_ln44_50 "/>
</bind>
</comp>

<comp id="2920" class="1005" name="trunc_ln44_51_reg_2920">
<pin_list>
<pin id="2921" dir="0" index="0" bw="37" slack="1"/>
<pin id="2922" dir="1" index="1" bw="37" slack="1"/>
</pin_list>
<bind>
<opset="trunc_ln44_51 "/>
</bind>
</comp>

<comp id="2925" class="1005" name="trunc_ln44_52_reg_2925">
<pin_list>
<pin id="2926" dir="0" index="0" bw="37" slack="1"/>
<pin id="2927" dir="1" index="1" bw="37" slack="1"/>
</pin_list>
<bind>
<opset="trunc_ln44_52 "/>
</bind>
</comp>

<comp id="2930" class="1005" name="trunc_ln44_53_reg_2930">
<pin_list>
<pin id="2931" dir="0" index="0" bw="37" slack="1"/>
<pin id="2932" dir="1" index="1" bw="37" slack="1"/>
</pin_list>
<bind>
<opset="trunc_ln44_53 "/>
</bind>
</comp>

<comp id="2935" class="1005" name="trunc_ln44_54_reg_2935">
<pin_list>
<pin id="2936" dir="0" index="0" bw="37" slack="1"/>
<pin id="2937" dir="1" index="1" bw="37" slack="1"/>
</pin_list>
<bind>
<opset="trunc_ln44_54 "/>
</bind>
</comp>

<comp id="2940" class="1005" name="trunc_ln44_55_reg_2940">
<pin_list>
<pin id="2941" dir="0" index="0" bw="37" slack="1"/>
<pin id="2942" dir="1" index="1" bw="37" slack="1"/>
</pin_list>
<bind>
<opset="trunc_ln44_55 "/>
</bind>
</comp>

<comp id="2945" class="1005" name="trunc_ln44_56_reg_2945">
<pin_list>
<pin id="2946" dir="0" index="0" bw="37" slack="1"/>
<pin id="2947" dir="1" index="1" bw="37" slack="1"/>
</pin_list>
<bind>
<opset="trunc_ln44_56 "/>
</bind>
</comp>

<comp id="2950" class="1005" name="trunc_ln44_57_reg_2950">
<pin_list>
<pin id="2951" dir="0" index="0" bw="37" slack="1"/>
<pin id="2952" dir="1" index="1" bw="37" slack="1"/>
</pin_list>
<bind>
<opset="trunc_ln44_57 "/>
</bind>
</comp>

<comp id="2955" class="1005" name="trunc_ln44_58_reg_2955">
<pin_list>
<pin id="2956" dir="0" index="0" bw="37" slack="1"/>
<pin id="2957" dir="1" index="1" bw="37" slack="1"/>
</pin_list>
<bind>
<opset="trunc_ln44_58 "/>
</bind>
</comp>

<comp id="2960" class="1005" name="trunc_ln44_59_reg_2960">
<pin_list>
<pin id="2961" dir="0" index="0" bw="37" slack="1"/>
<pin id="2962" dir="1" index="1" bw="37" slack="1"/>
</pin_list>
<bind>
<opset="trunc_ln44_59 "/>
</bind>
</comp>

<comp id="2965" class="1005" name="trunc_ln44_60_reg_2965">
<pin_list>
<pin id="2966" dir="0" index="0" bw="37" slack="1"/>
<pin id="2967" dir="1" index="1" bw="37" slack="1"/>
</pin_list>
<bind>
<opset="trunc_ln44_60 "/>
</bind>
</comp>

<comp id="2970" class="1005" name="trunc_ln44_61_reg_2970">
<pin_list>
<pin id="2971" dir="0" index="0" bw="37" slack="1"/>
<pin id="2972" dir="1" index="1" bw="37" slack="1"/>
</pin_list>
<bind>
<opset="trunc_ln44_61 "/>
</bind>
</comp>

<comp id="2975" class="1005" name="trunc_ln44_62_reg_2975">
<pin_list>
<pin id="2976" dir="0" index="0" bw="37" slack="1"/>
<pin id="2977" dir="1" index="1" bw="37" slack="1"/>
</pin_list>
<bind>
<opset="trunc_ln44_62 "/>
</bind>
</comp>

<comp id="2980" class="1005" name="trunc_ln4_reg_2980">
<pin_list>
<pin id="2981" dir="0" index="0" bw="16" slack="1"/>
<pin id="2982" dir="1" index="1" bw="16" slack="1"/>
</pin_list>
<bind>
<opset="trunc_ln4 "/>
</bind>
</comp>

<comp id="2985" class="1005" name="trunc_ln52_s_reg_2985">
<pin_list>
<pin id="2986" dir="0" index="0" bw="16" slack="1"/>
<pin id="2987" dir="1" index="1" bw="16" slack="1"/>
</pin_list>
<bind>
<opset="trunc_ln52_s "/>
</bind>
</comp>

<comp id="2990" class="1005" name="trunc_ln52_1_reg_2990">
<pin_list>
<pin id="2991" dir="0" index="0" bw="16" slack="1"/>
<pin id="2992" dir="1" index="1" bw="16" slack="1"/>
</pin_list>
<bind>
<opset="trunc_ln52_1 "/>
</bind>
</comp>

<comp id="2995" class="1005" name="trunc_ln52_2_reg_2995">
<pin_list>
<pin id="2996" dir="0" index="0" bw="16" slack="1"/>
<pin id="2997" dir="1" index="1" bw="16" slack="1"/>
</pin_list>
<bind>
<opset="trunc_ln52_2 "/>
</bind>
</comp>

<comp id="3000" class="1005" name="trunc_ln52_3_reg_3000">
<pin_list>
<pin id="3001" dir="0" index="0" bw="16" slack="1"/>
<pin id="3002" dir="1" index="1" bw="16" slack="1"/>
</pin_list>
<bind>
<opset="trunc_ln52_3 "/>
</bind>
</comp>

<comp id="3005" class="1005" name="trunc_ln52_4_reg_3005">
<pin_list>
<pin id="3006" dir="0" index="0" bw="16" slack="1"/>
<pin id="3007" dir="1" index="1" bw="16" slack="1"/>
</pin_list>
<bind>
<opset="trunc_ln52_4 "/>
</bind>
</comp>

<comp id="3010" class="1005" name="trunc_ln52_5_reg_3010">
<pin_list>
<pin id="3011" dir="0" index="0" bw="16" slack="1"/>
<pin id="3012" dir="1" index="1" bw="16" slack="1"/>
</pin_list>
<bind>
<opset="trunc_ln52_5 "/>
</bind>
</comp>

<comp id="3015" class="1005" name="trunc_ln52_6_reg_3015">
<pin_list>
<pin id="3016" dir="0" index="0" bw="16" slack="1"/>
<pin id="3017" dir="1" index="1" bw="16" slack="1"/>
</pin_list>
<bind>
<opset="trunc_ln52_6 "/>
</bind>
</comp>

<comp id="3020" class="1005" name="trunc_ln52_7_reg_3020">
<pin_list>
<pin id="3021" dir="0" index="0" bw="16" slack="1"/>
<pin id="3022" dir="1" index="1" bw="16" slack="1"/>
</pin_list>
<bind>
<opset="trunc_ln52_7 "/>
</bind>
</comp>

<comp id="3025" class="1005" name="trunc_ln52_8_reg_3025">
<pin_list>
<pin id="3026" dir="0" index="0" bw="16" slack="1"/>
<pin id="3027" dir="1" index="1" bw="16" slack="1"/>
</pin_list>
<bind>
<opset="trunc_ln52_8 "/>
</bind>
</comp>

<comp id="3030" class="1005" name="trunc_ln52_9_reg_3030">
<pin_list>
<pin id="3031" dir="0" index="0" bw="16" slack="1"/>
<pin id="3032" dir="1" index="1" bw="16" slack="1"/>
</pin_list>
<bind>
<opset="trunc_ln52_9 "/>
</bind>
</comp>

<comp id="3035" class="1005" name="trunc_ln52_10_reg_3035">
<pin_list>
<pin id="3036" dir="0" index="0" bw="16" slack="1"/>
<pin id="3037" dir="1" index="1" bw="16" slack="1"/>
</pin_list>
<bind>
<opset="trunc_ln52_10 "/>
</bind>
</comp>

<comp id="3040" class="1005" name="trunc_ln52_11_reg_3040">
<pin_list>
<pin id="3041" dir="0" index="0" bw="16" slack="1"/>
<pin id="3042" dir="1" index="1" bw="16" slack="1"/>
</pin_list>
<bind>
<opset="trunc_ln52_11 "/>
</bind>
</comp>

<comp id="3045" class="1005" name="trunc_ln52_12_reg_3045">
<pin_list>
<pin id="3046" dir="0" index="0" bw="16" slack="1"/>
<pin id="3047" dir="1" index="1" bw="16" slack="1"/>
</pin_list>
<bind>
<opset="trunc_ln52_12 "/>
</bind>
</comp>

<comp id="3050" class="1005" name="trunc_ln52_13_reg_3050">
<pin_list>
<pin id="3051" dir="0" index="0" bw="16" slack="1"/>
<pin id="3052" dir="1" index="1" bw="16" slack="1"/>
</pin_list>
<bind>
<opset="trunc_ln52_13 "/>
</bind>
</comp>

<comp id="3055" class="1005" name="trunc_ln52_14_reg_3055">
<pin_list>
<pin id="3056" dir="0" index="0" bw="16" slack="1"/>
<pin id="3057" dir="1" index="1" bw="16" slack="1"/>
</pin_list>
<bind>
<opset="trunc_ln52_14 "/>
</bind>
</comp>

<comp id="3060" class="1005" name="trunc_ln52_15_reg_3060">
<pin_list>
<pin id="3061" dir="0" index="0" bw="16" slack="1"/>
<pin id="3062" dir="1" index="1" bw="16" slack="1"/>
</pin_list>
<bind>
<opset="trunc_ln52_15 "/>
</bind>
</comp>

<comp id="3065" class="1005" name="trunc_ln52_16_reg_3065">
<pin_list>
<pin id="3066" dir="0" index="0" bw="16" slack="1"/>
<pin id="3067" dir="1" index="1" bw="16" slack="1"/>
</pin_list>
<bind>
<opset="trunc_ln52_16 "/>
</bind>
</comp>

<comp id="3070" class="1005" name="trunc_ln52_17_reg_3070">
<pin_list>
<pin id="3071" dir="0" index="0" bw="16" slack="1"/>
<pin id="3072" dir="1" index="1" bw="16" slack="1"/>
</pin_list>
<bind>
<opset="trunc_ln52_17 "/>
</bind>
</comp>

<comp id="3075" class="1005" name="trunc_ln52_18_reg_3075">
<pin_list>
<pin id="3076" dir="0" index="0" bw="16" slack="1"/>
<pin id="3077" dir="1" index="1" bw="16" slack="1"/>
</pin_list>
<bind>
<opset="trunc_ln52_18 "/>
</bind>
</comp>

<comp id="3080" class="1005" name="trunc_ln52_19_reg_3080">
<pin_list>
<pin id="3081" dir="0" index="0" bw="16" slack="1"/>
<pin id="3082" dir="1" index="1" bw="16" slack="1"/>
</pin_list>
<bind>
<opset="trunc_ln52_19 "/>
</bind>
</comp>

<comp id="3085" class="1005" name="trunc_ln52_20_reg_3085">
<pin_list>
<pin id="3086" dir="0" index="0" bw="16" slack="1"/>
<pin id="3087" dir="1" index="1" bw="16" slack="1"/>
</pin_list>
<bind>
<opset="trunc_ln52_20 "/>
</bind>
</comp>

<comp id="3090" class="1005" name="trunc_ln52_21_reg_3090">
<pin_list>
<pin id="3091" dir="0" index="0" bw="16" slack="1"/>
<pin id="3092" dir="1" index="1" bw="16" slack="1"/>
</pin_list>
<bind>
<opset="trunc_ln52_21 "/>
</bind>
</comp>

<comp id="3095" class="1005" name="trunc_ln52_22_reg_3095">
<pin_list>
<pin id="3096" dir="0" index="0" bw="16" slack="1"/>
<pin id="3097" dir="1" index="1" bw="16" slack="1"/>
</pin_list>
<bind>
<opset="trunc_ln52_22 "/>
</bind>
</comp>

<comp id="3100" class="1005" name="trunc_ln52_23_reg_3100">
<pin_list>
<pin id="3101" dir="0" index="0" bw="16" slack="1"/>
<pin id="3102" dir="1" index="1" bw="16" slack="1"/>
</pin_list>
<bind>
<opset="trunc_ln52_23 "/>
</bind>
</comp>

<comp id="3105" class="1005" name="trunc_ln52_24_reg_3105">
<pin_list>
<pin id="3106" dir="0" index="0" bw="16" slack="1"/>
<pin id="3107" dir="1" index="1" bw="16" slack="1"/>
</pin_list>
<bind>
<opset="trunc_ln52_24 "/>
</bind>
</comp>

<comp id="3110" class="1005" name="trunc_ln52_25_reg_3110">
<pin_list>
<pin id="3111" dir="0" index="0" bw="16" slack="1"/>
<pin id="3112" dir="1" index="1" bw="16" slack="1"/>
</pin_list>
<bind>
<opset="trunc_ln52_25 "/>
</bind>
</comp>

<comp id="3115" class="1005" name="trunc_ln52_26_reg_3115">
<pin_list>
<pin id="3116" dir="0" index="0" bw="16" slack="1"/>
<pin id="3117" dir="1" index="1" bw="16" slack="1"/>
</pin_list>
<bind>
<opset="trunc_ln52_26 "/>
</bind>
</comp>

<comp id="3120" class="1005" name="trunc_ln52_27_reg_3120">
<pin_list>
<pin id="3121" dir="0" index="0" bw="16" slack="1"/>
<pin id="3122" dir="1" index="1" bw="16" slack="1"/>
</pin_list>
<bind>
<opset="trunc_ln52_27 "/>
</bind>
</comp>

<comp id="3125" class="1005" name="trunc_ln52_28_reg_3125">
<pin_list>
<pin id="3126" dir="0" index="0" bw="16" slack="1"/>
<pin id="3127" dir="1" index="1" bw="16" slack="1"/>
</pin_list>
<bind>
<opset="trunc_ln52_28 "/>
</bind>
</comp>

<comp id="3130" class="1005" name="trunc_ln52_29_reg_3130">
<pin_list>
<pin id="3131" dir="0" index="0" bw="16" slack="1"/>
<pin id="3132" dir="1" index="1" bw="16" slack="1"/>
</pin_list>
<bind>
<opset="trunc_ln52_29 "/>
</bind>
</comp>

<comp id="3135" class="1005" name="trunc_ln52_30_reg_3135">
<pin_list>
<pin id="3136" dir="0" index="0" bw="16" slack="1"/>
<pin id="3137" dir="1" index="1" bw="16" slack="1"/>
</pin_list>
<bind>
<opset="trunc_ln52_30 "/>
</bind>
</comp>

<comp id="3140" class="1005" name="trunc_ln52_31_reg_3140">
<pin_list>
<pin id="3141" dir="0" index="0" bw="16" slack="1"/>
<pin id="3142" dir="1" index="1" bw="16" slack="1"/>
</pin_list>
<bind>
<opset="trunc_ln52_31 "/>
</bind>
</comp>

<comp id="3145" class="1005" name="trunc_ln52_32_reg_3145">
<pin_list>
<pin id="3146" dir="0" index="0" bw="16" slack="1"/>
<pin id="3147" dir="1" index="1" bw="16" slack="1"/>
</pin_list>
<bind>
<opset="trunc_ln52_32 "/>
</bind>
</comp>

<comp id="3150" class="1005" name="trunc_ln52_33_reg_3150">
<pin_list>
<pin id="3151" dir="0" index="0" bw="16" slack="1"/>
<pin id="3152" dir="1" index="1" bw="16" slack="1"/>
</pin_list>
<bind>
<opset="trunc_ln52_33 "/>
</bind>
</comp>

<comp id="3155" class="1005" name="trunc_ln52_34_reg_3155">
<pin_list>
<pin id="3156" dir="0" index="0" bw="16" slack="1"/>
<pin id="3157" dir="1" index="1" bw="16" slack="1"/>
</pin_list>
<bind>
<opset="trunc_ln52_34 "/>
</bind>
</comp>

<comp id="3160" class="1005" name="trunc_ln52_35_reg_3160">
<pin_list>
<pin id="3161" dir="0" index="0" bw="16" slack="1"/>
<pin id="3162" dir="1" index="1" bw="16" slack="1"/>
</pin_list>
<bind>
<opset="trunc_ln52_35 "/>
</bind>
</comp>

<comp id="3165" class="1005" name="trunc_ln52_36_reg_3165">
<pin_list>
<pin id="3166" dir="0" index="0" bw="16" slack="1"/>
<pin id="3167" dir="1" index="1" bw="16" slack="1"/>
</pin_list>
<bind>
<opset="trunc_ln52_36 "/>
</bind>
</comp>

<comp id="3170" class="1005" name="trunc_ln52_37_reg_3170">
<pin_list>
<pin id="3171" dir="0" index="0" bw="16" slack="1"/>
<pin id="3172" dir="1" index="1" bw="16" slack="1"/>
</pin_list>
<bind>
<opset="trunc_ln52_37 "/>
</bind>
</comp>

<comp id="3175" class="1005" name="trunc_ln52_38_reg_3175">
<pin_list>
<pin id="3176" dir="0" index="0" bw="16" slack="1"/>
<pin id="3177" dir="1" index="1" bw="16" slack="1"/>
</pin_list>
<bind>
<opset="trunc_ln52_38 "/>
</bind>
</comp>

<comp id="3180" class="1005" name="trunc_ln52_39_reg_3180">
<pin_list>
<pin id="3181" dir="0" index="0" bw="16" slack="1"/>
<pin id="3182" dir="1" index="1" bw="16" slack="1"/>
</pin_list>
<bind>
<opset="trunc_ln52_39 "/>
</bind>
</comp>

<comp id="3185" class="1005" name="trunc_ln52_40_reg_3185">
<pin_list>
<pin id="3186" dir="0" index="0" bw="16" slack="1"/>
<pin id="3187" dir="1" index="1" bw="16" slack="1"/>
</pin_list>
<bind>
<opset="trunc_ln52_40 "/>
</bind>
</comp>

<comp id="3190" class="1005" name="trunc_ln52_41_reg_3190">
<pin_list>
<pin id="3191" dir="0" index="0" bw="16" slack="1"/>
<pin id="3192" dir="1" index="1" bw="16" slack="1"/>
</pin_list>
<bind>
<opset="trunc_ln52_41 "/>
</bind>
</comp>

<comp id="3195" class="1005" name="trunc_ln52_42_reg_3195">
<pin_list>
<pin id="3196" dir="0" index="0" bw="16" slack="1"/>
<pin id="3197" dir="1" index="1" bw="16" slack="1"/>
</pin_list>
<bind>
<opset="trunc_ln52_42 "/>
</bind>
</comp>

<comp id="3200" class="1005" name="trunc_ln52_43_reg_3200">
<pin_list>
<pin id="3201" dir="0" index="0" bw="16" slack="1"/>
<pin id="3202" dir="1" index="1" bw="16" slack="1"/>
</pin_list>
<bind>
<opset="trunc_ln52_43 "/>
</bind>
</comp>

<comp id="3205" class="1005" name="trunc_ln52_44_reg_3205">
<pin_list>
<pin id="3206" dir="0" index="0" bw="16" slack="1"/>
<pin id="3207" dir="1" index="1" bw="16" slack="1"/>
</pin_list>
<bind>
<opset="trunc_ln52_44 "/>
</bind>
</comp>

<comp id="3210" class="1005" name="trunc_ln52_45_reg_3210">
<pin_list>
<pin id="3211" dir="0" index="0" bw="16" slack="1"/>
<pin id="3212" dir="1" index="1" bw="16" slack="1"/>
</pin_list>
<bind>
<opset="trunc_ln52_45 "/>
</bind>
</comp>

<comp id="3215" class="1005" name="trunc_ln52_46_reg_3215">
<pin_list>
<pin id="3216" dir="0" index="0" bw="16" slack="1"/>
<pin id="3217" dir="1" index="1" bw="16" slack="1"/>
</pin_list>
<bind>
<opset="trunc_ln52_46 "/>
</bind>
</comp>

<comp id="3220" class="1005" name="trunc_ln52_47_reg_3220">
<pin_list>
<pin id="3221" dir="0" index="0" bw="16" slack="1"/>
<pin id="3222" dir="1" index="1" bw="16" slack="1"/>
</pin_list>
<bind>
<opset="trunc_ln52_47 "/>
</bind>
</comp>

<comp id="3225" class="1005" name="trunc_ln52_48_reg_3225">
<pin_list>
<pin id="3226" dir="0" index="0" bw="16" slack="1"/>
<pin id="3227" dir="1" index="1" bw="16" slack="1"/>
</pin_list>
<bind>
<opset="trunc_ln52_48 "/>
</bind>
</comp>

<comp id="3230" class="1005" name="trunc_ln52_49_reg_3230">
<pin_list>
<pin id="3231" dir="0" index="0" bw="16" slack="1"/>
<pin id="3232" dir="1" index="1" bw="16" slack="1"/>
</pin_list>
<bind>
<opset="trunc_ln52_49 "/>
</bind>
</comp>

<comp id="3235" class="1005" name="trunc_ln52_50_reg_3235">
<pin_list>
<pin id="3236" dir="0" index="0" bw="16" slack="1"/>
<pin id="3237" dir="1" index="1" bw="16" slack="1"/>
</pin_list>
<bind>
<opset="trunc_ln52_50 "/>
</bind>
</comp>

<comp id="3240" class="1005" name="trunc_ln52_51_reg_3240">
<pin_list>
<pin id="3241" dir="0" index="0" bw="16" slack="1"/>
<pin id="3242" dir="1" index="1" bw="16" slack="1"/>
</pin_list>
<bind>
<opset="trunc_ln52_51 "/>
</bind>
</comp>

<comp id="3245" class="1005" name="trunc_ln52_52_reg_3245">
<pin_list>
<pin id="3246" dir="0" index="0" bw="16" slack="1"/>
<pin id="3247" dir="1" index="1" bw="16" slack="1"/>
</pin_list>
<bind>
<opset="trunc_ln52_52 "/>
</bind>
</comp>

<comp id="3250" class="1005" name="trunc_ln52_53_reg_3250">
<pin_list>
<pin id="3251" dir="0" index="0" bw="16" slack="1"/>
<pin id="3252" dir="1" index="1" bw="16" slack="1"/>
</pin_list>
<bind>
<opset="trunc_ln52_53 "/>
</bind>
</comp>

<comp id="3255" class="1005" name="trunc_ln52_54_reg_3255">
<pin_list>
<pin id="3256" dir="0" index="0" bw="16" slack="1"/>
<pin id="3257" dir="1" index="1" bw="16" slack="1"/>
</pin_list>
<bind>
<opset="trunc_ln52_54 "/>
</bind>
</comp>

<comp id="3260" class="1005" name="trunc_ln52_55_reg_3260">
<pin_list>
<pin id="3261" dir="0" index="0" bw="16" slack="1"/>
<pin id="3262" dir="1" index="1" bw="16" slack="1"/>
</pin_list>
<bind>
<opset="trunc_ln52_55 "/>
</bind>
</comp>

<comp id="3265" class="1005" name="trunc_ln52_56_reg_3265">
<pin_list>
<pin id="3266" dir="0" index="0" bw="16" slack="1"/>
<pin id="3267" dir="1" index="1" bw="16" slack="1"/>
</pin_list>
<bind>
<opset="trunc_ln52_56 "/>
</bind>
</comp>

<comp id="3270" class="1005" name="trunc_ln52_57_reg_3270">
<pin_list>
<pin id="3271" dir="0" index="0" bw="16" slack="1"/>
<pin id="3272" dir="1" index="1" bw="16" slack="1"/>
</pin_list>
<bind>
<opset="trunc_ln52_57 "/>
</bind>
</comp>

<comp id="3275" class="1005" name="trunc_ln52_58_reg_3275">
<pin_list>
<pin id="3276" dir="0" index="0" bw="16" slack="1"/>
<pin id="3277" dir="1" index="1" bw="16" slack="1"/>
</pin_list>
<bind>
<opset="trunc_ln52_58 "/>
</bind>
</comp>

<comp id="3280" class="1005" name="trunc_ln52_59_reg_3280">
<pin_list>
<pin id="3281" dir="0" index="0" bw="16" slack="1"/>
<pin id="3282" dir="1" index="1" bw="16" slack="1"/>
</pin_list>
<bind>
<opset="trunc_ln52_59 "/>
</bind>
</comp>

<comp id="3285" class="1005" name="trunc_ln52_60_reg_3285">
<pin_list>
<pin id="3286" dir="0" index="0" bw="16" slack="1"/>
<pin id="3287" dir="1" index="1" bw="16" slack="1"/>
</pin_list>
<bind>
<opset="trunc_ln52_60 "/>
</bind>
</comp>

<comp id="3290" class="1005" name="trunc_ln52_61_reg_3290">
<pin_list>
<pin id="3291" dir="0" index="0" bw="16" slack="1"/>
<pin id="3292" dir="1" index="1" bw="16" slack="1"/>
</pin_list>
<bind>
<opset="trunc_ln52_61 "/>
</bind>
</comp>

<comp id="3295" class="1005" name="trunc_ln52_62_reg_3295">
<pin_list>
<pin id="3296" dir="0" index="0" bw="16" slack="1"/>
<pin id="3297" dir="1" index="1" bw="16" slack="1"/>
</pin_list>
<bind>
<opset="trunc_ln52_62 "/>
</bind>
</comp>

<comp id="3300" class="1005" name="select_ln51_reg_3300">
<pin_list>
<pin id="3301" dir="0" index="0" bw="16" slack="1"/>
<pin id="3302" dir="1" index="1" bw="16" slack="1"/>
</pin_list>
<bind>
<opset="select_ln51 "/>
</bind>
</comp>

<comp id="3305" class="1005" name="select_ln51_1_reg_3305">
<pin_list>
<pin id="3306" dir="0" index="0" bw="16" slack="1"/>
<pin id="3307" dir="1" index="1" bw="16" slack="1"/>
</pin_list>
<bind>
<opset="select_ln51_1 "/>
</bind>
</comp>

<comp id="3310" class="1005" name="select_ln51_2_reg_3310">
<pin_list>
<pin id="3311" dir="0" index="0" bw="16" slack="1"/>
<pin id="3312" dir="1" index="1" bw="16" slack="1"/>
</pin_list>
<bind>
<opset="select_ln51_2 "/>
</bind>
</comp>

<comp id="3315" class="1005" name="select_ln51_3_reg_3315">
<pin_list>
<pin id="3316" dir="0" index="0" bw="16" slack="1"/>
<pin id="3317" dir="1" index="1" bw="16" slack="1"/>
</pin_list>
<bind>
<opset="select_ln51_3 "/>
</bind>
</comp>

<comp id="3320" class="1005" name="select_ln51_4_reg_3320">
<pin_list>
<pin id="3321" dir="0" index="0" bw="16" slack="1"/>
<pin id="3322" dir="1" index="1" bw="16" slack="1"/>
</pin_list>
<bind>
<opset="select_ln51_4 "/>
</bind>
</comp>

<comp id="3325" class="1005" name="select_ln51_5_reg_3325">
<pin_list>
<pin id="3326" dir="0" index="0" bw="16" slack="1"/>
<pin id="3327" dir="1" index="1" bw="16" slack="1"/>
</pin_list>
<bind>
<opset="select_ln51_5 "/>
</bind>
</comp>

<comp id="3330" class="1005" name="select_ln51_6_reg_3330">
<pin_list>
<pin id="3331" dir="0" index="0" bw="16" slack="1"/>
<pin id="3332" dir="1" index="1" bw="16" slack="1"/>
</pin_list>
<bind>
<opset="select_ln51_6 "/>
</bind>
</comp>

<comp id="3335" class="1005" name="select_ln51_7_reg_3335">
<pin_list>
<pin id="3336" dir="0" index="0" bw="16" slack="1"/>
<pin id="3337" dir="1" index="1" bw="16" slack="1"/>
</pin_list>
<bind>
<opset="select_ln51_7 "/>
</bind>
</comp>

<comp id="3340" class="1005" name="select_ln51_8_reg_3340">
<pin_list>
<pin id="3341" dir="0" index="0" bw="16" slack="1"/>
<pin id="3342" dir="1" index="1" bw="16" slack="1"/>
</pin_list>
<bind>
<opset="select_ln51_8 "/>
</bind>
</comp>

<comp id="3345" class="1005" name="select_ln51_9_reg_3345">
<pin_list>
<pin id="3346" dir="0" index="0" bw="16" slack="1"/>
<pin id="3347" dir="1" index="1" bw="16" slack="1"/>
</pin_list>
<bind>
<opset="select_ln51_9 "/>
</bind>
</comp>

<comp id="3350" class="1005" name="select_ln51_10_reg_3350">
<pin_list>
<pin id="3351" dir="0" index="0" bw="16" slack="1"/>
<pin id="3352" dir="1" index="1" bw="16" slack="1"/>
</pin_list>
<bind>
<opset="select_ln51_10 "/>
</bind>
</comp>

<comp id="3355" class="1005" name="select_ln51_11_reg_3355">
<pin_list>
<pin id="3356" dir="0" index="0" bw="16" slack="1"/>
<pin id="3357" dir="1" index="1" bw="16" slack="1"/>
</pin_list>
<bind>
<opset="select_ln51_11 "/>
</bind>
</comp>

<comp id="3360" class="1005" name="select_ln51_12_reg_3360">
<pin_list>
<pin id="3361" dir="0" index="0" bw="16" slack="1"/>
<pin id="3362" dir="1" index="1" bw="16" slack="1"/>
</pin_list>
<bind>
<opset="select_ln51_12 "/>
</bind>
</comp>

<comp id="3365" class="1005" name="select_ln51_13_reg_3365">
<pin_list>
<pin id="3366" dir="0" index="0" bw="16" slack="1"/>
<pin id="3367" dir="1" index="1" bw="16" slack="1"/>
</pin_list>
<bind>
<opset="select_ln51_13 "/>
</bind>
</comp>

<comp id="3370" class="1005" name="select_ln51_14_reg_3370">
<pin_list>
<pin id="3371" dir="0" index="0" bw="16" slack="1"/>
<pin id="3372" dir="1" index="1" bw="16" slack="1"/>
</pin_list>
<bind>
<opset="select_ln51_14 "/>
</bind>
</comp>

<comp id="3375" class="1005" name="select_ln51_15_reg_3375">
<pin_list>
<pin id="3376" dir="0" index="0" bw="16" slack="1"/>
<pin id="3377" dir="1" index="1" bw="16" slack="1"/>
</pin_list>
<bind>
<opset="select_ln51_15 "/>
</bind>
</comp>

<comp id="3380" class="1005" name="select_ln51_16_reg_3380">
<pin_list>
<pin id="3381" dir="0" index="0" bw="16" slack="1"/>
<pin id="3382" dir="1" index="1" bw="16" slack="1"/>
</pin_list>
<bind>
<opset="select_ln51_16 "/>
</bind>
</comp>

<comp id="3385" class="1005" name="select_ln51_17_reg_3385">
<pin_list>
<pin id="3386" dir="0" index="0" bw="16" slack="1"/>
<pin id="3387" dir="1" index="1" bw="16" slack="1"/>
</pin_list>
<bind>
<opset="select_ln51_17 "/>
</bind>
</comp>

<comp id="3390" class="1005" name="select_ln51_18_reg_3390">
<pin_list>
<pin id="3391" dir="0" index="0" bw="16" slack="1"/>
<pin id="3392" dir="1" index="1" bw="16" slack="1"/>
</pin_list>
<bind>
<opset="select_ln51_18 "/>
</bind>
</comp>

<comp id="3395" class="1005" name="select_ln51_19_reg_3395">
<pin_list>
<pin id="3396" dir="0" index="0" bw="16" slack="1"/>
<pin id="3397" dir="1" index="1" bw="16" slack="1"/>
</pin_list>
<bind>
<opset="select_ln51_19 "/>
</bind>
</comp>

<comp id="3400" class="1005" name="select_ln51_20_reg_3400">
<pin_list>
<pin id="3401" dir="0" index="0" bw="16" slack="1"/>
<pin id="3402" dir="1" index="1" bw="16" slack="1"/>
</pin_list>
<bind>
<opset="select_ln51_20 "/>
</bind>
</comp>

<comp id="3405" class="1005" name="select_ln51_21_reg_3405">
<pin_list>
<pin id="3406" dir="0" index="0" bw="16" slack="1"/>
<pin id="3407" dir="1" index="1" bw="16" slack="1"/>
</pin_list>
<bind>
<opset="select_ln51_21 "/>
</bind>
</comp>

<comp id="3410" class="1005" name="select_ln51_22_reg_3410">
<pin_list>
<pin id="3411" dir="0" index="0" bw="16" slack="1"/>
<pin id="3412" dir="1" index="1" bw="16" slack="1"/>
</pin_list>
<bind>
<opset="select_ln51_22 "/>
</bind>
</comp>

<comp id="3415" class="1005" name="select_ln51_23_reg_3415">
<pin_list>
<pin id="3416" dir="0" index="0" bw="16" slack="1"/>
<pin id="3417" dir="1" index="1" bw="16" slack="1"/>
</pin_list>
<bind>
<opset="select_ln51_23 "/>
</bind>
</comp>

<comp id="3420" class="1005" name="select_ln51_24_reg_3420">
<pin_list>
<pin id="3421" dir="0" index="0" bw="16" slack="1"/>
<pin id="3422" dir="1" index="1" bw="16" slack="1"/>
</pin_list>
<bind>
<opset="select_ln51_24 "/>
</bind>
</comp>

<comp id="3425" class="1005" name="select_ln51_25_reg_3425">
<pin_list>
<pin id="3426" dir="0" index="0" bw="16" slack="1"/>
<pin id="3427" dir="1" index="1" bw="16" slack="1"/>
</pin_list>
<bind>
<opset="select_ln51_25 "/>
</bind>
</comp>

<comp id="3430" class="1005" name="select_ln51_26_reg_3430">
<pin_list>
<pin id="3431" dir="0" index="0" bw="16" slack="1"/>
<pin id="3432" dir="1" index="1" bw="16" slack="1"/>
</pin_list>
<bind>
<opset="select_ln51_26 "/>
</bind>
</comp>

<comp id="3435" class="1005" name="select_ln51_27_reg_3435">
<pin_list>
<pin id="3436" dir="0" index="0" bw="16" slack="1"/>
<pin id="3437" dir="1" index="1" bw="16" slack="1"/>
</pin_list>
<bind>
<opset="select_ln51_27 "/>
</bind>
</comp>

<comp id="3440" class="1005" name="select_ln51_28_reg_3440">
<pin_list>
<pin id="3441" dir="0" index="0" bw="16" slack="1"/>
<pin id="3442" dir="1" index="1" bw="16" slack="1"/>
</pin_list>
<bind>
<opset="select_ln51_28 "/>
</bind>
</comp>

<comp id="3445" class="1005" name="select_ln51_29_reg_3445">
<pin_list>
<pin id="3446" dir="0" index="0" bw="16" slack="1"/>
<pin id="3447" dir="1" index="1" bw="16" slack="1"/>
</pin_list>
<bind>
<opset="select_ln51_29 "/>
</bind>
</comp>

<comp id="3450" class="1005" name="select_ln51_30_reg_3450">
<pin_list>
<pin id="3451" dir="0" index="0" bw="16" slack="1"/>
<pin id="3452" dir="1" index="1" bw="16" slack="1"/>
</pin_list>
<bind>
<opset="select_ln51_30 "/>
</bind>
</comp>

<comp id="3455" class="1005" name="select_ln51_31_reg_3455">
<pin_list>
<pin id="3456" dir="0" index="0" bw="16" slack="1"/>
<pin id="3457" dir="1" index="1" bw="16" slack="1"/>
</pin_list>
<bind>
<opset="select_ln51_31 "/>
</bind>
</comp>

<comp id="3460" class="1005" name="select_ln51_32_reg_3460">
<pin_list>
<pin id="3461" dir="0" index="0" bw="16" slack="1"/>
<pin id="3462" dir="1" index="1" bw="16" slack="1"/>
</pin_list>
<bind>
<opset="select_ln51_32 "/>
</bind>
</comp>

<comp id="3465" class="1005" name="select_ln51_33_reg_3465">
<pin_list>
<pin id="3466" dir="0" index="0" bw="16" slack="1"/>
<pin id="3467" dir="1" index="1" bw="16" slack="1"/>
</pin_list>
<bind>
<opset="select_ln51_33 "/>
</bind>
</comp>

<comp id="3470" class="1005" name="select_ln51_34_reg_3470">
<pin_list>
<pin id="3471" dir="0" index="0" bw="16" slack="1"/>
<pin id="3472" dir="1" index="1" bw="16" slack="1"/>
</pin_list>
<bind>
<opset="select_ln51_34 "/>
</bind>
</comp>

<comp id="3475" class="1005" name="select_ln51_35_reg_3475">
<pin_list>
<pin id="3476" dir="0" index="0" bw="16" slack="1"/>
<pin id="3477" dir="1" index="1" bw="16" slack="1"/>
</pin_list>
<bind>
<opset="select_ln51_35 "/>
</bind>
</comp>

<comp id="3480" class="1005" name="select_ln51_36_reg_3480">
<pin_list>
<pin id="3481" dir="0" index="0" bw="16" slack="1"/>
<pin id="3482" dir="1" index="1" bw="16" slack="1"/>
</pin_list>
<bind>
<opset="select_ln51_36 "/>
</bind>
</comp>

<comp id="3485" class="1005" name="select_ln51_37_reg_3485">
<pin_list>
<pin id="3486" dir="0" index="0" bw="16" slack="1"/>
<pin id="3487" dir="1" index="1" bw="16" slack="1"/>
</pin_list>
<bind>
<opset="select_ln51_37 "/>
</bind>
</comp>

<comp id="3490" class="1005" name="select_ln51_38_reg_3490">
<pin_list>
<pin id="3491" dir="0" index="0" bw="16" slack="1"/>
<pin id="3492" dir="1" index="1" bw="16" slack="1"/>
</pin_list>
<bind>
<opset="select_ln51_38 "/>
</bind>
</comp>

<comp id="3495" class="1005" name="select_ln51_39_reg_3495">
<pin_list>
<pin id="3496" dir="0" index="0" bw="16" slack="1"/>
<pin id="3497" dir="1" index="1" bw="16" slack="1"/>
</pin_list>
<bind>
<opset="select_ln51_39 "/>
</bind>
</comp>

<comp id="3500" class="1005" name="select_ln51_40_reg_3500">
<pin_list>
<pin id="3501" dir="0" index="0" bw="16" slack="1"/>
<pin id="3502" dir="1" index="1" bw="16" slack="1"/>
</pin_list>
<bind>
<opset="select_ln51_40 "/>
</bind>
</comp>

<comp id="3505" class="1005" name="select_ln51_41_reg_3505">
<pin_list>
<pin id="3506" dir="0" index="0" bw="16" slack="1"/>
<pin id="3507" dir="1" index="1" bw="16" slack="1"/>
</pin_list>
<bind>
<opset="select_ln51_41 "/>
</bind>
</comp>

<comp id="3510" class="1005" name="select_ln51_42_reg_3510">
<pin_list>
<pin id="3511" dir="0" index="0" bw="16" slack="1"/>
<pin id="3512" dir="1" index="1" bw="16" slack="1"/>
</pin_list>
<bind>
<opset="select_ln51_42 "/>
</bind>
</comp>

<comp id="3515" class="1005" name="select_ln51_43_reg_3515">
<pin_list>
<pin id="3516" dir="0" index="0" bw="16" slack="1"/>
<pin id="3517" dir="1" index="1" bw="16" slack="1"/>
</pin_list>
<bind>
<opset="select_ln51_43 "/>
</bind>
</comp>

<comp id="3520" class="1005" name="select_ln51_44_reg_3520">
<pin_list>
<pin id="3521" dir="0" index="0" bw="16" slack="1"/>
<pin id="3522" dir="1" index="1" bw="16" slack="1"/>
</pin_list>
<bind>
<opset="select_ln51_44 "/>
</bind>
</comp>

<comp id="3525" class="1005" name="select_ln51_45_reg_3525">
<pin_list>
<pin id="3526" dir="0" index="0" bw="16" slack="1"/>
<pin id="3527" dir="1" index="1" bw="16" slack="1"/>
</pin_list>
<bind>
<opset="select_ln51_45 "/>
</bind>
</comp>

<comp id="3530" class="1005" name="select_ln51_46_reg_3530">
<pin_list>
<pin id="3531" dir="0" index="0" bw="16" slack="1"/>
<pin id="3532" dir="1" index="1" bw="16" slack="1"/>
</pin_list>
<bind>
<opset="select_ln51_46 "/>
</bind>
</comp>

<comp id="3535" class="1005" name="select_ln51_47_reg_3535">
<pin_list>
<pin id="3536" dir="0" index="0" bw="16" slack="1"/>
<pin id="3537" dir="1" index="1" bw="16" slack="1"/>
</pin_list>
<bind>
<opset="select_ln51_47 "/>
</bind>
</comp>

<comp id="3540" class="1005" name="select_ln51_48_reg_3540">
<pin_list>
<pin id="3541" dir="0" index="0" bw="16" slack="1"/>
<pin id="3542" dir="1" index="1" bw="16" slack="1"/>
</pin_list>
<bind>
<opset="select_ln51_48 "/>
</bind>
</comp>

<comp id="3545" class="1005" name="select_ln51_49_reg_3545">
<pin_list>
<pin id="3546" dir="0" index="0" bw="16" slack="1"/>
<pin id="3547" dir="1" index="1" bw="16" slack="1"/>
</pin_list>
<bind>
<opset="select_ln51_49 "/>
</bind>
</comp>

<comp id="3550" class="1005" name="select_ln51_50_reg_3550">
<pin_list>
<pin id="3551" dir="0" index="0" bw="16" slack="1"/>
<pin id="3552" dir="1" index="1" bw="16" slack="1"/>
</pin_list>
<bind>
<opset="select_ln51_50 "/>
</bind>
</comp>

<comp id="3555" class="1005" name="select_ln51_51_reg_3555">
<pin_list>
<pin id="3556" dir="0" index="0" bw="16" slack="1"/>
<pin id="3557" dir="1" index="1" bw="16" slack="1"/>
</pin_list>
<bind>
<opset="select_ln51_51 "/>
</bind>
</comp>

<comp id="3560" class="1005" name="select_ln51_52_reg_3560">
<pin_list>
<pin id="3561" dir="0" index="0" bw="16" slack="1"/>
<pin id="3562" dir="1" index="1" bw="16" slack="1"/>
</pin_list>
<bind>
<opset="select_ln51_52 "/>
</bind>
</comp>

<comp id="3565" class="1005" name="select_ln51_53_reg_3565">
<pin_list>
<pin id="3566" dir="0" index="0" bw="16" slack="1"/>
<pin id="3567" dir="1" index="1" bw="16" slack="1"/>
</pin_list>
<bind>
<opset="select_ln51_53 "/>
</bind>
</comp>

<comp id="3570" class="1005" name="select_ln51_54_reg_3570">
<pin_list>
<pin id="3571" dir="0" index="0" bw="16" slack="1"/>
<pin id="3572" dir="1" index="1" bw="16" slack="1"/>
</pin_list>
<bind>
<opset="select_ln51_54 "/>
</bind>
</comp>

<comp id="3575" class="1005" name="select_ln51_55_reg_3575">
<pin_list>
<pin id="3576" dir="0" index="0" bw="16" slack="1"/>
<pin id="3577" dir="1" index="1" bw="16" slack="1"/>
</pin_list>
<bind>
<opset="select_ln51_55 "/>
</bind>
</comp>

<comp id="3580" class="1005" name="select_ln51_56_reg_3580">
<pin_list>
<pin id="3581" dir="0" index="0" bw="16" slack="1"/>
<pin id="3582" dir="1" index="1" bw="16" slack="1"/>
</pin_list>
<bind>
<opset="select_ln51_56 "/>
</bind>
</comp>

<comp id="3585" class="1005" name="select_ln51_57_reg_3585">
<pin_list>
<pin id="3586" dir="0" index="0" bw="16" slack="1"/>
<pin id="3587" dir="1" index="1" bw="16" slack="1"/>
</pin_list>
<bind>
<opset="select_ln51_57 "/>
</bind>
</comp>

<comp id="3590" class="1005" name="select_ln51_58_reg_3590">
<pin_list>
<pin id="3591" dir="0" index="0" bw="16" slack="1"/>
<pin id="3592" dir="1" index="1" bw="16" slack="1"/>
</pin_list>
<bind>
<opset="select_ln51_58 "/>
</bind>
</comp>

<comp id="3595" class="1005" name="select_ln51_59_reg_3595">
<pin_list>
<pin id="3596" dir="0" index="0" bw="16" slack="1"/>
<pin id="3597" dir="1" index="1" bw="16" slack="1"/>
</pin_list>
<bind>
<opset="select_ln51_59 "/>
</bind>
</comp>

<comp id="3600" class="1005" name="select_ln51_60_reg_3600">
<pin_list>
<pin id="3601" dir="0" index="0" bw="16" slack="1"/>
<pin id="3602" dir="1" index="1" bw="16" slack="1"/>
</pin_list>
<bind>
<opset="select_ln51_60 "/>
</bind>
</comp>

<comp id="3605" class="1005" name="select_ln51_61_reg_3605">
<pin_list>
<pin id="3606" dir="0" index="0" bw="16" slack="1"/>
<pin id="3607" dir="1" index="1" bw="16" slack="1"/>
</pin_list>
<bind>
<opset="select_ln51_61 "/>
</bind>
</comp>

<comp id="3610" class="1005" name="select_ln51_62_reg_3610">
<pin_list>
<pin id="3611" dir="0" index="0" bw="16" slack="1"/>
<pin id="3612" dir="1" index="1" bw="16" slack="1"/>
</pin_list>
<bind>
<opset="select_ln51_62 "/>
</bind>
</comp>

<comp id="3615" class="1005" name="select_ln51_63_reg_3615">
<pin_list>
<pin id="3616" dir="0" index="0" bw="16" slack="1"/>
<pin id="3617" dir="1" index="1" bw="16" slack="1"/>
</pin_list>
<bind>
<opset="select_ln51_63 "/>
</bind>
</comp>

</comp_list>

<net_list>
<net id="540"><net_src comp="4" pin="0"/><net_sink comp="536" pin=0"/></net>

<net id="541"><net_src comp="0" pin="0"/><net_sink comp="536" pin=1"/></net>

<net id="547"><net_src comp="534" pin="0"/><net_sink comp="542" pin=0"/></net>

<net id="548"><net_src comp="2" pin="0"/><net_sink comp="542" pin=1"/></net>

<net id="552"><net_src comp="536" pin="2"/><net_sink comp="549" pin=0"/></net>

<net id="559"><net_src comp="6" pin="0"/><net_sink comp="553" pin=0"/></net>

<net id="560"><net_src comp="536" pin="2"/><net_sink comp="553" pin=1"/></net>

<net id="561"><net_src comp="8" pin="0"/><net_sink comp="553" pin=2"/></net>

<net id="562"><net_src comp="10" pin="0"/><net_sink comp="553" pin=3"/></net>

<net id="569"><net_src comp="6" pin="0"/><net_sink comp="563" pin=0"/></net>

<net id="570"><net_src comp="536" pin="2"/><net_sink comp="563" pin=1"/></net>

<net id="571"><net_src comp="12" pin="0"/><net_sink comp="563" pin=2"/></net>

<net id="572"><net_src comp="14" pin="0"/><net_sink comp="563" pin=3"/></net>

<net id="579"><net_src comp="6" pin="0"/><net_sink comp="573" pin=0"/></net>

<net id="580"><net_src comp="536" pin="2"/><net_sink comp="573" pin=1"/></net>

<net id="581"><net_src comp="16" pin="0"/><net_sink comp="573" pin=2"/></net>

<net id="582"><net_src comp="18" pin="0"/><net_sink comp="573" pin=3"/></net>

<net id="589"><net_src comp="6" pin="0"/><net_sink comp="583" pin=0"/></net>

<net id="590"><net_src comp="536" pin="2"/><net_sink comp="583" pin=1"/></net>

<net id="591"><net_src comp="20" pin="0"/><net_sink comp="583" pin=2"/></net>

<net id="592"><net_src comp="22" pin="0"/><net_sink comp="583" pin=3"/></net>

<net id="599"><net_src comp="6" pin="0"/><net_sink comp="593" pin=0"/></net>

<net id="600"><net_src comp="536" pin="2"/><net_sink comp="593" pin=1"/></net>

<net id="601"><net_src comp="24" pin="0"/><net_sink comp="593" pin=2"/></net>

<net id="602"><net_src comp="26" pin="0"/><net_sink comp="593" pin=3"/></net>

<net id="609"><net_src comp="6" pin="0"/><net_sink comp="603" pin=0"/></net>

<net id="610"><net_src comp="536" pin="2"/><net_sink comp="603" pin=1"/></net>

<net id="611"><net_src comp="28" pin="0"/><net_sink comp="603" pin=2"/></net>

<net id="612"><net_src comp="30" pin="0"/><net_sink comp="603" pin=3"/></net>

<net id="619"><net_src comp="6" pin="0"/><net_sink comp="613" pin=0"/></net>

<net id="620"><net_src comp="536" pin="2"/><net_sink comp="613" pin=1"/></net>

<net id="621"><net_src comp="32" pin="0"/><net_sink comp="613" pin=2"/></net>

<net id="622"><net_src comp="34" pin="0"/><net_sink comp="613" pin=3"/></net>

<net id="629"><net_src comp="6" pin="0"/><net_sink comp="623" pin=0"/></net>

<net id="630"><net_src comp="536" pin="2"/><net_sink comp="623" pin=1"/></net>

<net id="631"><net_src comp="36" pin="0"/><net_sink comp="623" pin=2"/></net>

<net id="632"><net_src comp="38" pin="0"/><net_sink comp="623" pin=3"/></net>

<net id="639"><net_src comp="6" pin="0"/><net_sink comp="633" pin=0"/></net>

<net id="640"><net_src comp="536" pin="2"/><net_sink comp="633" pin=1"/></net>

<net id="641"><net_src comp="40" pin="0"/><net_sink comp="633" pin=2"/></net>

<net id="642"><net_src comp="42" pin="0"/><net_sink comp="633" pin=3"/></net>

<net id="649"><net_src comp="6" pin="0"/><net_sink comp="643" pin=0"/></net>

<net id="650"><net_src comp="536" pin="2"/><net_sink comp="643" pin=1"/></net>

<net id="651"><net_src comp="44" pin="0"/><net_sink comp="643" pin=2"/></net>

<net id="652"><net_src comp="46" pin="0"/><net_sink comp="643" pin=3"/></net>

<net id="659"><net_src comp="6" pin="0"/><net_sink comp="653" pin=0"/></net>

<net id="660"><net_src comp="536" pin="2"/><net_sink comp="653" pin=1"/></net>

<net id="661"><net_src comp="48" pin="0"/><net_sink comp="653" pin=2"/></net>

<net id="662"><net_src comp="50" pin="0"/><net_sink comp="653" pin=3"/></net>

<net id="669"><net_src comp="6" pin="0"/><net_sink comp="663" pin=0"/></net>

<net id="670"><net_src comp="536" pin="2"/><net_sink comp="663" pin=1"/></net>

<net id="671"><net_src comp="52" pin="0"/><net_sink comp="663" pin=2"/></net>

<net id="672"><net_src comp="54" pin="0"/><net_sink comp="663" pin=3"/></net>

<net id="679"><net_src comp="6" pin="0"/><net_sink comp="673" pin=0"/></net>

<net id="680"><net_src comp="536" pin="2"/><net_sink comp="673" pin=1"/></net>

<net id="681"><net_src comp="56" pin="0"/><net_sink comp="673" pin=2"/></net>

<net id="682"><net_src comp="58" pin="0"/><net_sink comp="673" pin=3"/></net>

<net id="689"><net_src comp="6" pin="0"/><net_sink comp="683" pin=0"/></net>

<net id="690"><net_src comp="536" pin="2"/><net_sink comp="683" pin=1"/></net>

<net id="691"><net_src comp="60" pin="0"/><net_sink comp="683" pin=2"/></net>

<net id="692"><net_src comp="62" pin="0"/><net_sink comp="683" pin=3"/></net>

<net id="699"><net_src comp="6" pin="0"/><net_sink comp="693" pin=0"/></net>

<net id="700"><net_src comp="536" pin="2"/><net_sink comp="693" pin=1"/></net>

<net id="701"><net_src comp="64" pin="0"/><net_sink comp="693" pin=2"/></net>

<net id="702"><net_src comp="66" pin="0"/><net_sink comp="693" pin=3"/></net>

<net id="709"><net_src comp="6" pin="0"/><net_sink comp="703" pin=0"/></net>

<net id="710"><net_src comp="536" pin="2"/><net_sink comp="703" pin=1"/></net>

<net id="711"><net_src comp="68" pin="0"/><net_sink comp="703" pin=2"/></net>

<net id="712"><net_src comp="70" pin="0"/><net_sink comp="703" pin=3"/></net>

<net id="719"><net_src comp="6" pin="0"/><net_sink comp="713" pin=0"/></net>

<net id="720"><net_src comp="536" pin="2"/><net_sink comp="713" pin=1"/></net>

<net id="721"><net_src comp="72" pin="0"/><net_sink comp="713" pin=2"/></net>

<net id="722"><net_src comp="74" pin="0"/><net_sink comp="713" pin=3"/></net>

<net id="729"><net_src comp="6" pin="0"/><net_sink comp="723" pin=0"/></net>

<net id="730"><net_src comp="536" pin="2"/><net_sink comp="723" pin=1"/></net>

<net id="731"><net_src comp="76" pin="0"/><net_sink comp="723" pin=2"/></net>

<net id="732"><net_src comp="78" pin="0"/><net_sink comp="723" pin=3"/></net>

<net id="739"><net_src comp="6" pin="0"/><net_sink comp="733" pin=0"/></net>

<net id="740"><net_src comp="536" pin="2"/><net_sink comp="733" pin=1"/></net>

<net id="741"><net_src comp="80" pin="0"/><net_sink comp="733" pin=2"/></net>

<net id="742"><net_src comp="82" pin="0"/><net_sink comp="733" pin=3"/></net>

<net id="749"><net_src comp="6" pin="0"/><net_sink comp="743" pin=0"/></net>

<net id="750"><net_src comp="536" pin="2"/><net_sink comp="743" pin=1"/></net>

<net id="751"><net_src comp="84" pin="0"/><net_sink comp="743" pin=2"/></net>

<net id="752"><net_src comp="86" pin="0"/><net_sink comp="743" pin=3"/></net>

<net id="759"><net_src comp="6" pin="0"/><net_sink comp="753" pin=0"/></net>

<net id="760"><net_src comp="536" pin="2"/><net_sink comp="753" pin=1"/></net>

<net id="761"><net_src comp="88" pin="0"/><net_sink comp="753" pin=2"/></net>

<net id="762"><net_src comp="90" pin="0"/><net_sink comp="753" pin=3"/></net>

<net id="769"><net_src comp="6" pin="0"/><net_sink comp="763" pin=0"/></net>

<net id="770"><net_src comp="536" pin="2"/><net_sink comp="763" pin=1"/></net>

<net id="771"><net_src comp="92" pin="0"/><net_sink comp="763" pin=2"/></net>

<net id="772"><net_src comp="94" pin="0"/><net_sink comp="763" pin=3"/></net>

<net id="779"><net_src comp="6" pin="0"/><net_sink comp="773" pin=0"/></net>

<net id="780"><net_src comp="536" pin="2"/><net_sink comp="773" pin=1"/></net>

<net id="781"><net_src comp="96" pin="0"/><net_sink comp="773" pin=2"/></net>

<net id="782"><net_src comp="98" pin="0"/><net_sink comp="773" pin=3"/></net>

<net id="789"><net_src comp="6" pin="0"/><net_sink comp="783" pin=0"/></net>

<net id="790"><net_src comp="536" pin="2"/><net_sink comp="783" pin=1"/></net>

<net id="791"><net_src comp="100" pin="0"/><net_sink comp="783" pin=2"/></net>

<net id="792"><net_src comp="102" pin="0"/><net_sink comp="783" pin=3"/></net>

<net id="799"><net_src comp="6" pin="0"/><net_sink comp="793" pin=0"/></net>

<net id="800"><net_src comp="536" pin="2"/><net_sink comp="793" pin=1"/></net>

<net id="801"><net_src comp="104" pin="0"/><net_sink comp="793" pin=2"/></net>

<net id="802"><net_src comp="106" pin="0"/><net_sink comp="793" pin=3"/></net>

<net id="809"><net_src comp="6" pin="0"/><net_sink comp="803" pin=0"/></net>

<net id="810"><net_src comp="536" pin="2"/><net_sink comp="803" pin=1"/></net>

<net id="811"><net_src comp="108" pin="0"/><net_sink comp="803" pin=2"/></net>

<net id="812"><net_src comp="110" pin="0"/><net_sink comp="803" pin=3"/></net>

<net id="819"><net_src comp="6" pin="0"/><net_sink comp="813" pin=0"/></net>

<net id="820"><net_src comp="536" pin="2"/><net_sink comp="813" pin=1"/></net>

<net id="821"><net_src comp="112" pin="0"/><net_sink comp="813" pin=2"/></net>

<net id="822"><net_src comp="114" pin="0"/><net_sink comp="813" pin=3"/></net>

<net id="829"><net_src comp="6" pin="0"/><net_sink comp="823" pin=0"/></net>

<net id="830"><net_src comp="536" pin="2"/><net_sink comp="823" pin=1"/></net>

<net id="831"><net_src comp="116" pin="0"/><net_sink comp="823" pin=2"/></net>

<net id="832"><net_src comp="118" pin="0"/><net_sink comp="823" pin=3"/></net>

<net id="839"><net_src comp="6" pin="0"/><net_sink comp="833" pin=0"/></net>

<net id="840"><net_src comp="536" pin="2"/><net_sink comp="833" pin=1"/></net>

<net id="841"><net_src comp="120" pin="0"/><net_sink comp="833" pin=2"/></net>

<net id="842"><net_src comp="122" pin="0"/><net_sink comp="833" pin=3"/></net>

<net id="849"><net_src comp="6" pin="0"/><net_sink comp="843" pin=0"/></net>

<net id="850"><net_src comp="536" pin="2"/><net_sink comp="843" pin=1"/></net>

<net id="851"><net_src comp="124" pin="0"/><net_sink comp="843" pin=2"/></net>

<net id="852"><net_src comp="126" pin="0"/><net_sink comp="843" pin=3"/></net>

<net id="859"><net_src comp="6" pin="0"/><net_sink comp="853" pin=0"/></net>

<net id="860"><net_src comp="536" pin="2"/><net_sink comp="853" pin=1"/></net>

<net id="861"><net_src comp="128" pin="0"/><net_sink comp="853" pin=2"/></net>

<net id="862"><net_src comp="130" pin="0"/><net_sink comp="853" pin=3"/></net>

<net id="869"><net_src comp="6" pin="0"/><net_sink comp="863" pin=0"/></net>

<net id="870"><net_src comp="536" pin="2"/><net_sink comp="863" pin=1"/></net>

<net id="871"><net_src comp="132" pin="0"/><net_sink comp="863" pin=2"/></net>

<net id="872"><net_src comp="134" pin="0"/><net_sink comp="863" pin=3"/></net>

<net id="879"><net_src comp="6" pin="0"/><net_sink comp="873" pin=0"/></net>

<net id="880"><net_src comp="536" pin="2"/><net_sink comp="873" pin=1"/></net>

<net id="881"><net_src comp="136" pin="0"/><net_sink comp="873" pin=2"/></net>

<net id="882"><net_src comp="138" pin="0"/><net_sink comp="873" pin=3"/></net>

<net id="889"><net_src comp="6" pin="0"/><net_sink comp="883" pin=0"/></net>

<net id="890"><net_src comp="536" pin="2"/><net_sink comp="883" pin=1"/></net>

<net id="891"><net_src comp="140" pin="0"/><net_sink comp="883" pin=2"/></net>

<net id="892"><net_src comp="142" pin="0"/><net_sink comp="883" pin=3"/></net>

<net id="899"><net_src comp="6" pin="0"/><net_sink comp="893" pin=0"/></net>

<net id="900"><net_src comp="536" pin="2"/><net_sink comp="893" pin=1"/></net>

<net id="901"><net_src comp="144" pin="0"/><net_sink comp="893" pin=2"/></net>

<net id="902"><net_src comp="146" pin="0"/><net_sink comp="893" pin=3"/></net>

<net id="909"><net_src comp="6" pin="0"/><net_sink comp="903" pin=0"/></net>

<net id="910"><net_src comp="536" pin="2"/><net_sink comp="903" pin=1"/></net>

<net id="911"><net_src comp="148" pin="0"/><net_sink comp="903" pin=2"/></net>

<net id="912"><net_src comp="150" pin="0"/><net_sink comp="903" pin=3"/></net>

<net id="919"><net_src comp="6" pin="0"/><net_sink comp="913" pin=0"/></net>

<net id="920"><net_src comp="536" pin="2"/><net_sink comp="913" pin=1"/></net>

<net id="921"><net_src comp="152" pin="0"/><net_sink comp="913" pin=2"/></net>

<net id="922"><net_src comp="154" pin="0"/><net_sink comp="913" pin=3"/></net>

<net id="929"><net_src comp="6" pin="0"/><net_sink comp="923" pin=0"/></net>

<net id="930"><net_src comp="536" pin="2"/><net_sink comp="923" pin=1"/></net>

<net id="931"><net_src comp="156" pin="0"/><net_sink comp="923" pin=2"/></net>

<net id="932"><net_src comp="158" pin="0"/><net_sink comp="923" pin=3"/></net>

<net id="939"><net_src comp="6" pin="0"/><net_sink comp="933" pin=0"/></net>

<net id="940"><net_src comp="536" pin="2"/><net_sink comp="933" pin=1"/></net>

<net id="941"><net_src comp="160" pin="0"/><net_sink comp="933" pin=2"/></net>

<net id="942"><net_src comp="162" pin="0"/><net_sink comp="933" pin=3"/></net>

<net id="949"><net_src comp="6" pin="0"/><net_sink comp="943" pin=0"/></net>

<net id="950"><net_src comp="536" pin="2"/><net_sink comp="943" pin=1"/></net>

<net id="951"><net_src comp="164" pin="0"/><net_sink comp="943" pin=2"/></net>

<net id="952"><net_src comp="166" pin="0"/><net_sink comp="943" pin=3"/></net>

<net id="959"><net_src comp="6" pin="0"/><net_sink comp="953" pin=0"/></net>

<net id="960"><net_src comp="536" pin="2"/><net_sink comp="953" pin=1"/></net>

<net id="961"><net_src comp="168" pin="0"/><net_sink comp="953" pin=2"/></net>

<net id="962"><net_src comp="170" pin="0"/><net_sink comp="953" pin=3"/></net>

<net id="969"><net_src comp="6" pin="0"/><net_sink comp="963" pin=0"/></net>

<net id="970"><net_src comp="536" pin="2"/><net_sink comp="963" pin=1"/></net>

<net id="971"><net_src comp="172" pin="0"/><net_sink comp="963" pin=2"/></net>

<net id="972"><net_src comp="174" pin="0"/><net_sink comp="963" pin=3"/></net>

<net id="979"><net_src comp="6" pin="0"/><net_sink comp="973" pin=0"/></net>

<net id="980"><net_src comp="536" pin="2"/><net_sink comp="973" pin=1"/></net>

<net id="981"><net_src comp="176" pin="0"/><net_sink comp="973" pin=2"/></net>

<net id="982"><net_src comp="178" pin="0"/><net_sink comp="973" pin=3"/></net>

<net id="989"><net_src comp="6" pin="0"/><net_sink comp="983" pin=0"/></net>

<net id="990"><net_src comp="536" pin="2"/><net_sink comp="983" pin=1"/></net>

<net id="991"><net_src comp="180" pin="0"/><net_sink comp="983" pin=2"/></net>

<net id="992"><net_src comp="182" pin="0"/><net_sink comp="983" pin=3"/></net>

<net id="999"><net_src comp="6" pin="0"/><net_sink comp="993" pin=0"/></net>

<net id="1000"><net_src comp="536" pin="2"/><net_sink comp="993" pin=1"/></net>

<net id="1001"><net_src comp="184" pin="0"/><net_sink comp="993" pin=2"/></net>

<net id="1002"><net_src comp="186" pin="0"/><net_sink comp="993" pin=3"/></net>

<net id="1009"><net_src comp="6" pin="0"/><net_sink comp="1003" pin=0"/></net>

<net id="1010"><net_src comp="536" pin="2"/><net_sink comp="1003" pin=1"/></net>

<net id="1011"><net_src comp="188" pin="0"/><net_sink comp="1003" pin=2"/></net>

<net id="1012"><net_src comp="190" pin="0"/><net_sink comp="1003" pin=3"/></net>

<net id="1019"><net_src comp="6" pin="0"/><net_sink comp="1013" pin=0"/></net>

<net id="1020"><net_src comp="536" pin="2"/><net_sink comp="1013" pin=1"/></net>

<net id="1021"><net_src comp="192" pin="0"/><net_sink comp="1013" pin=2"/></net>

<net id="1022"><net_src comp="194" pin="0"/><net_sink comp="1013" pin=3"/></net>

<net id="1029"><net_src comp="6" pin="0"/><net_sink comp="1023" pin=0"/></net>

<net id="1030"><net_src comp="536" pin="2"/><net_sink comp="1023" pin=1"/></net>

<net id="1031"><net_src comp="196" pin="0"/><net_sink comp="1023" pin=2"/></net>

<net id="1032"><net_src comp="198" pin="0"/><net_sink comp="1023" pin=3"/></net>

<net id="1039"><net_src comp="6" pin="0"/><net_sink comp="1033" pin=0"/></net>

<net id="1040"><net_src comp="536" pin="2"/><net_sink comp="1033" pin=1"/></net>

<net id="1041"><net_src comp="200" pin="0"/><net_sink comp="1033" pin=2"/></net>

<net id="1042"><net_src comp="202" pin="0"/><net_sink comp="1033" pin=3"/></net>

<net id="1049"><net_src comp="6" pin="0"/><net_sink comp="1043" pin=0"/></net>

<net id="1050"><net_src comp="536" pin="2"/><net_sink comp="1043" pin=1"/></net>

<net id="1051"><net_src comp="204" pin="0"/><net_sink comp="1043" pin=2"/></net>

<net id="1052"><net_src comp="206" pin="0"/><net_sink comp="1043" pin=3"/></net>

<net id="1059"><net_src comp="6" pin="0"/><net_sink comp="1053" pin=0"/></net>

<net id="1060"><net_src comp="536" pin="2"/><net_sink comp="1053" pin=1"/></net>

<net id="1061"><net_src comp="208" pin="0"/><net_sink comp="1053" pin=2"/></net>

<net id="1062"><net_src comp="210" pin="0"/><net_sink comp="1053" pin=3"/></net>

<net id="1069"><net_src comp="6" pin="0"/><net_sink comp="1063" pin=0"/></net>

<net id="1070"><net_src comp="536" pin="2"/><net_sink comp="1063" pin=1"/></net>

<net id="1071"><net_src comp="212" pin="0"/><net_sink comp="1063" pin=2"/></net>

<net id="1072"><net_src comp="214" pin="0"/><net_sink comp="1063" pin=3"/></net>

<net id="1079"><net_src comp="6" pin="0"/><net_sink comp="1073" pin=0"/></net>

<net id="1080"><net_src comp="536" pin="2"/><net_sink comp="1073" pin=1"/></net>

<net id="1081"><net_src comp="216" pin="0"/><net_sink comp="1073" pin=2"/></net>

<net id="1082"><net_src comp="218" pin="0"/><net_sink comp="1073" pin=3"/></net>

<net id="1089"><net_src comp="6" pin="0"/><net_sink comp="1083" pin=0"/></net>

<net id="1090"><net_src comp="536" pin="2"/><net_sink comp="1083" pin=1"/></net>

<net id="1091"><net_src comp="220" pin="0"/><net_sink comp="1083" pin=2"/></net>

<net id="1092"><net_src comp="222" pin="0"/><net_sink comp="1083" pin=3"/></net>

<net id="1099"><net_src comp="6" pin="0"/><net_sink comp="1093" pin=0"/></net>

<net id="1100"><net_src comp="536" pin="2"/><net_sink comp="1093" pin=1"/></net>

<net id="1101"><net_src comp="224" pin="0"/><net_sink comp="1093" pin=2"/></net>

<net id="1102"><net_src comp="226" pin="0"/><net_sink comp="1093" pin=3"/></net>

<net id="1109"><net_src comp="6" pin="0"/><net_sink comp="1103" pin=0"/></net>

<net id="1110"><net_src comp="536" pin="2"/><net_sink comp="1103" pin=1"/></net>

<net id="1111"><net_src comp="228" pin="0"/><net_sink comp="1103" pin=2"/></net>

<net id="1112"><net_src comp="230" pin="0"/><net_sink comp="1103" pin=3"/></net>

<net id="1119"><net_src comp="6" pin="0"/><net_sink comp="1113" pin=0"/></net>

<net id="1120"><net_src comp="536" pin="2"/><net_sink comp="1113" pin=1"/></net>

<net id="1121"><net_src comp="232" pin="0"/><net_sink comp="1113" pin=2"/></net>

<net id="1122"><net_src comp="234" pin="0"/><net_sink comp="1113" pin=3"/></net>

<net id="1129"><net_src comp="6" pin="0"/><net_sink comp="1123" pin=0"/></net>

<net id="1130"><net_src comp="536" pin="2"/><net_sink comp="1123" pin=1"/></net>

<net id="1131"><net_src comp="236" pin="0"/><net_sink comp="1123" pin=2"/></net>

<net id="1132"><net_src comp="238" pin="0"/><net_sink comp="1123" pin=3"/></net>

<net id="1139"><net_src comp="6" pin="0"/><net_sink comp="1133" pin=0"/></net>

<net id="1140"><net_src comp="536" pin="2"/><net_sink comp="1133" pin=1"/></net>

<net id="1141"><net_src comp="240" pin="0"/><net_sink comp="1133" pin=2"/></net>

<net id="1142"><net_src comp="242" pin="0"/><net_sink comp="1133" pin=3"/></net>

<net id="1149"><net_src comp="6" pin="0"/><net_sink comp="1143" pin=0"/></net>

<net id="1150"><net_src comp="536" pin="2"/><net_sink comp="1143" pin=1"/></net>

<net id="1151"><net_src comp="244" pin="0"/><net_sink comp="1143" pin=2"/></net>

<net id="1152"><net_src comp="246" pin="0"/><net_sink comp="1143" pin=3"/></net>

<net id="1159"><net_src comp="6" pin="0"/><net_sink comp="1153" pin=0"/></net>

<net id="1160"><net_src comp="536" pin="2"/><net_sink comp="1153" pin=1"/></net>

<net id="1161"><net_src comp="248" pin="0"/><net_sink comp="1153" pin=2"/></net>

<net id="1162"><net_src comp="250" pin="0"/><net_sink comp="1153" pin=3"/></net>

<net id="1169"><net_src comp="6" pin="0"/><net_sink comp="1163" pin=0"/></net>

<net id="1170"><net_src comp="536" pin="2"/><net_sink comp="1163" pin=1"/></net>

<net id="1171"><net_src comp="252" pin="0"/><net_sink comp="1163" pin=2"/></net>

<net id="1172"><net_src comp="254" pin="0"/><net_sink comp="1163" pin=3"/></net>

<net id="1179"><net_src comp="6" pin="0"/><net_sink comp="1173" pin=0"/></net>

<net id="1180"><net_src comp="536" pin="2"/><net_sink comp="1173" pin=1"/></net>

<net id="1181"><net_src comp="256" pin="0"/><net_sink comp="1173" pin=2"/></net>

<net id="1182"><net_src comp="258" pin="0"/><net_sink comp="1173" pin=3"/></net>

<net id="1189"><net_src comp="260" pin="0"/><net_sink comp="1183" pin=0"/></net>

<net id="1190"><net_src comp="536" pin="2"/><net_sink comp="1183" pin=1"/></net>

<net id="1191"><net_src comp="262" pin="0"/><net_sink comp="1183" pin=2"/></net>

<net id="1192"><net_src comp="264" pin="0"/><net_sink comp="1183" pin=3"/></net>

<net id="1199"><net_src comp="260" pin="0"/><net_sink comp="1193" pin=0"/></net>

<net id="1200"><net_src comp="536" pin="2"/><net_sink comp="1193" pin=1"/></net>

<net id="1201"><net_src comp="266" pin="0"/><net_sink comp="1193" pin=2"/></net>

<net id="1202"><net_src comp="268" pin="0"/><net_sink comp="1193" pin=3"/></net>

<net id="1209"><net_src comp="260" pin="0"/><net_sink comp="1203" pin=0"/></net>

<net id="1210"><net_src comp="536" pin="2"/><net_sink comp="1203" pin=1"/></net>

<net id="1211"><net_src comp="270" pin="0"/><net_sink comp="1203" pin=2"/></net>

<net id="1212"><net_src comp="272" pin="0"/><net_sink comp="1203" pin=3"/></net>

<net id="1219"><net_src comp="260" pin="0"/><net_sink comp="1213" pin=0"/></net>

<net id="1220"><net_src comp="536" pin="2"/><net_sink comp="1213" pin=1"/></net>

<net id="1221"><net_src comp="274" pin="0"/><net_sink comp="1213" pin=2"/></net>

<net id="1222"><net_src comp="276" pin="0"/><net_sink comp="1213" pin=3"/></net>

<net id="1229"><net_src comp="260" pin="0"/><net_sink comp="1223" pin=0"/></net>

<net id="1230"><net_src comp="536" pin="2"/><net_sink comp="1223" pin=1"/></net>

<net id="1231"><net_src comp="278" pin="0"/><net_sink comp="1223" pin=2"/></net>

<net id="1232"><net_src comp="280" pin="0"/><net_sink comp="1223" pin=3"/></net>

<net id="1239"><net_src comp="260" pin="0"/><net_sink comp="1233" pin=0"/></net>

<net id="1240"><net_src comp="536" pin="2"/><net_sink comp="1233" pin=1"/></net>

<net id="1241"><net_src comp="282" pin="0"/><net_sink comp="1233" pin=2"/></net>

<net id="1242"><net_src comp="284" pin="0"/><net_sink comp="1233" pin=3"/></net>

<net id="1249"><net_src comp="260" pin="0"/><net_sink comp="1243" pin=0"/></net>

<net id="1250"><net_src comp="536" pin="2"/><net_sink comp="1243" pin=1"/></net>

<net id="1251"><net_src comp="286" pin="0"/><net_sink comp="1243" pin=2"/></net>

<net id="1252"><net_src comp="288" pin="0"/><net_sink comp="1243" pin=3"/></net>

<net id="1259"><net_src comp="260" pin="0"/><net_sink comp="1253" pin=0"/></net>

<net id="1260"><net_src comp="536" pin="2"/><net_sink comp="1253" pin=1"/></net>

<net id="1261"><net_src comp="290" pin="0"/><net_sink comp="1253" pin=2"/></net>

<net id="1262"><net_src comp="292" pin="0"/><net_sink comp="1253" pin=3"/></net>

<net id="1269"><net_src comp="260" pin="0"/><net_sink comp="1263" pin=0"/></net>

<net id="1270"><net_src comp="536" pin="2"/><net_sink comp="1263" pin=1"/></net>

<net id="1271"><net_src comp="294" pin="0"/><net_sink comp="1263" pin=2"/></net>

<net id="1272"><net_src comp="296" pin="0"/><net_sink comp="1263" pin=3"/></net>

<net id="1279"><net_src comp="260" pin="0"/><net_sink comp="1273" pin=0"/></net>

<net id="1280"><net_src comp="536" pin="2"/><net_sink comp="1273" pin=1"/></net>

<net id="1281"><net_src comp="298" pin="0"/><net_sink comp="1273" pin=2"/></net>

<net id="1282"><net_src comp="300" pin="0"/><net_sink comp="1273" pin=3"/></net>

<net id="1289"><net_src comp="260" pin="0"/><net_sink comp="1283" pin=0"/></net>

<net id="1290"><net_src comp="536" pin="2"/><net_sink comp="1283" pin=1"/></net>

<net id="1291"><net_src comp="302" pin="0"/><net_sink comp="1283" pin=2"/></net>

<net id="1292"><net_src comp="304" pin="0"/><net_sink comp="1283" pin=3"/></net>

<net id="1299"><net_src comp="260" pin="0"/><net_sink comp="1293" pin=0"/></net>

<net id="1300"><net_src comp="536" pin="2"/><net_sink comp="1293" pin=1"/></net>

<net id="1301"><net_src comp="306" pin="0"/><net_sink comp="1293" pin=2"/></net>

<net id="1302"><net_src comp="308" pin="0"/><net_sink comp="1293" pin=3"/></net>

<net id="1309"><net_src comp="260" pin="0"/><net_sink comp="1303" pin=0"/></net>

<net id="1310"><net_src comp="536" pin="2"/><net_sink comp="1303" pin=1"/></net>

<net id="1311"><net_src comp="310" pin="0"/><net_sink comp="1303" pin=2"/></net>

<net id="1312"><net_src comp="312" pin="0"/><net_sink comp="1303" pin=3"/></net>

<net id="1319"><net_src comp="260" pin="0"/><net_sink comp="1313" pin=0"/></net>

<net id="1320"><net_src comp="536" pin="2"/><net_sink comp="1313" pin=1"/></net>

<net id="1321"><net_src comp="314" pin="0"/><net_sink comp="1313" pin=2"/></net>

<net id="1322"><net_src comp="316" pin="0"/><net_sink comp="1313" pin=3"/></net>

<net id="1329"><net_src comp="260" pin="0"/><net_sink comp="1323" pin=0"/></net>

<net id="1330"><net_src comp="536" pin="2"/><net_sink comp="1323" pin=1"/></net>

<net id="1331"><net_src comp="318" pin="0"/><net_sink comp="1323" pin=2"/></net>

<net id="1332"><net_src comp="320" pin="0"/><net_sink comp="1323" pin=3"/></net>

<net id="1339"><net_src comp="260" pin="0"/><net_sink comp="1333" pin=0"/></net>

<net id="1340"><net_src comp="536" pin="2"/><net_sink comp="1333" pin=1"/></net>

<net id="1341"><net_src comp="322" pin="0"/><net_sink comp="1333" pin=2"/></net>

<net id="1342"><net_src comp="324" pin="0"/><net_sink comp="1333" pin=3"/></net>

<net id="1349"><net_src comp="260" pin="0"/><net_sink comp="1343" pin=0"/></net>

<net id="1350"><net_src comp="536" pin="2"/><net_sink comp="1343" pin=1"/></net>

<net id="1351"><net_src comp="326" pin="0"/><net_sink comp="1343" pin=2"/></net>

<net id="1352"><net_src comp="328" pin="0"/><net_sink comp="1343" pin=3"/></net>

<net id="1359"><net_src comp="260" pin="0"/><net_sink comp="1353" pin=0"/></net>

<net id="1360"><net_src comp="536" pin="2"/><net_sink comp="1353" pin=1"/></net>

<net id="1361"><net_src comp="330" pin="0"/><net_sink comp="1353" pin=2"/></net>

<net id="1362"><net_src comp="332" pin="0"/><net_sink comp="1353" pin=3"/></net>

<net id="1369"><net_src comp="260" pin="0"/><net_sink comp="1363" pin=0"/></net>

<net id="1370"><net_src comp="536" pin="2"/><net_sink comp="1363" pin=1"/></net>

<net id="1371"><net_src comp="334" pin="0"/><net_sink comp="1363" pin=2"/></net>

<net id="1372"><net_src comp="336" pin="0"/><net_sink comp="1363" pin=3"/></net>

<net id="1379"><net_src comp="260" pin="0"/><net_sink comp="1373" pin=0"/></net>

<net id="1380"><net_src comp="536" pin="2"/><net_sink comp="1373" pin=1"/></net>

<net id="1381"><net_src comp="338" pin="0"/><net_sink comp="1373" pin=2"/></net>

<net id="1382"><net_src comp="340" pin="0"/><net_sink comp="1373" pin=3"/></net>

<net id="1389"><net_src comp="260" pin="0"/><net_sink comp="1383" pin=0"/></net>

<net id="1390"><net_src comp="536" pin="2"/><net_sink comp="1383" pin=1"/></net>

<net id="1391"><net_src comp="342" pin="0"/><net_sink comp="1383" pin=2"/></net>

<net id="1392"><net_src comp="344" pin="0"/><net_sink comp="1383" pin=3"/></net>

<net id="1399"><net_src comp="260" pin="0"/><net_sink comp="1393" pin=0"/></net>

<net id="1400"><net_src comp="536" pin="2"/><net_sink comp="1393" pin=1"/></net>

<net id="1401"><net_src comp="346" pin="0"/><net_sink comp="1393" pin=2"/></net>

<net id="1402"><net_src comp="348" pin="0"/><net_sink comp="1393" pin=3"/></net>

<net id="1409"><net_src comp="260" pin="0"/><net_sink comp="1403" pin=0"/></net>

<net id="1410"><net_src comp="536" pin="2"/><net_sink comp="1403" pin=1"/></net>

<net id="1411"><net_src comp="350" pin="0"/><net_sink comp="1403" pin=2"/></net>

<net id="1412"><net_src comp="352" pin="0"/><net_sink comp="1403" pin=3"/></net>

<net id="1419"><net_src comp="260" pin="0"/><net_sink comp="1413" pin=0"/></net>

<net id="1420"><net_src comp="536" pin="2"/><net_sink comp="1413" pin=1"/></net>

<net id="1421"><net_src comp="354" pin="0"/><net_sink comp="1413" pin=2"/></net>

<net id="1422"><net_src comp="356" pin="0"/><net_sink comp="1413" pin=3"/></net>

<net id="1429"><net_src comp="260" pin="0"/><net_sink comp="1423" pin=0"/></net>

<net id="1430"><net_src comp="536" pin="2"/><net_sink comp="1423" pin=1"/></net>

<net id="1431"><net_src comp="358" pin="0"/><net_sink comp="1423" pin=2"/></net>

<net id="1432"><net_src comp="360" pin="0"/><net_sink comp="1423" pin=3"/></net>

<net id="1439"><net_src comp="260" pin="0"/><net_sink comp="1433" pin=0"/></net>

<net id="1440"><net_src comp="536" pin="2"/><net_sink comp="1433" pin=1"/></net>

<net id="1441"><net_src comp="362" pin="0"/><net_sink comp="1433" pin=2"/></net>

<net id="1442"><net_src comp="364" pin="0"/><net_sink comp="1433" pin=3"/></net>

<net id="1449"><net_src comp="260" pin="0"/><net_sink comp="1443" pin=0"/></net>

<net id="1450"><net_src comp="536" pin="2"/><net_sink comp="1443" pin=1"/></net>

<net id="1451"><net_src comp="366" pin="0"/><net_sink comp="1443" pin=2"/></net>

<net id="1452"><net_src comp="368" pin="0"/><net_sink comp="1443" pin=3"/></net>

<net id="1459"><net_src comp="260" pin="0"/><net_sink comp="1453" pin=0"/></net>

<net id="1460"><net_src comp="536" pin="2"/><net_sink comp="1453" pin=1"/></net>

<net id="1461"><net_src comp="370" pin="0"/><net_sink comp="1453" pin=2"/></net>

<net id="1462"><net_src comp="372" pin="0"/><net_sink comp="1453" pin=3"/></net>

<net id="1469"><net_src comp="260" pin="0"/><net_sink comp="1463" pin=0"/></net>

<net id="1470"><net_src comp="536" pin="2"/><net_sink comp="1463" pin=1"/></net>

<net id="1471"><net_src comp="374" pin="0"/><net_sink comp="1463" pin=2"/></net>

<net id="1472"><net_src comp="376" pin="0"/><net_sink comp="1463" pin=3"/></net>

<net id="1479"><net_src comp="260" pin="0"/><net_sink comp="1473" pin=0"/></net>

<net id="1480"><net_src comp="536" pin="2"/><net_sink comp="1473" pin=1"/></net>

<net id="1481"><net_src comp="378" pin="0"/><net_sink comp="1473" pin=2"/></net>

<net id="1482"><net_src comp="380" pin="0"/><net_sink comp="1473" pin=3"/></net>

<net id="1489"><net_src comp="260" pin="0"/><net_sink comp="1483" pin=0"/></net>

<net id="1490"><net_src comp="536" pin="2"/><net_sink comp="1483" pin=1"/></net>

<net id="1491"><net_src comp="382" pin="0"/><net_sink comp="1483" pin=2"/></net>

<net id="1492"><net_src comp="384" pin="0"/><net_sink comp="1483" pin=3"/></net>

<net id="1499"><net_src comp="260" pin="0"/><net_sink comp="1493" pin=0"/></net>

<net id="1500"><net_src comp="536" pin="2"/><net_sink comp="1493" pin=1"/></net>

<net id="1501"><net_src comp="386" pin="0"/><net_sink comp="1493" pin=2"/></net>

<net id="1502"><net_src comp="388" pin="0"/><net_sink comp="1493" pin=3"/></net>

<net id="1509"><net_src comp="260" pin="0"/><net_sink comp="1503" pin=0"/></net>

<net id="1510"><net_src comp="536" pin="2"/><net_sink comp="1503" pin=1"/></net>

<net id="1511"><net_src comp="390" pin="0"/><net_sink comp="1503" pin=2"/></net>

<net id="1512"><net_src comp="392" pin="0"/><net_sink comp="1503" pin=3"/></net>

<net id="1519"><net_src comp="260" pin="0"/><net_sink comp="1513" pin=0"/></net>

<net id="1520"><net_src comp="536" pin="2"/><net_sink comp="1513" pin=1"/></net>

<net id="1521"><net_src comp="394" pin="0"/><net_sink comp="1513" pin=2"/></net>

<net id="1522"><net_src comp="396" pin="0"/><net_sink comp="1513" pin=3"/></net>

<net id="1529"><net_src comp="260" pin="0"/><net_sink comp="1523" pin=0"/></net>

<net id="1530"><net_src comp="536" pin="2"/><net_sink comp="1523" pin=1"/></net>

<net id="1531"><net_src comp="398" pin="0"/><net_sink comp="1523" pin=2"/></net>

<net id="1532"><net_src comp="400" pin="0"/><net_sink comp="1523" pin=3"/></net>

<net id="1539"><net_src comp="260" pin="0"/><net_sink comp="1533" pin=0"/></net>

<net id="1540"><net_src comp="536" pin="2"/><net_sink comp="1533" pin=1"/></net>

<net id="1541"><net_src comp="402" pin="0"/><net_sink comp="1533" pin=2"/></net>

<net id="1542"><net_src comp="404" pin="0"/><net_sink comp="1533" pin=3"/></net>

<net id="1549"><net_src comp="260" pin="0"/><net_sink comp="1543" pin=0"/></net>

<net id="1550"><net_src comp="536" pin="2"/><net_sink comp="1543" pin=1"/></net>

<net id="1551"><net_src comp="406" pin="0"/><net_sink comp="1543" pin=2"/></net>

<net id="1552"><net_src comp="408" pin="0"/><net_sink comp="1543" pin=3"/></net>

<net id="1559"><net_src comp="260" pin="0"/><net_sink comp="1553" pin=0"/></net>

<net id="1560"><net_src comp="536" pin="2"/><net_sink comp="1553" pin=1"/></net>

<net id="1561"><net_src comp="410" pin="0"/><net_sink comp="1553" pin=2"/></net>

<net id="1562"><net_src comp="412" pin="0"/><net_sink comp="1553" pin=3"/></net>

<net id="1569"><net_src comp="260" pin="0"/><net_sink comp="1563" pin=0"/></net>

<net id="1570"><net_src comp="536" pin="2"/><net_sink comp="1563" pin=1"/></net>

<net id="1571"><net_src comp="414" pin="0"/><net_sink comp="1563" pin=2"/></net>

<net id="1572"><net_src comp="416" pin="0"/><net_sink comp="1563" pin=3"/></net>

<net id="1579"><net_src comp="260" pin="0"/><net_sink comp="1573" pin=0"/></net>

<net id="1580"><net_src comp="536" pin="2"/><net_sink comp="1573" pin=1"/></net>

<net id="1581"><net_src comp="418" pin="0"/><net_sink comp="1573" pin=2"/></net>

<net id="1582"><net_src comp="420" pin="0"/><net_sink comp="1573" pin=3"/></net>

<net id="1589"><net_src comp="260" pin="0"/><net_sink comp="1583" pin=0"/></net>

<net id="1590"><net_src comp="536" pin="2"/><net_sink comp="1583" pin=1"/></net>

<net id="1591"><net_src comp="422" pin="0"/><net_sink comp="1583" pin=2"/></net>

<net id="1592"><net_src comp="424" pin="0"/><net_sink comp="1583" pin=3"/></net>

<net id="1599"><net_src comp="260" pin="0"/><net_sink comp="1593" pin=0"/></net>

<net id="1600"><net_src comp="536" pin="2"/><net_sink comp="1593" pin=1"/></net>

<net id="1601"><net_src comp="426" pin="0"/><net_sink comp="1593" pin=2"/></net>

<net id="1602"><net_src comp="428" pin="0"/><net_sink comp="1593" pin=3"/></net>

<net id="1609"><net_src comp="260" pin="0"/><net_sink comp="1603" pin=0"/></net>

<net id="1610"><net_src comp="536" pin="2"/><net_sink comp="1603" pin=1"/></net>

<net id="1611"><net_src comp="430" pin="0"/><net_sink comp="1603" pin=2"/></net>

<net id="1612"><net_src comp="432" pin="0"/><net_sink comp="1603" pin=3"/></net>

<net id="1619"><net_src comp="260" pin="0"/><net_sink comp="1613" pin=0"/></net>

<net id="1620"><net_src comp="536" pin="2"/><net_sink comp="1613" pin=1"/></net>

<net id="1621"><net_src comp="434" pin="0"/><net_sink comp="1613" pin=2"/></net>

<net id="1622"><net_src comp="436" pin="0"/><net_sink comp="1613" pin=3"/></net>

<net id="1629"><net_src comp="260" pin="0"/><net_sink comp="1623" pin=0"/></net>

<net id="1630"><net_src comp="536" pin="2"/><net_sink comp="1623" pin=1"/></net>

<net id="1631"><net_src comp="438" pin="0"/><net_sink comp="1623" pin=2"/></net>

<net id="1632"><net_src comp="440" pin="0"/><net_sink comp="1623" pin=3"/></net>

<net id="1639"><net_src comp="260" pin="0"/><net_sink comp="1633" pin=0"/></net>

<net id="1640"><net_src comp="536" pin="2"/><net_sink comp="1633" pin=1"/></net>

<net id="1641"><net_src comp="442" pin="0"/><net_sink comp="1633" pin=2"/></net>

<net id="1642"><net_src comp="444" pin="0"/><net_sink comp="1633" pin=3"/></net>

<net id="1649"><net_src comp="260" pin="0"/><net_sink comp="1643" pin=0"/></net>

<net id="1650"><net_src comp="536" pin="2"/><net_sink comp="1643" pin=1"/></net>

<net id="1651"><net_src comp="446" pin="0"/><net_sink comp="1643" pin=2"/></net>

<net id="1652"><net_src comp="448" pin="0"/><net_sink comp="1643" pin=3"/></net>

<net id="1659"><net_src comp="260" pin="0"/><net_sink comp="1653" pin=0"/></net>

<net id="1660"><net_src comp="536" pin="2"/><net_sink comp="1653" pin=1"/></net>

<net id="1661"><net_src comp="450" pin="0"/><net_sink comp="1653" pin=2"/></net>

<net id="1662"><net_src comp="452" pin="0"/><net_sink comp="1653" pin=3"/></net>

<net id="1669"><net_src comp="260" pin="0"/><net_sink comp="1663" pin=0"/></net>

<net id="1670"><net_src comp="536" pin="2"/><net_sink comp="1663" pin=1"/></net>

<net id="1671"><net_src comp="454" pin="0"/><net_sink comp="1663" pin=2"/></net>

<net id="1672"><net_src comp="456" pin="0"/><net_sink comp="1663" pin=3"/></net>

<net id="1679"><net_src comp="260" pin="0"/><net_sink comp="1673" pin=0"/></net>

<net id="1680"><net_src comp="536" pin="2"/><net_sink comp="1673" pin=1"/></net>

<net id="1681"><net_src comp="458" pin="0"/><net_sink comp="1673" pin=2"/></net>

<net id="1682"><net_src comp="460" pin="0"/><net_sink comp="1673" pin=3"/></net>

<net id="1689"><net_src comp="260" pin="0"/><net_sink comp="1683" pin=0"/></net>

<net id="1690"><net_src comp="536" pin="2"/><net_sink comp="1683" pin=1"/></net>

<net id="1691"><net_src comp="462" pin="0"/><net_sink comp="1683" pin=2"/></net>

<net id="1692"><net_src comp="464" pin="0"/><net_sink comp="1683" pin=3"/></net>

<net id="1699"><net_src comp="260" pin="0"/><net_sink comp="1693" pin=0"/></net>

<net id="1700"><net_src comp="536" pin="2"/><net_sink comp="1693" pin=1"/></net>

<net id="1701"><net_src comp="466" pin="0"/><net_sink comp="1693" pin=2"/></net>

<net id="1702"><net_src comp="468" pin="0"/><net_sink comp="1693" pin=3"/></net>

<net id="1709"><net_src comp="260" pin="0"/><net_sink comp="1703" pin=0"/></net>

<net id="1710"><net_src comp="536" pin="2"/><net_sink comp="1703" pin=1"/></net>

<net id="1711"><net_src comp="470" pin="0"/><net_sink comp="1703" pin=2"/></net>

<net id="1712"><net_src comp="472" pin="0"/><net_sink comp="1703" pin=3"/></net>

<net id="1719"><net_src comp="260" pin="0"/><net_sink comp="1713" pin=0"/></net>

<net id="1720"><net_src comp="536" pin="2"/><net_sink comp="1713" pin=1"/></net>

<net id="1721"><net_src comp="474" pin="0"/><net_sink comp="1713" pin=2"/></net>

<net id="1722"><net_src comp="476" pin="0"/><net_sink comp="1713" pin=3"/></net>

<net id="1729"><net_src comp="260" pin="0"/><net_sink comp="1723" pin=0"/></net>

<net id="1730"><net_src comp="536" pin="2"/><net_sink comp="1723" pin=1"/></net>

<net id="1731"><net_src comp="478" pin="0"/><net_sink comp="1723" pin=2"/></net>

<net id="1732"><net_src comp="480" pin="0"/><net_sink comp="1723" pin=3"/></net>

<net id="1739"><net_src comp="260" pin="0"/><net_sink comp="1733" pin=0"/></net>

<net id="1740"><net_src comp="536" pin="2"/><net_sink comp="1733" pin=1"/></net>

<net id="1741"><net_src comp="482" pin="0"/><net_sink comp="1733" pin=2"/></net>

<net id="1742"><net_src comp="484" pin="0"/><net_sink comp="1733" pin=3"/></net>

<net id="1749"><net_src comp="260" pin="0"/><net_sink comp="1743" pin=0"/></net>

<net id="1750"><net_src comp="536" pin="2"/><net_sink comp="1743" pin=1"/></net>

<net id="1751"><net_src comp="486" pin="0"/><net_sink comp="1743" pin=2"/></net>

<net id="1752"><net_src comp="488" pin="0"/><net_sink comp="1743" pin=3"/></net>

<net id="1759"><net_src comp="260" pin="0"/><net_sink comp="1753" pin=0"/></net>

<net id="1760"><net_src comp="536" pin="2"/><net_sink comp="1753" pin=1"/></net>

<net id="1761"><net_src comp="490" pin="0"/><net_sink comp="1753" pin=2"/></net>

<net id="1762"><net_src comp="492" pin="0"/><net_sink comp="1753" pin=3"/></net>

<net id="1769"><net_src comp="260" pin="0"/><net_sink comp="1763" pin=0"/></net>

<net id="1770"><net_src comp="536" pin="2"/><net_sink comp="1763" pin=1"/></net>

<net id="1771"><net_src comp="494" pin="0"/><net_sink comp="1763" pin=2"/></net>

<net id="1772"><net_src comp="496" pin="0"/><net_sink comp="1763" pin=3"/></net>

<net id="1779"><net_src comp="260" pin="0"/><net_sink comp="1773" pin=0"/></net>

<net id="1780"><net_src comp="536" pin="2"/><net_sink comp="1773" pin=1"/></net>

<net id="1781"><net_src comp="498" pin="0"/><net_sink comp="1773" pin=2"/></net>

<net id="1782"><net_src comp="500" pin="0"/><net_sink comp="1773" pin=3"/></net>

<net id="1789"><net_src comp="260" pin="0"/><net_sink comp="1783" pin=0"/></net>

<net id="1790"><net_src comp="536" pin="2"/><net_sink comp="1783" pin=1"/></net>

<net id="1791"><net_src comp="502" pin="0"/><net_sink comp="1783" pin=2"/></net>

<net id="1792"><net_src comp="504" pin="0"/><net_sink comp="1783" pin=3"/></net>

<net id="1799"><net_src comp="260" pin="0"/><net_sink comp="1793" pin=0"/></net>

<net id="1800"><net_src comp="536" pin="2"/><net_sink comp="1793" pin=1"/></net>

<net id="1801"><net_src comp="506" pin="0"/><net_sink comp="1793" pin=2"/></net>

<net id="1802"><net_src comp="508" pin="0"/><net_sink comp="1793" pin=3"/></net>

<net id="1809"><net_src comp="260" pin="0"/><net_sink comp="1803" pin=0"/></net>

<net id="1810"><net_src comp="536" pin="2"/><net_sink comp="1803" pin=1"/></net>

<net id="1811"><net_src comp="510" pin="0"/><net_sink comp="1803" pin=2"/></net>

<net id="1812"><net_src comp="512" pin="0"/><net_sink comp="1803" pin=3"/></net>

<net id="1819"><net_src comp="260" pin="0"/><net_sink comp="1813" pin=0"/></net>

<net id="1820"><net_src comp="536" pin="2"/><net_sink comp="1813" pin=1"/></net>

<net id="1821"><net_src comp="514" pin="0"/><net_sink comp="1813" pin=2"/></net>

<net id="1822"><net_src comp="516" pin="0"/><net_sink comp="1813" pin=3"/></net>

<net id="1827"><net_src comp="518" pin="0"/><net_sink comp="1823" pin=1"/></net>

<net id="1833"><net_src comp="1823" pin="2"/><net_sink comp="1828" pin=0"/></net>

<net id="1834"><net_src comp="520" pin="0"/><net_sink comp="1828" pin=2"/></net>

<net id="1839"><net_src comp="518" pin="0"/><net_sink comp="1835" pin=1"/></net>

<net id="1845"><net_src comp="1835" pin="2"/><net_sink comp="1840" pin=0"/></net>

<net id="1846"><net_src comp="520" pin="0"/><net_sink comp="1840" pin=2"/></net>

<net id="1851"><net_src comp="518" pin="0"/><net_sink comp="1847" pin=1"/></net>

<net id="1857"><net_src comp="1847" pin="2"/><net_sink comp="1852" pin=0"/></net>

<net id="1858"><net_src comp="520" pin="0"/><net_sink comp="1852" pin=2"/></net>

<net id="1863"><net_src comp="518" pin="0"/><net_sink comp="1859" pin=1"/></net>

<net id="1869"><net_src comp="1859" pin="2"/><net_sink comp="1864" pin=0"/></net>

<net id="1870"><net_src comp="520" pin="0"/><net_sink comp="1864" pin=2"/></net>

<net id="1875"><net_src comp="518" pin="0"/><net_sink comp="1871" pin=1"/></net>

<net id="1881"><net_src comp="1871" pin="2"/><net_sink comp="1876" pin=0"/></net>

<net id="1882"><net_src comp="520" pin="0"/><net_sink comp="1876" pin=2"/></net>

<net id="1887"><net_src comp="518" pin="0"/><net_sink comp="1883" pin=1"/></net>

<net id="1893"><net_src comp="1883" pin="2"/><net_sink comp="1888" pin=0"/></net>

<net id="1894"><net_src comp="520" pin="0"/><net_sink comp="1888" pin=2"/></net>

<net id="1899"><net_src comp="518" pin="0"/><net_sink comp="1895" pin=1"/></net>

<net id="1905"><net_src comp="1895" pin="2"/><net_sink comp="1900" pin=0"/></net>

<net id="1906"><net_src comp="520" pin="0"/><net_sink comp="1900" pin=2"/></net>

<net id="1911"><net_src comp="518" pin="0"/><net_sink comp="1907" pin=1"/></net>

<net id="1917"><net_src comp="1907" pin="2"/><net_sink comp="1912" pin=0"/></net>

<net id="1918"><net_src comp="520" pin="0"/><net_sink comp="1912" pin=2"/></net>

<net id="1923"><net_src comp="518" pin="0"/><net_sink comp="1919" pin=1"/></net>

<net id="1929"><net_src comp="1919" pin="2"/><net_sink comp="1924" pin=0"/></net>

<net id="1930"><net_src comp="520" pin="0"/><net_sink comp="1924" pin=2"/></net>

<net id="1935"><net_src comp="518" pin="0"/><net_sink comp="1931" pin=1"/></net>

<net id="1941"><net_src comp="1931" pin="2"/><net_sink comp="1936" pin=0"/></net>

<net id="1942"><net_src comp="520" pin="0"/><net_sink comp="1936" pin=2"/></net>

<net id="1947"><net_src comp="518" pin="0"/><net_sink comp="1943" pin=1"/></net>

<net id="1953"><net_src comp="1943" pin="2"/><net_sink comp="1948" pin=0"/></net>

<net id="1954"><net_src comp="520" pin="0"/><net_sink comp="1948" pin=2"/></net>

<net id="1959"><net_src comp="518" pin="0"/><net_sink comp="1955" pin=1"/></net>

<net id="1965"><net_src comp="1955" pin="2"/><net_sink comp="1960" pin=0"/></net>

<net id="1966"><net_src comp="520" pin="0"/><net_sink comp="1960" pin=2"/></net>

<net id="1971"><net_src comp="518" pin="0"/><net_sink comp="1967" pin=1"/></net>

<net id="1977"><net_src comp="1967" pin="2"/><net_sink comp="1972" pin=0"/></net>

<net id="1978"><net_src comp="520" pin="0"/><net_sink comp="1972" pin=2"/></net>

<net id="1983"><net_src comp="518" pin="0"/><net_sink comp="1979" pin=1"/></net>

<net id="1989"><net_src comp="1979" pin="2"/><net_sink comp="1984" pin=0"/></net>

<net id="1990"><net_src comp="520" pin="0"/><net_sink comp="1984" pin=2"/></net>

<net id="1995"><net_src comp="518" pin="0"/><net_sink comp="1991" pin=1"/></net>

<net id="2001"><net_src comp="1991" pin="2"/><net_sink comp="1996" pin=0"/></net>

<net id="2002"><net_src comp="520" pin="0"/><net_sink comp="1996" pin=2"/></net>

<net id="2007"><net_src comp="518" pin="0"/><net_sink comp="2003" pin=1"/></net>

<net id="2013"><net_src comp="2003" pin="2"/><net_sink comp="2008" pin=0"/></net>

<net id="2014"><net_src comp="520" pin="0"/><net_sink comp="2008" pin=2"/></net>

<net id="2019"><net_src comp="518" pin="0"/><net_sink comp="2015" pin=1"/></net>

<net id="2025"><net_src comp="2015" pin="2"/><net_sink comp="2020" pin=0"/></net>

<net id="2026"><net_src comp="520" pin="0"/><net_sink comp="2020" pin=2"/></net>

<net id="2031"><net_src comp="518" pin="0"/><net_sink comp="2027" pin=1"/></net>

<net id="2037"><net_src comp="2027" pin="2"/><net_sink comp="2032" pin=0"/></net>

<net id="2038"><net_src comp="520" pin="0"/><net_sink comp="2032" pin=2"/></net>

<net id="2043"><net_src comp="518" pin="0"/><net_sink comp="2039" pin=1"/></net>

<net id="2049"><net_src comp="2039" pin="2"/><net_sink comp="2044" pin=0"/></net>

<net id="2050"><net_src comp="520" pin="0"/><net_sink comp="2044" pin=2"/></net>

<net id="2055"><net_src comp="518" pin="0"/><net_sink comp="2051" pin=1"/></net>

<net id="2061"><net_src comp="2051" pin="2"/><net_sink comp="2056" pin=0"/></net>

<net id="2062"><net_src comp="520" pin="0"/><net_sink comp="2056" pin=2"/></net>

<net id="2067"><net_src comp="518" pin="0"/><net_sink comp="2063" pin=1"/></net>

<net id="2073"><net_src comp="2063" pin="2"/><net_sink comp="2068" pin=0"/></net>

<net id="2074"><net_src comp="520" pin="0"/><net_sink comp="2068" pin=2"/></net>

<net id="2079"><net_src comp="518" pin="0"/><net_sink comp="2075" pin=1"/></net>

<net id="2085"><net_src comp="2075" pin="2"/><net_sink comp="2080" pin=0"/></net>

<net id="2086"><net_src comp="520" pin="0"/><net_sink comp="2080" pin=2"/></net>

<net id="2091"><net_src comp="518" pin="0"/><net_sink comp="2087" pin=1"/></net>

<net id="2097"><net_src comp="2087" pin="2"/><net_sink comp="2092" pin=0"/></net>

<net id="2098"><net_src comp="520" pin="0"/><net_sink comp="2092" pin=2"/></net>

<net id="2103"><net_src comp="518" pin="0"/><net_sink comp="2099" pin=1"/></net>

<net id="2109"><net_src comp="2099" pin="2"/><net_sink comp="2104" pin=0"/></net>

<net id="2110"><net_src comp="520" pin="0"/><net_sink comp="2104" pin=2"/></net>

<net id="2115"><net_src comp="518" pin="0"/><net_sink comp="2111" pin=1"/></net>

<net id="2121"><net_src comp="2111" pin="2"/><net_sink comp="2116" pin=0"/></net>

<net id="2122"><net_src comp="520" pin="0"/><net_sink comp="2116" pin=2"/></net>

<net id="2127"><net_src comp="518" pin="0"/><net_sink comp="2123" pin=1"/></net>

<net id="2133"><net_src comp="2123" pin="2"/><net_sink comp="2128" pin=0"/></net>

<net id="2134"><net_src comp="520" pin="0"/><net_sink comp="2128" pin=2"/></net>

<net id="2139"><net_src comp="518" pin="0"/><net_sink comp="2135" pin=1"/></net>

<net id="2145"><net_src comp="2135" pin="2"/><net_sink comp="2140" pin=0"/></net>

<net id="2146"><net_src comp="520" pin="0"/><net_sink comp="2140" pin=2"/></net>

<net id="2151"><net_src comp="518" pin="0"/><net_sink comp="2147" pin=1"/></net>

<net id="2157"><net_src comp="2147" pin="2"/><net_sink comp="2152" pin=0"/></net>

<net id="2158"><net_src comp="520" pin="0"/><net_sink comp="2152" pin=2"/></net>

<net id="2163"><net_src comp="518" pin="0"/><net_sink comp="2159" pin=1"/></net>

<net id="2169"><net_src comp="2159" pin="2"/><net_sink comp="2164" pin=0"/></net>

<net id="2170"><net_src comp="520" pin="0"/><net_sink comp="2164" pin=2"/></net>

<net id="2175"><net_src comp="518" pin="0"/><net_sink comp="2171" pin=1"/></net>

<net id="2181"><net_src comp="2171" pin="2"/><net_sink comp="2176" pin=0"/></net>

<net id="2182"><net_src comp="520" pin="0"/><net_sink comp="2176" pin=2"/></net>

<net id="2187"><net_src comp="518" pin="0"/><net_sink comp="2183" pin=1"/></net>

<net id="2193"><net_src comp="2183" pin="2"/><net_sink comp="2188" pin=0"/></net>

<net id="2194"><net_src comp="520" pin="0"/><net_sink comp="2188" pin=2"/></net>

<net id="2199"><net_src comp="518" pin="0"/><net_sink comp="2195" pin=1"/></net>

<net id="2205"><net_src comp="2195" pin="2"/><net_sink comp="2200" pin=0"/></net>

<net id="2206"><net_src comp="520" pin="0"/><net_sink comp="2200" pin=2"/></net>

<net id="2211"><net_src comp="518" pin="0"/><net_sink comp="2207" pin=1"/></net>

<net id="2217"><net_src comp="2207" pin="2"/><net_sink comp="2212" pin=0"/></net>

<net id="2218"><net_src comp="520" pin="0"/><net_sink comp="2212" pin=2"/></net>

<net id="2223"><net_src comp="518" pin="0"/><net_sink comp="2219" pin=1"/></net>

<net id="2229"><net_src comp="2219" pin="2"/><net_sink comp="2224" pin=0"/></net>

<net id="2230"><net_src comp="520" pin="0"/><net_sink comp="2224" pin=2"/></net>

<net id="2235"><net_src comp="518" pin="0"/><net_sink comp="2231" pin=1"/></net>

<net id="2241"><net_src comp="2231" pin="2"/><net_sink comp="2236" pin=0"/></net>

<net id="2242"><net_src comp="520" pin="0"/><net_sink comp="2236" pin=2"/></net>

<net id="2247"><net_src comp="518" pin="0"/><net_sink comp="2243" pin=1"/></net>

<net id="2253"><net_src comp="2243" pin="2"/><net_sink comp="2248" pin=0"/></net>

<net id="2254"><net_src comp="520" pin="0"/><net_sink comp="2248" pin=2"/></net>

<net id="2259"><net_src comp="518" pin="0"/><net_sink comp="2255" pin=1"/></net>

<net id="2265"><net_src comp="2255" pin="2"/><net_sink comp="2260" pin=0"/></net>

<net id="2266"><net_src comp="520" pin="0"/><net_sink comp="2260" pin=2"/></net>

<net id="2271"><net_src comp="518" pin="0"/><net_sink comp="2267" pin=1"/></net>

<net id="2277"><net_src comp="2267" pin="2"/><net_sink comp="2272" pin=0"/></net>

<net id="2278"><net_src comp="520" pin="0"/><net_sink comp="2272" pin=2"/></net>

<net id="2283"><net_src comp="518" pin="0"/><net_sink comp="2279" pin=1"/></net>

<net id="2289"><net_src comp="2279" pin="2"/><net_sink comp="2284" pin=0"/></net>

<net id="2290"><net_src comp="520" pin="0"/><net_sink comp="2284" pin=2"/></net>

<net id="2295"><net_src comp="518" pin="0"/><net_sink comp="2291" pin=1"/></net>

<net id="2301"><net_src comp="2291" pin="2"/><net_sink comp="2296" pin=0"/></net>

<net id="2302"><net_src comp="520" pin="0"/><net_sink comp="2296" pin=2"/></net>

<net id="2307"><net_src comp="518" pin="0"/><net_sink comp="2303" pin=1"/></net>

<net id="2313"><net_src comp="2303" pin="2"/><net_sink comp="2308" pin=0"/></net>

<net id="2314"><net_src comp="520" pin="0"/><net_sink comp="2308" pin=2"/></net>

<net id="2319"><net_src comp="518" pin="0"/><net_sink comp="2315" pin=1"/></net>

<net id="2325"><net_src comp="2315" pin="2"/><net_sink comp="2320" pin=0"/></net>

<net id="2326"><net_src comp="520" pin="0"/><net_sink comp="2320" pin=2"/></net>

<net id="2331"><net_src comp="518" pin="0"/><net_sink comp="2327" pin=1"/></net>

<net id="2337"><net_src comp="2327" pin="2"/><net_sink comp="2332" pin=0"/></net>

<net id="2338"><net_src comp="520" pin="0"/><net_sink comp="2332" pin=2"/></net>

<net id="2343"><net_src comp="518" pin="0"/><net_sink comp="2339" pin=1"/></net>

<net id="2349"><net_src comp="2339" pin="2"/><net_sink comp="2344" pin=0"/></net>

<net id="2350"><net_src comp="520" pin="0"/><net_sink comp="2344" pin=2"/></net>

<net id="2355"><net_src comp="518" pin="0"/><net_sink comp="2351" pin=1"/></net>

<net id="2361"><net_src comp="2351" pin="2"/><net_sink comp="2356" pin=0"/></net>

<net id="2362"><net_src comp="520" pin="0"/><net_sink comp="2356" pin=2"/></net>

<net id="2367"><net_src comp="518" pin="0"/><net_sink comp="2363" pin=1"/></net>

<net id="2373"><net_src comp="2363" pin="2"/><net_sink comp="2368" pin=0"/></net>

<net id="2374"><net_src comp="520" pin="0"/><net_sink comp="2368" pin=2"/></net>

<net id="2379"><net_src comp="518" pin="0"/><net_sink comp="2375" pin=1"/></net>

<net id="2385"><net_src comp="2375" pin="2"/><net_sink comp="2380" pin=0"/></net>

<net id="2386"><net_src comp="520" pin="0"/><net_sink comp="2380" pin=2"/></net>

<net id="2391"><net_src comp="518" pin="0"/><net_sink comp="2387" pin=1"/></net>

<net id="2397"><net_src comp="2387" pin="2"/><net_sink comp="2392" pin=0"/></net>

<net id="2398"><net_src comp="520" pin="0"/><net_sink comp="2392" pin=2"/></net>

<net id="2403"><net_src comp="518" pin="0"/><net_sink comp="2399" pin=1"/></net>

<net id="2409"><net_src comp="2399" pin="2"/><net_sink comp="2404" pin=0"/></net>

<net id="2410"><net_src comp="520" pin="0"/><net_sink comp="2404" pin=2"/></net>

<net id="2415"><net_src comp="518" pin="0"/><net_sink comp="2411" pin=1"/></net>

<net id="2421"><net_src comp="2411" pin="2"/><net_sink comp="2416" pin=0"/></net>

<net id="2422"><net_src comp="520" pin="0"/><net_sink comp="2416" pin=2"/></net>

<net id="2427"><net_src comp="518" pin="0"/><net_sink comp="2423" pin=1"/></net>

<net id="2433"><net_src comp="2423" pin="2"/><net_sink comp="2428" pin=0"/></net>

<net id="2434"><net_src comp="520" pin="0"/><net_sink comp="2428" pin=2"/></net>

<net id="2439"><net_src comp="518" pin="0"/><net_sink comp="2435" pin=1"/></net>

<net id="2445"><net_src comp="2435" pin="2"/><net_sink comp="2440" pin=0"/></net>

<net id="2446"><net_src comp="520" pin="0"/><net_sink comp="2440" pin=2"/></net>

<net id="2451"><net_src comp="518" pin="0"/><net_sink comp="2447" pin=1"/></net>

<net id="2457"><net_src comp="2447" pin="2"/><net_sink comp="2452" pin=0"/></net>

<net id="2458"><net_src comp="520" pin="0"/><net_sink comp="2452" pin=2"/></net>

<net id="2463"><net_src comp="518" pin="0"/><net_sink comp="2459" pin=1"/></net>

<net id="2469"><net_src comp="2459" pin="2"/><net_sink comp="2464" pin=0"/></net>

<net id="2470"><net_src comp="520" pin="0"/><net_sink comp="2464" pin=2"/></net>

<net id="2475"><net_src comp="518" pin="0"/><net_sink comp="2471" pin=1"/></net>

<net id="2481"><net_src comp="2471" pin="2"/><net_sink comp="2476" pin=0"/></net>

<net id="2482"><net_src comp="520" pin="0"/><net_sink comp="2476" pin=2"/></net>

<net id="2487"><net_src comp="518" pin="0"/><net_sink comp="2483" pin=1"/></net>

<net id="2493"><net_src comp="2483" pin="2"/><net_sink comp="2488" pin=0"/></net>

<net id="2494"><net_src comp="520" pin="0"/><net_sink comp="2488" pin=2"/></net>

<net id="2499"><net_src comp="518" pin="0"/><net_sink comp="2495" pin=1"/></net>

<net id="2505"><net_src comp="2495" pin="2"/><net_sink comp="2500" pin=0"/></net>

<net id="2506"><net_src comp="520" pin="0"/><net_sink comp="2500" pin=2"/></net>

<net id="2511"><net_src comp="518" pin="0"/><net_sink comp="2507" pin=1"/></net>

<net id="2517"><net_src comp="2507" pin="2"/><net_sink comp="2512" pin=0"/></net>

<net id="2518"><net_src comp="520" pin="0"/><net_sink comp="2512" pin=2"/></net>

<net id="2523"><net_src comp="518" pin="0"/><net_sink comp="2519" pin=1"/></net>

<net id="2529"><net_src comp="2519" pin="2"/><net_sink comp="2524" pin=0"/></net>

<net id="2530"><net_src comp="520" pin="0"/><net_sink comp="2524" pin=2"/></net>

<net id="2535"><net_src comp="518" pin="0"/><net_sink comp="2531" pin=1"/></net>

<net id="2541"><net_src comp="2531" pin="2"/><net_sink comp="2536" pin=0"/></net>

<net id="2542"><net_src comp="520" pin="0"/><net_sink comp="2536" pin=2"/></net>

<net id="2547"><net_src comp="518" pin="0"/><net_sink comp="2543" pin=1"/></net>

<net id="2553"><net_src comp="2543" pin="2"/><net_sink comp="2548" pin=0"/></net>

<net id="2554"><net_src comp="520" pin="0"/><net_sink comp="2548" pin=2"/></net>

<net id="2559"><net_src comp="518" pin="0"/><net_sink comp="2555" pin=1"/></net>

<net id="2565"><net_src comp="2555" pin="2"/><net_sink comp="2560" pin=0"/></net>

<net id="2566"><net_src comp="520" pin="0"/><net_sink comp="2560" pin=2"/></net>

<net id="2571"><net_src comp="518" pin="0"/><net_sink comp="2567" pin=1"/></net>

<net id="2577"><net_src comp="2567" pin="2"/><net_sink comp="2572" pin=0"/></net>

<net id="2578"><net_src comp="520" pin="0"/><net_sink comp="2572" pin=2"/></net>

<net id="2583"><net_src comp="518" pin="0"/><net_sink comp="2579" pin=1"/></net>

<net id="2589"><net_src comp="2579" pin="2"/><net_sink comp="2584" pin=0"/></net>

<net id="2590"><net_src comp="520" pin="0"/><net_sink comp="2584" pin=2"/></net>

<net id="2658"><net_src comp="532" pin="0"/><net_sink comp="2591" pin=0"/></net>

<net id="2659"><net_src comp="2591" pin="65"/><net_sink comp="542" pin=2"/></net>

<net id="2663"><net_src comp="549" pin="1"/><net_sink comp="2660" pin=0"/></net>

<net id="2664"><net_src comp="2660" pin="1"/><net_sink comp="1823" pin=0"/></net>

<net id="2668"><net_src comp="553" pin="4"/><net_sink comp="2665" pin=0"/></net>

<net id="2669"><net_src comp="2665" pin="1"/><net_sink comp="1835" pin=0"/></net>

<net id="2673"><net_src comp="563" pin="4"/><net_sink comp="2670" pin=0"/></net>

<net id="2674"><net_src comp="2670" pin="1"/><net_sink comp="1847" pin=0"/></net>

<net id="2678"><net_src comp="573" pin="4"/><net_sink comp="2675" pin=0"/></net>

<net id="2679"><net_src comp="2675" pin="1"/><net_sink comp="1859" pin=0"/></net>

<net id="2683"><net_src comp="583" pin="4"/><net_sink comp="2680" pin=0"/></net>

<net id="2684"><net_src comp="2680" pin="1"/><net_sink comp="1871" pin=0"/></net>

<net id="2688"><net_src comp="593" pin="4"/><net_sink comp="2685" pin=0"/></net>

<net id="2689"><net_src comp="2685" pin="1"/><net_sink comp="1883" pin=0"/></net>

<net id="2693"><net_src comp="603" pin="4"/><net_sink comp="2690" pin=0"/></net>

<net id="2694"><net_src comp="2690" pin="1"/><net_sink comp="1895" pin=0"/></net>

<net id="2698"><net_src comp="613" pin="4"/><net_sink comp="2695" pin=0"/></net>

<net id="2699"><net_src comp="2695" pin="1"/><net_sink comp="1907" pin=0"/></net>

<net id="2703"><net_src comp="623" pin="4"/><net_sink comp="2700" pin=0"/></net>

<net id="2704"><net_src comp="2700" pin="1"/><net_sink comp="1919" pin=0"/></net>

<net id="2708"><net_src comp="633" pin="4"/><net_sink comp="2705" pin=0"/></net>

<net id="2709"><net_src comp="2705" pin="1"/><net_sink comp="1931" pin=0"/></net>

<net id="2713"><net_src comp="643" pin="4"/><net_sink comp="2710" pin=0"/></net>

<net id="2714"><net_src comp="2710" pin="1"/><net_sink comp="1943" pin=0"/></net>

<net id="2718"><net_src comp="653" pin="4"/><net_sink comp="2715" pin=0"/></net>

<net id="2719"><net_src comp="2715" pin="1"/><net_sink comp="1955" pin=0"/></net>

<net id="2723"><net_src comp="663" pin="4"/><net_sink comp="2720" pin=0"/></net>

<net id="2724"><net_src comp="2720" pin="1"/><net_sink comp="1967" pin=0"/></net>

<net id="2728"><net_src comp="673" pin="4"/><net_sink comp="2725" pin=0"/></net>

<net id="2729"><net_src comp="2725" pin="1"/><net_sink comp="1979" pin=0"/></net>

<net id="2733"><net_src comp="683" pin="4"/><net_sink comp="2730" pin=0"/></net>

<net id="2734"><net_src comp="2730" pin="1"/><net_sink comp="1991" pin=0"/></net>

<net id="2738"><net_src comp="693" pin="4"/><net_sink comp="2735" pin=0"/></net>

<net id="2739"><net_src comp="2735" pin="1"/><net_sink comp="2003" pin=0"/></net>

<net id="2743"><net_src comp="703" pin="4"/><net_sink comp="2740" pin=0"/></net>

<net id="2744"><net_src comp="2740" pin="1"/><net_sink comp="2015" pin=0"/></net>

<net id="2748"><net_src comp="713" pin="4"/><net_sink comp="2745" pin=0"/></net>

<net id="2749"><net_src comp="2745" pin="1"/><net_sink comp="2027" pin=0"/></net>

<net id="2753"><net_src comp="723" pin="4"/><net_sink comp="2750" pin=0"/></net>

<net id="2754"><net_src comp="2750" pin="1"/><net_sink comp="2039" pin=0"/></net>

<net id="2758"><net_src comp="733" pin="4"/><net_sink comp="2755" pin=0"/></net>

<net id="2759"><net_src comp="2755" pin="1"/><net_sink comp="2051" pin=0"/></net>

<net id="2763"><net_src comp="743" pin="4"/><net_sink comp="2760" pin=0"/></net>

<net id="2764"><net_src comp="2760" pin="1"/><net_sink comp="2063" pin=0"/></net>

<net id="2768"><net_src comp="753" pin="4"/><net_sink comp="2765" pin=0"/></net>

<net id="2769"><net_src comp="2765" pin="1"/><net_sink comp="2075" pin=0"/></net>

<net id="2773"><net_src comp="763" pin="4"/><net_sink comp="2770" pin=0"/></net>

<net id="2774"><net_src comp="2770" pin="1"/><net_sink comp="2087" pin=0"/></net>

<net id="2778"><net_src comp="773" pin="4"/><net_sink comp="2775" pin=0"/></net>

<net id="2779"><net_src comp="2775" pin="1"/><net_sink comp="2099" pin=0"/></net>

<net id="2783"><net_src comp="783" pin="4"/><net_sink comp="2780" pin=0"/></net>

<net id="2784"><net_src comp="2780" pin="1"/><net_sink comp="2111" pin=0"/></net>

<net id="2788"><net_src comp="793" pin="4"/><net_sink comp="2785" pin=0"/></net>

<net id="2789"><net_src comp="2785" pin="1"/><net_sink comp="2123" pin=0"/></net>

<net id="2793"><net_src comp="803" pin="4"/><net_sink comp="2790" pin=0"/></net>

<net id="2794"><net_src comp="2790" pin="1"/><net_sink comp="2135" pin=0"/></net>

<net id="2798"><net_src comp="813" pin="4"/><net_sink comp="2795" pin=0"/></net>

<net id="2799"><net_src comp="2795" pin="1"/><net_sink comp="2147" pin=0"/></net>

<net id="2803"><net_src comp="823" pin="4"/><net_sink comp="2800" pin=0"/></net>

<net id="2804"><net_src comp="2800" pin="1"/><net_sink comp="2159" pin=0"/></net>

<net id="2808"><net_src comp="833" pin="4"/><net_sink comp="2805" pin=0"/></net>

<net id="2809"><net_src comp="2805" pin="1"/><net_sink comp="2171" pin=0"/></net>

<net id="2813"><net_src comp="843" pin="4"/><net_sink comp="2810" pin=0"/></net>

<net id="2814"><net_src comp="2810" pin="1"/><net_sink comp="2183" pin=0"/></net>

<net id="2818"><net_src comp="853" pin="4"/><net_sink comp="2815" pin=0"/></net>

<net id="2819"><net_src comp="2815" pin="1"/><net_sink comp="2195" pin=0"/></net>

<net id="2823"><net_src comp="863" pin="4"/><net_sink comp="2820" pin=0"/></net>

<net id="2824"><net_src comp="2820" pin="1"/><net_sink comp="2207" pin=0"/></net>

<net id="2828"><net_src comp="873" pin="4"/><net_sink comp="2825" pin=0"/></net>

<net id="2829"><net_src comp="2825" pin="1"/><net_sink comp="2219" pin=0"/></net>

<net id="2833"><net_src comp="883" pin="4"/><net_sink comp="2830" pin=0"/></net>

<net id="2834"><net_src comp="2830" pin="1"/><net_sink comp="2231" pin=0"/></net>

<net id="2838"><net_src comp="893" pin="4"/><net_sink comp="2835" pin=0"/></net>

<net id="2839"><net_src comp="2835" pin="1"/><net_sink comp="2243" pin=0"/></net>

<net id="2843"><net_src comp="903" pin="4"/><net_sink comp="2840" pin=0"/></net>

<net id="2844"><net_src comp="2840" pin="1"/><net_sink comp="2255" pin=0"/></net>

<net id="2848"><net_src comp="913" pin="4"/><net_sink comp="2845" pin=0"/></net>

<net id="2849"><net_src comp="2845" pin="1"/><net_sink comp="2267" pin=0"/></net>

<net id="2853"><net_src comp="923" pin="4"/><net_sink comp="2850" pin=0"/></net>

<net id="2854"><net_src comp="2850" pin="1"/><net_sink comp="2279" pin=0"/></net>

<net id="2858"><net_src comp="933" pin="4"/><net_sink comp="2855" pin=0"/></net>

<net id="2859"><net_src comp="2855" pin="1"/><net_sink comp="2291" pin=0"/></net>

<net id="2863"><net_src comp="943" pin="4"/><net_sink comp="2860" pin=0"/></net>

<net id="2864"><net_src comp="2860" pin="1"/><net_sink comp="2303" pin=0"/></net>

<net id="2868"><net_src comp="953" pin="4"/><net_sink comp="2865" pin=0"/></net>

<net id="2869"><net_src comp="2865" pin="1"/><net_sink comp="2315" pin=0"/></net>

<net id="2873"><net_src comp="963" pin="4"/><net_sink comp="2870" pin=0"/></net>

<net id="2874"><net_src comp="2870" pin="1"/><net_sink comp="2327" pin=0"/></net>

<net id="2878"><net_src comp="973" pin="4"/><net_sink comp="2875" pin=0"/></net>

<net id="2879"><net_src comp="2875" pin="1"/><net_sink comp="2339" pin=0"/></net>

<net id="2883"><net_src comp="983" pin="4"/><net_sink comp="2880" pin=0"/></net>

<net id="2884"><net_src comp="2880" pin="1"/><net_sink comp="2351" pin=0"/></net>

<net id="2888"><net_src comp="993" pin="4"/><net_sink comp="2885" pin=0"/></net>

<net id="2889"><net_src comp="2885" pin="1"/><net_sink comp="2363" pin=0"/></net>

<net id="2893"><net_src comp="1003" pin="4"/><net_sink comp="2890" pin=0"/></net>

<net id="2894"><net_src comp="2890" pin="1"/><net_sink comp="2375" pin=0"/></net>

<net id="2898"><net_src comp="1013" pin="4"/><net_sink comp="2895" pin=0"/></net>

<net id="2899"><net_src comp="2895" pin="1"/><net_sink comp="2387" pin=0"/></net>

<net id="2903"><net_src comp="1023" pin="4"/><net_sink comp="2900" pin=0"/></net>

<net id="2904"><net_src comp="2900" pin="1"/><net_sink comp="2399" pin=0"/></net>

<net id="2908"><net_src comp="1033" pin="4"/><net_sink comp="2905" pin=0"/></net>

<net id="2909"><net_src comp="2905" pin="1"/><net_sink comp="2411" pin=0"/></net>

<net id="2913"><net_src comp="1043" pin="4"/><net_sink comp="2910" pin=0"/></net>

<net id="2914"><net_src comp="2910" pin="1"/><net_sink comp="2423" pin=0"/></net>

<net id="2918"><net_src comp="1053" pin="4"/><net_sink comp="2915" pin=0"/></net>

<net id="2919"><net_src comp="2915" pin="1"/><net_sink comp="2435" pin=0"/></net>

<net id="2923"><net_src comp="1063" pin="4"/><net_sink comp="2920" pin=0"/></net>

<net id="2924"><net_src comp="2920" pin="1"/><net_sink comp="2447" pin=0"/></net>

<net id="2928"><net_src comp="1073" pin="4"/><net_sink comp="2925" pin=0"/></net>

<net id="2929"><net_src comp="2925" pin="1"/><net_sink comp="2459" pin=0"/></net>

<net id="2933"><net_src comp="1083" pin="4"/><net_sink comp="2930" pin=0"/></net>

<net id="2934"><net_src comp="2930" pin="1"/><net_sink comp="2471" pin=0"/></net>

<net id="2938"><net_src comp="1093" pin="4"/><net_sink comp="2935" pin=0"/></net>

<net id="2939"><net_src comp="2935" pin="1"/><net_sink comp="2483" pin=0"/></net>

<net id="2943"><net_src comp="1103" pin="4"/><net_sink comp="2940" pin=0"/></net>

<net id="2944"><net_src comp="2940" pin="1"/><net_sink comp="2495" pin=0"/></net>

<net id="2948"><net_src comp="1113" pin="4"/><net_sink comp="2945" pin=0"/></net>

<net id="2949"><net_src comp="2945" pin="1"/><net_sink comp="2507" pin=0"/></net>

<net id="2953"><net_src comp="1123" pin="4"/><net_sink comp="2950" pin=0"/></net>

<net id="2954"><net_src comp="2950" pin="1"/><net_sink comp="2519" pin=0"/></net>

<net id="2958"><net_src comp="1133" pin="4"/><net_sink comp="2955" pin=0"/></net>

<net id="2959"><net_src comp="2955" pin="1"/><net_sink comp="2531" pin=0"/></net>

<net id="2963"><net_src comp="1143" pin="4"/><net_sink comp="2960" pin=0"/></net>

<net id="2964"><net_src comp="2960" pin="1"/><net_sink comp="2543" pin=0"/></net>

<net id="2968"><net_src comp="1153" pin="4"/><net_sink comp="2965" pin=0"/></net>

<net id="2969"><net_src comp="2965" pin="1"/><net_sink comp="2555" pin=0"/></net>

<net id="2973"><net_src comp="1163" pin="4"/><net_sink comp="2970" pin=0"/></net>

<net id="2974"><net_src comp="2970" pin="1"/><net_sink comp="2567" pin=0"/></net>

<net id="2978"><net_src comp="1173" pin="4"/><net_sink comp="2975" pin=0"/></net>

<net id="2979"><net_src comp="2975" pin="1"/><net_sink comp="2579" pin=0"/></net>

<net id="2983"><net_src comp="1183" pin="4"/><net_sink comp="2980" pin=0"/></net>

<net id="2984"><net_src comp="2980" pin="1"/><net_sink comp="1828" pin=1"/></net>

<net id="2988"><net_src comp="1193" pin="4"/><net_sink comp="2985" pin=0"/></net>

<net id="2989"><net_src comp="2985" pin="1"/><net_sink comp="1840" pin=1"/></net>

<net id="2993"><net_src comp="1203" pin="4"/><net_sink comp="2990" pin=0"/></net>

<net id="2994"><net_src comp="2990" pin="1"/><net_sink comp="1852" pin=1"/></net>

<net id="2998"><net_src comp="1213" pin="4"/><net_sink comp="2995" pin=0"/></net>

<net id="2999"><net_src comp="2995" pin="1"/><net_sink comp="1864" pin=1"/></net>

<net id="3003"><net_src comp="1223" pin="4"/><net_sink comp="3000" pin=0"/></net>

<net id="3004"><net_src comp="3000" pin="1"/><net_sink comp="1876" pin=1"/></net>

<net id="3008"><net_src comp="1233" pin="4"/><net_sink comp="3005" pin=0"/></net>

<net id="3009"><net_src comp="3005" pin="1"/><net_sink comp="1888" pin=1"/></net>

<net id="3013"><net_src comp="1243" pin="4"/><net_sink comp="3010" pin=0"/></net>

<net id="3014"><net_src comp="3010" pin="1"/><net_sink comp="1900" pin=1"/></net>

<net id="3018"><net_src comp="1253" pin="4"/><net_sink comp="3015" pin=0"/></net>

<net id="3019"><net_src comp="3015" pin="1"/><net_sink comp="1912" pin=1"/></net>

<net id="3023"><net_src comp="1263" pin="4"/><net_sink comp="3020" pin=0"/></net>

<net id="3024"><net_src comp="3020" pin="1"/><net_sink comp="1924" pin=1"/></net>

<net id="3028"><net_src comp="1273" pin="4"/><net_sink comp="3025" pin=0"/></net>

<net id="3029"><net_src comp="3025" pin="1"/><net_sink comp="1936" pin=1"/></net>

<net id="3033"><net_src comp="1283" pin="4"/><net_sink comp="3030" pin=0"/></net>

<net id="3034"><net_src comp="3030" pin="1"/><net_sink comp="1948" pin=1"/></net>

<net id="3038"><net_src comp="1293" pin="4"/><net_sink comp="3035" pin=0"/></net>

<net id="3039"><net_src comp="3035" pin="1"/><net_sink comp="1960" pin=1"/></net>

<net id="3043"><net_src comp="1303" pin="4"/><net_sink comp="3040" pin=0"/></net>

<net id="3044"><net_src comp="3040" pin="1"/><net_sink comp="1972" pin=1"/></net>

<net id="3048"><net_src comp="1313" pin="4"/><net_sink comp="3045" pin=0"/></net>

<net id="3049"><net_src comp="3045" pin="1"/><net_sink comp="1984" pin=1"/></net>

<net id="3053"><net_src comp="1323" pin="4"/><net_sink comp="3050" pin=0"/></net>

<net id="3054"><net_src comp="3050" pin="1"/><net_sink comp="1996" pin=1"/></net>

<net id="3058"><net_src comp="1333" pin="4"/><net_sink comp="3055" pin=0"/></net>

<net id="3059"><net_src comp="3055" pin="1"/><net_sink comp="2008" pin=1"/></net>

<net id="3063"><net_src comp="1343" pin="4"/><net_sink comp="3060" pin=0"/></net>

<net id="3064"><net_src comp="3060" pin="1"/><net_sink comp="2020" pin=1"/></net>

<net id="3068"><net_src comp="1353" pin="4"/><net_sink comp="3065" pin=0"/></net>

<net id="3069"><net_src comp="3065" pin="1"/><net_sink comp="2032" pin=1"/></net>

<net id="3073"><net_src comp="1363" pin="4"/><net_sink comp="3070" pin=0"/></net>

<net id="3074"><net_src comp="3070" pin="1"/><net_sink comp="2044" pin=1"/></net>

<net id="3078"><net_src comp="1373" pin="4"/><net_sink comp="3075" pin=0"/></net>

<net id="3079"><net_src comp="3075" pin="1"/><net_sink comp="2056" pin=1"/></net>

<net id="3083"><net_src comp="1383" pin="4"/><net_sink comp="3080" pin=0"/></net>

<net id="3084"><net_src comp="3080" pin="1"/><net_sink comp="2068" pin=1"/></net>

<net id="3088"><net_src comp="1393" pin="4"/><net_sink comp="3085" pin=0"/></net>

<net id="3089"><net_src comp="3085" pin="1"/><net_sink comp="2080" pin=1"/></net>

<net id="3093"><net_src comp="1403" pin="4"/><net_sink comp="3090" pin=0"/></net>

<net id="3094"><net_src comp="3090" pin="1"/><net_sink comp="2092" pin=1"/></net>

<net id="3098"><net_src comp="1413" pin="4"/><net_sink comp="3095" pin=0"/></net>

<net id="3099"><net_src comp="3095" pin="1"/><net_sink comp="2104" pin=1"/></net>

<net id="3103"><net_src comp="1423" pin="4"/><net_sink comp="3100" pin=0"/></net>

<net id="3104"><net_src comp="3100" pin="1"/><net_sink comp="2116" pin=1"/></net>

<net id="3108"><net_src comp="1433" pin="4"/><net_sink comp="3105" pin=0"/></net>

<net id="3109"><net_src comp="3105" pin="1"/><net_sink comp="2128" pin=1"/></net>

<net id="3113"><net_src comp="1443" pin="4"/><net_sink comp="3110" pin=0"/></net>

<net id="3114"><net_src comp="3110" pin="1"/><net_sink comp="2140" pin=1"/></net>

<net id="3118"><net_src comp="1453" pin="4"/><net_sink comp="3115" pin=0"/></net>

<net id="3119"><net_src comp="3115" pin="1"/><net_sink comp="2152" pin=1"/></net>

<net id="3123"><net_src comp="1463" pin="4"/><net_sink comp="3120" pin=0"/></net>

<net id="3124"><net_src comp="3120" pin="1"/><net_sink comp="2164" pin=1"/></net>

<net id="3128"><net_src comp="1473" pin="4"/><net_sink comp="3125" pin=0"/></net>

<net id="3129"><net_src comp="3125" pin="1"/><net_sink comp="2176" pin=1"/></net>

<net id="3133"><net_src comp="1483" pin="4"/><net_sink comp="3130" pin=0"/></net>

<net id="3134"><net_src comp="3130" pin="1"/><net_sink comp="2188" pin=1"/></net>

<net id="3138"><net_src comp="1493" pin="4"/><net_sink comp="3135" pin=0"/></net>

<net id="3139"><net_src comp="3135" pin="1"/><net_sink comp="2200" pin=1"/></net>

<net id="3143"><net_src comp="1503" pin="4"/><net_sink comp="3140" pin=0"/></net>

<net id="3144"><net_src comp="3140" pin="1"/><net_sink comp="2212" pin=1"/></net>

<net id="3148"><net_src comp="1513" pin="4"/><net_sink comp="3145" pin=0"/></net>

<net id="3149"><net_src comp="3145" pin="1"/><net_sink comp="2224" pin=1"/></net>

<net id="3153"><net_src comp="1523" pin="4"/><net_sink comp="3150" pin=0"/></net>

<net id="3154"><net_src comp="3150" pin="1"/><net_sink comp="2236" pin=1"/></net>

<net id="3158"><net_src comp="1533" pin="4"/><net_sink comp="3155" pin=0"/></net>

<net id="3159"><net_src comp="3155" pin="1"/><net_sink comp="2248" pin=1"/></net>

<net id="3163"><net_src comp="1543" pin="4"/><net_sink comp="3160" pin=0"/></net>

<net id="3164"><net_src comp="3160" pin="1"/><net_sink comp="2260" pin=1"/></net>

<net id="3168"><net_src comp="1553" pin="4"/><net_sink comp="3165" pin=0"/></net>

<net id="3169"><net_src comp="3165" pin="1"/><net_sink comp="2272" pin=1"/></net>

<net id="3173"><net_src comp="1563" pin="4"/><net_sink comp="3170" pin=0"/></net>

<net id="3174"><net_src comp="3170" pin="1"/><net_sink comp="2284" pin=1"/></net>

<net id="3178"><net_src comp="1573" pin="4"/><net_sink comp="3175" pin=0"/></net>

<net id="3179"><net_src comp="3175" pin="1"/><net_sink comp="2296" pin=1"/></net>

<net id="3183"><net_src comp="1583" pin="4"/><net_sink comp="3180" pin=0"/></net>

<net id="3184"><net_src comp="3180" pin="1"/><net_sink comp="2308" pin=1"/></net>

<net id="3188"><net_src comp="1593" pin="4"/><net_sink comp="3185" pin=0"/></net>

<net id="3189"><net_src comp="3185" pin="1"/><net_sink comp="2320" pin=1"/></net>

<net id="3193"><net_src comp="1603" pin="4"/><net_sink comp="3190" pin=0"/></net>

<net id="3194"><net_src comp="3190" pin="1"/><net_sink comp="2332" pin=1"/></net>

<net id="3198"><net_src comp="1613" pin="4"/><net_sink comp="3195" pin=0"/></net>

<net id="3199"><net_src comp="3195" pin="1"/><net_sink comp="2344" pin=1"/></net>

<net id="3203"><net_src comp="1623" pin="4"/><net_sink comp="3200" pin=0"/></net>

<net id="3204"><net_src comp="3200" pin="1"/><net_sink comp="2356" pin=1"/></net>

<net id="3208"><net_src comp="1633" pin="4"/><net_sink comp="3205" pin=0"/></net>

<net id="3209"><net_src comp="3205" pin="1"/><net_sink comp="2368" pin=1"/></net>

<net id="3213"><net_src comp="1643" pin="4"/><net_sink comp="3210" pin=0"/></net>

<net id="3214"><net_src comp="3210" pin="1"/><net_sink comp="2380" pin=1"/></net>

<net id="3218"><net_src comp="1653" pin="4"/><net_sink comp="3215" pin=0"/></net>

<net id="3219"><net_src comp="3215" pin="1"/><net_sink comp="2392" pin=1"/></net>

<net id="3223"><net_src comp="1663" pin="4"/><net_sink comp="3220" pin=0"/></net>

<net id="3224"><net_src comp="3220" pin="1"/><net_sink comp="2404" pin=1"/></net>

<net id="3228"><net_src comp="1673" pin="4"/><net_sink comp="3225" pin=0"/></net>

<net id="3229"><net_src comp="3225" pin="1"/><net_sink comp="2416" pin=1"/></net>

<net id="3233"><net_src comp="1683" pin="4"/><net_sink comp="3230" pin=0"/></net>

<net id="3234"><net_src comp="3230" pin="1"/><net_sink comp="2428" pin=1"/></net>

<net id="3238"><net_src comp="1693" pin="4"/><net_sink comp="3235" pin=0"/></net>

<net id="3239"><net_src comp="3235" pin="1"/><net_sink comp="2440" pin=1"/></net>

<net id="3243"><net_src comp="1703" pin="4"/><net_sink comp="3240" pin=0"/></net>

<net id="3244"><net_src comp="3240" pin="1"/><net_sink comp="2452" pin=1"/></net>

<net id="3248"><net_src comp="1713" pin="4"/><net_sink comp="3245" pin=0"/></net>

<net id="3249"><net_src comp="3245" pin="1"/><net_sink comp="2464" pin=1"/></net>

<net id="3253"><net_src comp="1723" pin="4"/><net_sink comp="3250" pin=0"/></net>

<net id="3254"><net_src comp="3250" pin="1"/><net_sink comp="2476" pin=1"/></net>

<net id="3258"><net_src comp="1733" pin="4"/><net_sink comp="3255" pin=0"/></net>

<net id="3259"><net_src comp="3255" pin="1"/><net_sink comp="2488" pin=1"/></net>

<net id="3263"><net_src comp="1743" pin="4"/><net_sink comp="3260" pin=0"/></net>

<net id="3264"><net_src comp="3260" pin="1"/><net_sink comp="2500" pin=1"/></net>

<net id="3268"><net_src comp="1753" pin="4"/><net_sink comp="3265" pin=0"/></net>

<net id="3269"><net_src comp="3265" pin="1"/><net_sink comp="2512" pin=1"/></net>

<net id="3273"><net_src comp="1763" pin="4"/><net_sink comp="3270" pin=0"/></net>

<net id="3274"><net_src comp="3270" pin="1"/><net_sink comp="2524" pin=1"/></net>

<net id="3278"><net_src comp="1773" pin="4"/><net_sink comp="3275" pin=0"/></net>

<net id="3279"><net_src comp="3275" pin="1"/><net_sink comp="2536" pin=1"/></net>

<net id="3283"><net_src comp="1783" pin="4"/><net_sink comp="3280" pin=0"/></net>

<net id="3284"><net_src comp="3280" pin="1"/><net_sink comp="2548" pin=1"/></net>

<net id="3288"><net_src comp="1793" pin="4"/><net_sink comp="3285" pin=0"/></net>

<net id="3289"><net_src comp="3285" pin="1"/><net_sink comp="2560" pin=1"/></net>

<net id="3293"><net_src comp="1803" pin="4"/><net_sink comp="3290" pin=0"/></net>

<net id="3294"><net_src comp="3290" pin="1"/><net_sink comp="2572" pin=1"/></net>

<net id="3298"><net_src comp="1813" pin="4"/><net_sink comp="3295" pin=0"/></net>

<net id="3299"><net_src comp="3295" pin="1"/><net_sink comp="2584" pin=1"/></net>

<net id="3303"><net_src comp="1828" pin="3"/><net_sink comp="3300" pin=0"/></net>

<net id="3304"><net_src comp="3300" pin="1"/><net_sink comp="2591" pin=64"/></net>

<net id="3308"><net_src comp="1840" pin="3"/><net_sink comp="3305" pin=0"/></net>

<net id="3309"><net_src comp="3305" pin="1"/><net_sink comp="2591" pin=63"/></net>

<net id="3313"><net_src comp="1852" pin="3"/><net_sink comp="3310" pin=0"/></net>

<net id="3314"><net_src comp="3310" pin="1"/><net_sink comp="2591" pin=62"/></net>

<net id="3318"><net_src comp="1864" pin="3"/><net_sink comp="3315" pin=0"/></net>

<net id="3319"><net_src comp="3315" pin="1"/><net_sink comp="2591" pin=61"/></net>

<net id="3323"><net_src comp="1876" pin="3"/><net_sink comp="3320" pin=0"/></net>

<net id="3324"><net_src comp="3320" pin="1"/><net_sink comp="2591" pin=60"/></net>

<net id="3328"><net_src comp="1888" pin="3"/><net_sink comp="3325" pin=0"/></net>

<net id="3329"><net_src comp="3325" pin="1"/><net_sink comp="2591" pin=59"/></net>

<net id="3333"><net_src comp="1900" pin="3"/><net_sink comp="3330" pin=0"/></net>

<net id="3334"><net_src comp="3330" pin="1"/><net_sink comp="2591" pin=58"/></net>

<net id="3338"><net_src comp="1912" pin="3"/><net_sink comp="3335" pin=0"/></net>

<net id="3339"><net_src comp="3335" pin="1"/><net_sink comp="2591" pin=57"/></net>

<net id="3343"><net_src comp="1924" pin="3"/><net_sink comp="3340" pin=0"/></net>

<net id="3344"><net_src comp="3340" pin="1"/><net_sink comp="2591" pin=56"/></net>

<net id="3348"><net_src comp="1936" pin="3"/><net_sink comp="3345" pin=0"/></net>

<net id="3349"><net_src comp="3345" pin="1"/><net_sink comp="2591" pin=55"/></net>

<net id="3353"><net_src comp="1948" pin="3"/><net_sink comp="3350" pin=0"/></net>

<net id="3354"><net_src comp="3350" pin="1"/><net_sink comp="2591" pin=54"/></net>

<net id="3358"><net_src comp="1960" pin="3"/><net_sink comp="3355" pin=0"/></net>

<net id="3359"><net_src comp="3355" pin="1"/><net_sink comp="2591" pin=53"/></net>

<net id="3363"><net_src comp="1972" pin="3"/><net_sink comp="3360" pin=0"/></net>

<net id="3364"><net_src comp="3360" pin="1"/><net_sink comp="2591" pin=52"/></net>

<net id="3368"><net_src comp="1984" pin="3"/><net_sink comp="3365" pin=0"/></net>

<net id="3369"><net_src comp="3365" pin="1"/><net_sink comp="2591" pin=51"/></net>

<net id="3373"><net_src comp="1996" pin="3"/><net_sink comp="3370" pin=0"/></net>

<net id="3374"><net_src comp="3370" pin="1"/><net_sink comp="2591" pin=50"/></net>

<net id="3378"><net_src comp="2008" pin="3"/><net_sink comp="3375" pin=0"/></net>

<net id="3379"><net_src comp="3375" pin="1"/><net_sink comp="2591" pin=49"/></net>

<net id="3383"><net_src comp="2020" pin="3"/><net_sink comp="3380" pin=0"/></net>

<net id="3384"><net_src comp="3380" pin="1"/><net_sink comp="2591" pin=48"/></net>

<net id="3388"><net_src comp="2032" pin="3"/><net_sink comp="3385" pin=0"/></net>

<net id="3389"><net_src comp="3385" pin="1"/><net_sink comp="2591" pin=47"/></net>

<net id="3393"><net_src comp="2044" pin="3"/><net_sink comp="3390" pin=0"/></net>

<net id="3394"><net_src comp="3390" pin="1"/><net_sink comp="2591" pin=46"/></net>

<net id="3398"><net_src comp="2056" pin="3"/><net_sink comp="3395" pin=0"/></net>

<net id="3399"><net_src comp="3395" pin="1"/><net_sink comp="2591" pin=45"/></net>

<net id="3403"><net_src comp="2068" pin="3"/><net_sink comp="3400" pin=0"/></net>

<net id="3404"><net_src comp="3400" pin="1"/><net_sink comp="2591" pin=44"/></net>

<net id="3408"><net_src comp="2080" pin="3"/><net_sink comp="3405" pin=0"/></net>

<net id="3409"><net_src comp="3405" pin="1"/><net_sink comp="2591" pin=43"/></net>

<net id="3413"><net_src comp="2092" pin="3"/><net_sink comp="3410" pin=0"/></net>

<net id="3414"><net_src comp="3410" pin="1"/><net_sink comp="2591" pin=42"/></net>

<net id="3418"><net_src comp="2104" pin="3"/><net_sink comp="3415" pin=0"/></net>

<net id="3419"><net_src comp="3415" pin="1"/><net_sink comp="2591" pin=41"/></net>

<net id="3423"><net_src comp="2116" pin="3"/><net_sink comp="3420" pin=0"/></net>

<net id="3424"><net_src comp="3420" pin="1"/><net_sink comp="2591" pin=40"/></net>

<net id="3428"><net_src comp="2128" pin="3"/><net_sink comp="3425" pin=0"/></net>

<net id="3429"><net_src comp="3425" pin="1"/><net_sink comp="2591" pin=39"/></net>

<net id="3433"><net_src comp="2140" pin="3"/><net_sink comp="3430" pin=0"/></net>

<net id="3434"><net_src comp="3430" pin="1"/><net_sink comp="2591" pin=38"/></net>

<net id="3438"><net_src comp="2152" pin="3"/><net_sink comp="3435" pin=0"/></net>

<net id="3439"><net_src comp="3435" pin="1"/><net_sink comp="2591" pin=37"/></net>

<net id="3443"><net_src comp="2164" pin="3"/><net_sink comp="3440" pin=0"/></net>

<net id="3444"><net_src comp="3440" pin="1"/><net_sink comp="2591" pin=36"/></net>

<net id="3448"><net_src comp="2176" pin="3"/><net_sink comp="3445" pin=0"/></net>

<net id="3449"><net_src comp="3445" pin="1"/><net_sink comp="2591" pin=35"/></net>

<net id="3453"><net_src comp="2188" pin="3"/><net_sink comp="3450" pin=0"/></net>

<net id="3454"><net_src comp="3450" pin="1"/><net_sink comp="2591" pin=34"/></net>

<net id="3458"><net_src comp="2200" pin="3"/><net_sink comp="3455" pin=0"/></net>

<net id="3459"><net_src comp="3455" pin="1"/><net_sink comp="2591" pin=33"/></net>

<net id="3463"><net_src comp="2212" pin="3"/><net_sink comp="3460" pin=0"/></net>

<net id="3464"><net_src comp="3460" pin="1"/><net_sink comp="2591" pin=32"/></net>

<net id="3468"><net_src comp="2224" pin="3"/><net_sink comp="3465" pin=0"/></net>

<net id="3469"><net_src comp="3465" pin="1"/><net_sink comp="2591" pin=31"/></net>

<net id="3473"><net_src comp="2236" pin="3"/><net_sink comp="3470" pin=0"/></net>

<net id="3474"><net_src comp="3470" pin="1"/><net_sink comp="2591" pin=30"/></net>

<net id="3478"><net_src comp="2248" pin="3"/><net_sink comp="3475" pin=0"/></net>

<net id="3479"><net_src comp="3475" pin="1"/><net_sink comp="2591" pin=29"/></net>

<net id="3483"><net_src comp="2260" pin="3"/><net_sink comp="3480" pin=0"/></net>

<net id="3484"><net_src comp="3480" pin="1"/><net_sink comp="2591" pin=28"/></net>

<net id="3488"><net_src comp="2272" pin="3"/><net_sink comp="3485" pin=0"/></net>

<net id="3489"><net_src comp="3485" pin="1"/><net_sink comp="2591" pin=27"/></net>

<net id="3493"><net_src comp="2284" pin="3"/><net_sink comp="3490" pin=0"/></net>

<net id="3494"><net_src comp="3490" pin="1"/><net_sink comp="2591" pin=26"/></net>

<net id="3498"><net_src comp="2296" pin="3"/><net_sink comp="3495" pin=0"/></net>

<net id="3499"><net_src comp="3495" pin="1"/><net_sink comp="2591" pin=25"/></net>

<net id="3503"><net_src comp="2308" pin="3"/><net_sink comp="3500" pin=0"/></net>

<net id="3504"><net_src comp="3500" pin="1"/><net_sink comp="2591" pin=24"/></net>

<net id="3508"><net_src comp="2320" pin="3"/><net_sink comp="3505" pin=0"/></net>

<net id="3509"><net_src comp="3505" pin="1"/><net_sink comp="2591" pin=23"/></net>

<net id="3513"><net_src comp="2332" pin="3"/><net_sink comp="3510" pin=0"/></net>

<net id="3514"><net_src comp="3510" pin="1"/><net_sink comp="2591" pin=22"/></net>

<net id="3518"><net_src comp="2344" pin="3"/><net_sink comp="3515" pin=0"/></net>

<net id="3519"><net_src comp="3515" pin="1"/><net_sink comp="2591" pin=21"/></net>

<net id="3523"><net_src comp="2356" pin="3"/><net_sink comp="3520" pin=0"/></net>

<net id="3524"><net_src comp="3520" pin="1"/><net_sink comp="2591" pin=20"/></net>

<net id="3528"><net_src comp="2368" pin="3"/><net_sink comp="3525" pin=0"/></net>

<net id="3529"><net_src comp="3525" pin="1"/><net_sink comp="2591" pin=19"/></net>

<net id="3533"><net_src comp="2380" pin="3"/><net_sink comp="3530" pin=0"/></net>

<net id="3534"><net_src comp="3530" pin="1"/><net_sink comp="2591" pin=18"/></net>

<net id="3538"><net_src comp="2392" pin="3"/><net_sink comp="3535" pin=0"/></net>

<net id="3539"><net_src comp="3535" pin="1"/><net_sink comp="2591" pin=17"/></net>

<net id="3543"><net_src comp="2404" pin="3"/><net_sink comp="3540" pin=0"/></net>

<net id="3544"><net_src comp="3540" pin="1"/><net_sink comp="2591" pin=16"/></net>

<net id="3548"><net_src comp="2416" pin="3"/><net_sink comp="3545" pin=0"/></net>

<net id="3549"><net_src comp="3545" pin="1"/><net_sink comp="2591" pin=15"/></net>

<net id="3553"><net_src comp="2428" pin="3"/><net_sink comp="3550" pin=0"/></net>

<net id="3554"><net_src comp="3550" pin="1"/><net_sink comp="2591" pin=14"/></net>

<net id="3558"><net_src comp="2440" pin="3"/><net_sink comp="3555" pin=0"/></net>

<net id="3559"><net_src comp="3555" pin="1"/><net_sink comp="2591" pin=13"/></net>

<net id="3563"><net_src comp="2452" pin="3"/><net_sink comp="3560" pin=0"/></net>

<net id="3564"><net_src comp="3560" pin="1"/><net_sink comp="2591" pin=12"/></net>

<net id="3568"><net_src comp="2464" pin="3"/><net_sink comp="3565" pin=0"/></net>

<net id="3569"><net_src comp="3565" pin="1"/><net_sink comp="2591" pin=11"/></net>

<net id="3573"><net_src comp="2476" pin="3"/><net_sink comp="3570" pin=0"/></net>

<net id="3574"><net_src comp="3570" pin="1"/><net_sink comp="2591" pin=10"/></net>

<net id="3578"><net_src comp="2488" pin="3"/><net_sink comp="3575" pin=0"/></net>

<net id="3579"><net_src comp="3575" pin="1"/><net_sink comp="2591" pin=9"/></net>

<net id="3583"><net_src comp="2500" pin="3"/><net_sink comp="3580" pin=0"/></net>

<net id="3584"><net_src comp="3580" pin="1"/><net_sink comp="2591" pin=8"/></net>

<net id="3588"><net_src comp="2512" pin="3"/><net_sink comp="3585" pin=0"/></net>

<net id="3589"><net_src comp="3585" pin="1"/><net_sink comp="2591" pin=7"/></net>

<net id="3593"><net_src comp="2524" pin="3"/><net_sink comp="3590" pin=0"/></net>

<net id="3594"><net_src comp="3590" pin="1"/><net_sink comp="2591" pin=6"/></net>

<net id="3598"><net_src comp="2536" pin="3"/><net_sink comp="3595" pin=0"/></net>

<net id="3599"><net_src comp="3595" pin="1"/><net_sink comp="2591" pin=5"/></net>

<net id="3603"><net_src comp="2548" pin="3"/><net_sink comp="3600" pin=0"/></net>

<net id="3604"><net_src comp="3600" pin="1"/><net_sink comp="2591" pin=4"/></net>

<net id="3608"><net_src comp="2560" pin="3"/><net_sink comp="3605" pin=0"/></net>

<net id="3609"><net_src comp="3605" pin="1"/><net_sink comp="2591" pin=3"/></net>

<net id="3613"><net_src comp="2572" pin="3"/><net_sink comp="3610" pin=0"/></net>

<net id="3614"><net_src comp="3610" pin="1"/><net_sink comp="2591" pin=2"/></net>

<net id="3618"><net_src comp="2584" pin="3"/><net_sink comp="3615" pin=0"/></net>

<net id="3619"><net_src comp="3615" pin="1"/><net_sink comp="2591" pin=1"/></net>

</net_list>

</model> 
---------------- Datapath Model END ------------------

* FSMD analyzer results:
  - Output states:
	Port: layer3_out | {3 }
 - Input state : 
	Port: relu<array<ap_fixed,64u>,array<ap_fixed<16,6,5,3,0>,64u>,relu_config3> : layer2_out | {1 }
  - Chain level:
	State 1
	State 2
		select_ln51 : 1
		select_ln51_1 : 1
		select_ln51_2 : 1
		select_ln51_3 : 1
		select_ln51_4 : 1
		select_ln51_5 : 1
		select_ln51_6 : 1
		select_ln51_7 : 1
		select_ln51_8 : 1
		select_ln51_9 : 1
		select_ln51_10 : 1
		select_ln51_11 : 1
		select_ln51_12 : 1
		select_ln51_13 : 1
		select_ln51_14 : 1
		select_ln51_15 : 1
		select_ln51_16 : 1
		select_ln51_17 : 1
		select_ln51_18 : 1
		select_ln51_19 : 1
		select_ln51_20 : 1
		select_ln51_21 : 1
		select_ln51_22 : 1
		select_ln51_23 : 1
		select_ln51_24 : 1
		select_ln51_25 : 1
		select_ln51_26 : 1
		select_ln51_27 : 1
		select_ln51_28 : 1
		select_ln51_29 : 1
		select_ln51_30 : 1
		select_ln51_31 : 1
		select_ln51_32 : 1
		select_ln51_33 : 1
		select_ln51_34 : 1
		select_ln51_35 : 1
		select_ln51_36 : 1
		select_ln51_37 : 1
		select_ln51_38 : 1
		select_ln51_39 : 1
		select_ln51_40 : 1
		select_ln51_41 : 1
		select_ln51_42 : 1
		select_ln51_43 : 1
		select_ln51_44 : 1
		select_ln51_45 : 1
		select_ln51_46 : 1
		select_ln51_47 : 1
		select_ln51_48 : 1
		select_ln51_49 : 1
		select_ln51_50 : 1
		select_ln51_51 : 1
		select_ln51_52 : 1
		select_ln51_53 : 1
		select_ln51_54 : 1
		select_ln51_55 : 1
		select_ln51_56 : 1
		select_ln51_57 : 1
		select_ln51_58 : 1
		select_ln51_59 : 1
		select_ln51_60 : 1
		select_ln51_61 : 1
		select_ln51_62 : 1
		select_ln51_63 : 1
	State 3
		write_ln57 : 1


============================================================
+ Verbose Summary: Datapath Resource usage 
============================================================

* Functional unit list:
|----------|-----------------------------|---------|---------|
| Operation|       Functional Unit       |    FF   |   LUT   |
|----------|-----------------------------|---------|---------|
|          |      icmp_ln51_fu_1823      |    0    |    44   |
|          |     icmp_ln51_1_fu_1835     |    0    |    44   |
|          |     icmp_ln51_2_fu_1847     |    0    |    44   |
|          |     icmp_ln51_3_fu_1859     |    0    |    44   |
|          |     icmp_ln51_4_fu_1871     |    0    |    44   |
|          |     icmp_ln51_5_fu_1883     |    0    |    44   |
|          |     icmp_ln51_6_fu_1895     |    0    |    44   |
|          |     icmp_ln51_7_fu_1907     |    0    |    44   |
|          |     icmp_ln51_8_fu_1919     |    0    |    44   |
|          |     icmp_ln51_9_fu_1931     |    0    |    44   |
|          |     icmp_ln51_10_fu_1943    |    0    |    44   |
|          |     icmp_ln51_11_fu_1955    |    0    |    44   |
|          |     icmp_ln51_12_fu_1967    |    0    |    44   |
|          |     icmp_ln51_13_fu_1979    |    0    |    44   |
|          |     icmp_ln51_14_fu_1991    |    0    |    44   |
|          |     icmp_ln51_15_fu_2003    |    0    |    44   |
|          |     icmp_ln51_16_fu_2015    |    0    |    44   |
|          |     icmp_ln51_17_fu_2027    |    0    |    44   |
|          |     icmp_ln51_18_fu_2039    |    0    |    44   |
|          |     icmp_ln51_19_fu_2051    |    0    |    44   |
|          |     icmp_ln51_20_fu_2063    |    0    |    44   |
|          |     icmp_ln51_21_fu_2075    |    0    |    44   |
|          |     icmp_ln51_22_fu_2087    |    0    |    44   |
|          |     icmp_ln51_23_fu_2099    |    0    |    44   |
|          |     icmp_ln51_24_fu_2111    |    0    |    44   |
|          |     icmp_ln51_25_fu_2123    |    0    |    44   |
|          |     icmp_ln51_26_fu_2135    |    0    |    44   |
|          |     icmp_ln51_27_fu_2147    |    0    |    44   |
|          |     icmp_ln51_28_fu_2159    |    0    |    44   |
|          |     icmp_ln51_29_fu_2171    |    0    |    44   |
|          |     icmp_ln51_30_fu_2183    |    0    |    44   |
|   icmp   |     icmp_ln51_31_fu_2195    |    0    |    44   |
|          |     icmp_ln51_32_fu_2207    |    0    |    44   |
|          |     icmp_ln51_33_fu_2219    |    0    |    44   |
|          |     icmp_ln51_34_fu_2231    |    0    |    44   |
|          |     icmp_ln51_35_fu_2243    |    0    |    44   |
|          |     icmp_ln51_36_fu_2255    |    0    |    44   |
|          |     icmp_ln51_37_fu_2267    |    0    |    44   |
|          |     icmp_ln51_38_fu_2279    |    0    |    44   |
|          |     icmp_ln51_39_fu_2291    |    0    |    44   |
|          |     icmp_ln51_40_fu_2303    |    0    |    44   |
|          |     icmp_ln51_41_fu_2315    |    0    |    44   |
|          |     icmp_ln51_42_fu_2327    |    0    |    44   |
|          |     icmp_ln51_43_fu_2339    |    0    |    44   |
|          |     icmp_ln51_44_fu_2351    |    0    |    44   |
|          |     icmp_ln51_45_fu_2363    |    0    |    44   |
|          |     icmp_ln51_46_fu_2375    |    0    |    44   |
|          |     icmp_ln51_47_fu_2387    |    0    |    44   |
|          |     icmp_ln51_48_fu_2399    |    0    |    44   |
|          |     icmp_ln51_49_fu_2411    |    0    |    44   |
|          |     icmp_ln51_50_fu_2423    |    0    |    44   |
|          |     icmp_ln51_51_fu_2435    |    0    |    44   |
|          |     icmp_ln51_52_fu_2447    |    0    |    44   |
|          |     icmp_ln51_53_fu_2459    |    0    |    44   |
|          |     icmp_ln51_54_fu_2471    |    0    |    44   |
|          |     icmp_ln51_55_fu_2483    |    0    |    44   |
|          |     icmp_ln51_56_fu_2495    |    0    |    44   |
|          |     icmp_ln51_57_fu_2507    |    0    |    44   |
|          |     icmp_ln51_58_fu_2519    |    0    |    44   |
|          |     icmp_ln51_59_fu_2531    |    0    |    44   |
|          |     icmp_ln51_60_fu_2543    |    0    |    44   |
|          |     icmp_ln51_61_fu_2555    |    0    |    44   |
|          |     icmp_ln51_62_fu_2567    |    0    |    44   |
|          |     icmp_ln51_63_fu_2579    |    0    |    44   |
|----------|-----------------------------|---------|---------|
|          |     select_ln51_fu_1828     |    0    |    16   |
|          |    select_ln51_1_fu_1840    |    0    |    16   |
|          |    select_ln51_2_fu_1852    |    0    |    16   |
|          |    select_ln51_3_fu_1864    |    0    |    16   |
|          |    select_ln51_4_fu_1876    |    0    |    16   |
|          |    select_ln51_5_fu_1888    |    0    |    16   |
|          |    select_ln51_6_fu_1900    |    0    |    16   |
|          |    select_ln51_7_fu_1912    |    0    |    16   |
|          |    select_ln51_8_fu_1924    |    0    |    16   |
|          |    select_ln51_9_fu_1936    |    0    |    16   |
|          |    select_ln51_10_fu_1948   |    0    |    16   |
|          |    select_ln51_11_fu_1960   |    0    |    16   |
|          |    select_ln51_12_fu_1972   |    0    |    16   |
|          |    select_ln51_13_fu_1984   |    0    |    16   |
|          |    select_ln51_14_fu_1996   |    0    |    16   |
|          |    select_ln51_15_fu_2008   |    0    |    16   |
|          |    select_ln51_16_fu_2020   |    0    |    16   |
|          |    select_ln51_17_fu_2032   |    0    |    16   |
|          |    select_ln51_18_fu_2044   |    0    |    16   |
|          |    select_ln51_19_fu_2056   |    0    |    16   |
|          |    select_ln51_20_fu_2068   |    0    |    16   |
|          |    select_ln51_21_fu_2080   |    0    |    16   |
|          |    select_ln51_22_fu_2092   |    0    |    16   |
|          |    select_ln51_23_fu_2104   |    0    |    16   |
|          |    select_ln51_24_fu_2116   |    0    |    16   |
|          |    select_ln51_25_fu_2128   |    0    |    16   |
|          |    select_ln51_26_fu_2140   |    0    |    16   |
|          |    select_ln51_27_fu_2152   |    0    |    16   |
|          |    select_ln51_28_fu_2164   |    0    |    16   |
|          |    select_ln51_29_fu_2176   |    0    |    16   |
|          |    select_ln51_30_fu_2188   |    0    |    16   |
|  select  |    select_ln51_31_fu_2200   |    0    |    16   |
|          |    select_ln51_32_fu_2212   |    0    |    16   |
|          |    select_ln51_33_fu_2224   |    0    |    16   |
|          |    select_ln51_34_fu_2236   |    0    |    16   |
|          |    select_ln51_35_fu_2248   |    0    |    16   |
|          |    select_ln51_36_fu_2260   |    0    |    16   |
|          |    select_ln51_37_fu_2272   |    0    |    16   |
|          |    select_ln51_38_fu_2284   |    0    |    16   |
|          |    select_ln51_39_fu_2296   |    0    |    16   |
|          |    select_ln51_40_fu_2308   |    0    |    16   |
|          |    select_ln51_41_fu_2320   |    0    |    16   |
|          |    select_ln51_42_fu_2332   |    0    |    16   |
|          |    select_ln51_43_fu_2344   |    0    |    16   |
|          |    select_ln51_44_fu_2356   |    0    |    16   |
|          |    select_ln51_45_fu_2368   |    0    |    16   |
|          |    select_ln51_46_fu_2380   |    0    |    16   |
|          |    select_ln51_47_fu_2392   |    0    |    16   |
|          |    select_ln51_48_fu_2404   |    0    |    16   |
|          |    select_ln51_49_fu_2416   |    0    |    16   |
|          |    select_ln51_50_fu_2428   |    0    |    16   |
|          |    select_ln51_51_fu_2440   |    0    |    16   |
|          |    select_ln51_52_fu_2452   |    0    |    16   |
|          |    select_ln51_53_fu_2464   |    0    |    16   |
|          |    select_ln51_54_fu_2476   |    0    |    16   |
|          |    select_ln51_55_fu_2488   |    0    |    16   |
|          |    select_ln51_56_fu_2500   |    0    |    16   |
|          |    select_ln51_57_fu_2512   |    0    |    16   |
|          |    select_ln51_58_fu_2524   |    0    |    16   |
|          |    select_ln51_59_fu_2536   |    0    |    16   |
|          |    select_ln51_60_fu_2548   |    0    |    16   |
|          |    select_ln51_61_fu_2560   |    0    |    16   |
|          |    select_ln51_62_fu_2572   |    0    |    16   |
|          |    select_ln51_63_fu_2584   |    0    |    16   |
|----------|-----------------------------|---------|---------|
|   read   | layer2_out_read_read_fu_536 |    0    |    0    |
|----------|-----------------------------|---------|---------|
|   write  |   write_ln57_write_fu_542   |    0    |    0    |
|----------|-----------------------------|---------|---------|
|   trunc  |      trunc_ln44_fu_549      |    0    |    0    |
|----------|-----------------------------|---------|---------|
|          |     trunc_ln44_s_fu_553     |    0    |    0    |
|          |     trunc_ln44_1_fu_563     |    0    |    0    |
|          |     trunc_ln44_2_fu_573     |    0    |    0    |
|          |     trunc_ln44_3_fu_583     |    0    |    0    |
|          |     trunc_ln44_4_fu_593     |    0    |    0    |
|          |     trunc_ln44_5_fu_603     |    0    |    0    |
|          |     trunc_ln44_6_fu_613     |    0    |    0    |
|          |     trunc_ln44_7_fu_623     |    0    |    0    |
|          |     trunc_ln44_8_fu_633     |    0    |    0    |
|          |     trunc_ln44_9_fu_643     |    0    |    0    |
|          |     trunc_ln44_10_fu_653    |    0    |    0    |
|          |     trunc_ln44_11_fu_663    |    0    |    0    |
|          |     trunc_ln44_12_fu_673    |    0    |    0    |
|          |     trunc_ln44_13_fu_683    |    0    |    0    |
|          |     trunc_ln44_14_fu_693    |    0    |    0    |
|          |     trunc_ln44_15_fu_703    |    0    |    0    |
|          |     trunc_ln44_16_fu_713    |    0    |    0    |
|          |     trunc_ln44_17_fu_723    |    0    |    0    |
|          |     trunc_ln44_18_fu_733    |    0    |    0    |
|          |     trunc_ln44_19_fu_743    |    0    |    0    |
|          |     trunc_ln44_20_fu_753    |    0    |    0    |
|          |     trunc_ln44_21_fu_763    |    0    |    0    |
|          |     trunc_ln44_22_fu_773    |    0    |    0    |
|          |     trunc_ln44_23_fu_783    |    0    |    0    |
|          |     trunc_ln44_24_fu_793    |    0    |    0    |
|          |     trunc_ln44_25_fu_803    |    0    |    0    |
|          |     trunc_ln44_26_fu_813    |    0    |    0    |
|          |     trunc_ln44_27_fu_823    |    0    |    0    |
|          |     trunc_ln44_28_fu_833    |    0    |    0    |
|          |     trunc_ln44_29_fu_843    |    0    |    0    |
|          |     trunc_ln44_30_fu_853    |    0    |    0    |
|          |     trunc_ln44_31_fu_863    |    0    |    0    |
|          |     trunc_ln44_32_fu_873    |    0    |    0    |
|          |     trunc_ln44_33_fu_883    |    0    |    0    |
|          |     trunc_ln44_34_fu_893    |    0    |    0    |
|          |     trunc_ln44_35_fu_903    |    0    |    0    |
|          |     trunc_ln44_36_fu_913    |    0    |    0    |
|          |     trunc_ln44_37_fu_923    |    0    |    0    |
|          |     trunc_ln44_38_fu_933    |    0    |    0    |
|          |     trunc_ln44_39_fu_943    |    0    |    0    |
|          |     trunc_ln44_40_fu_953    |    0    |    0    |
|          |     trunc_ln44_41_fu_963    |    0    |    0    |
|          |     trunc_ln44_42_fu_973    |    0    |    0    |
|          |     trunc_ln44_43_fu_983    |    0    |    0    |
|          |     trunc_ln44_44_fu_993    |    0    |    0    |
|          |    trunc_ln44_45_fu_1003    |    0    |    0    |
|          |    trunc_ln44_46_fu_1013    |    0    |    0    |
|          |    trunc_ln44_47_fu_1023    |    0    |    0    |
|          |    trunc_ln44_48_fu_1033    |    0    |    0    |
|          |    trunc_ln44_49_fu_1043    |    0    |    0    |
|          |    trunc_ln44_50_fu_1053    |    0    |    0    |
|          |    trunc_ln44_51_fu_1063    |    0    |    0    |
|          |    trunc_ln44_52_fu_1073    |    0    |    0    |
|          |    trunc_ln44_53_fu_1083    |    0    |    0    |
|          |    trunc_ln44_54_fu_1093    |    0    |    0    |
|          |    trunc_ln44_55_fu_1103    |    0    |    0    |
|          |    trunc_ln44_56_fu_1113    |    0    |    0    |
|          |    trunc_ln44_57_fu_1123    |    0    |    0    |
|          |    trunc_ln44_58_fu_1133    |    0    |    0    |
|          |    trunc_ln44_59_fu_1143    |    0    |    0    |
|          |    trunc_ln44_60_fu_1153    |    0    |    0    |
|          |    trunc_ln44_61_fu_1163    |    0    |    0    |
|          |    trunc_ln44_62_fu_1173    |    0    |    0    |
|partselect|      trunc_ln4_fu_1183      |    0    |    0    |
|          |     trunc_ln52_s_fu_1193    |    0    |    0    |
|          |     trunc_ln52_1_fu_1203    |    0    |    0    |
|          |     trunc_ln52_2_fu_1213    |    0    |    0    |
|          |     trunc_ln52_3_fu_1223    |    0    |    0    |
|          |     trunc_ln52_4_fu_1233    |    0    |    0    |
|          |     trunc_ln52_5_fu_1243    |    0    |    0    |
|          |     trunc_ln52_6_fu_1253    |    0    |    0    |
|          |     trunc_ln52_7_fu_1263    |    0    |    0    |
|          |     trunc_ln52_8_fu_1273    |    0    |    0    |
|          |     trunc_ln52_9_fu_1283    |    0    |    0    |
|          |    trunc_ln52_10_fu_1293    |    0    |    0    |
|          |    trunc_ln52_11_fu_1303    |    0    |    0    |
|          |    trunc_ln52_12_fu_1313    |    0    |    0    |
|          |    trunc_ln52_13_fu_1323    |    0    |    0    |
|          |    trunc_ln52_14_fu_1333    |    0    |    0    |
|          |    trunc_ln52_15_fu_1343    |    0    |    0    |
|          |    trunc_ln52_16_fu_1353    |    0    |    0    |
|          |    trunc_ln52_17_fu_1363    |    0    |    0    |
|          |    trunc_ln52_18_fu_1373    |    0    |    0    |
|          |    trunc_ln52_19_fu_1383    |    0    |    0    |
|          |    trunc_ln52_20_fu_1393    |    0    |    0    |
|          |    trunc_ln52_21_fu_1403    |    0    |    0    |
|          |    trunc_ln52_22_fu_1413    |    0    |    0    |
|          |    trunc_ln52_23_fu_1423    |    0    |    0    |
|          |    trunc_ln52_24_fu_1433    |    0    |    0    |
|          |    trunc_ln52_25_fu_1443    |    0    |    0    |
|          |    trunc_ln52_26_fu_1453    |    0    |    0    |
|          |    trunc_ln52_27_fu_1463    |    0    |    0    |
|          |    trunc_ln52_28_fu_1473    |    0    |    0    |
|          |    trunc_ln52_29_fu_1483    |    0    |    0    |
|          |    trunc_ln52_30_fu_1493    |    0    |    0    |
|          |    trunc_ln52_31_fu_1503    |    0    |    0    |
|          |    trunc_ln52_32_fu_1513    |    0    |    0    |
|          |    trunc_ln52_33_fu_1523    |    0    |    0    |
|          |    trunc_ln52_34_fu_1533    |    0    |    0    |
|          |    trunc_ln52_35_fu_1543    |    0    |    0    |
|          |    trunc_ln52_36_fu_1553    |    0    |    0    |
|          |    trunc_ln52_37_fu_1563    |    0    |    0    |
|          |    trunc_ln52_38_fu_1573    |    0    |    0    |
|          |    trunc_ln52_39_fu_1583    |    0    |    0    |
|          |    trunc_ln52_40_fu_1593    |    0    |    0    |
|          |    trunc_ln52_41_fu_1603    |    0    |    0    |
|          |    trunc_ln52_42_fu_1613    |    0    |    0    |
|          |    trunc_ln52_43_fu_1623    |    0    |    0    |
|          |    trunc_ln52_44_fu_1633    |    0    |    0    |
|          |    trunc_ln52_45_fu_1643    |    0    |    0    |
|          |    trunc_ln52_46_fu_1653    |    0    |    0    |
|          |    trunc_ln52_47_fu_1663    |    0    |    0    |
|          |    trunc_ln52_48_fu_1673    |    0    |    0    |
|          |    trunc_ln52_49_fu_1683    |    0    |    0    |
|          |    trunc_ln52_50_fu_1693    |    0    |    0    |
|          |    trunc_ln52_51_fu_1703    |    0    |    0    |
|          |    trunc_ln52_52_fu_1713    |    0    |    0    |
|          |    trunc_ln52_53_fu_1723    |    0    |    0    |
|          |    trunc_ln52_54_fu_1733    |    0    |    0    |
|          |    trunc_ln52_55_fu_1743    |    0    |    0    |
|          |    trunc_ln52_56_fu_1753    |    0    |    0    |
|          |    trunc_ln52_57_fu_1763    |    0    |    0    |
|          |    trunc_ln52_58_fu_1773    |    0    |    0    |
|          |    trunc_ln52_59_fu_1783    |    0    |    0    |
|          |    trunc_ln52_60_fu_1793    |    0    |    0    |
|          |    trunc_ln52_61_fu_1803    |    0    |    0    |
|          |    trunc_ln52_62_fu_1813    |    0    |    0    |
|----------|-----------------------------|---------|---------|
|bitconcatenate|         p_s_fu_2591         |    0    |    0    |
|----------|-----------------------------|---------|---------|
|   Total  |                             |    0    |   3840  |
|----------|-----------------------------|---------|---------|

Memories:
N/A

* Register list:
+-----------------------+--------+
|                       |   FF   |
+-----------------------+--------+
|select_ln51_10_reg_3350|   16   |
|select_ln51_11_reg_3355|   16   |
|select_ln51_12_reg_3360|   16   |
|select_ln51_13_reg_3365|   16   |
|select_ln51_14_reg_3370|   16   |
|select_ln51_15_reg_3375|   16   |
|select_ln51_16_reg_3380|   16   |
|select_ln51_17_reg_3385|   16   |
|select_ln51_18_reg_3390|   16   |
|select_ln51_19_reg_3395|   16   |
| select_ln51_1_reg_3305|   16   |
|select_ln51_20_reg_3400|   16   |
|select_ln51_21_reg_3405|   16   |
|select_ln51_22_reg_3410|   16   |
|select_ln51_23_reg_3415|   16   |
|select_ln51_24_reg_3420|   16   |
|select_ln51_25_reg_3425|   16   |
|select_ln51_26_reg_3430|   16   |
|select_ln51_27_reg_3435|   16   |
|select_ln51_28_reg_3440|   16   |
|select_ln51_29_reg_3445|   16   |
| select_ln51_2_reg_3310|   16   |
|select_ln51_30_reg_3450|   16   |
|select_ln51_31_reg_3455|   16   |
|select_ln51_32_reg_3460|   16   |
|select_ln51_33_reg_3465|   16   |
|select_ln51_34_reg_3470|   16   |
|select_ln51_35_reg_3475|   16   |
|select_ln51_36_reg_3480|   16   |
|select_ln51_37_reg_3485|   16   |
|select_ln51_38_reg_3490|   16   |
|select_ln51_39_reg_3495|   16   |
| select_ln51_3_reg_3315|   16   |
|select_ln51_40_reg_3500|   16   |
|select_ln51_41_reg_3505|   16   |
|select_ln51_42_reg_3510|   16   |
|select_ln51_43_reg_3515|   16   |
|select_ln51_44_reg_3520|   16   |
|select_ln51_45_reg_3525|   16   |
|select_ln51_46_reg_3530|   16   |
|select_ln51_47_reg_3535|   16   |
|select_ln51_48_reg_3540|   16   |
|select_ln51_49_reg_3545|   16   |
| select_ln51_4_reg_3320|   16   |
|select_ln51_50_reg_3550|   16   |
|select_ln51_51_reg_3555|   16   |
|select_ln51_52_reg_3560|   16   |
|select_ln51_53_reg_3565|   16   |
|select_ln51_54_reg_3570|   16   |
|select_ln51_55_reg_3575|   16   |
|select_ln51_56_reg_3580|   16   |
|select_ln51_57_reg_3585|   16   |
|select_ln51_58_reg_3590|   16   |
|select_ln51_59_reg_3595|   16   |
| select_ln51_5_reg_3325|   16   |
|select_ln51_60_reg_3600|   16   |
|select_ln51_61_reg_3605|   16   |
|select_ln51_62_reg_3610|   16   |
|select_ln51_63_reg_3615|   16   |
| select_ln51_6_reg_3330|   16   |
| select_ln51_7_reg_3335|   16   |
| select_ln51_8_reg_3340|   16   |
| select_ln51_9_reg_3345|   16   |
|  select_ln51_reg_3300 |   16   |
| trunc_ln44_10_reg_2715|   37   |
| trunc_ln44_11_reg_2720|   37   |
| trunc_ln44_12_reg_2725|   37   |
| trunc_ln44_13_reg_2730|   37   |
| trunc_ln44_14_reg_2735|   37   |
| trunc_ln44_15_reg_2740|   37   |
| trunc_ln44_16_reg_2745|   37   |
| trunc_ln44_17_reg_2750|   37   |
| trunc_ln44_18_reg_2755|   37   |
| trunc_ln44_19_reg_2760|   37   |
| trunc_ln44_1_reg_2670 |   37   |
| trunc_ln44_20_reg_2765|   37   |
| trunc_ln44_21_reg_2770|   37   |
| trunc_ln44_22_reg_2775|   37   |
| trunc_ln44_23_reg_2780|   37   |
| trunc_ln44_24_reg_2785|   37   |
| trunc_ln44_25_reg_2790|   37   |
| trunc_ln44_26_reg_2795|   37   |
| trunc_ln44_27_reg_2800|   37   |
| trunc_ln44_28_reg_2805|   37   |
| trunc_ln44_29_reg_2810|   37   |
| trunc_ln44_2_reg_2675 |   37   |
| trunc_ln44_30_reg_2815|   37   |
| trunc_ln44_31_reg_2820|   37   |
| trunc_ln44_32_reg_2825|   37   |
| trunc_ln44_33_reg_2830|   37   |
| trunc_ln44_34_reg_2835|   37   |
| trunc_ln44_35_reg_2840|   37   |
| trunc_ln44_36_reg_2845|   37   |
| trunc_ln44_37_reg_2850|   37   |
| trunc_ln44_38_reg_2855|   37   |
| trunc_ln44_39_reg_2860|   37   |
| trunc_ln44_3_reg_2680 |   37   |
| trunc_ln44_40_reg_2865|   37   |
| trunc_ln44_41_reg_2870|   37   |
| trunc_ln44_42_reg_2875|   37   |
| trunc_ln44_43_reg_2880|   37   |
| trunc_ln44_44_reg_2885|   37   |
| trunc_ln44_45_reg_2890|   37   |
| trunc_ln44_46_reg_2895|   37   |
| trunc_ln44_47_reg_2900|   37   |
| trunc_ln44_48_reg_2905|   37   |
| trunc_ln44_49_reg_2910|   37   |
| trunc_ln44_4_reg_2685 |   37   |
| trunc_ln44_50_reg_2915|   37   |
| trunc_ln44_51_reg_2920|   37   |
| trunc_ln44_52_reg_2925|   37   |
| trunc_ln44_53_reg_2930|   37   |
| trunc_ln44_54_reg_2935|   37   |
| trunc_ln44_55_reg_2940|   37   |
| trunc_ln44_56_reg_2945|   37   |
| trunc_ln44_57_reg_2950|   37   |
| trunc_ln44_58_reg_2955|   37   |
| trunc_ln44_59_reg_2960|   37   |
| trunc_ln44_5_reg_2690 |   37   |
| trunc_ln44_60_reg_2965|   37   |
| trunc_ln44_61_reg_2970|   37   |
| trunc_ln44_62_reg_2975|   37   |
| trunc_ln44_6_reg_2695 |   37   |
| trunc_ln44_7_reg_2700 |   37   |
| trunc_ln44_8_reg_2705 |   37   |
| trunc_ln44_9_reg_2710 |   37   |
|  trunc_ln44_reg_2660  |   37   |
| trunc_ln44_s_reg_2665 |   37   |
|   trunc_ln4_reg_2980  |   16   |
| trunc_ln52_10_reg_3035|   16   |
| trunc_ln52_11_reg_3040|   16   |
| trunc_ln52_12_reg_3045|   16   |
| trunc_ln52_13_reg_3050|   16   |
| trunc_ln52_14_reg_3055|   16   |
| trunc_ln52_15_reg_3060|   16   |
| trunc_ln52_16_reg_3065|   16   |
| trunc_ln52_17_reg_3070|   16   |
| trunc_ln52_18_reg_3075|   16   |
| trunc_ln52_19_reg_3080|   16   |
| trunc_ln52_1_reg_2990 |   16   |
| trunc_ln52_20_reg_3085|   16   |
| trunc_ln52_21_reg_3090|   16   |
| trunc_ln52_22_reg_3095|   16   |
| trunc_ln52_23_reg_3100|   16   |
| trunc_ln52_24_reg_3105|   16   |
| trunc_ln52_25_reg_3110|   16   |
| trunc_ln52_26_reg_3115|   16   |
| trunc_ln52_27_reg_3120|   16   |
| trunc_ln52_28_reg_3125|   16   |
| trunc_ln52_29_reg_3130|   16   |
| trunc_ln52_2_reg_2995 |   16   |
| trunc_ln52_30_reg_3135|   16   |
| trunc_ln52_31_reg_3140|   16   |
| trunc_ln52_32_reg_3145|   16   |
| trunc_ln52_33_reg_3150|   16   |
| trunc_ln52_34_reg_3155|   16   |
| trunc_ln52_35_reg_3160|   16   |
| trunc_ln52_36_reg_3165|   16   |
| trunc_ln52_37_reg_3170|   16   |
| trunc_ln52_38_reg_3175|   16   |
| trunc_ln52_39_reg_3180|   16   |
| trunc_ln52_3_reg_3000 |   16   |
| trunc_ln52_40_reg_3185|   16   |
| trunc_ln52_41_reg_3190|   16   |
| trunc_ln52_42_reg_3195|   16   |
| trunc_ln52_43_reg_3200|   16   |
| trunc_ln52_44_reg_3205|   16   |
| trunc_ln52_45_reg_3210|   16   |
| trunc_ln52_46_reg_3215|   16   |
| trunc_ln52_47_reg_3220|   16   |
| trunc_ln52_48_reg_3225|   16   |
| trunc_ln52_49_reg_3230|   16   |
| trunc_ln52_4_reg_3005 |   16   |
| trunc_ln52_50_reg_3235|   16   |
| trunc_ln52_51_reg_3240|   16   |
| trunc_ln52_52_reg_3245|   16   |
| trunc_ln52_53_reg_3250|   16   |
| trunc_ln52_54_reg_3255|   16   |
| trunc_ln52_55_reg_3260|   16   |
| trunc_ln52_56_reg_3265|   16   |
| trunc_ln52_57_reg_3270|   16   |
| trunc_ln52_58_reg_3275|   16   |
| trunc_ln52_59_reg_3280|   16   |
| trunc_ln52_5_reg_3010 |   16   |
| trunc_ln52_60_reg_3285|   16   |
| trunc_ln52_61_reg_3290|   16   |
| trunc_ln52_62_reg_3295|   16   |
| trunc_ln52_6_reg_3015 |   16   |
| trunc_ln52_7_reg_3020 |   16   |
| trunc_ln52_8_reg_3025 |   16   |
| trunc_ln52_9_reg_3030 |   16   |
| trunc_ln52_s_reg_2985 |   16   |
+-----------------------+--------+
|         Total         |  4416  |
+-----------------------+--------+

* Multiplexer (MUX) list: 
|--------|------|------|------|--------|
|  Comp  |  Pin | Size |  BW  | S x BW |
|--------|------|------|------|--------|
|  Total |      |      |      |    0   |
|--------|------|------|------|--------|



* Summary:
+-----------+--------+--------+
|           |   FF   |   LUT  |
+-----------+--------+--------+
|  Function |    0   |  3840  |
|   Memory  |    -   |    -   |
|Multiplexer|    -   |    -   |
|  Register |  4416  |    -   |
+-----------+--------+--------+
|   Total   |  4416  |  3840  |
+-----------+--------+--------+
