

================================================================
== Vitis HLS Report for 'dense_latency_ap_fixed_16_6_5_3_0_ap_fixed_39_19_5_3_0_config4_s'
================================================================
* Date:           Mon Sep 21 18:28:22 2026

* Version:        2025.2.1 (Build 6397637 on Mar 18 2026)
* Project:        myproject_prj
* Solution:       solution1 (Vivado IP Flow Target)
* Product family: zynq
* Target device:  xc7z020-clg400-1


================================================================
== Performance Estimates
================================================================
+ Timing: 
    * Summary: 
    +--------+---------+----------+------------+
    |  Clock |  Target | Estimated| Uncertainty|
    +--------+---------+----------+------------+
    |ap_clk  |  5.00 ns|  3.624 ns|     1.35 ns|
    +--------+---------+----------+------------+

+ Latency: 
    * Summary: 
    +---------+---------+-----------+-----------+-----+-----+---------+
    |  Latency (cycles) |   Latency (absolute)  |  Interval | Pipeline|
    |   min   |   max   |    min    |    max    | min | max |   Type  |
    +---------+---------+-----------+-----------+-----+-----+---------+
    |        7|        7|  35.000 ns|  35.000 ns|    1|    1|      yes|
    +---------+---------+-----------+-----------+-----+-----+---------+

    + Detail: 
        * Instance: 
        N/A

        * Loop: 
        N/A



================================================================
== Utilization Estimates
================================================================
* Summary: 
+-----------------+---------+------+--------+-------+-----+
|       Name      | BRAM_18K|  DSP |   FF   |  LUT  | URAM|
+-----------------+---------+------+--------+-------+-----+
|DSP              |        -|     -|       -|      -|    -|
|Expression       |        -|     -|       0|  58390|    -|
|FIFO             |        -|     -|       -|      -|    -|
|Instance         |        -|  1505|  100835|   3010|    -|
|Memory           |        -|     -|       -|      -|    -|
|Multiplexer      |        -|     -|       -|      -|    -|
|Register         |        -|     -|   61653|     32|    -|
+-----------------+---------+------+--------+-------+-----+
|Total            |        0|  1505|  162488|  61432|    0|
+-----------------+---------+------+--------+-------+-----+
|Available        |      280|   220|  106400|  53200|    0|
+-----------------+---------+------+--------+-------+-----+
|Utilization (%)  |        0|   684|     152|    115|    0|
+-----------------+---------+------+--------+-------+-----+

+ Detail: 
    * Instance: 
    +--------------------------+--------------------+---------+----+------+----+-----+
    |         Instance         |       Module       | BRAM_18K| DSP|  FF  | LUT| URAM|
    +--------------------------+--------------------+---------+----+------+----+-----+
    |mul_16s_5ns_21_2_1_U906   |mul_16s_5ns_21_2_1  |        0|   1|    67|   2|    0|
    |mul_16s_5ns_21_2_1_U1043  |mul_16s_5ns_21_2_1  |        0|   1|    67|   2|    0|
    |mul_16s_5ns_21_2_1_U1498  |mul_16s_5ns_21_2_1  |        0|   1|    67|   2|    0|
    |mul_16s_5ns_21_2_1_U1987  |mul_16s_5ns_21_2_1  |        0|   1|    67|   2|    0|
    |mul_16s_5ns_21_2_1_U2011  |mul_16s_5ns_21_2_1  |        0|   1|    67|   2|    0|
    |mul_16s_5ns_21_2_1_U2168  |mul_16s_5ns_21_2_1  |        0|   1|    67|   2|    0|
    |mul_16s_5ns_21_2_1_U2219  |mul_16s_5ns_21_2_1  |        0|   1|    67|   2|    0|
    |mul_16s_5s_21_2_1_U1157   |mul_16s_5s_21_2_1   |        0|   1|    67|   2|    0|
    |mul_16s_5s_21_2_1_U1369   |mul_16s_5s_21_2_1   |        0|   1|    67|   2|    0|
    |mul_16s_5s_21_2_1_U1666   |mul_16s_5s_21_2_1   |        0|   1|    67|   2|    0|
    |mul_16s_5s_21_2_1_U1747   |mul_16s_5s_21_2_1   |        0|   1|    67|   2|    0|
    |mul_16s_5s_21_2_1_U1996   |mul_16s_5s_21_2_1   |        0|   1|    67|   2|    0|
    |mul_16s_5s_21_2_1_U2048   |mul_16s_5s_21_2_1   |        0|   1|    67|   2|    0|
    |mul_16s_5s_21_2_1_U2183   |mul_16s_5s_21_2_1   |        0|   1|    67|   2|    0|
    |mul_16s_6ns_22_2_1_U861   |mul_16s_6ns_22_2_1  |        0|   1|    67|   2|    0|
    |mul_16s_6ns_22_2_1_U1045  |mul_16s_6ns_22_2_1  |        0|   1|    67|   2|    0|
    |mul_16s_6ns_22_2_1_U1147  |mul_16s_6ns_22_2_1  |        0|   1|    67|   2|    0|
    |mul_16s_6ns_22_2_1_U1194  |mul_16s_6ns_22_2_1  |        0|   1|    67|   2|    0|
    |mul_16s_6ns_22_2_1_U1212  |mul_16s_6ns_22_2_1  |        0|   1|    67|   2|    0|
    |mul_16s_6ns_22_2_1_U1232  |mul_16s_6ns_22_2_1  |        0|   1|    67|   2|    0|
    |mul_16s_6ns_22_2_1_U1237  |mul_16s_6ns_22_2_1  |        0|   1|    67|   2|    0|
    |mul_16s_6ns_22_2_1_U1260  |mul_16s_6ns_22_2_1  |        0|   1|    67|   2|    0|
    |mul_16s_6ns_22_2_1_U1550  |mul_16s_6ns_22_2_1  |        0|   1|    67|   2|    0|
    |mul_16s_6ns_22_2_1_U1554  |mul_16s_6ns_22_2_1  |        0|   1|    67|   2|    0|
    |mul_16s_6ns_22_2_1_U1587  |mul_16s_6ns_22_2_1  |        0|   1|    67|   2|    0|
    |mul_16s_6ns_22_2_1_U1616  |mul_16s_6ns_22_2_1  |        0|   1|    67|   2|    0|
    |mul_16s_6ns_22_2_1_U1642  |mul_16s_6ns_22_2_1  |        0|   1|    67|   2|    0|
    |mul_16s_6ns_22_2_1_U1776  |mul_16s_6ns_22_2_1  |        0|   1|    67|   2|    0|
    |mul_16s_6ns_22_2_1_U1809  |mul_16s_6ns_22_2_1  |        0|   1|    67|   2|    0|
    |mul_16s_6ns_22_2_1_U1843  |mul_16s_6ns_22_2_1  |        0|   1|    67|   2|    0|
    |mul_16s_6ns_22_2_1_U1861  |mul_16s_6ns_22_2_1  |        0|   1|    67|   2|    0|
    |mul_16s_6ns_22_2_1_U1921  |mul_16s_6ns_22_2_1  |        0|   1|    67|   2|    0|
    |mul_16s_6ns_22_2_1_U1995  |mul_16s_6ns_22_2_1  |        0|   1|    67|   2|    0|
    |mul_16s_6ns_22_2_1_U2009  |mul_16s_6ns_22_2_1  |        0|   1|    67|   2|    0|
    |mul_16s_6ns_22_2_1_U2118  |mul_16s_6ns_22_2_1  |        0|   1|    67|   2|    0|
    |mul_16s_6ns_22_2_1_U2216  |mul_16s_6ns_22_2_1  |        0|   1|    67|   2|    0|
    |mul_16s_6ns_22_2_1_U2227  |mul_16s_6ns_22_2_1  |        0|   1|    67|   2|    0|
    |mul_16s_6s_22_2_1_U819    |mul_16s_6s_22_2_1   |        0|   1|    67|   2|    0|
    |mul_16s_6s_22_2_1_U1066   |mul_16s_6s_22_2_1   |        0|   1|    67|   2|    0|
    |mul_16s_6s_22_2_1_U1091   |mul_16s_6s_22_2_1   |        0|   1|    67|   2|    0|
    |mul_16s_6s_22_2_1_U1253   |mul_16s_6s_22_2_1   |        0|   1|    67|   2|    0|
    |mul_16s_6s_22_2_1_U1291   |mul_16s_6s_22_2_1   |        0|   1|    67|   2|    0|
    |mul_16s_6s_22_2_1_U1322   |mul_16s_6s_22_2_1   |        0|   1|    67|   2|    0|
    |mul_16s_6s_22_2_1_U1344   |mul_16s_6s_22_2_1   |        0|   1|    67|   2|    0|
    |mul_16s_6s_22_2_1_U1497   |mul_16s_6s_22_2_1   |        0|   1|    67|   2|    0|
    |mul_16s_6s_22_2_1_U1499   |mul_16s_6s_22_2_1   |        0|   1|    67|   2|    0|
    |mul_16s_6s_22_2_1_U1502   |mul_16s_6s_22_2_1   |        0|   1|    67|   2|    0|
    |mul_16s_6s_22_2_1_U1594   |mul_16s_6s_22_2_1   |        0|   1|    67|   2|    0|
    |mul_16s_6s_22_2_1_U1665   |mul_16s_6s_22_2_1   |        0|   1|    67|   2|    0|
    |mul_16s_6s_22_2_1_U1768   |mul_16s_6s_22_2_1   |        0|   1|    67|   2|    0|
    |mul_16s_6s_22_2_1_U1791   |mul_16s_6s_22_2_1   |        0|   1|    67|   2|    0|
    |mul_16s_6s_22_2_1_U1824   |mul_16s_6s_22_2_1   |        0|   1|    67|   2|    0|
    |mul_16s_6s_22_2_1_U1934   |mul_16s_6s_22_2_1   |        0|   1|    67|   2|    0|
    |mul_16s_6s_22_2_1_U1971   |mul_16s_6s_22_2_1   |        0|   1|    67|   2|    0|
    |mul_16s_6s_22_2_1_U2003   |mul_16s_6s_22_2_1   |        0|   1|    67|   2|    0|
    |mul_16s_6s_22_2_1_U2041   |mul_16s_6s_22_2_1   |        0|   1|    67|   2|    0|
    |mul_16s_6s_22_2_1_U2042   |mul_16s_6s_22_2_1   |        0|   1|    67|   2|    0|
    |mul_16s_6s_22_2_1_U2229   |mul_16s_6s_22_2_1   |        0|   1|    67|   2|    0|
    |mul_16s_7ns_23_2_1_U785   |mul_16s_7ns_23_2_1  |        0|   1|    67|   2|    0|
    |mul_16s_7ns_23_2_1_U811   |mul_16s_7ns_23_2_1  |        0|   1|    67|   2|    0|
    |mul_16s_7ns_23_2_1_U832   |mul_16s_7ns_23_2_1  |        0|   1|    67|   2|    0|
    |mul_16s_7ns_23_2_1_U840   |mul_16s_7ns_23_2_1  |        0|   1|    67|   2|    0|
    |mul_16s_7ns_23_2_1_U868   |mul_16s_7ns_23_2_1  |        0|   1|    67|   2|    0|
    |mul_16s_7ns_23_2_1_U934   |mul_16s_7ns_23_2_1  |        0|   1|    67|   2|    0|
    |mul_16s_7ns_23_2_1_U947   |mul_16s_7ns_23_2_1  |        0|   1|    67|   2|    0|
    |mul_16s_7ns_23_2_1_U948   |mul_16s_7ns_23_2_1  |        0|   1|    67|   2|    0|
    |mul_16s_7ns_23_2_1_U975   |mul_16s_7ns_23_2_1  |        0|   1|    67|   2|    0|
    |mul_16s_7ns_23_2_1_U986   |mul_16s_7ns_23_2_1  |        0|   1|    67|   2|    0|
    |mul_16s_7ns_23_2_1_U1000  |mul_16s_7ns_23_2_1  |        0|   1|    67|   2|    0|
    |mul_16s_7ns_23_2_1_U1016  |mul_16s_7ns_23_2_1  |        0|   1|    67|   2|    0|
    |mul_16s_7ns_23_2_1_U1031  |mul_16s_7ns_23_2_1  |        0|   1|    67|   2|    0|
    |mul_16s_7ns_23_2_1_U1051  |mul_16s_7ns_23_2_1  |        0|   1|    67|   2|    0|
    |mul_16s_7ns_23_2_1_U1067  |mul_16s_7ns_23_2_1  |        0|   1|    67|   2|    0|
    |mul_16s_7ns_23_2_1_U1104  |mul_16s_7ns_23_2_1  |        0|   1|    67|   2|    0|
    |mul_16s_7ns_23_2_1_U1118  |mul_16s_7ns_23_2_1  |        0|   1|    67|   2|    0|
    |mul_16s_7ns_23_2_1_U1134  |mul_16s_7ns_23_2_1  |        0|   1|    67|   2|    0|
    |mul_16s_7ns_23_2_1_U1167  |mul_16s_7ns_23_2_1  |        0|   1|    67|   2|    0|
    |mul_16s_7ns_23_2_1_U1195  |mul_16s_7ns_23_2_1  |        0|   1|    67|   2|    0|
    |mul_16s_7ns_23_2_1_U1203  |mul_16s_7ns_23_2_1  |        0|   1|    67|   2|    0|
    |mul_16s_7ns_23_2_1_U1205  |mul_16s_7ns_23_2_1  |        0|   1|    67|   2|    0|
    |mul_16s_7ns_23_2_1_U1211  |mul_16s_7ns_23_2_1  |        0|   1|    67|   2|    0|
    |mul_16s_7ns_23_2_1_U1225  |mul_16s_7ns_23_2_1  |        0|   1|    67|   2|    0|
    |mul_16s_7ns_23_2_1_U1241  |mul_16s_7ns_23_2_1  |        0|   1|    67|   2|    0|
    |mul_16s_7ns_23_2_1_U1254  |mul_16s_7ns_23_2_1  |        0|   1|    67|   2|    0|
    |mul_16s_7ns_23_2_1_U1255  |mul_16s_7ns_23_2_1  |        0|   1|    67|   2|    0|
    |mul_16s_7ns_23_2_1_U1258  |mul_16s_7ns_23_2_1  |        0|   1|    67|   2|    0|
    |mul_16s_7ns_23_2_1_U1287  |mul_16s_7ns_23_2_1  |        0|   1|    67|   2|    0|
    |mul_16s_7ns_23_2_1_U1316  |mul_16s_7ns_23_2_1  |        0|   1|    67|   2|    0|
    |mul_16s_7ns_23_2_1_U1318  |mul_16s_7ns_23_2_1  |        0|   1|    67|   2|    0|
    |mul_16s_7ns_23_2_1_U1325  |mul_16s_7ns_23_2_1  |        0|   1|    67|   2|    0|
    |mul_16s_7ns_23_2_1_U1389  |mul_16s_7ns_23_2_1  |        0|   1|    67|   2|    0|
    |mul_16s_7ns_23_2_1_U1410  |mul_16s_7ns_23_2_1  |        0|   1|    67|   2|    0|
    |mul_16s_7ns_23_2_1_U1415  |mul_16s_7ns_23_2_1  |        0|   1|    67|   2|    0|
    |mul_16s_7ns_23_2_1_U1438  |mul_16s_7ns_23_2_1  |        0|   1|    67|   2|    0|
    |mul_16s_7ns_23_2_1_U1448  |mul_16s_7ns_23_2_1  |        0|   1|    67|   2|    0|
    |mul_16s_7ns_23_2_1_U1468  |mul_16s_7ns_23_2_1  |        0|   1|    67|   2|    0|
    |mul_16s_7ns_23_2_1_U1487  |mul_16s_7ns_23_2_1  |        0|   1|    67|   2|    0|
    |mul_16s_7ns_23_2_1_U1492  |mul_16s_7ns_23_2_1  |        0|   1|    67|   2|    0|
    |mul_16s_7ns_23_2_1_U1512  |mul_16s_7ns_23_2_1  |        0|   1|    67|   2|    0|
    |mul_16s_7ns_23_2_1_U1525  |mul_16s_7ns_23_2_1  |        0|   1|    67|   2|    0|
    |mul_16s_7ns_23_2_1_U1528  |mul_16s_7ns_23_2_1  |        0|   1|    67|   2|    0|
    |mul_16s_7ns_23_2_1_U1530  |mul_16s_7ns_23_2_1  |        0|   1|    67|   2|    0|
    |mul_16s_7ns_23_2_1_U1542  |mul_16s_7ns_23_2_1  |        0|   1|    67|   2|    0|
    |mul_16s_7ns_23_2_1_U1544  |mul_16s_7ns_23_2_1  |        0|   1|    67|   2|    0|
    |mul_16s_7ns_23_2_1_U1549  |mul_16s_7ns_23_2_1  |        0|   1|    67|   2|    0|
    |mul_16s_7ns_23_2_1_U1566  |mul_16s_7ns_23_2_1  |        0|   1|    67|   2|    0|
    |mul_16s_7ns_23_2_1_U1576  |mul_16s_7ns_23_2_1  |        0|   1|    67|   2|    0|
    |mul_16s_7ns_23_2_1_U1578  |mul_16s_7ns_23_2_1  |        0|   1|    67|   2|    0|
    |mul_16s_7ns_23_2_1_U1598  |mul_16s_7ns_23_2_1  |        0|   1|    67|   2|    0|
    |mul_16s_7ns_23_2_1_U1604  |mul_16s_7ns_23_2_1  |        0|   1|    67|   2|    0|
    |mul_16s_7ns_23_2_1_U1641  |mul_16s_7ns_23_2_1  |        0|   1|    67|   2|    0|
    |mul_16s_7ns_23_2_1_U1655  |mul_16s_7ns_23_2_1  |        0|   1|    67|   2|    0|
    |mul_16s_7ns_23_2_1_U1693  |mul_16s_7ns_23_2_1  |        0|   1|    67|   2|    0|
    |mul_16s_7ns_23_2_1_U1705  |mul_16s_7ns_23_2_1  |        0|   1|    67|   2|    0|
    |mul_16s_7ns_23_2_1_U1715  |mul_16s_7ns_23_2_1  |        0|   1|    67|   2|    0|
    |mul_16s_7ns_23_2_1_U1723  |mul_16s_7ns_23_2_1  |        0|   1|    67|   2|    0|
    |mul_16s_7ns_23_2_1_U1743  |mul_16s_7ns_23_2_1  |        0|   1|    67|   2|    0|
    |mul_16s_7ns_23_2_1_U1764  |mul_16s_7ns_23_2_1  |        0|   1|    67|   2|    0|
    |mul_16s_7ns_23_2_1_U1769  |mul_16s_7ns_23_2_1  |        0|   1|    67|   2|    0|
    |mul_16s_7ns_23_2_1_U1787  |mul_16s_7ns_23_2_1  |        0|   1|    67|   2|    0|
    |mul_16s_7ns_23_2_1_U1800  |mul_16s_7ns_23_2_1  |        0|   1|    67|   2|    0|
    |mul_16s_7ns_23_2_1_U1812  |mul_16s_7ns_23_2_1  |        0|   1|    67|   2|    0|
    |mul_16s_7ns_23_2_1_U1818  |mul_16s_7ns_23_2_1  |        0|   1|    67|   2|    0|
    |mul_16s_7ns_23_2_1_U1833  |mul_16s_7ns_23_2_1  |        0|   1|    67|   2|    0|
    |mul_16s_7ns_23_2_1_U1856  |mul_16s_7ns_23_2_1  |        0|   1|    67|   2|    0|
    |mul_16s_7ns_23_2_1_U1866  |mul_16s_7ns_23_2_1  |        0|   1|    67|   2|    0|
    |mul_16s_7ns_23_2_1_U1875  |mul_16s_7ns_23_2_1  |        0|   1|    67|   2|    0|
    |mul_16s_7ns_23_2_1_U1885  |mul_16s_7ns_23_2_1  |        0|   1|    67|   2|    0|
    |mul_16s_7ns_23_2_1_U1887  |mul_16s_7ns_23_2_1  |        0|   1|    67|   2|    0|
    |mul_16s_7ns_23_2_1_U1922  |mul_16s_7ns_23_2_1  |        0|   1|    67|   2|    0|
    |mul_16s_7ns_23_2_1_U1933  |mul_16s_7ns_23_2_1  |        0|   1|    67|   2|    0|
    |mul_16s_7ns_23_2_1_U1968  |mul_16s_7ns_23_2_1  |        0|   1|    67|   2|    0|
    |mul_16s_7ns_23_2_1_U1983  |mul_16s_7ns_23_2_1  |        0|   1|    67|   2|    0|
    |mul_16s_7ns_23_2_1_U2013  |mul_16s_7ns_23_2_1  |        0|   1|    67|   2|    0|
    |mul_16s_7ns_23_2_1_U2083  |mul_16s_7ns_23_2_1  |        0|   1|    67|   2|    0|
    |mul_16s_7ns_23_2_1_U2084  |mul_16s_7ns_23_2_1  |        0|   1|    67|   2|    0|
    |mul_16s_7ns_23_2_1_U2133  |mul_16s_7ns_23_2_1  |        0|   1|    67|   2|    0|
    |mul_16s_7ns_23_2_1_U2147  |mul_16s_7ns_23_2_1  |        0|   1|    67|   2|    0|
    |mul_16s_7ns_23_2_1_U2148  |mul_16s_7ns_23_2_1  |        0|   1|    67|   2|    0|
    |mul_16s_7ns_23_2_1_U2150  |mul_16s_7ns_23_2_1  |        0|   1|    67|   2|    0|
    |mul_16s_7ns_23_2_1_U2170  |mul_16s_7ns_23_2_1  |        0|   1|    67|   2|    0|
    |mul_16s_7ns_23_2_1_U2180  |mul_16s_7ns_23_2_1  |        0|   1|    67|   2|    0|
    |mul_16s_7ns_23_2_1_U2189  |mul_16s_7ns_23_2_1  |        0|   1|    67|   2|    0|
    |mul_16s_7ns_23_2_1_U2190  |mul_16s_7ns_23_2_1  |        0|   1|    67|   2|    0|
    |mul_16s_7ns_23_2_1_U2230  |mul_16s_7ns_23_2_1  |        0|   1|    67|   2|    0|
    |mul_16s_7s_23_2_1_U765    |mul_16s_7s_23_2_1   |        0|   1|    67|   2|    0|
    |mul_16s_7s_23_2_1_U805    |mul_16s_7s_23_2_1   |        0|   1|    67|   2|    0|
    |mul_16s_7s_23_2_1_U818    |mul_16s_7s_23_2_1   |        0|   1|    67|   2|    0|
    |mul_16s_7s_23_2_1_U841    |mul_16s_7s_23_2_1   |        0|   1|    67|   2|    0|
    |mul_16s_7s_23_2_1_U876    |mul_16s_7s_23_2_1   |        0|   1|    67|   2|    0|
    |mul_16s_7s_23_2_1_U890    |mul_16s_7s_23_2_1   |        0|   1|    67|   2|    0|
    |mul_16s_7s_23_2_1_U930    |mul_16s_7s_23_2_1   |        0|   1|    67|   2|    0|
    |mul_16s_7s_23_2_1_U937    |mul_16s_7s_23_2_1   |        0|   1|    67|   2|    0|
    |mul_16s_7s_23_2_1_U940    |mul_16s_7s_23_2_1   |        0|   1|    67|   2|    0|
    |mul_16s_7s_23_2_1_U955    |mul_16s_7s_23_2_1   |        0|   1|    67|   2|    0|
    |mul_16s_7s_23_2_1_U981    |mul_16s_7s_23_2_1   |        0|   1|    67|   2|    0|
    |mul_16s_7s_23_2_1_U984    |mul_16s_7s_23_2_1   |        0|   1|    67|   2|    0|
    |mul_16s_7s_23_2_1_U987    |mul_16s_7s_23_2_1   |        0|   1|    67|   2|    0|
    |mul_16s_7s_23_2_1_U993    |mul_16s_7s_23_2_1   |        0|   1|    67|   2|    0|
    |mul_16s_7s_23_2_1_U1003   |mul_16s_7s_23_2_1   |        0|   1|    67|   2|    0|
    |mul_16s_7s_23_2_1_U1007   |mul_16s_7s_23_2_1   |        0|   1|    67|   2|    0|
    |mul_16s_7s_23_2_1_U1025   |mul_16s_7s_23_2_1   |        0|   1|    67|   2|    0|
    |mul_16s_7s_23_2_1_U1038   |mul_16s_7s_23_2_1   |        0|   1|    67|   2|    0|
    |mul_16s_7s_23_2_1_U1046   |mul_16s_7s_23_2_1   |        0|   1|    67|   2|    0|
    |mul_16s_7s_23_2_1_U1056   |mul_16s_7s_23_2_1   |        0|   1|    67|   2|    0|
    |mul_16s_7s_23_2_1_U1064   |mul_16s_7s_23_2_1   |        0|   1|    67|   2|    0|
    |mul_16s_7s_23_2_1_U1071   |mul_16s_7s_23_2_1   |        0|   1|    67|   2|    0|
    |mul_16s_7s_23_2_1_U1077   |mul_16s_7s_23_2_1   |        0|   1|    67|   2|    0|
    |mul_16s_7s_23_2_1_U1093   |mul_16s_7s_23_2_1   |        0|   1|    67|   2|    0|
    |mul_16s_7s_23_2_1_U1097   |mul_16s_7s_23_2_1   |        0|   1|    67|   2|    0|
    |mul_16s_7s_23_2_1_U1140   |mul_16s_7s_23_2_1   |        0|   1|    67|   2|    0|
    |mul_16s_7s_23_2_1_U1145   |mul_16s_7s_23_2_1   |        0|   1|    67|   2|    0|
    |mul_16s_7s_23_2_1_U1175   |mul_16s_7s_23_2_1   |        0|   1|    67|   2|    0|
    |mul_16s_7s_23_2_1_U1187   |mul_16s_7s_23_2_1   |        0|   1|    67|   2|    0|
    |mul_16s_7s_23_2_1_U1188   |mul_16s_7s_23_2_1   |        0|   1|    67|   2|    0|
    |mul_16s_7s_23_2_1_U1220   |mul_16s_7s_23_2_1   |        0|   1|    67|   2|    0|
    |mul_16s_7s_23_2_1_U1222   |mul_16s_7s_23_2_1   |        0|   1|    67|   2|    0|
    |mul_16s_7s_23_2_1_U1239   |mul_16s_7s_23_2_1   |        0|   1|    67|   2|    0|
    |mul_16s_7s_23_2_1_U1242   |mul_16s_7s_23_2_1   |        0|   1|    67|   2|    0|
    |mul_16s_7s_23_2_1_U1257   |mul_16s_7s_23_2_1   |        0|   1|    67|   2|    0|
    |mul_16s_7s_23_2_1_U1269   |mul_16s_7s_23_2_1   |        0|   1|    67|   2|    0|
    |mul_16s_7s_23_2_1_U1278   |mul_16s_7s_23_2_1   |        0|   1|    67|   2|    0|
    |mul_16s_7s_23_2_1_U1294   |mul_16s_7s_23_2_1   |        0|   1|    67|   2|    0|
    |mul_16s_7s_23_2_1_U1303   |mul_16s_7s_23_2_1   |        0|   1|    67|   2|    0|
    |mul_16s_7s_23_2_1_U1310   |mul_16s_7s_23_2_1   |        0|   1|    67|   2|    0|
    |mul_16s_7s_23_2_1_U1320   |mul_16s_7s_23_2_1   |        0|   1|    67|   2|    0|
    |mul_16s_7s_23_2_1_U1329   |mul_16s_7s_23_2_1   |        0|   1|    67|   2|    0|
    |mul_16s_7s_23_2_1_U1334   |mul_16s_7s_23_2_1   |        0|   1|    67|   2|    0|
    |mul_16s_7s_23_2_1_U1341   |mul_16s_7s_23_2_1   |        0|   1|    67|   2|    0|
    |mul_16s_7s_23_2_1_U1348   |mul_16s_7s_23_2_1   |        0|   1|    67|   2|    0|
    |mul_16s_7s_23_2_1_U1352   |mul_16s_7s_23_2_1   |        0|   1|    67|   2|    0|
    |mul_16s_7s_23_2_1_U1413   |mul_16s_7s_23_2_1   |        0|   1|    67|   2|    0|
    |mul_16s_7s_23_2_1_U1421   |mul_16s_7s_23_2_1   |        0|   1|    67|   2|    0|
    |mul_16s_7s_23_2_1_U1423   |mul_16s_7s_23_2_1   |        0|   1|    67|   2|    0|
    |mul_16s_7s_23_2_1_U1430   |mul_16s_7s_23_2_1   |        0|   1|    67|   2|    0|
    |mul_16s_7s_23_2_1_U1431   |mul_16s_7s_23_2_1   |        0|   1|    67|   2|    0|
    |mul_16s_7s_23_2_1_U1463   |mul_16s_7s_23_2_1   |        0|   1|    67|   2|    0|
    |mul_16s_7s_23_2_1_U1507   |mul_16s_7s_23_2_1   |        0|   1|    67|   2|    0|
    |mul_16s_7s_23_2_1_U1515   |mul_16s_7s_23_2_1   |        0|   1|    67|   2|    0|
    |mul_16s_7s_23_2_1_U1547   |mul_16s_7s_23_2_1   |        0|   1|    67|   2|    0|
    |mul_16s_7s_23_2_1_U1552   |mul_16s_7s_23_2_1   |        0|   1|    67|   2|    0|
    |mul_16s_7s_23_2_1_U1597   |mul_16s_7s_23_2_1   |        0|   1|    67|   2|    0|
    |mul_16s_7s_23_2_1_U1650   |mul_16s_7s_23_2_1   |        0|   1|    67|   2|    0|
    |mul_16s_7s_23_2_1_U1663   |mul_16s_7s_23_2_1   |        0|   1|    67|   2|    0|
    |mul_16s_7s_23_2_1_U1681   |mul_16s_7s_23_2_1   |        0|   1|    67|   2|    0|
    |mul_16s_7s_23_2_1_U1713   |mul_16s_7s_23_2_1   |        0|   1|    67|   2|    0|
    |mul_16s_7s_23_2_1_U1735   |mul_16s_7s_23_2_1   |        0|   1|    67|   2|    0|
    |mul_16s_7s_23_2_1_U1775   |mul_16s_7s_23_2_1   |        0|   1|    67|   2|    0|
    |mul_16s_7s_23_2_1_U1801   |mul_16s_7s_23_2_1   |        0|   1|    67|   2|    0|
    |mul_16s_7s_23_2_1_U1825   |mul_16s_7s_23_2_1   |        0|   1|    67|   2|    0|
    |mul_16s_7s_23_2_1_U1830   |mul_16s_7s_23_2_1   |        0|   1|    67|   2|    0|
    |mul_16s_7s_23_2_1_U1834   |mul_16s_7s_23_2_1   |        0|   1|    67|   2|    0|
    |mul_16s_7s_23_2_1_U1874   |mul_16s_7s_23_2_1   |        0|   1|    67|   2|    0|
    |mul_16s_7s_23_2_1_U1879   |mul_16s_7s_23_2_1   |        0|   1|    67|   2|    0|
    |mul_16s_7s_23_2_1_U1897   |mul_16s_7s_23_2_1   |        0|   1|    67|   2|    0|
    |mul_16s_7s_23_2_1_U1928   |mul_16s_7s_23_2_1   |        0|   1|    67|   2|    0|
    |mul_16s_7s_23_2_1_U1930   |mul_16s_7s_23_2_1   |        0|   1|    67|   2|    0|
    |mul_16s_7s_23_2_1_U1943   |mul_16s_7s_23_2_1   |        0|   1|    67|   2|    0|
    |mul_16s_7s_23_2_1_U2016   |mul_16s_7s_23_2_1   |        0|   1|    67|   2|    0|
    |mul_16s_7s_23_2_1_U2026   |mul_16s_7s_23_2_1   |        0|   1|    67|   2|    0|
    |mul_16s_7s_23_2_1_U2069   |mul_16s_7s_23_2_1   |        0|   1|    67|   2|    0|
    |mul_16s_7s_23_2_1_U2082   |mul_16s_7s_23_2_1   |        0|   1|    67|   2|    0|
    |mul_16s_7s_23_2_1_U2089   |mul_16s_7s_23_2_1   |        0|   1|    67|   2|    0|
    |mul_16s_7s_23_2_1_U2090   |mul_16s_7s_23_2_1   |        0|   1|    67|   2|    0|
    |mul_16s_7s_23_2_1_U2097   |mul_16s_7s_23_2_1   |        0|   1|    67|   2|    0|
    |mul_16s_7s_23_2_1_U2112   |mul_16s_7s_23_2_1   |        0|   1|    67|   2|    0|
    |mul_16s_7s_23_2_1_U2121   |mul_16s_7s_23_2_1   |        0|   1|    67|   2|    0|
    |mul_16s_7s_23_2_1_U2125   |mul_16s_7s_23_2_1   |        0|   1|    67|   2|    0|
    |mul_16s_7s_23_2_1_U2174   |mul_16s_7s_23_2_1   |        0|   1|    67|   2|    0|
    |mul_16s_7s_23_2_1_U2177   |mul_16s_7s_23_2_1   |        0|   1|    67|   2|    0|
    |mul_16s_7s_23_2_1_U2211   |mul_16s_7s_23_2_1   |        0|   1|    67|   2|    0|
    |mul_16s_7s_23_2_1_U2221   |mul_16s_7s_23_2_1   |        0|   1|    67|   2|    0|
    |mul_16s_8ns_24_2_1_U763   |mul_16s_8ns_24_2_1  |        0|   1|    67|   2|    0|
    |mul_16s_8ns_24_2_1_U772   |mul_16s_8ns_24_2_1  |        0|   1|    67|   2|    0|
    |mul_16s_8ns_24_2_1_U778   |mul_16s_8ns_24_2_1  |        0|   1|    67|   2|    0|
    |mul_16s_8ns_24_2_1_U793   |mul_16s_8ns_24_2_1  |        0|   1|    67|   2|    0|
    |mul_16s_8ns_24_2_1_U806   |mul_16s_8ns_24_2_1  |        0|   1|    67|   2|    0|
    |mul_16s_8ns_24_2_1_U807   |mul_16s_8ns_24_2_1  |        0|   1|    67|   2|    0|
    |mul_16s_8ns_24_2_1_U809   |mul_16s_8ns_24_2_1  |        0|   1|    67|   2|    0|
    |mul_16s_8ns_24_2_1_U814   |mul_16s_8ns_24_2_1  |        0|   1|    67|   2|    0|
    |mul_16s_8ns_24_2_1_U816   |mul_16s_8ns_24_2_1  |        0|   1|    67|   2|    0|
    |mul_16s_8ns_24_2_1_U824   |mul_16s_8ns_24_2_1  |        0|   1|    67|   2|    0|
    |mul_16s_8ns_24_2_1_U835   |mul_16s_8ns_24_2_1  |        0|   1|    67|   2|    0|
    |mul_16s_8ns_24_2_1_U844   |mul_16s_8ns_24_2_1  |        0|   1|    67|   2|    0|
    |mul_16s_8ns_24_2_1_U855   |mul_16s_8ns_24_2_1  |        0|   1|    67|   2|    0|
    |mul_16s_8ns_24_2_1_U859   |mul_16s_8ns_24_2_1  |        0|   1|    67|   2|    0|
    |mul_16s_8ns_24_2_1_U864   |mul_16s_8ns_24_2_1  |        0|   1|    67|   2|    0|
    |mul_16s_8ns_24_2_1_U871   |mul_16s_8ns_24_2_1  |        0|   1|    67|   2|    0|
    |mul_16s_8ns_24_2_1_U884   |mul_16s_8ns_24_2_1  |        0|   1|    67|   2|    0|
    |mul_16s_8ns_24_2_1_U891   |mul_16s_8ns_24_2_1  |        0|   1|    67|   2|    0|
    |mul_16s_8ns_24_2_1_U897   |mul_16s_8ns_24_2_1  |        0|   1|    67|   2|    0|
    |mul_16s_8ns_24_2_1_U900   |mul_16s_8ns_24_2_1  |        0|   1|    67|   2|    0|
    |mul_16s_8ns_24_2_1_U901   |mul_16s_8ns_24_2_1  |        0|   1|    67|   2|    0|
    |mul_16s_8ns_24_2_1_U903   |mul_16s_8ns_24_2_1  |        0|   1|    67|   2|    0|
    |mul_16s_8ns_24_2_1_U904   |mul_16s_8ns_24_2_1  |        0|   1|    67|   2|    0|
    |mul_16s_8ns_24_2_1_U919   |mul_16s_8ns_24_2_1  |        0|   1|    67|   2|    0|
    |mul_16s_8ns_24_2_1_U944   |mul_16s_8ns_24_2_1  |        0|   1|    67|   2|    0|
    |mul_16s_8ns_24_2_1_U945   |mul_16s_8ns_24_2_1  |        0|   1|    67|   2|    0|
    |mul_16s_8ns_24_2_1_U950   |mul_16s_8ns_24_2_1  |        0|   1|    67|   2|    0|
    |mul_16s_8ns_24_2_1_U960   |mul_16s_8ns_24_2_1  |        0|   1|    67|   2|    0|
    |mul_16s_8ns_24_2_1_U961   |mul_16s_8ns_24_2_1  |        0|   1|    67|   2|    0|
    |mul_16s_8ns_24_2_1_U964   |mul_16s_8ns_24_2_1  |        0|   1|    67|   2|    0|
    |mul_16s_8ns_24_2_1_U970   |mul_16s_8ns_24_2_1  |        0|   1|    67|   2|    0|
    |mul_16s_8ns_24_2_1_U997   |mul_16s_8ns_24_2_1  |        0|   1|    67|   2|    0|
    |mul_16s_8ns_24_2_1_U1001  |mul_16s_8ns_24_2_1  |        0|   1|    67|   2|    0|
    |mul_16s_8ns_24_2_1_U1002  |mul_16s_8ns_24_2_1  |        0|   1|    67|   2|    0|
    |mul_16s_8ns_24_2_1_U1005  |mul_16s_8ns_24_2_1  |        0|   1|    67|   2|    0|
    |mul_16s_8ns_24_2_1_U1008  |mul_16s_8ns_24_2_1  |        0|   1|    67|   2|    0|
    |mul_16s_8ns_24_2_1_U1012  |mul_16s_8ns_24_2_1  |        0|   1|    67|   2|    0|
    |mul_16s_8ns_24_2_1_U1014  |mul_16s_8ns_24_2_1  |        0|   1|    67|   2|    0|
    |mul_16s_8ns_24_2_1_U1026  |mul_16s_8ns_24_2_1  |        0|   1|    67|   2|    0|
    |mul_16s_8ns_24_2_1_U1027  |mul_16s_8ns_24_2_1  |        0|   1|    67|   2|    0|
    |mul_16s_8ns_24_2_1_U1032  |mul_16s_8ns_24_2_1  |        0|   1|    67|   2|    0|
    |mul_16s_8ns_24_2_1_U1041  |mul_16s_8ns_24_2_1  |        0|   1|    67|   2|    0|
    |mul_16s_8ns_24_2_1_U1042  |mul_16s_8ns_24_2_1  |        0|   1|    67|   2|    0|
    |mul_16s_8ns_24_2_1_U1044  |mul_16s_8ns_24_2_1  |        0|   1|    67|   2|    0|
    |mul_16s_8ns_24_2_1_U1063  |mul_16s_8ns_24_2_1  |        0|   1|    67|   2|    0|
    |mul_16s_8ns_24_2_1_U1069  |mul_16s_8ns_24_2_1  |        0|   1|    67|   2|    0|
    |mul_16s_8ns_24_2_1_U1076  |mul_16s_8ns_24_2_1  |        0|   1|    67|   2|    0|
    |mul_16s_8ns_24_2_1_U1084  |mul_16s_8ns_24_2_1  |        0|   1|    67|   2|    0|
    |mul_16s_8ns_24_2_1_U1086  |mul_16s_8ns_24_2_1  |        0|   1|    67|   2|    0|
    |mul_16s_8ns_24_2_1_U1096  |mul_16s_8ns_24_2_1  |        0|   1|    67|   2|    0|
    |mul_16s_8ns_24_2_1_U1101  |mul_16s_8ns_24_2_1  |        0|   1|    67|   2|    0|
    |mul_16s_8ns_24_2_1_U1111  |mul_16s_8ns_24_2_1  |        0|   1|    67|   2|    0|
    |mul_16s_8ns_24_2_1_U1122  |mul_16s_8ns_24_2_1  |        0|   1|    67|   2|    0|
    |mul_16s_8ns_24_2_1_U1126  |mul_16s_8ns_24_2_1  |        0|   1|    67|   2|    0|
    |mul_16s_8ns_24_2_1_U1129  |mul_16s_8ns_24_2_1  |        0|   1|    67|   2|    0|
    |mul_16s_8ns_24_2_1_U1143  |mul_16s_8ns_24_2_1  |        0|   1|    67|   2|    0|
    |mul_16s_8ns_24_2_1_U1151  |mul_16s_8ns_24_2_1  |        0|   1|    67|   2|    0|
    |mul_16s_8ns_24_2_1_U1153  |mul_16s_8ns_24_2_1  |        0|   1|    67|   2|    0|
    |mul_16s_8ns_24_2_1_U1154  |mul_16s_8ns_24_2_1  |        0|   1|    67|   2|    0|
    |mul_16s_8ns_24_2_1_U1173  |mul_16s_8ns_24_2_1  |        0|   1|    67|   2|    0|
    |mul_16s_8ns_24_2_1_U1174  |mul_16s_8ns_24_2_1  |        0|   1|    67|   2|    0|
    |mul_16s_8ns_24_2_1_U1177  |mul_16s_8ns_24_2_1  |        0|   1|    67|   2|    0|
    |mul_16s_8ns_24_2_1_U1181  |mul_16s_8ns_24_2_1  |        0|   1|    67|   2|    0|
    |mul_16s_8ns_24_2_1_U1183  |mul_16s_8ns_24_2_1  |        0|   1|    67|   2|    0|
    |mul_16s_8ns_24_2_1_U1184  |mul_16s_8ns_24_2_1  |        0|   1|    67|   2|    0|
    |mul_16s_8ns_24_2_1_U1192  |mul_16s_8ns_24_2_1  |        0|   1|    67|   2|    0|
    |mul_16s_8ns_24_2_1_U1200  |mul_16s_8ns_24_2_1  |        0|   1|    67|   2|    0|
    |mul_16s_8ns_24_2_1_U1209  |mul_16s_8ns_24_2_1  |        0|   1|    67|   2|    0|
    |mul_16s_8ns_24_2_1_U1221  |mul_16s_8ns_24_2_1  |        0|   1|    67|   2|    0|
    |mul_16s_8ns_24_2_1_U1224  |mul_16s_8ns_24_2_1  |        0|   1|    67|   2|    0|
    |mul_16s_8ns_24_2_1_U1231  |mul_16s_8ns_24_2_1  |        0|   1|    67|   2|    0|
    |mul_16s_8ns_24_2_1_U1238  |mul_16s_8ns_24_2_1  |        0|   1|    67|   2|    0|
    |mul_16s_8ns_24_2_1_U1247  |mul_16s_8ns_24_2_1  |        0|   1|    67|   2|    0|
    |mul_16s_8ns_24_2_1_U1268  |mul_16s_8ns_24_2_1  |        0|   1|    67|   2|    0|
    |mul_16s_8ns_24_2_1_U1270  |mul_16s_8ns_24_2_1  |        0|   1|    67|   2|    0|
    |mul_16s_8ns_24_2_1_U1285  |mul_16s_8ns_24_2_1  |        0|   1|    67|   2|    0|
    |mul_16s_8ns_24_2_1_U1286  |mul_16s_8ns_24_2_1  |        0|   1|    67|   2|    0|
    |mul_16s_8ns_24_2_1_U1298  |mul_16s_8ns_24_2_1  |        0|   1|    67|   2|    0|
    |mul_16s_8ns_24_2_1_U1305  |mul_16s_8ns_24_2_1  |        0|   1|    67|   2|    0|
    |mul_16s_8ns_24_2_1_U1330  |mul_16s_8ns_24_2_1  |        0|   1|    67|   2|    0|
    |mul_16s_8ns_24_2_1_U1331  |mul_16s_8ns_24_2_1  |        0|   1|    67|   2|    0|
    |mul_16s_8ns_24_2_1_U1332  |mul_16s_8ns_24_2_1  |        0|   1|    67|   2|    0|
    |mul_16s_8ns_24_2_1_U1338  |mul_16s_8ns_24_2_1  |        0|   1|    67|   2|    0|
    |mul_16s_8ns_24_2_1_U1339  |mul_16s_8ns_24_2_1  |        0|   1|    67|   2|    0|
    |mul_16s_8ns_24_2_1_U1350  |mul_16s_8ns_24_2_1  |        0|   1|    67|   2|    0|
    |mul_16s_8ns_24_2_1_U1378  |mul_16s_8ns_24_2_1  |        0|   1|    67|   2|    0|
    |mul_16s_8ns_24_2_1_U1385  |mul_16s_8ns_24_2_1  |        0|   1|    67|   2|    0|
    |mul_16s_8ns_24_2_1_U1388  |mul_16s_8ns_24_2_1  |        0|   1|    67|   2|    0|
    |mul_16s_8ns_24_2_1_U1394  |mul_16s_8ns_24_2_1  |        0|   1|    67|   2|    0|
    |mul_16s_8ns_24_2_1_U1396  |mul_16s_8ns_24_2_1  |        0|   1|    67|   2|    0|
    |mul_16s_8ns_24_2_1_U1400  |mul_16s_8ns_24_2_1  |        0|   1|    67|   2|    0|
    |mul_16s_8ns_24_2_1_U1404  |mul_16s_8ns_24_2_1  |        0|   1|    67|   2|    0|
    |mul_16s_8ns_24_2_1_U1426  |mul_16s_8ns_24_2_1  |        0|   1|    67|   2|    0|
    |mul_16s_8ns_24_2_1_U1440  |mul_16s_8ns_24_2_1  |        0|   1|    67|   2|    0|
    |mul_16s_8ns_24_2_1_U1447  |mul_16s_8ns_24_2_1  |        0|   1|    67|   2|    0|
    |mul_16s_8ns_24_2_1_U1451  |mul_16s_8ns_24_2_1  |        0|   1|    67|   2|    0|
    |mul_16s_8ns_24_2_1_U1452  |mul_16s_8ns_24_2_1  |        0|   1|    67|   2|    0|
    |mul_16s_8ns_24_2_1_U1455  |mul_16s_8ns_24_2_1  |        0|   1|    67|   2|    0|
    |mul_16s_8ns_24_2_1_U1456  |mul_16s_8ns_24_2_1  |        0|   1|    67|   2|    0|
    |mul_16s_8ns_24_2_1_U1469  |mul_16s_8ns_24_2_1  |        0|   1|    67|   2|    0|
    |mul_16s_8ns_24_2_1_U1473  |mul_16s_8ns_24_2_1  |        0|   1|    67|   2|    0|
    |mul_16s_8ns_24_2_1_U1483  |mul_16s_8ns_24_2_1  |        0|   1|    67|   2|    0|
    |mul_16s_8ns_24_2_1_U1514  |mul_16s_8ns_24_2_1  |        0|   1|    67|   2|    0|
    |mul_16s_8ns_24_2_1_U1517  |mul_16s_8ns_24_2_1  |        0|   1|    67|   2|    0|
    |mul_16s_8ns_24_2_1_U1520  |mul_16s_8ns_24_2_1  |        0|   1|    67|   2|    0|
    |mul_16s_8ns_24_2_1_U1531  |mul_16s_8ns_24_2_1  |        0|   1|    67|   2|    0|
    |mul_16s_8ns_24_2_1_U1532  |mul_16s_8ns_24_2_1  |        0|   1|    67|   2|    0|
    |mul_16s_8ns_24_2_1_U1538  |mul_16s_8ns_24_2_1  |        0|   1|    67|   2|    0|
    |mul_16s_8ns_24_2_1_U1556  |mul_16s_8ns_24_2_1  |        0|   1|    67|   2|    0|
    |mul_16s_8ns_24_2_1_U1557  |mul_16s_8ns_24_2_1  |        0|   1|    67|   2|    0|
    |mul_16s_8ns_24_2_1_U1568  |mul_16s_8ns_24_2_1  |        0|   1|    67|   2|    0|
    |mul_16s_8ns_24_2_1_U1581  |mul_16s_8ns_24_2_1  |        0|   1|    67|   2|    0|
    |mul_16s_8ns_24_2_1_U1584  |mul_16s_8ns_24_2_1  |        0|   1|    67|   2|    0|
    |mul_16s_8ns_24_2_1_U1585  |mul_16s_8ns_24_2_1  |        0|   1|    67|   2|    0|
    |mul_16s_8ns_24_2_1_U1601  |mul_16s_8ns_24_2_1  |        0|   1|    67|   2|    0|
    |mul_16s_8ns_24_2_1_U1613  |mul_16s_8ns_24_2_1  |        0|   1|    67|   2|    0|
    |mul_16s_8ns_24_2_1_U1620  |mul_16s_8ns_24_2_1  |        0|   1|    67|   2|    0|
    |mul_16s_8ns_24_2_1_U1621  |mul_16s_8ns_24_2_1  |        0|   1|    67|   2|    0|
    |mul_16s_8ns_24_2_1_U1623  |mul_16s_8ns_24_2_1  |        0|   1|    67|   2|    0|
    |mul_16s_8ns_24_2_1_U1630  |mul_16s_8ns_24_2_1  |        0|   1|    67|   2|    0|
    |mul_16s_8ns_24_2_1_U1659  |mul_16s_8ns_24_2_1  |        0|   1|    67|   2|    0|
    |mul_16s_8ns_24_2_1_U1669  |mul_16s_8ns_24_2_1  |        0|   1|    67|   2|    0|
    |mul_16s_8ns_24_2_1_U1671  |mul_16s_8ns_24_2_1  |        0|   1|    67|   2|    0|
    |mul_16s_8ns_24_2_1_U1677  |mul_16s_8ns_24_2_1  |        0|   1|    67|   2|    0|
    |mul_16s_8ns_24_2_1_U1685  |mul_16s_8ns_24_2_1  |        0|   1|    67|   2|    0|
    |mul_16s_8ns_24_2_1_U1687  |mul_16s_8ns_24_2_1  |        0|   1|    67|   2|    0|
    |mul_16s_8ns_24_2_1_U1689  |mul_16s_8ns_24_2_1  |        0|   1|    67|   2|    0|
    |mul_16s_8ns_24_2_1_U1699  |mul_16s_8ns_24_2_1  |        0|   1|    67|   2|    0|
    |mul_16s_8ns_24_2_1_U1712  |mul_16s_8ns_24_2_1  |        0|   1|    67|   2|    0|
    |mul_16s_8ns_24_2_1_U1716  |mul_16s_8ns_24_2_1  |        0|   1|    67|   2|    0|
    |mul_16s_8ns_24_2_1_U1724  |mul_16s_8ns_24_2_1  |        0|   1|    67|   2|    0|
    |mul_16s_8ns_24_2_1_U1725  |mul_16s_8ns_24_2_1  |        0|   1|    67|   2|    0|
    |mul_16s_8ns_24_2_1_U1731  |mul_16s_8ns_24_2_1  |        0|   1|    67|   2|    0|
    |mul_16s_8ns_24_2_1_U1753  |mul_16s_8ns_24_2_1  |        0|   1|    67|   2|    0|
    |mul_16s_8ns_24_2_1_U1754  |mul_16s_8ns_24_2_1  |        0|   1|    67|   2|    0|
    |mul_16s_8ns_24_2_1_U1761  |mul_16s_8ns_24_2_1  |        0|   1|    67|   2|    0|
    |mul_16s_8ns_24_2_1_U1771  |mul_16s_8ns_24_2_1  |        0|   1|    67|   2|    0|
    |mul_16s_8ns_24_2_1_U1777  |mul_16s_8ns_24_2_1  |        0|   1|    67|   2|    0|
    |mul_16s_8ns_24_2_1_U1778  |mul_16s_8ns_24_2_1  |        0|   1|    67|   2|    0|
    |mul_16s_8ns_24_2_1_U1779  |mul_16s_8ns_24_2_1  |        0|   1|    67|   2|    0|
    |mul_16s_8ns_24_2_1_U1781  |mul_16s_8ns_24_2_1  |        0|   1|    67|   2|    0|
    |mul_16s_8ns_24_2_1_U1797  |mul_16s_8ns_24_2_1  |        0|   1|    67|   2|    0|
    |mul_16s_8ns_24_2_1_U1811  |mul_16s_8ns_24_2_1  |        0|   1|    67|   2|    0|
    |mul_16s_8ns_24_2_1_U1816  |mul_16s_8ns_24_2_1  |        0|   1|    67|   2|    0|
    |mul_16s_8ns_24_2_1_U1817  |mul_16s_8ns_24_2_1  |        0|   1|    67|   2|    0|
    |mul_16s_8ns_24_2_1_U1821  |mul_16s_8ns_24_2_1  |        0|   1|    67|   2|    0|
    |mul_16s_8ns_24_2_1_U1822  |mul_16s_8ns_24_2_1  |        0|   1|    67|   2|    0|
    |mul_16s_8ns_24_2_1_U1823  |mul_16s_8ns_24_2_1  |        0|   1|    67|   2|    0|
    |mul_16s_8ns_24_2_1_U1829  |mul_16s_8ns_24_2_1  |        0|   1|    67|   2|    0|
    |mul_16s_8ns_24_2_1_U1832  |mul_16s_8ns_24_2_1  |        0|   1|    67|   2|    0|
    |mul_16s_8ns_24_2_1_U1837  |mul_16s_8ns_24_2_1  |        0|   1|    67|   2|    0|
    |mul_16s_8ns_24_2_1_U1852  |mul_16s_8ns_24_2_1  |        0|   1|    67|   2|    0|
    |mul_16s_8ns_24_2_1_U1853  |mul_16s_8ns_24_2_1  |        0|   1|    67|   2|    0|
    |mul_16s_8ns_24_2_1_U1858  |mul_16s_8ns_24_2_1  |        0|   1|    67|   2|    0|
    |mul_16s_8ns_24_2_1_U1863  |mul_16s_8ns_24_2_1  |        0|   1|    67|   2|    0|
    |mul_16s_8ns_24_2_1_U1868  |mul_16s_8ns_24_2_1  |        0|   1|    67|   2|    0|
    |mul_16s_8ns_24_2_1_U1894  |mul_16s_8ns_24_2_1  |        0|   1|    67|   2|    0|
    |mul_16s_8ns_24_2_1_U1906  |mul_16s_8ns_24_2_1  |        0|   1|    67|   2|    0|
    |mul_16s_8ns_24_2_1_U1918  |mul_16s_8ns_24_2_1  |        0|   1|    67|   2|    0|
    |mul_16s_8ns_24_2_1_U1924  |mul_16s_8ns_24_2_1  |        0|   1|    67|   2|    0|
    |mul_16s_8ns_24_2_1_U1925  |mul_16s_8ns_24_2_1  |        0|   1|    67|   2|    0|
    |mul_16s_8ns_24_2_1_U1952  |mul_16s_8ns_24_2_1  |        0|   1|    67|   2|    0|
    |mul_16s_8ns_24_2_1_U1963  |mul_16s_8ns_24_2_1  |        0|   1|    67|   2|    0|
    |mul_16s_8ns_24_2_1_U1970  |mul_16s_8ns_24_2_1  |        0|   1|    67|   2|    0|
    |mul_16s_8ns_24_2_1_U1982  |mul_16s_8ns_24_2_1  |        0|   1|    67|   2|    0|
    |mul_16s_8ns_24_2_1_U1986  |mul_16s_8ns_24_2_1  |        0|   1|    67|   2|    0|
    |mul_16s_8ns_24_2_1_U1997  |mul_16s_8ns_24_2_1  |        0|   1|    67|   2|    0|
    |mul_16s_8ns_24_2_1_U1999  |mul_16s_8ns_24_2_1  |        0|   1|    67|   2|    0|
    |mul_16s_8ns_24_2_1_U2000  |mul_16s_8ns_24_2_1  |        0|   1|    67|   2|    0|
    |mul_16s_8ns_24_2_1_U2005  |mul_16s_8ns_24_2_1  |        0|   1|    67|   2|    0|
    |mul_16s_8ns_24_2_1_U2020  |mul_16s_8ns_24_2_1  |        0|   1|    67|   2|    0|
    |mul_16s_8ns_24_2_1_U2025  |mul_16s_8ns_24_2_1  |        0|   1|    67|   2|    0|
    |mul_16s_8ns_24_2_1_U2059  |mul_16s_8ns_24_2_1  |        0|   1|    67|   2|    0|
    |mul_16s_8ns_24_2_1_U2060  |mul_16s_8ns_24_2_1  |        0|   1|    67|   2|    0|
    |mul_16s_8ns_24_2_1_U2062  |mul_16s_8ns_24_2_1  |        0|   1|    67|   2|    0|
    |mul_16s_8ns_24_2_1_U2066  |mul_16s_8ns_24_2_1  |        0|   1|    67|   2|    0|
    |mul_16s_8ns_24_2_1_U2068  |mul_16s_8ns_24_2_1  |        0|   1|    67|   2|    0|
    |mul_16s_8ns_24_2_1_U2099  |mul_16s_8ns_24_2_1  |        0|   1|    67|   2|    0|
    |mul_16s_8ns_24_2_1_U2128  |mul_16s_8ns_24_2_1  |        0|   1|    67|   2|    0|
    |mul_16s_8ns_24_2_1_U2135  |mul_16s_8ns_24_2_1  |        0|   1|    67|   2|    0|
    |mul_16s_8ns_24_2_1_U2159  |mul_16s_8ns_24_2_1  |        0|   1|    67|   2|    0|
    |mul_16s_8ns_24_2_1_U2172  |mul_16s_8ns_24_2_1  |        0|   1|    67|   2|    0|
    |mul_16s_8ns_24_2_1_U2175  |mul_16s_8ns_24_2_1  |        0|   1|    67|   2|    0|
    |mul_16s_8ns_24_2_1_U2186  |mul_16s_8ns_24_2_1  |        0|   1|    67|   2|    0|
    |mul_16s_8ns_24_2_1_U2187  |mul_16s_8ns_24_2_1  |        0|   1|    67|   2|    0|
    |mul_16s_8ns_24_2_1_U2200  |mul_16s_8ns_24_2_1  |        0|   1|    67|   2|    0|
    |mul_16s_8ns_24_2_1_U2206  |mul_16s_8ns_24_2_1  |        0|   1|    67|   2|    0|
    |mul_16s_8ns_24_2_1_U2224  |mul_16s_8ns_24_2_1  |        0|   1|    67|   2|    0|
    |mul_16s_8ns_24_2_1_U2247  |mul_16s_8ns_24_2_1  |        0|   1|    67|   2|    0|
    |mul_16s_8ns_24_2_1_U2253  |mul_16s_8ns_24_2_1  |        0|   1|    67|   2|    0|
    |mul_16s_8ns_24_2_1_U2254  |mul_16s_8ns_24_2_1  |        0|   1|    67|   2|    0|
    |mul_16s_8ns_24_2_1_U2259  |mul_16s_8ns_24_2_1  |        0|   1|    67|   2|    0|
    |mul_16s_8s_24_2_1_U771    |mul_16s_8s_24_2_1   |        0|   1|    67|   2|    0|
    |mul_16s_8s_24_2_1_U774    |mul_16s_8s_24_2_1   |        0|   1|    67|   2|    0|
    |mul_16s_8s_24_2_1_U789    |mul_16s_8s_24_2_1   |        0|   1|    67|   2|    0|
    |mul_16s_8s_24_2_1_U792    |mul_16s_8s_24_2_1   |        0|   1|    67|   2|    0|
    |mul_16s_8s_24_2_1_U798    |mul_16s_8s_24_2_1   |        0|   1|    67|   2|    0|
    |mul_16s_8s_24_2_1_U801    |mul_16s_8s_24_2_1   |        0|   1|    67|   2|    0|
    |mul_16s_8s_24_2_1_U815    |mul_16s_8s_24_2_1   |        0|   1|    67|   2|    0|
    |mul_16s_8s_24_2_1_U821    |mul_16s_8s_24_2_1   |        0|   1|    67|   2|    0|
    |mul_16s_8s_24_2_1_U822    |mul_16s_8s_24_2_1   |        0|   1|    67|   2|    0|
    |mul_16s_8s_24_2_1_U833    |mul_16s_8s_24_2_1   |        0|   1|    67|   2|    0|
    |mul_16s_8s_24_2_1_U836    |mul_16s_8s_24_2_1   |        0|   1|    67|   2|    0|
    |mul_16s_8s_24_2_1_U839    |mul_16s_8s_24_2_1   |        0|   1|    67|   2|    0|
    |mul_16s_8s_24_2_1_U848    |mul_16s_8s_24_2_1   |        0|   1|    67|   2|    0|
    |mul_16s_8s_24_2_1_U866    |mul_16s_8s_24_2_1   |        0|   1|    67|   2|    0|
    |mul_16s_8s_24_2_1_U872    |mul_16s_8s_24_2_1   |        0|   1|    67|   2|    0|
    |mul_16s_8s_24_2_1_U881    |mul_16s_8s_24_2_1   |        0|   1|    67|   2|    0|
    |mul_16s_8s_24_2_1_U883    |mul_16s_8s_24_2_1   |        0|   1|    67|   2|    0|
    |mul_16s_8s_24_2_1_U886    |mul_16s_8s_24_2_1   |        0|   1|    67|   2|    0|
    |mul_16s_8s_24_2_1_U893    |mul_16s_8s_24_2_1   |        0|   1|    67|   2|    0|
    |mul_16s_8s_24_2_1_U894    |mul_16s_8s_24_2_1   |        0|   1|    67|   2|    0|
    |mul_16s_8s_24_2_1_U908    |mul_16s_8s_24_2_1   |        0|   1|    67|   2|    0|
    |mul_16s_8s_24_2_1_U909    |mul_16s_8s_24_2_1   |        0|   1|    67|   2|    0|
    |mul_16s_8s_24_2_1_U915    |mul_16s_8s_24_2_1   |        0|   1|    67|   2|    0|
    |mul_16s_8s_24_2_1_U917    |mul_16s_8s_24_2_1   |        0|   1|    67|   2|    0|
    |mul_16s_8s_24_2_1_U941    |mul_16s_8s_24_2_1   |        0|   1|    67|   2|    0|
    |mul_16s_8s_24_2_1_U974    |mul_16s_8s_24_2_1   |        0|   1|    67|   2|    0|
    |mul_16s_8s_24_2_1_U990    |mul_16s_8s_24_2_1   |        0|   1|    67|   2|    0|
    |mul_16s_8s_24_2_1_U996    |mul_16s_8s_24_2_1   |        0|   1|    67|   2|    0|
    |mul_16s_8s_24_2_1_U998    |mul_16s_8s_24_2_1   |        0|   1|    67|   2|    0|
    |mul_16s_8s_24_2_1_U1011   |mul_16s_8s_24_2_1   |        0|   1|    67|   2|    0|
    |mul_16s_8s_24_2_1_U1015   |mul_16s_8s_24_2_1   |        0|   1|    67|   2|    0|
    |mul_16s_8s_24_2_1_U1029   |mul_16s_8s_24_2_1   |        0|   1|    67|   2|    0|
    |mul_16s_8s_24_2_1_U1030   |mul_16s_8s_24_2_1   |        0|   1|    67|   2|    0|
    |mul_16s_8s_24_2_1_U1037   |mul_16s_8s_24_2_1   |        0|   1|    67|   2|    0|
    |mul_16s_8s_24_2_1_U1054   |mul_16s_8s_24_2_1   |        0|   1|    67|   2|    0|
    |mul_16s_8s_24_2_1_U1058   |mul_16s_8s_24_2_1   |        0|   1|    67|   2|    0|
    |mul_16s_8s_24_2_1_U1068   |mul_16s_8s_24_2_1   |        0|   1|    67|   2|    0|
    |mul_16s_8s_24_2_1_U1075   |mul_16s_8s_24_2_1   |        0|   1|    67|   2|    0|
    |mul_16s_8s_24_2_1_U1078   |mul_16s_8s_24_2_1   |        0|   1|    67|   2|    0|
    |mul_16s_8s_24_2_1_U1079   |mul_16s_8s_24_2_1   |        0|   1|    67|   2|    0|
    |mul_16s_8s_24_2_1_U1081   |mul_16s_8s_24_2_1   |        0|   1|    67|   2|    0|
    |mul_16s_8s_24_2_1_U1087   |mul_16s_8s_24_2_1   |        0|   1|    67|   2|    0|
    |mul_16s_8s_24_2_1_U1094   |mul_16s_8s_24_2_1   |        0|   1|    67|   2|    0|
    |mul_16s_8s_24_2_1_U1095   |mul_16s_8s_24_2_1   |        0|   1|    67|   2|    0|
    |mul_16s_8s_24_2_1_U1099   |mul_16s_8s_24_2_1   |        0|   1|    67|   2|    0|
    |mul_16s_8s_24_2_1_U1114   |mul_16s_8s_24_2_1   |        0|   1|    67|   2|    0|
    |mul_16s_8s_24_2_1_U1115   |mul_16s_8s_24_2_1   |        0|   1|    67|   2|    0|
    |mul_16s_8s_24_2_1_U1119   |mul_16s_8s_24_2_1   |        0|   1|    67|   2|    0|
    |mul_16s_8s_24_2_1_U1120   |mul_16s_8s_24_2_1   |        0|   1|    67|   2|    0|
    |mul_16s_8s_24_2_1_U1128   |mul_16s_8s_24_2_1   |        0|   1|    67|   2|    0|
    |mul_16s_8s_24_2_1_U1131   |mul_16s_8s_24_2_1   |        0|   1|    67|   2|    0|
    |mul_16s_8s_24_2_1_U1142   |mul_16s_8s_24_2_1   |        0|   1|    67|   2|    0|
    |mul_16s_8s_24_2_1_U1161   |mul_16s_8s_24_2_1   |        0|   1|    67|   2|    0|
    |mul_16s_8s_24_2_1_U1162   |mul_16s_8s_24_2_1   |        0|   1|    67|   2|    0|
    |mul_16s_8s_24_2_1_U1166   |mul_16s_8s_24_2_1   |        0|   1|    67|   2|    0|
    |mul_16s_8s_24_2_1_U1172   |mul_16s_8s_24_2_1   |        0|   1|    67|   2|    0|
    |mul_16s_8s_24_2_1_U1178   |mul_16s_8s_24_2_1   |        0|   1|    67|   2|    0|
    |mul_16s_8s_24_2_1_U1193   |mul_16s_8s_24_2_1   |        0|   1|    67|   2|    0|
    |mul_16s_8s_24_2_1_U1197   |mul_16s_8s_24_2_1   |        0|   1|    67|   2|    0|
    |mul_16s_8s_24_2_1_U1198   |mul_16s_8s_24_2_1   |        0|   1|    67|   2|    0|
    |mul_16s_8s_24_2_1_U1213   |mul_16s_8s_24_2_1   |        0|   1|    67|   2|    0|
    |mul_16s_8s_24_2_1_U1216   |mul_16s_8s_24_2_1   |        0|   1|    67|   2|    0|
    |mul_16s_8s_24_2_1_U1223   |mul_16s_8s_24_2_1   |        0|   1|    67|   2|    0|
    |mul_16s_8s_24_2_1_U1226   |mul_16s_8s_24_2_1   |        0|   1|    67|   2|    0|
    |mul_16s_8s_24_2_1_U1228   |mul_16s_8s_24_2_1   |        0|   1|    67|   2|    0|
    |mul_16s_8s_24_2_1_U1256   |mul_16s_8s_24_2_1   |        0|   1|    67|   2|    0|
    |mul_16s_8s_24_2_1_U1265   |mul_16s_8s_24_2_1   |        0|   1|    67|   2|    0|
    |mul_16s_8s_24_2_1_U1276   |mul_16s_8s_24_2_1   |        0|   1|    67|   2|    0|
    |mul_16s_8s_24_2_1_U1284   |mul_16s_8s_24_2_1   |        0|   1|    67|   2|    0|
    |mul_16s_8s_24_2_1_U1306   |mul_16s_8s_24_2_1   |        0|   1|    67|   2|    0|
    |mul_16s_8s_24_2_1_U1313   |mul_16s_8s_24_2_1   |        0|   1|    67|   2|    0|
    |mul_16s_8s_24_2_1_U1333   |mul_16s_8s_24_2_1   |        0|   1|    67|   2|    0|
    |mul_16s_8s_24_2_1_U1342   |mul_16s_8s_24_2_1   |        0|   1|    67|   2|    0|
    |mul_16s_8s_24_2_1_U1343   |mul_16s_8s_24_2_1   |        0|   1|    67|   2|    0|
    |mul_16s_8s_24_2_1_U1354   |mul_16s_8s_24_2_1   |        0|   1|    67|   2|    0|
    |mul_16s_8s_24_2_1_U1355   |mul_16s_8s_24_2_1   |        0|   1|    67|   2|    0|
    |mul_16s_8s_24_2_1_U1360   |mul_16s_8s_24_2_1   |        0|   1|    67|   2|    0|
    |mul_16s_8s_24_2_1_U1365   |mul_16s_8s_24_2_1   |        0|   1|    67|   2|    0|
    |mul_16s_8s_24_2_1_U1368   |mul_16s_8s_24_2_1   |        0|   1|    67|   2|    0|
    |mul_16s_8s_24_2_1_U1371   |mul_16s_8s_24_2_1   |        0|   1|    67|   2|    0|
    |mul_16s_8s_24_2_1_U1375   |mul_16s_8s_24_2_1   |        0|   1|    67|   2|    0|
    |mul_16s_8s_24_2_1_U1380   |mul_16s_8s_24_2_1   |        0|   1|    67|   2|    0|
    |mul_16s_8s_24_2_1_U1386   |mul_16s_8s_24_2_1   |        0|   1|    67|   2|    0|
    |mul_16s_8s_24_2_1_U1392   |mul_16s_8s_24_2_1   |        0|   1|    67|   2|    0|
    |mul_16s_8s_24_2_1_U1395   |mul_16s_8s_24_2_1   |        0|   1|    67|   2|    0|
    |mul_16s_8s_24_2_1_U1405   |mul_16s_8s_24_2_1   |        0|   1|    67|   2|    0|
    |mul_16s_8s_24_2_1_U1406   |mul_16s_8s_24_2_1   |        0|   1|    67|   2|    0|
    |mul_16s_8s_24_2_1_U1414   |mul_16s_8s_24_2_1   |        0|   1|    67|   2|    0|
    |mul_16s_8s_24_2_1_U1419   |mul_16s_8s_24_2_1   |        0|   1|    67|   2|    0|
    |mul_16s_8s_24_2_1_U1429   |mul_16s_8s_24_2_1   |        0|   1|    67|   2|    0|
    |mul_16s_8s_24_2_1_U1433   |mul_16s_8s_24_2_1   |        0|   1|    67|   2|    0|
    |mul_16s_8s_24_2_1_U1441   |mul_16s_8s_24_2_1   |        0|   1|    67|   2|    0|
    |mul_16s_8s_24_2_1_U1444   |mul_16s_8s_24_2_1   |        0|   1|    67|   2|    0|
    |mul_16s_8s_24_2_1_U1445   |mul_16s_8s_24_2_1   |        0|   1|    67|   2|    0|
    |mul_16s_8s_24_2_1_U1449   |mul_16s_8s_24_2_1   |        0|   1|    67|   2|    0|
    |mul_16s_8s_24_2_1_U1453   |mul_16s_8s_24_2_1   |        0|   1|    67|   2|    0|
    |mul_16s_8s_24_2_1_U1470   |mul_16s_8s_24_2_1   |        0|   1|    67|   2|    0|
    |mul_16s_8s_24_2_1_U1471   |mul_16s_8s_24_2_1   |        0|   1|    67|   2|    0|
    |mul_16s_8s_24_2_1_U1472   |mul_16s_8s_24_2_1   |        0|   1|    67|   2|    0|
    |mul_16s_8s_24_2_1_U1481   |mul_16s_8s_24_2_1   |        0|   1|    67|   2|    0|
    |mul_16s_8s_24_2_1_U1485   |mul_16s_8s_24_2_1   |        0|   1|    67|   2|    0|
    |mul_16s_8s_24_2_1_U1490   |mul_16s_8s_24_2_1   |        0|   1|    67|   2|    0|
    |mul_16s_8s_24_2_1_U1493   |mul_16s_8s_24_2_1   |        0|   1|    67|   2|    0|
    |mul_16s_8s_24_2_1_U1494   |mul_16s_8s_24_2_1   |        0|   1|    67|   2|    0|
    |mul_16s_8s_24_2_1_U1509   |mul_16s_8s_24_2_1   |        0|   1|    67|   2|    0|
    |mul_16s_8s_24_2_1_U1519   |mul_16s_8s_24_2_1   |        0|   1|    67|   2|    0|
    |mul_16s_8s_24_2_1_U1534   |mul_16s_8s_24_2_1   |        0|   1|    67|   2|    0|
    |mul_16s_8s_24_2_1_U1535   |mul_16s_8s_24_2_1   |        0|   1|    67|   2|    0|
    |mul_16s_8s_24_2_1_U1543   |mul_16s_8s_24_2_1   |        0|   1|    67|   2|    0|
    |mul_16s_8s_24_2_1_U1559   |mul_16s_8s_24_2_1   |        0|   1|    67|   2|    0|
    |mul_16s_8s_24_2_1_U1560   |mul_16s_8s_24_2_1   |        0|   1|    67|   2|    0|
    |mul_16s_8s_24_2_1_U1561   |mul_16s_8s_24_2_1   |        0|   1|    67|   2|    0|
    |mul_16s_8s_24_2_1_U1562   |mul_16s_8s_24_2_1   |        0|   1|    67|   2|    0|
    |mul_16s_8s_24_2_1_U1570   |mul_16s_8s_24_2_1   |        0|   1|    67|   2|    0|
    |mul_16s_8s_24_2_1_U1579   |mul_16s_8s_24_2_1   |        0|   1|    67|   2|    0|
    |mul_16s_8s_24_2_1_U1593   |mul_16s_8s_24_2_1   |        0|   1|    67|   2|    0|
    |mul_16s_8s_24_2_1_U1595   |mul_16s_8s_24_2_1   |        0|   1|    67|   2|    0|
    |mul_16s_8s_24_2_1_U1599   |mul_16s_8s_24_2_1   |        0|   1|    67|   2|    0|
    |mul_16s_8s_24_2_1_U1600   |mul_16s_8s_24_2_1   |        0|   1|    67|   2|    0|
    |mul_16s_8s_24_2_1_U1615   |mul_16s_8s_24_2_1   |        0|   1|    67|   2|    0|
    |mul_16s_8s_24_2_1_U1631   |mul_16s_8s_24_2_1   |        0|   1|    67|   2|    0|
    |mul_16s_8s_24_2_1_U1635   |mul_16s_8s_24_2_1   |        0|   1|    67|   2|    0|
    |mul_16s_8s_24_2_1_U1637   |mul_16s_8s_24_2_1   |        0|   1|    67|   2|    0|
    |mul_16s_8s_24_2_1_U1638   |mul_16s_8s_24_2_1   |        0|   1|    67|   2|    0|
    |mul_16s_8s_24_2_1_U1645   |mul_16s_8s_24_2_1   |        0|   1|    67|   2|    0|
    |mul_16s_8s_24_2_1_U1648   |mul_16s_8s_24_2_1   |        0|   1|    67|   2|    0|
    |mul_16s_8s_24_2_1_U1656   |mul_16s_8s_24_2_1   |        0|   1|    67|   2|    0|
    |mul_16s_8s_24_2_1_U1658   |mul_16s_8s_24_2_1   |        0|   1|    67|   2|    0|
    |mul_16s_8s_24_2_1_U1661   |mul_16s_8s_24_2_1   |        0|   1|    67|   2|    0|
    |mul_16s_8s_24_2_1_U1676   |mul_16s_8s_24_2_1   |        0|   1|    67|   2|    0|
    |mul_16s_8s_24_2_1_U1679   |mul_16s_8s_24_2_1   |        0|   1|    67|   2|    0|
    |mul_16s_8s_24_2_1_U1684   |mul_16s_8s_24_2_1   |        0|   1|    67|   2|    0|
    |mul_16s_8s_24_2_1_U1690   |mul_16s_8s_24_2_1   |        0|   1|    67|   2|    0|
    |mul_16s_8s_24_2_1_U1700   |mul_16s_8s_24_2_1   |        0|   1|    67|   2|    0|
    |mul_16s_8s_24_2_1_U1702   |mul_16s_8s_24_2_1   |        0|   1|    67|   2|    0|
    |mul_16s_8s_24_2_1_U1703   |mul_16s_8s_24_2_1   |        0|   1|    67|   2|    0|
    |mul_16s_8s_24_2_1_U1707   |mul_16s_8s_24_2_1   |        0|   1|    67|   2|    0|
    |mul_16s_8s_24_2_1_U1708   |mul_16s_8s_24_2_1   |        0|   1|    67|   2|    0|
    |mul_16s_8s_24_2_1_U1719   |mul_16s_8s_24_2_1   |        0|   1|    67|   2|    0|
    |mul_16s_8s_24_2_1_U1727   |mul_16s_8s_24_2_1   |        0|   1|    67|   2|    0|
    |mul_16s_8s_24_2_1_U1728   |mul_16s_8s_24_2_1   |        0|   1|    67|   2|    0|
    |mul_16s_8s_24_2_1_U1738   |mul_16s_8s_24_2_1   |        0|   1|    67|   2|    0|
    |mul_16s_8s_24_2_1_U1739   |mul_16s_8s_24_2_1   |        0|   1|    67|   2|    0|
    |mul_16s_8s_24_2_1_U1741   |mul_16s_8s_24_2_1   |        0|   1|    67|   2|    0|
    |mul_16s_8s_24_2_1_U1756   |mul_16s_8s_24_2_1   |        0|   1|    67|   2|    0|
    |mul_16s_8s_24_2_1_U1759   |mul_16s_8s_24_2_1   |        0|   1|    67|   2|    0|
    |mul_16s_8s_24_2_1_U1770   |mul_16s_8s_24_2_1   |        0|   1|    67|   2|    0|
    |mul_16s_8s_24_2_1_U1784   |mul_16s_8s_24_2_1   |        0|   1|    67|   2|    0|
    |mul_16s_8s_24_2_1_U1788   |mul_16s_8s_24_2_1   |        0|   1|    67|   2|    0|
    |mul_16s_8s_24_2_1_U1795   |mul_16s_8s_24_2_1   |        0|   1|    67|   2|    0|
    |mul_16s_8s_24_2_1_U1802   |mul_16s_8s_24_2_1   |        0|   1|    67|   2|    0|
    |mul_16s_8s_24_2_1_U1826   |mul_16s_8s_24_2_1   |        0|   1|    67|   2|    0|
    |mul_16s_8s_24_2_1_U1841   |mul_16s_8s_24_2_1   |        0|   1|    67|   2|    0|
    |mul_16s_8s_24_2_1_U1848   |mul_16s_8s_24_2_1   |        0|   1|    67|   2|    0|
    |mul_16s_8s_24_2_1_U1851   |mul_16s_8s_24_2_1   |        0|   1|    67|   2|    0|
    |mul_16s_8s_24_2_1_U1859   |mul_16s_8s_24_2_1   |        0|   1|    67|   2|    0|
    |mul_16s_8s_24_2_1_U1877   |mul_16s_8s_24_2_1   |        0|   1|    67|   2|    0|
    |mul_16s_8s_24_2_1_U1881   |mul_16s_8s_24_2_1   |        0|   1|    67|   2|    0|
    |mul_16s_8s_24_2_1_U1890   |mul_16s_8s_24_2_1   |        0|   1|    67|   2|    0|
    |mul_16s_8s_24_2_1_U1895   |mul_16s_8s_24_2_1   |        0|   1|    67|   2|    0|
    |mul_16s_8s_24_2_1_U1904   |mul_16s_8s_24_2_1   |        0|   1|    67|   2|    0|
    |mul_16s_8s_24_2_1_U1907   |mul_16s_8s_24_2_1   |        0|   1|    67|   2|    0|
    |mul_16s_8s_24_2_1_U1908   |mul_16s_8s_24_2_1   |        0|   1|    67|   2|    0|
    |mul_16s_8s_24_2_1_U1910   |mul_16s_8s_24_2_1   |        0|   1|    67|   2|    0|
    |mul_16s_8s_24_2_1_U1927   |mul_16s_8s_24_2_1   |        0|   1|    67|   2|    0|
    |mul_16s_8s_24_2_1_U1937   |mul_16s_8s_24_2_1   |        0|   1|    67|   2|    0|
    |mul_16s_8s_24_2_1_U1951   |mul_16s_8s_24_2_1   |        0|   1|    67|   2|    0|
    |mul_16s_8s_24_2_1_U1953   |mul_16s_8s_24_2_1   |        0|   1|    67|   2|    0|
    |mul_16s_8s_24_2_1_U1958   |mul_16s_8s_24_2_1   |        0|   1|    67|   2|    0|
    |mul_16s_8s_24_2_1_U1973   |mul_16s_8s_24_2_1   |        0|   1|    67|   2|    0|
    |mul_16s_8s_24_2_1_U1977   |mul_16s_8s_24_2_1   |        0|   1|    67|   2|    0|
    |mul_16s_8s_24_2_1_U2035   |mul_16s_8s_24_2_1   |        0|   1|    67|   2|    0|
    |mul_16s_8s_24_2_1_U2037   |mul_16s_8s_24_2_1   |        0|   1|    67|   2|    0|
    |mul_16s_8s_24_2_1_U2044   |mul_16s_8s_24_2_1   |        0|   1|    67|   2|    0|
    |mul_16s_8s_24_2_1_U2051   |mul_16s_8s_24_2_1   |        0|   1|    67|   2|    0|
    |mul_16s_8s_24_2_1_U2056   |mul_16s_8s_24_2_1   |        0|   1|    67|   2|    0|
    |mul_16s_8s_24_2_1_U2070   |mul_16s_8s_24_2_1   |        0|   1|    67|   2|    0|
    |mul_16s_8s_24_2_1_U2072   |mul_16s_8s_24_2_1   |        0|   1|    67|   2|    0|
    |mul_16s_8s_24_2_1_U2074   |mul_16s_8s_24_2_1   |        0|   1|    67|   2|    0|
    |mul_16s_8s_24_2_1_U2092   |mul_16s_8s_24_2_1   |        0|   1|    67|   2|    0|
    |mul_16s_8s_24_2_1_U2094   |mul_16s_8s_24_2_1   |        0|   1|    67|   2|    0|
    |mul_16s_8s_24_2_1_U2096   |mul_16s_8s_24_2_1   |        0|   1|    67|   2|    0|
    |mul_16s_8s_24_2_1_U2102   |mul_16s_8s_24_2_1   |        0|   1|    67|   2|    0|
    |mul_16s_8s_24_2_1_U2103   |mul_16s_8s_24_2_1   |        0|   1|    67|   2|    0|
    |mul_16s_8s_24_2_1_U2119   |mul_16s_8s_24_2_1   |        0|   1|    67|   2|    0|
    |mul_16s_8s_24_2_1_U2130   |mul_16s_8s_24_2_1   |        0|   1|    67|   2|    0|
    |mul_16s_8s_24_2_1_U2137   |mul_16s_8s_24_2_1   |        0|   1|    67|   2|    0|
    |mul_16s_8s_24_2_1_U2146   |mul_16s_8s_24_2_1   |        0|   1|    67|   2|    0|
    |mul_16s_8s_24_2_1_U2154   |mul_16s_8s_24_2_1   |        0|   1|    67|   2|    0|
    |mul_16s_8s_24_2_1_U2161   |mul_16s_8s_24_2_1   |        0|   1|    67|   2|    0|
    |mul_16s_8s_24_2_1_U2163   |mul_16s_8s_24_2_1   |        0|   1|    67|   2|    0|
    |mul_16s_8s_24_2_1_U2164   |mul_16s_8s_24_2_1   |        0|   1|    67|   2|    0|
    |mul_16s_8s_24_2_1_U2179   |mul_16s_8s_24_2_1   |        0|   1|    67|   2|    0|
    |mul_16s_8s_24_2_1_U2184   |mul_16s_8s_24_2_1   |        0|   1|    67|   2|    0|
    |mul_16s_8s_24_2_1_U2201   |mul_16s_8s_24_2_1   |        0|   1|    67|   2|    0|
    |mul_16s_8s_24_2_1_U2202   |mul_16s_8s_24_2_1   |        0|   1|    67|   2|    0|
    |mul_16s_8s_24_2_1_U2205   |mul_16s_8s_24_2_1   |        0|   1|    67|   2|    0|
    |mul_16s_8s_24_2_1_U2217   |mul_16s_8s_24_2_1   |        0|   1|    67|   2|    0|
    |mul_16s_8s_24_2_1_U2233   |mul_16s_8s_24_2_1   |        0|   1|    67|   2|    0|
    |mul_16s_8s_24_2_1_U2237   |mul_16s_8s_24_2_1   |        0|   1|    67|   2|    0|
    |mul_16s_8s_24_2_1_U2239   |mul_16s_8s_24_2_1   |        0|   1|    67|   2|    0|
    |mul_16s_8s_24_2_1_U2244   |mul_16s_8s_24_2_1   |        0|   1|    67|   2|    0|
    |mul_16s_8s_24_2_1_U2249   |mul_16s_8s_24_2_1   |        0|   1|    67|   2|    0|
    |mul_16s_8s_24_2_1_U2257   |mul_16s_8s_24_2_1   |        0|   1|    67|   2|    0|
    |mul_16s_8s_24_2_1_U2262   |mul_16s_8s_24_2_1   |        0|   1|    67|   2|    0|
    |mul_16s_8s_24_2_1_U2266   |mul_16s_8s_24_2_1   |        0|   1|    67|   2|    0|
    |mul_16s_9ns_25_2_1_U764   |mul_16s_9ns_25_2_1  |        0|   1|    67|   2|    0|
    |mul_16s_9ns_25_2_1_U766   |mul_16s_9ns_25_2_1  |        0|   1|    67|   2|    0|
    |mul_16s_9ns_25_2_1_U768   |mul_16s_9ns_25_2_1  |        0|   1|    67|   2|    0|
    |mul_16s_9ns_25_2_1_U769   |mul_16s_9ns_25_2_1  |        0|   1|    67|   2|    0|
    |mul_16s_9ns_25_2_1_U770   |mul_16s_9ns_25_2_1  |        0|   1|    67|   2|    0|
    |mul_16s_9ns_25_2_1_U775   |mul_16s_9ns_25_2_1  |        0|   1|    67|   2|    0|
    |mul_16s_9ns_25_2_1_U777   |mul_16s_9ns_25_2_1  |        0|   1|    67|   2|    0|
    |mul_16s_9ns_25_2_1_U782   |mul_16s_9ns_25_2_1  |        0|   1|    67|   2|    0|
    |mul_16s_9ns_25_2_1_U783   |mul_16s_9ns_25_2_1  |        0|   1|    67|   2|    0|
    |mul_16s_9ns_25_2_1_U784   |mul_16s_9ns_25_2_1  |        0|   1|    67|   2|    0|
    |mul_16s_9ns_25_2_1_U786   |mul_16s_9ns_25_2_1  |        0|   1|    67|   2|    0|
    |mul_16s_9ns_25_2_1_U788   |mul_16s_9ns_25_2_1  |        0|   1|    67|   2|    0|
    |mul_16s_9ns_25_2_1_U794   |mul_16s_9ns_25_2_1  |        0|   1|    67|   2|    0|
    |mul_16s_9ns_25_2_1_U795   |mul_16s_9ns_25_2_1  |        0|   1|    67|   2|    0|
    |mul_16s_9ns_25_2_1_U797   |mul_16s_9ns_25_2_1  |        0|   1|    67|   2|    0|
    |mul_16s_9ns_25_2_1_U802   |mul_16s_9ns_25_2_1  |        0|   1|    67|   2|    0|
    |mul_16s_9ns_25_2_1_U803   |mul_16s_9ns_25_2_1  |        0|   1|    67|   2|    0|
    |mul_16s_9ns_25_2_1_U804   |mul_16s_9ns_25_2_1  |        0|   1|    67|   2|    0|
    |mul_16s_9ns_25_2_1_U810   |mul_16s_9ns_25_2_1  |        0|   1|    67|   2|    0|
    |mul_16s_9ns_25_2_1_U823   |mul_16s_9ns_25_2_1  |        0|   1|    67|   2|    0|
    |mul_16s_9ns_25_2_1_U825   |mul_16s_9ns_25_2_1  |        0|   1|    67|   2|    0|
    |mul_16s_9ns_25_2_1_U830   |mul_16s_9ns_25_2_1  |        0|   1|    67|   2|    0|
    |mul_16s_9ns_25_2_1_U834   |mul_16s_9ns_25_2_1  |        0|   1|    67|   2|    0|
    |mul_16s_9ns_25_2_1_U837   |mul_16s_9ns_25_2_1  |        0|   1|    67|   2|    0|
    |mul_16s_9ns_25_2_1_U838   |mul_16s_9ns_25_2_1  |        0|   1|    67|   2|    0|
    |mul_16s_9ns_25_2_1_U842   |mul_16s_9ns_25_2_1  |        0|   1|    67|   2|    0|
    |mul_16s_9ns_25_2_1_U847   |mul_16s_9ns_25_2_1  |        0|   1|    67|   2|    0|
    |mul_16s_9ns_25_2_1_U849   |mul_16s_9ns_25_2_1  |        0|   1|    67|   2|    0|
    |mul_16s_9ns_25_2_1_U850   |mul_16s_9ns_25_2_1  |        0|   1|    67|   2|    0|
    |mul_16s_9ns_25_2_1_U851   |mul_16s_9ns_25_2_1  |        0|   1|    67|   2|    0|
    |mul_16s_9ns_25_2_1_U852   |mul_16s_9ns_25_2_1  |        0|   1|    67|   2|    0|
    |mul_16s_9ns_25_2_1_U854   |mul_16s_9ns_25_2_1  |        0|   1|    67|   2|    0|
    |mul_16s_9ns_25_2_1_U862   |mul_16s_9ns_25_2_1  |        0|   1|    67|   2|    0|
    |mul_16s_9ns_25_2_1_U863   |mul_16s_9ns_25_2_1  |        0|   1|    67|   2|    0|
    |mul_16s_9ns_25_2_1_U867   |mul_16s_9ns_25_2_1  |        0|   1|    67|   2|    0|
    |mul_16s_9ns_25_2_1_U873   |mul_16s_9ns_25_2_1  |        0|   1|    67|   2|    0|
    |mul_16s_9ns_25_2_1_U877   |mul_16s_9ns_25_2_1  |        0|   1|    67|   2|    0|
    |mul_16s_9ns_25_2_1_U878   |mul_16s_9ns_25_2_1  |        0|   1|    67|   2|    0|
    |mul_16s_9ns_25_2_1_U879   |mul_16s_9ns_25_2_1  |        0|   1|    67|   2|    0|
    |mul_16s_9ns_25_2_1_U888   |mul_16s_9ns_25_2_1  |        0|   1|    67|   2|    0|
    |mul_16s_9ns_25_2_1_U889   |mul_16s_9ns_25_2_1  |        0|   1|    67|   2|    0|
    |mul_16s_9ns_25_2_1_U892   |mul_16s_9ns_25_2_1  |        0|   1|    67|   2|    0|
    |mul_16s_9ns_25_2_1_U895   |mul_16s_9ns_25_2_1  |        0|   1|    67|   2|    0|
    |mul_16s_9ns_25_2_1_U896   |mul_16s_9ns_25_2_1  |        0|   1|    67|   2|    0|
    |mul_16s_9ns_25_2_1_U902   |mul_16s_9ns_25_2_1  |        0|   1|    67|   2|    0|
    |mul_16s_9ns_25_2_1_U905   |mul_16s_9ns_25_2_1  |        0|   1|    67|   2|    0|
    |mul_16s_9ns_25_2_1_U907   |mul_16s_9ns_25_2_1  |        0|   1|    67|   2|    0|
    |mul_16s_9ns_25_2_1_U912   |mul_16s_9ns_25_2_1  |        0|   1|    67|   2|    0|
    |mul_16s_9ns_25_2_1_U913   |mul_16s_9ns_25_2_1  |        0|   1|    67|   2|    0|
    |mul_16s_9ns_25_2_1_U914   |mul_16s_9ns_25_2_1  |        0|   1|    67|   2|    0|
    |mul_16s_9ns_25_2_1_U916   |mul_16s_9ns_25_2_1  |        0|   1|    67|   2|    0|
    |mul_16s_9ns_25_2_1_U920   |mul_16s_9ns_25_2_1  |        0|   1|    67|   2|    0|
    |mul_16s_9ns_25_2_1_U922   |mul_16s_9ns_25_2_1  |        0|   1|    67|   2|    0|
    |mul_16s_9ns_25_2_1_U923   |mul_16s_9ns_25_2_1  |        0|   1|    67|   2|    0|
    |mul_16s_9ns_25_2_1_U924   |mul_16s_9ns_25_2_1  |        0|   1|    67|   2|    0|
    |mul_16s_9ns_25_2_1_U925   |mul_16s_9ns_25_2_1  |        0|   1|    67|   2|    0|
    |mul_16s_9ns_25_2_1_U932   |mul_16s_9ns_25_2_1  |        0|   1|    67|   2|    0|
    |mul_16s_9ns_25_2_1_U935   |mul_16s_9ns_25_2_1  |        0|   1|    67|   2|    0|
    |mul_16s_9ns_25_2_1_U936   |mul_16s_9ns_25_2_1  |        0|   1|    67|   2|    0|
    |mul_16s_9ns_25_2_1_U938   |mul_16s_9ns_25_2_1  |        0|   1|    67|   2|    0|
    |mul_16s_9ns_25_2_1_U942   |mul_16s_9ns_25_2_1  |        0|   1|    67|   2|    0|
    |mul_16s_9ns_25_2_1_U943   |mul_16s_9ns_25_2_1  |        0|   1|    67|   2|    0|
    |mul_16s_9ns_25_2_1_U946   |mul_16s_9ns_25_2_1  |        0|   1|    67|   2|    0|
    |mul_16s_9ns_25_2_1_U949   |mul_16s_9ns_25_2_1  |        0|   1|    67|   2|    0|
    |mul_16s_9ns_25_2_1_U951   |mul_16s_9ns_25_2_1  |        0|   1|    67|   2|    0|
    |mul_16s_9ns_25_2_1_U952   |mul_16s_9ns_25_2_1  |        0|   1|    67|   2|    0|
    |mul_16s_9ns_25_2_1_U953   |mul_16s_9ns_25_2_1  |        0|   1|    67|   2|    0|
    |mul_16s_9ns_25_2_1_U954   |mul_16s_9ns_25_2_1  |        0|   1|    67|   2|    0|
    |mul_16s_9ns_25_2_1_U958   |mul_16s_9ns_25_2_1  |        0|   1|    67|   2|    0|
    |mul_16s_9ns_25_2_1_U959   |mul_16s_9ns_25_2_1  |        0|   1|    67|   2|    0|
    |mul_16s_9ns_25_2_1_U962   |mul_16s_9ns_25_2_1  |        0|   1|    67|   2|    0|
    |mul_16s_9ns_25_2_1_U963   |mul_16s_9ns_25_2_1  |        0|   1|    67|   2|    0|
    |mul_16s_9ns_25_2_1_U967   |mul_16s_9ns_25_2_1  |        0|   1|    67|   2|    0|
    |mul_16s_9ns_25_2_1_U968   |mul_16s_9ns_25_2_1  |        0|   1|    67|   2|    0|
    |mul_16s_9ns_25_2_1_U969   |mul_16s_9ns_25_2_1  |        0|   1|    67|   2|    0|
    |mul_16s_9ns_25_2_1_U973   |mul_16s_9ns_25_2_1  |        0|   1|    67|   2|    0|
    |mul_16s_9ns_25_2_1_U978   |mul_16s_9ns_25_2_1  |        0|   1|    67|   2|    0|
    |mul_16s_9ns_25_2_1_U989   |mul_16s_9ns_25_2_1  |        0|   1|    67|   2|    0|
    |mul_16s_9ns_25_2_1_U992   |mul_16s_9ns_25_2_1  |        0|   1|    67|   2|    0|
    |mul_16s_9ns_25_2_1_U999   |mul_16s_9ns_25_2_1  |        0|   1|    67|   2|    0|
    |mul_16s_9ns_25_2_1_U1010  |mul_16s_9ns_25_2_1  |        0|   1|    67|   2|    0|
    |mul_16s_9ns_25_2_1_U1013  |mul_16s_9ns_25_2_1  |        0|   1|    67|   2|    0|
    |mul_16s_9ns_25_2_1_U1017  |mul_16s_9ns_25_2_1  |        0|   1|    67|   2|    0|
    |mul_16s_9ns_25_2_1_U1018  |mul_16s_9ns_25_2_1  |        0|   1|    67|   2|    0|
    |mul_16s_9ns_25_2_1_U1028  |mul_16s_9ns_25_2_1  |        0|   1|    67|   2|    0|
    |mul_16s_9ns_25_2_1_U1033  |mul_16s_9ns_25_2_1  |        0|   1|    67|   2|    0|
    |mul_16s_9ns_25_2_1_U1047  |mul_16s_9ns_25_2_1  |        0|   1|    67|   2|    0|
    |mul_16s_9ns_25_2_1_U1048  |mul_16s_9ns_25_2_1  |        0|   1|    67|   2|    0|
    |mul_16s_9ns_25_2_1_U1049  |mul_16s_9ns_25_2_1  |        0|   1|    67|   2|    0|
    |mul_16s_9ns_25_2_1_U1050  |mul_16s_9ns_25_2_1  |        0|   1|    67|   2|    0|
    |mul_16s_9ns_25_2_1_U1052  |mul_16s_9ns_25_2_1  |        0|   1|    67|   2|    0|
    |mul_16s_9ns_25_2_1_U1057  |mul_16s_9ns_25_2_1  |        0|   1|    67|   2|    0|
    |mul_16s_9ns_25_2_1_U1061  |mul_16s_9ns_25_2_1  |        0|   1|    67|   2|    0|
    |mul_16s_9ns_25_2_1_U1062  |mul_16s_9ns_25_2_1  |        0|   1|    67|   2|    0|
    |mul_16s_9ns_25_2_1_U1072  |mul_16s_9ns_25_2_1  |        0|   1|    67|   2|    0|
    |mul_16s_9ns_25_2_1_U1073  |mul_16s_9ns_25_2_1  |        0|   1|    67|   2|    0|
    |mul_16s_9ns_25_2_1_U1074  |mul_16s_9ns_25_2_1  |        0|   1|    67|   2|    0|
    |mul_16s_9ns_25_2_1_U1080  |mul_16s_9ns_25_2_1  |        0|   1|    67|   2|    0|
    |mul_16s_9ns_25_2_1_U1082  |mul_16s_9ns_25_2_1  |        0|   1|    67|   2|    0|
    |mul_16s_9ns_25_2_1_U1083  |mul_16s_9ns_25_2_1  |        0|   1|    67|   2|    0|
    |mul_16s_9ns_25_2_1_U1085  |mul_16s_9ns_25_2_1  |        0|   1|    67|   2|    0|
    |mul_16s_9ns_25_2_1_U1088  |mul_16s_9ns_25_2_1  |        0|   1|    67|   2|    0|
    |mul_16s_9ns_25_2_1_U1089  |mul_16s_9ns_25_2_1  |        0|   1|    67|   2|    0|
    |mul_16s_9ns_25_2_1_U1092  |mul_16s_9ns_25_2_1  |        0|   1|    67|   2|    0|
    |mul_16s_9ns_25_2_1_U1098  |mul_16s_9ns_25_2_1  |        0|   1|    67|   2|    0|
    |mul_16s_9ns_25_2_1_U1102  |mul_16s_9ns_25_2_1  |        0|   1|    67|   2|    0|
    |mul_16s_9ns_25_2_1_U1107  |mul_16s_9ns_25_2_1  |        0|   1|    67|   2|    0|
    |mul_16s_9ns_25_2_1_U1109  |mul_16s_9ns_25_2_1  |        0|   1|    67|   2|    0|
    |mul_16s_9ns_25_2_1_U1112  |mul_16s_9ns_25_2_1  |        0|   1|    67|   2|    0|
    |mul_16s_9ns_25_2_1_U1121  |mul_16s_9ns_25_2_1  |        0|   1|    67|   2|    0|
    |mul_16s_9ns_25_2_1_U1123  |mul_16s_9ns_25_2_1  |        0|   1|    67|   2|    0|
    |mul_16s_9ns_25_2_1_U1133  |mul_16s_9ns_25_2_1  |        0|   1|    67|   2|    0|
    |mul_16s_9ns_25_2_1_U1136  |mul_16s_9ns_25_2_1  |        0|   1|    67|   2|    0|
    |mul_16s_9ns_25_2_1_U1141  |mul_16s_9ns_25_2_1  |        0|   1|    67|   2|    0|
    |mul_16s_9ns_25_2_1_U1144  |mul_16s_9ns_25_2_1  |        0|   1|    67|   2|    0|
    |mul_16s_9ns_25_2_1_U1146  |mul_16s_9ns_25_2_1  |        0|   1|    67|   2|    0|
    |mul_16s_9ns_25_2_1_U1148  |mul_16s_9ns_25_2_1  |        0|   1|    67|   2|    0|
    |mul_16s_9ns_25_2_1_U1149  |mul_16s_9ns_25_2_1  |        0|   1|    67|   2|    0|
    |mul_16s_9ns_25_2_1_U1152  |mul_16s_9ns_25_2_1  |        0|   1|    67|   2|    0|
    |mul_16s_9ns_25_2_1_U1156  |mul_16s_9ns_25_2_1  |        0|   1|    67|   2|    0|
    |mul_16s_9ns_25_2_1_U1158  |mul_16s_9ns_25_2_1  |        0|   1|    67|   2|    0|
    |mul_16s_9ns_25_2_1_U1160  |mul_16s_9ns_25_2_1  |        0|   1|    67|   2|    0|
    |mul_16s_9ns_25_2_1_U1164  |mul_16s_9ns_25_2_1  |        0|   1|    67|   2|    0|
    |mul_16s_9ns_25_2_1_U1176  |mul_16s_9ns_25_2_1  |        0|   1|    67|   2|    0|
    |mul_16s_9ns_25_2_1_U1180  |mul_16s_9ns_25_2_1  |        0|   1|    67|   2|    0|
    |mul_16s_9ns_25_2_1_U1186  |mul_16s_9ns_25_2_1  |        0|   1|    67|   2|    0|
    |mul_16s_9ns_25_2_1_U1189  |mul_16s_9ns_25_2_1  |        0|   1|    67|   2|    0|
    |mul_16s_9ns_25_2_1_U1190  |mul_16s_9ns_25_2_1  |        0|   1|    67|   2|    0|
    |mul_16s_9ns_25_2_1_U1191  |mul_16s_9ns_25_2_1  |        0|   1|    67|   2|    0|
    |mul_16s_9ns_25_2_1_U1196  |mul_16s_9ns_25_2_1  |        0|   1|    67|   2|    0|
    |mul_16s_9ns_25_2_1_U1199  |mul_16s_9ns_25_2_1  |        0|   1|    67|   2|    0|
    |mul_16s_9ns_25_2_1_U1207  |mul_16s_9ns_25_2_1  |        0|   1|    67|   2|    0|
    |mul_16s_9ns_25_2_1_U1210  |mul_16s_9ns_25_2_1  |        0|   1|    67|   2|    0|
    |mul_16s_9ns_25_2_1_U1214  |mul_16s_9ns_25_2_1  |        0|   1|    67|   2|    0|
    |mul_16s_9ns_25_2_1_U1215  |mul_16s_9ns_25_2_1  |        0|   1|    67|   2|    0|
    |mul_16s_9ns_25_2_1_U1217  |mul_16s_9ns_25_2_1  |        0|   1|    67|   2|    0|
    |mul_16s_9ns_25_2_1_U1219  |mul_16s_9ns_25_2_1  |        0|   1|    67|   2|    0|
    |mul_16s_9ns_25_2_1_U1230  |mul_16s_9ns_25_2_1  |        0|   1|    67|   2|    0|
    |mul_16s_9ns_25_2_1_U1234  |mul_16s_9ns_25_2_1  |        0|   1|    67|   2|    0|
    |mul_16s_9ns_25_2_1_U1235  |mul_16s_9ns_25_2_1  |        0|   1|    67|   2|    0|
    |mul_16s_9ns_25_2_1_U1236  |mul_16s_9ns_25_2_1  |        0|   1|    67|   2|    0|
    |mul_16s_9ns_25_2_1_U1240  |mul_16s_9ns_25_2_1  |        0|   1|    67|   2|    0|
    |mul_16s_9ns_25_2_1_U1244  |mul_16s_9ns_25_2_1  |        0|   1|    67|   2|    0|
    |mul_16s_9ns_25_2_1_U1248  |mul_16s_9ns_25_2_1  |        0|   1|    67|   2|    0|
    |mul_16s_9ns_25_2_1_U1251  |mul_16s_9ns_25_2_1  |        0|   1|    67|   2|    0|
    |mul_16s_9ns_25_2_1_U1259  |mul_16s_9ns_25_2_1  |        0|   1|    67|   2|    0|
    |mul_16s_9ns_25_2_1_U1262  |mul_16s_9ns_25_2_1  |        0|   1|    67|   2|    0|
    |mul_16s_9ns_25_2_1_U1267  |mul_16s_9ns_25_2_1  |        0|   1|    67|   2|    0|
    |mul_16s_9ns_25_2_1_U1272  |mul_16s_9ns_25_2_1  |        0|   1|    67|   2|    0|
    |mul_16s_9ns_25_2_1_U1280  |mul_16s_9ns_25_2_1  |        0|   1|    67|   2|    0|
    |mul_16s_9ns_25_2_1_U1282  |mul_16s_9ns_25_2_1  |        0|   1|    67|   2|    0|
    |mul_16s_9ns_25_2_1_U1288  |mul_16s_9ns_25_2_1  |        0|   1|    67|   2|    0|
    |mul_16s_9ns_25_2_1_U1290  |mul_16s_9ns_25_2_1  |        0|   1|    67|   2|    0|
    |mul_16s_9ns_25_2_1_U1293  |mul_16s_9ns_25_2_1  |        0|   1|    67|   2|    0|
    |mul_16s_9ns_25_2_1_U1295  |mul_16s_9ns_25_2_1  |        0|   1|    67|   2|    0|
    |mul_16s_9ns_25_2_1_U1299  |mul_16s_9ns_25_2_1  |        0|   1|    67|   2|    0|
    |mul_16s_9ns_25_2_1_U1301  |mul_16s_9ns_25_2_1  |        0|   1|    67|   2|    0|
    |mul_16s_9ns_25_2_1_U1302  |mul_16s_9ns_25_2_1  |        0|   1|    67|   2|    0|
    |mul_16s_9ns_25_2_1_U1304  |mul_16s_9ns_25_2_1  |        0|   1|    67|   2|    0|
    |mul_16s_9ns_25_2_1_U1307  |mul_16s_9ns_25_2_1  |        0|   1|    67|   2|    0|
    |mul_16s_9ns_25_2_1_U1308  |mul_16s_9ns_25_2_1  |        0|   1|    67|   2|    0|
    |mul_16s_9ns_25_2_1_U1309  |mul_16s_9ns_25_2_1  |        0|   1|    67|   2|    0|
    |mul_16s_9ns_25_2_1_U1312  |mul_16s_9ns_25_2_1  |        0|   1|    67|   2|    0|
    |mul_16s_9ns_25_2_1_U1324  |mul_16s_9ns_25_2_1  |        0|   1|    67|   2|    0|
    |mul_16s_9ns_25_2_1_U1327  |mul_16s_9ns_25_2_1  |        0|   1|    67|   2|    0|
    |mul_16s_9ns_25_2_1_U1340  |mul_16s_9ns_25_2_1  |        0|   1|    67|   2|    0|
    |mul_16s_9ns_25_2_1_U1345  |mul_16s_9ns_25_2_1  |        0|   1|    67|   2|    0|
    |mul_16s_9ns_25_2_1_U1347  |mul_16s_9ns_25_2_1  |        0|   1|    67|   2|    0|
    |mul_16s_9ns_25_2_1_U1351  |mul_16s_9ns_25_2_1  |        0|   1|    67|   2|    0|
    |mul_16s_9ns_25_2_1_U1353  |mul_16s_9ns_25_2_1  |        0|   1|    67|   2|    0|
    |mul_16s_9ns_25_2_1_U1356  |mul_16s_9ns_25_2_1  |        0|   1|    67|   2|    0|
    |mul_16s_9ns_25_2_1_U1358  |mul_16s_9ns_25_2_1  |        0|   1|    67|   2|    0|
    |mul_16s_9ns_25_2_1_U1361  |mul_16s_9ns_25_2_1  |        0|   1|    67|   2|    0|
    |mul_16s_9ns_25_2_1_U1363  |mul_16s_9ns_25_2_1  |        0|   1|    67|   2|    0|
    |mul_16s_9ns_25_2_1_U1366  |mul_16s_9ns_25_2_1  |        0|   1|    67|   2|    0|
    |mul_16s_9ns_25_2_1_U1370  |mul_16s_9ns_25_2_1  |        0|   1|    67|   2|    0|
    |mul_16s_9ns_25_2_1_U1372  |mul_16s_9ns_25_2_1  |        0|   1|    67|   2|    0|
    |mul_16s_9ns_25_2_1_U1374  |mul_16s_9ns_25_2_1  |        0|   1|    67|   2|    0|
    |mul_16s_9ns_25_2_1_U1376  |mul_16s_9ns_25_2_1  |        0|   1|    67|   2|    0|
    |mul_16s_9ns_25_2_1_U1379  |mul_16s_9ns_25_2_1  |        0|   1|    67|   2|    0|
    |mul_16s_9ns_25_2_1_U1383  |mul_16s_9ns_25_2_1  |        0|   1|    67|   2|    0|
    |mul_16s_9ns_25_2_1_U1384  |mul_16s_9ns_25_2_1  |        0|   1|    67|   2|    0|
    |mul_16s_9ns_25_2_1_U1387  |mul_16s_9ns_25_2_1  |        0|   1|    67|   2|    0|
    |mul_16s_9ns_25_2_1_U1393  |mul_16s_9ns_25_2_1  |        0|   1|    67|   2|    0|
    |mul_16s_9ns_25_2_1_U1397  |mul_16s_9ns_25_2_1  |        0|   1|    67|   2|    0|
    |mul_16s_9ns_25_2_1_U1401  |mul_16s_9ns_25_2_1  |        0|   1|    67|   2|    0|
    |mul_16s_9ns_25_2_1_U1402  |mul_16s_9ns_25_2_1  |        0|   1|    67|   2|    0|
    |mul_16s_9ns_25_2_1_U1407  |mul_16s_9ns_25_2_1  |        0|   1|    67|   2|    0|
    |mul_16s_9ns_25_2_1_U1408  |mul_16s_9ns_25_2_1  |        0|   1|    67|   2|    0|
    |mul_16s_9ns_25_2_1_U1417  |mul_16s_9ns_25_2_1  |        0|   1|    67|   2|    0|
    |mul_16s_9ns_25_2_1_U1420  |mul_16s_9ns_25_2_1  |        0|   1|    67|   2|    0|
    |mul_16s_9ns_25_2_1_U1424  |mul_16s_9ns_25_2_1  |        0|   1|    67|   2|    0|
    |mul_16s_9ns_25_2_1_U1425  |mul_16s_9ns_25_2_1  |        0|   1|    67|   2|    0|
    |mul_16s_9ns_25_2_1_U1432  |mul_16s_9ns_25_2_1  |        0|   1|    67|   2|    0|
    |mul_16s_9ns_25_2_1_U1434  |mul_16s_9ns_25_2_1  |        0|   1|    67|   2|    0|
    |mul_16s_9ns_25_2_1_U1442  |mul_16s_9ns_25_2_1  |        0|   1|    67|   2|    0|
    |mul_16s_9ns_25_2_1_U1450  |mul_16s_9ns_25_2_1  |        0|   1|    67|   2|    0|
    |mul_16s_9ns_25_2_1_U1457  |mul_16s_9ns_25_2_1  |        0|   1|    67|   2|    0|
    |mul_16s_9ns_25_2_1_U1458  |mul_16s_9ns_25_2_1  |        0|   1|    67|   2|    0|
    |mul_16s_9ns_25_2_1_U1460  |mul_16s_9ns_25_2_1  |        0|   1|    67|   2|    0|
    |mul_16s_9ns_25_2_1_U1461  |mul_16s_9ns_25_2_1  |        0|   1|    67|   2|    0|
    |mul_16s_9ns_25_2_1_U1462  |mul_16s_9ns_25_2_1  |        0|   1|    67|   2|    0|
    |mul_16s_9ns_25_2_1_U1464  |mul_16s_9ns_25_2_1  |        0|   1|    67|   2|    0|
    |mul_16s_9ns_25_2_1_U1465  |mul_16s_9ns_25_2_1  |        0|   1|    67|   2|    0|
    |mul_16s_9ns_25_2_1_U1466  |mul_16s_9ns_25_2_1  |        0|   1|    67|   2|    0|
    |mul_16s_9ns_25_2_1_U1474  |mul_16s_9ns_25_2_1  |        0|   1|    67|   2|    0|
    |mul_16s_9ns_25_2_1_U1475  |mul_16s_9ns_25_2_1  |        0|   1|    67|   2|    0|
    |mul_16s_9ns_25_2_1_U1477  |mul_16s_9ns_25_2_1  |        0|   1|    67|   2|    0|
    |mul_16s_9ns_25_2_1_U1478  |mul_16s_9ns_25_2_1  |        0|   1|    67|   2|    0|
    |mul_16s_9ns_25_2_1_U1480  |mul_16s_9ns_25_2_1  |        0|   1|    67|   2|    0|
    |mul_16s_9ns_25_2_1_U1484  |mul_16s_9ns_25_2_1  |        0|   1|    67|   2|    0|
    |mul_16s_9ns_25_2_1_U1486  |mul_16s_9ns_25_2_1  |        0|   1|    67|   2|    0|
    |mul_16s_9ns_25_2_1_U1488  |mul_16s_9ns_25_2_1  |        0|   1|    67|   2|    0|
    |mul_16s_9ns_25_2_1_U1489  |mul_16s_9ns_25_2_1  |        0|   1|    67|   2|    0|
    |mul_16s_9ns_25_2_1_U1491  |mul_16s_9ns_25_2_1  |        0|   1|    67|   2|    0|
    |mul_16s_9ns_25_2_1_U1500  |mul_16s_9ns_25_2_1  |        0|   1|    67|   2|    0|
    |mul_16s_9ns_25_2_1_U1501  |mul_16s_9ns_25_2_1  |        0|   1|    67|   2|    0|
    |mul_16s_9ns_25_2_1_U1503  |mul_16s_9ns_25_2_1  |        0|   1|    67|   2|    0|
    |mul_16s_9ns_25_2_1_U1506  |mul_16s_9ns_25_2_1  |        0|   1|    67|   2|    0|
    |mul_16s_9ns_25_2_1_U1508  |mul_16s_9ns_25_2_1  |        0|   1|    67|   2|    0|
    |mul_16s_9ns_25_2_1_U1511  |mul_16s_9ns_25_2_1  |        0|   1|    67|   2|    0|
    |mul_16s_9ns_25_2_1_U1522  |mul_16s_9ns_25_2_1  |        0|   1|    67|   2|    0|
    |mul_16s_9ns_25_2_1_U1529  |mul_16s_9ns_25_2_1  |        0|   1|    67|   2|    0|
    |mul_16s_9ns_25_2_1_U1533  |mul_16s_9ns_25_2_1  |        0|   1|    67|   2|    0|
    |mul_16s_9ns_25_2_1_U1536  |mul_16s_9ns_25_2_1  |        0|   1|    67|   2|    0|
    |mul_16s_9ns_25_2_1_U1537  |mul_16s_9ns_25_2_1  |        0|   1|    67|   2|    0|
    |mul_16s_9ns_25_2_1_U1541  |mul_16s_9ns_25_2_1  |        0|   1|    67|   2|    0|
    |mul_16s_9ns_25_2_1_U1546  |mul_16s_9ns_25_2_1  |        0|   1|    67|   2|    0|
    |mul_16s_9ns_25_2_1_U1553  |mul_16s_9ns_25_2_1  |        0|   1|    67|   2|    0|
    |mul_16s_9ns_25_2_1_U1555  |mul_16s_9ns_25_2_1  |        0|   1|    67|   2|    0|
    |mul_16s_9ns_25_2_1_U1567  |mul_16s_9ns_25_2_1  |        0|   1|    67|   2|    0|
    |mul_16s_9ns_25_2_1_U1571  |mul_16s_9ns_25_2_1  |        0|   1|    67|   2|    0|
    |mul_16s_9ns_25_2_1_U1574  |mul_16s_9ns_25_2_1  |        0|   1|    67|   2|    0|
    |mul_16s_9ns_25_2_1_U1575  |mul_16s_9ns_25_2_1  |        0|   1|    67|   2|    0|
    |mul_16s_9ns_25_2_1_U1580  |mul_16s_9ns_25_2_1  |        0|   1|    67|   2|    0|
    |mul_16s_9ns_25_2_1_U1582  |mul_16s_9ns_25_2_1  |        0|   1|    67|   2|    0|
    |mul_16s_9ns_25_2_1_U1586  |mul_16s_9ns_25_2_1  |        0|   1|    67|   2|    0|
    |mul_16s_9ns_25_2_1_U1588  |mul_16s_9ns_25_2_1  |        0|   1|    67|   2|    0|
    |mul_16s_9ns_25_2_1_U1589  |mul_16s_9ns_25_2_1  |        0|   1|    67|   2|    0|
    |mul_16s_9ns_25_2_1_U1590  |mul_16s_9ns_25_2_1  |        0|   1|    67|   2|    0|
    |mul_16s_9ns_25_2_1_U1596  |mul_16s_9ns_25_2_1  |        0|   1|    67|   2|    0|
    |mul_16s_9ns_25_2_1_U1603  |mul_16s_9ns_25_2_1  |        0|   1|    67|   2|    0|
    |mul_16s_9ns_25_2_1_U1605  |mul_16s_9ns_25_2_1  |        0|   1|    67|   2|    0|
    |mul_16s_9ns_25_2_1_U1606  |mul_16s_9ns_25_2_1  |        0|   1|    67|   2|    0|
    |mul_16s_9ns_25_2_1_U1611  |mul_16s_9ns_25_2_1  |        0|   1|    67|   2|    0|
    |mul_16s_9ns_25_2_1_U1612  |mul_16s_9ns_25_2_1  |        0|   1|    67|   2|    0|
    |mul_16s_9ns_25_2_1_U1614  |mul_16s_9ns_25_2_1  |        0|   1|    67|   2|    0|
    |mul_16s_9ns_25_2_1_U1617  |mul_16s_9ns_25_2_1  |        0|   1|    67|   2|    0|
    |mul_16s_9ns_25_2_1_U1618  |mul_16s_9ns_25_2_1  |        0|   1|    67|   2|    0|
    |mul_16s_9ns_25_2_1_U1624  |mul_16s_9ns_25_2_1  |        0|   1|    67|   2|    0|
    |mul_16s_9ns_25_2_1_U1626  |mul_16s_9ns_25_2_1  |        0|   1|    67|   2|    0|
    |mul_16s_9ns_25_2_1_U1627  |mul_16s_9ns_25_2_1  |        0|   1|    67|   2|    0|
    |mul_16s_9ns_25_2_1_U1628  |mul_16s_9ns_25_2_1  |        0|   1|    67|   2|    0|
    |mul_16s_9ns_25_2_1_U1629  |mul_16s_9ns_25_2_1  |        0|   1|    67|   2|    0|
    |mul_16s_9ns_25_2_1_U1632  |mul_16s_9ns_25_2_1  |        0|   1|    67|   2|    0|
    |mul_16s_9ns_25_2_1_U1633  |mul_16s_9ns_25_2_1  |        0|   1|    67|   2|    0|
    |mul_16s_9ns_25_2_1_U1636  |mul_16s_9ns_25_2_1  |        0|   1|    67|   2|    0|
    |mul_16s_9ns_25_2_1_U1639  |mul_16s_9ns_25_2_1  |        0|   1|    67|   2|    0|
    |mul_16s_9ns_25_2_1_U1640  |mul_16s_9ns_25_2_1  |        0|   1|    67|   2|    0|
    |mul_16s_9ns_25_2_1_U1643  |mul_16s_9ns_25_2_1  |        0|   1|    67|   2|    0|
    |mul_16s_9ns_25_2_1_U1644  |mul_16s_9ns_25_2_1  |        0|   1|    67|   2|    0|
    |mul_16s_9ns_25_2_1_U1647  |mul_16s_9ns_25_2_1  |        0|   1|    67|   2|    0|
    |mul_16s_9ns_25_2_1_U1649  |mul_16s_9ns_25_2_1  |        0|   1|    67|   2|    0|
    |mul_16s_9ns_25_2_1_U1653  |mul_16s_9ns_25_2_1  |        0|   1|    67|   2|    0|
    |mul_16s_9ns_25_2_1_U1660  |mul_16s_9ns_25_2_1  |        0|   1|    67|   2|    0|
    |mul_16s_9ns_25_2_1_U1664  |mul_16s_9ns_25_2_1  |        0|   1|    67|   2|    0|
    |mul_16s_9ns_25_2_1_U1667  |mul_16s_9ns_25_2_1  |        0|   1|    67|   2|    0|
    |mul_16s_9ns_25_2_1_U1668  |mul_16s_9ns_25_2_1  |        0|   1|    67|   2|    0|
    |mul_16s_9ns_25_2_1_U1673  |mul_16s_9ns_25_2_1  |        0|   1|    67|   2|    0|
    |mul_16s_9ns_25_2_1_U1675  |mul_16s_9ns_25_2_1  |        0|   1|    67|   2|    0|
    |mul_16s_9ns_25_2_1_U1678  |mul_16s_9ns_25_2_1  |        0|   1|    67|   2|    0|
    |mul_16s_9ns_25_2_1_U1682  |mul_16s_9ns_25_2_1  |        0|   1|    67|   2|    0|
    |mul_16s_9ns_25_2_1_U1683  |mul_16s_9ns_25_2_1  |        0|   1|    67|   2|    0|
    |mul_16s_9ns_25_2_1_U1686  |mul_16s_9ns_25_2_1  |        0|   1|    67|   2|    0|
    |mul_16s_9ns_25_2_1_U1695  |mul_16s_9ns_25_2_1  |        0|   1|    67|   2|    0|
    |mul_16s_9ns_25_2_1_U1698  |mul_16s_9ns_25_2_1  |        0|   1|    67|   2|    0|
    |mul_16s_9ns_25_2_1_U1709  |mul_16s_9ns_25_2_1  |        0|   1|    67|   2|    0|
    |mul_16s_9ns_25_2_1_U1710  |mul_16s_9ns_25_2_1  |        0|   1|    67|   2|    0|
    |mul_16s_9ns_25_2_1_U1711  |mul_16s_9ns_25_2_1  |        0|   1|    67|   2|    0|
    |mul_16s_9ns_25_2_1_U1718  |mul_16s_9ns_25_2_1  |        0|   1|    67|   2|    0|
    |mul_16s_9ns_25_2_1_U1729  |mul_16s_9ns_25_2_1  |        0|   1|    67|   2|    0|
    |mul_16s_9ns_25_2_1_U1732  |mul_16s_9ns_25_2_1  |        0|   1|    67|   2|    0|
    |mul_16s_9ns_25_2_1_U1733  |mul_16s_9ns_25_2_1  |        0|   1|    67|   2|    0|
    |mul_16s_9ns_25_2_1_U1734  |mul_16s_9ns_25_2_1  |        0|   1|    67|   2|    0|
    |mul_16s_9ns_25_2_1_U1740  |mul_16s_9ns_25_2_1  |        0|   1|    67|   2|    0|
    |mul_16s_9ns_25_2_1_U1745  |mul_16s_9ns_25_2_1  |        0|   1|    67|   2|    0|
    |mul_16s_9ns_25_2_1_U1746  |mul_16s_9ns_25_2_1  |        0|   1|    67|   2|    0|
    |mul_16s_9ns_25_2_1_U1748  |mul_16s_9ns_25_2_1  |        0|   1|    67|   2|    0|
    |mul_16s_9ns_25_2_1_U1750  |mul_16s_9ns_25_2_1  |        0|   1|    67|   2|    0|
    |mul_16s_9ns_25_2_1_U1751  |mul_16s_9ns_25_2_1  |        0|   1|    67|   2|    0|
    |mul_16s_9ns_25_2_1_U1755  |mul_16s_9ns_25_2_1  |        0|   1|    67|   2|    0|
    |mul_16s_9ns_25_2_1_U1758  |mul_16s_9ns_25_2_1  |        0|   1|    67|   2|    0|
    |mul_16s_9ns_25_2_1_U1760  |mul_16s_9ns_25_2_1  |        0|   1|    67|   2|    0|
    |mul_16s_9ns_25_2_1_U1762  |mul_16s_9ns_25_2_1  |        0|   1|    67|   2|    0|
    |mul_16s_9ns_25_2_1_U1772  |mul_16s_9ns_25_2_1  |        0|   1|    67|   2|    0|
    |mul_16s_9ns_25_2_1_U1773  |mul_16s_9ns_25_2_1  |        0|   1|    67|   2|    0|
    |mul_16s_9ns_25_2_1_U1780  |mul_16s_9ns_25_2_1  |        0|   1|    67|   2|    0|
    |mul_16s_9ns_25_2_1_U1782  |mul_16s_9ns_25_2_1  |        0|   1|    67|   2|    0|
    |mul_16s_9ns_25_2_1_U1783  |mul_16s_9ns_25_2_1  |        0|   1|    67|   2|    0|
    |mul_16s_9ns_25_2_1_U1792  |mul_16s_9ns_25_2_1  |        0|   1|    67|   2|    0|
    |mul_16s_9ns_25_2_1_U1793  |mul_16s_9ns_25_2_1  |        0|   1|    67|   2|    0|
    |mul_16s_9ns_25_2_1_U1799  |mul_16s_9ns_25_2_1  |        0|   1|    67|   2|    0|
    |mul_16s_9ns_25_2_1_U1804  |mul_16s_9ns_25_2_1  |        0|   1|    67|   2|    0|
    |mul_16s_9ns_25_2_1_U1805  |mul_16s_9ns_25_2_1  |        0|   1|    67|   2|    0|
    |mul_16s_9ns_25_2_1_U1807  |mul_16s_9ns_25_2_1  |        0|   1|    67|   2|    0|
    |mul_16s_9ns_25_2_1_U1808  |mul_16s_9ns_25_2_1  |        0|   1|    67|   2|    0|
    |mul_16s_9ns_25_2_1_U1814  |mul_16s_9ns_25_2_1  |        0|   1|    67|   2|    0|
    |mul_16s_9ns_25_2_1_U1815  |mul_16s_9ns_25_2_1  |        0|   1|    67|   2|    0|
    |mul_16s_9ns_25_2_1_U1819  |mul_16s_9ns_25_2_1  |        0|   1|    67|   2|    0|
    |mul_16s_9ns_25_2_1_U1828  |mul_16s_9ns_25_2_1  |        0|   1|    67|   2|    0|
    |mul_16s_9ns_25_2_1_U1835  |mul_16s_9ns_25_2_1  |        0|   1|    67|   2|    0|
    |mul_16s_9ns_25_2_1_U1838  |mul_16s_9ns_25_2_1  |        0|   1|    67|   2|    0|
    |mul_16s_9ns_25_2_1_U1842  |mul_16s_9ns_25_2_1  |        0|   1|    67|   2|    0|
    |mul_16s_9ns_25_2_1_U1845  |mul_16s_9ns_25_2_1  |        0|   1|    67|   2|    0|
    |mul_16s_9ns_25_2_1_U1849  |mul_16s_9ns_25_2_1  |        0|   1|    67|   2|    0|
    |mul_16s_9ns_25_2_1_U1850  |mul_16s_9ns_25_2_1  |        0|   1|    67|   2|    0|
    |mul_16s_9ns_25_2_1_U1857  |mul_16s_9ns_25_2_1  |        0|   1|    67|   2|    0|
    |mul_16s_9ns_25_2_1_U1860  |mul_16s_9ns_25_2_1  |        0|   1|    67|   2|    0|
    |mul_16s_9ns_25_2_1_U1862  |mul_16s_9ns_25_2_1  |        0|   1|    67|   2|    0|
    |mul_16s_9ns_25_2_1_U1864  |mul_16s_9ns_25_2_1  |        0|   1|    67|   2|    0|
    |mul_16s_9ns_25_2_1_U1867  |mul_16s_9ns_25_2_1  |        0|   1|    67|   2|    0|
    |mul_16s_9ns_25_2_1_U1870  |mul_16s_9ns_25_2_1  |        0|   1|    67|   2|    0|
    |mul_16s_9ns_25_2_1_U1871  |mul_16s_9ns_25_2_1  |        0|   1|    67|   2|    0|
    |mul_16s_9ns_25_2_1_U1872  |mul_16s_9ns_25_2_1  |        0|   1|    67|   2|    0|
    |mul_16s_9ns_25_2_1_U1873  |mul_16s_9ns_25_2_1  |        0|   1|    67|   2|    0|
    |mul_16s_9ns_25_2_1_U1876  |mul_16s_9ns_25_2_1  |        0|   1|    67|   2|    0|
    |mul_16s_9ns_25_2_1_U1878  |mul_16s_9ns_25_2_1  |        0|   1|    67|   2|    0|
    |mul_16s_9ns_25_2_1_U1883  |mul_16s_9ns_25_2_1  |        0|   1|    67|   2|    0|
    |mul_16s_9ns_25_2_1_U1884  |mul_16s_9ns_25_2_1  |        0|   1|    67|   2|    0|
    |mul_16s_9ns_25_2_1_U1889  |mul_16s_9ns_25_2_1  |        0|   1|    67|   2|    0|
    |mul_16s_9ns_25_2_1_U1892  |mul_16s_9ns_25_2_1  |        0|   1|    67|   2|    0|
    |mul_16s_9ns_25_2_1_U1898  |mul_16s_9ns_25_2_1  |        0|   1|    67|   2|    0|
    |mul_16s_9ns_25_2_1_U1899  |mul_16s_9ns_25_2_1  |        0|   1|    67|   2|    0|
    |mul_16s_9ns_25_2_1_U1900  |mul_16s_9ns_25_2_1  |        0|   1|    67|   2|    0|
    |mul_16s_9ns_25_2_1_U1901  |mul_16s_9ns_25_2_1  |        0|   1|    67|   2|    0|
    |mul_16s_9ns_25_2_1_U1902  |mul_16s_9ns_25_2_1  |        0|   1|    67|   2|    0|
    |mul_16s_9ns_25_2_1_U1903  |mul_16s_9ns_25_2_1  |        0|   1|    67|   2|    0|
    |mul_16s_9ns_25_2_1_U1909  |mul_16s_9ns_25_2_1  |        0|   1|    67|   2|    0|
    |mul_16s_9ns_25_2_1_U1911  |mul_16s_9ns_25_2_1  |        0|   1|    67|   2|    0|
    |mul_16s_9ns_25_2_1_U1913  |mul_16s_9ns_25_2_1  |        0|   1|    67|   2|    0|
    |mul_16s_9ns_25_2_1_U1914  |mul_16s_9ns_25_2_1  |        0|   1|    67|   2|    0|
    |mul_16s_9ns_25_2_1_U1916  |mul_16s_9ns_25_2_1  |        0|   1|    67|   2|    0|
    |mul_16s_9ns_25_2_1_U1917  |mul_16s_9ns_25_2_1  |        0|   1|    67|   2|    0|
    |mul_16s_9ns_25_2_1_U1920  |mul_16s_9ns_25_2_1  |        0|   1|    67|   2|    0|
    |mul_16s_9ns_25_2_1_U1929  |mul_16s_9ns_25_2_1  |        0|   1|    67|   2|    0|
    |mul_16s_9ns_25_2_1_U1932  |mul_16s_9ns_25_2_1  |        0|   1|    67|   2|    0|
    |mul_16s_9ns_25_2_1_U1936  |mul_16s_9ns_25_2_1  |        0|   1|    67|   2|    0|
    |mul_16s_9ns_25_2_1_U1938  |mul_16s_9ns_25_2_1  |        0|   1|    67|   2|    0|
    |mul_16s_9ns_25_2_1_U1939  |mul_16s_9ns_25_2_1  |        0|   1|    67|   2|    0|
    |mul_16s_9ns_25_2_1_U1941  |mul_16s_9ns_25_2_1  |        0|   1|    67|   2|    0|
    |mul_16s_9ns_25_2_1_U1942  |mul_16s_9ns_25_2_1  |        0|   1|    67|   2|    0|
    |mul_16s_9ns_25_2_1_U1945  |mul_16s_9ns_25_2_1  |        0|   1|    67|   2|    0|
    |mul_16s_9ns_25_2_1_U1946  |mul_16s_9ns_25_2_1  |        0|   1|    67|   2|    0|
    |mul_16s_9ns_25_2_1_U1947  |mul_16s_9ns_25_2_1  |        0|   1|    67|   2|    0|
    |mul_16s_9ns_25_2_1_U1948  |mul_16s_9ns_25_2_1  |        0|   1|    67|   2|    0|
    |mul_16s_9ns_25_2_1_U1956  |mul_16s_9ns_25_2_1  |        0|   1|    67|   2|    0|
    |mul_16s_9ns_25_2_1_U1957  |mul_16s_9ns_25_2_1  |        0|   1|    67|   2|    0|
    |mul_16s_9ns_25_2_1_U1959  |mul_16s_9ns_25_2_1  |        0|   1|    67|   2|    0|
    |mul_16s_9ns_25_2_1_U1960  |mul_16s_9ns_25_2_1  |        0|   1|    67|   2|    0|
    |mul_16s_9ns_25_2_1_U1966  |mul_16s_9ns_25_2_1  |        0|   1|    67|   2|    0|
    |mul_16s_9ns_25_2_1_U1972  |mul_16s_9ns_25_2_1  |        0|   1|    67|   2|    0|
    |mul_16s_9ns_25_2_1_U1978  |mul_16s_9ns_25_2_1  |        0|   1|    67|   2|    0|
    |mul_16s_9ns_25_2_1_U1979  |mul_16s_9ns_25_2_1  |        0|   1|    67|   2|    0|
    |mul_16s_9ns_25_2_1_U1980  |mul_16s_9ns_25_2_1  |        0|   1|    67|   2|    0|
    |mul_16s_9ns_25_2_1_U1981  |mul_16s_9ns_25_2_1  |        0|   1|    67|   2|    0|
    |mul_16s_9ns_25_2_1_U1984  |mul_16s_9ns_25_2_1  |        0|   1|    67|   2|    0|
    |mul_16s_9ns_25_2_1_U1985  |mul_16s_9ns_25_2_1  |        0|   1|    67|   2|    0|
    |mul_16s_9ns_25_2_1_U1988  |mul_16s_9ns_25_2_1  |        0|   1|    67|   2|    0|
    |mul_16s_9ns_25_2_1_U1990  |mul_16s_9ns_25_2_1  |        0|   1|    67|   2|    0|
    |mul_16s_9ns_25_2_1_U1991  |mul_16s_9ns_25_2_1  |        0|   1|    67|   2|    0|
    |mul_16s_9ns_25_2_1_U1992  |mul_16s_9ns_25_2_1  |        0|   1|    67|   2|    0|
    |mul_16s_9ns_25_2_1_U1998  |mul_16s_9ns_25_2_1  |        0|   1|    67|   2|    0|
    |mul_16s_9ns_25_2_1_U2006  |mul_16s_9ns_25_2_1  |        0|   1|    67|   2|    0|
    |mul_16s_9ns_25_2_1_U2007  |mul_16s_9ns_25_2_1  |        0|   1|    67|   2|    0|
    |mul_16s_9ns_25_2_1_U2008  |mul_16s_9ns_25_2_1  |        0|   1|    67|   2|    0|
    |mul_16s_9ns_25_2_1_U2017  |mul_16s_9ns_25_2_1  |        0|   1|    67|   2|    0|
    |mul_16s_9ns_25_2_1_U2018  |mul_16s_9ns_25_2_1  |        0|   1|    67|   2|    0|
    |mul_16s_9ns_25_2_1_U2023  |mul_16s_9ns_25_2_1  |        0|   1|    67|   2|    0|
    |mul_16s_9ns_25_2_1_U2027  |mul_16s_9ns_25_2_1  |        0|   1|    67|   2|    0|
    |mul_16s_9ns_25_2_1_U2028  |mul_16s_9ns_25_2_1  |        0|   1|    67|   2|    0|
    |mul_16s_9ns_25_2_1_U2029  |mul_16s_9ns_25_2_1  |        0|   1|    67|   2|    0|
    |mul_16s_9ns_25_2_1_U2031  |mul_16s_9ns_25_2_1  |        0|   1|    67|   2|    0|
    |mul_16s_9ns_25_2_1_U2032  |mul_16s_9ns_25_2_1  |        0|   1|    67|   2|    0|
    |mul_16s_9ns_25_2_1_U2033  |mul_16s_9ns_25_2_1  |        0|   1|    67|   2|    0|
    |mul_16s_9ns_25_2_1_U2034  |mul_16s_9ns_25_2_1  |        0|   1|    67|   2|    0|
    |mul_16s_9ns_25_2_1_U2036  |mul_16s_9ns_25_2_1  |        0|   1|    67|   2|    0|
    |mul_16s_9ns_25_2_1_U2038  |mul_16s_9ns_25_2_1  |        0|   1|    67|   2|    0|
    |mul_16s_9ns_25_2_1_U2039  |mul_16s_9ns_25_2_1  |        0|   1|    67|   2|    0|
    |mul_16s_9ns_25_2_1_U2045  |mul_16s_9ns_25_2_1  |        0|   1|    67|   2|    0|
    |mul_16s_9ns_25_2_1_U2047  |mul_16s_9ns_25_2_1  |        0|   1|    67|   2|    0|
    |mul_16s_9ns_25_2_1_U2052  |mul_16s_9ns_25_2_1  |        0|   1|    67|   2|    0|
    |mul_16s_9ns_25_2_1_U2053  |mul_16s_9ns_25_2_1  |        0|   1|    67|   2|    0|
    |mul_16s_9ns_25_2_1_U2061  |mul_16s_9ns_25_2_1  |        0|   1|    67|   2|    0|
    |mul_16s_9ns_25_2_1_U2063  |mul_16s_9ns_25_2_1  |        0|   1|    67|   2|    0|
    |mul_16s_9ns_25_2_1_U2064  |mul_16s_9ns_25_2_1  |        0|   1|    67|   2|    0|
    |mul_16s_9ns_25_2_1_U2065  |mul_16s_9ns_25_2_1  |        0|   1|    67|   2|    0|
    |mul_16s_9ns_25_2_1_U2071  |mul_16s_9ns_25_2_1  |        0|   1|    67|   2|    0|
    |mul_16s_9ns_25_2_1_U2075  |mul_16s_9ns_25_2_1  |        0|   1|    67|   2|    0|
    |mul_16s_9ns_25_2_1_U2077  |mul_16s_9ns_25_2_1  |        0|   1|    67|   2|    0|
    |mul_16s_9ns_25_2_1_U2079  |mul_16s_9ns_25_2_1  |        0|   1|    67|   2|    0|
    |mul_16s_9ns_25_2_1_U2080  |mul_16s_9ns_25_2_1  |        0|   1|    67|   2|    0|
    |mul_16s_9ns_25_2_1_U2081  |mul_16s_9ns_25_2_1  |        0|   1|    67|   2|    0|
    |mul_16s_9ns_25_2_1_U2085  |mul_16s_9ns_25_2_1  |        0|   1|    67|   2|    0|
    |mul_16s_9ns_25_2_1_U2086  |mul_16s_9ns_25_2_1  |        0|   1|    67|   2|    0|
    |mul_16s_9ns_25_2_1_U2087  |mul_16s_9ns_25_2_1  |        0|   1|    67|   2|    0|
    |mul_16s_9ns_25_2_1_U2091  |mul_16s_9ns_25_2_1  |        0|   1|    67|   2|    0|
    |mul_16s_9ns_25_2_1_U2093  |mul_16s_9ns_25_2_1  |        0|   1|    67|   2|    0|
    |mul_16s_9ns_25_2_1_U2100  |mul_16s_9ns_25_2_1  |        0|   1|    67|   2|    0|
    |mul_16s_9ns_25_2_1_U2101  |mul_16s_9ns_25_2_1  |        0|   1|    67|   2|    0|
    |mul_16s_9ns_25_2_1_U2104  |mul_16s_9ns_25_2_1  |        0|   1|    67|   2|    0|
    |mul_16s_9ns_25_2_1_U2105  |mul_16s_9ns_25_2_1  |        0|   1|    67|   2|    0|
    |mul_16s_9ns_25_2_1_U2107  |mul_16s_9ns_25_2_1  |        0|   1|    67|   2|    0|
    |mul_16s_9ns_25_2_1_U2109  |mul_16s_9ns_25_2_1  |        0|   1|    67|   2|    0|
    |mul_16s_9ns_25_2_1_U2110  |mul_16s_9ns_25_2_1  |        0|   1|    67|   2|    0|
    |mul_16s_9ns_25_2_1_U2113  |mul_16s_9ns_25_2_1  |        0|   1|    67|   2|    0|
    |mul_16s_9ns_25_2_1_U2116  |mul_16s_9ns_25_2_1  |        0|   1|    67|   2|    0|
    |mul_16s_9ns_25_2_1_U2117  |mul_16s_9ns_25_2_1  |        0|   1|    67|   2|    0|
    |mul_16s_9ns_25_2_1_U2120  |mul_16s_9ns_25_2_1  |        0|   1|    67|   2|    0|
    |mul_16s_9ns_25_2_1_U2122  |mul_16s_9ns_25_2_1  |        0|   1|    67|   2|    0|
    |mul_16s_9ns_25_2_1_U2123  |mul_16s_9ns_25_2_1  |        0|   1|    67|   2|    0|
    |mul_16s_9ns_25_2_1_U2124  |mul_16s_9ns_25_2_1  |        0|   1|    67|   2|    0|
    |mul_16s_9ns_25_2_1_U2127  |mul_16s_9ns_25_2_1  |        0|   1|    67|   2|    0|
    |mul_16s_9ns_25_2_1_U2131  |mul_16s_9ns_25_2_1  |        0|   1|    67|   2|    0|
    |mul_16s_9ns_25_2_1_U2132  |mul_16s_9ns_25_2_1  |        0|   1|    67|   2|    0|
    |mul_16s_9ns_25_2_1_U2134  |mul_16s_9ns_25_2_1  |        0|   1|    67|   2|    0|
    |mul_16s_9ns_25_2_1_U2140  |mul_16s_9ns_25_2_1  |        0|   1|    67|   2|    0|
    |mul_16s_9ns_25_2_1_U2142  |mul_16s_9ns_25_2_1  |        0|   1|    67|   2|    0|
    |mul_16s_9ns_25_2_1_U2143  |mul_16s_9ns_25_2_1  |        0|   1|    67|   2|    0|
    |mul_16s_9ns_25_2_1_U2145  |mul_16s_9ns_25_2_1  |        0|   1|    67|   2|    0|
    |mul_16s_9ns_25_2_1_U2151  |mul_16s_9ns_25_2_1  |        0|   1|    67|   2|    0|
    |mul_16s_9ns_25_2_1_U2153  |mul_16s_9ns_25_2_1  |        0|   1|    67|   2|    0|
    |mul_16s_9ns_25_2_1_U2155  |mul_16s_9ns_25_2_1  |        0|   1|    67|   2|    0|
    |mul_16s_9ns_25_2_1_U2156  |mul_16s_9ns_25_2_1  |        0|   1|    67|   2|    0|
    |mul_16s_9ns_25_2_1_U2165  |mul_16s_9ns_25_2_1  |        0|   1|    67|   2|    0|
    |mul_16s_9ns_25_2_1_U2167  |mul_16s_9ns_25_2_1  |        0|   1|    67|   2|    0|
    |mul_16s_9ns_25_2_1_U2169  |mul_16s_9ns_25_2_1  |        0|   1|    67|   2|    0|
    |mul_16s_9ns_25_2_1_U2176  |mul_16s_9ns_25_2_1  |        0|   1|    67|   2|    0|
    |mul_16s_9ns_25_2_1_U2181  |mul_16s_9ns_25_2_1  |        0|   1|    67|   2|    0|
    |mul_16s_9ns_25_2_1_U2193  |mul_16s_9ns_25_2_1  |        0|   1|    67|   2|    0|
    |mul_16s_9ns_25_2_1_U2196  |mul_16s_9ns_25_2_1  |        0|   1|    67|   2|    0|
    |mul_16s_9ns_25_2_1_U2197  |mul_16s_9ns_25_2_1  |        0|   1|    67|   2|    0|
    |mul_16s_9ns_25_2_1_U2210  |mul_16s_9ns_25_2_1  |        0|   1|    67|   2|    0|
    |mul_16s_9ns_25_2_1_U2213  |mul_16s_9ns_25_2_1  |        0|   1|    67|   2|    0|
    |mul_16s_9ns_25_2_1_U2215  |mul_16s_9ns_25_2_1  |        0|   1|    67|   2|    0|
    |mul_16s_9ns_25_2_1_U2220  |mul_16s_9ns_25_2_1  |        0|   1|    67|   2|    0|
    |mul_16s_9ns_25_2_1_U2222  |mul_16s_9ns_25_2_1  |        0|   1|    67|   2|    0|
    |mul_16s_9ns_25_2_1_U2225  |mul_16s_9ns_25_2_1  |        0|   1|    67|   2|    0|
    |mul_16s_9ns_25_2_1_U2226  |mul_16s_9ns_25_2_1  |        0|   1|    67|   2|    0|
    |mul_16s_9ns_25_2_1_U2232  |mul_16s_9ns_25_2_1  |        0|   1|    67|   2|    0|
    |mul_16s_9ns_25_2_1_U2234  |mul_16s_9ns_25_2_1  |        0|   1|    67|   2|    0|
    |mul_16s_9ns_25_2_1_U2236  |mul_16s_9ns_25_2_1  |        0|   1|    67|   2|    0|
    |mul_16s_9ns_25_2_1_U2242  |mul_16s_9ns_25_2_1  |        0|   1|    67|   2|    0|
    |mul_16s_9ns_25_2_1_U2245  |mul_16s_9ns_25_2_1  |        0|   1|    67|   2|    0|
    |mul_16s_9ns_25_2_1_U2248  |mul_16s_9ns_25_2_1  |        0|   1|    67|   2|    0|
    |mul_16s_9ns_25_2_1_U2252  |mul_16s_9ns_25_2_1  |        0|   1|    67|   2|    0|
    |mul_16s_9ns_25_2_1_U2256  |mul_16s_9ns_25_2_1  |        0|   1|    67|   2|    0|
    |mul_16s_9ns_25_2_1_U2261  |mul_16s_9ns_25_2_1  |        0|   1|    67|   2|    0|
    |mul_16s_9ns_25_2_1_U2263  |mul_16s_9ns_25_2_1  |        0|   1|    67|   2|    0|
    |mul_16s_9s_25_2_1_U762    |mul_16s_9s_25_2_1   |        0|   1|    67|   2|    0|
    |mul_16s_9s_25_2_1_U767    |mul_16s_9s_25_2_1   |        0|   1|    67|   2|    0|
    |mul_16s_9s_25_2_1_U773    |mul_16s_9s_25_2_1   |        0|   1|    67|   2|    0|
    |mul_16s_9s_25_2_1_U776    |mul_16s_9s_25_2_1   |        0|   1|    67|   2|    0|
    |mul_16s_9s_25_2_1_U779    |mul_16s_9s_25_2_1   |        0|   1|    67|   2|    0|
    |mul_16s_9s_25_2_1_U780    |mul_16s_9s_25_2_1   |        0|   1|    67|   2|    0|
    |mul_16s_9s_25_2_1_U781    |mul_16s_9s_25_2_1   |        0|   1|    67|   2|    0|
    |mul_16s_9s_25_2_1_U787    |mul_16s_9s_25_2_1   |        0|   1|    67|   2|    0|
    |mul_16s_9s_25_2_1_U790    |mul_16s_9s_25_2_1   |        0|   1|    67|   2|    0|
    |mul_16s_9s_25_2_1_U791    |mul_16s_9s_25_2_1   |        0|   1|    67|   2|    0|
    |mul_16s_9s_25_2_1_U796    |mul_16s_9s_25_2_1   |        0|   1|    67|   2|    0|
    |mul_16s_9s_25_2_1_U799    |mul_16s_9s_25_2_1   |        0|   1|    67|   2|    0|
    |mul_16s_9s_25_2_1_U800    |mul_16s_9s_25_2_1   |        0|   1|    67|   2|    0|
    |mul_16s_9s_25_2_1_U808    |mul_16s_9s_25_2_1   |        0|   1|    67|   2|    0|
    |mul_16s_9s_25_2_1_U812    |mul_16s_9s_25_2_1   |        0|   1|    67|   2|    0|
    |mul_16s_9s_25_2_1_U813    |mul_16s_9s_25_2_1   |        0|   1|    67|   2|    0|
    |mul_16s_9s_25_2_1_U817    |mul_16s_9s_25_2_1   |        0|   1|    67|   2|    0|
    |mul_16s_9s_25_2_1_U820    |mul_16s_9s_25_2_1   |        0|   1|    67|   2|    0|
    |mul_16s_9s_25_2_1_U826    |mul_16s_9s_25_2_1   |        0|   1|    67|   2|    0|
    |mul_16s_9s_25_2_1_U827    |mul_16s_9s_25_2_1   |        0|   1|    67|   2|    0|
    |mul_16s_9s_25_2_1_U828    |mul_16s_9s_25_2_1   |        0|   1|    67|   2|    0|
    |mul_16s_9s_25_2_1_U829    |mul_16s_9s_25_2_1   |        0|   1|    67|   2|    0|
    |mul_16s_9s_25_2_1_U831    |mul_16s_9s_25_2_1   |        0|   1|    67|   2|    0|
    |mul_16s_9s_25_2_1_U843    |mul_16s_9s_25_2_1   |        0|   1|    67|   2|    0|
    |mul_16s_9s_25_2_1_U845    |mul_16s_9s_25_2_1   |        0|   1|    67|   2|    0|
    |mul_16s_9s_25_2_1_U846    |mul_16s_9s_25_2_1   |        0|   1|    67|   2|    0|
    |mul_16s_9s_25_2_1_U853    |mul_16s_9s_25_2_1   |        0|   1|    67|   2|    0|
    |mul_16s_9s_25_2_1_U856    |mul_16s_9s_25_2_1   |        0|   1|    67|   2|    0|
    |mul_16s_9s_25_2_1_U857    |mul_16s_9s_25_2_1   |        0|   1|    67|   2|    0|
    |mul_16s_9s_25_2_1_U858    |mul_16s_9s_25_2_1   |        0|   1|    67|   2|    0|
    |mul_16s_9s_25_2_1_U860    |mul_16s_9s_25_2_1   |        0|   1|    67|   2|    0|
    |mul_16s_9s_25_2_1_U865    |mul_16s_9s_25_2_1   |        0|   1|    67|   2|    0|
    |mul_16s_9s_25_2_1_U869    |mul_16s_9s_25_2_1   |        0|   1|    67|   2|    0|
    |mul_16s_9s_25_2_1_U870    |mul_16s_9s_25_2_1   |        0|   1|    67|   2|    0|
    |mul_16s_9s_25_2_1_U874    |mul_16s_9s_25_2_1   |        0|   1|    67|   2|    0|
    |mul_16s_9s_25_2_1_U875    |mul_16s_9s_25_2_1   |        0|   1|    67|   2|    0|
    |mul_16s_9s_25_2_1_U880    |mul_16s_9s_25_2_1   |        0|   1|    67|   2|    0|
    |mul_16s_9s_25_2_1_U882    |mul_16s_9s_25_2_1   |        0|   1|    67|   2|    0|
    |mul_16s_9s_25_2_1_U885    |mul_16s_9s_25_2_1   |        0|   1|    67|   2|    0|
    |mul_16s_9s_25_2_1_U887    |mul_16s_9s_25_2_1   |        0|   1|    67|   2|    0|
    |mul_16s_9s_25_2_1_U898    |mul_16s_9s_25_2_1   |        0|   1|    67|   2|    0|
    |mul_16s_9s_25_2_1_U899    |mul_16s_9s_25_2_1   |        0|   1|    67|   2|    0|
    |mul_16s_9s_25_2_1_U910    |mul_16s_9s_25_2_1   |        0|   1|    67|   2|    0|
    |mul_16s_9s_25_2_1_U911    |mul_16s_9s_25_2_1   |        0|   1|    67|   2|    0|
    |mul_16s_9s_25_2_1_U918    |mul_16s_9s_25_2_1   |        0|   1|    67|   2|    0|
    |mul_16s_9s_25_2_1_U921    |mul_16s_9s_25_2_1   |        0|   1|    67|   2|    0|
    |mul_16s_9s_25_2_1_U926    |mul_16s_9s_25_2_1   |        0|   1|    67|   2|    0|
    |mul_16s_9s_25_2_1_U927    |mul_16s_9s_25_2_1   |        0|   1|    67|   2|    0|
    |mul_16s_9s_25_2_1_U928    |mul_16s_9s_25_2_1   |        0|   1|    67|   2|    0|
    |mul_16s_9s_25_2_1_U929    |mul_16s_9s_25_2_1   |        0|   1|    67|   2|    0|
    |mul_16s_9s_25_2_1_U931    |mul_16s_9s_25_2_1   |        0|   1|    67|   2|    0|
    |mul_16s_9s_25_2_1_U933    |mul_16s_9s_25_2_1   |        0|   1|    67|   2|    0|
    |mul_16s_9s_25_2_1_U939    |mul_16s_9s_25_2_1   |        0|   1|    67|   2|    0|
    |mul_16s_9s_25_2_1_U956    |mul_16s_9s_25_2_1   |        0|   1|    67|   2|    0|
    |mul_16s_9s_25_2_1_U957    |mul_16s_9s_25_2_1   |        0|   1|    67|   2|    0|
    |mul_16s_9s_25_2_1_U965    |mul_16s_9s_25_2_1   |        0|   1|    67|   2|    0|
    |mul_16s_9s_25_2_1_U966    |mul_16s_9s_25_2_1   |        0|   1|    67|   2|    0|
    |mul_16s_9s_25_2_1_U971    |mul_16s_9s_25_2_1   |        0|   1|    67|   2|    0|
    |mul_16s_9s_25_2_1_U972    |mul_16s_9s_25_2_1   |        0|   1|    67|   2|    0|
    |mul_16s_9s_25_2_1_U976    |mul_16s_9s_25_2_1   |        0|   1|    67|   2|    0|
    |mul_16s_9s_25_2_1_U977    |mul_16s_9s_25_2_1   |        0|   1|    67|   2|    0|
    |mul_16s_9s_25_2_1_U979    |mul_16s_9s_25_2_1   |        0|   1|    67|   2|    0|
    |mul_16s_9s_25_2_1_U980    |mul_16s_9s_25_2_1   |        0|   1|    67|   2|    0|
    |mul_16s_9s_25_2_1_U982    |mul_16s_9s_25_2_1   |        0|   1|    67|   2|    0|
    |mul_16s_9s_25_2_1_U983    |mul_16s_9s_25_2_1   |        0|   1|    67|   2|    0|
    |mul_16s_9s_25_2_1_U985    |mul_16s_9s_25_2_1   |        0|   1|    67|   2|    0|
    |mul_16s_9s_25_2_1_U988    |mul_16s_9s_25_2_1   |        0|   1|    67|   2|    0|
    |mul_16s_9s_25_2_1_U991    |mul_16s_9s_25_2_1   |        0|   1|    67|   2|    0|
    |mul_16s_9s_25_2_1_U994    |mul_16s_9s_25_2_1   |        0|   1|    67|   2|    0|
    |mul_16s_9s_25_2_1_U995    |mul_16s_9s_25_2_1   |        0|   1|    67|   2|    0|
    |mul_16s_9s_25_2_1_U1004   |mul_16s_9s_25_2_1   |        0|   1|    67|   2|    0|
    |mul_16s_9s_25_2_1_U1006   |mul_16s_9s_25_2_1   |        0|   1|    67|   2|    0|
    |mul_16s_9s_25_2_1_U1009   |mul_16s_9s_25_2_1   |        0|   1|    67|   2|    0|
    |mul_16s_9s_25_2_1_U1019   |mul_16s_9s_25_2_1   |        0|   1|    67|   2|    0|
    |mul_16s_9s_25_2_1_U1020   |mul_16s_9s_25_2_1   |        0|   1|    67|   2|    0|
    |mul_16s_9s_25_2_1_U1021   |mul_16s_9s_25_2_1   |        0|   1|    67|   2|    0|
    |mul_16s_9s_25_2_1_U1022   |mul_16s_9s_25_2_1   |        0|   1|    67|   2|    0|
    |mul_16s_9s_25_2_1_U1023   |mul_16s_9s_25_2_1   |        0|   1|    67|   2|    0|
    |mul_16s_9s_25_2_1_U1024   |mul_16s_9s_25_2_1   |        0|   1|    67|   2|    0|
    |mul_16s_9s_25_2_1_U1034   |mul_16s_9s_25_2_1   |        0|   1|    67|   2|    0|
    |mul_16s_9s_25_2_1_U1035   |mul_16s_9s_25_2_1   |        0|   1|    67|   2|    0|
    |mul_16s_9s_25_2_1_U1036   |mul_16s_9s_25_2_1   |        0|   1|    67|   2|    0|
    |mul_16s_9s_25_2_1_U1039   |mul_16s_9s_25_2_1   |        0|   1|    67|   2|    0|
    |mul_16s_9s_25_2_1_U1040   |mul_16s_9s_25_2_1   |        0|   1|    67|   2|    0|
    |mul_16s_9s_25_2_1_U1053   |mul_16s_9s_25_2_1   |        0|   1|    67|   2|    0|
    |mul_16s_9s_25_2_1_U1055   |mul_16s_9s_25_2_1   |        0|   1|    67|   2|    0|
    |mul_16s_9s_25_2_1_U1059   |mul_16s_9s_25_2_1   |        0|   1|    67|   2|    0|
    |mul_16s_9s_25_2_1_U1060   |mul_16s_9s_25_2_1   |        0|   1|    67|   2|    0|
    |mul_16s_9s_25_2_1_U1065   |mul_16s_9s_25_2_1   |        0|   1|    67|   2|    0|
    |mul_16s_9s_25_2_1_U1070   |mul_16s_9s_25_2_1   |        0|   1|    67|   2|    0|
    |mul_16s_9s_25_2_1_U1090   |mul_16s_9s_25_2_1   |        0|   1|    67|   2|    0|
    |mul_16s_9s_25_2_1_U1100   |mul_16s_9s_25_2_1   |        0|   1|    67|   2|    0|
    |mul_16s_9s_25_2_1_U1103   |mul_16s_9s_25_2_1   |        0|   1|    67|   2|    0|
    |mul_16s_9s_25_2_1_U1105   |mul_16s_9s_25_2_1   |        0|   1|    67|   2|    0|
    |mul_16s_9s_25_2_1_U1106   |mul_16s_9s_25_2_1   |        0|   1|    67|   2|    0|
    |mul_16s_9s_25_2_1_U1108   |mul_16s_9s_25_2_1   |        0|   1|    67|   2|    0|
    |mul_16s_9s_25_2_1_U1110   |mul_16s_9s_25_2_1   |        0|   1|    67|   2|    0|
    |mul_16s_9s_25_2_1_U1113   |mul_16s_9s_25_2_1   |        0|   1|    67|   2|    0|
    |mul_16s_9s_25_2_1_U1116   |mul_16s_9s_25_2_1   |        0|   1|    67|   2|    0|
    |mul_16s_9s_25_2_1_U1117   |mul_16s_9s_25_2_1   |        0|   1|    67|   2|    0|
    |mul_16s_9s_25_2_1_U1124   |mul_16s_9s_25_2_1   |        0|   1|    67|   2|    0|
    |mul_16s_9s_25_2_1_U1125   |mul_16s_9s_25_2_1   |        0|   1|    67|   2|    0|
    |mul_16s_9s_25_2_1_U1127   |mul_16s_9s_25_2_1   |        0|   1|    67|   2|    0|
    |mul_16s_9s_25_2_1_U1130   |mul_16s_9s_25_2_1   |        0|   1|    67|   2|    0|
    |mul_16s_9s_25_2_1_U1132   |mul_16s_9s_25_2_1   |        0|   1|    67|   2|    0|
    |mul_16s_9s_25_2_1_U1135   |mul_16s_9s_25_2_1   |        0|   1|    67|   2|    0|
    |mul_16s_9s_25_2_1_U1137   |mul_16s_9s_25_2_1   |        0|   1|    67|   2|    0|
    |mul_16s_9s_25_2_1_U1138   |mul_16s_9s_25_2_1   |        0|   1|    67|   2|    0|
    |mul_16s_9s_25_2_1_U1139   |mul_16s_9s_25_2_1   |        0|   1|    67|   2|    0|
    |mul_16s_9s_25_2_1_U1150   |mul_16s_9s_25_2_1   |        0|   1|    67|   2|    0|
    |mul_16s_9s_25_2_1_U1155   |mul_16s_9s_25_2_1   |        0|   1|    67|   2|    0|
    |mul_16s_9s_25_2_1_U1159   |mul_16s_9s_25_2_1   |        0|   1|    67|   2|    0|
    |mul_16s_9s_25_2_1_U1163   |mul_16s_9s_25_2_1   |        0|   1|    67|   2|    0|
    |mul_16s_9s_25_2_1_U1165   |mul_16s_9s_25_2_1   |        0|   1|    67|   2|    0|
    |mul_16s_9s_25_2_1_U1168   |mul_16s_9s_25_2_1   |        0|   1|    67|   2|    0|
    |mul_16s_9s_25_2_1_U1169   |mul_16s_9s_25_2_1   |        0|   1|    67|   2|    0|
    |mul_16s_9s_25_2_1_U1170   |mul_16s_9s_25_2_1   |        0|   1|    67|   2|    0|
    |mul_16s_9s_25_2_1_U1171   |mul_16s_9s_25_2_1   |        0|   1|    67|   2|    0|
    |mul_16s_9s_25_2_1_U1179   |mul_16s_9s_25_2_1   |        0|   1|    67|   2|    0|
    |mul_16s_9s_25_2_1_U1182   |mul_16s_9s_25_2_1   |        0|   1|    67|   2|    0|
    |mul_16s_9s_25_2_1_U1185   |mul_16s_9s_25_2_1   |        0|   1|    67|   2|    0|
    |mul_16s_9s_25_2_1_U1201   |mul_16s_9s_25_2_1   |        0|   1|    67|   2|    0|
    |mul_16s_9s_25_2_1_U1202   |mul_16s_9s_25_2_1   |        0|   1|    67|   2|    0|
    |mul_16s_9s_25_2_1_U1204   |mul_16s_9s_25_2_1   |        0|   1|    67|   2|    0|
    |mul_16s_9s_25_2_1_U1206   |mul_16s_9s_25_2_1   |        0|   1|    67|   2|    0|
    |mul_16s_9s_25_2_1_U1208   |mul_16s_9s_25_2_1   |        0|   1|    67|   2|    0|
    |mul_16s_9s_25_2_1_U1218   |mul_16s_9s_25_2_1   |        0|   1|    67|   2|    0|
    |mul_16s_9s_25_2_1_U1227   |mul_16s_9s_25_2_1   |        0|   1|    67|   2|    0|
    |mul_16s_9s_25_2_1_U1229   |mul_16s_9s_25_2_1   |        0|   1|    67|   2|    0|
    |mul_16s_9s_25_2_1_U1233   |mul_16s_9s_25_2_1   |        0|   1|    67|   2|    0|
    |mul_16s_9s_25_2_1_U1243   |mul_16s_9s_25_2_1   |        0|   1|    67|   2|    0|
    |mul_16s_9s_25_2_1_U1245   |mul_16s_9s_25_2_1   |        0|   1|    67|   2|    0|
    |mul_16s_9s_25_2_1_U1246   |mul_16s_9s_25_2_1   |        0|   1|    67|   2|    0|
    |mul_16s_9s_25_2_1_U1249   |mul_16s_9s_25_2_1   |        0|   1|    67|   2|    0|
    |mul_16s_9s_25_2_1_U1250   |mul_16s_9s_25_2_1   |        0|   1|    67|   2|    0|
    |mul_16s_9s_25_2_1_U1252   |mul_16s_9s_25_2_1   |        0|   1|    67|   2|    0|
    |mul_16s_9s_25_2_1_U1261   |mul_16s_9s_25_2_1   |        0|   1|    67|   2|    0|
    |mul_16s_9s_25_2_1_U1263   |mul_16s_9s_25_2_1   |        0|   1|    67|   2|    0|
    |mul_16s_9s_25_2_1_U1264   |mul_16s_9s_25_2_1   |        0|   1|    67|   2|    0|
    |mul_16s_9s_25_2_1_U1266   |mul_16s_9s_25_2_1   |        0|   1|    67|   2|    0|
    |mul_16s_9s_25_2_1_U1271   |mul_16s_9s_25_2_1   |        0|   1|    67|   2|    0|
    |mul_16s_9s_25_2_1_U1273   |mul_16s_9s_25_2_1   |        0|   1|    67|   2|    0|
    |mul_16s_9s_25_2_1_U1274   |mul_16s_9s_25_2_1   |        0|   1|    67|   2|    0|
    |mul_16s_9s_25_2_1_U1275   |mul_16s_9s_25_2_1   |        0|   1|    67|   2|    0|
    |mul_16s_9s_25_2_1_U1277   |mul_16s_9s_25_2_1   |        0|   1|    67|   2|    0|
    |mul_16s_9s_25_2_1_U1279   |mul_16s_9s_25_2_1   |        0|   1|    67|   2|    0|
    |mul_16s_9s_25_2_1_U1281   |mul_16s_9s_25_2_1   |        0|   1|    67|   2|    0|
    |mul_16s_9s_25_2_1_U1283   |mul_16s_9s_25_2_1   |        0|   1|    67|   2|    0|
    |mul_16s_9s_25_2_1_U1289   |mul_16s_9s_25_2_1   |        0|   1|    67|   2|    0|
    |mul_16s_9s_25_2_1_U1292   |mul_16s_9s_25_2_1   |        0|   1|    67|   2|    0|
    |mul_16s_9s_25_2_1_U1296   |mul_16s_9s_25_2_1   |        0|   1|    67|   2|    0|
    |mul_16s_9s_25_2_1_U1297   |mul_16s_9s_25_2_1   |        0|   1|    67|   2|    0|
    |mul_16s_9s_25_2_1_U1300   |mul_16s_9s_25_2_1   |        0|   1|    67|   2|    0|
    |mul_16s_9s_25_2_1_U1311   |mul_16s_9s_25_2_1   |        0|   1|    67|   2|    0|
    |mul_16s_9s_25_2_1_U1314   |mul_16s_9s_25_2_1   |        0|   1|    67|   2|    0|
    |mul_16s_9s_25_2_1_U1315   |mul_16s_9s_25_2_1   |        0|   1|    67|   2|    0|
    |mul_16s_9s_25_2_1_U1317   |mul_16s_9s_25_2_1   |        0|   1|    67|   2|    0|
    |mul_16s_9s_25_2_1_U1319   |mul_16s_9s_25_2_1   |        0|   1|    67|   2|    0|
    |mul_16s_9s_25_2_1_U1321   |mul_16s_9s_25_2_1   |        0|   1|    67|   2|    0|
    |mul_16s_9s_25_2_1_U1323   |mul_16s_9s_25_2_1   |        0|   1|    67|   2|    0|
    |mul_16s_9s_25_2_1_U1326   |mul_16s_9s_25_2_1   |        0|   1|    67|   2|    0|
    |mul_16s_9s_25_2_1_U1328   |mul_16s_9s_25_2_1   |        0|   1|    67|   2|    0|
    |mul_16s_9s_25_2_1_U1335   |mul_16s_9s_25_2_1   |        0|   1|    67|   2|    0|
    |mul_16s_9s_25_2_1_U1336   |mul_16s_9s_25_2_1   |        0|   1|    67|   2|    0|
    |mul_16s_9s_25_2_1_U1337   |mul_16s_9s_25_2_1   |        0|   1|    67|   2|    0|
    |mul_16s_9s_25_2_1_U1346   |mul_16s_9s_25_2_1   |        0|   1|    67|   2|    0|
    |mul_16s_9s_25_2_1_U1349   |mul_16s_9s_25_2_1   |        0|   1|    67|   2|    0|
    |mul_16s_9s_25_2_1_U1357   |mul_16s_9s_25_2_1   |        0|   1|    67|   2|    0|
    |mul_16s_9s_25_2_1_U1359   |mul_16s_9s_25_2_1   |        0|   1|    67|   2|    0|
    |mul_16s_9s_25_2_1_U1362   |mul_16s_9s_25_2_1   |        0|   1|    67|   2|    0|
    |mul_16s_9s_25_2_1_U1364   |mul_16s_9s_25_2_1   |        0|   1|    67|   2|    0|
    |mul_16s_9s_25_2_1_U1367   |mul_16s_9s_25_2_1   |        0|   1|    67|   2|    0|
    |mul_16s_9s_25_2_1_U1373   |mul_16s_9s_25_2_1   |        0|   1|    67|   2|    0|
    |mul_16s_9s_25_2_1_U1377   |mul_16s_9s_25_2_1   |        0|   1|    67|   2|    0|
    |mul_16s_9s_25_2_1_U1381   |mul_16s_9s_25_2_1   |        0|   1|    67|   2|    0|
    |mul_16s_9s_25_2_1_U1382   |mul_16s_9s_25_2_1   |        0|   1|    67|   2|    0|
    |mul_16s_9s_25_2_1_U1390   |mul_16s_9s_25_2_1   |        0|   1|    67|   2|    0|
    |mul_16s_9s_25_2_1_U1391   |mul_16s_9s_25_2_1   |        0|   1|    67|   2|    0|
    |mul_16s_9s_25_2_1_U1398   |mul_16s_9s_25_2_1   |        0|   1|    67|   2|    0|
    |mul_16s_9s_25_2_1_U1399   |mul_16s_9s_25_2_1   |        0|   1|    67|   2|    0|
    |mul_16s_9s_25_2_1_U1403   |mul_16s_9s_25_2_1   |        0|   1|    67|   2|    0|
    |mul_16s_9s_25_2_1_U1409   |mul_16s_9s_25_2_1   |        0|   1|    67|   2|    0|
    |mul_16s_9s_25_2_1_U1411   |mul_16s_9s_25_2_1   |        0|   1|    67|   2|    0|
    |mul_16s_9s_25_2_1_U1412   |mul_16s_9s_25_2_1   |        0|   1|    67|   2|    0|
    |mul_16s_9s_25_2_1_U1416   |mul_16s_9s_25_2_1   |        0|   1|    67|   2|    0|
    |mul_16s_9s_25_2_1_U1418   |mul_16s_9s_25_2_1   |        0|   1|    67|   2|    0|
    |mul_16s_9s_25_2_1_U1422   |mul_16s_9s_25_2_1   |        0|   1|    67|   2|    0|
    |mul_16s_9s_25_2_1_U1427   |mul_16s_9s_25_2_1   |        0|   1|    67|   2|    0|
    |mul_16s_9s_25_2_1_U1428   |mul_16s_9s_25_2_1   |        0|   1|    67|   2|    0|
    |mul_16s_9s_25_2_1_U1435   |mul_16s_9s_25_2_1   |        0|   1|    67|   2|    0|
    |mul_16s_9s_25_2_1_U1436   |mul_16s_9s_25_2_1   |        0|   1|    67|   2|    0|
    |mul_16s_9s_25_2_1_U1437   |mul_16s_9s_25_2_1   |        0|   1|    67|   2|    0|
    |mul_16s_9s_25_2_1_U1439   |mul_16s_9s_25_2_1   |        0|   1|    67|   2|    0|
    |mul_16s_9s_25_2_1_U1443   |mul_16s_9s_25_2_1   |        0|   1|    67|   2|    0|
    |mul_16s_9s_25_2_1_U1446   |mul_16s_9s_25_2_1   |        0|   1|    67|   2|    0|
    |mul_16s_9s_25_2_1_U1454   |mul_16s_9s_25_2_1   |        0|   1|    67|   2|    0|
    |mul_16s_9s_25_2_1_U1459   |mul_16s_9s_25_2_1   |        0|   1|    67|   2|    0|
    |mul_16s_9s_25_2_1_U1467   |mul_16s_9s_25_2_1   |        0|   1|    67|   2|    0|
    |mul_16s_9s_25_2_1_U1476   |mul_16s_9s_25_2_1   |        0|   1|    67|   2|    0|
    |mul_16s_9s_25_2_1_U1479   |mul_16s_9s_25_2_1   |        0|   1|    67|   2|    0|
    |mul_16s_9s_25_2_1_U1482   |mul_16s_9s_25_2_1   |        0|   1|    67|   2|    0|
    |mul_16s_9s_25_2_1_U1495   |mul_16s_9s_25_2_1   |        0|   1|    67|   2|    0|
    |mul_16s_9s_25_2_1_U1496   |mul_16s_9s_25_2_1   |        0|   1|    67|   2|    0|
    |mul_16s_9s_25_2_1_U1504   |mul_16s_9s_25_2_1   |        0|   1|    67|   2|    0|
    |mul_16s_9s_25_2_1_U1505   |mul_16s_9s_25_2_1   |        0|   1|    67|   2|    0|
    |mul_16s_9s_25_2_1_U1510   |mul_16s_9s_25_2_1   |        0|   1|    67|   2|    0|
    |mul_16s_9s_25_2_1_U1513   |mul_16s_9s_25_2_1   |        0|   1|    67|   2|    0|
    |mul_16s_9s_25_2_1_U1516   |mul_16s_9s_25_2_1   |        0|   1|    67|   2|    0|
    |mul_16s_9s_25_2_1_U1518   |mul_16s_9s_25_2_1   |        0|   1|    67|   2|    0|
    |mul_16s_9s_25_2_1_U1521   |mul_16s_9s_25_2_1   |        0|   1|    67|   2|    0|
    |mul_16s_9s_25_2_1_U1523   |mul_16s_9s_25_2_1   |        0|   1|    67|   2|    0|
    |mul_16s_9s_25_2_1_U1524   |mul_16s_9s_25_2_1   |        0|   1|    67|   2|    0|
    |mul_16s_9s_25_2_1_U1526   |mul_16s_9s_25_2_1   |        0|   1|    67|   2|    0|
    |mul_16s_9s_25_2_1_U1527   |mul_16s_9s_25_2_1   |        0|   1|    67|   2|    0|
    |mul_16s_9s_25_2_1_U1539   |mul_16s_9s_25_2_1   |        0|   1|    67|   2|    0|
    |mul_16s_9s_25_2_1_U1540   |mul_16s_9s_25_2_1   |        0|   1|    67|   2|    0|
    |mul_16s_9s_25_2_1_U1545   |mul_16s_9s_25_2_1   |        0|   1|    67|   2|    0|
    |mul_16s_9s_25_2_1_U1548   |mul_16s_9s_25_2_1   |        0|   1|    67|   2|    0|
    |mul_16s_9s_25_2_1_U1551   |mul_16s_9s_25_2_1   |        0|   1|    67|   2|    0|
    |mul_16s_9s_25_2_1_U1558   |mul_16s_9s_25_2_1   |        0|   1|    67|   2|    0|
    |mul_16s_9s_25_2_1_U1563   |mul_16s_9s_25_2_1   |        0|   1|    67|   2|    0|
    |mul_16s_9s_25_2_1_U1564   |mul_16s_9s_25_2_1   |        0|   1|    67|   2|    0|
    |mul_16s_9s_25_2_1_U1565   |mul_16s_9s_25_2_1   |        0|   1|    67|   2|    0|
    |mul_16s_9s_25_2_1_U1569   |mul_16s_9s_25_2_1   |        0|   1|    67|   2|    0|
    |mul_16s_9s_25_2_1_U1572   |mul_16s_9s_25_2_1   |        0|   1|    67|   2|    0|
    |mul_16s_9s_25_2_1_U1573   |mul_16s_9s_25_2_1   |        0|   1|    67|   2|    0|
    |mul_16s_9s_25_2_1_U1577   |mul_16s_9s_25_2_1   |        0|   1|    67|   2|    0|
    |mul_16s_9s_25_2_1_U1583   |mul_16s_9s_25_2_1   |        0|   1|    67|   2|    0|
    |mul_16s_9s_25_2_1_U1591   |mul_16s_9s_25_2_1   |        0|   1|    67|   2|    0|
    |mul_16s_9s_25_2_1_U1592   |mul_16s_9s_25_2_1   |        0|   1|    67|   2|    0|
    |mul_16s_9s_25_2_1_U1602   |mul_16s_9s_25_2_1   |        0|   1|    67|   2|    0|
    |mul_16s_9s_25_2_1_U1607   |mul_16s_9s_25_2_1   |        0|   1|    67|   2|    0|
    |mul_16s_9s_25_2_1_U1608   |mul_16s_9s_25_2_1   |        0|   1|    67|   2|    0|
    |mul_16s_9s_25_2_1_U1609   |mul_16s_9s_25_2_1   |        0|   1|    67|   2|    0|
    |mul_16s_9s_25_2_1_U1610   |mul_16s_9s_25_2_1   |        0|   1|    67|   2|    0|
    |mul_16s_9s_25_2_1_U1619   |mul_16s_9s_25_2_1   |        0|   1|    67|   2|    0|
    |mul_16s_9s_25_2_1_U1622   |mul_16s_9s_25_2_1   |        0|   1|    67|   2|    0|
    |mul_16s_9s_25_2_1_U1625   |mul_16s_9s_25_2_1   |        0|   1|    67|   2|    0|
    |mul_16s_9s_25_2_1_U1634   |mul_16s_9s_25_2_1   |        0|   1|    67|   2|    0|
    |mul_16s_9s_25_2_1_U1646   |mul_16s_9s_25_2_1   |        0|   1|    67|   2|    0|
    |mul_16s_9s_25_2_1_U1651   |mul_16s_9s_25_2_1   |        0|   1|    67|   2|    0|
    |mul_16s_9s_25_2_1_U1652   |mul_16s_9s_25_2_1   |        0|   1|    67|   2|    0|
    |mul_16s_9s_25_2_1_U1654   |mul_16s_9s_25_2_1   |        0|   1|    67|   2|    0|
    |mul_16s_9s_25_2_1_U1657   |mul_16s_9s_25_2_1   |        0|   1|    67|   2|    0|
    |mul_16s_9s_25_2_1_U1662   |mul_16s_9s_25_2_1   |        0|   1|    67|   2|    0|
    |mul_16s_9s_25_2_1_U1670   |mul_16s_9s_25_2_1   |        0|   1|    67|   2|    0|
    |mul_16s_9s_25_2_1_U1672   |mul_16s_9s_25_2_1   |        0|   1|    67|   2|    0|
    |mul_16s_9s_25_2_1_U1674   |mul_16s_9s_25_2_1   |        0|   1|    67|   2|    0|
    |mul_16s_9s_25_2_1_U1680   |mul_16s_9s_25_2_1   |        0|   1|    67|   2|    0|
    |mul_16s_9s_25_2_1_U1688   |mul_16s_9s_25_2_1   |        0|   1|    67|   2|    0|
    |mul_16s_9s_25_2_1_U1691   |mul_16s_9s_25_2_1   |        0|   1|    67|   2|    0|
    |mul_16s_9s_25_2_1_U1692   |mul_16s_9s_25_2_1   |        0|   1|    67|   2|    0|
    |mul_16s_9s_25_2_1_U1694   |mul_16s_9s_25_2_1   |        0|   1|    67|   2|    0|
    |mul_16s_9s_25_2_1_U1696   |mul_16s_9s_25_2_1   |        0|   1|    67|   2|    0|
    |mul_16s_9s_25_2_1_U1697   |mul_16s_9s_25_2_1   |        0|   1|    67|   2|    0|
    |mul_16s_9s_25_2_1_U1701   |mul_16s_9s_25_2_1   |        0|   1|    67|   2|    0|
    |mul_16s_9s_25_2_1_U1704   |mul_16s_9s_25_2_1   |        0|   1|    67|   2|    0|
    |mul_16s_9s_25_2_1_U1706   |mul_16s_9s_25_2_1   |        0|   1|    67|   2|    0|
    |mul_16s_9s_25_2_1_U1714   |mul_16s_9s_25_2_1   |        0|   1|    67|   2|    0|
    |mul_16s_9s_25_2_1_U1717   |mul_16s_9s_25_2_1   |        0|   1|    67|   2|    0|
    |mul_16s_9s_25_2_1_U1720   |mul_16s_9s_25_2_1   |        0|   1|    67|   2|    0|
    |mul_16s_9s_25_2_1_U1721   |mul_16s_9s_25_2_1   |        0|   1|    67|   2|    0|
    |mul_16s_9s_25_2_1_U1722   |mul_16s_9s_25_2_1   |        0|   1|    67|   2|    0|
    |mul_16s_9s_25_2_1_U1726   |mul_16s_9s_25_2_1   |        0|   1|    67|   2|    0|
    |mul_16s_9s_25_2_1_U1730   |mul_16s_9s_25_2_1   |        0|   1|    67|   2|    0|
    |mul_16s_9s_25_2_1_U1736   |mul_16s_9s_25_2_1   |        0|   1|    67|   2|    0|
    |mul_16s_9s_25_2_1_U1737   |mul_16s_9s_25_2_1   |        0|   1|    67|   2|    0|
    |mul_16s_9s_25_2_1_U1742   |mul_16s_9s_25_2_1   |        0|   1|    67|   2|    0|
    |mul_16s_9s_25_2_1_U1744   |mul_16s_9s_25_2_1   |        0|   1|    67|   2|    0|
    |mul_16s_9s_25_2_1_U1749   |mul_16s_9s_25_2_1   |        0|   1|    67|   2|    0|
    |mul_16s_9s_25_2_1_U1752   |mul_16s_9s_25_2_1   |        0|   1|    67|   2|    0|
    |mul_16s_9s_25_2_1_U1757   |mul_16s_9s_25_2_1   |        0|   1|    67|   2|    0|
    |mul_16s_9s_25_2_1_U1763   |mul_16s_9s_25_2_1   |        0|   1|    67|   2|    0|
    |mul_16s_9s_25_2_1_U1765   |mul_16s_9s_25_2_1   |        0|   1|    67|   2|    0|
    |mul_16s_9s_25_2_1_U1766   |mul_16s_9s_25_2_1   |        0|   1|    67|   2|    0|
    |mul_16s_9s_25_2_1_U1767   |mul_16s_9s_25_2_1   |        0|   1|    67|   2|    0|
    |mul_16s_9s_25_2_1_U1774   |mul_16s_9s_25_2_1   |        0|   1|    67|   2|    0|
    |mul_16s_9s_25_2_1_U1785   |mul_16s_9s_25_2_1   |        0|   1|    67|   2|    0|
    |mul_16s_9s_25_2_1_U1786   |mul_16s_9s_25_2_1   |        0|   1|    67|   2|    0|
    |mul_16s_9s_25_2_1_U1789   |mul_16s_9s_25_2_1   |        0|   1|    67|   2|    0|
    |mul_16s_9s_25_2_1_U1790   |mul_16s_9s_25_2_1   |        0|   1|    67|   2|    0|
    |mul_16s_9s_25_2_1_U1794   |mul_16s_9s_25_2_1   |        0|   1|    67|   2|    0|
    |mul_16s_9s_25_2_1_U1796   |mul_16s_9s_25_2_1   |        0|   1|    67|   2|    0|
    |mul_16s_9s_25_2_1_U1798   |mul_16s_9s_25_2_1   |        0|   1|    67|   2|    0|
    |mul_16s_9s_25_2_1_U1803   |mul_16s_9s_25_2_1   |        0|   1|    67|   2|    0|
    |mul_16s_9s_25_2_1_U1806   |mul_16s_9s_25_2_1   |        0|   1|    67|   2|    0|
    |mul_16s_9s_25_2_1_U1810   |mul_16s_9s_25_2_1   |        0|   1|    67|   2|    0|
    |mul_16s_9s_25_2_1_U1813   |mul_16s_9s_25_2_1   |        0|   1|    67|   2|    0|
    |mul_16s_9s_25_2_1_U1820   |mul_16s_9s_25_2_1   |        0|   1|    67|   2|    0|
    |mul_16s_9s_25_2_1_U1827   |mul_16s_9s_25_2_1   |        0|   1|    67|   2|    0|
    |mul_16s_9s_25_2_1_U1831   |mul_16s_9s_25_2_1   |        0|   1|    67|   2|    0|
    |mul_16s_9s_25_2_1_U1836   |mul_16s_9s_25_2_1   |        0|   1|    67|   2|    0|
    |mul_16s_9s_25_2_1_U1839   |mul_16s_9s_25_2_1   |        0|   1|    67|   2|    0|
    |mul_16s_9s_25_2_1_U1840   |mul_16s_9s_25_2_1   |        0|   1|    67|   2|    0|
    |mul_16s_9s_25_2_1_U1844   |mul_16s_9s_25_2_1   |        0|   1|    67|   2|    0|
    |mul_16s_9s_25_2_1_U1846   |mul_16s_9s_25_2_1   |        0|   1|    67|   2|    0|
    |mul_16s_9s_25_2_1_U1847   |mul_16s_9s_25_2_1   |        0|   1|    67|   2|    0|
    |mul_16s_9s_25_2_1_U1854   |mul_16s_9s_25_2_1   |        0|   1|    67|   2|    0|
    |mul_16s_9s_25_2_1_U1855   |mul_16s_9s_25_2_1   |        0|   1|    67|   2|    0|
    |mul_16s_9s_25_2_1_U1865   |mul_16s_9s_25_2_1   |        0|   1|    67|   2|    0|
    |mul_16s_9s_25_2_1_U1869   |mul_16s_9s_25_2_1   |        0|   1|    67|   2|    0|
    |mul_16s_9s_25_2_1_U1880   |mul_16s_9s_25_2_1   |        0|   1|    67|   2|    0|
    |mul_16s_9s_25_2_1_U1882   |mul_16s_9s_25_2_1   |        0|   1|    67|   2|    0|
    |mul_16s_9s_25_2_1_U1886   |mul_16s_9s_25_2_1   |        0|   1|    67|   2|    0|
    |mul_16s_9s_25_2_1_U1888   |mul_16s_9s_25_2_1   |        0|   1|    67|   2|    0|
    |mul_16s_9s_25_2_1_U1891   |mul_16s_9s_25_2_1   |        0|   1|    67|   2|    0|
    |mul_16s_9s_25_2_1_U1893   |mul_16s_9s_25_2_1   |        0|   1|    67|   2|    0|
    |mul_16s_9s_25_2_1_U1896   |mul_16s_9s_25_2_1   |        0|   1|    67|   2|    0|
    |mul_16s_9s_25_2_1_U1905   |mul_16s_9s_25_2_1   |        0|   1|    67|   2|    0|
    |mul_16s_9s_25_2_1_U1912   |mul_16s_9s_25_2_1   |        0|   1|    67|   2|    0|
    |mul_16s_9s_25_2_1_U1915   |mul_16s_9s_25_2_1   |        0|   1|    67|   2|    0|
    |mul_16s_9s_25_2_1_U1919   |mul_16s_9s_25_2_1   |        0|   1|    67|   2|    0|
    |mul_16s_9s_25_2_1_U1923   |mul_16s_9s_25_2_1   |        0|   1|    67|   2|    0|
    |mul_16s_9s_25_2_1_U1926   |mul_16s_9s_25_2_1   |        0|   1|    67|   2|    0|
    |mul_16s_9s_25_2_1_U1931   |mul_16s_9s_25_2_1   |        0|   1|    67|   2|    0|
    |mul_16s_9s_25_2_1_U1935   |mul_16s_9s_25_2_1   |        0|   1|    67|   2|    0|
    |mul_16s_9s_25_2_1_U1940   |mul_16s_9s_25_2_1   |        0|   1|    67|   2|    0|
    |mul_16s_9s_25_2_1_U1944   |mul_16s_9s_25_2_1   |        0|   1|    67|   2|    0|
    |mul_16s_9s_25_2_1_U1949   |mul_16s_9s_25_2_1   |        0|   1|    67|   2|    0|
    |mul_16s_9s_25_2_1_U1950   |mul_16s_9s_25_2_1   |        0|   1|    67|   2|    0|
    |mul_16s_9s_25_2_1_U1954   |mul_16s_9s_25_2_1   |        0|   1|    67|   2|    0|
    |mul_16s_9s_25_2_1_U1955   |mul_16s_9s_25_2_1   |        0|   1|    67|   2|    0|
    |mul_16s_9s_25_2_1_U1961   |mul_16s_9s_25_2_1   |        0|   1|    67|   2|    0|
    |mul_16s_9s_25_2_1_U1962   |mul_16s_9s_25_2_1   |        0|   1|    67|   2|    0|
    |mul_16s_9s_25_2_1_U1964   |mul_16s_9s_25_2_1   |        0|   1|    67|   2|    0|
    |mul_16s_9s_25_2_1_U1965   |mul_16s_9s_25_2_1   |        0|   1|    67|   2|    0|
    |mul_16s_9s_25_2_1_U1967   |mul_16s_9s_25_2_1   |        0|   1|    67|   2|    0|
    |mul_16s_9s_25_2_1_U1969   |mul_16s_9s_25_2_1   |        0|   1|    67|   2|    0|
    |mul_16s_9s_25_2_1_U1974   |mul_16s_9s_25_2_1   |        0|   1|    67|   2|    0|
    |mul_16s_9s_25_2_1_U1975   |mul_16s_9s_25_2_1   |        0|   1|    67|   2|    0|
    |mul_16s_9s_25_2_1_U1976   |mul_16s_9s_25_2_1   |        0|   1|    67|   2|    0|
    |mul_16s_9s_25_2_1_U1989   |mul_16s_9s_25_2_1   |        0|   1|    67|   2|    0|
    |mul_16s_9s_25_2_1_U1993   |mul_16s_9s_25_2_1   |        0|   1|    67|   2|    0|
    |mul_16s_9s_25_2_1_U1994   |mul_16s_9s_25_2_1   |        0|   1|    67|   2|    0|
    |mul_16s_9s_25_2_1_U2001   |mul_16s_9s_25_2_1   |        0|   1|    67|   2|    0|
    |mul_16s_9s_25_2_1_U2002   |mul_16s_9s_25_2_1   |        0|   1|    67|   2|    0|
    |mul_16s_9s_25_2_1_U2004   |mul_16s_9s_25_2_1   |        0|   1|    67|   2|    0|
    |mul_16s_9s_25_2_1_U2010   |mul_16s_9s_25_2_1   |        0|   1|    67|   2|    0|
    |mul_16s_9s_25_2_1_U2012   |mul_16s_9s_25_2_1   |        0|   1|    67|   2|    0|
    |mul_16s_9s_25_2_1_U2014   |mul_16s_9s_25_2_1   |        0|   1|    67|   2|    0|
    |mul_16s_9s_25_2_1_U2015   |mul_16s_9s_25_2_1   |        0|   1|    67|   2|    0|
    |mul_16s_9s_25_2_1_U2019   |mul_16s_9s_25_2_1   |        0|   1|    67|   2|    0|
    |mul_16s_9s_25_2_1_U2021   |mul_16s_9s_25_2_1   |        0|   1|    67|   2|    0|
    |mul_16s_9s_25_2_1_U2022   |mul_16s_9s_25_2_1   |        0|   1|    67|   2|    0|
    |mul_16s_9s_25_2_1_U2024   |mul_16s_9s_25_2_1   |        0|   1|    67|   2|    0|
    |mul_16s_9s_25_2_1_U2030   |mul_16s_9s_25_2_1   |        0|   1|    67|   2|    0|
    |mul_16s_9s_25_2_1_U2040   |mul_16s_9s_25_2_1   |        0|   1|    67|   2|    0|
    |mul_16s_9s_25_2_1_U2043   |mul_16s_9s_25_2_1   |        0|   1|    67|   2|    0|
    |mul_16s_9s_25_2_1_U2046   |mul_16s_9s_25_2_1   |        0|   1|    67|   2|    0|
    |mul_16s_9s_25_2_1_U2049   |mul_16s_9s_25_2_1   |        0|   1|    67|   2|    0|
    |mul_16s_9s_25_2_1_U2050   |mul_16s_9s_25_2_1   |        0|   1|    67|   2|    0|
    |mul_16s_9s_25_2_1_U2054   |mul_16s_9s_25_2_1   |        0|   1|    67|   2|    0|
    |mul_16s_9s_25_2_1_U2055   |mul_16s_9s_25_2_1   |        0|   1|    67|   2|    0|
    |mul_16s_9s_25_2_1_U2057   |mul_16s_9s_25_2_1   |        0|   1|    67|   2|    0|
    |mul_16s_9s_25_2_1_U2058   |mul_16s_9s_25_2_1   |        0|   1|    67|   2|    0|
    |mul_16s_9s_25_2_1_U2067   |mul_16s_9s_25_2_1   |        0|   1|    67|   2|    0|
    |mul_16s_9s_25_2_1_U2073   |mul_16s_9s_25_2_1   |        0|   1|    67|   2|    0|
    |mul_16s_9s_25_2_1_U2076   |mul_16s_9s_25_2_1   |        0|   1|    67|   2|    0|
    |mul_16s_9s_25_2_1_U2078   |mul_16s_9s_25_2_1   |        0|   1|    67|   2|    0|
    |mul_16s_9s_25_2_1_U2088   |mul_16s_9s_25_2_1   |        0|   1|    67|   2|    0|
    |mul_16s_9s_25_2_1_U2095   |mul_16s_9s_25_2_1   |        0|   1|    67|   2|    0|
    |mul_16s_9s_25_2_1_U2098   |mul_16s_9s_25_2_1   |        0|   1|    67|   2|    0|
    |mul_16s_9s_25_2_1_U2106   |mul_16s_9s_25_2_1   |        0|   1|    67|   2|    0|
    |mul_16s_9s_25_2_1_U2108   |mul_16s_9s_25_2_1   |        0|   1|    67|   2|    0|
    |mul_16s_9s_25_2_1_U2111   |mul_16s_9s_25_2_1   |        0|   1|    67|   2|    0|
    |mul_16s_9s_25_2_1_U2114   |mul_16s_9s_25_2_1   |        0|   1|    67|   2|    0|
    |mul_16s_9s_25_2_1_U2115   |mul_16s_9s_25_2_1   |        0|   1|    67|   2|    0|
    |mul_16s_9s_25_2_1_U2126   |mul_16s_9s_25_2_1   |        0|   1|    67|   2|    0|
    |mul_16s_9s_25_2_1_U2129   |mul_16s_9s_25_2_1   |        0|   1|    67|   2|    0|
    |mul_16s_9s_25_2_1_U2136   |mul_16s_9s_25_2_1   |        0|   1|    67|   2|    0|
    |mul_16s_9s_25_2_1_U2138   |mul_16s_9s_25_2_1   |        0|   1|    67|   2|    0|
    |mul_16s_9s_25_2_1_U2139   |mul_16s_9s_25_2_1   |        0|   1|    67|   2|    0|
    |mul_16s_9s_25_2_1_U2141   |mul_16s_9s_25_2_1   |        0|   1|    67|   2|    0|
    |mul_16s_9s_25_2_1_U2144   |mul_16s_9s_25_2_1   |        0|   1|    67|   2|    0|
    |mul_16s_9s_25_2_1_U2149   |mul_16s_9s_25_2_1   |        0|   1|    67|   2|    0|
    |mul_16s_9s_25_2_1_U2152   |mul_16s_9s_25_2_1   |        0|   1|    67|   2|    0|
    |mul_16s_9s_25_2_1_U2157   |mul_16s_9s_25_2_1   |        0|   1|    67|   2|    0|
    |mul_16s_9s_25_2_1_U2158   |mul_16s_9s_25_2_1   |        0|   1|    67|   2|    0|
    |mul_16s_9s_25_2_1_U2160   |mul_16s_9s_25_2_1   |        0|   1|    67|   2|    0|
    |mul_16s_9s_25_2_1_U2162   |mul_16s_9s_25_2_1   |        0|   1|    67|   2|    0|
    |mul_16s_9s_25_2_1_U2166   |mul_16s_9s_25_2_1   |        0|   1|    67|   2|    0|
    |mul_16s_9s_25_2_1_U2171   |mul_16s_9s_25_2_1   |        0|   1|    67|   2|    0|
    |mul_16s_9s_25_2_1_U2173   |mul_16s_9s_25_2_1   |        0|   1|    67|   2|    0|
    |mul_16s_9s_25_2_1_U2178   |mul_16s_9s_25_2_1   |        0|   1|    67|   2|    0|
    |mul_16s_9s_25_2_1_U2182   |mul_16s_9s_25_2_1   |        0|   1|    67|   2|    0|
    |mul_16s_9s_25_2_1_U2185   |mul_16s_9s_25_2_1   |        0|   1|    67|   2|    0|
    |mul_16s_9s_25_2_1_U2188   |mul_16s_9s_25_2_1   |        0|   1|    67|   2|    0|
    |mul_16s_9s_25_2_1_U2191   |mul_16s_9s_25_2_1   |        0|   1|    67|   2|    0|
    |mul_16s_9s_25_2_1_U2192   |mul_16s_9s_25_2_1   |        0|   1|    67|   2|    0|
    |mul_16s_9s_25_2_1_U2194   |mul_16s_9s_25_2_1   |        0|   1|    67|   2|    0|
    |mul_16s_9s_25_2_1_U2195   |mul_16s_9s_25_2_1   |        0|   1|    67|   2|    0|
    |mul_16s_9s_25_2_1_U2198   |mul_16s_9s_25_2_1   |        0|   1|    67|   2|    0|
    |mul_16s_9s_25_2_1_U2199   |mul_16s_9s_25_2_1   |        0|   1|    67|   2|    0|
    |mul_16s_9s_25_2_1_U2203   |mul_16s_9s_25_2_1   |        0|   1|    67|   2|    0|
    |mul_16s_9s_25_2_1_U2204   |mul_16s_9s_25_2_1   |        0|   1|    67|   2|    0|
    |mul_16s_9s_25_2_1_U2207   |mul_16s_9s_25_2_1   |        0|   1|    67|   2|    0|
    |mul_16s_9s_25_2_1_U2208   |mul_16s_9s_25_2_1   |        0|   1|    67|   2|    0|
    |mul_16s_9s_25_2_1_U2209   |mul_16s_9s_25_2_1   |        0|   1|    67|   2|    0|
    |mul_16s_9s_25_2_1_U2212   |mul_16s_9s_25_2_1   |        0|   1|    67|   2|    0|
    |mul_16s_9s_25_2_1_U2214   |mul_16s_9s_25_2_1   |        0|   1|    67|   2|    0|
    |mul_16s_9s_25_2_1_U2218   |mul_16s_9s_25_2_1   |        0|   1|    67|   2|    0|
    |mul_16s_9s_25_2_1_U2223   |mul_16s_9s_25_2_1   |        0|   1|    67|   2|    0|
    |mul_16s_9s_25_2_1_U2228   |mul_16s_9s_25_2_1   |        0|   1|    67|   2|    0|
    |mul_16s_9s_25_2_1_U2231   |mul_16s_9s_25_2_1   |        0|   1|    67|   2|    0|
    |mul_16s_9s_25_2_1_U2235   |mul_16s_9s_25_2_1   |        0|   1|    67|   2|    0|
    |mul_16s_9s_25_2_1_U2238   |mul_16s_9s_25_2_1   |        0|   1|    67|   2|    0|
    |mul_16s_9s_25_2_1_U2240   |mul_16s_9s_25_2_1   |        0|   1|    67|   2|    0|
    |mul_16s_9s_25_2_1_U2241   |mul_16s_9s_25_2_1   |        0|   1|    67|   2|    0|
    |mul_16s_9s_25_2_1_U2243   |mul_16s_9s_25_2_1   |        0|   1|    67|   2|    0|
    |mul_16s_9s_25_2_1_U2246   |mul_16s_9s_25_2_1   |        0|   1|    67|   2|    0|
    |mul_16s_9s_25_2_1_U2250   |mul_16s_9s_25_2_1   |        0|   1|    67|   2|    0|
    |mul_16s_9s_25_2_1_U2251   |mul_16s_9s_25_2_1   |        0|   1|    67|   2|    0|
    |mul_16s_9s_25_2_1_U2255   |mul_16s_9s_25_2_1   |        0|   1|    67|   2|    0|
    |mul_16s_9s_25_2_1_U2258   |mul_16s_9s_25_2_1   |        0|   1|    67|   2|    0|
    |mul_16s_9s_25_2_1_U2260   |mul_16s_9s_25_2_1   |        0|   1|    67|   2|    0|
    |mul_16s_9s_25_2_1_U2264   |mul_16s_9s_25_2_1   |        0|   1|    67|   2|    0|
    |mul_16s_9s_25_2_1_U2265   |mul_16s_9s_25_2_1   |        0|   1|    67|   2|    0|
    +--------------------------+--------------------+---------+----+------+----+-----+
    |Total                     |                    |        0|1505|100835|3010|    0|
    +--------------------------+--------------------+---------+----+------+----+-----+

    * DSP: 
    N/A

    * Memory: 
    N/A

    * FIFO: 
    N/A

    * Expression: 
    +------------------------------+----------+----+---+-----+------------+------------+
    |         Variable Name        | Operation| DSP| FF| LUT | Bitwidth P0| Bitwidth P1|
    +------------------------------+----------+----+---+-----+------------+------------+
    |add_ln58_1000_fu_12240929_p2  |         +|   0|  0|   12|          11|          11|
    |add_ln58_1001_fu_12240939_p2  |         +|   0|  0|   14|          13|          13|
    |add_ln58_1002_fu_12248760_p2  |         +|   0|  0|   20|          15|          15|
    |add_ln58_1003_fu_12249509_p2  |         +|   0|  0|   23|          16|          16|
    |add_ln58_1004_fu_12249870_p2  |         +|   0|  0|   23|          16|          16|
    |add_ln58_1006_fu_12240945_p2  |         +|   0|  0|   23|          16|          16|
    |add_ln58_1007_fu_12240951_p2  |         +|   0|  0|   23|          16|          16|
    |add_ln58_1008_fu_12246493_p2  |         +|   0|  0|   23|          16|          16|
    |add_ln58_1009_fu_12240957_p2  |         +|   0|  0|   23|          16|          16|
    |add_ln58_100_fu_12248286_p2   |         +|   0|  0|   23|          16|          16|
    |add_ln58_1010_fu_12240963_p2  |         +|   0|  0|   23|          16|          16|
    |add_ln58_1011_fu_12246497_p2  |         +|   0|  0|   23|          16|          16|
    |add_ln58_1012_fu_12248766_p2  |         +|   0|  0|   23|          16|          16|
    |add_ln58_1013_fu_12240969_p2  |         +|   0|  0|   23|          16|          16|
    |add_ln58_1014_fu_12240975_p2  |         +|   0|  0|   23|          16|          16|
    |add_ln58_1015_fu_12246501_p2  |         +|   0|  0|   23|          16|          16|
    |add_ln58_1016_fu_12240981_p2  |         +|   0|  0|   23|          16|          16|
    |add_ln58_1017_fu_12240987_p2  |         +|   0|  0|   23|          16|          16|
    |add_ln58_1018_fu_12246505_p2  |         +|   0|  0|   23|          16|          16|
    |add_ln58_1019_fu_12248770_p2  |         +|   0|  0|   23|          16|          16|
    |add_ln58_101_fu_12237550_p2   |         +|   0|  0|   20|          15|          15|
    |add_ln58_1020_fu_12249514_p2  |         +|   0|  0|   23|          16|          16|
    |add_ln58_1021_fu_12240993_p2  |         +|   0|  0|   23|          16|          16|
    |add_ln58_1022_fu_12240999_p2  |         +|   0|  0|   23|          16|          16|
    |add_ln58_1023_fu_12246509_p2  |         +|   0|  0|   23|          16|          16|
    |add_ln58_1024_fu_12241005_p2  |         +|   0|  0|   23|          16|          16|
    |add_ln58_1025_fu_12241011_p2  |         +|   0|  0|   23|          16|          16|
    |add_ln58_1026_fu_12246513_p2  |         +|   0|  0|   23|          16|          16|
    |add_ln58_1027_fu_12248774_p2  |         +|   0|  0|   23|          16|          16|
    |add_ln58_1028_fu_12241017_p2  |         +|   0|  0|   23|          16|          16|
    |add_ln58_1029_fu_12241023_p2  |         +|   0|  0|   23|          16|          16|
    |add_ln58_102_fu_12237556_p2   |         +|   0|  0|   20|          15|          15|
    |add_ln58_1030_fu_12246517_p2  |         +|   0|  0|   23|          16|          16|
    |add_ln58_1031_fu_12241029_p2  |         +|   0|  0|   23|          16|          16|
    |add_ln58_1032_fu_12241035_p2  |         +|   0|  0|   23|          16|          16|
    |add_ln58_1033_fu_12246521_p2  |         +|   0|  0|   23|          16|          16|
    |add_ln58_1034_fu_12248778_p2  |         +|   0|  0|   23|          16|          16|
    |add_ln58_1035_fu_12249518_p2  |         +|   0|  0|   23|          16|          16|
    |add_ln58_1036_fu_12249874_p2  |         +|   0|  0|   23|          16|          16|
    |add_ln58_1037_fu_12241041_p2  |         +|   0|  0|   23|          16|          16|
    |add_ln58_1038_fu_12241047_p2  |         +|   0|  0|   23|          16|          16|
    |add_ln58_1039_fu_12246525_p2  |         +|   0|  0|   23|          16|          16|
    |add_ln58_103_fu_12244936_p2   |         +|   0|  0|   23|          16|          16|
    |add_ln58_1040_fu_12241053_p2  |         +|   0|  0|   23|          16|          16|
    |add_ln58_1041_fu_12241059_p2  |         +|   0|  0|   23|          16|          16|
    |add_ln58_1042_fu_12246529_p2  |         +|   0|  0|   23|          16|          16|
    |add_ln58_1043_fu_12248782_p2  |         +|   0|  0|   23|          16|          16|
    |add_ln58_1044_fu_12241065_p2  |         +|   0|  0|   23|          16|          16|
    |add_ln58_1045_fu_12241071_p2  |         +|   0|  0|   23|          16|          16|
    |add_ln58_1046_fu_12246533_p2  |         +|   0|  0|   23|          16|          16|
    |add_ln58_1047_fu_12241077_p2  |         +|   0|  0|   20|          15|          15|
    |add_ln58_1048_fu_12241083_p2  |         +|   0|  0|   20|          15|          15|
    |add_ln58_1049_fu_12246543_p2  |         +|   0|  0|   23|          16|          16|
    |add_ln58_104_fu_12237562_p2   |         +|   0|  0|   17|          14|          14|
    |add_ln58_1050_fu_12248786_p2  |         +|   0|  0|   23|          16|          16|
    |add_ln58_1051_fu_12249522_p2  |         +|   0|  0|   23|          16|          16|
    |add_ln58_1052_fu_12241089_p2  |         +|   0|  0|   20|          15|          15|
    |add_ln58_1053_fu_12241095_p2  |         +|   0|  0|   20|          15|          15|
    |add_ln58_1054_fu_12246555_p2  |         +|   0|  0|   23|          16|          16|
    |add_ln58_1055_fu_12241101_p2  |         +|   0|  0|   20|          15|          15|
    |add_ln58_1056_fu_12241107_p2  |         +|   0|  0|   17|          14|          14|
    |add_ln58_1057_fu_12246567_p2  |         +|   0|  0|   23|          16|          16|
    |add_ln58_1058_fu_12248790_p2  |         +|   0|  0|   23|          16|          16|
    |add_ln58_1059_fu_12241113_p2  |         +|   0|  0|   17|          14|          14|
    |add_ln58_105_fu_12237572_p2   |         +|   0|  0|   17|          14|          14|
    |add_ln58_1060_fu_12241123_p2  |         +|   0|  0|   17|          14|          14|
    |add_ln58_1061_fu_12241133_p2  |         +|   0|  0|   20|          15|          15|
    |add_ln58_1062_fu_12241139_p2  |         +|   0|  0|   14|          13|          13|
    |add_ln58_1063_fu_12241149_p2  |         +|   0|  0|   12|          12|          12|
    |add_ln58_1064_fu_12241159_p2  |         +|   0|  0|   17|          14|          14|
    |add_ln58_1065_fu_12246579_p2  |         +|   0|  0|   23|          16|          16|
    |add_ln58_1066_fu_12249526_p2  |         +|   0|  0|   23|          16|          16|
    |add_ln58_1067_fu_12249878_p2  |         +|   0|  0|   23|          16|          16|
    |add_ln58_1069_fu_12241165_p2  |         +|   0|  0|   23|          16|          16|
    |add_ln58_106_fu_12237582_p2   |         +|   0|  0|   20|          15|          15|
    |add_ln58_1070_fu_12241171_p2  |         +|   0|  0|   23|          16|          16|
    |add_ln58_1071_fu_12246585_p2  |         +|   0|  0|   23|          16|          16|
    |add_ln58_1072_fu_12241177_p2  |         +|   0|  0|   23|          16|          16|
    |add_ln58_1073_fu_12241183_p2  |         +|   0|  0|   23|          16|          16|
    |add_ln58_1074_fu_12246589_p2  |         +|   0|  0|   23|          16|          16|
    |add_ln58_1075_fu_12248794_p2  |         +|   0|  0|   23|          16|          16|
    |add_ln58_1076_fu_12241189_p2  |         +|   0|  0|   23|          16|          16|
    |add_ln58_1077_fu_12241195_p2  |         +|   0|  0|   23|          16|          16|
    |add_ln58_1078_fu_12246593_p2  |         +|   0|  0|   23|          16|          16|
    |add_ln58_1079_fu_12241201_p2  |         +|   0|  0|   23|          16|          16|
    |add_ln58_107_fu_12248293_p2   |         +|   0|  0|   23|          16|          16|
    |add_ln58_1080_fu_12241207_p2  |         +|   0|  0|   23|          16|          16|
    |add_ln58_1081_fu_12246597_p2  |         +|   0|  0|   23|          16|          16|
    |add_ln58_1082_fu_12248798_p2  |         +|   0|  0|   23|          16|          16|
    |add_ln58_1083_fu_12249530_p2  |         +|   0|  0|   23|          16|          16|
    |add_ln58_1084_fu_12241213_p2  |         +|   0|  0|   23|          16|          16|
    |add_ln58_1085_fu_12241219_p2  |         +|   0|  0|   23|          16|          16|
    |add_ln58_1086_fu_12246601_p2  |         +|   0|  0|   23|          16|          16|
    |add_ln58_1087_fu_12241225_p2  |         +|   0|  0|   23|          16|          16|
    |add_ln58_1088_fu_12241231_p2  |         +|   0|  0|   23|          16|          16|
    |add_ln58_1089_fu_12246605_p2  |         +|   0|  0|   23|          16|          16|
    |add_ln58_108_fu_12249290_p2   |         +|   0|  0|   23|          16|          16|
    |add_ln58_1090_fu_12248802_p2  |         +|   0|  0|   23|          16|          16|
    |add_ln58_1091_fu_12241237_p2  |         +|   0|  0|   23|          16|          16|
    |add_ln58_1092_fu_12241243_p2  |         +|   0|  0|   20|          15|          15|
    |add_ln58_1093_fu_12246612_p2  |         +|   0|  0|   23|          16|          16|
    |add_ln58_1094_fu_12241249_p2  |         +|   0|  0|   20|          15|          15|
    |add_ln58_1095_fu_12241255_p2  |         +|   0|  0|   20|          15|          15|
    |add_ln58_1096_fu_12246623_p2  |         +|   0|  0|   23|          16|          16|
    |add_ln58_1097_fu_12248806_p2  |         +|   0|  0|   23|          16|          16|
    |add_ln58_1098_fu_12249534_p2  |         +|   0|  0|   23|          16|          16|
    |add_ln58_1099_fu_12249882_p2  |         +|   0|  0|   23|          16|          16|
    |add_ln58_109_fu_12237588_p2   |         +|   0|  0|   17|          14|          14|
    |add_ln58_10_fu_12237236_p2    |         +|   0|  0|   23|          16|          16|
    |add_ln58_1100_fu_12241261_p2  |         +|   0|  0|   20|          15|          15|
    |add_ln58_1101_fu_12241267_p2  |         +|   0|  0|   20|          15|          15|
    |add_ln58_1102_fu_12246635_p2  |         +|   0|  0|   23|          16|          16|
    |add_ln58_1103_fu_12241273_p2  |         +|   0|  0|   20|          15|          15|
    |add_ln58_1104_fu_12241279_p2  |         +|   0|  0|   20|          15|          15|
    |add_ln58_1105_fu_12246647_p2  |         +|   0|  0|   23|          16|          16|
    |add_ln58_1106_fu_12248810_p2  |         +|   0|  0|   23|          16|          16|
    |add_ln58_1107_fu_12241285_p2  |         +|   0|  0|   20|          15|          15|
    |add_ln58_1108_fu_12241291_p2  |         +|   0|  0|   20|          15|          15|
    |add_ln58_1109_fu_12246659_p2  |         +|   0|  0|   23|          16|          16|
    |add_ln58_110_fu_12237598_p2   |         +|   0|  0|   17|          14|          14|
    |add_ln58_1110_fu_12241297_p2  |         +|   0|  0|   20|          15|          15|
    |add_ln58_1111_fu_12241303_p2  |         +|   0|  0|   20|          15|          15|
    |add_ln58_1112_fu_12246671_p2  |         +|   0|  0|   23|          16|          16|
    |add_ln58_1113_fu_12248814_p2  |         +|   0|  0|   23|          16|          16|
    |add_ln58_1114_fu_12249538_p2  |         +|   0|  0|   23|          16|          16|
    |add_ln58_1115_fu_12241309_p2  |         +|   0|  0|   20|          15|          15|
    |add_ln58_1116_fu_12241315_p2  |         +|   0|  0|   17|          14|          14|
    |add_ln58_1117_fu_12246683_p2  |         +|   0|  0|   23|          16|          16|
    |add_ln58_1118_fu_12246689_p2  |         +|   0|  0|   17|          14|          14|
    |add_ln58_1119_fu_12241321_p2  |         +|   0|  0|   17|          14|          14|
    |add_ln58_111_fu_12237608_p2   |         +|   0|  0|   20|          15|          15|
    |add_ln58_1120_fu_12246702_p2  |         +|   0|  0|   20|          15|          15|
    |add_ln58_1121_fu_12248821_p2  |         +|   0|  0|   23|          16|          16|
    |add_ln58_1122_fu_12241327_p2  |         +|   0|  0|   17|          14|          14|
    |add_ln58_1123_fu_12241337_p2  |         +|   0|  0|   17|          14|          14|
    |add_ln58_1124_fu_12241347_p2  |         +|   0|  0|   20|          15|          15|
    |add_ln58_1125_fu_12241353_p2  |         +|   0|  0|   14|          13|          13|
    |add_ln58_1126_fu_12241363_p2  |         +|   0|  0|   12|          12|          12|
    |add_ln58_1127_fu_12241373_p2  |         +|   0|  0|   17|          14|          14|
    |add_ln58_1128_fu_12246714_p2  |         +|   0|  0|   23|          16|          16|
    |add_ln58_1129_fu_12249542_p2  |         +|   0|  0|   23|          16|          16|
    |add_ln58_112_fu_12237614_p2   |         +|   0|  0|   17|          14|          14|
    |add_ln58_1130_fu_12249886_p2  |         +|   0|  0|   23|          16|          16|
    |add_ln58_1132_fu_12241379_p2  |         +|   0|  0|   23|          16|          16|
    |add_ln58_1133_fu_12241385_p2  |         +|   0|  0|   23|          16|          16|
    |add_ln58_1134_fu_12246720_p2  |         +|   0|  0|   23|          16|          16|
    |add_ln58_1135_fu_12241391_p2  |         +|   0|  0|   23|          16|          16|
    |add_ln58_1136_fu_12241397_p2  |         +|   0|  0|   23|          16|          16|
    |add_ln58_1137_fu_12246724_p2  |         +|   0|  0|   23|          16|          16|
    |add_ln58_1138_fu_12248826_p2  |         +|   0|  0|   23|          16|          16|
    |add_ln58_1139_fu_12241403_p2  |         +|   0|  0|   23|          16|          16|
    |add_ln58_113_fu_12237624_p2   |         +|   0|  0|   14|          13|          13|
    |add_ln58_1140_fu_12241409_p2  |         +|   0|  0|   23|          16|          16|
    |add_ln58_1141_fu_12246728_p2  |         +|   0|  0|   23|          16|          16|
    |add_ln58_1142_fu_12241415_p2  |         +|   0|  0|   23|          16|          16|
    |add_ln58_1143_fu_12241421_p2  |         +|   0|  0|   23|          16|          16|
    |add_ln58_1144_fu_12246732_p2  |         +|   0|  0|   23|          16|          16|
    |add_ln58_1145_fu_12248830_p2  |         +|   0|  0|   23|          16|          16|
    |add_ln58_1146_fu_12249546_p2  |         +|   0|  0|   23|          16|          16|
    |add_ln58_1147_fu_12241427_p2  |         +|   0|  0|   23|          16|          16|
    |add_ln58_1148_fu_12241433_p2  |         +|   0|  0|   23|          16|          16|
    |add_ln58_1149_fu_12246736_p2  |         +|   0|  0|   23|          16|          16|
    |add_ln58_114_fu_12237634_p2   |         +|   0|  0|   20|          15|          15|
    |add_ln58_1150_fu_12241439_p2  |         +|   0|  0|   23|          16|          16|
    |add_ln58_1151_fu_12241445_p2  |         +|   0|  0|   23|          16|          16|
    |add_ln58_1152_fu_12246740_p2  |         +|   0|  0|   23|          16|          16|
    |add_ln58_1153_fu_12248834_p2  |         +|   0|  0|   23|          16|          16|
    |add_ln58_1154_fu_12241451_p2  |         +|   0|  0|   23|          16|          16|
    |add_ln58_1155_fu_12241457_p2  |         +|   0|  0|   23|          16|          16|
    |add_ln58_1156_fu_12246744_p2  |         +|   0|  0|   23|          16|          16|
    |add_ln58_1157_fu_12241463_p2  |         +|   0|  0|   23|          16|          16|
    |add_ln58_1158_fu_12241469_p2  |         +|   0|  0|   23|          16|          16|
    |add_ln58_1159_fu_12246748_p2  |         +|   0|  0|   23|          16|          16|
    |add_ln58_115_fu_12244948_p2   |         +|   0|  0|   23|          16|          16|
    |add_ln58_1160_fu_12248838_p2  |         +|   0|  0|   23|          16|          16|
    |add_ln58_1161_fu_12249550_p2  |         +|   0|  0|   23|          16|          16|
    |add_ln58_1162_fu_12249890_p2  |         +|   0|  0|   23|          16|          16|
    |add_ln58_1163_fu_12241475_p2  |         +|   0|  0|   23|          16|          16|
    |add_ln58_1164_fu_12241481_p2  |         +|   0|  0|   23|          16|          16|
    |add_ln58_1165_fu_12246752_p2  |         +|   0|  0|   23|          16|          16|
    |add_ln58_1166_fu_12241487_p2  |         +|   0|  0|   23|          16|          16|
    |add_ln58_1167_fu_12241493_p2  |         +|   0|  0|   20|          15|          15|
    |add_ln58_1168_fu_12246759_p2  |         +|   0|  0|   23|          16|          16|
    |add_ln58_1169_fu_12248842_p2  |         +|   0|  0|   23|          16|          16|
    |add_ln58_116_fu_12237640_p2   |         +|   0|  0|   14|          13|          13|
    |add_ln58_1170_fu_12241499_p2  |         +|   0|  0|   20|          15|          15|
    |add_ln58_1171_fu_12241505_p2  |         +|   0|  0|   20|          15|          15|
    |add_ln58_1172_fu_12246770_p2  |         +|   0|  0|   23|          16|          16|
    |add_ln58_1173_fu_12241511_p2  |         +|   0|  0|   20|          15|          15|
    |add_ln58_1174_fu_12241517_p2  |         +|   0|  0|   20|          15|          15|
    |add_ln58_1175_fu_12246782_p2  |         +|   0|  0|   23|          16|          16|
    |add_ln58_1176_fu_12248846_p2  |         +|   0|  0|   23|          16|          16|
    |add_ln58_1177_fu_12249554_p2  |         +|   0|  0|   23|          16|          16|
    |add_ln58_1178_fu_12241523_p2  |         +|   0|  0|   20|          15|          15|
    |add_ln58_1179_fu_12241529_p2  |         +|   0|  0|   20|          15|          15|
    |add_ln58_117_fu_12237650_p2   |         +|   0|  0|   14|          13|          13|
    |add_ln58_1180_fu_12246794_p2  |         +|   0|  0|   23|          16|          16|
    |add_ln58_1181_fu_12241535_p2  |         +|   0|  0|   20|          15|          15|
    |add_ln58_1182_fu_12246803_p2  |         +|   0|  0|   17|          14|          14|
    |add_ln58_1183_fu_12246813_p2  |         +|   0|  0|   23|          16|          16|
    |add_ln58_1184_fu_12248850_p2  |         +|   0|  0|   23|          16|          16|
    |add_ln58_1185_fu_12241541_p2  |         +|   0|  0|   17|          14|          14|
    |add_ln58_1186_fu_12241551_p2  |         +|   0|  0|   17|          14|          14|
    |add_ln58_1187_fu_12241561_p2  |         +|   0|  0|   20|          15|          15|
    |add_ln58_1188_fu_12241567_p2  |         +|   0|  0|   14|          13|          13|
    |add_ln58_1189_fu_12241577_p2  |         +|   0|  0|   12|          12|          12|
    |add_ln58_118_fu_12237660_p2   |         +|   0|  0|   17|          14|          14|
    |add_ln58_1190_fu_12241587_p2  |         +|   0|  0|   17|          14|          14|
    |add_ln58_1191_fu_12246825_p2  |         +|   0|  0|   23|          16|          16|
    |add_ln58_1192_fu_12249558_p2  |         +|   0|  0|   23|          16|          16|
    |add_ln58_1193_fu_12249894_p2  |         +|   0|  0|   23|          16|          16|
    |add_ln58_1195_fu_12241593_p2  |         +|   0|  0|   23|          16|          16|
    |add_ln58_1196_fu_12241599_p2  |         +|   0|  0|   23|          16|          16|
    |add_ln58_1197_fu_12246831_p2  |         +|   0|  0|   23|          16|          16|
    |add_ln58_1198_fu_12241605_p2  |         +|   0|  0|   23|          16|          16|
    |add_ln58_1199_fu_12241611_p2  |         +|   0|  0|   23|          16|          16|
    |add_ln58_119_fu_12237666_p2   |         +|   0|  0|   12|          12|          12|
    |add_ln58_11_fu_12237242_p2    |         +|   0|  0|   23|          16|          16|
    |add_ln58_1200_fu_12246835_p2  |         +|   0|  0|   23|          16|          16|
    |add_ln58_1201_fu_12248854_p2  |         +|   0|  0|   23|          16|          16|
    |add_ln58_1202_fu_12241617_p2  |         +|   0|  0|   23|          16|          16|
    |add_ln58_1203_fu_12241623_p2  |         +|   0|  0|   23|          16|          16|
    |add_ln58_1204_fu_12246839_p2  |         +|   0|  0|   23|          16|          16|
    |add_ln58_1205_fu_12241629_p2  |         +|   0|  0|   23|          16|          16|
    |add_ln58_1206_fu_12241635_p2  |         +|   0|  0|   23|          16|          16|
    |add_ln58_1207_fu_12246843_p2  |         +|   0|  0|   23|          16|          16|
    |add_ln58_1208_fu_12248858_p2  |         +|   0|  0|   23|          16|          16|
    |add_ln58_1209_fu_12249562_p2  |         +|   0|  0|   23|          16|          16|
    |add_ln58_120_fu_12237676_p2   |         +|   0|  0|   12|          11|          11|
    |add_ln58_1210_fu_12241641_p2  |         +|   0|  0|   23|          16|          16|
    |add_ln58_1211_fu_12241647_p2  |         +|   0|  0|   23|          16|          16|
    |add_ln58_1212_fu_12246847_p2  |         +|   0|  0|   23|          16|          16|
    |add_ln58_1213_fu_12241653_p2  |         +|   0|  0|   23|          16|          16|
    |add_ln58_1214_fu_12241659_p2  |         +|   0|  0|   23|          16|          16|
    |add_ln58_1215_fu_12246851_p2  |         +|   0|  0|   23|          16|          16|
    |add_ln58_1216_fu_12248862_p2  |         +|   0|  0|   23|          16|          16|
    |add_ln58_1217_fu_12241665_p2  |         +|   0|  0|   23|          16|          16|
    |add_ln58_1218_fu_12241671_p2  |         +|   0|  0|   23|          16|          16|
    |add_ln58_1219_fu_12246855_p2  |         +|   0|  0|   23|          16|          16|
    |add_ln58_121_fu_12237686_p2   |         +|   0|  0|   14|          13|          13|
    |add_ln58_1220_fu_12241677_p2  |         +|   0|  0|   23|          16|          16|
    |add_ln58_1221_fu_12241683_p2  |         +|   0|  0|   23|          16|          16|
    |add_ln58_1222_fu_12246859_p2  |         +|   0|  0|   23|          16|          16|
    |add_ln58_1223_fu_12248866_p2  |         +|   0|  0|   23|          16|          16|
    |add_ln58_1224_fu_12249566_p2  |         +|   0|  0|   23|          16|          16|
    |add_ln58_1225_fu_12249898_p2  |         +|   0|  0|   23|          16|          16|
    |add_ln58_1226_fu_12241689_p2  |         +|   0|  0|   23|          16|          16|
    |add_ln58_1227_fu_12241695_p2  |         +|   0|  0|   20|          15|          15|
    |add_ln58_1228_fu_12246866_p2  |         +|   0|  0|   23|          16|          16|
    |add_ln58_1229_fu_12241701_p2  |         +|   0|  0|   20|          15|          15|
    |add_ln58_122_fu_12244960_p2   |         +|   0|  0|   20|          15|          15|
    |add_ln58_1230_fu_12241707_p2  |         +|   0|  0|   20|          15|          15|
    |add_ln58_1231_fu_12246877_p2  |         +|   0|  0|   23|          16|          16|
    |add_ln58_1232_fu_12248870_p2  |         +|   0|  0|   23|          16|          16|
    |add_ln58_1233_fu_12241713_p2  |         +|   0|  0|   20|          15|          15|
    |add_ln58_1234_fu_12241719_p2  |         +|   0|  0|   20|          15|          15|
    |add_ln58_1235_fu_12246889_p2  |         +|   0|  0|   23|          16|          16|
    |add_ln58_1236_fu_12241725_p2  |         +|   0|  0|   20|          15|          15|
    |add_ln58_1237_fu_12241731_p2  |         +|   0|  0|   17|          14|          14|
    |add_ln58_1238_fu_12246901_p2  |         +|   0|  0|   23|          16|          16|
    |add_ln58_1239_fu_12248874_p2  |         +|   0|  0|   23|          16|          16|
    |add_ln58_123_fu_12248301_p2   |         +|   0|  0|   23|          16|          16|
    |add_ln58_1240_fu_12249570_p2  |         +|   0|  0|   23|          16|          16|
    |add_ln58_1241_fu_12241737_p2  |         +|   0|  0|   17|          14|          14|
    |add_ln58_1242_fu_12241747_p2  |         +|   0|  0|   17|          14|          14|
    |add_ln58_1243_fu_12241757_p2  |         +|   0|  0|   20|          15|          15|
    |add_ln58_1244_fu_12241763_p2  |         +|   0|  0|   17|          14|          14|
    |add_ln58_1245_fu_12241773_p2  |         +|   0|  0|   17|          14|          14|
    |add_ln58_1246_fu_12241783_p2  |         +|   0|  0|   20|          15|          15|
    |add_ln58_1247_fu_12246913_p2  |         +|   0|  0|   23|          16|          16|
    |add_ln58_1248_fu_12241789_p2  |         +|   0|  0|   14|          13|          13|
    |add_ln58_1249_fu_12241799_p2  |         +|   0|  0|   12|          12|          12|
    |add_ln58_124_fu_12249758_p2   |         +|   0|  0|   23|          16|          16|
    |add_ln58_1250_fu_12241809_p2  |         +|   0|  0|   17|          14|          14|
    |add_ln58_1251_fu_12241815_p2  |         +|   0|  0|   12|          12|          12|
    |add_ln58_1252_fu_12206355_p2  |         +|   0|  0|   12|          11|          11|
    |add_ln58_1253_fu_12241828_p2  |         +|   0|  0|   14|          13|          13|
    |add_ln58_1254_fu_12246925_p2  |         +|   0|  0|   20|          15|          15|
    |add_ln58_1255_fu_12248881_p2  |         +|   0|  0|   23|          16|          16|
    |add_ln58_1256_fu_12249902_p2  |         +|   0|  0|   23|          16|          16|
    |add_ln58_1258_fu_12241834_p2  |         +|   0|  0|   23|          16|          16|
    |add_ln58_1259_fu_12241840_p2  |         +|   0|  0|   23|          16|          16|
    |add_ln58_1260_fu_12246931_p2  |         +|   0|  0|   23|          16|          16|
    |add_ln58_1261_fu_12241846_p2  |         +|   0|  0|   23|          16|          16|
    |add_ln58_1262_fu_12241852_p2  |         +|   0|  0|   23|          16|          16|
    |add_ln58_1263_fu_12246935_p2  |         +|   0|  0|   23|          16|          16|
    |add_ln58_1264_fu_12248886_p2  |         +|   0|  0|   23|          16|          16|
    |add_ln58_1265_fu_12241858_p2  |         +|   0|  0|   23|          16|          16|
    |add_ln58_1266_fu_12241864_p2  |         +|   0|  0|   23|          16|          16|
    |add_ln58_1267_fu_12246939_p2  |         +|   0|  0|   23|          16|          16|
    |add_ln58_1268_fu_12241870_p2  |         +|   0|  0|   23|          16|          16|
    |add_ln58_1269_fu_12241876_p2  |         +|   0|  0|   23|          16|          16|
    |add_ln58_126_fu_12237692_p2   |         +|   0|  0|   23|          16|          16|
    |add_ln58_1270_fu_12246943_p2  |         +|   0|  0|   23|          16|          16|
    |add_ln58_1271_fu_12248890_p2  |         +|   0|  0|   23|          16|          16|
    |add_ln58_1272_fu_12249574_p2  |         +|   0|  0|   23|          16|          16|
    |add_ln58_1273_fu_12241882_p2  |         +|   0|  0|   23|          16|          16|
    |add_ln58_1274_fu_12241888_p2  |         +|   0|  0|   23|          16|          16|
    |add_ln58_1275_fu_12246947_p2  |         +|   0|  0|   23|          16|          16|
    |add_ln58_1276_fu_12241894_p2  |         +|   0|  0|   23|          16|          16|
    |add_ln58_1277_fu_12241900_p2  |         +|   0|  0|   23|          16|          16|
    |add_ln58_1278_fu_12246951_p2  |         +|   0|  0|   23|          16|          16|
    |add_ln58_1279_fu_12248894_p2  |         +|   0|  0|   23|          16|          16|
    |add_ln58_127_fu_12244966_p2   |         +|   0|  0|   23|          16|          16|
    |add_ln58_1280_fu_12241906_p2  |         +|   0|  0|   23|          16|          16|
    |add_ln58_1281_fu_12241912_p2  |         +|   0|  0|   23|          16|          16|
    |add_ln58_1282_fu_12246955_p2  |         +|   0|  0|   23|          16|          16|
    |add_ln58_1283_fu_12241918_p2  |         +|   0|  0|   23|          16|          16|
    |add_ln58_1284_fu_12241924_p2  |         +|   0|  0|   23|          16|          16|
    |add_ln58_1285_fu_12246959_p2  |         +|   0|  0|   23|          16|          16|
    |add_ln58_1286_fu_12248898_p2  |         +|   0|  0|   23|          16|          16|
    |add_ln58_1287_fu_12249578_p2  |         +|   0|  0|   23|          16|          16|
    |add_ln58_1288_fu_12249906_p2  |         +|   0|  0|   23|          16|          16|
    |add_ln58_1289_fu_12241930_p2  |         +|   0|  0|   20|          15|          15|
    |add_ln58_128_fu_12237698_p2   |         +|   0|  0|   23|          16|          16|
    |add_ln58_1290_fu_12241936_p2  |         +|   0|  0|   20|          15|          15|
    |add_ln58_1291_fu_12246969_p2  |         +|   0|  0|   23|          16|          16|
    |add_ln58_1292_fu_12241942_p2  |         +|   0|  0|   20|          15|          15|
    |add_ln58_1293_fu_12241948_p2  |         +|   0|  0|   20|          15|          15|
    |add_ln58_1294_fu_12246981_p2  |         +|   0|  0|   23|          16|          16|
    |add_ln58_1295_fu_12248902_p2  |         +|   0|  0|   23|          16|          16|
    |add_ln58_1296_fu_12241954_p2  |         +|   0|  0|   20|          15|          15|
    |add_ln58_1297_fu_12241960_p2  |         +|   0|  0|   20|          15|          15|
    |add_ln58_1298_fu_12246993_p2  |         +|   0|  0|   23|          16|          16|
    |add_ln58_1299_fu_12241966_p2  |         +|   0|  0|   20|          15|          15|
    |add_ln58_129_fu_12237704_p2   |         +|   0|  0|   23|          16|          16|
    |add_ln58_12_fu_12244774_p2    |         +|   0|  0|   23|          16|          16|
    |add_ln58_1300_fu_12241972_p2  |         +|   0|  0|   20|          15|          15|
    |add_ln58_1301_fu_12247005_p2  |         +|   0|  0|   23|          16|          16|
    |add_ln58_1302_fu_12248906_p2  |         +|   0|  0|   23|          16|          16|
    |add_ln58_1303_fu_12249582_p2  |         +|   0|  0|   23|          16|          16|
    |add_ln58_1304_fu_12241978_p2  |         +|   0|  0|   17|          14|          14|
    |add_ln58_1305_fu_12241988_p2  |         +|   0|  0|   17|          14|          14|
    |add_ln58_1306_fu_12241998_p2  |         +|   0|  0|   20|          15|          15|
    |add_ln58_1307_fu_12242004_p2  |         +|   0|  0|   17|          14|          14|
    |add_ln58_1308_fu_12242014_p2  |         +|   0|  0|   17|          14|          14|
    |add_ln58_1309_fu_12242024_p2  |         +|   0|  0|   20|          15|          15|
    |add_ln58_130_fu_12244970_p2   |         +|   0|  0|   23|          16|          16|
    |add_ln58_1310_fu_12247017_p2  |         +|   0|  0|   23|          16|          16|
    |add_ln58_1311_fu_12242030_p2  |         +|   0|  0|   14|          13|          13|
    |add_ln58_1312_fu_12242040_p2  |         +|   0|  0|   14|          13|          13|
    |add_ln58_1313_fu_12242050_p2  |         +|   0|  0|   17|          14|          14|
    |add_ln58_1314_fu_12242056_p2  |         +|   0|  0|   14|          13|          13|
    |add_ln58_1315_fu_12242066_p2  |         +|   0|  0|   12|          11|          11|
    |add_ln58_1316_fu_12242076_p2  |         +|   0|  0|   17|          14|          14|
    |add_ln58_1317_fu_12247029_p2  |         +|   0|  0|   20|          15|          15|
    |add_ln58_1318_fu_12248913_p2  |         +|   0|  0|   23|          16|          16|
    |add_ln58_1319_fu_12249910_p2  |         +|   0|  0|   23|          16|          16|
    |add_ln58_131_fu_12248306_p2   |         +|   0|  0|   23|          16|          16|
    |add_ln58_1321_fu_12242082_p2  |         +|   0|  0|   23|          16|          16|
    |add_ln58_1322_fu_12242088_p2  |         +|   0|  0|   23|          16|          16|
    |add_ln58_1323_fu_12247035_p2  |         +|   0|  0|   23|          16|          16|
    |add_ln58_1324_fu_12242094_p2  |         +|   0|  0|   23|          16|          16|
    |add_ln58_1325_fu_12242100_p2  |         +|   0|  0|   23|          16|          16|
    |add_ln58_1326_fu_12247039_p2  |         +|   0|  0|   23|          16|          16|
    |add_ln58_1327_fu_12248918_p2  |         +|   0|  0|   23|          16|          16|
    |add_ln58_1328_fu_12242106_p2  |         +|   0|  0|   23|          16|          16|
    |add_ln58_1329_fu_12242112_p2  |         +|   0|  0|   23|          16|          16|
    |add_ln58_132_fu_12237710_p2   |         +|   0|  0|   23|          16|          16|
    |add_ln58_1330_fu_12247043_p2  |         +|   0|  0|   23|          16|          16|
    |add_ln58_1331_fu_12242118_p2  |         +|   0|  0|   23|          16|          16|
    |add_ln58_1332_fu_12242124_p2  |         +|   0|  0|   23|          16|          16|
    |add_ln58_1333_fu_12247047_p2  |         +|   0|  0|   23|          16|          16|
    |add_ln58_1334_fu_12248922_p2  |         +|   0|  0|   23|          16|          16|
    |add_ln58_1335_fu_12249586_p2  |         +|   0|  0|   23|          16|          16|
    |add_ln58_1336_fu_12242130_p2  |         +|   0|  0|   23|          16|          16|
    |add_ln58_1337_fu_12242136_p2  |         +|   0|  0|   23|          16|          16|
    |add_ln58_1338_fu_12247051_p2  |         +|   0|  0|   23|          16|          16|
    |add_ln58_1339_fu_12242142_p2  |         +|   0|  0|   23|          16|          16|
    |add_ln58_133_fu_12237716_p2   |         +|   0|  0|   23|          16|          16|
    |add_ln58_1340_fu_12242148_p2  |         +|   0|  0|   23|          16|          16|
    |add_ln58_1341_fu_12247055_p2  |         +|   0|  0|   23|          16|          16|
    |add_ln58_1342_fu_12248926_p2  |         +|   0|  0|   23|          16|          16|
    |add_ln58_1343_fu_12242154_p2  |         +|   0|  0|   23|          16|          16|
    |add_ln58_1344_fu_12242160_p2  |         +|   0|  0|   23|          16|          16|
    |add_ln58_1345_fu_12247059_p2  |         +|   0|  0|   23|          16|          16|
    |add_ln58_1346_fu_12242166_p2  |         +|   0|  0|   23|          16|          16|
    |add_ln58_1347_fu_12242172_p2  |         +|   0|  0|   20|          15|          15|
    |add_ln58_1348_fu_12247066_p2  |         +|   0|  0|   23|          16|          16|
    |add_ln58_1349_fu_12248930_p2  |         +|   0|  0|   23|          16|          16|
    |add_ln58_134_fu_12244974_p2   |         +|   0|  0|   23|          16|          16|
    |add_ln58_1350_fu_12249590_p2  |         +|   0|  0|   23|          16|          16|
    |add_ln58_1351_fu_12249914_p2  |         +|   0|  0|   23|          16|          16|
    |add_ln58_1352_fu_12242178_p2  |         +|   0|  0|   20|          15|          15|
    |add_ln58_1353_fu_12242184_p2  |         +|   0|  0|   20|          15|          15|
    |add_ln58_1354_fu_12247077_p2  |         +|   0|  0|   23|          16|          16|
    |add_ln58_1355_fu_12242190_p2  |         +|   0|  0|   20|          15|          15|
    |add_ln58_1356_fu_12242196_p2  |         +|   0|  0|   20|          15|          15|
    |add_ln58_1357_fu_12247089_p2  |         +|   0|  0|   23|          16|          16|
    |add_ln58_1358_fu_12248934_p2  |         +|   0|  0|   23|          16|          16|
    |add_ln58_1359_fu_12242202_p2  |         +|   0|  0|   20|          15|          15|
    |add_ln58_135_fu_12237722_p2   |         +|   0|  0|   23|          16|          16|
    |add_ln58_1360_fu_12242208_p2  |         +|   0|  0|   20|          15|          15|
    |add_ln58_1361_fu_12247101_p2  |         +|   0|  0|   23|          16|          16|
    |add_ln58_1362_fu_12242214_p2  |         +|   0|  0|   20|          15|          15|
    |add_ln58_1363_fu_12242220_p2  |         +|   0|  0|   20|          15|          15|
    |add_ln58_1364_fu_12247113_p2  |         +|   0|  0|   23|          16|          16|
    |add_ln58_1365_fu_12248938_p2  |         +|   0|  0|   23|          16|          16|
    |add_ln58_1366_fu_12249594_p2  |         +|   0|  0|   23|          16|          16|
    |add_ln58_1367_fu_12242226_p2  |         +|   0|  0|   20|          15|          15|
    |add_ln58_1368_fu_12242232_p2  |         +|   0|  0|   20|          15|          15|
    |add_ln58_1369_fu_12247125_p2  |         +|   0|  0|   23|          16|          16|
    |add_ln58_136_fu_12237728_p2   |         +|   0|  0|   23|          16|          16|
    |add_ln58_1370_fu_12242238_p2  |         +|   0|  0|   17|          14|          14|
    |add_ln58_1371_fu_12242248_p2  |         +|   0|  0|   17|          14|          14|
    |add_ln58_1372_fu_12242258_p2  |         +|   0|  0|   20|          15|          15|
    |add_ln58_1373_fu_12248945_p2  |         +|   0|  0|   23|          16|          16|
    |add_ln58_1374_fu_12242264_p2  |         +|   0|  0|   17|          14|          14|
    |add_ln58_1375_fu_12242274_p2  |         +|   0|  0|   14|          13|          13|
    |add_ln58_1376_fu_12242284_p2  |         +|   0|  0|   20|          15|          15|
    |add_ln58_1377_fu_12242290_p2  |         +|   0|  0|   12|          11|          11|
    |add_ln58_1378_fu_12206361_p2  |         +|   0|  0|   14|           9|           9|
    |add_ln58_1379_fu_12242299_p2  |         +|   0|  0|   12|          11|          11|
    |add_ln58_137_fu_12244978_p2   |         +|   0|  0|   23|          16|          16|
    |add_ln58_1380_fu_12247134_p2  |         +|   0|  0|   20|          15|          15|
    |add_ln58_1381_fu_12249601_p2  |         +|   0|  0|   23|          16|          16|
    |add_ln58_1382_fu_12249918_p2  |         +|   0|  0|   23|          16|          16|
    |add_ln58_1384_fu_12242305_p2  |         +|   0|  0|   23|          16|          16|
    |add_ln58_1385_fu_12242311_p2  |         +|   0|  0|   23|          16|          16|
    |add_ln58_1386_fu_12247139_p2  |         +|   0|  0|   23|          16|          16|
    |add_ln58_1387_fu_12242317_p2  |         +|   0|  0|   23|          16|          16|
    |add_ln58_1388_fu_12242323_p2  |         +|   0|  0|   23|          16|          16|
    |add_ln58_1389_fu_12247143_p2  |         +|   0|  0|   23|          16|          16|
    |add_ln58_138_fu_12248310_p2   |         +|   0|  0|   23|          16|          16|
    |add_ln58_1390_fu_12248950_p2  |         +|   0|  0|   23|          16|          16|
    |add_ln58_1391_fu_12242329_p2  |         +|   0|  0|   23|          16|          16|
    |add_ln58_1392_fu_12242335_p2  |         +|   0|  0|   23|          16|          16|
    |add_ln58_1393_fu_12247147_p2  |         +|   0|  0|   23|          16|          16|
    |add_ln58_1394_fu_12242341_p2  |         +|   0|  0|   23|          16|          16|
    |add_ln58_1395_fu_12242347_p2  |         +|   0|  0|   23|          16|          16|
    |add_ln58_1396_fu_12247151_p2  |         +|   0|  0|   23|          16|          16|
    |add_ln58_1397_fu_12248954_p2  |         +|   0|  0|   23|          16|          16|
    |add_ln58_1398_fu_12249606_p2  |         +|   0|  0|   23|          16|          16|
    |add_ln58_1399_fu_12242353_p2  |         +|   0|  0|   23|          16|          16|
    |add_ln58_139_fu_12249294_p2   |         +|   0|  0|   23|          16|          16|
    |add_ln58_13_fu_12248242_p2    |         +|   0|  0|   23|          16|          16|
    |add_ln58_1400_fu_12242359_p2  |         +|   0|  0|   23|          16|          16|
    |add_ln58_1401_fu_12247155_p2  |         +|   0|  0|   23|          16|          16|
    |add_ln58_1402_fu_12242365_p2  |         +|   0|  0|   23|          16|          16|
    |add_ln58_1403_fu_12242371_p2  |         +|   0|  0|   23|          16|          16|
    |add_ln58_1404_fu_12247159_p2  |         +|   0|  0|   23|          16|          16|
    |add_ln58_1405_fu_12248958_p2  |         +|   0|  0|   23|          16|          16|
    |add_ln58_1406_fu_12242377_p2  |         +|   0|  0|   23|          16|          16|
    |add_ln58_1407_fu_12242383_p2  |         +|   0|  0|   23|          16|          16|
    |add_ln58_1408_fu_12247163_p2  |         +|   0|  0|   23|          16|          16|
    |add_ln58_1409_fu_12242389_p2  |         +|   0|  0|   23|          16|          16|
    |add_ln58_140_fu_12237734_p2   |         +|   0|  0|   23|          16|          16|
    |add_ln58_1410_fu_12242395_p2  |         +|   0|  0|   23|          16|          16|
    |add_ln58_1411_fu_12247167_p2  |         +|   0|  0|   23|          16|          16|
    |add_ln58_1412_fu_12248962_p2  |         +|   0|  0|   23|          16|          16|
    |add_ln58_1413_fu_12249610_p2  |         +|   0|  0|   23|          16|          16|
    |add_ln58_1414_fu_12249922_p2  |         +|   0|  0|   23|          16|          16|
    |add_ln58_1415_fu_12242401_p2  |         +|   0|  0|   23|          16|          16|
    |add_ln58_1416_fu_12242407_p2  |         +|   0|  0|   20|          15|          15|
    |add_ln58_1417_fu_12247174_p2  |         +|   0|  0|   23|          16|          16|
    |add_ln58_1418_fu_12242413_p2  |         +|   0|  0|   20|          15|          15|
    |add_ln58_1419_fu_12242419_p2  |         +|   0|  0|   20|          15|          15|
    |add_ln58_141_fu_12237740_p2   |         +|   0|  0|   23|          16|          16|
    |add_ln58_1420_fu_12247185_p2  |         +|   0|  0|   23|          16|          16|
    |add_ln58_1421_fu_12248966_p2  |         +|   0|  0|   23|          16|          16|
    |add_ln58_1422_fu_12242425_p2  |         +|   0|  0|   20|          15|          15|
    |add_ln58_1423_fu_12242431_p2  |         +|   0|  0|   20|          15|          15|
    |add_ln58_1424_fu_12247197_p2  |         +|   0|  0|   23|          16|          16|
    |add_ln58_1425_fu_12242437_p2  |         +|   0|  0|   20|          15|          15|
    |add_ln58_1426_fu_12242443_p2  |         +|   0|  0|   20|          15|          15|
    |add_ln58_1427_fu_12247209_p2  |         +|   0|  0|   23|          16|          16|
    |add_ln58_1428_fu_12248970_p2  |         +|   0|  0|   23|          16|          16|
    |add_ln58_1429_fu_12249614_p2  |         +|   0|  0|   23|          16|          16|
    |add_ln58_142_fu_12244982_p2   |         +|   0|  0|   23|          16|          16|
    |add_ln58_1430_fu_12242449_p2  |         +|   0|  0|   17|          14|          14|
    |add_ln58_1431_fu_12242459_p2  |         +|   0|  0|   17|          14|          14|
    |add_ln58_1432_fu_12242469_p2  |         +|   0|  0|   20|          15|          15|
    |add_ln58_1433_fu_12242475_p2  |         +|   0|  0|   17|          14|          14|
    |add_ln58_1434_fu_12242485_p2  |         +|   0|  0|   17|          14|          14|
    |add_ln58_1435_fu_12242495_p2  |         +|   0|  0|   20|          15|          15|
    |add_ln58_1436_fu_12247221_p2  |         +|   0|  0|   23|          16|          16|
    |add_ln58_1437_fu_12242501_p2  |         +|   0|  0|   14|          13|          13|
    |add_ln58_1438_fu_12242511_p2  |         +|   0|  0|   14|          13|          13|
    |add_ln58_1439_fu_12242521_p2  |         +|   0|  0|   17|          14|          14|
    |add_ln58_143_fu_12237746_p2   |         +|   0|  0|   23|          16|          16|
    |add_ln58_1440_fu_12242527_p2  |         +|   0|  0|   12|          12|          12|
    |add_ln58_1441_fu_12242537_p2  |         +|   0|  0|   12|          11|          11|
    |add_ln58_1442_fu_12242547_p2  |         +|   0|  0|   14|          13|          13|
    |add_ln58_1443_fu_12247233_p2  |         +|   0|  0|   20|          15|          15|
    |add_ln58_1444_fu_12248977_p2  |         +|   0|  0|   23|          16|          16|
    |add_ln58_1445_fu_12249926_p2  |         +|   0|  0|   23|          16|          16|
    |add_ln58_1447_fu_12242553_p2  |         +|   0|  0|   23|          16|          16|
    |add_ln58_1448_fu_12242559_p2  |         +|   0|  0|   23|          16|          16|
    |add_ln58_1449_fu_12247239_p2  |         +|   0|  0|   23|          16|          16|
    |add_ln58_144_fu_12237752_p2   |         +|   0|  0|   23|          16|          16|
    |add_ln58_1450_fu_12242565_p2  |         +|   0|  0|   23|          16|          16|
    |add_ln58_1451_fu_12242571_p2  |         +|   0|  0|   23|          16|          16|
    |add_ln58_1452_fu_12247243_p2  |         +|   0|  0|   23|          16|          16|
    |add_ln58_1453_fu_12248982_p2  |         +|   0|  0|   23|          16|          16|
    |add_ln58_1454_fu_12242577_p2  |         +|   0|  0|   23|          16|          16|
    |add_ln58_1455_fu_12242583_p2  |         +|   0|  0|   23|          16|          16|
    |add_ln58_1456_fu_12247247_p2  |         +|   0|  0|   23|          16|          16|
    |add_ln58_1457_fu_12242589_p2  |         +|   0|  0|   23|          16|          16|
    |add_ln58_1458_fu_12242595_p2  |         +|   0|  0|   23|          16|          16|
    |add_ln58_1459_fu_12247251_p2  |         +|   0|  0|   23|          16|          16|
    |add_ln58_145_fu_12244986_p2   |         +|   0|  0|   23|          16|          16|
    |add_ln58_1460_fu_12248986_p2  |         +|   0|  0|   23|          16|          16|
    |add_ln58_1461_fu_12249618_p2  |         +|   0|  0|   23|          16|          16|
    |add_ln58_1462_fu_12242601_p2  |         +|   0|  0|   23|          16|          16|
    |add_ln58_1463_fu_12242607_p2  |         +|   0|  0|   23|          16|          16|
    |add_ln58_1464_fu_12247255_p2  |         +|   0|  0|   23|          16|          16|
    |add_ln58_1465_fu_12242613_p2  |         +|   0|  0|   23|          16|          16|
    |add_ln58_1466_fu_12242619_p2  |         +|   0|  0|   23|          16|          16|
    |add_ln58_1467_fu_12247259_p2  |         +|   0|  0|   23|          16|          16|
    |add_ln58_1468_fu_12248990_p2  |         +|   0|  0|   23|          16|          16|
    |add_ln58_1469_fu_12242625_p2  |         +|   0|  0|   23|          16|          16|
    |add_ln58_146_fu_12248314_p2   |         +|   0|  0|   23|          16|          16|
    |add_ln58_1470_fu_12242631_p2  |         +|   0|  0|   23|          16|          16|
    |add_ln58_1471_fu_12247263_p2  |         +|   0|  0|   23|          16|          16|
    |add_ln58_1472_fu_12242637_p2  |         +|   0|  0|   23|          16|          16|
    |add_ln58_1473_fu_12242643_p2  |         +|   0|  0|   23|          16|          16|
    |add_ln58_1474_fu_12247267_p2  |         +|   0|  0|   23|          16|          16|
    |add_ln58_1475_fu_12248994_p2  |         +|   0|  0|   23|          16|          16|
    |add_ln58_1476_fu_12249622_p2  |         +|   0|  0|   23|          16|          16|
    |add_ln58_1477_fu_12249930_p2  |         +|   0|  0|   23|          16|          16|
    |add_ln58_1478_fu_12242649_p2  |         +|   0|  0|   20|          15|          15|
    |add_ln58_1479_fu_12242655_p2  |         +|   0|  0|   20|          15|          15|
    |add_ln58_147_fu_12237758_p2   |         +|   0|  0|   23|          16|          16|
    |add_ln58_1480_fu_12247277_p2  |         +|   0|  0|   23|          16|          16|
    |add_ln58_1481_fu_12242661_p2  |         +|   0|  0|   20|          15|          15|
    |add_ln58_1482_fu_12242667_p2  |         +|   0|  0|   20|          15|          15|
    |add_ln58_1483_fu_12247289_p2  |         +|   0|  0|   23|          16|          16|
    |add_ln58_1484_fu_12248998_p2  |         +|   0|  0|   23|          16|          16|
    |add_ln58_1485_fu_12242673_p2  |         +|   0|  0|   20|          15|          15|
    |add_ln58_1486_fu_12242679_p2  |         +|   0|  0|   20|          15|          15|
    |add_ln58_1487_fu_12247301_p2  |         +|   0|  0|   23|          16|          16|
    |add_ln58_1488_fu_12242685_p2  |         +|   0|  0|   20|          15|          15|
    |add_ln58_1489_fu_12242691_p2  |         +|   0|  0|   17|          14|          14|
    |add_ln58_148_fu_12237764_p2   |         +|   0|  0|   23|          16|          16|
    |add_ln58_1490_fu_12247313_p2  |         +|   0|  0|   23|          16|          16|
    |add_ln58_1491_fu_12249002_p2  |         +|   0|  0|   23|          16|          16|
    |add_ln58_1492_fu_12249626_p2  |         +|   0|  0|   23|          16|          16|
    |add_ln58_1493_fu_12242697_p2  |         +|   0|  0|   17|          14|          14|
    |add_ln58_1494_fu_12242707_p2  |         +|   0|  0|   17|          14|          14|
    |add_ln58_1495_fu_12242717_p2  |         +|   0|  0|   20|          15|          15|
    |add_ln58_1496_fu_12242723_p2  |         +|   0|  0|   17|          14|          14|
    |add_ln58_1497_fu_12242733_p2  |         +|   0|  0|   17|          14|          14|
    |add_ln58_1498_fu_12242743_p2  |         +|   0|  0|   20|          15|          15|
    |add_ln58_1499_fu_12247325_p2  |         +|   0|  0|   23|          16|          16|
    |add_ln58_149_fu_12244990_p2   |         +|   0|  0|   23|          16|          16|
    |add_ln58_14_fu_12249262_p2    |         +|   0|  0|   23|          16|          16|
    |add_ln58_1500_fu_12242749_p2  |         +|   0|  0|   17|          14|          14|
    |add_ln58_1501_fu_12242755_p2  |         +|   0|  0|   12|          12|          12|
    |add_ln58_1502_fu_12242765_p2  |         +|   0|  0|   17|          14|          14|
    |add_ln58_1503_fu_12242771_p2  |         +|   0|  0|   12|          11|          11|
    |add_ln58_1504_fu_12242781_p2  |         +|   0|  0|   13|          10|          10|
    |add_ln58_1505_fu_12242791_p2  |         +|   0|  0|   12|          12|          12|
    |add_ln58_1506_fu_12247337_p2  |         +|   0|  0|   20|          15|          15|
    |add_ln58_1507_fu_12249009_p2  |         +|   0|  0|   23|          16|          16|
    |add_ln58_1508_fu_12249934_p2  |         +|   0|  0|   23|          16|          16|
    |add_ln58_150_fu_12237770_p2   |         +|   0|  0|   23|          16|          16|
    |add_ln58_1510_fu_12242797_p2  |         +|   0|  0|   23|          16|          16|
    |add_ln58_1511_fu_12247343_p2  |         +|   0|  0|   23|          16|          16|
    |add_ln58_1512_fu_12242803_p2  |         +|   0|  0|   23|          16|          16|
    |add_ln58_1513_fu_12242809_p2  |         +|   0|  0|   23|          16|          16|
    |add_ln58_1514_fu_12247348_p2  |         +|   0|  0|   23|          16|          16|
    |add_ln58_1515_fu_12249014_p2  |         +|   0|  0|   23|          16|          16|
    |add_ln58_1516_fu_12242815_p2  |         +|   0|  0|   23|          16|          16|
    |add_ln58_1517_fu_12242821_p2  |         +|   0|  0|   23|          16|          16|
    |add_ln58_1518_fu_12247352_p2  |         +|   0|  0|   23|          16|          16|
    |add_ln58_1519_fu_12242827_p2  |         +|   0|  0|   23|          16|          16|
    |add_ln58_151_fu_12237776_p2   |         +|   0|  0|   23|          16|          16|
    |add_ln58_1520_fu_12242833_p2  |         +|   0|  0|   23|          16|          16|
    |add_ln58_1521_fu_12247356_p2  |         +|   0|  0|   23|          16|          16|
    |add_ln58_1522_fu_12249018_p2  |         +|   0|  0|   23|          16|          16|
    |add_ln58_1523_fu_12249630_p2  |         +|   0|  0|   23|          16|          16|
    |add_ln58_1524_fu_12242839_p2  |         +|   0|  0|   23|          16|          16|
    |add_ln58_1525_fu_12242845_p2  |         +|   0|  0|   23|          16|          16|
    |add_ln58_1526_fu_12247360_p2  |         +|   0|  0|   23|          16|          16|
    |add_ln58_1527_fu_12242851_p2  |         +|   0|  0|   23|          16|          16|
    |add_ln58_1528_fu_12242857_p2  |         +|   0|  0|   23|          16|          16|
    |add_ln58_1529_fu_12247364_p2  |         +|   0|  0|   23|          16|          16|
    |add_ln58_152_fu_12244994_p2   |         +|   0|  0|   23|          16|          16|
    |add_ln58_1530_fu_12249022_p2  |         +|   0|  0|   23|          16|          16|
    |add_ln58_1531_fu_12242863_p2  |         +|   0|  0|   23|          16|          16|
    |add_ln58_1532_fu_12242869_p2  |         +|   0|  0|   23|          16|          16|
    |add_ln58_1533_fu_12247368_p2  |         +|   0|  0|   23|          16|          16|
    |add_ln58_1534_fu_12242875_p2  |         +|   0|  0|   23|          16|          16|
    |add_ln58_1535_fu_12242881_p2  |         +|   0|  0|   20|          15|          15|
    |add_ln58_1536_fu_12247375_p2  |         +|   0|  0|   23|          16|          16|
    |add_ln58_1537_fu_12249026_p2  |         +|   0|  0|   23|          16|          16|
    |add_ln58_1538_fu_12249634_p2  |         +|   0|  0|   23|          16|          16|
    |add_ln58_1539_fu_12249938_p2  |         +|   0|  0|   23|          16|          16|
    |add_ln58_153_fu_12248318_p2   |         +|   0|  0|   23|          16|          16|
    |add_ln58_1540_fu_12242887_p2  |         +|   0|  0|   20|          15|          15|
    |add_ln58_1541_fu_12247383_p2  |         +|   0|  0|   23|          16|          16|
    |add_ln58_1542_fu_12242893_p2  |         +|   0|  0|   20|          15|          15|
    |add_ln58_1543_fu_12242899_p2  |         +|   0|  0|   20|          15|          15|
    |add_ln58_1544_fu_12247395_p2  |         +|   0|  0|   23|          16|          16|
    |add_ln58_1545_fu_12249030_p2  |         +|   0|  0|   23|          16|          16|
    |add_ln58_1546_fu_12242905_p2  |         +|   0|  0|   20|          15|          15|
    |add_ln58_1547_fu_12242911_p2  |         +|   0|  0|   20|          15|          15|
    |add_ln58_1548_fu_12247407_p2  |         +|   0|  0|   23|          16|          16|
    |add_ln58_1549_fu_12242917_p2  |         +|   0|  0|   20|          15|          15|
    |add_ln58_154_fu_12249298_p2   |         +|   0|  0|   23|          16|          16|
    |add_ln58_1550_fu_12242923_p2  |         +|   0|  0|   20|          15|          15|
    |add_ln58_1551_fu_12247419_p2  |         +|   0|  0|   23|          16|          16|
    |add_ln58_1552_fu_12249034_p2  |         +|   0|  0|   23|          16|          16|
    |add_ln58_1553_fu_12249638_p2  |         +|   0|  0|   23|          16|          16|
    |add_ln58_1554_fu_12242929_p2  |         +|   0|  0|   17|          14|          14|
    |add_ln58_1555_fu_12242939_p2  |         +|   0|  0|   17|          14|          14|
    |add_ln58_1556_fu_12242949_p2  |         +|   0|  0|   20|          15|          15|
    |add_ln58_1557_fu_12242955_p2  |         +|   0|  0|   17|          14|          14|
    |add_ln58_1558_fu_12242965_p2  |         +|   0|  0|   17|          14|          14|
    |add_ln58_1559_fu_12242975_p2  |         +|   0|  0|   20|          15|          15|
    |add_ln58_155_fu_12249762_p2   |         +|   0|  0|   23|          16|          16|
    |add_ln58_1560_fu_12247431_p2  |         +|   0|  0|   23|          16|          16|
    |add_ln58_1561_fu_12242981_p2  |         +|   0|  0|   17|          14|          14|
    |add_ln58_1562_fu_12242991_p2  |         +|   0|  0|   14|          13|          13|
    |add_ln58_1563_fu_12243001_p2  |         +|   0|  0|   20|          15|          15|
    |add_ln58_1564_fu_12243007_p2  |         +|   0|  0|   14|          13|          13|
    |add_ln58_1565_fu_12206367_p2  |         +|   0|  0|   13|          10|          10|
    |add_ln58_1566_fu_12243016_p2  |         +|   0|  0|   14|          13|          13|
    |add_ln58_1567_fu_12247440_p2  |         +|   0|  0|   20|          15|          15|
    |add_ln58_1568_fu_12249041_p2  |         +|   0|  0|   23|          16|          16|
    |add_ln58_1569_fu_12249942_p2  |         +|   0|  0|   23|          16|          16|
    |add_ln58_156_fu_12237782_p2   |         +|   0|  0|   20|          15|          15|
    |add_ln58_1571_fu_12243022_p2  |         +|   0|  0|   23|          16|          16|
    |add_ln58_1572_fu_12243028_p2  |         +|   0|  0|   23|          16|          16|
    |add_ln58_1573_fu_12247445_p2  |         +|   0|  0|   23|          16|          16|
    |add_ln58_1574_fu_12243034_p2  |         +|   0|  0|   23|          16|          16|
    |add_ln58_1575_fu_12243040_p2  |         +|   0|  0|   23|          16|          16|
    |add_ln58_1576_fu_12247449_p2  |         +|   0|  0|   23|          16|          16|
    |add_ln58_1577_fu_12249046_p2  |         +|   0|  0|   23|          16|          16|
    |add_ln58_1578_fu_12243046_p2  |         +|   0|  0|   23|          16|          16|
    |add_ln58_1579_fu_12243052_p2  |         +|   0|  0|   23|          16|          16|
    |add_ln58_157_fu_12237788_p2   |         +|   0|  0|   20|          15|          15|
    |add_ln58_1580_fu_12247453_p2  |         +|   0|  0|   23|          16|          16|
    |add_ln58_1581_fu_12243058_p2  |         +|   0|  0|   23|          16|          16|
    |add_ln58_1582_fu_12243064_p2  |         +|   0|  0|   23|          16|          16|
    |add_ln58_1583_fu_12247457_p2  |         +|   0|  0|   23|          16|          16|
    |add_ln58_1584_fu_12249050_p2  |         +|   0|  0|   23|          16|          16|
    |add_ln58_1585_fu_12249642_p2  |         +|   0|  0|   23|          16|          16|
    |add_ln58_1586_fu_12243070_p2  |         +|   0|  0|   23|          16|          16|
    |add_ln58_1587_fu_12243076_p2  |         +|   0|  0|   23|          16|          16|
    |add_ln58_1588_fu_12247461_p2  |         +|   0|  0|   23|          16|          16|
    |add_ln58_1589_fu_12243082_p2  |         +|   0|  0|   23|          16|          16|
    |add_ln58_158_fu_12245004_p2   |         +|   0|  0|   23|          16|          16|
    |add_ln58_1590_fu_12243088_p2  |         +|   0|  0|   23|          16|          16|
    |add_ln58_1591_fu_12247465_p2  |         +|   0|  0|   23|          16|          16|
    |add_ln58_1592_fu_12249054_p2  |         +|   0|  0|   23|          16|          16|
    |add_ln58_1593_fu_12243094_p2  |         +|   0|  0|   23|          16|          16|
    |add_ln58_1594_fu_12243100_p2  |         +|   0|  0|   23|          16|          16|
    |add_ln58_1595_fu_12247469_p2  |         +|   0|  0|   23|          16|          16|
    |add_ln58_1596_fu_12243106_p2  |         +|   0|  0|   23|          16|          16|
    |add_ln58_1597_fu_12243112_p2  |         +|   0|  0|   23|          16|          16|
    |add_ln58_1598_fu_12247473_p2  |         +|   0|  0|   23|          16|          16|
    |add_ln58_1599_fu_12249058_p2  |         +|   0|  0|   23|          16|          16|
    |add_ln58_159_fu_12237794_p2   |         +|   0|  0|   20|          15|          15|
    |add_ln58_15_fu_12237248_p2    |         +|   0|  0|   23|          16|          16|
    |add_ln58_1600_fu_12249646_p2  |         +|   0|  0|   23|          16|          16|
    |add_ln58_1601_fu_12249946_p2  |         +|   0|  0|   23|          16|          16|
    |add_ln58_1602_fu_12243118_p2  |         +|   0|  0|   20|          15|          15|
    |add_ln58_1603_fu_12243124_p2  |         +|   0|  0|   20|          15|          15|
    |add_ln58_1604_fu_12247483_p2  |         +|   0|  0|   23|          16|          16|
    |add_ln58_1605_fu_12243130_p2  |         +|   0|  0|   20|          15|          15|
    |add_ln58_1606_fu_12243136_p2  |         +|   0|  0|   20|          15|          15|
    |add_ln58_1607_fu_12247495_p2  |         +|   0|  0|   23|          16|          16|
    |add_ln58_1608_fu_12249062_p2  |         +|   0|  0|   23|          16|          16|
    |add_ln58_1609_fu_12243142_p2  |         +|   0|  0|   20|          15|          15|
    |add_ln58_160_fu_12237800_p2   |         +|   0|  0|   20|          15|          15|
    |add_ln58_1610_fu_12243148_p2  |         +|   0|  0|   20|          15|          15|
    |add_ln58_1611_fu_12247507_p2  |         +|   0|  0|   23|          16|          16|
    |add_ln58_1612_fu_12243154_p2  |         +|   0|  0|   20|          15|          15|
    |add_ln58_1613_fu_12243160_p2  |         +|   0|  0|   20|          15|          15|
    |add_ln58_1614_fu_12247519_p2  |         +|   0|  0|   23|          16|          16|
    |add_ln58_1615_fu_12249066_p2  |         +|   0|  0|   23|          16|          16|
    |add_ln58_1616_fu_12249650_p2  |         +|   0|  0|   23|          16|          16|
    |add_ln58_1617_fu_12243166_p2  |         +|   0|  0|   20|          15|          15|
    |add_ln58_1618_fu_12243172_p2  |         +|   0|  0|   20|          15|          15|
    |add_ln58_1619_fu_12247531_p2  |         +|   0|  0|   23|          16|          16|
    |add_ln58_161_fu_12245016_p2   |         +|   0|  0|   23|          16|          16|
    |add_ln58_1620_fu_12243178_p2  |         +|   0|  0|   17|          14|          14|
    |add_ln58_1621_fu_12247540_p2  |         +|   0|  0|   17|          14|          14|
    |add_ln58_1622_fu_12247550_p2  |         +|   0|  0|   20|          15|          15|
    |add_ln58_1623_fu_12249073_p2  |         +|   0|  0|   23|          16|          16|
    |add_ln58_1624_fu_12243184_p2  |         +|   0|  0|   17|          14|          14|
    |add_ln58_1625_fu_12243194_p2  |         +|   0|  0|   17|          14|          14|
    |add_ln58_1626_fu_12243204_p2  |         +|   0|  0|   20|          15|          15|
    |add_ln58_1627_fu_12243210_p2  |         +|   0|  0|   17|          14|          14|
    |add_ln58_1628_fu_12243220_p2  |         +|   0|  0|   12|          12|          12|
    |add_ln58_1629_fu_12243230_p2  |         +|   0|  0|   20|          15|          15|
    |add_ln58_162_fu_12248322_p2   |         +|   0|  0|   23|          16|          16|
    |add_ln58_1630_fu_12247562_p2  |         +|   0|  0|   23|          16|          16|
    |add_ln58_1631_fu_12249654_p2  |         +|   0|  0|   23|          16|          16|
    |add_ln58_1632_fu_12249950_p2  |         +|   0|  0|   23|          16|          16|
    |add_ln58_1634_fu_12243236_p2  |         +|   0|  0|   23|          16|          16|
    |add_ln58_1635_fu_12243242_p2  |         +|   0|  0|   23|          16|          16|
    |add_ln58_1636_fu_12247568_p2  |         +|   0|  0|   23|          16|          16|
    |add_ln58_1637_fu_12243248_p2  |         +|   0|  0|   23|          16|          16|
    |add_ln58_1638_fu_12243254_p2  |         +|   0|  0|   23|          16|          16|
    |add_ln58_1639_fu_12247572_p2  |         +|   0|  0|   23|          16|          16|
    |add_ln58_163_fu_12237806_p2   |         +|   0|  0|   20|          15|          15|
    |add_ln58_1640_fu_12249078_p2  |         +|   0|  0|   23|          16|          16|
    |add_ln58_1641_fu_12243260_p2  |         +|   0|  0|   23|          16|          16|
    |add_ln58_1642_fu_12243266_p2  |         +|   0|  0|   23|          16|          16|
    |add_ln58_1643_fu_12247576_p2  |         +|   0|  0|   23|          16|          16|
    |add_ln58_1644_fu_12243272_p2  |         +|   0|  0|   23|          16|          16|
    |add_ln58_1645_fu_12243278_p2  |         +|   0|  0|   23|          16|          16|
    |add_ln58_1646_fu_12247580_p2  |         +|   0|  0|   23|          16|          16|
    |add_ln58_1647_fu_12249082_p2  |         +|   0|  0|   23|          16|          16|
    |add_ln58_1648_fu_12249658_p2  |         +|   0|  0|   23|          16|          16|
    |add_ln58_1649_fu_12243284_p2  |         +|   0|  0|   23|          16|          16|
    |add_ln58_164_fu_12237812_p2   |         +|   0|  0|   20|          15|          15|
    |add_ln58_1650_fu_12243290_p2  |         +|   0|  0|   23|          16|          16|
    |add_ln58_1651_fu_12247584_p2  |         +|   0|  0|   23|          16|          16|
    |add_ln58_1652_fu_12243296_p2  |         +|   0|  0|   23|          16|          16|
    |add_ln58_1653_fu_12243302_p2  |         +|   0|  0|   23|          16|          16|
    |add_ln58_1654_fu_12247588_p2  |         +|   0|  0|   23|          16|          16|
    |add_ln58_1655_fu_12249086_p2  |         +|   0|  0|   23|          16|          16|
    |add_ln58_1656_fu_12243308_p2  |         +|   0|  0|   23|          16|          16|
    |add_ln58_1657_fu_12243314_p2  |         +|   0|  0|   23|          16|          16|
    |add_ln58_1658_fu_12247592_p2  |         +|   0|  0|   23|          16|          16|
    |add_ln58_1659_fu_12243320_p2  |         +|   0|  0|   23|          16|          16|
    |add_ln58_165_fu_12245028_p2   |         +|   0|  0|   23|          16|          16|
    |add_ln58_1660_fu_12243326_p2  |         +|   0|  0|   23|          16|          16|
    |add_ln58_1661_fu_12247596_p2  |         +|   0|  0|   23|          16|          16|
    |add_ln58_1662_fu_12249090_p2  |         +|   0|  0|   23|          16|          16|
    |add_ln58_1663_fu_12249662_p2  |         +|   0|  0|   23|          16|          16|
    |add_ln58_1664_fu_12249954_p2  |         +|   0|  0|   23|          16|          16|
    |add_ln58_1665_fu_12243332_p2  |         +|   0|  0|   20|          15|          15|
    |add_ln58_1666_fu_12243338_p2  |         +|   0|  0|   20|          15|          15|
    |add_ln58_1667_fu_12247606_p2  |         +|   0|  0|   23|          16|          16|
    |add_ln58_1668_fu_12243344_p2  |         +|   0|  0|   20|          15|          15|
    |add_ln58_1669_fu_12243350_p2  |         +|   0|  0|   20|          15|          15|
    |add_ln58_166_fu_12237818_p2   |         +|   0|  0|   17|          14|          14|
    |add_ln58_1670_fu_12247618_p2  |         +|   0|  0|   23|          16|          16|
    |add_ln58_1671_fu_12249094_p2  |         +|   0|  0|   23|          16|          16|
    |add_ln58_1672_fu_12243356_p2  |         +|   0|  0|   20|          15|          15|
    |add_ln58_1673_fu_12243362_p2  |         +|   0|  0|   20|          15|          15|
    |add_ln58_1674_fu_12247630_p2  |         +|   0|  0|   23|          16|          16|
    |add_ln58_1675_fu_12243368_p2  |         +|   0|  0|   20|          15|          15|
    |add_ln58_1676_fu_12243374_p2  |         +|   0|  0|   20|          15|          15|
    |add_ln58_1677_fu_12247642_p2  |         +|   0|  0|   23|          16|          16|
    |add_ln58_1678_fu_12249098_p2  |         +|   0|  0|   23|          16|          16|
    |add_ln58_1679_fu_12249666_p2  |         +|   0|  0|   23|          16|          16|
    |add_ln58_167_fu_12237828_p2   |         +|   0|  0|   17|          14|          14|
    |add_ln58_1680_fu_12243380_p2  |         +|   0|  0|   17|          14|          14|
    |add_ln58_1681_fu_12243390_p2  |         +|   0|  0|   17|          14|          14|
    |add_ln58_1682_fu_12243400_p2  |         +|   0|  0|   20|          15|          15|
    |add_ln58_1683_fu_12243406_p2  |         +|   0|  0|   17|          14|          14|
    |add_ln58_1684_fu_12243416_p2  |         +|   0|  0|   17|          14|          14|
    |add_ln58_1685_fu_12243426_p2  |         +|   0|  0|   20|          15|          15|
    |add_ln58_1686_fu_12247654_p2  |         +|   0|  0|   23|          16|          16|
    |add_ln58_1687_fu_12243432_p2  |         +|   0|  0|   17|          14|          14|
    |add_ln58_1688_fu_12243442_p2  |         +|   0|  0|   14|          13|          13|
    |add_ln58_1689_fu_12243452_p2  |         +|   0|  0|   20|          15|          15|
    |add_ln58_168_fu_12237838_p2   |         +|   0|  0|   20|          15|          15|
    |add_ln58_1690_fu_12231089_p2  |         +|   0|  0|   14|          13|          13|
    |add_ln58_1691_fu_12243461_p2  |         +|   0|  0|   12|          12|          12|
    |add_ln58_1692_fu_12243471_p2  |         +|   0|  0|   17|          14|          14|
    |add_ln58_1693_fu_12247666_p2  |         +|   0|  0|   23|          16|          16|
    |add_ln58_1694_fu_12249102_p2  |         +|   0|  0|   23|          16|          16|
    |add_ln58_1695_fu_12249958_p2  |         +|   0|  0|   23|          16|          16|
    |add_ln58_1697_fu_12243477_p2  |         +|   0|  0|   23|          16|          16|
    |add_ln58_1698_fu_12243483_p2  |         +|   0|  0|   23|          16|          16|
    |add_ln58_1699_fu_12247672_p2  |         +|   0|  0|   23|          16|          16|
    |add_ln58_169_fu_12248329_p2   |         +|   0|  0|   23|          16|          16|
    |add_ln58_16_fu_12237254_p2    |         +|   0|  0|   23|          16|          16|
    |add_ln58_1700_fu_12243489_p2  |         +|   0|  0|   23|          16|          16|
    |add_ln58_1701_fu_12243495_p2  |         +|   0|  0|   23|          16|          16|
    |add_ln58_1702_fu_12247676_p2  |         +|   0|  0|   23|          16|          16|
    |add_ln58_1703_fu_12249106_p2  |         +|   0|  0|   23|          16|          16|
    |add_ln58_1704_fu_12243501_p2  |         +|   0|  0|   23|          16|          16|
    |add_ln58_1705_fu_12243507_p2  |         +|   0|  0|   23|          16|          16|
    |add_ln58_1706_fu_12247680_p2  |         +|   0|  0|   23|          16|          16|
    |add_ln58_1707_fu_12243513_p2  |         +|   0|  0|   23|          16|          16|
    |add_ln58_1708_fu_12243519_p2  |         +|   0|  0|   23|          16|          16|
    |add_ln58_1709_fu_12247684_p2  |         +|   0|  0|   23|          16|          16|
    |add_ln58_170_fu_12249302_p2   |         +|   0|  0|   23|          16|          16|
    |add_ln58_1710_fu_12249110_p2  |         +|   0|  0|   23|          16|          16|
    |add_ln58_1711_fu_12249670_p2  |         +|   0|  0|   23|          16|          16|
    |add_ln58_1712_fu_12243525_p2  |         +|   0|  0|   23|          16|          16|
    |add_ln58_1713_fu_12243531_p2  |         +|   0|  0|   23|          16|          16|
    |add_ln58_1714_fu_12247688_p2  |         +|   0|  0|   23|          16|          16|
    |add_ln58_1715_fu_12243537_p2  |         +|   0|  0|   23|          16|          16|
    |add_ln58_1716_fu_12243543_p2  |         +|   0|  0|   23|          16|          16|
    |add_ln58_1717_fu_12247692_p2  |         +|   0|  0|   23|          16|          16|
    |add_ln58_1718_fu_12249114_p2  |         +|   0|  0|   23|          16|          16|
    |add_ln58_1719_fu_12243549_p2  |         +|   0|  0|   23|          16|          16|
    |add_ln58_171_fu_12237844_p2   |         +|   0|  0|   17|          14|          14|
    |add_ln58_1720_fu_12243555_p2  |         +|   0|  0|   23|          16|          16|
    |add_ln58_1721_fu_12247696_p2  |         +|   0|  0|   23|          16|          16|
    |add_ln58_1722_fu_12243561_p2  |         +|   0|  0|   23|          16|          16|
    |add_ln58_1723_fu_12243567_p2  |         +|   0|  0|   23|          16|          16|
    |add_ln58_1724_fu_12247700_p2  |         +|   0|  0|   23|          16|          16|
    |add_ln58_1725_fu_12249118_p2  |         +|   0|  0|   23|          16|          16|
    |add_ln58_1726_fu_12249674_p2  |         +|   0|  0|   23|          16|          16|
    |add_ln58_1727_fu_12249962_p2  |         +|   0|  0|   23|          16|          16|
    |add_ln58_1728_fu_12243573_p2  |         +|   0|  0|   23|          16|          16|
    |add_ln58_1729_fu_12243579_p2  |         +|   0|  0|   20|          15|          15|
    |add_ln58_172_fu_12237854_p2   |         +|   0|  0|   17|          14|          14|
    |add_ln58_1730_fu_12247707_p2  |         +|   0|  0|   23|          16|          16|
    |add_ln58_1731_fu_12243585_p2  |         +|   0|  0|   20|          15|          15|
    |add_ln58_1732_fu_12243591_p2  |         +|   0|  0|   20|          15|          15|
    |add_ln58_1733_fu_12247718_p2  |         +|   0|  0|   23|          16|          16|
    |add_ln58_1734_fu_12249122_p2  |         +|   0|  0|   23|          16|          16|
    |add_ln58_1735_fu_12243597_p2  |         +|   0|  0|   20|          15|          15|
    |add_ln58_1736_fu_12243603_p2  |         +|   0|  0|   20|          15|          15|
    |add_ln58_1737_fu_12247730_p2  |         +|   0|  0|   23|          16|          16|
    |add_ln58_1738_fu_12243609_p2  |         +|   0|  0|   20|          15|          15|
    |add_ln58_1739_fu_12243615_p2  |         +|   0|  0|   20|          15|          15|
    |add_ln58_173_fu_12237864_p2   |         +|   0|  0|   20|          15|          15|
    |add_ln58_1740_fu_12247742_p2  |         +|   0|  0|   23|          16|          16|
    |add_ln58_1741_fu_12249126_p2  |         +|   0|  0|   23|          16|          16|
    |add_ln58_1742_fu_12249678_p2  |         +|   0|  0|   23|          16|          16|
    |add_ln58_1743_fu_12243621_p2  |         +|   0|  0|   17|          14|          14|
    |add_ln58_1744_fu_12243631_p2  |         +|   0|  0|   17|          14|          14|
    |add_ln58_1745_fu_12243641_p2  |         +|   0|  0|   20|          15|          15|
    |add_ln58_1746_fu_12243647_p2  |         +|   0|  0|   17|          14|          14|
    |add_ln58_1747_fu_12243657_p2  |         +|   0|  0|   17|          14|          14|
    |add_ln58_1748_fu_12243667_p2  |         +|   0|  0|   20|          15|          15|
    |add_ln58_1749_fu_12247754_p2  |         +|   0|  0|   23|          16|          16|
    |add_ln58_174_fu_12237870_p2   |         +|   0|  0|   17|          14|          14|
    |add_ln58_1750_fu_12243673_p2  |         +|   0|  0|   17|          14|          14|
    |add_ln58_1751_fu_12243683_p2  |         +|   0|  0|   14|          13|          13|
    |add_ln58_1752_fu_12243693_p2  |         +|   0|  0|   20|          15|          15|
    |add_ln58_1753_fu_12243699_p2  |         +|   0|  0|   14|          13|          13|
    |add_ln58_1754_fu_12243709_p2  |         +|   0|  0|   12|          12|          12|
    |add_ln58_1755_fu_12243719_p2  |         +|   0|  0|   17|          14|          14|
    |add_ln58_1756_fu_12247766_p2  |         +|   0|  0|   23|          16|          16|
    |add_ln58_1757_fu_12249130_p2  |         +|   0|  0|   23|          16|          16|
    |add_ln58_1758_fu_12249966_p2  |         +|   0|  0|   23|          16|          16|
    |add_ln58_175_fu_12237880_p2   |         +|   0|  0|   17|          14|          14|
    |add_ln58_1760_fu_12243725_p2  |         +|   0|  0|   23|          16|          16|
    |add_ln58_1761_fu_12243731_p2  |         +|   0|  0|   23|          16|          16|
    |add_ln58_1762_fu_12247772_p2  |         +|   0|  0|   23|          16|          16|
    |add_ln58_1763_fu_12243737_p2  |         +|   0|  0|   23|          16|          16|
    |add_ln58_1764_fu_12243743_p2  |         +|   0|  0|   23|          16|          16|
    |add_ln58_1765_fu_12247776_p2  |         +|   0|  0|   23|          16|          16|
    |add_ln58_1766_fu_12249134_p2  |         +|   0|  0|   23|          16|          16|
    |add_ln58_1767_fu_12243749_p2  |         +|   0|  0|   23|          16|          16|
    |add_ln58_1768_fu_12243755_p2  |         +|   0|  0|   23|          16|          16|
    |add_ln58_1769_fu_12247780_p2  |         +|   0|  0|   23|          16|          16|
    |add_ln58_176_fu_12237890_p2   |         +|   0|  0|   20|          15|          15|
    |add_ln58_1770_fu_12243761_p2  |         +|   0|  0|   23|          16|          16|
    |add_ln58_1771_fu_12243767_p2  |         +|   0|  0|   23|          16|          16|
    |add_ln58_1772_fu_12247784_p2  |         +|   0|  0|   23|          16|          16|
    |add_ln58_1773_fu_12249138_p2  |         +|   0|  0|   23|          16|          16|
    |add_ln58_1774_fu_12249682_p2  |         +|   0|  0|   23|          16|          16|
    |add_ln58_1775_fu_12243773_p2  |         +|   0|  0|   23|          16|          16|
    |add_ln58_1776_fu_12243779_p2  |         +|   0|  0|   23|          16|          16|
    |add_ln58_1777_fu_12247788_p2  |         +|   0|  0|   23|          16|          16|
    |add_ln58_1778_fu_12243785_p2  |         +|   0|  0|   23|          16|          16|
    |add_ln58_1779_fu_12243791_p2  |         +|   0|  0|   23|          16|          16|
    |add_ln58_177_fu_12245040_p2   |         +|   0|  0|   23|          16|          16|
    |add_ln58_1780_fu_12247792_p2  |         +|   0|  0|   23|          16|          16|
    |add_ln58_1781_fu_12249142_p2  |         +|   0|  0|   23|          16|          16|
    |add_ln58_1782_fu_12243797_p2  |         +|   0|  0|   23|          16|          16|
    |add_ln58_1783_fu_12243803_p2  |         +|   0|  0|   23|          16|          16|
    |add_ln58_1784_fu_12247796_p2  |         +|   0|  0|   23|          16|          16|
    |add_ln58_1785_fu_12243809_p2  |         +|   0|  0|   23|          16|          16|
    |add_ln58_1786_fu_12243815_p2  |         +|   0|  0|   20|          15|          15|
    |add_ln58_1787_fu_12247803_p2  |         +|   0|  0|   23|          16|          16|
    |add_ln58_1788_fu_12249146_p2  |         +|   0|  0|   23|          16|          16|
    |add_ln58_1789_fu_12249686_p2  |         +|   0|  0|   23|          16|          16|
    |add_ln58_178_fu_12237896_p2   |         +|   0|  0|   14|          13|          13|
    |add_ln58_1790_fu_12249970_p2  |         +|   0|  0|   23|          16|          16|
    |add_ln58_1791_fu_12243821_p2  |         +|   0|  0|   20|          15|          15|
    |add_ln58_1792_fu_12243827_p2  |         +|   0|  0|   20|          15|          15|
    |add_ln58_1793_fu_12247814_p2  |         +|   0|  0|   23|          16|          16|
    |add_ln58_1794_fu_12243833_p2  |         +|   0|  0|   20|          15|          15|
    |add_ln58_1795_fu_12243839_p2  |         +|   0|  0|   20|          15|          15|
    |add_ln58_1796_fu_12247826_p2  |         +|   0|  0|   23|          16|          16|
    |add_ln58_1797_fu_12249150_p2  |         +|   0|  0|   23|          16|          16|
    |add_ln58_1798_fu_12243845_p2  |         +|   0|  0|   20|          15|          15|
    |add_ln58_1799_fu_12243851_p2  |         +|   0|  0|   20|          15|          15|
    |add_ln58_179_fu_12237906_p2   |         +|   0|  0|   14|          13|          13|
    |add_ln58_17_fu_12244778_p2    |         +|   0|  0|   23|          16|          16|
    |add_ln58_1800_fu_12247838_p2  |         +|   0|  0|   23|          16|          16|
    |add_ln58_1801_fu_12243857_p2  |         +|   0|  0|   20|          15|          15|
    |add_ln58_1802_fu_12243863_p2  |         +|   0|  0|   20|          15|          15|
    |add_ln58_1803_fu_12247850_p2  |         +|   0|  0|   23|          16|          16|
    |add_ln58_1804_fu_12249154_p2  |         +|   0|  0|   23|          16|          16|
    |add_ln58_1805_fu_12249690_p2  |         +|   0|  0|   23|          16|          16|
    |add_ln58_1806_fu_12243869_p2  |         +|   0|  0|   20|          15|          15|
    |add_ln58_1807_fu_12247859_p2  |         +|   0|  0|   17|          14|          14|
    |add_ln58_1808_fu_12247869_p2  |         +|   0|  0|   23|          16|          16|
    |add_ln58_1809_fu_12247875_p2  |         +|   0|  0|   17|          14|          14|
    |add_ln58_180_fu_12237916_p2   |         +|   0|  0|   17|          14|          14|
    |add_ln58_1810_fu_12243875_p2  |         +|   0|  0|   17|          14|          14|
    |add_ln58_1811_fu_12247888_p2  |         +|   0|  0|   20|          15|          15|
    |add_ln58_1812_fu_12249161_p2  |         +|   0|  0|   23|          16|          16|
    |add_ln58_1813_fu_12243881_p2  |         +|   0|  0|   14|          13|          13|
    |add_ln58_1814_fu_12243891_p2  |         +|   0|  0|   12|          12|          12|
    |add_ln58_1815_fu_12243901_p2  |         +|   0|  0|   17|          14|          14|
    |add_ln58_1816_fu_12243907_p2  |         +|   0|  0|   12|          12|          12|
    |add_ln58_1817_fu_12243917_p2  |         +|   0|  0|   13|          10|          10|
    |add_ln58_1818_fu_12243927_p2  |         +|   0|  0|   14|          13|          13|
    |add_ln58_1819_fu_12247900_p2  |         +|   0|  0|   20|          15|          15|
    |add_ln58_181_fu_12237922_p2   |         +|   0|  0|   14|          13|          13|
    |add_ln58_1820_fu_12249697_p2  |         +|   0|  0|   23|          16|          16|
    |add_ln58_1821_fu_12249974_p2  |         +|   0|  0|   23|          16|          16|
    |add_ln58_1823_fu_12243933_p2  |         +|   0|  0|   23|          16|          16|
    |add_ln58_1824_fu_12243939_p2  |         +|   0|  0|   23|          16|          16|
    |add_ln58_1825_fu_12247906_p2  |         +|   0|  0|   23|          16|          16|
    |add_ln58_1826_fu_12243945_p2  |         +|   0|  0|   23|          16|          16|
    |add_ln58_1827_fu_12243951_p2  |         +|   0|  0|   23|          16|          16|
    |add_ln58_1828_fu_12247910_p2  |         +|   0|  0|   23|          16|          16|
    |add_ln58_1829_fu_12249166_p2  |         +|   0|  0|   23|          16|          16|
    |add_ln58_182_fu_12237932_p2   |         +|   0|  0|   12|          12|          12|
    |add_ln58_1830_fu_12243957_p2  |         +|   0|  0|   23|          16|          16|
    |add_ln58_1831_fu_12243963_p2  |         +|   0|  0|   23|          16|          16|
    |add_ln58_1832_fu_12247914_p2  |         +|   0|  0|   23|          16|          16|
    |add_ln58_1833_fu_12243969_p2  |         +|   0|  0|   23|          16|          16|
    |add_ln58_1834_fu_12243975_p2  |         +|   0|  0|   23|          16|          16|
    |add_ln58_1835_fu_12247918_p2  |         +|   0|  0|   23|          16|          16|
    |add_ln58_1836_fu_12249170_p2  |         +|   0|  0|   23|          16|          16|
    |add_ln58_1837_fu_12249702_p2  |         +|   0|  0|   23|          16|          16|
    |add_ln58_1838_fu_12243981_p2  |         +|   0|  0|   23|          16|          16|
    |add_ln58_1839_fu_12243987_p2  |         +|   0|  0|   23|          16|          16|
    |add_ln58_183_fu_12237942_p2   |         +|   0|  0|   17|          14|          14|
    |add_ln58_1840_fu_12247922_p2  |         +|   0|  0|   23|          16|          16|
    |add_ln58_1841_fu_12243993_p2  |         +|   0|  0|   23|          16|          16|
    |add_ln58_1842_fu_12243999_p2  |         +|   0|  0|   23|          16|          16|
    |add_ln58_1843_fu_12247926_p2  |         +|   0|  0|   23|          16|          16|
    |add_ln58_1844_fu_12249174_p2  |         +|   0|  0|   23|          16|          16|
    |add_ln58_1845_fu_12244005_p2  |         +|   0|  0|   23|          16|          16|
    |add_ln58_1846_fu_12244011_p2  |         +|   0|  0|   23|          16|          16|
    |add_ln58_1847_fu_12247930_p2  |         +|   0|  0|   23|          16|          16|
    |add_ln58_1848_fu_12244017_p2  |         +|   0|  0|   23|          16|          16|
    |add_ln58_1849_fu_12244023_p2  |         +|   0|  0|   23|          16|          16|
    |add_ln58_184_fu_12245052_p2   |         +|   0|  0|   20|          15|          15|
    |add_ln58_1850_fu_12247934_p2  |         +|   0|  0|   23|          16|          16|
    |add_ln58_1851_fu_12249178_p2  |         +|   0|  0|   23|          16|          16|
    |add_ln58_1852_fu_12249706_p2  |         +|   0|  0|   23|          16|          16|
    |add_ln58_1853_fu_12249978_p2  |         +|   0|  0|   23|          16|          16|
    |add_ln58_1854_fu_12244029_p2  |         +|   0|  0|   23|          16|          16|
    |add_ln58_1855_fu_12244035_p2  |         +|   0|  0|   20|          15|          15|
    |add_ln58_1856_fu_12247941_p2  |         +|   0|  0|   23|          16|          16|
    |add_ln58_1857_fu_12244041_p2  |         +|   0|  0|   20|          15|          15|
    |add_ln58_1858_fu_12244047_p2  |         +|   0|  0|   20|          15|          15|
    |add_ln58_1859_fu_12247952_p2  |         +|   0|  0|   23|          16|          16|
    |add_ln58_185_fu_12248337_p2   |         +|   0|  0|   23|          16|          16|
    |add_ln58_1860_fu_12249182_p2  |         +|   0|  0|   23|          16|          16|
    |add_ln58_1861_fu_12244053_p2  |         +|   0|  0|   20|          15|          15|
    |add_ln58_1862_fu_12244059_p2  |         +|   0|  0|   20|          15|          15|
    |add_ln58_1863_fu_12247964_p2  |         +|   0|  0|   23|          16|          16|
    |add_ln58_1864_fu_12244065_p2  |         +|   0|  0|   20|          15|          15|
    |add_ln58_1865_fu_12244071_p2  |         +|   0|  0|   20|          15|          15|
    |add_ln58_1866_fu_12247976_p2  |         +|   0|  0|   23|          16|          16|
    |add_ln58_1867_fu_12249186_p2  |         +|   0|  0|   23|          16|          16|
    |add_ln58_1868_fu_12249710_p2  |         +|   0|  0|   23|          16|          16|
    |add_ln58_1869_fu_12244077_p2  |         +|   0|  0|   20|          15|          15|
    |add_ln58_186_fu_12249766_p2   |         +|   0|  0|   23|          16|          16|
    |add_ln58_1870_fu_12244083_p2  |         +|   0|  0|   20|          15|          15|
    |add_ln58_1871_fu_12247988_p2  |         +|   0|  0|   23|          16|          16|
    |add_ln58_1872_fu_12244089_p2  |         +|   0|  0|   17|          14|          14|
    |add_ln58_1873_fu_12244099_p2  |         +|   0|  0|   17|          14|          14|
    |add_ln58_1874_fu_12244109_p2  |         +|   0|  0|   20|          15|          15|
    |add_ln58_1875_fu_12249193_p2  |         +|   0|  0|   23|          16|          16|
    |add_ln58_1876_fu_12244115_p2  |         +|   0|  0|   17|          14|          14|
    |add_ln58_1877_fu_12244125_p2  |         +|   0|  0|   14|          13|          13|
    |add_ln58_1878_fu_12244135_p2  |         +|   0|  0|   20|          15|          15|
    |add_ln58_1879_fu_12244141_p2  |         +|   0|  0|   12|          12|          12|
    |add_ln58_1880_fu_12244151_p2  |         +|   0|  0|   12|          12|          12|
    |add_ln58_1881_fu_12244161_p2  |         +|   0|  0|   14|          13|          13|
    |add_ln58_1882_fu_12247997_p2  |         +|   0|  0|   20|          15|          15|
    |add_ln58_1883_fu_12249717_p2  |         +|   0|  0|   23|          16|          16|
    |add_ln58_1884_fu_12249982_p2  |         +|   0|  0|   23|          16|          16|
    |add_ln58_1886_fu_12244167_p2  |         +|   0|  0|   23|          16|          16|
    |add_ln58_1887_fu_12244173_p2  |         +|   0|  0|   23|          16|          16|
    |add_ln58_1888_fu_12248002_p2  |         +|   0|  0|   23|          16|          16|
    |add_ln58_1889_fu_12244179_p2  |         +|   0|  0|   23|          16|          16|
    |add_ln58_188_fu_12237948_p2   |         +|   0|  0|   23|          16|          16|
    |add_ln58_1890_fu_12244185_p2  |         +|   0|  0|   23|          16|          16|
    |add_ln58_1891_fu_12248006_p2  |         +|   0|  0|   23|          16|          16|
    |add_ln58_1892_fu_12249198_p2  |         +|   0|  0|   23|          16|          16|
    |add_ln58_1893_fu_12244191_p2  |         +|   0|  0|   23|          16|          16|
    |add_ln58_1894_fu_12244197_p2  |         +|   0|  0|   23|          16|          16|
    |add_ln58_1895_fu_12248010_p2  |         +|   0|  0|   23|          16|          16|
    |add_ln58_1896_fu_12244203_p2  |         +|   0|  0|   23|          16|          16|
    |add_ln58_1897_fu_12244209_p2  |         +|   0|  0|   23|          16|          16|
    |add_ln58_1898_fu_12248014_p2  |         +|   0|  0|   23|          16|          16|
    |add_ln58_1899_fu_12249202_p2  |         +|   0|  0|   23|          16|          16|
    |add_ln58_189_fu_12237954_p2   |         +|   0|  0|   23|          16|          16|
    |add_ln58_18_fu_12237260_p2    |         +|   0|  0|   23|          16|          16|
    |add_ln58_1900_fu_12249722_p2  |         +|   0|  0|   23|          16|          16|
    |add_ln58_1901_fu_12244215_p2  |         +|   0|  0|   23|          16|          16|
    |add_ln58_1902_fu_12244221_p2  |         +|   0|  0|   23|          16|          16|
    |add_ln58_1903_fu_12248018_p2  |         +|   0|  0|   23|          16|          16|
    |add_ln58_1904_fu_12244227_p2  |         +|   0|  0|   23|          16|          16|
    |add_ln58_1905_fu_12244233_p2  |         +|   0|  0|   23|          16|          16|
    |add_ln58_1906_fu_12248022_p2  |         +|   0|  0|   23|          16|          16|
    |add_ln58_1907_fu_12249206_p2  |         +|   0|  0|   23|          16|          16|
    |add_ln58_1908_fu_12244239_p2  |         +|   0|  0|   23|          16|          16|
    |add_ln58_1909_fu_12244245_p2  |         +|   0|  0|   23|          16|          16|
    |add_ln58_190_fu_12245058_p2   |         +|   0|  0|   23|          16|          16|
    |add_ln58_1910_fu_12248026_p2  |         +|   0|  0|   23|          16|          16|
    |add_ln58_1911_fu_12244251_p2  |         +|   0|  0|   23|          16|          16|
    |add_ln58_1912_fu_12244257_p2  |         +|   0|  0|   23|          16|          16|
    |add_ln58_1913_fu_12248030_p2  |         +|   0|  0|   23|          16|          16|
    |add_ln58_1914_fu_12249210_p2  |         +|   0|  0|   23|          16|          16|
    |add_ln58_1915_fu_12249726_p2  |         +|   0|  0|   23|          16|          16|
    |add_ln58_1916_fu_12249986_p2  |         +|   0|  0|   23|          16|          16|
    |add_ln58_1917_fu_12244263_p2  |         +|   0|  0|   20|          15|          15|
    |add_ln58_1918_fu_12244269_p2  |         +|   0|  0|   20|          15|          15|
    |add_ln58_1919_fu_12248040_p2  |         +|   0|  0|   23|          16|          16|
    |add_ln58_191_fu_12237960_p2   |         +|   0|  0|   23|          16|          16|
    |add_ln58_1920_fu_12244275_p2  |         +|   0|  0|   20|          15|          15|
    |add_ln58_1921_fu_12244281_p2  |         +|   0|  0|   20|          15|          15|
    |add_ln58_1922_fu_12248052_p2  |         +|   0|  0|   23|          16|          16|
    |add_ln58_1923_fu_12249214_p2  |         +|   0|  0|   23|          16|          16|
    |add_ln58_1924_fu_12244287_p2  |         +|   0|  0|   20|          15|          15|
    |add_ln58_1925_fu_12248061_p2  |         +|   0|  0|   17|          14|          14|
    |add_ln58_1926_fu_12248071_p2  |         +|   0|  0|   23|          16|          16|
    |add_ln58_1927_fu_12248077_p2  |         +|   0|  0|   17|          14|          14|
    |add_ln58_1928_fu_12248087_p2  |         +|   0|  0|   17|          14|          14|
    |add_ln58_1929_fu_12248097_p2  |         +|   0|  0|   20|          15|          15|
    |add_ln58_192_fu_12237966_p2   |         +|   0|  0|   23|          16|          16|
    |add_ln58_1930_fu_12249221_p2  |         +|   0|  0|   23|          16|          16|
    |add_ln58_1931_fu_12249730_p2  |         +|   0|  0|   23|          16|          16|
    |add_ln58_1932_fu_12244293_p2  |         +|   0|  0|   17|          14|          14|
    |add_ln58_1933_fu_12244303_p2  |         +|   0|  0|   17|          14|          14|
    |add_ln58_1934_fu_12244313_p2  |         +|   0|  0|   20|          15|          15|
    |add_ln58_1935_fu_12244319_p2  |         +|   0|  0|   17|          14|          14|
    |add_ln58_1936_fu_12244329_p2  |         +|   0|  0|   14|          13|          13|
    |add_ln58_1937_fu_12244339_p2  |         +|   0|  0|   20|          15|          15|
    |add_ln58_1938_fu_12248109_p2  |         +|   0|  0|   23|          16|          16|
    |add_ln58_1939_fu_12244345_p2  |         +|   0|  0|   14|          13|          13|
    |add_ln58_193_fu_12245062_p2   |         +|   0|  0|   23|          16|          16|
    |add_ln58_1940_fu_12244355_p2  |         +|   0|  0|   14|          13|          13|
    |add_ln58_1941_fu_12244365_p2  |         +|   0|  0|   17|          14|          14|
    |add_ln58_1942_fu_12244371_p2  |         +|   0|  0|   14|          13|          13|
    |add_ln58_1943_fu_12244381_p2  |         +|   0|  0|   12|          12|          12|
    |add_ln58_1944_fu_12244391_p2  |         +|   0|  0|   17|          14|          14|
    |add_ln58_1945_fu_12248121_p2  |         +|   0|  0|   20|          15|          15|
    |add_ln58_1946_fu_12249229_p2  |         +|   0|  0|   23|          16|          16|
    |add_ln58_1947_fu_12249990_p2  |         +|   0|  0|   23|          16|          16|
    |add_ln58_1949_fu_12244397_p2  |         +|   0|  0|   23|          16|          16|
    |add_ln58_194_fu_12248342_p2   |         +|   0|  0|   23|          16|          16|
    |add_ln58_1950_fu_12244403_p2  |         +|   0|  0|   23|          16|          16|
    |add_ln58_1951_fu_12248127_p2  |         +|   0|  0|   23|          16|          16|
    |add_ln58_1952_fu_12244409_p2  |         +|   0|  0|   23|          16|          16|
    |add_ln58_1953_fu_12244415_p2  |         +|   0|  0|   23|          16|          16|
    |add_ln58_1954_fu_12248131_p2  |         +|   0|  0|   23|          16|          16|
    |add_ln58_1955_fu_12249234_p2  |         +|   0|  0|   23|          16|          16|
    |add_ln58_1956_fu_12244421_p2  |         +|   0|  0|   23|          16|          16|
    |add_ln58_1957_fu_12244427_p2  |         +|   0|  0|   23|          16|          16|
    |add_ln58_1958_fu_12248135_p2  |         +|   0|  0|   23|          16|          16|
    |add_ln58_1959_fu_12244433_p2  |         +|   0|  0|   23|          16|          16|
    |add_ln58_195_fu_12237972_p2   |         +|   0|  0|   23|          16|          16|
    |add_ln58_1960_fu_12244439_p2  |         +|   0|  0|   23|          16|          16|
    |add_ln58_1961_fu_12248139_p2  |         +|   0|  0|   23|          16|          16|
    |add_ln58_1962_fu_12249238_p2  |         +|   0|  0|   23|          16|          16|
    |add_ln58_1963_fu_12249734_p2  |         +|   0|  0|   23|          16|          16|
    |add_ln58_1964_fu_12244445_p2  |         +|   0|  0|   23|          16|          16|
    |add_ln58_1965_fu_12244451_p2  |         +|   0|  0|   23|          16|          16|
    |add_ln58_1966_fu_12248143_p2  |         +|   0|  0|   23|          16|          16|
    |add_ln58_1967_fu_12244457_p2  |         +|   0|  0|   23|          16|          16|
    |add_ln58_1968_fu_12244463_p2  |         +|   0|  0|   23|          16|          16|
    |add_ln58_1969_fu_12248147_p2  |         +|   0|  0|   23|          16|          16|
    |add_ln58_196_fu_12237978_p2   |         +|   0|  0|   23|          16|          16|
    |add_ln58_1970_fu_12249242_p2  |         +|   0|  0|   23|          16|          16|
    |add_ln58_1971_fu_12244469_p2  |         +|   0|  0|   23|          16|          16|
    |add_ln58_1972_fu_12244475_p2  |         +|   0|  0|   23|          16|          16|
    |add_ln58_1973_fu_12248151_p2  |         +|   0|  0|   23|          16|          16|
    |add_ln58_1974_fu_12244481_p2  |         +|   0|  0|   23|          16|          16|
    |add_ln58_1975_fu_12244487_p2  |         +|   0|  0|   23|          16|          16|
    |add_ln58_1976_fu_12248155_p2  |         +|   0|  0|   23|          16|          16|
    |add_ln58_1977_fu_12249246_p2  |         +|   0|  0|   23|          16|          16|
    |add_ln58_1978_fu_12249738_p2  |         +|   0|  0|   23|          16|          16|
    |add_ln58_1979_fu_12249994_p2  |         +|   0|  0|   23|          16|          16|
    |add_ln58_197_fu_12245066_p2   |         +|   0|  0|   23|          16|          16|
    |add_ln58_1980_fu_12244493_p2  |         +|   0|  0|   20|          15|          15|
    |add_ln58_1981_fu_12244499_p2  |         +|   0|  0|   20|          15|          15|
    |add_ln58_1982_fu_12248165_p2  |         +|   0|  0|   23|          16|          16|
    |add_ln58_1983_fu_12244505_p2  |         +|   0|  0|   20|          15|          15|
    |add_ln58_1984_fu_12244511_p2  |         +|   0|  0|   20|          15|          15|
    |add_ln58_1985_fu_12248177_p2  |         +|   0|  0|   23|          16|          16|
    |add_ln58_1986_fu_12249250_p2  |         +|   0|  0|   23|          16|          16|
    |add_ln58_1987_fu_12244517_p2  |         +|   0|  0|   20|          15|          15|
    |add_ln58_1988_fu_12244523_p2  |         +|   0|  0|   20|          15|          15|
    |add_ln58_1989_fu_12248189_p2  |         +|   0|  0|   23|          16|          16|
    |add_ln58_198_fu_12237984_p2   |         +|   0|  0|   23|          16|          16|
    |add_ln58_1990_fu_12244529_p2  |         +|   0|  0|   20|          15|          15|
    |add_ln58_1991_fu_12248198_p2  |         +|   0|  0|   17|          14|          14|
    |add_ln58_1992_fu_12248208_p2  |         +|   0|  0|   23|          16|          16|
    |add_ln58_1993_fu_12249254_p2  |         +|   0|  0|   23|          16|          16|
    |add_ln58_1994_fu_12249742_p2  |         +|   0|  0|   23|          16|          16|
    |add_ln58_1995_fu_12244535_p2  |         +|   0|  0|   17|          14|          14|
    |add_ln58_1996_fu_12244545_p2  |         +|   0|  0|   17|          14|          14|
    |add_ln58_1997_fu_12244555_p2  |         +|   0|  0|   20|          15|          15|
    |add_ln58_1998_fu_12244561_p2  |         +|   0|  0|   17|          14|          14|
    |add_ln58_1999_fu_12244571_p2  |         +|   0|  0|   17|          14|          14|
    |add_ln58_199_fu_12237990_p2   |         +|   0|  0|   23|          16|          16|
    |add_ln58_19_fu_12237266_p2    |         +|   0|  0|   23|          16|          16|
    |add_ln58_1_fu_12237206_p2     |         +|   0|  0|   23|          16|          16|
    |add_ln58_2000_fu_12244581_p2  |         +|   0|  0|   20|          15|          15|
    |add_ln58_2001_fu_12248220_p2  |         +|   0|  0|   23|          16|          16|
    |add_ln58_2002_fu_12244587_p2  |         +|   0|  0|   17|          14|          14|
    |add_ln58_2003_fu_12244597_p2  |         +|   0|  0|   17|          14|          14|
    |add_ln58_2004_fu_12244607_p2  |         +|   0|  0|   20|          15|          15|
    |add_ln58_2005_fu_12244613_p2  |         +|   0|  0|   14|          13|          13|
    |add_ln58_2006_fu_12244623_p2  |         +|   0|  0|   12|          12|          12|
    |add_ln58_2007_fu_12244633_p2  |         +|   0|  0|   17|          14|          14|
    |add_ln58_2008_fu_12248232_p2  |         +|   0|  0|   23|          16|          16|
    |add_ln58_2009_fu_12249258_p2  |         +|   0|  0|   23|          16|          16|
    |add_ln58_200_fu_12245070_p2   |         +|   0|  0|   23|          16|          16|
    |add_ln58_2010_fu_12249998_p2  |         +|   0|  0|   23|          16|          16|
    |add_ln58_201_fu_12248346_p2   |         +|   0|  0|   23|          16|          16|
    |add_ln58_202_fu_12249306_p2   |         +|   0|  0|   23|          16|          16|
    |add_ln58_203_fu_12237996_p2   |         +|   0|  0|   23|          16|          16|
    |add_ln58_204_fu_12238002_p2   |         +|   0|  0|   23|          16|          16|
    |add_ln58_205_fu_12245074_p2   |         +|   0|  0|   23|          16|          16|
    |add_ln58_206_fu_12238008_p2   |         +|   0|  0|   23|          16|          16|
    |add_ln58_207_fu_12238014_p2   |         +|   0|  0|   23|          16|          16|
    |add_ln58_208_fu_12245078_p2   |         +|   0|  0|   23|          16|          16|
    |add_ln58_209_fu_12248350_p2   |         +|   0|  0|   23|          16|          16|
    |add_ln58_20_fu_12244782_p2    |         +|   0|  0|   23|          16|          16|
    |add_ln58_210_fu_12238020_p2   |         +|   0|  0|   23|          16|          16|
    |add_ln58_211_fu_12238026_p2   |         +|   0|  0|   23|          16|          16|
    |add_ln58_212_fu_12245082_p2   |         +|   0|  0|   23|          16|          16|
    |add_ln58_213_fu_12238032_p2   |         +|   0|  0|   20|          15|          15|
    |add_ln58_214_fu_12238038_p2   |         +|   0|  0|   20|          15|          15|
    |add_ln58_215_fu_12245092_p2   |         +|   0|  0|   23|          16|          16|
    |add_ln58_216_fu_12248354_p2   |         +|   0|  0|   23|          16|          16|
    |add_ln58_217_fu_12249310_p2   |         +|   0|  0|   23|          16|          16|
    |add_ln58_218_fu_12249770_p2   |         +|   0|  0|   23|          16|          16|
    |add_ln58_219_fu_12238044_p2   |         +|   0|  0|   20|          15|          15|
    |add_ln58_21_fu_12248246_p2    |         +|   0|  0|   23|          16|          16|
    |add_ln58_220_fu_12238050_p2   |         +|   0|  0|   20|          15|          15|
    |add_ln58_221_fu_12245104_p2   |         +|   0|  0|   23|          16|          16|
    |add_ln58_222_fu_12238056_p2   |         +|   0|  0|   20|          15|          15|
    |add_ln58_223_fu_12238062_p2   |         +|   0|  0|   20|          15|          15|
    |add_ln58_224_fu_12245116_p2   |         +|   0|  0|   23|          16|          16|
    |add_ln58_225_fu_12248358_p2   |         +|   0|  0|   23|          16|          16|
    |add_ln58_226_fu_12238068_p2   |         +|   0|  0|   20|          15|          15|
    |add_ln58_227_fu_12238074_p2   |         +|   0|  0|   20|          15|          15|
    |add_ln58_228_fu_12245128_p2   |         +|   0|  0|   23|          16|          16|
    |add_ln58_229_fu_12238080_p2   |         +|   0|  0|   17|          14|          14|
    |add_ln58_22_fu_12237272_p2    |         +|   0|  0|   23|          16|          16|
    |add_ln58_230_fu_12238090_p2   |         +|   0|  0|   17|          14|          14|
    |add_ln58_231_fu_12238100_p2   |         +|   0|  0|   20|          15|          15|
    |add_ln58_232_fu_12248365_p2   |         +|   0|  0|   23|          16|          16|
    |add_ln58_233_fu_12249314_p2   |         +|   0|  0|   23|          16|          16|
    |add_ln58_234_fu_12238106_p2   |         +|   0|  0|   17|          14|          14|
    |add_ln58_235_fu_12238116_p2   |         +|   0|  0|   17|          14|          14|
    |add_ln58_236_fu_12238126_p2   |         +|   0|  0|   20|          15|          15|
    |add_ln58_237_fu_12238132_p2   |         +|   0|  0|   17|          14|          14|
    |add_ln58_238_fu_12238142_p2   |         +|   0|  0|   14|          13|          13|
    |add_ln58_239_fu_12238152_p2   |         +|   0|  0|   20|          15|          15|
    |add_ln58_23_fu_12237278_p2    |         +|   0|  0|   23|          16|          16|
    |add_ln58_240_fu_12245140_p2   |         +|   0|  0|   23|          16|          16|
    |add_ln58_241_fu_12238158_p2   |         +|   0|  0|   14|          13|          13|
    |add_ln58_242_fu_12238168_p2   |         +|   0|  0|   14|          13|          13|
    |add_ln58_243_fu_12238178_p2   |         +|   0|  0|   17|          14|          14|
    |add_ln58_244_fu_12238184_p2   |         +|   0|  0|   12|          11|          11|
    |add_ln58_245_fu_12238194_p2   |         +|   0|  0|   12|          11|          11|
    |add_ln58_246_fu_12238204_p2   |         +|   0|  0|   12|          12|          12|
    |add_ln58_247_fu_12245152_p2   |         +|   0|  0|   20|          15|          15|
    |add_ln58_248_fu_12248373_p2   |         +|   0|  0|   23|          16|          16|
    |add_ln58_249_fu_12249774_p2   |         +|   0|  0|   23|          16|          16|
    |add_ln58_24_fu_12244786_p2    |         +|   0|  0|   23|          16|          16|
    |add_ln58_251_fu_12238210_p2   |         +|   0|  0|   23|          16|          16|
    |add_ln58_252_fu_12238216_p2   |         +|   0|  0|   23|          16|          16|
    |add_ln58_253_fu_12245158_p2   |         +|   0|  0|   23|          16|          16|
    |add_ln58_254_fu_12238222_p2   |         +|   0|  0|   23|          16|          16|
    |add_ln58_255_fu_12238228_p2   |         +|   0|  0|   23|          16|          16|
    |add_ln58_256_fu_12245162_p2   |         +|   0|  0|   23|          16|          16|
    |add_ln58_257_fu_12248378_p2   |         +|   0|  0|   23|          16|          16|
    |add_ln58_258_fu_12238234_p2   |         +|   0|  0|   23|          16|          16|
    |add_ln58_259_fu_12238240_p2   |         +|   0|  0|   23|          16|          16|
    |add_ln58_25_fu_12237284_p2    |         +|   0|  0|   23|          16|          16|
    |add_ln58_260_fu_12245166_p2   |         +|   0|  0|   23|          16|          16|
    |add_ln58_261_fu_12238246_p2   |         +|   0|  0|   23|          16|          16|
    |add_ln58_262_fu_12238252_p2   |         +|   0|  0|   23|          16|          16|
    |add_ln58_263_fu_12245170_p2   |         +|   0|  0|   23|          16|          16|
    |add_ln58_264_fu_12248382_p2   |         +|   0|  0|   23|          16|          16|
    |add_ln58_265_fu_12249318_p2   |         +|   0|  0|   23|          16|          16|
    |add_ln58_266_fu_12238258_p2   |         +|   0|  0|   23|          16|          16|
    |add_ln58_267_fu_12238264_p2   |         +|   0|  0|   23|          16|          16|
    |add_ln58_268_fu_12245174_p2   |         +|   0|  0|   23|          16|          16|
    |add_ln58_269_fu_12238270_p2   |         +|   0|  0|   23|          16|          16|
    |add_ln58_26_fu_12237290_p2    |         +|   0|  0|   23|          16|          16|
    |add_ln58_270_fu_12238276_p2   |         +|   0|  0|   23|          16|          16|
    |add_ln58_271_fu_12245178_p2   |         +|   0|  0|   23|          16|          16|
    |add_ln58_272_fu_12248386_p2   |         +|   0|  0|   23|          16|          16|
    |add_ln58_273_fu_12238282_p2   |         +|   0|  0|   23|          16|          16|
    |add_ln58_274_fu_12238288_p2   |         +|   0|  0|   23|          16|          16|
    |add_ln58_275_fu_12245182_p2   |         +|   0|  0|   23|          16|          16|
    |add_ln58_276_fu_12238294_p2   |         +|   0|  0|   20|          15|          15|
    |add_ln58_277_fu_12238300_p2   |         +|   0|  0|   20|          15|          15|
    |add_ln58_278_fu_12245192_p2   |         +|   0|  0|   23|          16|          16|
    |add_ln58_279_fu_12248390_p2   |         +|   0|  0|   23|          16|          16|
    |add_ln58_27_fu_12244790_p2    |         +|   0|  0|   23|          16|          16|
    |add_ln58_280_fu_12249322_p2   |         +|   0|  0|   23|          16|          16|
    |add_ln58_281_fu_12249778_p2   |         +|   0|  0|   23|          16|          16|
    |add_ln58_282_fu_12238306_p2   |         +|   0|  0|   20|          15|          15|
    |add_ln58_283_fu_12238312_p2   |         +|   0|  0|   20|          15|          15|
    |add_ln58_284_fu_12245204_p2   |         +|   0|  0|   23|          16|          16|
    |add_ln58_285_fu_12238318_p2   |         +|   0|  0|   20|          15|          15|
    |add_ln58_286_fu_12238324_p2   |         +|   0|  0|   20|          15|          15|
    |add_ln58_287_fu_12245216_p2   |         +|   0|  0|   23|          16|          16|
    |add_ln58_288_fu_12248394_p2   |         +|   0|  0|   23|          16|          16|
    |add_ln58_289_fu_12238330_p2   |         +|   0|  0|   20|          15|          15|
    |add_ln58_28_fu_12248250_p2    |         +|   0|  0|   23|          16|          16|
    |add_ln58_290_fu_12238336_p2   |         +|   0|  0|   20|          15|          15|
    |add_ln58_291_fu_12245228_p2   |         +|   0|  0|   23|          16|          16|
    |add_ln58_292_fu_12238342_p2   |         +|   0|  0|   20|          15|          15|
    |add_ln58_293_fu_12238348_p2   |         +|   0|  0|   20|          15|          15|
    |add_ln58_294_fu_12245240_p2   |         +|   0|  0|   23|          16|          16|
    |add_ln58_295_fu_12248398_p2   |         +|   0|  0|   23|          16|          16|
    |add_ln58_296_fu_12249326_p2   |         +|   0|  0|   23|          16|          16|
    |add_ln58_297_fu_12238354_p2   |         +|   0|  0|   20|          15|          15|
    |add_ln58_298_fu_12245249_p2   |         +|   0|  0|   17|          14|          14|
    |add_ln58_299_fu_12245259_p2   |         +|   0|  0|   23|          16|          16|
    |add_ln58_29_fu_12249266_p2    |         +|   0|  0|   23|          16|          16|
    |add_ln58_2_fu_12244762_p2     |         +|   0|  0|   23|          16|          16|
    |add_ln58_300_fu_12245265_p2   |         +|   0|  0|   17|          14|          14|
    |add_ln58_301_fu_12238360_p2   |         +|   0|  0|   17|          14|          14|
    |add_ln58_302_fu_12245278_p2   |         +|   0|  0|   20|          15|          15|
    |add_ln58_303_fu_12248405_p2   |         +|   0|  0|   23|          16|          16|
    |add_ln58_304_fu_12238366_p2   |         +|   0|  0|   14|          13|          13|
    |add_ln58_305_fu_12238376_p2   |         +|   0|  0|   14|          13|          13|
    |add_ln58_306_fu_12238386_p2   |         +|   0|  0|   17|          14|          14|
    |add_ln58_307_fu_12238392_p2   |         +|   0|  0|   12|          12|          12|
    |add_ln58_308_fu_12206349_p2   |         +|   0|  0|   13|          10|          10|
    |add_ln58_309_fu_12238401_p2   |         +|   0|  0|   12|          12|          12|
    |add_ln58_30_fu_12249746_p2    |         +|   0|  0|   23|          16|          16|
    |add_ln58_310_fu_12245290_p2   |         +|   0|  0|   20|          15|          15|
    |add_ln58_311_fu_12249333_p2   |         +|   0|  0|   23|          16|          16|
    |add_ln58_312_fu_12249782_p2   |         +|   0|  0|   23|          16|          16|
    |add_ln58_314_fu_12238407_p2   |         +|   0|  0|   23|          16|          16|
    |add_ln58_315_fu_12238413_p2   |         +|   0|  0|   23|          16|          16|
    |add_ln58_316_fu_12245296_p2   |         +|   0|  0|   23|          16|          16|
    |add_ln58_317_fu_12238419_p2   |         +|   0|  0|   23|          16|          16|
    |add_ln58_318_fu_12238425_p2   |         +|   0|  0|   23|          16|          16|
    |add_ln58_319_fu_12245300_p2   |         +|   0|  0|   23|          16|          16|
    |add_ln58_31_fu_12237296_p2    |         +|   0|  0|   23|          16|          16|
    |add_ln58_320_fu_12248410_p2   |         +|   0|  0|   23|          16|          16|
    |add_ln58_321_fu_12238431_p2   |         +|   0|  0|   23|          16|          16|
    |add_ln58_322_fu_12238437_p2   |         +|   0|  0|   23|          16|          16|
    |add_ln58_323_fu_12245304_p2   |         +|   0|  0|   23|          16|          16|
    |add_ln58_324_fu_12238443_p2   |         +|   0|  0|   23|          16|          16|
    |add_ln58_325_fu_12238449_p2   |         +|   0|  0|   23|          16|          16|
    |add_ln58_326_fu_12245308_p2   |         +|   0|  0|   23|          16|          16|
    |add_ln58_327_fu_12248414_p2   |         +|   0|  0|   23|          16|          16|
    |add_ln58_328_fu_12249338_p2   |         +|   0|  0|   23|          16|          16|
    |add_ln58_329_fu_12238455_p2   |         +|   0|  0|   23|          16|          16|
    |add_ln58_32_fu_12237302_p2    |         +|   0|  0|   20|          15|          15|
    |add_ln58_330_fu_12238461_p2   |         +|   0|  0|   23|          16|          16|
    |add_ln58_331_fu_12245312_p2   |         +|   0|  0|   23|          16|          16|
    |add_ln58_332_fu_12238467_p2   |         +|   0|  0|   23|          16|          16|
    |add_ln58_333_fu_12238473_p2   |         +|   0|  0|   23|          16|          16|
    |add_ln58_334_fu_12245316_p2   |         +|   0|  0|   23|          16|          16|
    |add_ln58_335_fu_12248418_p2   |         +|   0|  0|   23|          16|          16|
    |add_ln58_336_fu_12238479_p2   |         +|   0|  0|   23|          16|          16|
    |add_ln58_337_fu_12238485_p2   |         +|   0|  0|   23|          16|          16|
    |add_ln58_338_fu_12245320_p2   |         +|   0|  0|   23|          16|          16|
    |add_ln58_339_fu_12238491_p2   |         +|   0|  0|   23|          16|          16|
    |add_ln58_33_fu_12244797_p2    |         +|   0|  0|   23|          16|          16|
    |add_ln58_340_fu_12238497_p2   |         +|   0|  0|   23|          16|          16|
    |add_ln58_341_fu_12245324_p2   |         +|   0|  0|   23|          16|          16|
    |add_ln58_342_fu_12248422_p2   |         +|   0|  0|   23|          16|          16|
    |add_ln58_343_fu_12249342_p2   |         +|   0|  0|   23|          16|          16|
    |add_ln58_344_fu_12249786_p2   |         +|   0|  0|   23|          16|          16|
    |add_ln58_345_fu_12238503_p2   |         +|   0|  0|   23|          16|          16|
    |add_ln58_346_fu_12238509_p2   |         +|   0|  0|   23|          16|          16|
    |add_ln58_347_fu_12245328_p2   |         +|   0|  0|   23|          16|          16|
    |add_ln58_348_fu_12238515_p2   |         +|   0|  0|   20|          15|          15|
    |add_ln58_349_fu_12238521_p2   |         +|   0|  0|   20|          15|          15|
    |add_ln58_34_fu_12237308_p2    |         +|   0|  0|   20|          15|          15|
    |add_ln58_350_fu_12245338_p2   |         +|   0|  0|   23|          16|          16|
    |add_ln58_351_fu_12248426_p2   |         +|   0|  0|   23|          16|          16|
    |add_ln58_352_fu_12238527_p2   |         +|   0|  0|   20|          15|          15|
    |add_ln58_353_fu_12238533_p2   |         +|   0|  0|   20|          15|          15|
    |add_ln58_354_fu_12245350_p2   |         +|   0|  0|   23|          16|          16|
    |add_ln58_355_fu_12238539_p2   |         +|   0|  0|   20|          15|          15|
    |add_ln58_356_fu_12238545_p2   |         +|   0|  0|   20|          15|          15|
    |add_ln58_357_fu_12245362_p2   |         +|   0|  0|   23|          16|          16|
    |add_ln58_358_fu_12248430_p2   |         +|   0|  0|   23|          16|          16|
    |add_ln58_359_fu_12249346_p2   |         +|   0|  0|   23|          16|          16|
    |add_ln58_35_fu_12237314_p2    |         +|   0|  0|   20|          15|          15|
    |add_ln58_360_fu_12238551_p2   |         +|   0|  0|   20|          15|          15|
    |add_ln58_361_fu_12238557_p2   |         +|   0|  0|   20|          15|          15|
    |add_ln58_362_fu_12245374_p2   |         +|   0|  0|   23|          16|          16|
    |add_ln58_363_fu_12245380_p2   |         +|   0|  0|   17|          14|          14|
    |add_ln58_364_fu_12238563_p2   |         +|   0|  0|   17|          14|          14|
    |add_ln58_365_fu_12245393_p2   |         +|   0|  0|   20|          15|          15|
    |add_ln58_366_fu_12248437_p2   |         +|   0|  0|   23|          16|          16|
    |add_ln58_367_fu_12238569_p2   |         +|   0|  0|   17|          14|          14|
    |add_ln58_368_fu_12238579_p2   |         +|   0|  0|   17|          14|          14|
    |add_ln58_369_fu_12238589_p2   |         +|   0|  0|   20|          15|          15|
    |add_ln58_36_fu_12244808_p2    |         +|   0|  0|   23|          16|          16|
    |add_ln58_370_fu_12238595_p2   |         +|   0|  0|   14|          13|          13|
    |add_ln58_371_fu_12238605_p2   |         +|   0|  0|   12|          12|          12|
    |add_ln58_372_fu_12238615_p2   |         +|   0|  0|   17|          14|          14|
    |add_ln58_373_fu_12245405_p2   |         +|   0|  0|   23|          16|          16|
    |add_ln58_374_fu_12249350_p2   |         +|   0|  0|   23|          16|          16|
    |add_ln58_375_fu_12249790_p2   |         +|   0|  0|   23|          16|          16|
    |add_ln58_377_fu_12238621_p2   |         +|   0|  0|   23|          16|          16|
    |add_ln58_378_fu_12238627_p2   |         +|   0|  0|   23|          16|          16|
    |add_ln58_379_fu_12245411_p2   |         +|   0|  0|   23|          16|          16|
    |add_ln58_37_fu_12248254_p2    |         +|   0|  0|   23|          16|          16|
    |add_ln58_380_fu_12238633_p2   |         +|   0|  0|   23|          16|          16|
    |add_ln58_381_fu_12238639_p2   |         +|   0|  0|   23|          16|          16|
    |add_ln58_382_fu_12245415_p2   |         +|   0|  0|   23|          16|          16|
    |add_ln58_383_fu_12248442_p2   |         +|   0|  0|   23|          16|          16|
    |add_ln58_384_fu_12238645_p2   |         +|   0|  0|   23|          16|          16|
    |add_ln58_385_fu_12238651_p2   |         +|   0|  0|   23|          16|          16|
    |add_ln58_386_fu_12245419_p2   |         +|   0|  0|   23|          16|          16|
    |add_ln58_387_fu_12238657_p2   |         +|   0|  0|   23|          16|          16|
    |add_ln58_388_fu_12238663_p2   |         +|   0|  0|   23|          16|          16|
    |add_ln58_389_fu_12245423_p2   |         +|   0|  0|   23|          16|          16|
    |add_ln58_38_fu_12237320_p2    |         +|   0|  0|   20|          15|          15|
    |add_ln58_390_fu_12248446_p2   |         +|   0|  0|   23|          16|          16|
    |add_ln58_391_fu_12249354_p2   |         +|   0|  0|   23|          16|          16|
    |add_ln58_392_fu_12238669_p2   |         +|   0|  0|   23|          16|          16|
    |add_ln58_393_fu_12238675_p2   |         +|   0|  0|   23|          16|          16|
    |add_ln58_394_fu_12245427_p2   |         +|   0|  0|   23|          16|          16|
    |add_ln58_395_fu_12238681_p2   |         +|   0|  0|   23|          16|          16|
    |add_ln58_396_fu_12238687_p2   |         +|   0|  0|   23|          16|          16|
    |add_ln58_397_fu_12245431_p2   |         +|   0|  0|   23|          16|          16|
    |add_ln58_398_fu_12248450_p2   |         +|   0|  0|   23|          16|          16|
    |add_ln58_399_fu_12238693_p2   |         +|   0|  0|   23|          16|          16|
    |add_ln58_39_fu_12237326_p2    |         +|   0|  0|   20|          15|          15|
    |add_ln58_3_fu_12237212_p2     |         +|   0|  0|   23|          16|          16|
    |add_ln58_400_fu_12238699_p2   |         +|   0|  0|   23|          16|          16|
    |add_ln58_401_fu_12245435_p2   |         +|   0|  0|   23|          16|          16|
    |add_ln58_402_fu_12238705_p2   |         +|   0|  0|   23|          16|          16|
    |add_ln58_403_fu_12238711_p2   |         +|   0|  0|   23|          16|          16|
    |add_ln58_404_fu_12245439_p2   |         +|   0|  0|   23|          16|          16|
    |add_ln58_405_fu_12248454_p2   |         +|   0|  0|   23|          16|          16|
    |add_ln58_406_fu_12249358_p2   |         +|   0|  0|   23|          16|          16|
    |add_ln58_407_fu_12249794_p2   |         +|   0|  0|   23|          16|          16|
    |add_ln58_408_fu_12238717_p2   |         +|   0|  0|   20|          15|          15|
    |add_ln58_409_fu_12238723_p2   |         +|   0|  0|   20|          15|          15|
    |add_ln58_40_fu_12244820_p2    |         +|   0|  0|   23|          16|          16|
    |add_ln58_410_fu_12245449_p2   |         +|   0|  0|   23|          16|          16|
    |add_ln58_411_fu_12238729_p2   |         +|   0|  0|   20|          15|          15|
    |add_ln58_412_fu_12238735_p2   |         +|   0|  0|   20|          15|          15|
    |add_ln58_413_fu_12245461_p2   |         +|   0|  0|   23|          16|          16|
    |add_ln58_414_fu_12248458_p2   |         +|   0|  0|   23|          16|          16|
    |add_ln58_415_fu_12238741_p2   |         +|   0|  0|   20|          15|          15|
    |add_ln58_416_fu_12238747_p2   |         +|   0|  0|   20|          15|          15|
    |add_ln58_417_fu_12245473_p2   |         +|   0|  0|   23|          16|          16|
    |add_ln58_418_fu_12245479_p2   |         +|   0|  0|   17|          14|          14|
    |add_ln58_419_fu_12245489_p2   |         +|   0|  0|   17|          14|          14|
    |add_ln58_41_fu_12237332_p2    |         +|   0|  0|   20|          15|          15|
    |add_ln58_420_fu_12245499_p2   |         +|   0|  0|   20|          15|          15|
    |add_ln58_421_fu_12248465_p2   |         +|   0|  0|   23|          16|          16|
    |add_ln58_422_fu_12249362_p2   |         +|   0|  0|   23|          16|          16|
    |add_ln58_423_fu_12238753_p2   |         +|   0|  0|   17|          14|          14|
    |add_ln58_424_fu_12238763_p2   |         +|   0|  0|   17|          14|          14|
    |add_ln58_425_fu_12238773_p2   |         +|   0|  0|   20|          15|          15|
    |add_ln58_426_fu_12238779_p2   |         +|   0|  0|   14|          13|          13|
    |add_ln58_427_fu_12238789_p2   |         +|   0|  0|   14|          13|          13|
    |add_ln58_428_fu_12238799_p2   |         +|   0|  0|   17|          14|          14|
    |add_ln58_429_fu_12245511_p2   |         +|   0|  0|   23|          16|          16|
    |add_ln58_42_fu_12237338_p2    |         +|   0|  0|   20|          15|          15|
    |add_ln58_430_fu_12238805_p2   |         +|   0|  0|   14|          13|          13|
    |add_ln58_431_fu_12238815_p2   |         +|   0|  0|   12|          12|          12|
    |add_ln58_432_fu_12238825_p2   |         +|   0|  0|   17|          14|          14|
    |add_ln58_433_fu_12238831_p2   |         +|   0|  0|   12|          11|          11|
    |add_ln58_434_fu_12238837_p2   |         +|   0|  0|   15|           8|           8|
    |add_ln58_435_fu_12238847_p2   |         +|   0|  0|   12|          11|          11|
    |add_ln58_436_fu_12245520_p2   |         +|   0|  0|   17|          14|          14|
    |add_ln58_437_fu_12248473_p2   |         +|   0|  0|   23|          16|          16|
    |add_ln58_438_fu_12249798_p2   |         +|   0|  0|   23|          16|          16|
    |add_ln58_43_fu_12244832_p2    |         +|   0|  0|   23|          16|          16|
    |add_ln58_440_fu_12238853_p2   |         +|   0|  0|   23|          16|          16|
    |add_ln58_441_fu_12238859_p2   |         +|   0|  0|   23|          16|          16|
    |add_ln58_442_fu_12245525_p2   |         +|   0|  0|   23|          16|          16|
    |add_ln58_443_fu_12238865_p2   |         +|   0|  0|   23|          16|          16|
    |add_ln58_444_fu_12238871_p2   |         +|   0|  0|   23|          16|          16|
    |add_ln58_445_fu_12245529_p2   |         +|   0|  0|   23|          16|          16|
    |add_ln58_446_fu_12248478_p2   |         +|   0|  0|   23|          16|          16|
    |add_ln58_447_fu_12238877_p2   |         +|   0|  0|   23|          16|          16|
    |add_ln58_448_fu_12238883_p2   |         +|   0|  0|   23|          16|          16|
    |add_ln58_449_fu_12245533_p2   |         +|   0|  0|   23|          16|          16|
    |add_ln58_44_fu_12248258_p2    |         +|   0|  0|   23|          16|          16|
    |add_ln58_450_fu_12238889_p2   |         +|   0|  0|   23|          16|          16|
    |add_ln58_451_fu_12238895_p2   |         +|   0|  0|   23|          16|          16|
    |add_ln58_452_fu_12245537_p2   |         +|   0|  0|   23|          16|          16|
    |add_ln58_453_fu_12248482_p2   |         +|   0|  0|   23|          16|          16|
    |add_ln58_454_fu_12249366_p2   |         +|   0|  0|   23|          16|          16|
    |add_ln58_455_fu_12238901_p2   |         +|   0|  0|   23|          16|          16|
    |add_ln58_456_fu_12238907_p2   |         +|   0|  0|   23|          16|          16|
    |add_ln58_457_fu_12245541_p2   |         +|   0|  0|   23|          16|          16|
    |add_ln58_458_fu_12238913_p2   |         +|   0|  0|   23|          16|          16|
    |add_ln58_459_fu_12238919_p2   |         +|   0|  0|   23|          16|          16|
    |add_ln58_45_fu_12249270_p2    |         +|   0|  0|   23|          16|          16|
    |add_ln58_460_fu_12245545_p2   |         +|   0|  0|   23|          16|          16|
    |add_ln58_461_fu_12248486_p2   |         +|   0|  0|   23|          16|          16|
    |add_ln58_462_fu_12238925_p2   |         +|   0|  0|   23|          16|          16|
    |add_ln58_463_fu_12238931_p2   |         +|   0|  0|   23|          16|          16|
    |add_ln58_464_fu_12245549_p2   |         +|   0|  0|   23|          16|          16|
    |add_ln58_465_fu_12238937_p2   |         +|   0|  0|   23|          16|          16|
    |add_ln58_466_fu_12238943_p2   |         +|   0|  0|   23|          16|          16|
    |add_ln58_467_fu_12245553_p2   |         +|   0|  0|   23|          16|          16|
    |add_ln58_468_fu_12248490_p2   |         +|   0|  0|   23|          16|          16|
    |add_ln58_469_fu_12249370_p2   |         +|   0|  0|   23|          16|          16|
    |add_ln58_46_fu_12237344_p2    |         +|   0|  0|   20|          15|          15|
    |add_ln58_470_fu_12249802_p2   |         +|   0|  0|   23|          16|          16|
    |add_ln58_471_fu_12238949_p2   |         +|   0|  0|   23|          16|          16|
    |add_ln58_472_fu_12238955_p2   |         +|   0|  0|   20|          15|          15|
    |add_ln58_473_fu_12245560_p2   |         +|   0|  0|   23|          16|          16|
    |add_ln58_474_fu_12238961_p2   |         +|   0|  0|   20|          15|          15|
    |add_ln58_475_fu_12238967_p2   |         +|   0|  0|   20|          15|          15|
    |add_ln58_476_fu_12245571_p2   |         +|   0|  0|   23|          16|          16|
    |add_ln58_477_fu_12248494_p2   |         +|   0|  0|   23|          16|          16|
    |add_ln58_478_fu_12238973_p2   |         +|   0|  0|   20|          15|          15|
    |add_ln58_479_fu_12238979_p2   |         +|   0|  0|   20|          15|          15|
    |add_ln58_47_fu_12237350_p2    |         +|   0|  0|   17|          14|          14|
    |add_ln58_480_fu_12245583_p2   |         +|   0|  0|   23|          16|          16|
    |add_ln58_481_fu_12238985_p2   |         +|   0|  0|   20|          15|          15|
    |add_ln58_482_fu_12238991_p2   |         +|   0|  0|   20|          15|          15|
    |add_ln58_483_fu_12245595_p2   |         +|   0|  0|   23|          16|          16|
    |add_ln58_484_fu_12248498_p2   |         +|   0|  0|   23|          16|          16|
    |add_ln58_485_fu_12249374_p2   |         +|   0|  0|   23|          16|          16|
    |add_ln58_486_fu_12238997_p2   |         +|   0|  0|   20|          15|          15|
    |add_ln58_487_fu_12239003_p2   |         +|   0|  0|   20|          15|          15|
    |add_ln58_488_fu_12245607_p2   |         +|   0|  0|   23|          16|          16|
    |add_ln58_489_fu_12239009_p2   |         +|   0|  0|   17|          14|          14|
    |add_ln58_48_fu_12244844_p2    |         +|   0|  0|   23|          16|          16|
    |add_ln58_490_fu_12239019_p2   |         +|   0|  0|   17|          14|          14|
    |add_ln58_491_fu_12239029_p2   |         +|   0|  0|   20|          15|          15|
    |add_ln58_492_fu_12248505_p2   |         +|   0|  0|   23|          16|          16|
    |add_ln58_493_fu_12239035_p2   |         +|   0|  0|   17|          14|          14|
    |add_ln58_494_fu_12239045_p2   |         +|   0|  0|   14|          13|          13|
    |add_ln58_495_fu_12239055_p2   |         +|   0|  0|   20|          15|          15|
    |add_ln58_496_fu_12231071_p2   |         +|   0|  0|   12|          12|          12|
    |add_ln58_497_fu_12239064_p2   |         +|   0|  0|   12|          12|          12|
    |add_ln58_498_fu_12239074_p2   |         +|   0|  0|   14|          13|          13|
    |add_ln58_499_fu_12245616_p2   |         +|   0|  0|   20|          15|          15|
    |add_ln58_49_fu_12237356_p2    |         +|   0|  0|   17|          14|          14|
    |add_ln58_4_fu_12237218_p2     |         +|   0|  0|   23|          16|          16|
    |add_ln58_500_fu_12249381_p2   |         +|   0|  0|   23|          16|          16|
    |add_ln58_501_fu_12249806_p2   |         +|   0|  0|   23|          16|          16|
    |add_ln58_503_fu_12239080_p2   |         +|   0|  0|   23|          16|          16|
    |add_ln58_504_fu_12245621_p2   |         +|   0|  0|   23|          16|          16|
    |add_ln58_505_fu_12239086_p2   |         +|   0|  0|   23|          16|          16|
    |add_ln58_506_fu_12239092_p2   |         +|   0|  0|   23|          16|          16|
    |add_ln58_507_fu_12245626_p2   |         +|   0|  0|   23|          16|          16|
    |add_ln58_508_fu_12248510_p2   |         +|   0|  0|   23|          16|          16|
    |add_ln58_509_fu_12239098_p2   |         +|   0|  0|   23|          16|          16|
    |add_ln58_50_fu_12237366_p2    |         +|   0|  0|   17|          14|          14|
    |add_ln58_510_fu_12239104_p2   |         +|   0|  0|   23|          16|          16|
    |add_ln58_511_fu_12245630_p2   |         +|   0|  0|   23|          16|          16|
    |add_ln58_512_fu_12239110_p2   |         +|   0|  0|   23|          16|          16|
    |add_ln58_513_fu_12239116_p2   |         +|   0|  0|   23|          16|          16|
    |add_ln58_514_fu_12245634_p2   |         +|   0|  0|   23|          16|          16|
    |add_ln58_515_fu_12248514_p2   |         +|   0|  0|   23|          16|          16|
    |add_ln58_516_fu_12249386_p2   |         +|   0|  0|   23|          16|          16|
    |add_ln58_517_fu_12239122_p2   |         +|   0|  0|   23|          16|          16|
    |add_ln58_518_fu_12239128_p2   |         +|   0|  0|   23|          16|          16|
    |add_ln58_519_fu_12245638_p2   |         +|   0|  0|   23|          16|          16|
    |add_ln58_51_fu_12237376_p2    |         +|   0|  0|   20|          15|          15|
    |add_ln58_520_fu_12239134_p2   |         +|   0|  0|   23|          16|          16|
    |add_ln58_521_fu_12239140_p2   |         +|   0|  0|   23|          16|          16|
    |add_ln58_522_fu_12245642_p2   |         +|   0|  0|   23|          16|          16|
    |add_ln58_523_fu_12248518_p2   |         +|   0|  0|   23|          16|          16|
    |add_ln58_524_fu_12239146_p2   |         +|   0|  0|   23|          16|          16|
    |add_ln58_525_fu_12239152_p2   |         +|   0|  0|   23|          16|          16|
    |add_ln58_526_fu_12245646_p2   |         +|   0|  0|   23|          16|          16|
    |add_ln58_527_fu_12239158_p2   |         +|   0|  0|   23|          16|          16|
    |add_ln58_528_fu_12239164_p2   |         +|   0|  0|   20|          15|          15|
    |add_ln58_529_fu_12245653_p2   |         +|   0|  0|   23|          16|          16|
    |add_ln58_52_fu_12248265_p2    |         +|   0|  0|   23|          16|          16|
    |add_ln58_530_fu_12248522_p2   |         +|   0|  0|   23|          16|          16|
    |add_ln58_531_fu_12249390_p2   |         +|   0|  0|   23|          16|          16|
    |add_ln58_532_fu_12249810_p2   |         +|   0|  0|   23|          16|          16|
    |add_ln58_533_fu_12239170_p2   |         +|   0|  0|   20|          15|          15|
    |add_ln58_534_fu_12239176_p2   |         +|   0|  0|   20|          15|          15|
    |add_ln58_535_fu_12245664_p2   |         +|   0|  0|   23|          16|          16|
    |add_ln58_536_fu_12239182_p2   |         +|   0|  0|   20|          15|          15|
    |add_ln58_537_fu_12239188_p2   |         +|   0|  0|   20|          15|          15|
    |add_ln58_538_fu_12245676_p2   |         +|   0|  0|   23|          16|          16|
    |add_ln58_539_fu_12248526_p2   |         +|   0|  0|   23|          16|          16|
    |add_ln58_53_fu_12237382_p2    |         +|   0|  0|   14|          13|          13|
    |add_ln58_540_fu_12239194_p2   |         +|   0|  0|   20|          15|          15|
    |add_ln58_541_fu_12239200_p2   |         +|   0|  0|   20|          15|          15|
    |add_ln58_542_fu_12245688_p2   |         +|   0|  0|   23|          16|          16|
    |add_ln58_543_fu_12239206_p2   |         +|   0|  0|   20|          15|          15|
    |add_ln58_544_fu_12239212_p2   |         +|   0|  0|   17|          14|          14|
    |add_ln58_545_fu_12245700_p2   |         +|   0|  0|   23|          16|          16|
    |add_ln58_546_fu_12248530_p2   |         +|   0|  0|   23|          16|          16|
    |add_ln58_547_fu_12249394_p2   |         +|   0|  0|   23|          16|          16|
    |add_ln58_548_fu_12239218_p2   |         +|   0|  0|   17|          14|          14|
    |add_ln58_549_fu_12239228_p2   |         +|   0|  0|   17|          14|          14|
    |add_ln58_54_fu_12237392_p2    |         +|   0|  0|   14|          13|          13|
    |add_ln58_550_fu_12239238_p2   |         +|   0|  0|   20|          15|          15|
    |add_ln58_551_fu_12239244_p2   |         +|   0|  0|   17|          14|          14|
    |add_ln58_552_fu_12239254_p2   |         +|   0|  0|   17|          14|          14|
    |add_ln58_553_fu_12239264_p2   |         +|   0|  0|   20|          15|          15|
    |add_ln58_554_fu_12245712_p2   |         +|   0|  0|   23|          16|          16|
    |add_ln58_555_fu_12239270_p2   |         +|   0|  0|   14|          13|          13|
    |add_ln58_556_fu_12239280_p2   |         +|   0|  0|   14|          13|          13|
    |add_ln58_557_fu_12239290_p2   |         +|   0|  0|   17|          14|          14|
    |add_ln58_558_fu_12239296_p2   |         +|   0|  0|   12|          12|          12|
    |add_ln58_559_fu_12239306_p2   |         +|   0|  0|   13|          10|          10|
    |add_ln58_55_fu_12237402_p2    |         +|   0|  0|   17|          14|          14|
    |add_ln58_560_fu_12239316_p2   |         +|   0|  0|   14|          13|          13|
    |add_ln58_561_fu_12245724_p2   |         +|   0|  0|   20|          15|          15|
    |add_ln58_562_fu_12248537_p2   |         +|   0|  0|   23|          16|          16|
    |add_ln58_563_fu_12249814_p2   |         +|   0|  0|   23|          16|          16|
    |add_ln58_565_fu_12239322_p2   |         +|   0|  0|   23|          16|          16|
    |add_ln58_566_fu_12239328_p2   |         +|   0|  0|   23|          16|          16|
    |add_ln58_567_fu_12245730_p2   |         +|   0|  0|   23|          16|          16|
    |add_ln58_568_fu_12239334_p2   |         +|   0|  0|   23|          16|          16|
    |add_ln58_569_fu_12239340_p2   |         +|   0|  0|   23|          16|          16|
    |add_ln58_56_fu_12237408_p2    |         +|   0|  0|   12|          12|          12|
    |add_ln58_570_fu_12245734_p2   |         +|   0|  0|   23|          16|          16|
    |add_ln58_571_fu_12248542_p2   |         +|   0|  0|   23|          16|          16|
    |add_ln58_572_fu_12239346_p2   |         +|   0|  0|   23|          16|          16|
    |add_ln58_573_fu_12239352_p2   |         +|   0|  0|   23|          16|          16|
    |add_ln58_574_fu_12245738_p2   |         +|   0|  0|   23|          16|          16|
    |add_ln58_575_fu_12239358_p2   |         +|   0|  0|   23|          16|          16|
    |add_ln58_576_fu_12239364_p2   |         +|   0|  0|   23|          16|          16|
    |add_ln58_577_fu_12245742_p2   |         +|   0|  0|   23|          16|          16|
    |add_ln58_578_fu_12248546_p2   |         +|   0|  0|   23|          16|          16|
    |add_ln58_579_fu_12249398_p2   |         +|   0|  0|   23|          16|          16|
    |add_ln58_57_fu_12237414_p2    |         +|   0|  0|   15|           8|           8|
    |add_ln58_580_fu_12239370_p2   |         +|   0|  0|   23|          16|          16|
    |add_ln58_581_fu_12239376_p2   |         +|   0|  0|   23|          16|          16|
    |add_ln58_582_fu_12245746_p2   |         +|   0|  0|   23|          16|          16|
    |add_ln58_583_fu_12239382_p2   |         +|   0|  0|   23|          16|          16|
    |add_ln58_584_fu_12239388_p2   |         +|   0|  0|   23|          16|          16|
    |add_ln58_585_fu_12245750_p2   |         +|   0|  0|   23|          16|          16|
    |add_ln58_586_fu_12248550_p2   |         +|   0|  0|   23|          16|          16|
    |add_ln58_587_fu_12239394_p2   |         +|   0|  0|   23|          16|          16|
    |add_ln58_588_fu_12239400_p2   |         +|   0|  0|   23|          16|          16|
    |add_ln58_589_fu_12245754_p2   |         +|   0|  0|   23|          16|          16|
    |add_ln58_58_fu_12237424_p2    |         +|   0|  0|   12|          12|          12|
    |add_ln58_590_fu_12239406_p2   |         +|   0|  0|   23|          16|          16|
    |add_ln58_591_fu_12239412_p2   |         +|   0|  0|   23|          16|          16|
    |add_ln58_592_fu_12245758_p2   |         +|   0|  0|   23|          16|          16|
    |add_ln58_593_fu_12248554_p2   |         +|   0|  0|   23|          16|          16|
    |add_ln58_594_fu_12249402_p2   |         +|   0|  0|   23|          16|          16|
    |add_ln58_595_fu_12249818_p2   |         +|   0|  0|   23|          16|          16|
    |add_ln58_596_fu_12239418_p2   |         +|   0|  0|   23|          16|          16|
    |add_ln58_597_fu_12239424_p2   |         +|   0|  0|   20|          15|          15|
    |add_ln58_598_fu_12245765_p2   |         +|   0|  0|   23|          16|          16|
    |add_ln58_599_fu_12239430_p2   |         +|   0|  0|   20|          15|          15|
    |add_ln58_59_fu_12244856_p2    |         +|   0|  0|   20|          15|          15|
    |add_ln58_5_fu_12244766_p2     |         +|   0|  0|   23|          16|          16|
    |add_ln58_600_fu_12239436_p2   |         +|   0|  0|   20|          15|          15|
    |add_ln58_601_fu_12245776_p2   |         +|   0|  0|   23|          16|          16|
    |add_ln58_602_fu_12248558_p2   |         +|   0|  0|   23|          16|          16|
    |add_ln58_603_fu_12239442_p2   |         +|   0|  0|   20|          15|          15|
    |add_ln58_604_fu_12239448_p2   |         +|   0|  0|   20|          15|          15|
    |add_ln58_605_fu_12245788_p2   |         +|   0|  0|   23|          16|          16|
    |add_ln58_606_fu_12239454_p2   |         +|   0|  0|   20|          15|          15|
    |add_ln58_607_fu_12245797_p2   |         +|   0|  0|   17|          14|          14|
    |add_ln58_608_fu_12245807_p2   |         +|   0|  0|   23|          16|          16|
    |add_ln58_609_fu_12248562_p2   |         +|   0|  0|   23|          16|          16|
    |add_ln58_60_fu_12249277_p2    |         +|   0|  0|   23|          16|          16|
    |add_ln58_610_fu_12249406_p2   |         +|   0|  0|   23|          16|          16|
    |add_ln58_611_fu_12239460_p2   |         +|   0|  0|   17|          14|          14|
    |add_ln58_612_fu_12239470_p2   |         +|   0|  0|   17|          14|          14|
    |add_ln58_613_fu_12239480_p2   |         +|   0|  0|   20|          15|          15|
    |add_ln58_614_fu_12239486_p2   |         +|   0|  0|   17|          14|          14|
    |add_ln58_615_fu_12239496_p2   |         +|   0|  0|   17|          14|          14|
    |add_ln58_616_fu_12239506_p2   |         +|   0|  0|   20|          15|          15|
    |add_ln58_617_fu_12245819_p2   |         +|   0|  0|   23|          16|          16|
    |add_ln58_618_fu_12239512_p2   |         +|   0|  0|   14|          13|          13|
    |add_ln58_619_fu_12239522_p2   |         +|   0|  0|   12|          12|          12|
    |add_ln58_61_fu_12249750_p2    |         +|   0|  0|   23|          16|          16|
    |add_ln58_620_fu_12239532_p2   |         +|   0|  0|   17|          14|          14|
    |add_ln58_621_fu_12239538_p2   |         +|   0|  0|   12|          12|          12|
    |add_ln58_622_fu_12239548_p2   |         +|   0|  0|   12|          11|          11|
    |add_ln58_623_fu_12239558_p2   |         +|   0|  0|   14|          13|          13|
    |add_ln58_624_fu_12245831_p2   |         +|   0|  0|   20|          15|          15|
    |add_ln58_625_fu_12248569_p2   |         +|   0|  0|   23|          16|          16|
    |add_ln58_626_fu_12249822_p2   |         +|   0|  0|   23|          16|          16|
    |add_ln58_628_fu_12239564_p2   |         +|   0|  0|   23|          16|          16|
    |add_ln58_629_fu_12239570_p2   |         +|   0|  0|   23|          16|          16|
    |add_ln58_630_fu_12245837_p2   |         +|   0|  0|   23|          16|          16|
    |add_ln58_631_fu_12239576_p2   |         +|   0|  0|   23|          16|          16|
    |add_ln58_632_fu_12239582_p2   |         +|   0|  0|   23|          16|          16|
    |add_ln58_633_fu_12245841_p2   |         +|   0|  0|   23|          16|          16|
    |add_ln58_634_fu_12248574_p2   |         +|   0|  0|   23|          16|          16|
    |add_ln58_635_fu_12239588_p2   |         +|   0|  0|   23|          16|          16|
    |add_ln58_636_fu_12239594_p2   |         +|   0|  0|   23|          16|          16|
    |add_ln58_637_fu_12245845_p2   |         +|   0|  0|   23|          16|          16|
    |add_ln58_638_fu_12239600_p2   |         +|   0|  0|   23|          16|          16|
    |add_ln58_639_fu_12239606_p2   |         +|   0|  0|   23|          16|          16|
    |add_ln58_63_fu_12237430_p2    |         +|   0|  0|   23|          16|          16|
    |add_ln58_640_fu_12245849_p2   |         +|   0|  0|   23|          16|          16|
    |add_ln58_641_fu_12248578_p2   |         +|   0|  0|   23|          16|          16|
    |add_ln58_642_fu_12249410_p2   |         +|   0|  0|   23|          16|          16|
    |add_ln58_643_fu_12239612_p2   |         +|   0|  0|   23|          16|          16|
    |add_ln58_644_fu_12239618_p2   |         +|   0|  0|   23|          16|          16|
    |add_ln58_645_fu_12245853_p2   |         +|   0|  0|   23|          16|          16|
    |add_ln58_646_fu_12239624_p2   |         +|   0|  0|   23|          16|          16|
    |add_ln58_647_fu_12239630_p2   |         +|   0|  0|   23|          16|          16|
    |add_ln58_648_fu_12245857_p2   |         +|   0|  0|   23|          16|          16|
    |add_ln58_649_fu_12248582_p2   |         +|   0|  0|   23|          16|          16|
    |add_ln58_64_fu_12237436_p2    |         +|   0|  0|   23|          16|          16|
    |add_ln58_650_fu_12239636_p2   |         +|   0|  0|   23|          16|          16|
    |add_ln58_651_fu_12239642_p2   |         +|   0|  0|   23|          16|          16|
    |add_ln58_652_fu_12245861_p2   |         +|   0|  0|   23|          16|          16|
    |add_ln58_653_fu_12239648_p2   |         +|   0|  0|   23|          16|          16|
    |add_ln58_654_fu_12239654_p2   |         +|   0|  0|   20|          15|          15|
    |add_ln58_655_fu_12245868_p2   |         +|   0|  0|   23|          16|          16|
    |add_ln58_656_fu_12248586_p2   |         +|   0|  0|   23|          16|          16|
    |add_ln58_657_fu_12249414_p2   |         +|   0|  0|   23|          16|          16|
    |add_ln58_658_fu_12249826_p2   |         +|   0|  0|   23|          16|          16|
    |add_ln58_659_fu_12239660_p2   |         +|   0|  0|   20|          15|          15|
    |add_ln58_65_fu_12244862_p2    |         +|   0|  0|   23|          16|          16|
    |add_ln58_660_fu_12239666_p2   |         +|   0|  0|   20|          15|          15|
    |add_ln58_661_fu_12245879_p2   |         +|   0|  0|   23|          16|          16|
    |add_ln58_662_fu_12239672_p2   |         +|   0|  0|   20|          15|          15|
    |add_ln58_663_fu_12239678_p2   |         +|   0|  0|   20|          15|          15|
    |add_ln58_664_fu_12245891_p2   |         +|   0|  0|   23|          16|          16|
    |add_ln58_665_fu_12248590_p2   |         +|   0|  0|   23|          16|          16|
    |add_ln58_666_fu_12239684_p2   |         +|   0|  0|   20|          15|          15|
    |add_ln58_667_fu_12239690_p2   |         +|   0|  0|   20|          15|          15|
    |add_ln58_668_fu_12245903_p2   |         +|   0|  0|   23|          16|          16|
    |add_ln58_669_fu_12239696_p2   |         +|   0|  0|   20|          15|          15|
    |add_ln58_66_fu_12237442_p2    |         +|   0|  0|   23|          16|          16|
    |add_ln58_670_fu_12239702_p2   |         +|   0|  0|   20|          15|          15|
    |add_ln58_671_fu_12245915_p2   |         +|   0|  0|   23|          16|          16|
    |add_ln58_672_fu_12248594_p2   |         +|   0|  0|   23|          16|          16|
    |add_ln58_673_fu_12249418_p2   |         +|   0|  0|   23|          16|          16|
    |add_ln58_674_fu_12239708_p2   |         +|   0|  0|   20|          15|          15|
    |add_ln58_675_fu_12245924_p2   |         +|   0|  0|   17|          14|          14|
    |add_ln58_676_fu_12245934_p2   |         +|   0|  0|   23|          16|          16|
    |add_ln58_677_fu_12239714_p2   |         +|   0|  0|   17|          14|          14|
    |add_ln58_678_fu_12239724_p2   |         +|   0|  0|   17|          14|          14|
    |add_ln58_679_fu_12239734_p2   |         +|   0|  0|   20|          15|          15|
    |add_ln58_67_fu_12237448_p2    |         +|   0|  0|   23|          16|          16|
    |add_ln58_680_fu_12248601_p2   |         +|   0|  0|   23|          16|          16|
    |add_ln58_681_fu_12239740_p2   |         +|   0|  0|   14|          13|          13|
    |add_ln58_682_fu_12239750_p2   |         +|   0|  0|   14|          13|          13|
    |add_ln58_683_fu_12239760_p2   |         +|   0|  0|   17|          14|          14|
    |add_ln58_684_fu_12239766_p2   |         +|   0|  0|   12|          12|          12|
    |add_ln58_685_fu_12239776_p2   |         +|   0|  0|   12|          12|          12|
    |add_ln58_686_fu_12239786_p2   |         +|   0|  0|   14|          13|          13|
    |add_ln58_687_fu_12245946_p2   |         +|   0|  0|   20|          15|          15|
    |add_ln58_688_fu_12249425_p2   |         +|   0|  0|   23|          16|          16|
    |add_ln58_689_fu_12249830_p2   |         +|   0|  0|   23|          16|          16|
    |add_ln58_68_fu_12244866_p2    |         +|   0|  0|   23|          16|          16|
    |add_ln58_691_fu_12239792_p2   |         +|   0|  0|   23|          16|          16|
    |add_ln58_692_fu_12239798_p2   |         +|   0|  0|   23|          16|          16|
    |add_ln58_693_fu_12245952_p2   |         +|   0|  0|   23|          16|          16|
    |add_ln58_694_fu_12239804_p2   |         +|   0|  0|   23|          16|          16|
    |add_ln58_695_fu_12239810_p2   |         +|   0|  0|   23|          16|          16|
    |add_ln58_696_fu_12245956_p2   |         +|   0|  0|   23|          16|          16|
    |add_ln58_697_fu_12248606_p2   |         +|   0|  0|   23|          16|          16|
    |add_ln58_698_fu_12239816_p2   |         +|   0|  0|   23|          16|          16|
    |add_ln58_699_fu_12239822_p2   |         +|   0|  0|   23|          16|          16|
    |add_ln58_69_fu_12248270_p2    |         +|   0|  0|   23|          16|          16|
    |add_ln58_6_fu_12248238_p2     |         +|   0|  0|   23|          16|          16|
    |add_ln58_700_fu_12245960_p2   |         +|   0|  0|   23|          16|          16|
    |add_ln58_701_fu_12239828_p2   |         +|   0|  0|   23|          16|          16|
    |add_ln58_702_fu_12239834_p2   |         +|   0|  0|   23|          16|          16|
    |add_ln58_703_fu_12245964_p2   |         +|   0|  0|   23|          16|          16|
    |add_ln58_704_fu_12248610_p2   |         +|   0|  0|   23|          16|          16|
    |add_ln58_705_fu_12249430_p2   |         +|   0|  0|   23|          16|          16|
    |add_ln58_706_fu_12239840_p2   |         +|   0|  0|   23|          16|          16|
    |add_ln58_707_fu_12239846_p2   |         +|   0|  0|   23|          16|          16|
    |add_ln58_708_fu_12245968_p2   |         +|   0|  0|   23|          16|          16|
    |add_ln58_709_fu_12239852_p2   |         +|   0|  0|   23|          16|          16|
    |add_ln58_70_fu_12237454_p2    |         +|   0|  0|   23|          16|          16|
    |add_ln58_710_fu_12239858_p2   |         +|   0|  0|   23|          16|          16|
    |add_ln58_711_fu_12245972_p2   |         +|   0|  0|   23|          16|          16|
    |add_ln58_712_fu_12248614_p2   |         +|   0|  0|   23|          16|          16|
    |add_ln58_713_fu_12239864_p2   |         +|   0|  0|   23|          16|          16|
    |add_ln58_714_fu_12239870_p2   |         +|   0|  0|   23|          16|          16|
    |add_ln58_715_fu_12245976_p2   |         +|   0|  0|   23|          16|          16|
    |add_ln58_716_fu_12239876_p2   |         +|   0|  0|   23|          16|          16|
    |add_ln58_717_fu_12239882_p2   |         +|   0|  0|   23|          16|          16|
    |add_ln58_718_fu_12245980_p2   |         +|   0|  0|   23|          16|          16|
    |add_ln58_719_fu_12248618_p2   |         +|   0|  0|   23|          16|          16|
    |add_ln58_71_fu_12237460_p2    |         +|   0|  0|   23|          16|          16|
    |add_ln58_720_fu_12249434_p2   |         +|   0|  0|   23|          16|          16|
    |add_ln58_721_fu_12249834_p2   |         +|   0|  0|   23|          16|          16|
    |add_ln58_722_fu_12239888_p2   |         +|   0|  0|   23|          16|          16|
    |add_ln58_723_fu_12239894_p2   |         +|   0|  0|   23|          16|          16|
    |add_ln58_724_fu_12245984_p2   |         +|   0|  0|   23|          16|          16|
    |add_ln58_725_fu_12239900_p2   |         +|   0|  0|   20|          15|          15|
    |add_ln58_726_fu_12239906_p2   |         +|   0|  0|   20|          15|          15|
    |add_ln58_727_fu_12245994_p2   |         +|   0|  0|   23|          16|          16|
    |add_ln58_728_fu_12248622_p2   |         +|   0|  0|   23|          16|          16|
    |add_ln58_729_fu_12239912_p2   |         +|   0|  0|   20|          15|          15|
    |add_ln58_72_fu_12244870_p2    |         +|   0|  0|   23|          16|          16|
    |add_ln58_730_fu_12239918_p2   |         +|   0|  0|   20|          15|          15|
    |add_ln58_731_fu_12246006_p2   |         +|   0|  0|   23|          16|          16|
    |add_ln58_732_fu_12239924_p2   |         +|   0|  0|   20|          15|          15|
    |add_ln58_733_fu_12239930_p2   |         +|   0|  0|   20|          15|          15|
    |add_ln58_734_fu_12246018_p2   |         +|   0|  0|   23|          16|          16|
    |add_ln58_735_fu_12248626_p2   |         +|   0|  0|   23|          16|          16|
    |add_ln58_736_fu_12249438_p2   |         +|   0|  0|   23|          16|          16|
    |add_ln58_737_fu_12239936_p2   |         +|   0|  0|   20|          15|          15|
    |add_ln58_738_fu_12239942_p2   |         +|   0|  0|   20|          15|          15|
    |add_ln58_739_fu_12246030_p2   |         +|   0|  0|   23|          16|          16|
    |add_ln58_73_fu_12237466_p2    |         +|   0|  0|   23|          16|          16|
    |add_ln58_740_fu_12239948_p2   |         +|   0|  0|   17|          14|          14|
    |add_ln58_741_fu_12239958_p2   |         +|   0|  0|   17|          14|          14|
    |add_ln58_742_fu_12239968_p2   |         +|   0|  0|   20|          15|          15|
    |add_ln58_743_fu_12248633_p2   |         +|   0|  0|   23|          16|          16|
    |add_ln58_744_fu_12239974_p2   |         +|   0|  0|   14|          13|          13|
    |add_ln58_745_fu_12239984_p2   |         +|   0|  0|   14|          13|          13|
    |add_ln58_746_fu_12239994_p2   |         +|   0|  0|   17|          14|          14|
    |add_ln58_747_fu_12240000_p2   |         +|   0|  0|   14|          13|          13|
    |add_ln58_748_fu_12231077_p2   |         +|   0|  0|   12|          12|          12|
    |add_ln58_749_fu_12240013_p2   |         +|   0|  0|   17|          14|          14|
    |add_ln58_74_fu_12237472_p2    |         +|   0|  0|   23|          16|          16|
    |add_ln58_750_fu_12246042_p2   |         +|   0|  0|   20|          15|          15|
    |add_ln58_751_fu_12249445_p2   |         +|   0|  0|   23|          16|          16|
    |add_ln58_752_fu_12249838_p2   |         +|   0|  0|   23|          16|          16|
    |add_ln58_754_fu_12240019_p2   |         +|   0|  0|   23|          16|          16|
    |add_ln58_755_fu_12240025_p2   |         +|   0|  0|   23|          16|          16|
    |add_ln58_756_fu_12246048_p2   |         +|   0|  0|   23|          16|          16|
    |add_ln58_757_fu_12240031_p2   |         +|   0|  0|   23|          16|          16|
    |add_ln58_758_fu_12240037_p2   |         +|   0|  0|   23|          16|          16|
    |add_ln58_759_fu_12246052_p2   |         +|   0|  0|   23|          16|          16|
    |add_ln58_75_fu_12244874_p2    |         +|   0|  0|   23|          16|          16|
    |add_ln58_760_fu_12248638_p2   |         +|   0|  0|   23|          16|          16|
    |add_ln58_761_fu_12240043_p2   |         +|   0|  0|   23|          16|          16|
    |add_ln58_762_fu_12240049_p2   |         +|   0|  0|   23|          16|          16|
    |add_ln58_763_fu_12246056_p2   |         +|   0|  0|   23|          16|          16|
    |add_ln58_764_fu_12240055_p2   |         +|   0|  0|   23|          16|          16|
    |add_ln58_765_fu_12240061_p2   |         +|   0|  0|   23|          16|          16|
    |add_ln58_766_fu_12246060_p2   |         +|   0|  0|   23|          16|          16|
    |add_ln58_767_fu_12248642_p2   |         +|   0|  0|   23|          16|          16|
    |add_ln58_768_fu_12249450_p2   |         +|   0|  0|   23|          16|          16|
    |add_ln58_769_fu_12240067_p2   |         +|   0|  0|   23|          16|          16|
    |add_ln58_76_fu_12248274_p2    |         +|   0|  0|   23|          16|          16|
    |add_ln58_770_fu_12240073_p2   |         +|   0|  0|   23|          16|          16|
    |add_ln58_771_fu_12246064_p2   |         +|   0|  0|   23|          16|          16|
    |add_ln58_772_fu_12240079_p2   |         +|   0|  0|   23|          16|          16|
    |add_ln58_773_fu_12240085_p2   |         +|   0|  0|   23|          16|          16|
    |add_ln58_774_fu_12246068_p2   |         +|   0|  0|   23|          16|          16|
    |add_ln58_775_fu_12248646_p2   |         +|   0|  0|   23|          16|          16|
    |add_ln58_776_fu_12240091_p2   |         +|   0|  0|   23|          16|          16|
    |add_ln58_777_fu_12240097_p2   |         +|   0|  0|   23|          16|          16|
    |add_ln58_778_fu_12246072_p2   |         +|   0|  0|   23|          16|          16|
    |add_ln58_779_fu_12240103_p2   |         +|   0|  0|   23|          16|          16|
    |add_ln58_77_fu_12249282_p2    |         +|   0|  0|   23|          16|          16|
    |add_ln58_780_fu_12240109_p2   |         +|   0|  0|   23|          16|          16|
    |add_ln58_781_fu_12246076_p2   |         +|   0|  0|   23|          16|          16|
    |add_ln58_782_fu_12248650_p2   |         +|   0|  0|   23|          16|          16|
    |add_ln58_783_fu_12249454_p2   |         +|   0|  0|   23|          16|          16|
    |add_ln58_784_fu_12249842_p2   |         +|   0|  0|   23|          16|          16|
    |add_ln58_785_fu_12240115_p2   |         +|   0|  0|   23|          16|          16|
    |add_ln58_786_fu_12240121_p2   |         +|   0|  0|   23|          16|          16|
    |add_ln58_787_fu_12246080_p2   |         +|   0|  0|   23|          16|          16|
    |add_ln58_788_fu_12240127_p2   |         +|   0|  0|   20|          15|          15|
    |add_ln58_789_fu_12240133_p2   |         +|   0|  0|   20|          15|          15|
    |add_ln58_78_fu_12237478_p2    |         +|   0|  0|   23|          16|          16|
    |add_ln58_790_fu_12246090_p2   |         +|   0|  0|   23|          16|          16|
    |add_ln58_791_fu_12248654_p2   |         +|   0|  0|   23|          16|          16|
    |add_ln58_792_fu_12240139_p2   |         +|   0|  0|   20|          15|          15|
    |add_ln58_793_fu_12240145_p2   |         +|   0|  0|   20|          15|          15|
    |add_ln58_794_fu_12246102_p2   |         +|   0|  0|   23|          16|          16|
    |add_ln58_795_fu_12240151_p2   |         +|   0|  0|   20|          15|          15|
    |add_ln58_796_fu_12240157_p2   |         +|   0|  0|   20|          15|          15|
    |add_ln58_797_fu_12246114_p2   |         +|   0|  0|   23|          16|          16|
    |add_ln58_798_fu_12248658_p2   |         +|   0|  0|   23|          16|          16|
    |add_ln58_799_fu_12249458_p2   |         +|   0|  0|   23|          16|          16|
    |add_ln58_79_fu_12237484_p2    |         +|   0|  0|   23|          16|          16|
    |add_ln58_7_fu_12237224_p2     |         +|   0|  0|   23|          16|          16|
    |add_ln58_800_fu_12240163_p2   |         +|   0|  0|   20|          15|          15|
    |add_ln58_801_fu_12240169_p2   |         +|   0|  0|   20|          15|          15|
    |add_ln58_802_fu_12246126_p2   |         +|   0|  0|   23|          16|          16|
    |add_ln58_803_fu_12240175_p2   |         +|   0|  0|   20|          15|          15|
    |add_ln58_804_fu_12246135_p2   |         +|   0|  0|   17|          14|          14|
    |add_ln58_805_fu_12246145_p2   |         +|   0|  0|   23|          16|          16|
    |add_ln58_806_fu_12248662_p2   |         +|   0|  0|   23|          16|          16|
    |add_ln58_807_fu_12240181_p2   |         +|   0|  0|   17|          14|          14|
    |add_ln58_808_fu_12240191_p2   |         +|   0|  0|   14|          13|          13|
    |add_ln58_809_fu_12240201_p2   |         +|   0|  0|   20|          15|          15|
    |add_ln58_80_fu_12244878_p2    |         +|   0|  0|   23|          16|          16|
    |add_ln58_810_fu_12240207_p2   |         +|   0|  0|   12|          12|          12|
    |add_ln58_811_fu_12240217_p2   |         +|   0|  0|   12|          11|          11|
    |add_ln58_812_fu_12240227_p2   |         +|   0|  0|   14|          13|          13|
    |add_ln58_813_fu_12246154_p2   |         +|   0|  0|   20|          15|          15|
    |add_ln58_814_fu_12249465_p2   |         +|   0|  0|   23|          16|          16|
    |add_ln58_815_fu_12249846_p2   |         +|   0|  0|   23|          16|          16|
    |add_ln58_817_fu_12240233_p2   |         +|   0|  0|   23|          16|          16|
    |add_ln58_818_fu_12240239_p2   |         +|   0|  0|   23|          16|          16|
    |add_ln58_819_fu_12246159_p2   |         +|   0|  0|   23|          16|          16|
    |add_ln58_81_fu_12237490_p2    |         +|   0|  0|   23|          16|          16|
    |add_ln58_820_fu_12240245_p2   |         +|   0|  0|   23|          16|          16|
    |add_ln58_821_fu_12240251_p2   |         +|   0|  0|   23|          16|          16|
    |add_ln58_822_fu_12246163_p2   |         +|   0|  0|   23|          16|          16|
    |add_ln58_823_fu_12248666_p2   |         +|   0|  0|   23|          16|          16|
    |add_ln58_824_fu_12240257_p2   |         +|   0|  0|   23|          16|          16|
    |add_ln58_825_fu_12240263_p2   |         +|   0|  0|   23|          16|          16|
    |add_ln58_826_fu_12246167_p2   |         +|   0|  0|   23|          16|          16|
    |add_ln58_827_fu_12240269_p2   |         +|   0|  0|   23|          16|          16|
    |add_ln58_828_fu_12240275_p2   |         +|   0|  0|   23|          16|          16|
    |add_ln58_829_fu_12246171_p2   |         +|   0|  0|   23|          16|          16|
    |add_ln58_82_fu_12237496_p2    |         +|   0|  0|   23|          16|          16|
    |add_ln58_830_fu_12248670_p2   |         +|   0|  0|   23|          16|          16|
    |add_ln58_831_fu_12249470_p2   |         +|   0|  0|   23|          16|          16|
    |add_ln58_832_fu_12240281_p2   |         +|   0|  0|   23|          16|          16|
    |add_ln58_833_fu_12240287_p2   |         +|   0|  0|   23|          16|          16|
    |add_ln58_834_fu_12246175_p2   |         +|   0|  0|   23|          16|          16|
    |add_ln58_835_fu_12240293_p2   |         +|   0|  0|   23|          16|          16|
    |add_ln58_836_fu_12240299_p2   |         +|   0|  0|   23|          16|          16|
    |add_ln58_837_fu_12246179_p2   |         +|   0|  0|   23|          16|          16|
    |add_ln58_838_fu_12248674_p2   |         +|   0|  0|   23|          16|          16|
    |add_ln58_839_fu_12240305_p2   |         +|   0|  0|   23|          16|          16|
    |add_ln58_83_fu_12244882_p2    |         +|   0|  0|   23|          16|          16|
    |add_ln58_840_fu_12240311_p2   |         +|   0|  0|   23|          16|          16|
    |add_ln58_841_fu_12246183_p2   |         +|   0|  0|   23|          16|          16|
    |add_ln58_842_fu_12240317_p2   |         +|   0|  0|   20|          15|          15|
    |add_ln58_843_fu_12240323_p2   |         +|   0|  0|   20|          15|          15|
    |add_ln58_844_fu_12246193_p2   |         +|   0|  0|   23|          16|          16|
    |add_ln58_845_fu_12248678_p2   |         +|   0|  0|   23|          16|          16|
    |add_ln58_846_fu_12249474_p2   |         +|   0|  0|   23|          16|          16|
    |add_ln58_847_fu_12249850_p2   |         +|   0|  0|   23|          16|          16|
    |add_ln58_848_fu_12240329_p2   |         +|   0|  0|   20|          15|          15|
    |add_ln58_849_fu_12240335_p2   |         +|   0|  0|   20|          15|          15|
    |add_ln58_84_fu_12248278_p2    |         +|   0|  0|   23|          16|          16|
    |add_ln58_850_fu_12246205_p2   |         +|   0|  0|   23|          16|          16|
    |add_ln58_851_fu_12240341_p2   |         +|   0|  0|   20|          15|          15|
    |add_ln58_852_fu_12240347_p2   |         +|   0|  0|   20|          15|          15|
    |add_ln58_853_fu_12246217_p2   |         +|   0|  0|   23|          16|          16|
    |add_ln58_854_fu_12248682_p2   |         +|   0|  0|   23|          16|          16|
    |add_ln58_855_fu_12240353_p2   |         +|   0|  0|   20|          15|          15|
    |add_ln58_856_fu_12240359_p2   |         +|   0|  0|   20|          15|          15|
    |add_ln58_857_fu_12246229_p2   |         +|   0|  0|   23|          16|          16|
    |add_ln58_858_fu_12240365_p2   |         +|   0|  0|   20|          15|          15|
    |add_ln58_859_fu_12240371_p2   |         +|   0|  0|   20|          15|          15|
    |add_ln58_85_fu_12237502_p2    |         +|   0|  0|   23|          16|          16|
    |add_ln58_860_fu_12246241_p2   |         +|   0|  0|   23|          16|          16|
    |add_ln58_861_fu_12248686_p2   |         +|   0|  0|   23|          16|          16|
    |add_ln58_862_fu_12249478_p2   |         +|   0|  0|   23|          16|          16|
    |add_ln58_863_fu_12240377_p2   |         +|   0|  0|   17|          14|          14|
    |add_ln58_864_fu_12240387_p2   |         +|   0|  0|   17|          14|          14|
    |add_ln58_865_fu_12240397_p2   |         +|   0|  0|   20|          15|          15|
    |add_ln58_866_fu_12240403_p2   |         +|   0|  0|   17|          14|          14|
    |add_ln58_867_fu_12240413_p2   |         +|   0|  0|   17|          14|          14|
    |add_ln58_868_fu_12240423_p2   |         +|   0|  0|   20|          15|          15|
    |add_ln58_869_fu_12246253_p2   |         +|   0|  0|   23|          16|          16|
    |add_ln58_86_fu_12237508_p2    |         +|   0|  0|   20|          15|          15|
    |add_ln58_870_fu_12240429_p2   |         +|   0|  0|   14|          13|          13|
    |add_ln58_871_fu_12240439_p2   |         +|   0|  0|   14|          13|          13|
    |add_ln58_872_fu_12240449_p2   |         +|   0|  0|   17|          14|          14|
    |add_ln58_873_fu_12240455_p2   |         +|   0|  0|   12|          12|          12|
    |add_ln58_874_fu_12240465_p2   |         +|   0|  0|   12|          12|          12|
    |add_ln58_875_fu_12240475_p2   |         +|   0|  0|   14|          13|          13|
    |add_ln58_876_fu_12246265_p2   |         +|   0|  0|   20|          15|          15|
    |add_ln58_877_fu_12248693_p2   |         +|   0|  0|   23|          16|          16|
    |add_ln58_878_fu_12249854_p2   |         +|   0|  0|   23|          16|          16|
    |add_ln58_87_fu_12244889_p2    |         +|   0|  0|   23|          16|          16|
    |add_ln58_880_fu_12240481_p2   |         +|   0|  0|   23|          16|          16|
    |add_ln58_881_fu_12240487_p2   |         +|   0|  0|   23|          16|          16|
    |add_ln58_882_fu_12246271_p2   |         +|   0|  0|   23|          16|          16|
    |add_ln58_883_fu_12240493_p2   |         +|   0|  0|   23|          16|          16|
    |add_ln58_884_fu_12240499_p2   |         +|   0|  0|   23|          16|          16|
    |add_ln58_885_fu_12246275_p2   |         +|   0|  0|   23|          16|          16|
    |add_ln58_886_fu_12248698_p2   |         +|   0|  0|   23|          16|          16|
    |add_ln58_887_fu_12240505_p2   |         +|   0|  0|   23|          16|          16|
    |add_ln58_888_fu_12240511_p2   |         +|   0|  0|   23|          16|          16|
    |add_ln58_889_fu_12246279_p2   |         +|   0|  0|   23|          16|          16|
    |add_ln58_88_fu_12237514_p2    |         +|   0|  0|   20|          15|          15|
    |add_ln58_890_fu_12240517_p2   |         +|   0|  0|   23|          16|          16|
    |add_ln58_891_fu_12240523_p2   |         +|   0|  0|   23|          16|          16|
    |add_ln58_892_fu_12246283_p2   |         +|   0|  0|   23|          16|          16|
    |add_ln58_893_fu_12248702_p2   |         +|   0|  0|   23|          16|          16|
    |add_ln58_894_fu_12249482_p2   |         +|   0|  0|   23|          16|          16|
    |add_ln58_895_fu_12240529_p2   |         +|   0|  0|   23|          16|          16|
    |add_ln58_896_fu_12240535_p2   |         +|   0|  0|   23|          16|          16|
    |add_ln58_897_fu_12246287_p2   |         +|   0|  0|   23|          16|          16|
    |add_ln58_898_fu_12240541_p2   |         +|   0|  0|   23|          16|          16|
    |add_ln58_899_fu_12240547_p2   |         +|   0|  0|   23|          16|          16|
    |add_ln58_89_fu_12237520_p2    |         +|   0|  0|   20|          15|          15|
    |add_ln58_8_fu_12237230_p2     |         +|   0|  0|   23|          16|          16|
    |add_ln58_900_fu_12246291_p2   |         +|   0|  0|   23|          16|          16|
    |add_ln58_901_fu_12248706_p2   |         +|   0|  0|   23|          16|          16|
    |add_ln58_902_fu_12240553_p2   |         +|   0|  0|   23|          16|          16|
    |add_ln58_903_fu_12240559_p2   |         +|   0|  0|   23|          16|          16|
    |add_ln58_904_fu_12246295_p2   |         +|   0|  0|   23|          16|          16|
    |add_ln58_905_fu_12240565_p2   |         +|   0|  0|   23|          16|          16|
    |add_ln58_906_fu_12240571_p2   |         +|   0|  0|   23|          16|          16|
    |add_ln58_907_fu_12246299_p2   |         +|   0|  0|   23|          16|          16|
    |add_ln58_908_fu_12248710_p2   |         +|   0|  0|   23|          16|          16|
    |add_ln58_909_fu_12249486_p2   |         +|   0|  0|   23|          16|          16|
    |add_ln58_90_fu_12244900_p2    |         +|   0|  0|   23|          16|          16|
    |add_ln58_910_fu_12249858_p2   |         +|   0|  0|   23|          16|          16|
    |add_ln58_911_fu_12231083_p2   |         +|   0|  0|   23|          16|          16|
    |add_ln58_912_fu_12240577_p2   |         +|   0|  0|   23|          16|          16|
    |add_ln58_913_fu_12246303_p2   |         +|   0|  0|   23|          16|          16|
    |add_ln58_914_fu_12240583_p2   |         +|   0|  0|   23|          16|          16|
    |add_ln58_915_fu_12240589_p2   |         +|   0|  0|   20|          15|          15|
    |add_ln58_916_fu_12246310_p2   |         +|   0|  0|   23|          16|          16|
    |add_ln58_917_fu_12248714_p2   |         +|   0|  0|   23|          16|          16|
    |add_ln58_918_fu_12240595_p2   |         +|   0|  0|   20|          15|          15|
    |add_ln58_919_fu_12240601_p2   |         +|   0|  0|   20|          15|          15|
    |add_ln58_91_fu_12248282_p2    |         +|   0|  0|   23|          16|          16|
    |add_ln58_920_fu_12246321_p2   |         +|   0|  0|   23|          16|          16|
    |add_ln58_921_fu_12240607_p2   |         +|   0|  0|   20|          15|          15|
    |add_ln58_922_fu_12240613_p2   |         +|   0|  0|   20|          15|          15|
    |add_ln58_923_fu_12246333_p2   |         +|   0|  0|   23|          16|          16|
    |add_ln58_924_fu_12248718_p2   |         +|   0|  0|   23|          16|          16|
    |add_ln58_925_fu_12249490_p2   |         +|   0|  0|   23|          16|          16|
    |add_ln58_926_fu_12240619_p2   |         +|   0|  0|   17|          14|          14|
    |add_ln58_927_fu_12240629_p2   |         +|   0|  0|   17|          14|          14|
    |add_ln58_928_fu_12240639_p2   |         +|   0|  0|   20|          15|          15|
    |add_ln58_929_fu_12240645_p2   |         +|   0|  0|   17|          14|          14|
    |add_ln58_92_fu_12249286_p2    |         +|   0|  0|   23|          16|          16|
    |add_ln58_930_fu_12240655_p2   |         +|   0|  0|   14|          13|          13|
    |add_ln58_931_fu_12240665_p2   |         +|   0|  0|   20|          15|          15|
    |add_ln58_932_fu_12246345_p2   |         +|   0|  0|   23|          16|          16|
    |add_ln58_933_fu_12240671_p2   |         +|   0|  0|   14|          13|          13|
    |add_ln58_934_fu_12240681_p2   |         +|   0|  0|   12|          12|          12|
    |add_ln58_935_fu_12240691_p2   |         +|   0|  0|   17|          14|          14|
    |add_ln58_936_fu_12240697_p2   |         +|   0|  0|   12|          11|          11|
    |add_ln58_937_fu_12240707_p2   |         +|   0|  0|   15|           8|           8|
    |add_ln58_938_fu_12240717_p2   |         +|   0|  0|   12|          12|          12|
    |add_ln58_939_fu_12246354_p2   |         +|   0|  0|   17|          14|          14|
    |add_ln58_93_fu_12249754_p2    |         +|   0|  0|   23|          16|          16|
    |add_ln58_940_fu_12248725_p2   |         +|   0|  0|   23|          16|          16|
    |add_ln58_941_fu_12249862_p2   |         +|   0|  0|   23|          16|          16|
    |add_ln58_943_fu_12240723_p2   |         +|   0|  0|   23|          16|          16|
    |add_ln58_944_fu_12240729_p2   |         +|   0|  0|   23|          16|          16|
    |add_ln58_945_fu_12246359_p2   |         +|   0|  0|   23|          16|          16|
    |add_ln58_946_fu_12240735_p2   |         +|   0|  0|   23|          16|          16|
    |add_ln58_947_fu_12240741_p2   |         +|   0|  0|   23|          16|          16|
    |add_ln58_948_fu_12246363_p2   |         +|   0|  0|   23|          16|          16|
    |add_ln58_949_fu_12248730_p2   |         +|   0|  0|   23|          16|          16|
    |add_ln58_94_fu_12237526_p2    |         +|   0|  0|   20|          15|          15|
    |add_ln58_950_fu_12240747_p2   |         +|   0|  0|   23|          16|          16|
    |add_ln58_951_fu_12240753_p2   |         +|   0|  0|   23|          16|          16|
    |add_ln58_952_fu_12246367_p2   |         +|   0|  0|   23|          16|          16|
    |add_ln58_953_fu_12240759_p2   |         +|   0|  0|   23|          16|          16|
    |add_ln58_954_fu_12240765_p2   |         +|   0|  0|   23|          16|          16|
    |add_ln58_955_fu_12246371_p2   |         +|   0|  0|   23|          16|          16|
    |add_ln58_956_fu_12248734_p2   |         +|   0|  0|   23|          16|          16|
    |add_ln58_957_fu_12249494_p2   |         +|   0|  0|   23|          16|          16|
    |add_ln58_958_fu_12240771_p2   |         +|   0|  0|   23|          16|          16|
    |add_ln58_959_fu_12240777_p2   |         +|   0|  0|   23|          16|          16|
    |add_ln58_95_fu_12237532_p2    |         +|   0|  0|   20|          15|          15|
    |add_ln58_960_fu_12246375_p2   |         +|   0|  0|   23|          16|          16|
    |add_ln58_961_fu_12240783_p2   |         +|   0|  0|   23|          16|          16|
    |add_ln58_962_fu_12240789_p2   |         +|   0|  0|   23|          16|          16|
    |add_ln58_963_fu_12246379_p2   |         +|   0|  0|   23|          16|          16|
    |add_ln58_964_fu_12248738_p2   |         +|   0|  0|   23|          16|          16|
    |add_ln58_965_fu_12240795_p2   |         +|   0|  0|   20|          15|          15|
    |add_ln58_966_fu_12240801_p2   |         +|   0|  0|   20|          15|          15|
    |add_ln58_967_fu_12246389_p2   |         +|   0|  0|   23|          16|          16|
    |add_ln58_968_fu_12240807_p2   |         +|   0|  0|   20|          15|          15|
    |add_ln58_969_fu_12240813_p2   |         +|   0|  0|   20|          15|          15|
    |add_ln58_96_fu_12244912_p2    |         +|   0|  0|   23|          16|          16|
    |add_ln58_970_fu_12246401_p2   |         +|   0|  0|   23|          16|          16|
    |add_ln58_971_fu_12248742_p2   |         +|   0|  0|   23|          16|          16|
    |add_ln58_972_fu_12249498_p2   |         +|   0|  0|   23|          16|          16|
    |add_ln58_973_fu_12249866_p2   |         +|   0|  0|   23|          16|          16|
    |add_ln58_974_fu_12240819_p2   |         +|   0|  0|   20|          15|          15|
    |add_ln58_975_fu_12240825_p2   |         +|   0|  0|   20|          15|          15|
    |add_ln58_976_fu_12246413_p2   |         +|   0|  0|   23|          16|          16|
    |add_ln58_977_fu_12240831_p2   |         +|   0|  0|   20|          15|          15|
    |add_ln58_978_fu_12240837_p2   |         +|   0|  0|   20|          15|          15|
    |add_ln58_979_fu_12246425_p2   |         +|   0|  0|   23|          16|          16|
    |add_ln58_97_fu_12237538_p2    |         +|   0|  0|   20|          15|          15|
    |add_ln58_980_fu_12248746_p2   |         +|   0|  0|   23|          16|          16|
    |add_ln58_981_fu_12240843_p2   |         +|   0|  0|   20|          15|          15|
    |add_ln58_982_fu_12240849_p2   |         +|   0|  0|   20|          15|          15|
    |add_ln58_983_fu_12246437_p2   |         +|   0|  0|   23|          16|          16|
    |add_ln58_984_fu_12240855_p2   |         +|   0|  0|   20|          15|          15|
    |add_ln58_985_fu_12240861_p2   |         +|   0|  0|   20|          15|          15|
    |add_ln58_986_fu_12246449_p2   |         +|   0|  0|   23|          16|          16|
    |add_ln58_987_fu_12248750_p2   |         +|   0|  0|   23|          16|          16|
    |add_ln58_988_fu_12249502_p2   |         +|   0|  0|   23|          16|          16|
    |add_ln58_989_fu_12240867_p2   |         +|   0|  0|   17|          14|          14|
    |add_ln58_98_fu_12237544_p2    |         +|   0|  0|   20|          15|          15|
    |add_ln58_990_fu_12240877_p2   |         +|   0|  0|   17|          14|          14|
    |add_ln58_991_fu_12240887_p2   |         +|   0|  0|   20|          15|          15|
    |add_ln58_992_fu_12240893_p2   |         +|   0|  0|   17|          14|          14|
    |add_ln58_993_fu_12240903_p2   |         +|   0|  0|   17|          14|          14|
    |add_ln58_994_fu_12240913_p2   |         +|   0|  0|   20|          15|          15|
    |add_ln58_995_fu_12246461_p2   |         +|   0|  0|   23|          16|          16|
    |add_ln58_996_fu_12246467_p2   |         +|   0|  0|   14|          13|          13|
    |add_ln58_997_fu_12246477_p2   |         +|   0|  0|   14|          13|          13|
    |add_ln58_998_fu_12246487_p2   |         +|   0|  0|   17|          14|          14|
    |add_ln58_999_fu_12240919_p2   |         +|   0|  0|   12|          12|          12|
    |add_ln58_99_fu_12244924_p2    |         +|   0|  0|   23|          16|          16|
    |add_ln58_9_fu_12244770_p2     |         +|   0|  0|   23|          16|          16|
    |add_ln58_fu_12237200_p2       |         +|   0|  0|   23|          16|          16|
    |add_ln73_10_fu_12209158_p2    |         +|   0|  0|   32|          25|          25|
    |add_ln73_11_fu_12209212_p2    |         +|   0|  0|   30|          23|          23|
    |add_ln73_12_fu_12209528_p2    |         +|   0|  0|   28|          21|          21|
    |add_ln73_13_fu_12209642_p2    |         +|   0|  0|   31|          24|          24|
    |add_ln73_14_fu_12209967_p2    |         +|   0|  0|   31|          24|          24|
    |add_ln73_15_fu_12201610_p2    |         +|   0|  0|   31|          24|          24|
    |add_ln73_16_fu_12210475_p2    |         +|   0|  0|   29|          22|          22|
    |add_ln73_17_fu_12210867_p2    |         +|   0|  0|   30|          23|          23|
    |add_ln73_18_fu_12211257_p2    |         +|   0|  0|   32|          25|          25|
    |add_ln73_19_fu_12211424_p2    |         +|   0|  0|   30|          23|          23|
    |add_ln73_1_fu_12207072_p2     |         +|   0|  0|   27|          20|          20|
    |add_ln73_20_fu_12212312_p2    |         +|   0|  0|   31|          24|          24|
    |add_ln73_21_fu_12212643_p2    |         +|   0|  0|   29|          22|          22|
    |add_ln73_22_fu_12212891_p2    |         +|   0|  0|   31|          24|          24|
    |add_ln73_23_fu_12213467_p2    |         +|   0|  0|   31|          24|          24|
    |add_ln73_24_fu_12213557_p2    |         +|   0|  0|   30|          23|          23|
    |add_ln73_25_fu_12213604_p2    |         +|   0|  0|   30|          23|          23|
    |add_ln73_26_fu_12213635_p2    |         +|   0|  0|   29|          22|          22|
    |add_ln73_27_fu_12213706_p2    |         +|   0|  0|   32|          25|          25|
    |add_ln73_28_fu_12213790_p2    |         +|   0|  0|   31|          24|          24|
    |add_ln73_29_fu_12214155_p2    |         +|   0|  0|   32|          25|          25|
    |add_ln73_2_fu_12207361_p2     |         +|   0|  0|   32|          25|          25|
    |add_ln73_30_fu_12214312_p2    |         +|   0|  0|   30|          23|          23|
    |add_ln73_31_fu_12214419_p2    |         +|   0|  0|   29|          22|          22|
    |add_ln73_32_fu_12214676_p2    |         +|   0|  0|   29|          22|          22|
    |add_ln73_33_fu_12202378_p2    |         +|   0|  0|   30|          23|          23|
    |add_ln73_34_fu_12214981_p2    |         +|   0|  0|   31|          24|          24|
    |add_ln73_35_fu_12215137_p2    |         +|   0|  0|   30|          23|          23|
    |add_ln73_36_fu_12215905_p2    |         +|   0|  0|   30|          23|          23|
    |add_ln73_37_fu_12216164_p2    |         +|   0|  0|   29|          22|          22|
    |add_ln73_38_fu_12202718_p2    |         +|   0|  0|   31|          24|          24|
    |add_ln73_39_fu_12216830_p2    |         +|   0|  0|   27|          20|          20|
    |add_ln73_3_fu_12207546_p2     |         +|   0|  0|   30|          23|          23|
    |add_ln73_40_fu_12216923_p2    |         +|   0|  0|   29|          22|          22|
    |add_ln73_41_fu_12217023_p2    |         +|   0|  0|   28|          21|          21|
    |add_ln73_42_fu_12202897_p2    |         +|   0|  0|   31|          24|          24|
    |add_ln73_43_fu_12203051_p2    |         +|   0|  0|   30|          23|          23|
    |add_ln73_44_fu_12203127_p2    |         +|   0|  0|   32|          25|          25|
    |add_ln73_45_fu_12217810_p2    |         +|   0|  0|   29|          22|          22|
    |add_ln73_46_fu_12217901_p2    |         +|   0|  0|   32|          25|          25|
    |add_ln73_47_fu_12219117_p2    |         +|   0|  0|   30|          23|          23|
    |add_ln73_48_fu_12219988_p2    |         +|   0|  0|   30|          23|          23|
    |add_ln73_49_fu_12220547_p2    |         +|   0|  0|   32|          25|          25|
    |add_ln73_4_fu_12207664_p2     |         +|   0|  0|   30|          23|          23|
    |add_ln73_50_fu_12220624_p2    |         +|   0|  0|   32|          25|          25|
    |add_ln73_51_fu_12220703_p2    |         +|   0|  0|   28|          21|          21|
    |add_ln73_52_fu_12221470_p2    |         +|   0|  0|   28|          21|          21|
    |add_ln73_53_fu_12204142_p2    |         +|   0|  0|   31|          24|          24|
    |add_ln73_54_fu_12222504_p2    |         +|   0|  0|   30|          23|          23|
    |add_ln73_55_fu_12204337_p2    |         +|   0|  0|   28|          21|          21|
    |add_ln73_56_fu_12223062_p2    |         +|   0|  0|   30|          23|          23|
    |add_ln73_57_fu_12224008_p2    |         +|   0|  0|   31|          24|          24|
    |add_ln73_58_fu_12224841_p2    |         +|   0|  0|   30|          23|          23|
    |add_ln73_59_fu_12224912_p2    |         +|   0|  0|   32|          25|          25|
    |add_ln73_5_fu_12207946_p2     |         +|   0|  0|   31|          24|          24|
    |add_ln73_60_fu_12225252_p2    |         +|   0|  0|   31|          24|          24|
    |add_ln73_61_fu_12225715_p2    |         +|   0|  0|   32|          25|          25|
    |add_ln73_62_fu_12225814_p2    |         +|   0|  0|   29|          22|          22|
    |add_ln73_63_fu_12205259_p2    |         +|   0|  0|   32|          25|          25|
    |add_ln73_64_fu_12226936_p2    |         +|   0|  0|   31|          24|          24|
    |add_ln73_65_fu_12227023_p2    |         +|   0|  0|   31|          24|          24|
    |add_ln73_66_fu_12227324_p2    |         +|   0|  0|   31|          24|          24|
    |add_ln73_67_fu_12227414_p2    |         +|   0|  0|   30|          23|          23|
    |add_ln73_68_fu_12227454_p2    |         +|   0|  0|   31|          24|          24|
    |add_ln73_69_fu_12228051_p2    |         +|   0|  0|   31|          24|          24|
    |add_ln73_6_fu_12208309_p2     |         +|   0|  0|   31|          24|          24|
    |add_ln73_70_fu_12228082_p2    |         +|   0|  0|   28|          21|          21|
    |add_ln73_71_fu_12228317_p2    |         +|   0|  0|   32|          25|          25|
    |add_ln73_72_fu_12229026_p2    |         +|   0|  0|   29|          22|          22|
    |add_ln73_73_fu_12229179_p2    |         +|   0|  0|   32|          25|          25|
    |add_ln73_74_fu_12229559_p2    |         +|   0|  0|   32|          25|          25|
    |add_ln73_75_fu_12206163_p2    |         +|   0|  0|   30|          23|          23|
    |add_ln73_76_fu_12229802_p2    |         +|   0|  0|   29|          22|          22|
    |add_ln73_77_fu_12229843_p2    |         +|   0|  0|   32|          25|          25|
    |add_ln73_78_fu_12230578_p2    |         +|   0|  0|   28|          21|          21|
    |add_ln73_79_fu_12230638_p2    |         +|   0|  0|   32|          25|          25|
    |add_ln73_7_fu_12208373_p2     |         +|   0|  0|   30|          23|          23|
    |add_ln73_80_fu_12230853_p2    |         +|   0|  0|   32|          25|          25|
    |add_ln73_81_fu_12231006_p2    |         +|   0|  0|   30|          23|          23|
    |add_ln73_8_fu_12208499_p2     |         +|   0|  0|   32|          25|          25|
    |add_ln73_9_fu_12208621_p2     |         +|   0|  0|   31|          24|          24|
    |add_ln73_fu_12206531_p2       |         +|   0|  0|   31|          24|          24|
    |x_10_fu_12250022_p2           |         +|   0|  0|   23|          16|          16|
    |x_11_fu_12250026_p2           |         +|   0|  0|   23|          16|          16|
    |x_12_fu_12250030_p2           |         +|   0|  0|   23|          16|          16|
    |x_13_fu_12250034_p2           |         +|   0|  0|   23|          16|          16|
    |x_14_fu_12250038_p2           |         +|   0|  0|   23|          16|          16|
    |x_15_fu_12250042_p2           |         +|   0|  0|   23|          16|          16|
    |x_16_fu_12250046_p2           |         +|   0|  0|   23|          16|          16|
    |x_17_fu_12250050_p2           |         +|   0|  0|   23|          16|          16|
    |x_18_fu_12250054_p2           |         +|   0|  0|   23|          16|          16|
    |x_19_fu_12250058_p2           |         +|   0|  0|   23|          16|          16|
    |x_20_fu_12250062_p2           |         +|   0|  0|   23|          16|          16|
    |x_21_fu_12250066_p2           |         +|   0|  0|   23|          16|          16|
    |x_22_fu_12250070_p2           |         +|   0|  0|   23|          16|          16|
    |x_23_fu_12250074_p2           |         +|   0|  0|   23|          16|          16|
    |x_24_fu_12250078_p2           |         +|   0|  0|   23|          16|          16|
    |x_25_fu_12250082_p2           |         +|   0|  0|   23|          16|          16|
    |x_26_fu_12250086_p2           |         +|   0|  0|   23|          16|          16|
    |x_27_fu_12250090_p2           |         +|   0|  0|   23|          16|          16|
    |x_28_fu_12250094_p2           |         +|   0|  0|   23|          16|          16|
    |x_29_fu_12250098_p2           |         +|   0|  0|   23|          16|          16|
    |x_30_fu_12250102_p2           |         +|   0|  0|   23|          16|          16|
    |x_31_fu_12250106_p2           |         +|   0|  0|   23|          16|          16|
    |x_32_fu_12250110_p2           |         +|   0|  0|   23|          16|          16|
    |x_33_fu_12250114_p2           |         +|   0|  0|   23|          16|          16|
    |x_34_fu_12250118_p2           |         +|   0|  0|   23|          16|          16|
    |x_35_fu_12250122_p2           |         +|   0|  0|   23|          16|          16|
    |x_36_fu_12250126_p2           |         +|   0|  0|   23|          16|          16|
    |x_6_fu_12250006_p2            |         +|   0|  0|   23|          16|          16|
    |x_7_fu_12250010_p2            |         +|   0|  0|   23|          16|          16|
    |x_8_fu_12250014_p2            |         +|   0|  0|   23|          16|          16|
    |x_9_fu_12250018_p2            |         +|   0|  0|   23|          16|          16|
    |x_fu_12250002_p2              |         +|   0|  0|   23|          16|          16|
    |sub_ln73_100_fu_12201875_p2   |         -|   0|  0|   30|          23|          23|
    |sub_ln73_101_fu_12212223_p2   |         -|   0|  0|   28|          21|          21|
    |sub_ln73_102_fu_12212250_p2   |         -|   0|  0|   27|          20|          20|
    |sub_ln73_103_fu_12212281_p2   |         -|   0|  0|   30|          23|          23|
    |sub_ln73_104_fu_12212331_p2   |         -|   0|  0|   31|           1|          24|
    |sub_ln73_105_fu_12212371_p2   |         -|   0|  0|   30|          23|          23|
    |sub_ln73_106_fu_12201943_p2   |         -|   0|  0|   30|           1|          23|
    |sub_ln73_107_fu_12212387_p2   |         -|   0|  0|   30|          23|          23|
    |sub_ln73_108_fu_12212451_p2   |         -|   0|  0|   30|          23|          23|
    |sub_ln73_109_fu_12212478_p2   |         -|   0|  0|   31|          24|          24|
    |sub_ln73_10_fu_12200852_p2    |         -|   0|  0|   32|           1|          25|
    |sub_ln73_110_fu_12212519_p2   |         -|   0|  0|   32|          25|          25|
    |sub_ln73_111_fu_12212559_p2   |         -|   0|  0|   30|          23|          23|
    |sub_ln73_112_fu_12201953_p2   |         -|   0|  0|   32|           1|          25|
    |sub_ln73_113_fu_12212663_p2   |         -|   0|  0|   32|          25|          25|
    |sub_ln73_114_fu_12212710_p2   |         -|   0|  0|   31|          24|          24|
    |sub_ln73_115_fu_12212767_p2   |         -|   0|  0|   32|           1|          25|
    |sub_ln73_116_fu_12212854_p2   |         -|   0|  0|   31|          24|          24|
    |sub_ln73_117_fu_12212945_p2   |         -|   0|  0|   30|          23|          23|
    |sub_ln73_118_fu_12212961_p2   |         -|   0|  0|   32|          25|          25|
    |sub_ln73_119_fu_12212980_p2   |         -|   0|  0|   32|          25|          25|
    |sub_ln73_11_fu_12206711_p2    |         -|   0|  0|   32|          25|          25|
    |sub_ln73_120_fu_12202040_p2   |         -|   0|  0|   31|          24|          24|
    |sub_ln73_121_fu_12202060_p2   |         -|   0|  0|   32|           1|          25|
    |sub_ln73_122_fu_12213123_p2   |         -|   0|  0|   32|          25|          25|
    |sub_ln73_123_fu_12213160_p2   |         -|   0|  0|   29|          22|          22|
    |sub_ln73_124_fu_12202078_p2   |         -|   0|  0|   31|           1|          24|
    |sub_ln73_125_fu_12213253_p2   |         -|   0|  0|   31|          24|          24|
    |sub_ln73_126_fu_12202088_p2   |         -|   0|  0|   30|           1|          23|
    |sub_ln73_127_fu_12213353_p2   |         -|   0|  0|   32|          25|          25|
    |sub_ln73_128_fu_12213387_p2   |         -|   0|  0|   27|          20|          20|
    |sub_ln73_129_fu_12213417_p2   |         -|   0|  0|   26|          19|          19|
    |sub_ln73_12_fu_12206736_p2    |         -|   0|  0|   30|          23|          23|
    |sub_ln73_130_fu_12213526_p2   |         -|   0|  0|   29|          22|          22|
    |sub_ln73_131_fu_12213742_p2   |         -|   0|  0|   29|          22|          22|
    |sub_ln73_132_fu_12213841_p2   |         -|   0|  0|   32|          25|          25|
    |sub_ln73_133_fu_12213885_p2   |         -|   0|  0|   31|          24|          24|
    |sub_ln73_134_fu_12213905_p2   |         -|   0|  0|   30|          23|          23|
    |sub_ln73_135_fu_12213961_p2   |         -|   0|  0|   30|           1|          23|
    |sub_ln73_136_fu_12232969_p2   |         -|   0|  0|   30|          23|          23|
    |sub_ln73_137_fu_12214033_p2   |         -|   0|  0|   32|          25|          25|
    |sub_ln73_138_fu_12202186_p2   |         -|   0|  0|   30|           1|          23|
    |sub_ln73_139_fu_12214089_p2   |         -|   0|  0|   30|          23|          23|
    |sub_ln73_13_fu_12206765_p2    |         -|   0|  0|   30|          23|          23|
    |sub_ln73_140_fu_12202204_p2   |         -|   0|  0|   28|           1|          21|
    |sub_ln73_141_fu_12214115_p2   |         -|   0|  0|   28|          21|          21|
    |sub_ln73_142_fu_12202214_p2   |         -|   0|  0|   27|           1|          20|
    |sub_ln73_143_fu_12214185_p2   |         -|   0|  0|   28|           1|          21|
    |sub_ln73_144_fu_12214232_p2   |         -|   0|  0|   28|          21|          21|
    |sub_ln73_145_fu_12202284_p2   |         -|   0|  0|   31|          24|          24|
    |sub_ln73_146_fu_12214774_p2   |         -|   0|  0|   32|          25|          25|
    |sub_ln73_147_fu_12202360_p2   |         -|   0|  0|   30|           1|          23|
    |sub_ln73_148_fu_12214821_p2   |         -|   0|  0|   30|          23|          23|
    |sub_ln73_149_fu_12214917_p2   |         -|   0|  0|   30|          23|          23|
    |sub_ln73_14_fu_12200906_p2    |         -|   0|  0|   31|           1|          24|
    |sub_ln73_150_fu_12215099_p2   |         -|   0|  0|   32|          25|          25|
    |sub_ln73_151_fu_12215161_p2   |         -|   0|  0|   29|          22|          22|
    |sub_ln73_152_fu_12215242_p2   |         -|   0|  0|   28|          21|          21|
    |sub_ln73_153_fu_12215303_p2   |         -|   0|  0|   31|          24|          24|
    |sub_ln73_154_fu_12215389_p2   |         -|   0|  0|   32|          25|          25|
    |sub_ln73_155_fu_12215404_p2   |         -|   0|  0|   32|           1|          25|
    |sub_ln73_156_fu_12215562_p2   |         -|   0|  0|   32|          25|          25|
    |sub_ln73_157_fu_12215651_p2   |         -|   0|  0|   32|          25|          25|
    |sub_ln73_158_fu_12202489_p2   |         -|   0|  0|   29|           1|          22|
    |sub_ln73_159_fu_12215748_p2   |         -|   0|  0|   29|          22|          22|
    |sub_ln73_15_fu_12206834_p2    |         -|   0|  0|   31|          24|          24|
    |sub_ln73_160_fu_12215834_p2   |         -|   0|  0|   31|           1|          24|
    |sub_ln73_161_fu_12215944_p2   |         -|   0|  0|   28|           1|          21|
    |sub_ln73_162_fu_12216012_p2   |         -|   0|  0|   32|          25|          25|
    |sub_ln73_163_fu_12202550_p2   |         -|   0|  0|   31|           1|          24|
    |sub_ln73_164_fu_12216072_p2   |         -|   0|  0|   31|          24|          24|
    |sub_ln73_165_fu_12216134_p2   |         -|   0|  0|   28|          21|          21|
    |sub_ln73_166_fu_12202560_p2   |         -|   0|  0|   29|           1|          22|
    |sub_ln73_167_fu_12216179_p2   |         -|   0|  0|   29|          22|          22|
    |sub_ln73_168_fu_12202570_p2   |         -|   0|  0|   30|          23|          23|
    |sub_ln73_169_fu_12216217_p2   |         -|   0|  0|   32|          25|          25|
    |sub_ln73_16_fu_12206890_p2    |         -|   0|  0|   27|          20|          20|
    |sub_ln73_170_fu_12202596_p2   |         -|   0|  0|   30|          23|          23|
    |sub_ln73_171_fu_12202624_p2   |         -|   0|  0|   32|           1|          25|
    |sub_ln73_172_fu_12216247_p2   |         -|   0|  0|   32|          25|          25|
    |sub_ln73_173_fu_12202694_p2   |         -|   0|  0|   30|          23|          23|
    |sub_ln73_174_fu_12202734_p2   |         -|   0|  0|   31|           1|          24|
    |sub_ln73_175_fu_12216386_p2   |         -|   0|  0|   31|          24|          24|
    |sub_ln73_176_fu_12216473_p2   |         -|   0|  0|   32|          25|          25|
    |sub_ln73_177_fu_12216540_p2   |         -|   0|  0|   31|          24|          24|
    |sub_ln73_178_fu_12216559_p2   |         -|   0|  0|   27|          20|          20|
    |sub_ln73_179_fu_12216597_p2   |         -|   0|  0|   31|          24|          24|
    |sub_ln73_17_fu_12200924_p2    |         -|   0|  0|   32|           1|          25|
    |sub_ln73_180_fu_12202814_p2   |         -|   0|  0|   28|           1|          21|
    |sub_ln73_181_fu_12216897_p2   |         -|   0|  0|   28|          21|          21|
    |sub_ln73_182_fu_12202832_p2   |         -|   0|  0|   30|           1|          23|
    |sub_ln73_183_fu_12216959_p2   |         -|   0|  0|   30|          23|          23|
    |sub_ln73_184_fu_12202917_p2   |         -|   0|  0|   26|           1|          19|
    |sub_ln73_185_fu_12202933_p2   |         -|   0|  0|   31|           1|          24|
    |sub_ln73_186_fu_12217225_p2   |         -|   0|  0|   31|          24|          24|
    |sub_ln73_187_fu_12202955_p2   |         -|   0|  0|   30|          23|          23|
    |sub_ln73_188_fu_12217274_p2   |         -|   0|  0|   27|          20|          20|
    |sub_ln73_189_fu_12217335_p2   |         -|   0|  0|   32|          25|          25|
    |sub_ln73_18_fu_12206947_p2    |         -|   0|  0|   32|          25|          25|
    |sub_ln73_190_fu_12202975_p2   |         -|   0|  0|   30|          23|          23|
    |sub_ln73_191_fu_12217382_p2   |         -|   0|  0|   32|          25|          25|
    |sub_ln73_192_fu_12203071_p2   |         -|   0|  0|   28|           1|          21|
    |sub_ln73_193_fu_12217411_p2   |         -|   0|  0|   28|          21|          21|
    |sub_ln73_194_fu_12203089_p2   |         -|   0|  0|   32|           1|          25|
    |sub_ln73_195_fu_12217556_p2   |         -|   0|  0|   32|          25|          25|
    |sub_ln73_196_fu_12203111_p2   |         -|   0|  0|   32|          25|          25|
    |sub_ln73_197_fu_12217662_p2   |         -|   0|  0|   30|          23|          23|
    |sub_ln73_198_fu_12203199_p2   |         -|   0|  0|   28|           1|          21|
    |sub_ln73_199_fu_12217837_p2   |         -|   0|  0|   28|          21|          21|
    |sub_ln73_19_fu_12207013_p2    |         -|   0|  0|   32|          25|          25|
    |sub_ln73_1_fu_12216087_p2     |         -|   0|  0|   24|           1|          17|
    |sub_ln73_200_fu_12203217_p2   |         -|   0|  0|   32|           1|          25|
    |sub_ln73_201_fu_12217876_p2   |         -|   0|  0|   32|          25|          25|
    |sub_ln73_202_fu_12203227_p2   |         -|   0|  0|   31|          24|          24|
    |sub_ln73_203_fu_12218038_p2   |         -|   0|  0|   32|          25|          25|
    |sub_ln73_204_fu_12203310_p2   |         -|   0|  0|   31|           1|          24|
    |sub_ln73_205_fu_12218108_p2   |         -|   0|  0|   31|          24|          24|
    |sub_ln73_206_fu_12218195_p2   |         -|   0|  0|   29|          22|          22|
    |sub_ln73_207_fu_12203328_p2   |         -|   0|  0|   29|           1|          22|
    |sub_ln73_208_fu_12218332_p2   |         -|   0|  0|   29|          22|          22|
    |sub_ln73_209_fu_12218355_p2   |         -|   0|  0|   27|          20|          20|
    |sub_ln73_20_fu_12200944_p2    |         -|   0|  0|   30|           1|          23|
    |sub_ln73_210_fu_12218411_p2   |         -|   0|  0|   29|          22|          22|
    |sub_ln73_211_fu_12203338_p2   |         -|   0|  0|   28|          21|          21|
    |sub_ln73_212_fu_12218523_p2   |         -|   0|  0|   27|          20|          20|
    |sub_ln73_213_fu_12203406_p2   |         -|   0|  0|   32|           1|          25|
    |sub_ln73_214_fu_12218569_p2   |         -|   0|  0|   32|          25|          25|
    |sub_ln73_215_fu_12218594_p2   |         -|   0|  0|   28|          21|          21|
    |sub_ln73_216_fu_12203424_p2   |         -|   0|  0|   29|          22|          22|
    |sub_ln73_217_fu_12218742_p2   |         -|   0|  0|   32|          25|          25|
    |sub_ln73_218_fu_12218788_p2   |         -|   0|  0|   32|          25|          25|
    |sub_ln73_219_fu_12203452_p2   |         -|   0|  0|   31|           1|          24|
    |sub_ln73_21_fu_12207173_p2    |         -|   0|  0|   28|          21|          21|
    |sub_ln73_220_fu_12218837_p2   |         -|   0|  0|   31|          24|          24|
    |sub_ln73_221_fu_12218873_p2   |         -|   0|  0|   32|           1|          25|
    |sub_ln73_222_fu_12203521_p2   |         -|   0|  0|   30|          23|          23|
    |sub_ln73_223_fu_12203553_p2   |         -|   0|  0|   28|          21|          21|
    |sub_ln73_224_fu_12203573_p2   |         -|   0|  0|   29|           1|          22|
    |sub_ln73_225_fu_12218982_p2   |         -|   0|  0|   29|          22|          22|
    |sub_ln73_226_fu_12203591_p2   |         -|   0|  0|   32|           1|          25|
    |sub_ln73_227_fu_12219027_p2   |         -|   0|  0|   32|          25|          25|
    |sub_ln73_228_fu_12219163_p2   |         -|   0|  0|   32|          25|          25|
    |sub_ln73_229_fu_12219216_p2   |         -|   0|  0|   30|          23|          23|
    |sub_ln73_22_fu_12207193_p2    |         -|   0|  0|   31|          24|          24|
    |sub_ln73_230_fu_12219312_p2   |         -|   0|  0|   26|          19|          19|
    |sub_ln73_231_fu_12219378_p2   |         -|   0|  0|   31|           1|          24|
    |sub_ln73_232_fu_12219414_p2   |         -|   0|  0|   27|          20|          20|
    |sub_ln73_233_fu_12203649_p2   |         -|   0|  0|   32|           1|          25|
    |sub_ln73_234_fu_12219481_p2   |         -|   0|  0|   32|          25|          25|
    |sub_ln73_235_fu_12219500_p2   |         -|   0|  0|   31|          24|          24|
    |sub_ln73_236_fu_12219530_p2   |         -|   0|  0|   29|          22|          22|
    |sub_ln73_237_fu_12219566_p2   |         -|   0|  0|   26|           1|          19|
    |sub_ln73_238_fu_12219596_p2   |         -|   0|  0|   30|           1|          23|
    |sub_ln73_239_fu_12234375_p2   |         -|   0|  0|   30|          23|          23|
    |sub_ln73_23_fu_12207273_p2    |         -|   0|  0|   27|           1|          20|
    |sub_ln73_240_fu_12203655_p2   |         -|   0|  0|   31|          24|          24|
    |sub_ln73_241_fu_12219624_p2   |         -|   0|  0|   31|          24|          24|
    |sub_ln73_242_fu_12219690_p2   |         -|   0|  0|   31|          24|          24|
    |sub_ln73_243_fu_12219760_p2   |         -|   0|  0|   27|          20|          20|
    |sub_ln73_244_fu_12219801_p2   |         -|   0|  0|   30|          23|          23|
    |sub_ln73_245_fu_12220044_p2   |         -|   0|  0|   30|          23|          23|
    |sub_ln73_246_fu_12220144_p2   |         -|   0|  0|   32|          25|          25|
    |sub_ln73_247_fu_12220232_p2   |         -|   0|  0|   31|          24|          24|
    |sub_ln73_248_fu_12220273_p2   |         -|   0|  0|   29|          22|          22|
    |sub_ln73_249_fu_12220329_p2   |         -|   0|  0|   30|           1|          23|
    |sub_ln73_24_fu_12207388_p2    |         -|   0|  0|   32|          25|          25|
    |sub_ln73_250_fu_12234582_p2   |         -|   0|  0|   30|          23|          23|
    |sub_ln73_251_fu_12220489_p2   |         -|   0|  0|   28|          21|          21|
    |sub_ln73_252_fu_12220654_p2   |         -|   0|  0|   31|          24|          24|
    |sub_ln73_253_fu_12220741_p2   |         -|   0|  0|   32|          25|          25|
    |sub_ln73_254_fu_12203901_p2   |         -|   0|  0|   31|           1|          24|
    |sub_ln73_255_fu_12203917_p2   |         -|   0|  0|   31|          24|          24|
    |sub_ln73_256_fu_12221111_p2   |         -|   0|  0|   31|          24|          24|
    |sub_ln73_257_fu_12221168_p2   |         -|   0|  0|   28|          21|          21|
    |sub_ln73_258_fu_12221206_p2   |         -|   0|  0|   32|          25|          25|
    |sub_ln73_259_fu_12221280_p2   |         -|   0|  0|   27|          20|          20|
    |sub_ln73_25_fu_12207415_p2    |         -|   0|  0|   30|           1|          23|
    |sub_ln73_260_fu_12221410_p2   |         -|   0|  0|   28|          21|          21|
    |sub_ln73_261_fu_12204034_p2   |         -|   0|  0|   32|           1|          25|
    |sub_ln73_262_fu_12221620_p2   |         -|   0|  0|   32|          25|          25|
    |sub_ln73_263_fu_12204052_p2   |         -|   0|  0|   29|           1|          22|
    |sub_ln73_264_fu_12221696_p2   |         -|   0|  0|   29|          22|          22|
    |sub_ln73_265_fu_12221715_p2   |         -|   0|  0|   26|           1|          19|
    |sub_ln73_266_fu_12221782_p2   |         -|   0|  0|   25|           1|          18|
    |sub_ln73_267_fu_12221823_p2   |         -|   0|  0|   29|          22|          22|
    |sub_ln73_268_fu_12221871_p2   |         -|   0|  0|   29|          22|          22|
    |sub_ln73_269_fu_12204104_p2   |         -|   0|  0|   32|          25|          25|
    |sub_ln73_26_fu_12207519_p2    |         -|   0|  0|   31|          24|          24|
    |sub_ln73_270_fu_12221938_p2   |         -|   0|  0|   26|          19|          19|
    |sub_ln73_271_fu_12222001_p2   |         -|   0|  0|   30|           1|          23|
    |sub_ln73_272_fu_12235010_p2   |         -|   0|  0|   30|          23|          23|
    |sub_ln73_273_fu_12204158_p2   |         -|   0|  0|   31|           1|          24|
    |sub_ln73_274_fu_12222017_p2   |         -|   0|  0|   31|          24|          24|
    |sub_ln73_275_fu_12204220_p2   |         -|   0|  0|   30|           1|          23|
    |sub_ln73_276_fu_12222218_p2   |         -|   0|  0|   30|          23|          23|
    |sub_ln73_277_fu_12204238_p2   |         -|   0|  0|   31|           1|          24|
    |sub_ln73_278_fu_12222233_p2   |         -|   0|  0|   31|          24|          24|
    |sub_ln73_279_fu_12204256_p2   |         -|   0|  0|   32|          25|          25|
    |sub_ln73_27_fu_12207626_p2    |         -|   0|  0|   31|          24|          24|
    |sub_ln73_280_fu_12222288_p2   |         -|   0|  0|   26|           1|          19|
    |sub_ln73_281_fu_12222365_p2   |         -|   0|  0|   31|           1|          24|
    |sub_ln73_282_fu_12204365_p2   |         -|   0|  0|   29|           1|          22|
    |sub_ln73_283_fu_12222582_p2   |         -|   0|  0|   29|          22|          22|
    |sub_ln73_284_fu_12204371_p2   |         -|   0|  0|   28|           1|          21|
    |sub_ln73_285_fu_12222828_p2   |         -|   0|  0|   28|          21|          21|
    |sub_ln73_286_fu_12222926_p2   |         -|   0|  0|   28|          21|          21|
    |sub_ln73_287_fu_12222974_p2   |         -|   0|  0|   31|          24|          24|
    |sub_ln73_288_fu_12223098_p2   |         -|   0|  0|   31|          24|          24|
    |sub_ln73_289_fu_12223158_p2   |         -|   0|  0|   32|          25|          25|
    |sub_ln73_28_fu_12207784_p2    |         -|   0|  0|   26|          19|          19|
    |sub_ln73_290_fu_12223195_p2   |         -|   0|  0|   28|          21|          21|
    |sub_ln73_291_fu_12204427_p2   |         -|   0|  0|   31|           1|          24|
    |sub_ln73_292_fu_12223215_p2   |         -|   0|  0|   31|          24|          24|
    |sub_ln73_293_fu_12223234_p2   |         -|   0|  0|   31|          24|          24|
    |sub_ln73_294_fu_12204487_p2   |         -|   0|  0|   30|           1|          23|
    |sub_ln73_295_fu_12223330_p2   |         -|   0|  0|   30|          23|          23|
    |sub_ln73_296_fu_12204517_p2   |         -|   0|  0|   28|          21|          21|
    |sub_ln73_297_fu_12204533_p2   |         -|   0|  0|   28|          21|          21|
    |sub_ln73_298_fu_12204565_p2   |         -|   0|  0|   31|          24|          24|
    |sub_ln73_299_fu_12223633_p2   |         -|   0|  0|   29|          22|          22|
    |sub_ln73_29_fu_12207865_p2    |         -|   0|  0|   32|          25|          25|
    |sub_ln73_2_fu_12221053_p2     |         -|   0|  0|   24|           1|          17|
    |sub_ln73_300_fu_12223723_p2   |         -|   0|  0|   28|          21|          21|
    |sub_ln73_301_fu_12223774_p2   |         -|   0|  0|   30|          23|          23|
    |sub_ln73_302_fu_12204647_p2   |         -|   0|  0|   32|           1|          25|
    |sub_ln73_303_fu_12223803_p2   |         -|   0|  0|   32|          25|          25|
    |sub_ln73_304_fu_12223833_p2   |         -|   0|  0|   32|          25|          25|
    |sub_ln73_305_fu_12223903_p2   |         -|   0|  0|   32|          25|          25|
    |sub_ln73_306_fu_12204657_p2   |         -|   0|  0|   29|           1|          22|
    |sub_ln73_307_fu_12223929_p2   |         -|   0|  0|   29|          22|          22|
    |sub_ln73_308_fu_12223967_p2   |         -|   0|  0|   30|          23|          23|
    |sub_ln73_309_fu_12204735_p2   |         -|   0|  0|   31|          24|          24|
    |sub_ln73_30_fu_12207895_p2    |         -|   0|  0|   27|           1|          20|
    |sub_ln73_310_fu_12204773_p2   |         -|   0|  0|   30|           1|          23|
    |sub_ln73_311_fu_12224078_p2   |         -|   0|  0|   30|          23|          23|
    |sub_ln73_312_fu_12204791_p2   |         -|   0|  0|   27|           1|          20|
    |sub_ln73_313_fu_12224093_p2   |         -|   0|  0|   27|          20|          20|
    |sub_ln73_314_fu_12204801_p2   |         -|   0|  0|   29|           1|          22|
    |sub_ln73_315_fu_12224111_p2   |         -|   0|  0|   29|          22|          22|
    |sub_ln73_316_fu_12204821_p2   |         -|   0|  0|   32|           1|          25|
    |sub_ln73_317_fu_12224167_p2   |         -|   0|  0|   32|          25|          25|
    |sub_ln73_318_fu_12224299_p2   |         -|   0|  0|   30|          23|          23|
    |sub_ln73_319_fu_12224387_p2   |         -|   0|  0|   29|          22|          22|
    |sub_ln73_31_fu_12207982_p2    |         -|   0|  0|   31|           1|          24|
    |sub_ln73_320_fu_12224448_p2   |         -|   0|  0|   31|          24|          24|
    |sub_ln73_321_fu_12224525_p2   |         -|   0|  0|   28|           1|          21|
    |sub_ln73_322_fu_12224743_p2   |         -|   0|  0|   31|          24|          24|
    |sub_ln73_323_fu_12204951_p2   |         -|   0|  0|   30|          23|          23|
    |sub_ln73_324_fu_12204971_p2   |         -|   0|  0|   29|           1|          22|
    |sub_ln73_325_fu_12224952_p2   |         -|   0|  0|   29|          22|          22|
    |sub_ln73_326_fu_12224967_p2   |         -|   0|  0|   29|          22|          22|
    |sub_ln73_327_fu_12224999_p2   |         -|   0|  0|   29|          22|          22|
    |sub_ln73_328_fu_12205034_p2   |         -|   0|  0|   31|           1|          24|
    |sub_ln73_329_fu_12225156_p2   |         -|   0|  0|   31|          24|          24|
    |sub_ln73_32_fu_12208033_p2    |         -|   0|  0|   28|          21|          21|
    |sub_ln73_330_fu_12205052_p2   |         -|   0|  0|   30|           1|          23|
    |sub_ln73_331_fu_12225341_p2   |         -|   0|  0|   30|          23|          23|
    |sub_ln73_332_fu_12205070_p2   |         -|   0|  0|   32|           1|          25|
    |sub_ln73_333_fu_12225360_p2   |         -|   0|  0|   32|          25|          25|
    |sub_ln73_334_fu_12225390_p2   |         -|   0|  0|   27|          20|          20|
    |sub_ln73_335_fu_12205092_p2   |         -|   0|  0|   32|          25|          25|
    |sub_ln73_336_fu_12225456_p2   |         -|   0|  0|   31|          24|          24|
    |sub_ln73_337_fu_12225502_p2   |         -|   0|  0|   29|          22|          22|
    |sub_ln73_338_fu_12205149_p2   |         -|   0|  0|   31|           1|          24|
    |sub_ln73_339_fu_12225552_p2   |         -|   0|  0|   31|          24|          24|
    |sub_ln73_33_fu_12208151_p2    |         -|   0|  0|   32|          25|          25|
    |sub_ln73_340_fu_12225582_p2   |         -|   0|  0|   32|          25|          25|
    |sub_ln73_341_fu_12225619_p2   |         -|   0|  0|   31|          24|          24|
    |sub_ln73_342_fu_12225655_p2   |         -|   0|  0|   29|          22|          22|
    |sub_ln73_343_fu_12205167_p2   |         -|   0|  0|   32|           1|          25|
    |sub_ln73_344_fu_12225764_p2   |         -|   0|  0|   32|          25|          25|
    |sub_ln73_345_fu_12225884_p2   |         -|   0|  0|   32|          25|          25|
    |sub_ln73_346_fu_12225908_p2   |         -|   0|  0|   28|          21|          21|
    |sub_ln73_347_fu_12205227_p2   |         -|   0|  0|   31|           1|          24|
    |sub_ln73_348_fu_12225934_p2   |         -|   0|  0|   31|          24|          24|
    |sub_ln73_349_fu_12225990_p2   |         -|   0|  0|   27|          20|          20|
    |sub_ln73_34_fu_12201098_p2    |         -|   0|  0|   32|           1|          25|
    |sub_ln73_350_fu_12226096_p2   |         -|   0|  0|   27|          20|          20|
    |sub_ln73_351_fu_12226147_p2   |         -|   0|  0|   32|          25|          25|
    |sub_ln73_352_fu_12226178_p2   |         -|   0|  0|   28|          21|          21|
    |sub_ln73_353_fu_12226238_p2   |         -|   0|  0|   30|          23|          23|
    |sub_ln73_354_fu_12205279_p2   |         -|   0|  0|   30|          23|          23|
    |sub_ln73_355_fu_12205351_p2   |         -|   0|  0|   29|          22|          22|
    |sub_ln73_356_fu_12205379_p2   |         -|   0|  0|   28|           1|          21|
    |sub_ln73_357_fu_12226387_p2   |         -|   0|  0|   28|          21|          21|
    |sub_ln73_358_fu_12205401_p2   |         -|   0|  0|   31|          24|          24|
    |sub_ln73_359_fu_12226463_p2   |         -|   0|  0|   32|           1|          25|
    |sub_ln73_35_fu_12208181_p2    |         -|   0|  0|   32|          25|          25|
    |sub_ln73_360_fu_12205421_p2   |         -|   0|  0|   29|          22|          22|
    |sub_ln73_361_fu_12226583_p2   |         -|   0|  0|   26|          19|          19|
    |sub_ln73_362_fu_12226624_p2   |         -|   0|  0|   30|          23|          23|
    |sub_ln73_363_fu_12226692_p2   |         -|   0|  0|   32|          25|          25|
    |sub_ln73_364_fu_12226810_p2   |         -|   0|  0|   31|          24|          24|
    |sub_ln73_365_fu_12205489_p2   |         -|   0|  0|   30|           1|          23|
    |sub_ln73_366_fu_12226880_p2   |         -|   0|  0|   30|          23|          23|
    |sub_ln73_367_fu_12205511_p2   |         -|   0|  0|   29|          22|          22|
    |sub_ln73_368_fu_12227071_p2   |         -|   0|  0|   32|          25|          25|
    |sub_ln73_369_fu_12227128_p2   |         -|   0|  0|   32|          25|          25|
    |sub_ln73_36_fu_12208207_p2    |         -|   0|  0|   30|          23|          23|
    |sub_ln73_370_fu_12205582_p2   |         -|   0|  0|   29|           1|          22|
    |sub_ln73_371_fu_12227184_p2   |         -|   0|  0|   29|          22|          22|
    |sub_ln73_372_fu_12205592_p2   |         -|   0|  0|   28|          21|          21|
    |sub_ln73_373_fu_12205620_p2   |         -|   0|  0|   30|           1|          23|
    |sub_ln73_374_fu_12227218_p2   |         -|   0|  0|   30|          23|          23|
    |sub_ln73_375_fu_12205677_p2   |         -|   0|  0|   28|           1|          21|
    |sub_ln73_376_fu_12227500_p2   |         -|   0|  0|   28|          21|          21|
    |sub_ln73_377_fu_12227519_p2   |         -|   0|  0|   28|          21|          21|
    |sub_ln73_378_fu_12227548_p2   |         -|   0|  0|   30|          23|          23|
    |sub_ln73_379_fu_12227594_p2   |         -|   0|  0|   28|          21|          21|
    |sub_ln73_37_fu_12208278_p2    |         -|   0|  0|   29|          22|          22|
    |sub_ln73_380_fu_12205695_p2   |         -|   0|  0|   31|          24|          24|
    |sub_ln73_381_fu_12205715_p2   |         -|   0|  0|   32|           1|          25|
    |sub_ln73_382_fu_12227721_p2   |         -|   0|  0|   32|          25|          25|
    |sub_ln73_383_fu_12205792_p2   |         -|   0|  0|   29|           1|          22|
    |sub_ln73_384_fu_12227846_p2   |         -|   0|  0|   29|          22|          22|
    |sub_ln73_385_fu_12205810_p2   |         -|   0|  0|   32|           1|          25|
    |sub_ln73_386_fu_12227881_p2   |         -|   0|  0|   32|          25|          25|
    |sub_ln73_387_fu_12205820_p2   |         -|   0|  0|   28|          21|          21|
    |sub_ln73_388_fu_12205848_p2   |         -|   0|  0|   32|          25|          25|
    |sub_ln73_389_fu_12205926_p2   |         -|   0|  0|   30|          23|          23|
    |sub_ln73_38_fu_12201156_p2    |         -|   0|  0|   31|           1|          24|
    |sub_ln73_390_fu_12205946_p2   |         -|   0|  0|   31|           1|          24|
    |sub_ln73_391_fu_12228238_p2   |         -|   0|  0|   31|          24|          24|
    |sub_ln73_392_fu_12205968_p2   |         -|   0|  0|   32|          25|          25|
    |sub_ln73_393_fu_12228368_p2   |         -|   0|  0|   31|          24|          24|
    |sub_ln73_394_fu_12228576_p2   |         -|   0|  0|   32|          25|          25|
    |sub_ln73_395_fu_12228613_p2   |         -|   0|  0|   32|          25|          25|
    |sub_ln73_396_fu_12206032_p2   |         -|   0|  0|   29|           1|          22|
    |sub_ln73_397_fu_12228683_p2   |         -|   0|  0|   29|          22|          22|
    |sub_ln73_398_fu_12228722_p2   |         -|   0|  0|   26|           1|          19|
    |sub_ln73_399_fu_12228829_p2   |         -|   0|  0|   32|          25|          25|
    |sub_ln73_39_fu_12208443_p2    |         -|   0|  0|   31|          24|          24|
    |sub_ln73_3_fu_12222031_p2     |         -|   0|  0|   24|           1|          17|
    |sub_ln73_400_fu_12206050_p2   |         -|   0|  0|   32|           1|          25|
    |sub_ln73_401_fu_12228878_p2   |         -|   0|  0|   32|          25|          25|
    |sub_ln73_402_fu_12228955_p2   |         -|   0|  0|   30|          23|          23|
    |sub_ln73_403_fu_12229084_p2   |         -|   0|  0|   31|          24|          24|
    |sub_ln73_404_fu_12229104_p2   |         -|   0|  0|   30|          23|          23|
    |sub_ln73_405_fu_12229145_p2   |         -|   0|  0|   32|          25|          25|
    |sub_ln73_406_fu_12229296_p2   |         -|   0|  0|   31|          24|          24|
    |sub_ln73_407_fu_12229387_p2   |         -|   0|  0|   32|          25|          25|
    |sub_ln73_408_fu_12229438_p2   |         -|   0|  0|   31|          24|          24|
    |sub_ln73_409_fu_12206183_p2   |         -|   0|  0|   27|           1|          20|
    |sub_ln73_40_fu_12208469_p2    |         -|   0|  0|   31|          24|          24|
    |sub_ln73_410_fu_12229615_p2   |         -|   0|  0|   27|          20|          20|
    |sub_ln73_411_fu_12229765_p2   |         -|   0|  0|   31|          24|          24|
    |sub_ln73_412_fu_12229894_p2   |         -|   0|  0|   32|          25|          25|
    |sub_ln73_413_fu_12229961_p2   |         -|   0|  0|   31|          24|          24|
    |sub_ln73_414_fu_12206235_p2   |         -|   0|  0|   31|           1|          24|
    |sub_ln73_415_fu_12230058_p2   |         -|   0|  0|   31|          24|          24|
    |sub_ln73_416_fu_12230077_p2   |         -|   0|  0|   29|          22|          22|
    |sub_ln73_417_fu_12230110_p2   |         -|   0|  0|   30|          23|          23|
    |sub_ln73_418_fu_12230180_p2   |         -|   0|  0|   29|          22|          22|
    |sub_ln73_419_fu_12230240_p2   |         -|   0|  0|   26|          19|          19|
    |sub_ln73_41_fu_12208538_p2    |         -|   0|  0|   29|          22|          22|
    |sub_ln73_420_fu_12230298_p2   |         -|   0|  0|   31|          24|          24|
    |sub_ln73_421_fu_12206286_p2   |         -|   0|  0|   30|          23|          23|
    |sub_ln73_422_fu_12230384_p2   |         -|   0|  0|   31|          24|          24|
    |sub_ln73_423_fu_12230449_p2   |         -|   0|  0|   26|          19|          19|
    |sub_ln73_424_fu_12230496_p2   |         -|   0|  0|   31|          24|          24|
    |sub_ln73_425_fu_12230527_p2   |         -|   0|  0|   32|          25|          25|
    |sub_ln73_426_fu_12230698_p2   |         -|   0|  0|   31|          24|          24|
    |sub_ln73_427_fu_12230769_p2   |         -|   0|  0|   29|          22|          22|
    |sub_ln73_428_fu_12230807_p2   |         -|   0|  0|   28|          21|          21|
    |sub_ln73_429_fu_12230833_p2   |         -|   0|  0|   28|           1|          21|
    |sub_ln73_42_fu_12208554_p2    |         -|   0|  0|   31|           1|          24|
    |sub_ln73_430_fu_12230891_p2   |         -|   0|  0|   32|          25|          25|
    |sub_ln73_431_fu_12230917_p2   |         -|   0|  0|   31|          24|          24|
    |sub_ln73_432_fu_12230966_p2   |         -|   0|  0|   27|          20|          20|
    |sub_ln73_43_fu_12201174_p2    |         -|   0|  0|   30|           1|          23|
    |sub_ln73_44_fu_12208670_p2    |         -|   0|  0|   30|          23|          23|
    |sub_ln73_45_fu_12208689_p2    |         -|   0|  0|   29|          22|          22|
    |sub_ln73_46_fu_12208715_p2    |         -|   0|  0|   30|          23|          23|
    |sub_ln73_47_fu_12208733_p2    |         -|   0|  0|   28|           1|          21|
    |sub_ln73_48_fu_12208773_p2    |         -|   0|  0|   26|           1|          19|
    |sub_ln73_49_fu_12208881_p2    |         -|   0|  0|   29|          22|          22|
    |sub_ln73_4_fu_12222849_p2     |         -|   0|  0|   24|           1|          17|
    |sub_ln73_50_fu_12208917_p2    |         -|   0|  0|   29|          22|          22|
    |sub_ln73_51_fu_12209097_p2    |         -|   0|  0|   31|          24|          24|
    |sub_ln73_52_fu_12201233_p2    |         -|   0|  0|   30|          23|          23|
    |sub_ln73_53_fu_12201308_p2    |         -|   0|  0|   31|          24|          24|
    |sub_ln73_54_fu_12209395_p2    |         -|   0|  0|   28|          21|          21|
    |sub_ln73_55_fu_12209472_p2    |         -|   0|  0|   28|          21|          21|
    |sub_ln73_56_fu_12201342_p2    |         -|   0|  0|   30|           1|          23|
    |sub_ln73_57_fu_12209502_p2    |         -|   0|  0|   30|          23|          23|
    |sub_ln73_58_fu_12201400_p2    |         -|   0|  0|   28|           1|          21|
    |sub_ln73_59_fu_12209605_p2    |         -|   0|  0|   28|          21|          21|
    |sub_ln73_5_fu_12206387_p2     |         -|   0|  0|   31|          24|          24|
    |sub_ln73_60_fu_12201410_p2    |         -|   0|  0|   27|          20|          20|
    |sub_ln73_61_fu_12201438_p2    |         -|   0|  0|   31|           1|          24|
    |sub_ln73_62_fu_12201458_p2    |         -|   0|  0|   32|           1|          25|
    |sub_ln73_63_fu_12209822_p2    |         -|   0|  0|   32|          25|          25|
    |sub_ln73_64_fu_12209841_p2    |         -|   0|  0|   30|          23|          23|
    |sub_ln73_65_fu_12210065_p2    |         -|   0|  0|   29|          22|          22|
    |sub_ln73_66_fu_12201510_p2    |         -|   0|  0|   32|           1|          25|
    |sub_ln73_67_fu_12210081_p2    |         -|   0|  0|   32|          25|          25|
    |sub_ln73_68_fu_12210176_p2    |         -|   0|  0|   29|          22|          22|
    |sub_ln73_69_fu_12210283_p2    |         -|   0|  0|   28|          21|          21|
    |sub_ln73_6_fu_12206493_p2     |         -|   0|  0|   31|           1|          24|
    |sub_ln73_70_fu_12201560_p2    |         -|   0|  0|   31|           1|          24|
    |sub_ln73_71_fu_12210356_p2    |         -|   0|  0|   31|          24|          24|
    |sub_ln73_72_fu_12210392_p2    |         -|   0|  0|   29|          22|          22|
    |sub_ln73_73_fu_12210428_p2    |         -|   0|  0|   29|          22|          22|
    |sub_ln73_74_fu_12201582_p2    |         -|   0|  0|   32|          25|          25|
    |sub_ln73_75_fu_12210555_p2    |         -|   0|  0|   31|          24|          24|
    |sub_ln73_76_fu_12210793_p2    |         -|   0|  0|   29|          22|          22|
    |sub_ln73_77_fu_12210923_p2    |         -|   0|  0|   29|           1|          22|
    |sub_ln73_78_fu_12201682_p2    |         -|   0|  0|   31|           1|          24|
    |sub_ln73_79_fu_12210980_p2    |         -|   0|  0|   31|          24|          24|
    |sub_ln73_7_fu_12206562_p2     |         -|   0|  0|   29|          22|          22|
    |sub_ln73_80_fu_12211076_p2    |         -|   0|  0|   30|           1|          23|
    |sub_ln73_81_fu_12232319_p2    |         -|   0|  0|   30|          23|          23|
    |sub_ln73_82_fu_12211101_p2    |         -|   0|  0|   29|          22|          22|
    |sub_ln73_83_fu_12211139_p2    |         -|   0|  0|   30|          23|          23|
    |sub_ln73_84_fu_12211297_p2    |         -|   0|  0|   27|           1|          20|
    |sub_ln73_85_fu_12211338_p2    |         -|   0|  0|   31|          24|          24|
    |sub_ln73_86_fu_12211458_p2    |         -|   0|  0|   28|          21|          21|
    |sub_ln73_87_fu_12201789_p2    |         -|   0|  0|   30|           1|          23|
    |sub_ln73_88_fu_12211594_p2    |         -|   0|  0|   30|          23|          23|
    |sub_ln73_89_fu_12211640_p2    |         -|   0|  0|   31|          24|          24|
    |sub_ln73_8_fu_12206593_p2     |         -|   0|  0|   30|          23|          23|
    |sub_ln73_90_fu_12211706_p2    |         -|   0|  0|   31|          24|          24|
    |sub_ln73_91_fu_12211783_p2    |         -|   0|  0|   32|          25|          25|
    |sub_ln73_92_fu_12211841_p2    |         -|   0|  0|   31|          24|          24|
    |sub_ln73_93_fu_12211871_p2    |         -|   0|  0|   32|          25|          25|
    |sub_ln73_94_fu_12201843_p2    |         -|   0|  0|   28|           1|          21|
    |sub_ln73_95_fu_12211971_p2    |         -|   0|  0|   28|          21|          21|
    |sub_ln73_96_fu_12212057_p2    |         -|   0|  0|   31|          24|          24|
    |sub_ln73_97_fu_12201861_p2    |         -|   0|  0|   31|           1|          24|
    |sub_ln73_98_fu_12212156_p2    |         -|   0|  0|   31|          24|          24|
    |sub_ln73_99_fu_12212171_p2    |         -|   0|  0|   31|          24|          24|
    |sub_ln73_9_fu_12206634_p2     |         -|   0|  0|   32|          25|          25|
    |sub_ln73_fu_12213196_p2       |         -|   0|  0|   24|           1|          17|
    +------------------------------+----------+----+---+-----+------------+------------+
    |Total                         |          |   0|  0|58390|       40289|       42867|
    +------------------------------+----------+----+---+-----+------------+------------+

    * Multiplexer: 
    N/A

    * Register: 
    +---------------------------------------------+-----+----+-----+-----------+
    |                     Name                    |  FF | LUT| Bits| Const Bits|
    +---------------------------------------------+-----+----+-----+-----------+
    |add_ln58_1001_reg_12266396                   |   13|   0|   13|          0|
    |add_ln58_1001_reg_12266396_pp0_iter3_reg     |   13|   0|   13|          0|
    |add_ln58_1002_reg_12271466                   |   15|   0|   15|          0|
    |add_ln58_1003_reg_12272306                   |   16|   0|   16|          0|
    |add_ln58_1004_reg_12272741                   |   16|   0|   16|          0|
    |add_ln58_1006_reg_12266401                   |   16|   0|   16|          0|
    |add_ln58_1007_reg_12266406                   |   16|   0|   16|          0|
    |add_ln58_1008_reg_12269766                   |   16|   0|   16|          0|
    |add_ln58_1009_reg_12266411                   |   16|   0|   16|          0|
    |add_ln58_100_reg_12270966                    |   16|   0|   16|          0|
    |add_ln58_1010_reg_12266416                   |   16|   0|   16|          0|
    |add_ln58_1011_reg_12269771                   |   16|   0|   16|          0|
    |add_ln58_1012_reg_12271471                   |   16|   0|   16|          0|
    |add_ln58_1013_reg_12266421                   |   16|   0|   16|          0|
    |add_ln58_1014_reg_12266426                   |   16|   0|   16|          0|
    |add_ln58_1015_reg_12269776                   |   16|   0|   16|          0|
    |add_ln58_1016_reg_12266431                   |   16|   0|   16|          0|
    |add_ln58_1017_reg_12266436                   |   16|   0|   16|          0|
    |add_ln58_1018_reg_12269781                   |   16|   0|   16|          0|
    |add_ln58_1019_reg_12271476                   |   16|   0|   16|          0|
    |add_ln58_101_reg_12264431                    |   15|   0|   15|          0|
    |add_ln58_1020_reg_12272311                   |   16|   0|   16|          0|
    |add_ln58_1021_reg_12266441                   |   16|   0|   16|          0|
    |add_ln58_1022_reg_12266446                   |   16|   0|   16|          0|
    |add_ln58_1023_reg_12269786                   |   16|   0|   16|          0|
    |add_ln58_1024_reg_12266451                   |   16|   0|   16|          0|
    |add_ln58_1025_reg_12266456                   |   16|   0|   16|          0|
    |add_ln58_1026_reg_12269791                   |   16|   0|   16|          0|
    |add_ln58_1027_reg_12271481                   |   16|   0|   16|          0|
    |add_ln58_1028_reg_12266461                   |   16|   0|   16|          0|
    |add_ln58_1029_reg_12266466                   |   16|   0|   16|          0|
    |add_ln58_102_reg_12264436                    |   15|   0|   15|          0|
    |add_ln58_1030_reg_12269796                   |   16|   0|   16|          0|
    |add_ln58_1031_reg_12266471                   |   16|   0|   16|          0|
    |add_ln58_1032_reg_12266476                   |   16|   0|   16|          0|
    |add_ln58_1033_reg_12269801                   |   16|   0|   16|          0|
    |add_ln58_1034_reg_12271486                   |   16|   0|   16|          0|
    |add_ln58_1035_reg_12272316                   |   16|   0|   16|          0|
    |add_ln58_1036_reg_12272746                   |   16|   0|   16|          0|
    |add_ln58_1037_reg_12266481                   |   16|   0|   16|          0|
    |add_ln58_1038_reg_12266486                   |   16|   0|   16|          0|
    |add_ln58_1039_reg_12269806                   |   16|   0|   16|          0|
    |add_ln58_103_reg_12268766                    |   16|   0|   16|          0|
    |add_ln58_1040_reg_12266491                   |   16|   0|   16|          0|
    |add_ln58_1041_reg_12266496                   |   16|   0|   16|          0|
    |add_ln58_1042_reg_12269811                   |   16|   0|   16|          0|
    |add_ln58_1043_reg_12271491                   |   16|   0|   16|          0|
    |add_ln58_1044_reg_12266501                   |   16|   0|   16|          0|
    |add_ln58_1045_reg_12266506                   |   16|   0|   16|          0|
    |add_ln58_1046_reg_12269816                   |   16|   0|   16|          0|
    |add_ln58_1047_reg_12266511                   |   15|   0|   15|          0|
    |add_ln58_1048_reg_12266516                   |   15|   0|   15|          0|
    |add_ln58_1049_reg_12269821                   |   16|   0|   16|          0|
    |add_ln58_1050_reg_12271496                   |   16|   0|   16|          0|
    |add_ln58_1051_reg_12272321                   |   16|   0|   16|          0|
    |add_ln58_1052_reg_12266521                   |   15|   0|   15|          0|
    |add_ln58_1053_reg_12266526                   |   15|   0|   15|          0|
    |add_ln58_1054_reg_12269826                   |   16|   0|   16|          0|
    |add_ln58_1055_reg_12266531                   |   15|   0|   15|          0|
    |add_ln58_1056_reg_12266536                   |   14|   0|   14|          0|
    |add_ln58_1057_reg_12269831                   |   16|   0|   16|          0|
    |add_ln58_1058_reg_12271501                   |   16|   0|   16|          0|
    |add_ln58_1061_reg_12266541                   |   15|   0|   15|          0|
    |add_ln58_1064_reg_12266546                   |   14|   0|   14|          0|
    |add_ln58_1065_reg_12269836                   |   16|   0|   16|          0|
    |add_ln58_1065_reg_12269836_pp0_iter4_reg     |   16|   0|   16|          0|
    |add_ln58_1066_reg_12272326                   |   16|   0|   16|          0|
    |add_ln58_1067_reg_12272751                   |   16|   0|   16|          0|
    |add_ln58_1069_reg_12266551                   |   16|   0|   16|          0|
    |add_ln58_106_reg_12264441                    |   15|   0|   15|          0|
    |add_ln58_106_reg_12264441_pp0_iter3_reg      |   15|   0|   15|          0|
    |add_ln58_1070_reg_12266556                   |   16|   0|   16|          0|
    |add_ln58_1071_reg_12269841                   |   16|   0|   16|          0|
    |add_ln58_1072_reg_12266561                   |   16|   0|   16|          0|
    |add_ln58_1073_reg_12266566                   |   16|   0|   16|          0|
    |add_ln58_1074_reg_12269846                   |   16|   0|   16|          0|
    |add_ln58_1075_reg_12271506                   |   16|   0|   16|          0|
    |add_ln58_1076_reg_12266571                   |   16|   0|   16|          0|
    |add_ln58_1077_reg_12266576                   |   16|   0|   16|          0|
    |add_ln58_1078_reg_12269851                   |   16|   0|   16|          0|
    |add_ln58_1079_reg_12266581                   |   16|   0|   16|          0|
    |add_ln58_107_reg_12270971                    |   16|   0|   16|          0|
    |add_ln58_1080_reg_12266586                   |   16|   0|   16|          0|
    |add_ln58_1081_reg_12269856                   |   16|   0|   16|          0|
    |add_ln58_1082_reg_12271511                   |   16|   0|   16|          0|
    |add_ln58_1083_reg_12272331                   |   16|   0|   16|          0|
    |add_ln58_1084_reg_12266591                   |   16|   0|   16|          0|
    |add_ln58_1085_reg_12266596                   |   16|   0|   16|          0|
    |add_ln58_1086_reg_12269861                   |   16|   0|   16|          0|
    |add_ln58_1087_reg_12266601                   |   16|   0|   16|          0|
    |add_ln58_1088_reg_12266606                   |   16|   0|   16|          0|
    |add_ln58_1089_reg_12269866                   |   16|   0|   16|          0|
    |add_ln58_108_reg_12272061                    |   16|   0|   16|          0|
    |add_ln58_1090_reg_12271516                   |   16|   0|   16|          0|
    |add_ln58_1091_reg_12266611                   |   16|   0|   16|          0|
    |add_ln58_1092_reg_12266616                   |   15|   0|   15|          0|
    |add_ln58_1093_reg_12269871                   |   16|   0|   16|          0|
    |add_ln58_1094_reg_12266621                   |   15|   0|   15|          0|
    |add_ln58_1095_reg_12266626                   |   15|   0|   15|          0|
    |add_ln58_1096_reg_12269876                   |   16|   0|   16|          0|
    |add_ln58_1097_reg_12271521                   |   16|   0|   16|          0|
    |add_ln58_1098_reg_12272336                   |   16|   0|   16|          0|
    |add_ln58_1099_reg_12272756                   |   16|   0|   16|          0|
    |add_ln58_10_reg_12264216                     |   16|   0|   16|          0|
    |add_ln58_1100_reg_12266631                   |   15|   0|   15|          0|
    |add_ln58_1101_reg_12266636                   |   15|   0|   15|          0|
    |add_ln58_1102_reg_12269881                   |   16|   0|   16|          0|
    |add_ln58_1103_reg_12266641                   |   15|   0|   15|          0|
    |add_ln58_1104_reg_12266646                   |   15|   0|   15|          0|
    |add_ln58_1105_reg_12269886                   |   16|   0|   16|          0|
    |add_ln58_1106_reg_12271526                   |   16|   0|   16|          0|
    |add_ln58_1107_reg_12266651                   |   15|   0|   15|          0|
    |add_ln58_1108_reg_12266656                   |   15|   0|   15|          0|
    |add_ln58_1109_reg_12269891                   |   16|   0|   16|          0|
    |add_ln58_1110_reg_12266661                   |   15|   0|   15|          0|
    |add_ln58_1111_reg_12266666                   |   15|   0|   15|          0|
    |add_ln58_1112_reg_12269896                   |   16|   0|   16|          0|
    |add_ln58_1113_reg_12271531                   |   16|   0|   16|          0|
    |add_ln58_1114_reg_12272341                   |   16|   0|   16|          0|
    |add_ln58_1115_reg_12266671                   |   15|   0|   15|          0|
    |add_ln58_1116_reg_12266676                   |   14|   0|   14|          0|
    |add_ln58_1117_reg_12269901                   |   16|   0|   16|          0|
    |add_ln58_1119_reg_12266681                   |   14|   0|   14|          0|
    |add_ln58_111_reg_12264446                    |   15|   0|   15|          0|
    |add_ln58_1120_reg_12269906                   |   15|   0|   15|          0|
    |add_ln58_1121_reg_12271536                   |   16|   0|   16|          0|
    |add_ln58_1124_reg_12266686                   |   15|   0|   15|          0|
    |add_ln58_1127_reg_12266691                   |   14|   0|   14|          0|
    |add_ln58_1128_reg_12269911                   |   16|   0|   16|          0|
    |add_ln58_1128_reg_12269911_pp0_iter4_reg     |   16|   0|   16|          0|
    |add_ln58_1129_reg_12272346                   |   16|   0|   16|          0|
    |add_ln58_1130_reg_12272761                   |   16|   0|   16|          0|
    |add_ln58_1132_reg_12266696                   |   16|   0|   16|          0|
    |add_ln58_1133_reg_12266701                   |   16|   0|   16|          0|
    |add_ln58_1134_reg_12269916                   |   16|   0|   16|          0|
    |add_ln58_1135_reg_12266706                   |   16|   0|   16|          0|
    |add_ln58_1136_reg_12266711                   |   16|   0|   16|          0|
    |add_ln58_1137_reg_12269921                   |   16|   0|   16|          0|
    |add_ln58_1138_reg_12271541                   |   16|   0|   16|          0|
    |add_ln58_1139_reg_12266716                   |   16|   0|   16|          0|
    |add_ln58_1140_reg_12266721                   |   16|   0|   16|          0|
    |add_ln58_1141_reg_12269926                   |   16|   0|   16|          0|
    |add_ln58_1142_reg_12266726                   |   16|   0|   16|          0|
    |add_ln58_1143_reg_12266731                   |   16|   0|   16|          0|
    |add_ln58_1144_reg_12269931                   |   16|   0|   16|          0|
    |add_ln58_1145_reg_12271546                   |   16|   0|   16|          0|
    |add_ln58_1146_reg_12272351                   |   16|   0|   16|          0|
    |add_ln58_1147_reg_12266736                   |   16|   0|   16|          0|
    |add_ln58_1148_reg_12266741                   |   16|   0|   16|          0|
    |add_ln58_1149_reg_12269936                   |   16|   0|   16|          0|
    |add_ln58_114_reg_12264451                    |   15|   0|   15|          0|
    |add_ln58_1150_reg_12266746                   |   16|   0|   16|          0|
    |add_ln58_1151_reg_12266751                   |   16|   0|   16|          0|
    |add_ln58_1152_reg_12269941                   |   16|   0|   16|          0|
    |add_ln58_1153_reg_12271551                   |   16|   0|   16|          0|
    |add_ln58_1154_reg_12266756                   |   16|   0|   16|          0|
    |add_ln58_1155_reg_12266761                   |   16|   0|   16|          0|
    |add_ln58_1156_reg_12269946                   |   16|   0|   16|          0|
    |add_ln58_1157_reg_12266766                   |   16|   0|   16|          0|
    |add_ln58_1158_reg_12266771                   |   16|   0|   16|          0|
    |add_ln58_1159_reg_12269951                   |   16|   0|   16|          0|
    |add_ln58_115_reg_12268771                    |   16|   0|   16|          0|
    |add_ln58_1160_reg_12271556                   |   16|   0|   16|          0|
    |add_ln58_1161_reg_12272356                   |   16|   0|   16|          0|
    |add_ln58_1162_reg_12272766                   |   16|   0|   16|          0|
    |add_ln58_1163_reg_12266776                   |   16|   0|   16|          0|
    |add_ln58_1164_reg_12266781                   |   16|   0|   16|          0|
    |add_ln58_1165_reg_12269956                   |   16|   0|   16|          0|
    |add_ln58_1166_reg_12266786                   |   16|   0|   16|          0|
    |add_ln58_1167_reg_12266791                   |   15|   0|   15|          0|
    |add_ln58_1168_reg_12269961                   |   16|   0|   16|          0|
    |add_ln58_1169_reg_12271561                   |   16|   0|   16|          0|
    |add_ln58_1170_reg_12266796                   |   15|   0|   15|          0|
    |add_ln58_1171_reg_12266801                   |   15|   0|   15|          0|
    |add_ln58_1172_reg_12269966                   |   16|   0|   16|          0|
    |add_ln58_1173_reg_12266806                   |   15|   0|   15|          0|
    |add_ln58_1174_reg_12266811                   |   15|   0|   15|          0|
    |add_ln58_1175_reg_12269971                   |   16|   0|   16|          0|
    |add_ln58_1176_reg_12271566                   |   16|   0|   16|          0|
    |add_ln58_1177_reg_12272361                   |   16|   0|   16|          0|
    |add_ln58_1178_reg_12266816                   |   15|   0|   15|          0|
    |add_ln58_1179_reg_12266821                   |   15|   0|   15|          0|
    |add_ln58_1180_reg_12269976                   |   16|   0|   16|          0|
    |add_ln58_1181_reg_12266826                   |   15|   0|   15|          0|
    |add_ln58_1183_reg_12269981                   |   16|   0|   16|          0|
    |add_ln58_1184_reg_12271571                   |   16|   0|   16|          0|
    |add_ln58_1187_reg_12266831                   |   15|   0|   15|          0|
    |add_ln58_118_reg_12264456                    |   14|   0|   14|          0|
    |add_ln58_1190_reg_12266836                   |   14|   0|   14|          0|
    |add_ln58_1191_reg_12269986                   |   16|   0|   16|          0|
    |add_ln58_1191_reg_12269986_pp0_iter4_reg     |   16|   0|   16|          0|
    |add_ln58_1192_reg_12272366                   |   16|   0|   16|          0|
    |add_ln58_1193_reg_12272771                   |   16|   0|   16|          0|
    |add_ln58_1195_reg_12266841                   |   16|   0|   16|          0|
    |add_ln58_1196_reg_12266846                   |   16|   0|   16|          0|
    |add_ln58_1197_reg_12269991                   |   16|   0|   16|          0|
    |add_ln58_1198_reg_12266851                   |   16|   0|   16|          0|
    |add_ln58_1199_reg_12266856                   |   16|   0|   16|          0|
    |add_ln58_11_reg_12264221                     |   16|   0|   16|          0|
    |add_ln58_1200_reg_12269996                   |   16|   0|   16|          0|
    |add_ln58_1201_reg_12271576                   |   16|   0|   16|          0|
    |add_ln58_1202_reg_12266861                   |   16|   0|   16|          0|
    |add_ln58_1203_reg_12266866                   |   16|   0|   16|          0|
    |add_ln58_1204_reg_12270001                   |   16|   0|   16|          0|
    |add_ln58_1205_reg_12266871                   |   16|   0|   16|          0|
    |add_ln58_1206_reg_12266876                   |   16|   0|   16|          0|
    |add_ln58_1207_reg_12270006                   |   16|   0|   16|          0|
    |add_ln58_1208_reg_12271581                   |   16|   0|   16|          0|
    |add_ln58_1209_reg_12272371                   |   16|   0|   16|          0|
    |add_ln58_1210_reg_12266881                   |   16|   0|   16|          0|
    |add_ln58_1211_reg_12266886                   |   16|   0|   16|          0|
    |add_ln58_1212_reg_12270011                   |   16|   0|   16|          0|
    |add_ln58_1213_reg_12266891                   |   16|   0|   16|          0|
    |add_ln58_1214_reg_12266896                   |   16|   0|   16|          0|
    |add_ln58_1215_reg_12270016                   |   16|   0|   16|          0|
    |add_ln58_1216_reg_12271586                   |   16|   0|   16|          0|
    |add_ln58_1217_reg_12266901                   |   16|   0|   16|          0|
    |add_ln58_1218_reg_12266906                   |   16|   0|   16|          0|
    |add_ln58_1219_reg_12270021                   |   16|   0|   16|          0|
    |add_ln58_121_reg_12264461                    |   13|   0|   13|          0|
    |add_ln58_1220_reg_12266911                   |   16|   0|   16|          0|
    |add_ln58_1221_reg_12266916                   |   16|   0|   16|          0|
    |add_ln58_1222_reg_12270026                   |   16|   0|   16|          0|
    |add_ln58_1223_reg_12271591                   |   16|   0|   16|          0|
    |add_ln58_1224_reg_12272376                   |   16|   0|   16|          0|
    |add_ln58_1225_reg_12272776                   |   16|   0|   16|          0|
    |add_ln58_1226_reg_12266921                   |   16|   0|   16|          0|
    |add_ln58_1227_reg_12266926                   |   15|   0|   15|          0|
    |add_ln58_1228_reg_12270031                   |   16|   0|   16|          0|
    |add_ln58_1229_reg_12266931                   |   15|   0|   15|          0|
    |add_ln58_122_reg_12268776                    |   15|   0|   15|          0|
    |add_ln58_1230_reg_12266936                   |   15|   0|   15|          0|
    |add_ln58_1231_reg_12270036                   |   16|   0|   16|          0|
    |add_ln58_1232_reg_12271596                   |   16|   0|   16|          0|
    |add_ln58_1233_reg_12266941                   |   15|   0|   15|          0|
    |add_ln58_1234_reg_12266946                   |   15|   0|   15|          0|
    |add_ln58_1235_reg_12270041                   |   16|   0|   16|          0|
    |add_ln58_1236_reg_12266951                   |   15|   0|   15|          0|
    |add_ln58_1237_reg_12266956                   |   14|   0|   14|          0|
    |add_ln58_1238_reg_12270046                   |   16|   0|   16|          0|
    |add_ln58_1239_reg_12271601                   |   16|   0|   16|          0|
    |add_ln58_123_reg_12270976                    |   16|   0|   16|          0|
    |add_ln58_123_reg_12270976_pp0_iter5_reg      |   16|   0|   16|          0|
    |add_ln58_1240_reg_12272381                   |   16|   0|   16|          0|
    |add_ln58_1243_reg_12266961                   |   15|   0|   15|          0|
    |add_ln58_1246_reg_12266966                   |   15|   0|   15|          0|
    |add_ln58_1247_reg_12270051                   |   16|   0|   16|          0|
    |add_ln58_124_reg_12272601                    |   16|   0|   16|          0|
    |add_ln58_1250_reg_12266971                   |   14|   0|   14|          0|
    |add_ln58_1252_reg_12254643                   |   11|   0|   11|          0|
    |add_ln58_1252_reg_12254643_pp0_iter1_reg     |   11|   0|   11|          0|
    |add_ln58_1253_reg_12266976                   |   13|   0|   13|          0|
    |add_ln58_1254_reg_12270056                   |   15|   0|   15|          0|
    |add_ln58_1255_reg_12271606                   |   16|   0|   16|          0|
    |add_ln58_1255_reg_12271606_pp0_iter5_reg     |   16|   0|   16|          0|
    |add_ln58_1256_reg_12272781                   |   16|   0|   16|          0|
    |add_ln58_1258_reg_12266981                   |   16|   0|   16|          0|
    |add_ln58_1259_reg_12266986                   |   16|   0|   16|          0|
    |add_ln58_1260_reg_12270061                   |   16|   0|   16|          0|
    |add_ln58_1261_reg_12266991                   |   16|   0|   16|          0|
    |add_ln58_1262_reg_12266996                   |   16|   0|   16|          0|
    |add_ln58_1263_reg_12270066                   |   16|   0|   16|          0|
    |add_ln58_1264_reg_12271611                   |   16|   0|   16|          0|
    |add_ln58_1265_reg_12267001                   |   16|   0|   16|          0|
    |add_ln58_1266_reg_12267006                   |   16|   0|   16|          0|
    |add_ln58_1267_reg_12270071                   |   16|   0|   16|          0|
    |add_ln58_1268_reg_12267011                   |   16|   0|   16|          0|
    |add_ln58_1269_reg_12267016                   |   16|   0|   16|          0|
    |add_ln58_126_reg_12264466                    |   16|   0|   16|          0|
    |add_ln58_1270_reg_12270076                   |   16|   0|   16|          0|
    |add_ln58_1271_reg_12271616                   |   16|   0|   16|          0|
    |add_ln58_1272_reg_12272386                   |   16|   0|   16|          0|
    |add_ln58_1273_reg_12267021                   |   16|   0|   16|          0|
    |add_ln58_1274_reg_12267026                   |   16|   0|   16|          0|
    |add_ln58_1275_reg_12270081                   |   16|   0|   16|          0|
    |add_ln58_1276_reg_12267031                   |   16|   0|   16|          0|
    |add_ln58_1277_reg_12267036                   |   16|   0|   16|          0|
    |add_ln58_1278_reg_12270086                   |   16|   0|   16|          0|
    |add_ln58_1279_reg_12271621                   |   16|   0|   16|          0|
    |add_ln58_127_reg_12268781                    |   16|   0|   16|          0|
    |add_ln58_1280_reg_12267041                   |   16|   0|   16|          0|
    |add_ln58_1281_reg_12267046                   |   16|   0|   16|          0|
    |add_ln58_1282_reg_12270091                   |   16|   0|   16|          0|
    |add_ln58_1283_reg_12267051                   |   16|   0|   16|          0|
    |add_ln58_1284_reg_12267056                   |   16|   0|   16|          0|
    |add_ln58_1285_reg_12270096                   |   16|   0|   16|          0|
    |add_ln58_1286_reg_12271626                   |   16|   0|   16|          0|
    |add_ln58_1287_reg_12272391                   |   16|   0|   16|          0|
    |add_ln58_1288_reg_12272786                   |   16|   0|   16|          0|
    |add_ln58_1289_reg_12267061                   |   15|   0|   15|          0|
    |add_ln58_128_reg_12264471                    |   16|   0|   16|          0|
    |add_ln58_1290_reg_12267066                   |   15|   0|   15|          0|
    |add_ln58_1291_reg_12270101                   |   16|   0|   16|          0|
    |add_ln58_1292_reg_12267071                   |   15|   0|   15|          0|
    |add_ln58_1293_reg_12267076                   |   15|   0|   15|          0|
    |add_ln58_1294_reg_12270106                   |   16|   0|   16|          0|
    |add_ln58_1295_reg_12271631                   |   16|   0|   16|          0|
    |add_ln58_1296_reg_12267081                   |   15|   0|   15|          0|
    |add_ln58_1297_reg_12267086                   |   15|   0|   15|          0|
    |add_ln58_1298_reg_12270111                   |   16|   0|   16|          0|
    |add_ln58_1299_reg_12267091                   |   15|   0|   15|          0|
    |add_ln58_129_reg_12264476                    |   16|   0|   16|          0|
    |add_ln58_12_reg_12268661                     |   16|   0|   16|          0|
    |add_ln58_1300_reg_12267096                   |   15|   0|   15|          0|
    |add_ln58_1301_reg_12270116                   |   16|   0|   16|          0|
    |add_ln58_1302_reg_12271636                   |   16|   0|   16|          0|
    |add_ln58_1303_reg_12272396                   |   16|   0|   16|          0|
    |add_ln58_1306_reg_12267101                   |   15|   0|   15|          0|
    |add_ln58_1309_reg_12267106                   |   15|   0|   15|          0|
    |add_ln58_130_reg_12268786                    |   16|   0|   16|          0|
    |add_ln58_1310_reg_12270121                   |   16|   0|   16|          0|
    |add_ln58_1313_reg_12267111                   |   14|   0|   14|          0|
    |add_ln58_1316_reg_12267116                   |   14|   0|   14|          0|
    |add_ln58_1317_reg_12270126                   |   15|   0|   15|          0|
    |add_ln58_1318_reg_12271641                   |   16|   0|   16|          0|
    |add_ln58_1318_reg_12271641_pp0_iter5_reg     |   16|   0|   16|          0|
    |add_ln58_1319_reg_12272791                   |   16|   0|   16|          0|
    |add_ln58_131_reg_12270981                    |   16|   0|   16|          0|
    |add_ln58_1321_reg_12267121                   |   16|   0|   16|          0|
    |add_ln58_1322_reg_12267126                   |   16|   0|   16|          0|
    |add_ln58_1323_reg_12270131                   |   16|   0|   16|          0|
    |add_ln58_1324_reg_12267131                   |   16|   0|   16|          0|
    |add_ln58_1325_reg_12267136                   |   16|   0|   16|          0|
    |add_ln58_1326_reg_12270136                   |   16|   0|   16|          0|
    |add_ln58_1327_reg_12271646                   |   16|   0|   16|          0|
    |add_ln58_1328_reg_12267141                   |   16|   0|   16|          0|
    |add_ln58_1329_reg_12267146                   |   16|   0|   16|          0|
    |add_ln58_132_reg_12264481                    |   16|   0|   16|          0|
    |add_ln58_1330_reg_12270141                   |   16|   0|   16|          0|
    |add_ln58_1331_reg_12267151                   |   16|   0|   16|          0|
    |add_ln58_1332_reg_12267156                   |   16|   0|   16|          0|
    |add_ln58_1333_reg_12270146                   |   16|   0|   16|          0|
    |add_ln58_1334_reg_12271651                   |   16|   0|   16|          0|
    |add_ln58_1335_reg_12272401                   |   16|   0|   16|          0|
    |add_ln58_1336_reg_12267161                   |   16|   0|   16|          0|
    |add_ln58_1337_reg_12267166                   |   16|   0|   16|          0|
    |add_ln58_1338_reg_12270151                   |   16|   0|   16|          0|
    |add_ln58_1339_reg_12267171                   |   16|   0|   16|          0|
    |add_ln58_133_reg_12264486                    |   16|   0|   16|          0|
    |add_ln58_1340_reg_12267176                   |   16|   0|   16|          0|
    |add_ln58_1341_reg_12270156                   |   16|   0|   16|          0|
    |add_ln58_1342_reg_12271656                   |   16|   0|   16|          0|
    |add_ln58_1343_reg_12267181                   |   16|   0|   16|          0|
    |add_ln58_1344_reg_12267186                   |   16|   0|   16|          0|
    |add_ln58_1345_reg_12270161                   |   16|   0|   16|          0|
    |add_ln58_1346_reg_12267191                   |   16|   0|   16|          0|
    |add_ln58_1347_reg_12267196                   |   15|   0|   15|          0|
    |add_ln58_1348_reg_12270166                   |   16|   0|   16|          0|
    |add_ln58_1349_reg_12271661                   |   16|   0|   16|          0|
    |add_ln58_134_reg_12268791                    |   16|   0|   16|          0|
    |add_ln58_1350_reg_12272406                   |   16|   0|   16|          0|
    |add_ln58_1351_reg_12272796                   |   16|   0|   16|          0|
    |add_ln58_1352_reg_12267201                   |   15|   0|   15|          0|
    |add_ln58_1353_reg_12267206                   |   15|   0|   15|          0|
    |add_ln58_1354_reg_12270171                   |   16|   0|   16|          0|
    |add_ln58_1355_reg_12267211                   |   15|   0|   15|          0|
    |add_ln58_1356_reg_12267216                   |   15|   0|   15|          0|
    |add_ln58_1357_reg_12270176                   |   16|   0|   16|          0|
    |add_ln58_1358_reg_12271666                   |   16|   0|   16|          0|
    |add_ln58_1359_reg_12267221                   |   15|   0|   15|          0|
    |add_ln58_135_reg_12264491                    |   16|   0|   16|          0|
    |add_ln58_1360_reg_12267226                   |   15|   0|   15|          0|
    |add_ln58_1361_reg_12270181                   |   16|   0|   16|          0|
    |add_ln58_1362_reg_12267231                   |   15|   0|   15|          0|
    |add_ln58_1363_reg_12267236                   |   15|   0|   15|          0|
    |add_ln58_1364_reg_12270186                   |   16|   0|   16|          0|
    |add_ln58_1365_reg_12271671                   |   16|   0|   16|          0|
    |add_ln58_1366_reg_12272411                   |   16|   0|   16|          0|
    |add_ln58_1367_reg_12267241                   |   15|   0|   15|          0|
    |add_ln58_1368_reg_12267246                   |   15|   0|   15|          0|
    |add_ln58_1369_reg_12270191                   |   16|   0|   16|          0|
    |add_ln58_136_reg_12264496                    |   16|   0|   16|          0|
    |add_ln58_1372_reg_12267251                   |   15|   0|   15|          0|
    |add_ln58_1372_reg_12267251_pp0_iter3_reg     |   15|   0|   15|          0|
    |add_ln58_1373_reg_12271676                   |   16|   0|   16|          0|
    |add_ln58_1376_reg_12267256                   |   15|   0|   15|          0|
    |add_ln58_1378_reg_12254648                   |    9|   0|    9|          0|
    |add_ln58_1378_reg_12254648_pp0_iter1_reg     |    9|   0|    9|          0|
    |add_ln58_1379_reg_12267261                   |   11|   0|   11|          0|
    |add_ln58_137_reg_12268796                    |   16|   0|   16|          0|
    |add_ln58_1380_reg_12270196                   |   15|   0|   15|          0|
    |add_ln58_1380_reg_12270196_pp0_iter4_reg     |   15|   0|   15|          0|
    |add_ln58_1381_reg_12272416                   |   16|   0|   16|          0|
    |add_ln58_1382_reg_12272801                   |   16|   0|   16|          0|
    |add_ln58_1384_reg_12267266                   |   16|   0|   16|          0|
    |add_ln58_1385_reg_12267271                   |   16|   0|   16|          0|
    |add_ln58_1386_reg_12270201                   |   16|   0|   16|          0|
    |add_ln58_1387_reg_12267276                   |   16|   0|   16|          0|
    |add_ln58_1388_reg_12267281                   |   16|   0|   16|          0|
    |add_ln58_1389_reg_12270206                   |   16|   0|   16|          0|
    |add_ln58_138_reg_12270986                    |   16|   0|   16|          0|
    |add_ln58_1390_reg_12271681                   |   16|   0|   16|          0|
    |add_ln58_1391_reg_12267286                   |   16|   0|   16|          0|
    |add_ln58_1392_reg_12267291                   |   16|   0|   16|          0|
    |add_ln58_1393_reg_12270211                   |   16|   0|   16|          0|
    |add_ln58_1394_reg_12267296                   |   16|   0|   16|          0|
    |add_ln58_1395_reg_12267301                   |   16|   0|   16|          0|
    |add_ln58_1396_reg_12270216                   |   16|   0|   16|          0|
    |add_ln58_1397_reg_12271686                   |   16|   0|   16|          0|
    |add_ln58_1398_reg_12272421                   |   16|   0|   16|          0|
    |add_ln58_1399_reg_12267306                   |   16|   0|   16|          0|
    |add_ln58_139_reg_12272066                    |   16|   0|   16|          0|
    |add_ln58_13_reg_12270916                     |   16|   0|   16|          0|
    |add_ln58_1400_reg_12267311                   |   16|   0|   16|          0|
    |add_ln58_1401_reg_12270221                   |   16|   0|   16|          0|
    |add_ln58_1402_reg_12267316                   |   16|   0|   16|          0|
    |add_ln58_1403_reg_12267321                   |   16|   0|   16|          0|
    |add_ln58_1404_reg_12270226                   |   16|   0|   16|          0|
    |add_ln58_1405_reg_12271691                   |   16|   0|   16|          0|
    |add_ln58_1406_reg_12267326                   |   16|   0|   16|          0|
    |add_ln58_1407_reg_12267331                   |   16|   0|   16|          0|
    |add_ln58_1408_reg_12270231                   |   16|   0|   16|          0|
    |add_ln58_1409_reg_12267336                   |   16|   0|   16|          0|
    |add_ln58_140_reg_12264501                    |   16|   0|   16|          0|
    |add_ln58_1410_reg_12267341                   |   16|   0|   16|          0|
    |add_ln58_1411_reg_12270236                   |   16|   0|   16|          0|
    |add_ln58_1412_reg_12271696                   |   16|   0|   16|          0|
    |add_ln58_1413_reg_12272426                   |   16|   0|   16|          0|
    |add_ln58_1414_reg_12272806                   |   16|   0|   16|          0|
    |add_ln58_1415_reg_12267346                   |   16|   0|   16|          0|
    |add_ln58_1416_reg_12267351                   |   15|   0|   15|          0|
    |add_ln58_1417_reg_12270241                   |   16|   0|   16|          0|
    |add_ln58_1418_reg_12267356                   |   15|   0|   15|          0|
    |add_ln58_1419_reg_12267361                   |   15|   0|   15|          0|
    |add_ln58_141_reg_12264506                    |   16|   0|   16|          0|
    |add_ln58_1420_reg_12270246                   |   16|   0|   16|          0|
    |add_ln58_1421_reg_12271701                   |   16|   0|   16|          0|
    |add_ln58_1422_reg_12267366                   |   15|   0|   15|          0|
    |add_ln58_1423_reg_12267371                   |   15|   0|   15|          0|
    |add_ln58_1424_reg_12270251                   |   16|   0|   16|          0|
    |add_ln58_1425_reg_12267376                   |   15|   0|   15|          0|
    |add_ln58_1426_reg_12267381                   |   15|   0|   15|          0|
    |add_ln58_1427_reg_12270256                   |   16|   0|   16|          0|
    |add_ln58_1428_reg_12271706                   |   16|   0|   16|          0|
    |add_ln58_1429_reg_12272431                   |   16|   0|   16|          0|
    |add_ln58_142_reg_12268801                    |   16|   0|   16|          0|
    |add_ln58_1432_reg_12267386                   |   15|   0|   15|          0|
    |add_ln58_1435_reg_12267391                   |   15|   0|   15|          0|
    |add_ln58_1436_reg_12270261                   |   16|   0|   16|          0|
    |add_ln58_1439_reg_12267396                   |   14|   0|   14|          0|
    |add_ln58_143_reg_12264511                    |   16|   0|   16|          0|
    |add_ln58_1442_reg_12267401                   |   13|   0|   13|          0|
    |add_ln58_1443_reg_12270266                   |   15|   0|   15|          0|
    |add_ln58_1444_reg_12271711                   |   16|   0|   16|          0|
    |add_ln58_1444_reg_12271711_pp0_iter5_reg     |   16|   0|   16|          0|
    |add_ln58_1445_reg_12272811                   |   16|   0|   16|          0|
    |add_ln58_1447_reg_12267406                   |   16|   0|   16|          0|
    |add_ln58_1448_reg_12267411                   |   16|   0|   16|          0|
    |add_ln58_1449_reg_12270271                   |   16|   0|   16|          0|
    |add_ln58_144_reg_12264516                    |   16|   0|   16|          0|
    |add_ln58_1450_reg_12267416                   |   16|   0|   16|          0|
    |add_ln58_1451_reg_12267421                   |   16|   0|   16|          0|
    |add_ln58_1452_reg_12270276                   |   16|   0|   16|          0|
    |add_ln58_1453_reg_12271716                   |   16|   0|   16|          0|
    |add_ln58_1454_reg_12267426                   |   16|   0|   16|          0|
    |add_ln58_1455_reg_12267431                   |   16|   0|   16|          0|
    |add_ln58_1456_reg_12270281                   |   16|   0|   16|          0|
    |add_ln58_1457_reg_12267436                   |   16|   0|   16|          0|
    |add_ln58_1458_reg_12267441                   |   16|   0|   16|          0|
    |add_ln58_1459_reg_12270286                   |   16|   0|   16|          0|
    |add_ln58_145_reg_12268806                    |   16|   0|   16|          0|
    |add_ln58_1460_reg_12271721                   |   16|   0|   16|          0|
    |add_ln58_1461_reg_12272436                   |   16|   0|   16|          0|
    |add_ln58_1462_reg_12267446                   |   16|   0|   16|          0|
    |add_ln58_1463_reg_12267451                   |   16|   0|   16|          0|
    |add_ln58_1464_reg_12270291                   |   16|   0|   16|          0|
    |add_ln58_1465_reg_12267456                   |   16|   0|   16|          0|
    |add_ln58_1466_reg_12267461                   |   16|   0|   16|          0|
    |add_ln58_1467_reg_12270296                   |   16|   0|   16|          0|
    |add_ln58_1468_reg_12271726                   |   16|   0|   16|          0|
    |add_ln58_1469_reg_12267466                   |   16|   0|   16|          0|
    |add_ln58_146_reg_12270991                    |   16|   0|   16|          0|
    |add_ln58_1470_reg_12267471                   |   16|   0|   16|          0|
    |add_ln58_1471_reg_12270301                   |   16|   0|   16|          0|
    |add_ln58_1472_reg_12267476                   |   16|   0|   16|          0|
    |add_ln58_1473_reg_12267481                   |   16|   0|   16|          0|
    |add_ln58_1474_reg_12270306                   |   16|   0|   16|          0|
    |add_ln58_1475_reg_12271731                   |   16|   0|   16|          0|
    |add_ln58_1476_reg_12272441                   |   16|   0|   16|          0|
    |add_ln58_1477_reg_12272816                   |   16|   0|   16|          0|
    |add_ln58_1478_reg_12267486                   |   15|   0|   15|          0|
    |add_ln58_1479_reg_12267491                   |   15|   0|   15|          0|
    |add_ln58_147_reg_12264521                    |   16|   0|   16|          0|
    |add_ln58_1480_reg_12270311                   |   16|   0|   16|          0|
    |add_ln58_1481_reg_12267496                   |   15|   0|   15|          0|
    |add_ln58_1482_reg_12267501                   |   15|   0|   15|          0|
    |add_ln58_1483_reg_12270316                   |   16|   0|   16|          0|
    |add_ln58_1484_reg_12271736                   |   16|   0|   16|          0|
    |add_ln58_1485_reg_12267506                   |   15|   0|   15|          0|
    |add_ln58_1486_reg_12267511                   |   15|   0|   15|          0|
    |add_ln58_1487_reg_12270321                   |   16|   0|   16|          0|
    |add_ln58_1488_reg_12267516                   |   15|   0|   15|          0|
    |add_ln58_1489_reg_12267521                   |   14|   0|   14|          0|
    |add_ln58_148_reg_12264526                    |   16|   0|   16|          0|
    |add_ln58_1490_reg_12270326                   |   16|   0|   16|          0|
    |add_ln58_1491_reg_12271741                   |   16|   0|   16|          0|
    |add_ln58_1492_reg_12272446                   |   16|   0|   16|          0|
    |add_ln58_1495_reg_12267526                   |   15|   0|   15|          0|
    |add_ln58_1498_reg_12267531                   |   15|   0|   15|          0|
    |add_ln58_1499_reg_12270331                   |   16|   0|   16|          0|
    |add_ln58_149_reg_12268811                    |   16|   0|   16|          0|
    |add_ln58_14_reg_12272031                     |   16|   0|   16|          0|
    |add_ln58_1502_reg_12267536                   |   14|   0|   14|          0|
    |add_ln58_1505_reg_12267541                   |   12|   0|   12|          0|
    |add_ln58_1506_reg_12270336                   |   15|   0|   15|          0|
    |add_ln58_1507_reg_12271746                   |   16|   0|   16|          0|
    |add_ln58_1507_reg_12271746_pp0_iter5_reg     |   16|   0|   16|          0|
    |add_ln58_1508_reg_12272821                   |   16|   0|   16|          0|
    |add_ln58_150_reg_12264531                    |   16|   0|   16|          0|
    |add_ln58_1510_reg_12267546                   |   16|   0|   16|          0|
    |add_ln58_1511_reg_12270341                   |   16|   0|   16|          0|
    |add_ln58_1512_reg_12267551                   |   16|   0|   16|          0|
    |add_ln58_1513_reg_12267556                   |   16|   0|   16|          0|
    |add_ln58_1514_reg_12270346                   |   16|   0|   16|          0|
    |add_ln58_1515_reg_12271751                   |   16|   0|   16|          0|
    |add_ln58_1516_reg_12267561                   |   16|   0|   16|          0|
    |add_ln58_1517_reg_12267566                   |   16|   0|   16|          0|
    |add_ln58_1518_reg_12270351                   |   16|   0|   16|          0|
    |add_ln58_1519_reg_12267571                   |   16|   0|   16|          0|
    |add_ln58_151_reg_12264536                    |   16|   0|   16|          0|
    |add_ln58_1520_reg_12267576                   |   16|   0|   16|          0|
    |add_ln58_1521_reg_12270356                   |   16|   0|   16|          0|
    |add_ln58_1522_reg_12271756                   |   16|   0|   16|          0|
    |add_ln58_1523_reg_12272451                   |   16|   0|   16|          0|
    |add_ln58_1524_reg_12267581                   |   16|   0|   16|          0|
    |add_ln58_1525_reg_12267586                   |   16|   0|   16|          0|
    |add_ln58_1526_reg_12270361                   |   16|   0|   16|          0|
    |add_ln58_1527_reg_12267591                   |   16|   0|   16|          0|
    |add_ln58_1528_reg_12267596                   |   16|   0|   16|          0|
    |add_ln58_1529_reg_12270366                   |   16|   0|   16|          0|
    |add_ln58_152_reg_12268816                    |   16|   0|   16|          0|
    |add_ln58_1530_reg_12271761                   |   16|   0|   16|          0|
    |add_ln58_1531_reg_12267601                   |   16|   0|   16|          0|
    |add_ln58_1532_reg_12267606                   |   16|   0|   16|          0|
    |add_ln58_1533_reg_12270371                   |   16|   0|   16|          0|
    |add_ln58_1534_reg_12267611                   |   16|   0|   16|          0|
    |add_ln58_1535_reg_12267616                   |   15|   0|   15|          0|
    |add_ln58_1536_reg_12270376                   |   16|   0|   16|          0|
    |add_ln58_1537_reg_12271766                   |   16|   0|   16|          0|
    |add_ln58_1538_reg_12272456                   |   16|   0|   16|          0|
    |add_ln58_1539_reg_12272826                   |   16|   0|   16|          0|
    |add_ln58_153_reg_12270996                    |   16|   0|   16|          0|
    |add_ln58_1540_reg_12267621                   |   15|   0|   15|          0|
    |add_ln58_1541_reg_12270381                   |   16|   0|   16|          0|
    |add_ln58_1542_reg_12267626                   |   15|   0|   15|          0|
    |add_ln58_1543_reg_12267631                   |   15|   0|   15|          0|
    |add_ln58_1544_reg_12270386                   |   16|   0|   16|          0|
    |add_ln58_1545_reg_12271771                   |   16|   0|   16|          0|
    |add_ln58_1546_reg_12267636                   |   15|   0|   15|          0|
    |add_ln58_1547_reg_12267641                   |   15|   0|   15|          0|
    |add_ln58_1548_reg_12270391                   |   16|   0|   16|          0|
    |add_ln58_1549_reg_12267646                   |   15|   0|   15|          0|
    |add_ln58_154_reg_12272071                    |   16|   0|   16|          0|
    |add_ln58_1550_reg_12267651                   |   15|   0|   15|          0|
    |add_ln58_1551_reg_12270396                   |   16|   0|   16|          0|
    |add_ln58_1552_reg_12271776                   |   16|   0|   16|          0|
    |add_ln58_1553_reg_12272461                   |   16|   0|   16|          0|
    |add_ln58_1556_reg_12267656                   |   15|   0|   15|          0|
    |add_ln58_1559_reg_12267661                   |   15|   0|   15|          0|
    |add_ln58_155_reg_12272606                    |   16|   0|   16|          0|
    |add_ln58_1560_reg_12270401                   |   16|   0|   16|          0|
    |add_ln58_1563_reg_12267666                   |   15|   0|   15|          0|
    |add_ln58_1565_reg_12254653                   |   10|   0|   10|          0|
    |add_ln58_1565_reg_12254653_pp0_iter1_reg     |   10|   0|   10|          0|
    |add_ln58_1566_reg_12267671                   |   13|   0|   13|          0|
    |add_ln58_1567_reg_12270406                   |   15|   0|   15|          0|
    |add_ln58_1568_reg_12271781                   |   16|   0|   16|          0|
    |add_ln58_1568_reg_12271781_pp0_iter5_reg     |   16|   0|   16|          0|
    |add_ln58_1569_reg_12272831                   |   16|   0|   16|          0|
    |add_ln58_156_reg_12264541                    |   15|   0|   15|          0|
    |add_ln58_1571_reg_12267676                   |   16|   0|   16|          0|
    |add_ln58_1572_reg_12267681                   |   16|   0|   16|          0|
    |add_ln58_1573_reg_12270411                   |   16|   0|   16|          0|
    |add_ln58_1574_reg_12267686                   |   16|   0|   16|          0|
    |add_ln58_1575_reg_12267691                   |   16|   0|   16|          0|
    |add_ln58_1576_reg_12270416                   |   16|   0|   16|          0|
    |add_ln58_1577_reg_12271786                   |   16|   0|   16|          0|
    |add_ln58_1578_reg_12267696                   |   16|   0|   16|          0|
    |add_ln58_1579_reg_12267701                   |   16|   0|   16|          0|
    |add_ln58_157_reg_12264546                    |   15|   0|   15|          0|
    |add_ln58_1580_reg_12270421                   |   16|   0|   16|          0|
    |add_ln58_1581_reg_12267706                   |   16|   0|   16|          0|
    |add_ln58_1582_reg_12267711                   |   16|   0|   16|          0|
    |add_ln58_1583_reg_12270426                   |   16|   0|   16|          0|
    |add_ln58_1584_reg_12271791                   |   16|   0|   16|          0|
    |add_ln58_1585_reg_12272466                   |   16|   0|   16|          0|
    |add_ln58_1586_reg_12267716                   |   16|   0|   16|          0|
    |add_ln58_1587_reg_12267721                   |   16|   0|   16|          0|
    |add_ln58_1588_reg_12270431                   |   16|   0|   16|          0|
    |add_ln58_1589_reg_12267726                   |   16|   0|   16|          0|
    |add_ln58_158_reg_12268821                    |   16|   0|   16|          0|
    |add_ln58_1590_reg_12267731                   |   16|   0|   16|          0|
    |add_ln58_1591_reg_12270436                   |   16|   0|   16|          0|
    |add_ln58_1592_reg_12271796                   |   16|   0|   16|          0|
    |add_ln58_1593_reg_12267736                   |   16|   0|   16|          0|
    |add_ln58_1594_reg_12267741                   |   16|   0|   16|          0|
    |add_ln58_1595_reg_12270441                   |   16|   0|   16|          0|
    |add_ln58_1596_reg_12267746                   |   16|   0|   16|          0|
    |add_ln58_1597_reg_12267751                   |   16|   0|   16|          0|
    |add_ln58_1598_reg_12270446                   |   16|   0|   16|          0|
    |add_ln58_1599_reg_12271801                   |   16|   0|   16|          0|
    |add_ln58_159_reg_12264551                    |   15|   0|   15|          0|
    |add_ln58_15_reg_12264226                     |   16|   0|   16|          0|
    |add_ln58_1600_reg_12272471                   |   16|   0|   16|          0|
    |add_ln58_1601_reg_12272836                   |   16|   0|   16|          0|
    |add_ln58_1602_reg_12267756                   |   15|   0|   15|          0|
    |add_ln58_1603_reg_12267761                   |   15|   0|   15|          0|
    |add_ln58_1604_reg_12270451                   |   16|   0|   16|          0|
    |add_ln58_1605_reg_12267766                   |   15|   0|   15|          0|
    |add_ln58_1606_reg_12267771                   |   15|   0|   15|          0|
    |add_ln58_1607_reg_12270456                   |   16|   0|   16|          0|
    |add_ln58_1608_reg_12271806                   |   16|   0|   16|          0|
    |add_ln58_1609_reg_12267776                   |   15|   0|   15|          0|
    |add_ln58_160_reg_12264556                    |   15|   0|   15|          0|
    |add_ln58_1610_reg_12267781                   |   15|   0|   15|          0|
    |add_ln58_1611_reg_12270461                   |   16|   0|   16|          0|
    |add_ln58_1612_reg_12267786                   |   15|   0|   15|          0|
    |add_ln58_1613_reg_12267791                   |   15|   0|   15|          0|
    |add_ln58_1614_reg_12270466                   |   16|   0|   16|          0|
    |add_ln58_1615_reg_12271811                   |   16|   0|   16|          0|
    |add_ln58_1616_reg_12272476                   |   16|   0|   16|          0|
    |add_ln58_1617_reg_12267796                   |   15|   0|   15|          0|
    |add_ln58_1618_reg_12267801                   |   15|   0|   15|          0|
    |add_ln58_1619_reg_12270471                   |   16|   0|   16|          0|
    |add_ln58_161_reg_12268826                    |   16|   0|   16|          0|
    |add_ln58_1620_reg_12267806                   |   14|   0|   14|          0|
    |add_ln58_1622_reg_12270476                   |   15|   0|   15|          0|
    |add_ln58_1623_reg_12271816                   |   16|   0|   16|          0|
    |add_ln58_1626_reg_12267811                   |   15|   0|   15|          0|
    |add_ln58_1629_reg_12267816                   |   15|   0|   15|          0|
    |add_ln58_162_reg_12271001                    |   16|   0|   16|          0|
    |add_ln58_1630_reg_12270481                   |   16|   0|   16|          0|
    |add_ln58_1630_reg_12270481_pp0_iter4_reg     |   16|   0|   16|          0|
    |add_ln58_1631_reg_12272481                   |   16|   0|   16|          0|
    |add_ln58_1632_reg_12272841                   |   16|   0|   16|          0|
    |add_ln58_1634_reg_12267821                   |   16|   0|   16|          0|
    |add_ln58_1635_reg_12267826                   |   16|   0|   16|          0|
    |add_ln58_1636_reg_12270486                   |   16|   0|   16|          0|
    |add_ln58_1637_reg_12267831                   |   16|   0|   16|          0|
    |add_ln58_1638_reg_12267836                   |   16|   0|   16|          0|
    |add_ln58_1639_reg_12270491                   |   16|   0|   16|          0|
    |add_ln58_163_reg_12264561                    |   15|   0|   15|          0|
    |add_ln58_1640_reg_12271821                   |   16|   0|   16|          0|
    |add_ln58_1641_reg_12267841                   |   16|   0|   16|          0|
    |add_ln58_1642_reg_12267846                   |   16|   0|   16|          0|
    |add_ln58_1643_reg_12270496                   |   16|   0|   16|          0|
    |add_ln58_1644_reg_12267851                   |   16|   0|   16|          0|
    |add_ln58_1645_reg_12267856                   |   16|   0|   16|          0|
    |add_ln58_1646_reg_12270501                   |   16|   0|   16|          0|
    |add_ln58_1647_reg_12271826                   |   16|   0|   16|          0|
    |add_ln58_1648_reg_12272486                   |   16|   0|   16|          0|
    |add_ln58_1649_reg_12267861                   |   16|   0|   16|          0|
    |add_ln58_164_reg_12264566                    |   15|   0|   15|          0|
    |add_ln58_1650_reg_12267866                   |   16|   0|   16|          0|
    |add_ln58_1651_reg_12270506                   |   16|   0|   16|          0|
    |add_ln58_1652_reg_12267871                   |   16|   0|   16|          0|
    |add_ln58_1653_reg_12267876                   |   16|   0|   16|          0|
    |add_ln58_1654_reg_12270511                   |   16|   0|   16|          0|
    |add_ln58_1655_reg_12271831                   |   16|   0|   16|          0|
    |add_ln58_1656_reg_12267881                   |   16|   0|   16|          0|
    |add_ln58_1657_reg_12267886                   |   16|   0|   16|          0|
    |add_ln58_1658_reg_12270516                   |   16|   0|   16|          0|
    |add_ln58_1659_reg_12267891                   |   16|   0|   16|          0|
    |add_ln58_165_reg_12268831                    |   16|   0|   16|          0|
    |add_ln58_1660_reg_12267896                   |   16|   0|   16|          0|
    |add_ln58_1661_reg_12270521                   |   16|   0|   16|          0|
    |add_ln58_1662_reg_12271836                   |   16|   0|   16|          0|
    |add_ln58_1663_reg_12272491                   |   16|   0|   16|          0|
    |add_ln58_1664_reg_12272846                   |   16|   0|   16|          0|
    |add_ln58_1665_reg_12267901                   |   15|   0|   15|          0|
    |add_ln58_1666_reg_12267906                   |   15|   0|   15|          0|
    |add_ln58_1667_reg_12270526                   |   16|   0|   16|          0|
    |add_ln58_1668_reg_12267911                   |   15|   0|   15|          0|
    |add_ln58_1669_reg_12267916                   |   15|   0|   15|          0|
    |add_ln58_1670_reg_12270531                   |   16|   0|   16|          0|
    |add_ln58_1671_reg_12271841                   |   16|   0|   16|          0|
    |add_ln58_1672_reg_12267921                   |   15|   0|   15|          0|
    |add_ln58_1673_reg_12267926                   |   15|   0|   15|          0|
    |add_ln58_1674_reg_12270536                   |   16|   0|   16|          0|
    |add_ln58_1675_reg_12267931                   |   15|   0|   15|          0|
    |add_ln58_1676_reg_12267936                   |   15|   0|   15|          0|
    |add_ln58_1677_reg_12270541                   |   16|   0|   16|          0|
    |add_ln58_1678_reg_12271846                   |   16|   0|   16|          0|
    |add_ln58_1679_reg_12272496                   |   16|   0|   16|          0|
    |add_ln58_1682_reg_12267941                   |   15|   0|   15|          0|
    |add_ln58_1685_reg_12267946                   |   15|   0|   15|          0|
    |add_ln58_1686_reg_12270546                   |   16|   0|   16|          0|
    |add_ln58_1689_reg_12267951                   |   15|   0|   15|          0|
    |add_ln58_168_reg_12264571                    |   15|   0|   15|          0|
    |add_ln58_168_reg_12264571_pp0_iter3_reg      |   15|   0|   15|          0|
    |add_ln58_1690_reg_12264031                   |   13|   0|   13|          0|
    |add_ln58_1692_reg_12267956                   |   14|   0|   14|          0|
    |add_ln58_1693_reg_12270551                   |   16|   0|   16|          0|
    |add_ln58_1694_reg_12271851                   |   16|   0|   16|          0|
    |add_ln58_1694_reg_12271851_pp0_iter5_reg     |   16|   0|   16|          0|
    |add_ln58_1695_reg_12272851                   |   16|   0|   16|          0|
    |add_ln58_1697_reg_12267961                   |   16|   0|   16|          0|
    |add_ln58_1698_reg_12267966                   |   16|   0|   16|          0|
    |add_ln58_1699_reg_12270556                   |   16|   0|   16|          0|
    |add_ln58_169_reg_12271006                    |   16|   0|   16|          0|
    |add_ln58_16_reg_12264231                     |   16|   0|   16|          0|
    |add_ln58_1700_reg_12267971                   |   16|   0|   16|          0|
    |add_ln58_1701_reg_12267976                   |   16|   0|   16|          0|
    |add_ln58_1702_reg_12270561                   |   16|   0|   16|          0|
    |add_ln58_1703_reg_12271856                   |   16|   0|   16|          0|
    |add_ln58_1704_reg_12267981                   |   16|   0|   16|          0|
    |add_ln58_1705_reg_12267986                   |   16|   0|   16|          0|
    |add_ln58_1706_reg_12270566                   |   16|   0|   16|          0|
    |add_ln58_1707_reg_12267991                   |   16|   0|   16|          0|
    |add_ln58_1708_reg_12267996                   |   16|   0|   16|          0|
    |add_ln58_1709_reg_12270571                   |   16|   0|   16|          0|
    |add_ln58_170_reg_12272076                    |   16|   0|   16|          0|
    |add_ln58_1710_reg_12271861                   |   16|   0|   16|          0|
    |add_ln58_1711_reg_12272501                   |   16|   0|   16|          0|
    |add_ln58_1712_reg_12268001                   |   16|   0|   16|          0|
    |add_ln58_1713_reg_12268006                   |   16|   0|   16|          0|
    |add_ln58_1714_reg_12270576                   |   16|   0|   16|          0|
    |add_ln58_1715_reg_12268011                   |   16|   0|   16|          0|
    |add_ln58_1716_reg_12268016                   |   16|   0|   16|          0|
    |add_ln58_1717_reg_12270581                   |   16|   0|   16|          0|
    |add_ln58_1718_reg_12271866                   |   16|   0|   16|          0|
    |add_ln58_1719_reg_12268021                   |   16|   0|   16|          0|
    |add_ln58_1720_reg_12268026                   |   16|   0|   16|          0|
    |add_ln58_1721_reg_12270586                   |   16|   0|   16|          0|
    |add_ln58_1722_reg_12268031                   |   16|   0|   16|          0|
    |add_ln58_1723_reg_12268036                   |   16|   0|   16|          0|
    |add_ln58_1724_reg_12270591                   |   16|   0|   16|          0|
    |add_ln58_1725_reg_12271871                   |   16|   0|   16|          0|
    |add_ln58_1726_reg_12272506                   |   16|   0|   16|          0|
    |add_ln58_1727_reg_12272856                   |   16|   0|   16|          0|
    |add_ln58_1728_reg_12268041                   |   16|   0|   16|          0|
    |add_ln58_1729_reg_12268046                   |   15|   0|   15|          0|
    |add_ln58_1730_reg_12270596                   |   16|   0|   16|          0|
    |add_ln58_1731_reg_12268051                   |   15|   0|   15|          0|
    |add_ln58_1732_reg_12268056                   |   15|   0|   15|          0|
    |add_ln58_1733_reg_12270601                   |   16|   0|   16|          0|
    |add_ln58_1734_reg_12271876                   |   16|   0|   16|          0|
    |add_ln58_1735_reg_12268061                   |   15|   0|   15|          0|
    |add_ln58_1736_reg_12268066                   |   15|   0|   15|          0|
    |add_ln58_1737_reg_12270606                   |   16|   0|   16|          0|
    |add_ln58_1738_reg_12268071                   |   15|   0|   15|          0|
    |add_ln58_1739_reg_12268076                   |   15|   0|   15|          0|
    |add_ln58_173_reg_12264576                    |   15|   0|   15|          0|
    |add_ln58_1740_reg_12270611                   |   16|   0|   16|          0|
    |add_ln58_1741_reg_12271881                   |   16|   0|   16|          0|
    |add_ln58_1742_reg_12272511                   |   16|   0|   16|          0|
    |add_ln58_1745_reg_12268081                   |   15|   0|   15|          0|
    |add_ln58_1748_reg_12268086                   |   15|   0|   15|          0|
    |add_ln58_1749_reg_12270616                   |   16|   0|   16|          0|
    |add_ln58_1752_reg_12268091                   |   15|   0|   15|          0|
    |add_ln58_1755_reg_12268096                   |   14|   0|   14|          0|
    |add_ln58_1756_reg_12270621                   |   16|   0|   16|          0|
    |add_ln58_1757_reg_12271886                   |   16|   0|   16|          0|
    |add_ln58_1757_reg_12271886_pp0_iter5_reg     |   16|   0|   16|          0|
    |add_ln58_1758_reg_12272861                   |   16|   0|   16|          0|
    |add_ln58_1760_reg_12268101                   |   16|   0|   16|          0|
    |add_ln58_1761_reg_12268106                   |   16|   0|   16|          0|
    |add_ln58_1762_reg_12270626                   |   16|   0|   16|          0|
    |add_ln58_1763_reg_12268111                   |   16|   0|   16|          0|
    |add_ln58_1764_reg_12268116                   |   16|   0|   16|          0|
    |add_ln58_1765_reg_12270631                   |   16|   0|   16|          0|
    |add_ln58_1766_reg_12271891                   |   16|   0|   16|          0|
    |add_ln58_1767_reg_12268121                   |   16|   0|   16|          0|
    |add_ln58_1768_reg_12268126                   |   16|   0|   16|          0|
    |add_ln58_1769_reg_12270636                   |   16|   0|   16|          0|
    |add_ln58_176_reg_12264581                    |   15|   0|   15|          0|
    |add_ln58_1770_reg_12268131                   |   16|   0|   16|          0|
    |add_ln58_1771_reg_12268136                   |   16|   0|   16|          0|
    |add_ln58_1772_reg_12270641                   |   16|   0|   16|          0|
    |add_ln58_1773_reg_12271896                   |   16|   0|   16|          0|
    |add_ln58_1774_reg_12272516                   |   16|   0|   16|          0|
    |add_ln58_1775_reg_12268141                   |   16|   0|   16|          0|
    |add_ln58_1776_reg_12268146                   |   16|   0|   16|          0|
    |add_ln58_1777_reg_12270646                   |   16|   0|   16|          0|
    |add_ln58_1778_reg_12268151                   |   16|   0|   16|          0|
    |add_ln58_1779_reg_12268156                   |   16|   0|   16|          0|
    |add_ln58_177_reg_12268836                    |   16|   0|   16|          0|
    |add_ln58_1780_reg_12270651                   |   16|   0|   16|          0|
    |add_ln58_1781_reg_12271901                   |   16|   0|   16|          0|
    |add_ln58_1782_reg_12268161                   |   16|   0|   16|          0|
    |add_ln58_1783_reg_12268166                   |   16|   0|   16|          0|
    |add_ln58_1784_reg_12270656                   |   16|   0|   16|          0|
    |add_ln58_1785_reg_12268171                   |   16|   0|   16|          0|
    |add_ln58_1786_reg_12268176                   |   15|   0|   15|          0|
    |add_ln58_1787_reg_12270661                   |   16|   0|   16|          0|
    |add_ln58_1788_reg_12271906                   |   16|   0|   16|          0|
    |add_ln58_1789_reg_12272521                   |   16|   0|   16|          0|
    |add_ln58_1790_reg_12272866                   |   16|   0|   16|          0|
    |add_ln58_1791_reg_12268181                   |   15|   0|   15|          0|
    |add_ln58_1792_reg_12268186                   |   15|   0|   15|          0|
    |add_ln58_1793_reg_12270666                   |   16|   0|   16|          0|
    |add_ln58_1794_reg_12268191                   |   15|   0|   15|          0|
    |add_ln58_1795_reg_12268196                   |   15|   0|   15|          0|
    |add_ln58_1796_reg_12270671                   |   16|   0|   16|          0|
    |add_ln58_1797_reg_12271911                   |   16|   0|   16|          0|
    |add_ln58_1798_reg_12268201                   |   15|   0|   15|          0|
    |add_ln58_1799_reg_12268206                   |   15|   0|   15|          0|
    |add_ln58_17_reg_12268666                     |   16|   0|   16|          0|
    |add_ln58_1800_reg_12270676                   |   16|   0|   16|          0|
    |add_ln58_1801_reg_12268211                   |   15|   0|   15|          0|
    |add_ln58_1802_reg_12268216                   |   15|   0|   15|          0|
    |add_ln58_1803_reg_12270681                   |   16|   0|   16|          0|
    |add_ln58_1804_reg_12271916                   |   16|   0|   16|          0|
    |add_ln58_1805_reg_12272526                   |   16|   0|   16|          0|
    |add_ln58_1806_reg_12268221                   |   15|   0|   15|          0|
    |add_ln58_1808_reg_12270686                   |   16|   0|   16|          0|
    |add_ln58_180_reg_12264586                    |   14|   0|   14|          0|
    |add_ln58_1810_reg_12268226                   |   14|   0|   14|          0|
    |add_ln58_1811_reg_12270691                   |   15|   0|   15|          0|
    |add_ln58_1812_reg_12271921                   |   16|   0|   16|          0|
    |add_ln58_1815_reg_12268231                   |   14|   0|   14|          0|
    |add_ln58_1818_reg_12268236                   |   13|   0|   13|          0|
    |add_ln58_1819_reg_12270696                   |   15|   0|   15|          0|
    |add_ln58_1819_reg_12270696_pp0_iter4_reg     |   15|   0|   15|          0|
    |add_ln58_1820_reg_12272531                   |   16|   0|   16|          0|
    |add_ln58_1821_reg_12272871                   |   16|   0|   16|          0|
    |add_ln58_1823_reg_12268241                   |   16|   0|   16|          0|
    |add_ln58_1824_reg_12268246                   |   16|   0|   16|          0|
    |add_ln58_1825_reg_12270701                   |   16|   0|   16|          0|
    |add_ln58_1826_reg_12268251                   |   16|   0|   16|          0|
    |add_ln58_1827_reg_12268256                   |   16|   0|   16|          0|
    |add_ln58_1828_reg_12270706                   |   16|   0|   16|          0|
    |add_ln58_1829_reg_12271926                   |   16|   0|   16|          0|
    |add_ln58_1830_reg_12268261                   |   16|   0|   16|          0|
    |add_ln58_1831_reg_12268266                   |   16|   0|   16|          0|
    |add_ln58_1832_reg_12270711                   |   16|   0|   16|          0|
    |add_ln58_1833_reg_12268271                   |   16|   0|   16|          0|
    |add_ln58_1834_reg_12268276                   |   16|   0|   16|          0|
    |add_ln58_1835_reg_12270716                   |   16|   0|   16|          0|
    |add_ln58_1836_reg_12271931                   |   16|   0|   16|          0|
    |add_ln58_1837_reg_12272536                   |   16|   0|   16|          0|
    |add_ln58_1838_reg_12268281                   |   16|   0|   16|          0|
    |add_ln58_1839_reg_12268286                   |   16|   0|   16|          0|
    |add_ln58_183_reg_12264591                    |   14|   0|   14|          0|
    |add_ln58_1840_reg_12270721                   |   16|   0|   16|          0|
    |add_ln58_1841_reg_12268291                   |   16|   0|   16|          0|
    |add_ln58_1842_reg_12268296                   |   16|   0|   16|          0|
    |add_ln58_1843_reg_12270726                   |   16|   0|   16|          0|
    |add_ln58_1844_reg_12271936                   |   16|   0|   16|          0|
    |add_ln58_1845_reg_12268301                   |   16|   0|   16|          0|
    |add_ln58_1846_reg_12268306                   |   16|   0|   16|          0|
    |add_ln58_1847_reg_12270731                   |   16|   0|   16|          0|
    |add_ln58_1848_reg_12268311                   |   16|   0|   16|          0|
    |add_ln58_1849_reg_12268316                   |   16|   0|   16|          0|
    |add_ln58_184_reg_12268841                    |   15|   0|   15|          0|
    |add_ln58_1850_reg_12270736                   |   16|   0|   16|          0|
    |add_ln58_1851_reg_12271941                   |   16|   0|   16|          0|
    |add_ln58_1852_reg_12272541                   |   16|   0|   16|          0|
    |add_ln58_1853_reg_12272876                   |   16|   0|   16|          0|
    |add_ln58_1854_reg_12268321                   |   16|   0|   16|          0|
    |add_ln58_1855_reg_12268326                   |   15|   0|   15|          0|
    |add_ln58_1856_reg_12270741                   |   16|   0|   16|          0|
    |add_ln58_1857_reg_12268331                   |   15|   0|   15|          0|
    |add_ln58_1858_reg_12268336                   |   15|   0|   15|          0|
    |add_ln58_1859_reg_12270746                   |   16|   0|   16|          0|
    |add_ln58_185_reg_12271011                    |   16|   0|   16|          0|
    |add_ln58_185_reg_12271011_pp0_iter5_reg      |   16|   0|   16|          0|
    |add_ln58_1860_reg_12271946                   |   16|   0|   16|          0|
    |add_ln58_1861_reg_12268341                   |   15|   0|   15|          0|
    |add_ln58_1862_reg_12268346                   |   15|   0|   15|          0|
    |add_ln58_1863_reg_12270751                   |   16|   0|   16|          0|
    |add_ln58_1864_reg_12268351                   |   15|   0|   15|          0|
    |add_ln58_1865_reg_12268356                   |   15|   0|   15|          0|
    |add_ln58_1866_reg_12270756                   |   16|   0|   16|          0|
    |add_ln58_1867_reg_12271951                   |   16|   0|   16|          0|
    |add_ln58_1868_reg_12272546                   |   16|   0|   16|          0|
    |add_ln58_1869_reg_12268361                   |   15|   0|   15|          0|
    |add_ln58_186_reg_12272611                    |   16|   0|   16|          0|
    |add_ln58_1870_reg_12268366                   |   15|   0|   15|          0|
    |add_ln58_1871_reg_12270761                   |   16|   0|   16|          0|
    |add_ln58_1874_reg_12268371                   |   15|   0|   15|          0|
    |add_ln58_1874_reg_12268371_pp0_iter3_reg     |   15|   0|   15|          0|
    |add_ln58_1875_reg_12271956                   |   16|   0|   16|          0|
    |add_ln58_1878_reg_12268376                   |   15|   0|   15|          0|
    |add_ln58_1881_reg_12268381                   |   13|   0|   13|          0|
    |add_ln58_1882_reg_12270766                   |   15|   0|   15|          0|
    |add_ln58_1882_reg_12270766_pp0_iter4_reg     |   15|   0|   15|          0|
    |add_ln58_1883_reg_12272551                   |   16|   0|   16|          0|
    |add_ln58_1884_reg_12272881                   |   16|   0|   16|          0|
    |add_ln58_1886_reg_12268386                   |   16|   0|   16|          0|
    |add_ln58_1887_reg_12268391                   |   16|   0|   16|          0|
    |add_ln58_1888_reg_12270771                   |   16|   0|   16|          0|
    |add_ln58_1889_reg_12268396                   |   16|   0|   16|          0|
    |add_ln58_188_reg_12264596                    |   16|   0|   16|          0|
    |add_ln58_1890_reg_12268401                   |   16|   0|   16|          0|
    |add_ln58_1891_reg_12270776                   |   16|   0|   16|          0|
    |add_ln58_1892_reg_12271961                   |   16|   0|   16|          0|
    |add_ln58_1893_reg_12268406                   |   16|   0|   16|          0|
    |add_ln58_1894_reg_12268411                   |   16|   0|   16|          0|
    |add_ln58_1895_reg_12270781                   |   16|   0|   16|          0|
    |add_ln58_1896_reg_12268416                   |   16|   0|   16|          0|
    |add_ln58_1897_reg_12268421                   |   16|   0|   16|          0|
    |add_ln58_1898_reg_12270786                   |   16|   0|   16|          0|
    |add_ln58_1899_reg_12271966                   |   16|   0|   16|          0|
    |add_ln58_189_reg_12264601                    |   16|   0|   16|          0|
    |add_ln58_18_reg_12264236                     |   16|   0|   16|          0|
    |add_ln58_1900_reg_12272556                   |   16|   0|   16|          0|
    |add_ln58_1901_reg_12268426                   |   16|   0|   16|          0|
    |add_ln58_1902_reg_12268431                   |   16|   0|   16|          0|
    |add_ln58_1903_reg_12270791                   |   16|   0|   16|          0|
    |add_ln58_1904_reg_12268436                   |   16|   0|   16|          0|
    |add_ln58_1905_reg_12268441                   |   16|   0|   16|          0|
    |add_ln58_1906_reg_12270796                   |   16|   0|   16|          0|
    |add_ln58_1907_reg_12271971                   |   16|   0|   16|          0|
    |add_ln58_1908_reg_12268446                   |   16|   0|   16|          0|
    |add_ln58_1909_reg_12268451                   |   16|   0|   16|          0|
    |add_ln58_190_reg_12268846                    |   16|   0|   16|          0|
    |add_ln58_1910_reg_12270801                   |   16|   0|   16|          0|
    |add_ln58_1911_reg_12268456                   |   16|   0|   16|          0|
    |add_ln58_1912_reg_12268461                   |   16|   0|   16|          0|
    |add_ln58_1913_reg_12270806                   |   16|   0|   16|          0|
    |add_ln58_1914_reg_12271976                   |   16|   0|   16|          0|
    |add_ln58_1915_reg_12272561                   |   16|   0|   16|          0|
    |add_ln58_1916_reg_12272886                   |   16|   0|   16|          0|
    |add_ln58_1917_reg_12268466                   |   15|   0|   15|          0|
    |add_ln58_1918_reg_12268471                   |   15|   0|   15|          0|
    |add_ln58_1919_reg_12270811                   |   16|   0|   16|          0|
    |add_ln58_191_reg_12264606                    |   16|   0|   16|          0|
    |add_ln58_1920_reg_12268476                   |   15|   0|   15|          0|
    |add_ln58_1921_reg_12268481                   |   15|   0|   15|          0|
    |add_ln58_1922_reg_12270816                   |   16|   0|   16|          0|
    |add_ln58_1923_reg_12271981                   |   16|   0|   16|          0|
    |add_ln58_1924_reg_12268486                   |   15|   0|   15|          0|
    |add_ln58_1926_reg_12270821                   |   16|   0|   16|          0|
    |add_ln58_1929_reg_12270826                   |   15|   0|   15|          0|
    |add_ln58_192_reg_12264611                    |   16|   0|   16|          0|
    |add_ln58_1930_reg_12271986                   |   16|   0|   16|          0|
    |add_ln58_1931_reg_12272566                   |   16|   0|   16|          0|
    |add_ln58_1934_reg_12268491                   |   15|   0|   15|          0|
    |add_ln58_1937_reg_12268496                   |   15|   0|   15|          0|
    |add_ln58_1938_reg_12270831                   |   16|   0|   16|          0|
    |add_ln58_193_reg_12268851                    |   16|   0|   16|          0|
    |add_ln58_1941_reg_12268501                   |   14|   0|   14|          0|
    |add_ln58_1944_reg_12268506                   |   14|   0|   14|          0|
    |add_ln58_1945_reg_12270836                   |   15|   0|   15|          0|
    |add_ln58_1946_reg_12271991                   |   16|   0|   16|          0|
    |add_ln58_1946_reg_12271991_pp0_iter5_reg     |   16|   0|   16|          0|
    |add_ln58_1947_reg_12272891                   |   16|   0|   16|          0|
    |add_ln58_1949_reg_12268511                   |   16|   0|   16|          0|
    |add_ln58_194_reg_12271016                    |   16|   0|   16|          0|
    |add_ln58_1950_reg_12268516                   |   16|   0|   16|          0|
    |add_ln58_1951_reg_12270841                   |   16|   0|   16|          0|
    |add_ln58_1952_reg_12268521                   |   16|   0|   16|          0|
    |add_ln58_1953_reg_12268526                   |   16|   0|   16|          0|
    |add_ln58_1954_reg_12270846                   |   16|   0|   16|          0|
    |add_ln58_1955_reg_12271996                   |   16|   0|   16|          0|
    |add_ln58_1956_reg_12268531                   |   16|   0|   16|          0|
    |add_ln58_1957_reg_12268536                   |   16|   0|   16|          0|
    |add_ln58_1958_reg_12270851                   |   16|   0|   16|          0|
    |add_ln58_1959_reg_12268541                   |   16|   0|   16|          0|
    |add_ln58_195_reg_12264616                    |   16|   0|   16|          0|
    |add_ln58_1960_reg_12268546                   |   16|   0|   16|          0|
    |add_ln58_1961_reg_12270856                   |   16|   0|   16|          0|
    |add_ln58_1962_reg_12272001                   |   16|   0|   16|          0|
    |add_ln58_1963_reg_12272571                   |   16|   0|   16|          0|
    |add_ln58_1964_reg_12268551                   |   16|   0|   16|          0|
    |add_ln58_1965_reg_12268556                   |   16|   0|   16|          0|
    |add_ln58_1966_reg_12270861                   |   16|   0|   16|          0|
    |add_ln58_1967_reg_12268561                   |   16|   0|   16|          0|
    |add_ln58_1968_reg_12268566                   |   16|   0|   16|          0|
    |add_ln58_1969_reg_12270866                   |   16|   0|   16|          0|
    |add_ln58_196_reg_12264621                    |   16|   0|   16|          0|
    |add_ln58_1970_reg_12272006                   |   16|   0|   16|          0|
    |add_ln58_1971_reg_12268571                   |   16|   0|   16|          0|
    |add_ln58_1972_reg_12268576                   |   16|   0|   16|          0|
    |add_ln58_1973_reg_12270871                   |   16|   0|   16|          0|
    |add_ln58_1974_reg_12268581                   |   16|   0|   16|          0|
    |add_ln58_1975_reg_12268586                   |   16|   0|   16|          0|
    |add_ln58_1976_reg_12270876                   |   16|   0|   16|          0|
    |add_ln58_1977_reg_12272011                   |   16|   0|   16|          0|
    |add_ln58_1978_reg_12272576                   |   16|   0|   16|          0|
    |add_ln58_1979_reg_12272896                   |   16|   0|   16|          0|
    |add_ln58_197_reg_12268856                    |   16|   0|   16|          0|
    |add_ln58_1980_reg_12268591                   |   15|   0|   15|          0|
    |add_ln58_1981_reg_12268596                   |   15|   0|   15|          0|
    |add_ln58_1982_reg_12270881                   |   16|   0|   16|          0|
    |add_ln58_1983_reg_12268601                   |   15|   0|   15|          0|
    |add_ln58_1984_reg_12268606                   |   15|   0|   15|          0|
    |add_ln58_1985_reg_12270886                   |   16|   0|   16|          0|
    |add_ln58_1986_reg_12272016                   |   16|   0|   16|          0|
    |add_ln58_1987_reg_12268611                   |   15|   0|   15|          0|
    |add_ln58_1988_reg_12268616                   |   15|   0|   15|          0|
    |add_ln58_1989_reg_12270891                   |   16|   0|   16|          0|
    |add_ln58_198_reg_12264626                    |   16|   0|   16|          0|
    |add_ln58_1990_reg_12268621                   |   15|   0|   15|          0|
    |add_ln58_1992_reg_12270896                   |   16|   0|   16|          0|
    |add_ln58_1993_reg_12272021                   |   16|   0|   16|          0|
    |add_ln58_1994_reg_12272581                   |   16|   0|   16|          0|
    |add_ln58_1997_reg_12268626                   |   15|   0|   15|          0|
    |add_ln58_199_reg_12264631                    |   16|   0|   16|          0|
    |add_ln58_19_reg_12264241                     |   16|   0|   16|          0|
    |add_ln58_1_reg_12264191                      |   16|   0|   16|          0|
    |add_ln58_2000_reg_12268631                   |   15|   0|   15|          0|
    |add_ln58_2001_reg_12270901                   |   16|   0|   16|          0|
    |add_ln58_2004_reg_12268636                   |   15|   0|   15|          0|
    |add_ln58_2007_reg_12268641                   |   14|   0|   14|          0|
    |add_ln58_2008_reg_12270906                   |   16|   0|   16|          0|
    |add_ln58_2009_reg_12272026                   |   16|   0|   16|          0|
    |add_ln58_2009_reg_12272026_pp0_iter5_reg     |   16|   0|   16|          0|
    |add_ln58_200_reg_12268861                    |   16|   0|   16|          0|
    |add_ln58_2010_reg_12272901                   |   16|   0|   16|          0|
    |add_ln58_201_reg_12271021                    |   16|   0|   16|          0|
    |add_ln58_202_reg_12272081                    |   16|   0|   16|          0|
    |add_ln58_203_reg_12264636                    |   16|   0|   16|          0|
    |add_ln58_204_reg_12264641                    |   16|   0|   16|          0|
    |add_ln58_205_reg_12268866                    |   16|   0|   16|          0|
    |add_ln58_206_reg_12264646                    |   16|   0|   16|          0|
    |add_ln58_207_reg_12264651                    |   16|   0|   16|          0|
    |add_ln58_208_reg_12268871                    |   16|   0|   16|          0|
    |add_ln58_209_reg_12271026                    |   16|   0|   16|          0|
    |add_ln58_20_reg_12268671                     |   16|   0|   16|          0|
    |add_ln58_210_reg_12264656                    |   16|   0|   16|          0|
    |add_ln58_211_reg_12264661                    |   16|   0|   16|          0|
    |add_ln58_212_reg_12268876                    |   16|   0|   16|          0|
    |add_ln58_213_reg_12264666                    |   15|   0|   15|          0|
    |add_ln58_214_reg_12264671                    |   15|   0|   15|          0|
    |add_ln58_215_reg_12268881                    |   16|   0|   16|          0|
    |add_ln58_216_reg_12271031                    |   16|   0|   16|          0|
    |add_ln58_217_reg_12272086                    |   16|   0|   16|          0|
    |add_ln58_218_reg_12272616                    |   16|   0|   16|          0|
    |add_ln58_219_reg_12264676                    |   15|   0|   15|          0|
    |add_ln58_21_reg_12270921                     |   16|   0|   16|          0|
    |add_ln58_220_reg_12264681                    |   15|   0|   15|          0|
    |add_ln58_221_reg_12268886                    |   16|   0|   16|          0|
    |add_ln58_222_reg_12264686                    |   15|   0|   15|          0|
    |add_ln58_223_reg_12264691                    |   15|   0|   15|          0|
    |add_ln58_224_reg_12268891                    |   16|   0|   16|          0|
    |add_ln58_225_reg_12271036                    |   16|   0|   16|          0|
    |add_ln58_226_reg_12264696                    |   15|   0|   15|          0|
    |add_ln58_227_reg_12264701                    |   15|   0|   15|          0|
    |add_ln58_228_reg_12268896                    |   16|   0|   16|          0|
    |add_ln58_22_reg_12264246                     |   16|   0|   16|          0|
    |add_ln58_231_reg_12264706                    |   15|   0|   15|          0|
    |add_ln58_231_reg_12264706_pp0_iter3_reg      |   15|   0|   15|          0|
    |add_ln58_232_reg_12271041                    |   16|   0|   16|          0|
    |add_ln58_233_reg_12272091                    |   16|   0|   16|          0|
    |add_ln58_236_reg_12264711                    |   15|   0|   15|          0|
    |add_ln58_239_reg_12264716                    |   15|   0|   15|          0|
    |add_ln58_23_reg_12264251                     |   16|   0|   16|          0|
    |add_ln58_240_reg_12268901                    |   16|   0|   16|          0|
    |add_ln58_243_reg_12264721                    |   14|   0|   14|          0|
    |add_ln58_246_reg_12264726                    |   12|   0|   12|          0|
    |add_ln58_247_reg_12268906                    |   15|   0|   15|          0|
    |add_ln58_248_reg_12271046                    |   16|   0|   16|          0|
    |add_ln58_248_reg_12271046_pp0_iter5_reg      |   16|   0|   16|          0|
    |add_ln58_249_reg_12272621                    |   16|   0|   16|          0|
    |add_ln58_24_reg_12268676                     |   16|   0|   16|          0|
    |add_ln58_251_reg_12264731                    |   16|   0|   16|          0|
    |add_ln58_252_reg_12264736                    |   16|   0|   16|          0|
    |add_ln58_253_reg_12268911                    |   16|   0|   16|          0|
    |add_ln58_254_reg_12264741                    |   16|   0|   16|          0|
    |add_ln58_255_reg_12264746                    |   16|   0|   16|          0|
    |add_ln58_256_reg_12268916                    |   16|   0|   16|          0|
    |add_ln58_257_reg_12271051                    |   16|   0|   16|          0|
    |add_ln58_258_reg_12264751                    |   16|   0|   16|          0|
    |add_ln58_259_reg_12264756                    |   16|   0|   16|          0|
    |add_ln58_25_reg_12264256                     |   16|   0|   16|          0|
    |add_ln58_260_reg_12268921                    |   16|   0|   16|          0|
    |add_ln58_261_reg_12264761                    |   16|   0|   16|          0|
    |add_ln58_262_reg_12264766                    |   16|   0|   16|          0|
    |add_ln58_263_reg_12268926                    |   16|   0|   16|          0|
    |add_ln58_264_reg_12271056                    |   16|   0|   16|          0|
    |add_ln58_265_reg_12272096                    |   16|   0|   16|          0|
    |add_ln58_266_reg_12264771                    |   16|   0|   16|          0|
    |add_ln58_267_reg_12264776                    |   16|   0|   16|          0|
    |add_ln58_268_reg_12268931                    |   16|   0|   16|          0|
    |add_ln58_269_reg_12264781                    |   16|   0|   16|          0|
    |add_ln58_26_reg_12264261                     |   16|   0|   16|          0|
    |add_ln58_270_reg_12264786                    |   16|   0|   16|          0|
    |add_ln58_271_reg_12268936                    |   16|   0|   16|          0|
    |add_ln58_272_reg_12271061                    |   16|   0|   16|          0|
    |add_ln58_273_reg_12264791                    |   16|   0|   16|          0|
    |add_ln58_274_reg_12264796                    |   16|   0|   16|          0|
    |add_ln58_275_reg_12268941                    |   16|   0|   16|          0|
    |add_ln58_276_reg_12264801                    |   15|   0|   15|          0|
    |add_ln58_277_reg_12264806                    |   15|   0|   15|          0|
    |add_ln58_278_reg_12268946                    |   16|   0|   16|          0|
    |add_ln58_279_reg_12271066                    |   16|   0|   16|          0|
    |add_ln58_27_reg_12268681                     |   16|   0|   16|          0|
    |add_ln58_280_reg_12272101                    |   16|   0|   16|          0|
    |add_ln58_281_reg_12272626                    |   16|   0|   16|          0|
    |add_ln58_282_reg_12264811                    |   15|   0|   15|          0|
    |add_ln58_283_reg_12264816                    |   15|   0|   15|          0|
    |add_ln58_284_reg_12268951                    |   16|   0|   16|          0|
    |add_ln58_285_reg_12264821                    |   15|   0|   15|          0|
    |add_ln58_286_reg_12264826                    |   15|   0|   15|          0|
    |add_ln58_287_reg_12268956                    |   16|   0|   16|          0|
    |add_ln58_288_reg_12271071                    |   16|   0|   16|          0|
    |add_ln58_289_reg_12264831                    |   15|   0|   15|          0|
    |add_ln58_28_reg_12270926                     |   16|   0|   16|          0|
    |add_ln58_290_reg_12264836                    |   15|   0|   15|          0|
    |add_ln58_291_reg_12268961                    |   16|   0|   16|          0|
    |add_ln58_292_reg_12264841                    |   15|   0|   15|          0|
    |add_ln58_293_reg_12264846                    |   15|   0|   15|          0|
    |add_ln58_294_reg_12268966                    |   16|   0|   16|          0|
    |add_ln58_295_reg_12271076                    |   16|   0|   16|          0|
    |add_ln58_296_reg_12272106                    |   16|   0|   16|          0|
    |add_ln58_297_reg_12264851                    |   15|   0|   15|          0|
    |add_ln58_299_reg_12268971                    |   16|   0|   16|          0|
    |add_ln58_29_reg_12272036                     |   16|   0|   16|          0|
    |add_ln58_2_reg_12268646                      |   16|   0|   16|          0|
    |add_ln58_301_reg_12264856                    |   14|   0|   14|          0|
    |add_ln58_302_reg_12268976                    |   15|   0|   15|          0|
    |add_ln58_303_reg_12271081                    |   16|   0|   16|          0|
    |add_ln58_306_reg_12264861                    |   14|   0|   14|          0|
    |add_ln58_308_reg_12254638                    |   10|   0|   10|          0|
    |add_ln58_308_reg_12254638_pp0_iter1_reg      |   10|   0|   10|          0|
    |add_ln58_309_reg_12264866                    |   12|   0|   12|          0|
    |add_ln58_30_reg_12272586                     |   16|   0|   16|          0|
    |add_ln58_310_reg_12268981                    |   15|   0|   15|          0|
    |add_ln58_310_reg_12268981_pp0_iter4_reg      |   15|   0|   15|          0|
    |add_ln58_311_reg_12272111                    |   16|   0|   16|          0|
    |add_ln58_312_reg_12272631                    |   16|   0|   16|          0|
    |add_ln58_314_reg_12264871                    |   16|   0|   16|          0|
    |add_ln58_315_reg_12264876                    |   16|   0|   16|          0|
    |add_ln58_316_reg_12268986                    |   16|   0|   16|          0|
    |add_ln58_317_reg_12264881                    |   16|   0|   16|          0|
    |add_ln58_318_reg_12264886                    |   16|   0|   16|          0|
    |add_ln58_319_reg_12268991                    |   16|   0|   16|          0|
    |add_ln58_31_reg_12264266                     |   16|   0|   16|          0|
    |add_ln58_320_reg_12271086                    |   16|   0|   16|          0|
    |add_ln58_321_reg_12264891                    |   16|   0|   16|          0|
    |add_ln58_322_reg_12264896                    |   16|   0|   16|          0|
    |add_ln58_323_reg_12268996                    |   16|   0|   16|          0|
    |add_ln58_324_reg_12264901                    |   16|   0|   16|          0|
    |add_ln58_325_reg_12264906                    |   16|   0|   16|          0|
    |add_ln58_326_reg_12269001                    |   16|   0|   16|          0|
    |add_ln58_327_reg_12271091                    |   16|   0|   16|          0|
    |add_ln58_328_reg_12272116                    |   16|   0|   16|          0|
    |add_ln58_329_reg_12264911                    |   16|   0|   16|          0|
    |add_ln58_32_reg_12264271                     |   15|   0|   15|          0|
    |add_ln58_330_reg_12264916                    |   16|   0|   16|          0|
    |add_ln58_331_reg_12269006                    |   16|   0|   16|          0|
    |add_ln58_332_reg_12264921                    |   16|   0|   16|          0|
    |add_ln58_333_reg_12264926                    |   16|   0|   16|          0|
    |add_ln58_334_reg_12269011                    |   16|   0|   16|          0|
    |add_ln58_335_reg_12271096                    |   16|   0|   16|          0|
    |add_ln58_336_reg_12264931                    |   16|   0|   16|          0|
    |add_ln58_337_reg_12264936                    |   16|   0|   16|          0|
    |add_ln58_338_reg_12269016                    |   16|   0|   16|          0|
    |add_ln58_339_reg_12264941                    |   16|   0|   16|          0|
    |add_ln58_33_reg_12268686                     |   16|   0|   16|          0|
    |add_ln58_340_reg_12264946                    |   16|   0|   16|          0|
    |add_ln58_341_reg_12269021                    |   16|   0|   16|          0|
    |add_ln58_342_reg_12271101                    |   16|   0|   16|          0|
    |add_ln58_343_reg_12272121                    |   16|   0|   16|          0|
    |add_ln58_344_reg_12272636                    |   16|   0|   16|          0|
    |add_ln58_345_reg_12264951                    |   16|   0|   16|          0|
    |add_ln58_346_reg_12264956                    |   16|   0|   16|          0|
    |add_ln58_347_reg_12269026                    |   16|   0|   16|          0|
    |add_ln58_348_reg_12264961                    |   15|   0|   15|          0|
    |add_ln58_349_reg_12264966                    |   15|   0|   15|          0|
    |add_ln58_34_reg_12264276                     |   15|   0|   15|          0|
    |add_ln58_350_reg_12269031                    |   16|   0|   16|          0|
    |add_ln58_351_reg_12271106                    |   16|   0|   16|          0|
    |add_ln58_352_reg_12264971                    |   15|   0|   15|          0|
    |add_ln58_353_reg_12264976                    |   15|   0|   15|          0|
    |add_ln58_354_reg_12269036                    |   16|   0|   16|          0|
    |add_ln58_355_reg_12264981                    |   15|   0|   15|          0|
    |add_ln58_356_reg_12264986                    |   15|   0|   15|          0|
    |add_ln58_357_reg_12269041                    |   16|   0|   16|          0|
    |add_ln58_358_reg_12271111                    |   16|   0|   16|          0|
    |add_ln58_359_reg_12272126                    |   16|   0|   16|          0|
    |add_ln58_35_reg_12264281                     |   15|   0|   15|          0|
    |add_ln58_360_reg_12264991                    |   15|   0|   15|          0|
    |add_ln58_361_reg_12264996                    |   15|   0|   15|          0|
    |add_ln58_362_reg_12269046                    |   16|   0|   16|          0|
    |add_ln58_364_reg_12265001                    |   14|   0|   14|          0|
    |add_ln58_365_reg_12269051                    |   15|   0|   15|          0|
    |add_ln58_366_reg_12271116                    |   16|   0|   16|          0|
    |add_ln58_369_reg_12265006                    |   15|   0|   15|          0|
    |add_ln58_36_reg_12268691                     |   16|   0|   16|          0|
    |add_ln58_372_reg_12265011                    |   14|   0|   14|          0|
    |add_ln58_373_reg_12269056                    |   16|   0|   16|          0|
    |add_ln58_373_reg_12269056_pp0_iter4_reg      |   16|   0|   16|          0|
    |add_ln58_374_reg_12272131                    |   16|   0|   16|          0|
    |add_ln58_375_reg_12272641                    |   16|   0|   16|          0|
    |add_ln58_377_reg_12265016                    |   16|   0|   16|          0|
    |add_ln58_378_reg_12265021                    |   16|   0|   16|          0|
    |add_ln58_379_reg_12269061                    |   16|   0|   16|          0|
    |add_ln58_37_reg_12270931                     |   16|   0|   16|          0|
    |add_ln58_380_reg_12265026                    |   16|   0|   16|          0|
    |add_ln58_381_reg_12265031                    |   16|   0|   16|          0|
    |add_ln58_382_reg_12269066                    |   16|   0|   16|          0|
    |add_ln58_383_reg_12271121                    |   16|   0|   16|          0|
    |add_ln58_384_reg_12265036                    |   16|   0|   16|          0|
    |add_ln58_385_reg_12265041                    |   16|   0|   16|          0|
    |add_ln58_386_reg_12269071                    |   16|   0|   16|          0|
    |add_ln58_387_reg_12265046                    |   16|   0|   16|          0|
    |add_ln58_388_reg_12265051                    |   16|   0|   16|          0|
    |add_ln58_389_reg_12269076                    |   16|   0|   16|          0|
    |add_ln58_38_reg_12264286                     |   15|   0|   15|          0|
    |add_ln58_390_reg_12271126                    |   16|   0|   16|          0|
    |add_ln58_391_reg_12272136                    |   16|   0|   16|          0|
    |add_ln58_392_reg_12265056                    |   16|   0|   16|          0|
    |add_ln58_393_reg_12265061                    |   16|   0|   16|          0|
    |add_ln58_394_reg_12269081                    |   16|   0|   16|          0|
    |add_ln58_395_reg_12265066                    |   16|   0|   16|          0|
    |add_ln58_396_reg_12265071                    |   16|   0|   16|          0|
    |add_ln58_397_reg_12269086                    |   16|   0|   16|          0|
    |add_ln58_398_reg_12271131                    |   16|   0|   16|          0|
    |add_ln58_399_reg_12265076                    |   16|   0|   16|          0|
    |add_ln58_39_reg_12264291                     |   15|   0|   15|          0|
    |add_ln58_3_reg_12264196                      |   16|   0|   16|          0|
    |add_ln58_400_reg_12265081                    |   16|   0|   16|          0|
    |add_ln58_401_reg_12269091                    |   16|   0|   16|          0|
    |add_ln58_402_reg_12265086                    |   16|   0|   16|          0|
    |add_ln58_403_reg_12265091                    |   16|   0|   16|          0|
    |add_ln58_404_reg_12269096                    |   16|   0|   16|          0|
    |add_ln58_405_reg_12271136                    |   16|   0|   16|          0|
    |add_ln58_406_reg_12272141                    |   16|   0|   16|          0|
    |add_ln58_407_reg_12272646                    |   16|   0|   16|          0|
    |add_ln58_408_reg_12265096                    |   15|   0|   15|          0|
    |add_ln58_409_reg_12265101                    |   15|   0|   15|          0|
    |add_ln58_40_reg_12268696                     |   16|   0|   16|          0|
    |add_ln58_410_reg_12269101                    |   16|   0|   16|          0|
    |add_ln58_411_reg_12265106                    |   15|   0|   15|          0|
    |add_ln58_412_reg_12265111                    |   15|   0|   15|          0|
    |add_ln58_413_reg_12269106                    |   16|   0|   16|          0|
    |add_ln58_414_reg_12271141                    |   16|   0|   16|          0|
    |add_ln58_415_reg_12265116                    |   15|   0|   15|          0|
    |add_ln58_416_reg_12265121                    |   15|   0|   15|          0|
    |add_ln58_417_reg_12269111                    |   16|   0|   16|          0|
    |add_ln58_41_reg_12264296                     |   15|   0|   15|          0|
    |add_ln58_420_reg_12269116                    |   15|   0|   15|          0|
    |add_ln58_421_reg_12271146                    |   16|   0|   16|          0|
    |add_ln58_422_reg_12272146                    |   16|   0|   16|          0|
    |add_ln58_425_reg_12265126                    |   15|   0|   15|          0|
    |add_ln58_428_reg_12265131                    |   14|   0|   14|          0|
    |add_ln58_429_reg_12269121                    |   16|   0|   16|          0|
    |add_ln58_42_reg_12264301                     |   15|   0|   15|          0|
    |add_ln58_432_reg_12265136                    |   14|   0|   14|          0|
    |add_ln58_435_reg_12265141                    |   11|   0|   11|          0|
    |add_ln58_436_reg_12269126                    |   14|   0|   14|          0|
    |add_ln58_437_reg_12271151                    |   16|   0|   16|          0|
    |add_ln58_437_reg_12271151_pp0_iter5_reg      |   16|   0|   16|          0|
    |add_ln58_438_reg_12272651                    |   16|   0|   16|          0|
    |add_ln58_43_reg_12268701                     |   16|   0|   16|          0|
    |add_ln58_440_reg_12265146                    |   16|   0|   16|          0|
    |add_ln58_441_reg_12265151                    |   16|   0|   16|          0|
    |add_ln58_442_reg_12269131                    |   16|   0|   16|          0|
    |add_ln58_443_reg_12265156                    |   16|   0|   16|          0|
    |add_ln58_444_reg_12265161                    |   16|   0|   16|          0|
    |add_ln58_445_reg_12269136                    |   16|   0|   16|          0|
    |add_ln58_446_reg_12271156                    |   16|   0|   16|          0|
    |add_ln58_447_reg_12265166                    |   16|   0|   16|          0|
    |add_ln58_448_reg_12265171                    |   16|   0|   16|          0|
    |add_ln58_449_reg_12269141                    |   16|   0|   16|          0|
    |add_ln58_44_reg_12270936                     |   16|   0|   16|          0|
    |add_ln58_450_reg_12265176                    |   16|   0|   16|          0|
    |add_ln58_451_reg_12265181                    |   16|   0|   16|          0|
    |add_ln58_452_reg_12269146                    |   16|   0|   16|          0|
    |add_ln58_453_reg_12271161                    |   16|   0|   16|          0|
    |add_ln58_454_reg_12272151                    |   16|   0|   16|          0|
    |add_ln58_455_reg_12265186                    |   16|   0|   16|          0|
    |add_ln58_456_reg_12265191                    |   16|   0|   16|          0|
    |add_ln58_457_reg_12269151                    |   16|   0|   16|          0|
    |add_ln58_458_reg_12265196                    |   16|   0|   16|          0|
    |add_ln58_459_reg_12265201                    |   16|   0|   16|          0|
    |add_ln58_45_reg_12272041                     |   16|   0|   16|          0|
    |add_ln58_460_reg_12269156                    |   16|   0|   16|          0|
    |add_ln58_461_reg_12271166                    |   16|   0|   16|          0|
    |add_ln58_462_reg_12265206                    |   16|   0|   16|          0|
    |add_ln58_463_reg_12265211                    |   16|   0|   16|          0|
    |add_ln58_464_reg_12269161                    |   16|   0|   16|          0|
    |add_ln58_465_reg_12265216                    |   16|   0|   16|          0|
    |add_ln58_466_reg_12265221                    |   16|   0|   16|          0|
    |add_ln58_467_reg_12269166                    |   16|   0|   16|          0|
    |add_ln58_468_reg_12271171                    |   16|   0|   16|          0|
    |add_ln58_469_reg_12272156                    |   16|   0|   16|          0|
    |add_ln58_46_reg_12264306                     |   15|   0|   15|          0|
    |add_ln58_470_reg_12272656                    |   16|   0|   16|          0|
    |add_ln58_471_reg_12265226                    |   16|   0|   16|          0|
    |add_ln58_472_reg_12265231                    |   15|   0|   15|          0|
    |add_ln58_473_reg_12269171                    |   16|   0|   16|          0|
    |add_ln58_474_reg_12265236                    |   15|   0|   15|          0|
    |add_ln58_475_reg_12265241                    |   15|   0|   15|          0|
    |add_ln58_476_reg_12269176                    |   16|   0|   16|          0|
    |add_ln58_477_reg_12271176                    |   16|   0|   16|          0|
    |add_ln58_478_reg_12265246                    |   15|   0|   15|          0|
    |add_ln58_479_reg_12265251                    |   15|   0|   15|          0|
    |add_ln58_47_reg_12264311                     |   14|   0|   14|          0|
    |add_ln58_480_reg_12269181                    |   16|   0|   16|          0|
    |add_ln58_481_reg_12265256                    |   15|   0|   15|          0|
    |add_ln58_482_reg_12265261                    |   15|   0|   15|          0|
    |add_ln58_483_reg_12269186                    |   16|   0|   16|          0|
    |add_ln58_484_reg_12271181                    |   16|   0|   16|          0|
    |add_ln58_485_reg_12272161                    |   16|   0|   16|          0|
    |add_ln58_486_reg_12265266                    |   15|   0|   15|          0|
    |add_ln58_487_reg_12265271                    |   15|   0|   15|          0|
    |add_ln58_488_reg_12269191                    |   16|   0|   16|          0|
    |add_ln58_48_reg_12268706                     |   16|   0|   16|          0|
    |add_ln58_491_reg_12265276                    |   15|   0|   15|          0|
    |add_ln58_491_reg_12265276_pp0_iter3_reg      |   15|   0|   15|          0|
    |add_ln58_492_reg_12271186                    |   16|   0|   16|          0|
    |add_ln58_495_reg_12265281                    |   15|   0|   15|          0|
    |add_ln58_496_reg_12264016                    |   12|   0|   12|          0|
    |add_ln58_498_reg_12265286                    |   13|   0|   13|          0|
    |add_ln58_499_reg_12269196                    |   15|   0|   15|          0|
    |add_ln58_499_reg_12269196_pp0_iter4_reg      |   15|   0|   15|          0|
    |add_ln58_4_reg_12264201                      |   16|   0|   16|          0|
    |add_ln58_500_reg_12272166                    |   16|   0|   16|          0|
    |add_ln58_501_reg_12272661                    |   16|   0|   16|          0|
    |add_ln58_503_reg_12265291                    |   16|   0|   16|          0|
    |add_ln58_504_reg_12269201                    |   16|   0|   16|          0|
    |add_ln58_505_reg_12265296                    |   16|   0|   16|          0|
    |add_ln58_506_reg_12265301                    |   16|   0|   16|          0|
    |add_ln58_507_reg_12269206                    |   16|   0|   16|          0|
    |add_ln58_508_reg_12271191                    |   16|   0|   16|          0|
    |add_ln58_509_reg_12265306                    |   16|   0|   16|          0|
    |add_ln58_510_reg_12265311                    |   16|   0|   16|          0|
    |add_ln58_511_reg_12269211                    |   16|   0|   16|          0|
    |add_ln58_512_reg_12265316                    |   16|   0|   16|          0|
    |add_ln58_513_reg_12265321                    |   16|   0|   16|          0|
    |add_ln58_514_reg_12269216                    |   16|   0|   16|          0|
    |add_ln58_515_reg_12271196                    |   16|   0|   16|          0|
    |add_ln58_516_reg_12272171                    |   16|   0|   16|          0|
    |add_ln58_517_reg_12265326                    |   16|   0|   16|          0|
    |add_ln58_518_reg_12265331                    |   16|   0|   16|          0|
    |add_ln58_519_reg_12269221                    |   16|   0|   16|          0|
    |add_ln58_51_reg_12264316                     |   15|   0|   15|          0|
    |add_ln58_51_reg_12264316_pp0_iter3_reg       |   15|   0|   15|          0|
    |add_ln58_520_reg_12265336                    |   16|   0|   16|          0|
    |add_ln58_521_reg_12265341                    |   16|   0|   16|          0|
    |add_ln58_522_reg_12269226                    |   16|   0|   16|          0|
    |add_ln58_523_reg_12271201                    |   16|   0|   16|          0|
    |add_ln58_524_reg_12265346                    |   16|   0|   16|          0|
    |add_ln58_525_reg_12265351                    |   16|   0|   16|          0|
    |add_ln58_526_reg_12269231                    |   16|   0|   16|          0|
    |add_ln58_527_reg_12265356                    |   16|   0|   16|          0|
    |add_ln58_528_reg_12265361                    |   15|   0|   15|          0|
    |add_ln58_529_reg_12269236                    |   16|   0|   16|          0|
    |add_ln58_52_reg_12270941                     |   16|   0|   16|          0|
    |add_ln58_530_reg_12271206                    |   16|   0|   16|          0|
    |add_ln58_531_reg_12272176                    |   16|   0|   16|          0|
    |add_ln58_532_reg_12272666                    |   16|   0|   16|          0|
    |add_ln58_533_reg_12265366                    |   15|   0|   15|          0|
    |add_ln58_534_reg_12265371                    |   15|   0|   15|          0|
    |add_ln58_535_reg_12269241                    |   16|   0|   16|          0|
    |add_ln58_536_reg_12265376                    |   15|   0|   15|          0|
    |add_ln58_537_reg_12265381                    |   15|   0|   15|          0|
    |add_ln58_538_reg_12269246                    |   16|   0|   16|          0|
    |add_ln58_539_reg_12271211                    |   16|   0|   16|          0|
    |add_ln58_540_reg_12265386                    |   15|   0|   15|          0|
    |add_ln58_541_reg_12265391                    |   15|   0|   15|          0|
    |add_ln58_542_reg_12269251                    |   16|   0|   16|          0|
    |add_ln58_543_reg_12265396                    |   15|   0|   15|          0|
    |add_ln58_544_reg_12265401                    |   14|   0|   14|          0|
    |add_ln58_545_reg_12269256                    |   16|   0|   16|          0|
    |add_ln58_546_reg_12271216                    |   16|   0|   16|          0|
    |add_ln58_547_reg_12272181                    |   16|   0|   16|          0|
    |add_ln58_550_reg_12265406                    |   15|   0|   15|          0|
    |add_ln58_553_reg_12265411                    |   15|   0|   15|          0|
    |add_ln58_554_reg_12269261                    |   16|   0|   16|          0|
    |add_ln58_557_reg_12265416                    |   14|   0|   14|          0|
    |add_ln58_55_reg_12264321                     |   14|   0|   14|          0|
    |add_ln58_560_reg_12265421                    |   13|   0|   13|          0|
    |add_ln58_561_reg_12269266                    |   15|   0|   15|          0|
    |add_ln58_562_reg_12271221                    |   16|   0|   16|          0|
    |add_ln58_562_reg_12271221_pp0_iter5_reg      |   16|   0|   16|          0|
    |add_ln58_563_reg_12272671                    |   16|   0|   16|          0|
    |add_ln58_565_reg_12265426                    |   16|   0|   16|          0|
    |add_ln58_566_reg_12265431                    |   16|   0|   16|          0|
    |add_ln58_567_reg_12269271                    |   16|   0|   16|          0|
    |add_ln58_568_reg_12265436                    |   16|   0|   16|          0|
    |add_ln58_569_reg_12265441                    |   16|   0|   16|          0|
    |add_ln58_570_reg_12269276                    |   16|   0|   16|          0|
    |add_ln58_571_reg_12271226                    |   16|   0|   16|          0|
    |add_ln58_572_reg_12265446                    |   16|   0|   16|          0|
    |add_ln58_573_reg_12265451                    |   16|   0|   16|          0|
    |add_ln58_574_reg_12269281                    |   16|   0|   16|          0|
    |add_ln58_575_reg_12265456                    |   16|   0|   16|          0|
    |add_ln58_576_reg_12265461                    |   16|   0|   16|          0|
    |add_ln58_577_reg_12269286                    |   16|   0|   16|          0|
    |add_ln58_578_reg_12271231                    |   16|   0|   16|          0|
    |add_ln58_579_reg_12272186                    |   16|   0|   16|          0|
    |add_ln58_580_reg_12265466                    |   16|   0|   16|          0|
    |add_ln58_581_reg_12265471                    |   16|   0|   16|          0|
    |add_ln58_582_reg_12269291                    |   16|   0|   16|          0|
    |add_ln58_583_reg_12265476                    |   16|   0|   16|          0|
    |add_ln58_584_reg_12265481                    |   16|   0|   16|          0|
    |add_ln58_585_reg_12269296                    |   16|   0|   16|          0|
    |add_ln58_586_reg_12271236                    |   16|   0|   16|          0|
    |add_ln58_587_reg_12265486                    |   16|   0|   16|          0|
    |add_ln58_588_reg_12265491                    |   16|   0|   16|          0|
    |add_ln58_589_reg_12269301                    |   16|   0|   16|          0|
    |add_ln58_58_reg_12264326                     |   12|   0|   12|          0|
    |add_ln58_590_reg_12265496                    |   16|   0|   16|          0|
    |add_ln58_591_reg_12265501                    |   16|   0|   16|          0|
    |add_ln58_592_reg_12269306                    |   16|   0|   16|          0|
    |add_ln58_593_reg_12271241                    |   16|   0|   16|          0|
    |add_ln58_594_reg_12272191                    |   16|   0|   16|          0|
    |add_ln58_595_reg_12272676                    |   16|   0|   16|          0|
    |add_ln58_596_reg_12265506                    |   16|   0|   16|          0|
    |add_ln58_597_reg_12265511                    |   15|   0|   15|          0|
    |add_ln58_598_reg_12269311                    |   16|   0|   16|          0|
    |add_ln58_599_reg_12265516                    |   15|   0|   15|          0|
    |add_ln58_59_reg_12268711                     |   15|   0|   15|          0|
    |add_ln58_59_reg_12268711_pp0_iter4_reg       |   15|   0|   15|          0|
    |add_ln58_5_reg_12268651                      |   16|   0|   16|          0|
    |add_ln58_600_reg_12265521                    |   15|   0|   15|          0|
    |add_ln58_601_reg_12269316                    |   16|   0|   16|          0|
    |add_ln58_602_reg_12271246                    |   16|   0|   16|          0|
    |add_ln58_603_reg_12265526                    |   15|   0|   15|          0|
    |add_ln58_604_reg_12265531                    |   15|   0|   15|          0|
    |add_ln58_605_reg_12269321                    |   16|   0|   16|          0|
    |add_ln58_606_reg_12265536                    |   15|   0|   15|          0|
    |add_ln58_608_reg_12269326                    |   16|   0|   16|          0|
    |add_ln58_609_reg_12271251                    |   16|   0|   16|          0|
    |add_ln58_60_reg_12272046                     |   16|   0|   16|          0|
    |add_ln58_610_reg_12272196                    |   16|   0|   16|          0|
    |add_ln58_613_reg_12265541                    |   15|   0|   15|          0|
    |add_ln58_616_reg_12265546                    |   15|   0|   15|          0|
    |add_ln58_617_reg_12269331                    |   16|   0|   16|          0|
    |add_ln58_61_reg_12272591                     |   16|   0|   16|          0|
    |add_ln58_620_reg_12265551                    |   14|   0|   14|          0|
    |add_ln58_623_reg_12265556                    |   13|   0|   13|          0|
    |add_ln58_624_reg_12269336                    |   15|   0|   15|          0|
    |add_ln58_625_reg_12271256                    |   16|   0|   16|          0|
    |add_ln58_625_reg_12271256_pp0_iter5_reg      |   16|   0|   16|          0|
    |add_ln58_626_reg_12272681                    |   16|   0|   16|          0|
    |add_ln58_628_reg_12265561                    |   16|   0|   16|          0|
    |add_ln58_629_reg_12265566                    |   16|   0|   16|          0|
    |add_ln58_630_reg_12269341                    |   16|   0|   16|          0|
    |add_ln58_631_reg_12265571                    |   16|   0|   16|          0|
    |add_ln58_632_reg_12265576                    |   16|   0|   16|          0|
    |add_ln58_633_reg_12269346                    |   16|   0|   16|          0|
    |add_ln58_634_reg_12271261                    |   16|   0|   16|          0|
    |add_ln58_635_reg_12265581                    |   16|   0|   16|          0|
    |add_ln58_636_reg_12265586                    |   16|   0|   16|          0|
    |add_ln58_637_reg_12269351                    |   16|   0|   16|          0|
    |add_ln58_638_reg_12265591                    |   16|   0|   16|          0|
    |add_ln58_639_reg_12265596                    |   16|   0|   16|          0|
    |add_ln58_63_reg_12264331                     |   16|   0|   16|          0|
    |add_ln58_640_reg_12269356                    |   16|   0|   16|          0|
    |add_ln58_641_reg_12271266                    |   16|   0|   16|          0|
    |add_ln58_642_reg_12272201                    |   16|   0|   16|          0|
    |add_ln58_643_reg_12265601                    |   16|   0|   16|          0|
    |add_ln58_644_reg_12265606                    |   16|   0|   16|          0|
    |add_ln58_645_reg_12269361                    |   16|   0|   16|          0|
    |add_ln58_646_reg_12265611                    |   16|   0|   16|          0|
    |add_ln58_647_reg_12265616                    |   16|   0|   16|          0|
    |add_ln58_648_reg_12269366                    |   16|   0|   16|          0|
    |add_ln58_649_reg_12271271                    |   16|   0|   16|          0|
    |add_ln58_64_reg_12264336                     |   16|   0|   16|          0|
    |add_ln58_650_reg_12265621                    |   16|   0|   16|          0|
    |add_ln58_651_reg_12265626                    |   16|   0|   16|          0|
    |add_ln58_652_reg_12269371                    |   16|   0|   16|          0|
    |add_ln58_653_reg_12265631                    |   16|   0|   16|          0|
    |add_ln58_654_reg_12265636                    |   15|   0|   15|          0|
    |add_ln58_655_reg_12269376                    |   16|   0|   16|          0|
    |add_ln58_656_reg_12271276                    |   16|   0|   16|          0|
    |add_ln58_657_reg_12272206                    |   16|   0|   16|          0|
    |add_ln58_658_reg_12272686                    |   16|   0|   16|          0|
    |add_ln58_659_reg_12265641                    |   15|   0|   15|          0|
    |add_ln58_65_reg_12268716                     |   16|   0|   16|          0|
    |add_ln58_660_reg_12265646                    |   15|   0|   15|          0|
    |add_ln58_661_reg_12269381                    |   16|   0|   16|          0|
    |add_ln58_662_reg_12265651                    |   15|   0|   15|          0|
    |add_ln58_663_reg_12265656                    |   15|   0|   15|          0|
    |add_ln58_664_reg_12269386                    |   16|   0|   16|          0|
    |add_ln58_665_reg_12271281                    |   16|   0|   16|          0|
    |add_ln58_666_reg_12265661                    |   15|   0|   15|          0|
    |add_ln58_667_reg_12265666                    |   15|   0|   15|          0|
    |add_ln58_668_reg_12269391                    |   16|   0|   16|          0|
    |add_ln58_669_reg_12265671                    |   15|   0|   15|          0|
    |add_ln58_66_reg_12264341                     |   16|   0|   16|          0|
    |add_ln58_670_reg_12265676                    |   15|   0|   15|          0|
    |add_ln58_671_reg_12269396                    |   16|   0|   16|          0|
    |add_ln58_672_reg_12271286                    |   16|   0|   16|          0|
    |add_ln58_673_reg_12272211                    |   16|   0|   16|          0|
    |add_ln58_674_reg_12265681                    |   15|   0|   15|          0|
    |add_ln58_676_reg_12269401                    |   16|   0|   16|          0|
    |add_ln58_679_reg_12265686                    |   15|   0|   15|          0|
    |add_ln58_679_reg_12265686_pp0_iter3_reg      |   15|   0|   15|          0|
    |add_ln58_67_reg_12264346                     |   16|   0|   16|          0|
    |add_ln58_680_reg_12271291                    |   16|   0|   16|          0|
    |add_ln58_683_reg_12265691                    |   14|   0|   14|          0|
    |add_ln58_686_reg_12265696                    |   13|   0|   13|          0|
    |add_ln58_687_reg_12269406                    |   15|   0|   15|          0|
    |add_ln58_687_reg_12269406_pp0_iter4_reg      |   15|   0|   15|          0|
    |add_ln58_688_reg_12272216                    |   16|   0|   16|          0|
    |add_ln58_689_reg_12272691                    |   16|   0|   16|          0|
    |add_ln58_68_reg_12268721                     |   16|   0|   16|          0|
    |add_ln58_691_reg_12265701                    |   16|   0|   16|          0|
    |add_ln58_692_reg_12265706                    |   16|   0|   16|          0|
    |add_ln58_693_reg_12269411                    |   16|   0|   16|          0|
    |add_ln58_694_reg_12265711                    |   16|   0|   16|          0|
    |add_ln58_695_reg_12265716                    |   16|   0|   16|          0|
    |add_ln58_696_reg_12269416                    |   16|   0|   16|          0|
    |add_ln58_697_reg_12271296                    |   16|   0|   16|          0|
    |add_ln58_698_reg_12265721                    |   16|   0|   16|          0|
    |add_ln58_699_reg_12265726                    |   16|   0|   16|          0|
    |add_ln58_69_reg_12270946                     |   16|   0|   16|          0|
    |add_ln58_6_reg_12270911                      |   16|   0|   16|          0|
    |add_ln58_700_reg_12269421                    |   16|   0|   16|          0|
    |add_ln58_701_reg_12265731                    |   16|   0|   16|          0|
    |add_ln58_702_reg_12265736                    |   16|   0|   16|          0|
    |add_ln58_703_reg_12269426                    |   16|   0|   16|          0|
    |add_ln58_704_reg_12271301                    |   16|   0|   16|          0|
    |add_ln58_705_reg_12272221                    |   16|   0|   16|          0|
    |add_ln58_706_reg_12265741                    |   16|   0|   16|          0|
    |add_ln58_707_reg_12265746                    |   16|   0|   16|          0|
    |add_ln58_708_reg_12269431                    |   16|   0|   16|          0|
    |add_ln58_709_reg_12265751                    |   16|   0|   16|          0|
    |add_ln58_70_reg_12264351                     |   16|   0|   16|          0|
    |add_ln58_710_reg_12265756                    |   16|   0|   16|          0|
    |add_ln58_711_reg_12269436                    |   16|   0|   16|          0|
    |add_ln58_712_reg_12271306                    |   16|   0|   16|          0|
    |add_ln58_713_reg_12265761                    |   16|   0|   16|          0|
    |add_ln58_714_reg_12265766                    |   16|   0|   16|          0|
    |add_ln58_715_reg_12269441                    |   16|   0|   16|          0|
    |add_ln58_716_reg_12265771                    |   16|   0|   16|          0|
    |add_ln58_717_reg_12265776                    |   16|   0|   16|          0|
    |add_ln58_718_reg_12269446                    |   16|   0|   16|          0|
    |add_ln58_719_reg_12271311                    |   16|   0|   16|          0|
    |add_ln58_71_reg_12264356                     |   16|   0|   16|          0|
    |add_ln58_720_reg_12272226                    |   16|   0|   16|          0|
    |add_ln58_721_reg_12272696                    |   16|   0|   16|          0|
    |add_ln58_722_reg_12265781                    |   16|   0|   16|          0|
    |add_ln58_723_reg_12265786                    |   16|   0|   16|          0|
    |add_ln58_724_reg_12269451                    |   16|   0|   16|          0|
    |add_ln58_725_reg_12265791                    |   15|   0|   15|          0|
    |add_ln58_726_reg_12265796                    |   15|   0|   15|          0|
    |add_ln58_727_reg_12269456                    |   16|   0|   16|          0|
    |add_ln58_728_reg_12271316                    |   16|   0|   16|          0|
    |add_ln58_729_reg_12265801                    |   15|   0|   15|          0|
    |add_ln58_72_reg_12268726                     |   16|   0|   16|          0|
    |add_ln58_730_reg_12265806                    |   15|   0|   15|          0|
    |add_ln58_731_reg_12269461                    |   16|   0|   16|          0|
    |add_ln58_732_reg_12265811                    |   15|   0|   15|          0|
    |add_ln58_733_reg_12265816                    |   15|   0|   15|          0|
    |add_ln58_734_reg_12269466                    |   16|   0|   16|          0|
    |add_ln58_735_reg_12271321                    |   16|   0|   16|          0|
    |add_ln58_736_reg_12272231                    |   16|   0|   16|          0|
    |add_ln58_737_reg_12265821                    |   15|   0|   15|          0|
    |add_ln58_738_reg_12265826                    |   15|   0|   15|          0|
    |add_ln58_739_reg_12269471                    |   16|   0|   16|          0|
    |add_ln58_73_reg_12264361                     |   16|   0|   16|          0|
    |add_ln58_742_reg_12265831                    |   15|   0|   15|          0|
    |add_ln58_742_reg_12265831_pp0_iter3_reg      |   15|   0|   15|          0|
    |add_ln58_743_reg_12271326                    |   16|   0|   16|          0|
    |add_ln58_746_reg_12265836                    |   14|   0|   14|          0|
    |add_ln58_748_reg_12264021                    |   12|   0|   12|          0|
    |add_ln58_749_reg_12265841                    |   14|   0|   14|          0|
    |add_ln58_74_reg_12264366                     |   16|   0|   16|          0|
    |add_ln58_750_reg_12269476                    |   15|   0|   15|          0|
    |add_ln58_750_reg_12269476_pp0_iter4_reg      |   15|   0|   15|          0|
    |add_ln58_751_reg_12272236                    |   16|   0|   16|          0|
    |add_ln58_752_reg_12272701                    |   16|   0|   16|          0|
    |add_ln58_754_reg_12265846                    |   16|   0|   16|          0|
    |add_ln58_755_reg_12265851                    |   16|   0|   16|          0|
    |add_ln58_756_reg_12269481                    |   16|   0|   16|          0|
    |add_ln58_757_reg_12265856                    |   16|   0|   16|          0|
    |add_ln58_758_reg_12265861                    |   16|   0|   16|          0|
    |add_ln58_759_reg_12269486                    |   16|   0|   16|          0|
    |add_ln58_75_reg_12268731                     |   16|   0|   16|          0|
    |add_ln58_760_reg_12271331                    |   16|   0|   16|          0|
    |add_ln58_761_reg_12265866                    |   16|   0|   16|          0|
    |add_ln58_762_reg_12265871                    |   16|   0|   16|          0|
    |add_ln58_763_reg_12269491                    |   16|   0|   16|          0|
    |add_ln58_764_reg_12265876                    |   16|   0|   16|          0|
    |add_ln58_765_reg_12265881                    |   16|   0|   16|          0|
    |add_ln58_766_reg_12269496                    |   16|   0|   16|          0|
    |add_ln58_767_reg_12271336                    |   16|   0|   16|          0|
    |add_ln58_768_reg_12272241                    |   16|   0|   16|          0|
    |add_ln58_769_reg_12265886                    |   16|   0|   16|          0|
    |add_ln58_76_reg_12270951                     |   16|   0|   16|          0|
    |add_ln58_770_reg_12265891                    |   16|   0|   16|          0|
    |add_ln58_771_reg_12269501                    |   16|   0|   16|          0|
    |add_ln58_772_reg_12265896                    |   16|   0|   16|          0|
    |add_ln58_773_reg_12265901                    |   16|   0|   16|          0|
    |add_ln58_774_reg_12269506                    |   16|   0|   16|          0|
    |add_ln58_775_reg_12271341                    |   16|   0|   16|          0|
    |add_ln58_776_reg_12265906                    |   16|   0|   16|          0|
    |add_ln58_777_reg_12265911                    |   16|   0|   16|          0|
    |add_ln58_778_reg_12269511                    |   16|   0|   16|          0|
    |add_ln58_779_reg_12265916                    |   16|   0|   16|          0|
    |add_ln58_77_reg_12272051                     |   16|   0|   16|          0|
    |add_ln58_780_reg_12265921                    |   16|   0|   16|          0|
    |add_ln58_781_reg_12269516                    |   16|   0|   16|          0|
    |add_ln58_782_reg_12271346                    |   16|   0|   16|          0|
    |add_ln58_783_reg_12272246                    |   16|   0|   16|          0|
    |add_ln58_784_reg_12272706                    |   16|   0|   16|          0|
    |add_ln58_785_reg_12265926                    |   16|   0|   16|          0|
    |add_ln58_786_reg_12265931                    |   16|   0|   16|          0|
    |add_ln58_787_reg_12269521                    |   16|   0|   16|          0|
    |add_ln58_788_reg_12265936                    |   15|   0|   15|          0|
    |add_ln58_789_reg_12265941                    |   15|   0|   15|          0|
    |add_ln58_78_reg_12264371                     |   16|   0|   16|          0|
    |add_ln58_790_reg_12269526                    |   16|   0|   16|          0|
    |add_ln58_791_reg_12271351                    |   16|   0|   16|          0|
    |add_ln58_792_reg_12265946                    |   15|   0|   15|          0|
    |add_ln58_793_reg_12265951                    |   15|   0|   15|          0|
    |add_ln58_794_reg_12269531                    |   16|   0|   16|          0|
    |add_ln58_795_reg_12265956                    |   15|   0|   15|          0|
    |add_ln58_796_reg_12265961                    |   15|   0|   15|          0|
    |add_ln58_797_reg_12269536                    |   16|   0|   16|          0|
    |add_ln58_798_reg_12271356                    |   16|   0|   16|          0|
    |add_ln58_799_reg_12272251                    |   16|   0|   16|          0|
    |add_ln58_79_reg_12264376                     |   16|   0|   16|          0|
    |add_ln58_7_reg_12264206                      |   16|   0|   16|          0|
    |add_ln58_800_reg_12265966                    |   15|   0|   15|          0|
    |add_ln58_801_reg_12265971                    |   15|   0|   15|          0|
    |add_ln58_802_reg_12269541                    |   16|   0|   16|          0|
    |add_ln58_803_reg_12265976                    |   15|   0|   15|          0|
    |add_ln58_805_reg_12269546                    |   16|   0|   16|          0|
    |add_ln58_806_reg_12271361                    |   16|   0|   16|          0|
    |add_ln58_809_reg_12265981                    |   15|   0|   15|          0|
    |add_ln58_80_reg_12268736                     |   16|   0|   16|          0|
    |add_ln58_812_reg_12265986                    |   13|   0|   13|          0|
    |add_ln58_813_reg_12269551                    |   15|   0|   15|          0|
    |add_ln58_813_reg_12269551_pp0_iter4_reg      |   15|   0|   15|          0|
    |add_ln58_814_reg_12272256                    |   16|   0|   16|          0|
    |add_ln58_815_reg_12272711                    |   16|   0|   16|          0|
    |add_ln58_817_reg_12265991                    |   16|   0|   16|          0|
    |add_ln58_818_reg_12265996                    |   16|   0|   16|          0|
    |add_ln58_819_reg_12269556                    |   16|   0|   16|          0|
    |add_ln58_81_reg_12264381                     |   16|   0|   16|          0|
    |add_ln58_820_reg_12266001                    |   16|   0|   16|          0|
    |add_ln58_821_reg_12266006                    |   16|   0|   16|          0|
    |add_ln58_822_reg_12269561                    |   16|   0|   16|          0|
    |add_ln58_823_reg_12271366                    |   16|   0|   16|          0|
    |add_ln58_824_reg_12266011                    |   16|   0|   16|          0|
    |add_ln58_825_reg_12266016                    |   16|   0|   16|          0|
    |add_ln58_826_reg_12269566                    |   16|   0|   16|          0|
    |add_ln58_827_reg_12266021                    |   16|   0|   16|          0|
    |add_ln58_828_reg_12266026                    |   16|   0|   16|          0|
    |add_ln58_829_reg_12269571                    |   16|   0|   16|          0|
    |add_ln58_82_reg_12264386                     |   16|   0|   16|          0|
    |add_ln58_830_reg_12271371                    |   16|   0|   16|          0|
    |add_ln58_831_reg_12272261                    |   16|   0|   16|          0|
    |add_ln58_832_reg_12266031                    |   16|   0|   16|          0|
    |add_ln58_833_reg_12266036                    |   16|   0|   16|          0|
    |add_ln58_834_reg_12269576                    |   16|   0|   16|          0|
    |add_ln58_835_reg_12266041                    |   16|   0|   16|          0|
    |add_ln58_836_reg_12266046                    |   16|   0|   16|          0|
    |add_ln58_837_reg_12269581                    |   16|   0|   16|          0|
    |add_ln58_838_reg_12271376                    |   16|   0|   16|          0|
    |add_ln58_839_reg_12266051                    |   16|   0|   16|          0|
    |add_ln58_83_reg_12268741                     |   16|   0|   16|          0|
    |add_ln58_840_reg_12266056                    |   16|   0|   16|          0|
    |add_ln58_841_reg_12269586                    |   16|   0|   16|          0|
    |add_ln58_842_reg_12266061                    |   15|   0|   15|          0|
    |add_ln58_843_reg_12266066                    |   15|   0|   15|          0|
    |add_ln58_844_reg_12269591                    |   16|   0|   16|          0|
    |add_ln58_845_reg_12271381                    |   16|   0|   16|          0|
    |add_ln58_846_reg_12272266                    |   16|   0|   16|          0|
    |add_ln58_847_reg_12272716                    |   16|   0|   16|          0|
    |add_ln58_848_reg_12266071                    |   15|   0|   15|          0|
    |add_ln58_849_reg_12266076                    |   15|   0|   15|          0|
    |add_ln58_84_reg_12270956                     |   16|   0|   16|          0|
    |add_ln58_850_reg_12269596                    |   16|   0|   16|          0|
    |add_ln58_851_reg_12266081                    |   15|   0|   15|          0|
    |add_ln58_852_reg_12266086                    |   15|   0|   15|          0|
    |add_ln58_853_reg_12269601                    |   16|   0|   16|          0|
    |add_ln58_854_reg_12271386                    |   16|   0|   16|          0|
    |add_ln58_855_reg_12266091                    |   15|   0|   15|          0|
    |add_ln58_856_reg_12266096                    |   15|   0|   15|          0|
    |add_ln58_857_reg_12269606                    |   16|   0|   16|          0|
    |add_ln58_858_reg_12266101                    |   15|   0|   15|          0|
    |add_ln58_859_reg_12266106                    |   15|   0|   15|          0|
    |add_ln58_85_reg_12264391                     |   16|   0|   16|          0|
    |add_ln58_860_reg_12269611                    |   16|   0|   16|          0|
    |add_ln58_861_reg_12271391                    |   16|   0|   16|          0|
    |add_ln58_862_reg_12272271                    |   16|   0|   16|          0|
    |add_ln58_865_reg_12266111                    |   15|   0|   15|          0|
    |add_ln58_868_reg_12266116                    |   15|   0|   15|          0|
    |add_ln58_869_reg_12269616                    |   16|   0|   16|          0|
    |add_ln58_86_reg_12264396                     |   15|   0|   15|          0|
    |add_ln58_872_reg_12266121                    |   14|   0|   14|          0|
    |add_ln58_875_reg_12266126                    |   13|   0|   13|          0|
    |add_ln58_876_reg_12269621                    |   15|   0|   15|          0|
    |add_ln58_877_reg_12271396                    |   16|   0|   16|          0|
    |add_ln58_877_reg_12271396_pp0_iter5_reg      |   16|   0|   16|          0|
    |add_ln58_878_reg_12272721                    |   16|   0|   16|          0|
    |add_ln58_87_reg_12268746                     |   16|   0|   16|          0|
    |add_ln58_880_reg_12266131                    |   16|   0|   16|          0|
    |add_ln58_881_reg_12266136                    |   16|   0|   16|          0|
    |add_ln58_882_reg_12269626                    |   16|   0|   16|          0|
    |add_ln58_883_reg_12266141                    |   16|   0|   16|          0|
    |add_ln58_884_reg_12266146                    |   16|   0|   16|          0|
    |add_ln58_885_reg_12269631                    |   16|   0|   16|          0|
    |add_ln58_886_reg_12271401                    |   16|   0|   16|          0|
    |add_ln58_887_reg_12266151                    |   16|   0|   16|          0|
    |add_ln58_888_reg_12266156                    |   16|   0|   16|          0|
    |add_ln58_889_reg_12269636                    |   16|   0|   16|          0|
    |add_ln58_88_reg_12264401                     |   15|   0|   15|          0|
    |add_ln58_890_reg_12266161                    |   16|   0|   16|          0|
    |add_ln58_891_reg_12266166                    |   16|   0|   16|          0|
    |add_ln58_892_reg_12269641                    |   16|   0|   16|          0|
    |add_ln58_893_reg_12271406                    |   16|   0|   16|          0|
    |add_ln58_894_reg_12272276                    |   16|   0|   16|          0|
    |add_ln58_895_reg_12266171                    |   16|   0|   16|          0|
    |add_ln58_896_reg_12266176                    |   16|   0|   16|          0|
    |add_ln58_897_reg_12269646                    |   16|   0|   16|          0|
    |add_ln58_898_reg_12266181                    |   16|   0|   16|          0|
    |add_ln58_899_reg_12266186                    |   16|   0|   16|          0|
    |add_ln58_89_reg_12264406                     |   15|   0|   15|          0|
    |add_ln58_8_reg_12264211                      |   16|   0|   16|          0|
    |add_ln58_900_reg_12269651                    |   16|   0|   16|          0|
    |add_ln58_901_reg_12271411                    |   16|   0|   16|          0|
    |add_ln58_902_reg_12266191                    |   16|   0|   16|          0|
    |add_ln58_903_reg_12266196                    |   16|   0|   16|          0|
    |add_ln58_904_reg_12269656                    |   16|   0|   16|          0|
    |add_ln58_905_reg_12266201                    |   16|   0|   16|          0|
    |add_ln58_906_reg_12266206                    |   16|   0|   16|          0|
    |add_ln58_907_reg_12269661                    |   16|   0|   16|          0|
    |add_ln58_908_reg_12271416                    |   16|   0|   16|          0|
    |add_ln58_909_reg_12272281                    |   16|   0|   16|          0|
    |add_ln58_90_reg_12268751                     |   16|   0|   16|          0|
    |add_ln58_910_reg_12272726                    |   16|   0|   16|          0|
    |add_ln58_911_reg_12264026                    |   16|   0|   16|          0|
    |add_ln58_911_reg_12264026_pp0_iter2_reg      |   16|   0|   16|          0|
    |add_ln58_912_reg_12266211                    |   16|   0|   16|          0|
    |add_ln58_913_reg_12269666                    |   16|   0|   16|          0|
    |add_ln58_914_reg_12266216                    |   16|   0|   16|          0|
    |add_ln58_915_reg_12266221                    |   15|   0|   15|          0|
    |add_ln58_916_reg_12269671                    |   16|   0|   16|          0|
    |add_ln58_917_reg_12271421                    |   16|   0|   16|          0|
    |add_ln58_918_reg_12266226                    |   15|   0|   15|          0|
    |add_ln58_919_reg_12266231                    |   15|   0|   15|          0|
    |add_ln58_91_reg_12270961                     |   16|   0|   16|          0|
    |add_ln58_920_reg_12269676                    |   16|   0|   16|          0|
    |add_ln58_921_reg_12266236                    |   15|   0|   15|          0|
    |add_ln58_922_reg_12266241                    |   15|   0|   15|          0|
    |add_ln58_923_reg_12269681                    |   16|   0|   16|          0|
    |add_ln58_924_reg_12271426                    |   16|   0|   16|          0|
    |add_ln58_925_reg_12272286                    |   16|   0|   16|          0|
    |add_ln58_928_reg_12266246                    |   15|   0|   15|          0|
    |add_ln58_92_reg_12272056                     |   16|   0|   16|          0|
    |add_ln58_931_reg_12266251                    |   15|   0|   15|          0|
    |add_ln58_932_reg_12269686                    |   16|   0|   16|          0|
    |add_ln58_935_reg_12266256                    |   14|   0|   14|          0|
    |add_ln58_938_reg_12266261                    |   12|   0|   12|          0|
    |add_ln58_939_reg_12269691                    |   14|   0|   14|          0|
    |add_ln58_93_reg_12272596                     |   16|   0|   16|          0|
    |add_ln58_940_reg_12271431                    |   16|   0|   16|          0|
    |add_ln58_940_reg_12271431_pp0_iter5_reg      |   16|   0|   16|          0|
    |add_ln58_941_reg_12272731                    |   16|   0|   16|          0|
    |add_ln58_943_reg_12266266                    |   16|   0|   16|          0|
    |add_ln58_944_reg_12266271                    |   16|   0|   16|          0|
    |add_ln58_945_reg_12269696                    |   16|   0|   16|          0|
    |add_ln58_946_reg_12266276                    |   16|   0|   16|          0|
    |add_ln58_947_reg_12266281                    |   16|   0|   16|          0|
    |add_ln58_948_reg_12269701                    |   16|   0|   16|          0|
    |add_ln58_949_reg_12271436                    |   16|   0|   16|          0|
    |add_ln58_94_reg_12264411                     |   15|   0|   15|          0|
    |add_ln58_950_reg_12266286                    |   16|   0|   16|          0|
    |add_ln58_951_reg_12266291                    |   16|   0|   16|          0|
    |add_ln58_952_reg_12269706                    |   16|   0|   16|          0|
    |add_ln58_953_reg_12266296                    |   16|   0|   16|          0|
    |add_ln58_954_reg_12266301                    |   16|   0|   16|          0|
    |add_ln58_955_reg_12269711                    |   16|   0|   16|          0|
    |add_ln58_956_reg_12271441                    |   16|   0|   16|          0|
    |add_ln58_957_reg_12272291                    |   16|   0|   16|          0|
    |add_ln58_958_reg_12266306                    |   16|   0|   16|          0|
    |add_ln58_959_reg_12266311                    |   16|   0|   16|          0|
    |add_ln58_95_reg_12264416                     |   15|   0|   15|          0|
    |add_ln58_960_reg_12269716                    |   16|   0|   16|          0|
    |add_ln58_961_reg_12266316                    |   16|   0|   16|          0|
    |add_ln58_962_reg_12266321                    |   16|   0|   16|          0|
    |add_ln58_963_reg_12269721                    |   16|   0|   16|          0|
    |add_ln58_964_reg_12271446                    |   16|   0|   16|          0|
    |add_ln58_965_reg_12266326                    |   15|   0|   15|          0|
    |add_ln58_966_reg_12266331                    |   15|   0|   15|          0|
    |add_ln58_967_reg_12269726                    |   16|   0|   16|          0|
    |add_ln58_968_reg_12266336                    |   15|   0|   15|          0|
    |add_ln58_969_reg_12266341                    |   15|   0|   15|          0|
    |add_ln58_96_reg_12268756                     |   16|   0|   16|          0|
    |add_ln58_970_reg_12269731                    |   16|   0|   16|          0|
    |add_ln58_971_reg_12271451                    |   16|   0|   16|          0|
    |add_ln58_972_reg_12272296                    |   16|   0|   16|          0|
    |add_ln58_973_reg_12272736                    |   16|   0|   16|          0|
    |add_ln58_974_reg_12266346                    |   15|   0|   15|          0|
    |add_ln58_975_reg_12266351                    |   15|   0|   15|          0|
    |add_ln58_976_reg_12269736                    |   16|   0|   16|          0|
    |add_ln58_977_reg_12266356                    |   15|   0|   15|          0|
    |add_ln58_978_reg_12266361                    |   15|   0|   15|          0|
    |add_ln58_979_reg_12269741                    |   16|   0|   16|          0|
    |add_ln58_97_reg_12264421                     |   15|   0|   15|          0|
    |add_ln58_980_reg_12271456                    |   16|   0|   16|          0|
    |add_ln58_981_reg_12266366                    |   15|   0|   15|          0|
    |add_ln58_982_reg_12266371                    |   15|   0|   15|          0|
    |add_ln58_983_reg_12269746                    |   16|   0|   16|          0|
    |add_ln58_984_reg_12266376                    |   15|   0|   15|          0|
    |add_ln58_985_reg_12266381                    |   15|   0|   15|          0|
    |add_ln58_986_reg_12269751                    |   16|   0|   16|          0|
    |add_ln58_987_reg_12271461                    |   16|   0|   16|          0|
    |add_ln58_988_reg_12272301                    |   16|   0|   16|          0|
    |add_ln58_98_reg_12264426                     |   15|   0|   15|          0|
    |add_ln58_991_reg_12266386                    |   15|   0|   15|          0|
    |add_ln58_994_reg_12266391                    |   15|   0|   15|          0|
    |add_ln58_995_reg_12269756                    |   16|   0|   16|          0|
    |add_ln58_995_reg_12269756_pp0_iter4_reg      |   16|   0|   16|          0|
    |add_ln58_998_reg_12269761                    |   14|   0|   14|          0|
    |add_ln58_99_reg_12268761                     |   16|   0|   16|          0|
    |add_ln58_9_reg_12268656                      |   16|   0|   16|          0|
    |add_ln58_reg_12264186                        |   16|   0|   16|          0|
    |data_0_val_int_reg                           |   16|   0|   16|          0|
    |data_0_val_read_reg_12251280                 |   16|   0|   16|          0|
    |data_10_val_int_reg                          |   16|   0|   16|          0|
    |data_10_val_read_reg_12251181                |   16|   0|   16|          0|
    |data_11_val_int_reg                          |   16|   0|   16|          0|
    |data_11_val_read_reg_12251174                |   16|   0|   16|          0|
    |data_12_val_int_reg                          |   16|   0|   16|          0|
    |data_12_val_read_reg_12251163                |   16|   0|   16|          0|
    |data_13_val_int_reg                          |   16|   0|   16|          0|
    |data_13_val_read_reg_12251155                |   16|   0|   16|          0|
    |data_14_val_int_reg                          |   16|   0|   16|          0|
    |data_14_val_read_reg_12251147                |   16|   0|   16|          0|
    |data_15_val_int_reg                          |   16|   0|   16|          0|
    |data_15_val_read_reg_12251135                |   16|   0|   16|          0|
    |data_16_val_int_reg                          |   16|   0|   16|          0|
    |data_16_val_read_reg_12251126                |   16|   0|   16|          0|
    |data_17_val_int_reg                          |   16|   0|   16|          0|
    |data_17_val_read_reg_12251115                |   16|   0|   16|          0|
    |data_18_val_int_reg                          |   16|   0|   16|          0|
    |data_18_val_read_reg_12251102                |   16|   0|   16|          0|
    |data_19_val_int_reg                          |   16|   0|   16|          0|
    |data_19_val_read_reg_12251092                |   16|   0|   16|          0|
    |data_1_val_int_reg                           |   16|   0|   16|          0|
    |data_1_val_read_reg_12251270                 |   16|   0|   16|          0|
    |data_20_val_int_reg                          |   16|   0|   16|          0|
    |data_20_val_read_reg_12251085                |   16|   0|   16|          0|
    |data_21_val_int_reg                          |   16|   0|   16|          0|
    |data_21_val_read_reg_12251077                |   16|   0|   16|          0|
    |data_22_val_int_reg                          |   16|   0|   16|          0|
    |data_22_val_read_reg_12251067                |   16|   0|   16|          0|
    |data_23_val_int_reg                          |   16|   0|   16|          0|
    |data_23_val_read_reg_12251059                |   16|   0|   16|          0|
    |data_24_val_int_reg                          |   16|   0|   16|          0|
    |data_24_val_read_reg_12251049                |   16|   0|   16|          0|
    |data_25_val_int_reg                          |   16|   0|   16|          0|
    |data_25_val_read_reg_12251038                |   16|   0|   16|          0|
    |data_26_val_int_reg                          |   16|   0|   16|          0|
    |data_26_val_read_reg_12251029                |   16|   0|   16|          0|
    |data_27_val_int_reg                          |   16|   0|   16|          0|
    |data_27_val_read_reg_12251021                |   16|   0|   16|          0|
    |data_28_val_int_reg                          |   16|   0|   16|          0|
    |data_28_val_read_reg_12251014                |   16|   0|   16|          0|
    |data_29_val_int_reg                          |   16|   0|   16|          0|
    |data_29_val_read_reg_12251005                |   16|   0|   16|          0|
    |data_2_val_int_reg                           |   16|   0|   16|          0|
    |data_2_val_read_reg_12251259                 |   16|   0|   16|          0|
    |data_30_val_int_reg                          |   16|   0|   16|          0|
    |data_30_val_read_reg_12250996                |   16|   0|   16|          0|
    |data_31_val_int_reg                          |   16|   0|   16|          0|
    |data_31_val_read_reg_12250986                |   16|   0|   16|          0|
    |data_32_val_int_reg                          |   16|   0|   16|          0|
    |data_32_val_read_reg_12250979                |   16|   0|   16|          0|
    |data_33_val_int_reg                          |   16|   0|   16|          0|
    |data_33_val_read_reg_12250968                |   16|   0|   16|          0|
    |data_34_val_int_reg                          |   16|   0|   16|          0|
    |data_34_val_read_reg_12250960                |   16|   0|   16|          0|
    |data_35_val_int_reg                          |   16|   0|   16|          0|
    |data_35_val_read_reg_12250949                |   16|   0|   16|          0|
    |data_35_val_read_reg_12250949_pp0_iter1_reg  |   16|   0|   16|          0|
    |data_36_val_int_reg                          |   16|   0|   16|          0|
    |data_36_val_read_reg_12250938                |   16|   0|   16|          0|
    |data_37_val_int_reg                          |   16|   0|   16|          0|
    |data_38_val_int_reg                          |   16|   0|   16|          0|
    |data_38_val_read_reg_12250927                |   16|   0|   16|          0|
    |data_39_val_int_reg                          |   16|   0|   16|          0|
    |data_39_val_read_reg_12250918                |   16|   0|   16|          0|
    |data_3_val_int_reg                           |   16|   0|   16|          0|
    |data_3_val_read_reg_12251248                 |   16|   0|   16|          0|
    |data_40_val_int_reg                          |   16|   0|   16|          0|
    |data_40_val_read_reg_12250907                |   16|   0|   16|          0|
    |data_40_val_read_reg_12250907_pp0_iter1_reg  |   16|   0|   16|          0|
    |data_41_val_int_reg                          |   16|   0|   16|          0|
    |data_41_val_read_reg_12250900                |   16|   0|   16|          0|
    |data_42_val_int_reg                          |   16|   0|   16|          0|
    |data_42_val_read_reg_12250894                |   16|   0|   16|          0|
    |data_43_val_int_reg                          |   16|   0|   16|          0|
    |data_43_val_read_reg_12250881                |   16|   0|   16|          0|
    |data_44_val_int_reg                          |   16|   0|   16|          0|
    |data_45_val_int_reg                          |   16|   0|   16|          0|
    |data_45_val_read_reg_12250871                |   16|   0|   16|          0|
    |data_46_val_int_reg                          |   16|   0|   16|          0|
    |data_46_val_read_reg_12250863                |   16|   0|   16|          0|
    |data_47_val_int_reg                          |   16|   0|   16|          0|
    |data_47_val_read_reg_12250855                |   16|   0|   16|          0|
    |data_48_val_int_reg                          |   16|   0|   16|          0|
    |data_48_val_read_reg_12250846                |   16|   0|   16|          0|
    |data_49_val_int_reg                          |   16|   0|   16|          0|
    |data_49_val_read_reg_12250839                |   16|   0|   16|          0|
    |data_4_val_int_reg                           |   16|   0|   16|          0|
    |data_4_val_read_reg_12251236                 |   16|   0|   16|          0|
    |data_50_val_int_reg                          |   16|   0|   16|          0|
    |data_50_val_read_reg_12250829                |   16|   0|   16|          0|
    |data_51_val_int_reg                          |   16|   0|   16|          0|
    |data_51_val_read_reg_12250821                |   16|   0|   16|          0|
    |data_52_val_int_reg                          |   16|   0|   16|          0|
    |data_52_val_read_reg_12250812                |   16|   0|   16|          0|
    |data_53_val_int_reg                          |   16|   0|   16|          0|
    |data_53_val_read_reg_12250802                |   16|   0|   16|          0|
    |data_54_val_int_reg                          |   16|   0|   16|          0|
    |data_54_val_read_reg_12250793                |   16|   0|   16|          0|
    |data_55_val_int_reg                          |   16|   0|   16|          0|
    |data_55_val_read_reg_12250784                |   16|   0|   16|          0|
    |data_56_val_int_reg                          |   16|   0|   16|          0|
    |data_56_val_read_reg_12250776                |   16|   0|   16|          0|
    |data_57_val_int_reg                          |   16|   0|   16|          0|
    |data_57_val_read_reg_12250769                |   16|   0|   16|          0|
    |data_58_val_int_reg                          |   16|   0|   16|          0|
    |data_58_val_read_reg_12250761                |   16|   0|   16|          0|
    |data_59_val_int_reg                          |   16|   0|   16|          0|
    |data_59_val_read_reg_12250750                |   16|   0|   16|          0|
    |data_5_val_int_reg                           |   16|   0|   16|          0|
    |data_5_val_read_reg_12251227                 |   16|   0|   16|          0|
    |data_60_val_int_reg                          |   16|   0|   16|          0|
    |data_60_val_read_reg_12250741                |   16|   0|   16|          0|
    |data_61_val_int_reg                          |   16|   0|   16|          0|
    |data_61_val_read_reg_12250729                |   16|   0|   16|          0|
    |data_62_val_int_reg                          |   16|   0|   16|          0|
    |data_62_val_read_reg_12250718                |   16|   0|   16|          0|
    |data_63_val_int_reg                          |   16|   0|   16|          0|
    |data_63_val_read_reg_12250706                |   16|   0|   16|          0|
    |data_6_val_int_reg                           |   16|   0|   16|          0|
    |data_6_val_read_reg_12251219                 |   16|   0|   16|          0|
    |data_7_val_int_reg                           |   16|   0|   16|          0|
    |data_7_val_read_reg_12251210                 |   16|   0|   16|          0|
    |data_8_val_int_reg                           |   16|   0|   16|          0|
    |data_8_val_read_reg_12251203                 |   16|   0|   16|          0|
    |data_9_val_int_reg                           |   16|   0|   16|          0|
    |data_9_val_read_reg_12251191                 |   16|   0|   16|          0|
    |mult_1000_reg_12259395                       |   12|   0|   12|          0|
    |mult_1001_reg_12259400                       |   15|   0|   15|          0|
    |mult_1002_reg_12259405                       |   15|   0|   15|          0|
    |mult_1003_reg_12259410                       |   15|   0|   15|          0|
    |mult_1004_reg_12259415                       |   15|   0|   15|          0|
    |mult_1005_reg_12259420                       |   14|   0|   14|          0|
    |mult_1006_reg_12259425                       |   15|   0|   15|          0|
    |mult_1007_reg_12259430                       |   15|   0|   15|          0|
    |mult_1008_reg_12259435                       |   15|   0|   15|          0|
    |mult_1009_reg_12259440                       |   13|   0|   13|          0|
    |mult_100_reg_12255136                        |   15|   0|   15|          0|
    |mult_1010_reg_12259445                       |   15|   0|   15|          0|
    |mult_1011_reg_12259450                       |   13|   0|   13|          0|
    |mult_1012_reg_12259455                       |   15|   0|   15|          0|
    |mult_1013_reg_12259460                       |   15|   0|   15|          0|
    |mult_1014_reg_12259465                       |   13|   0|   13|          0|
    |mult_1015_reg_12259470                       |   15|   0|   15|          0|
    |mult_1016_reg_12259475                       |   13|   0|   13|          0|
    |mult_1017_reg_12259480                       |   15|   0|   15|          0|
    |mult_1018_reg_12259485                       |   15|   0|   15|          0|
    |mult_1019_reg_12259490                       |   14|   0|   14|          0|
    |mult_101_reg_12255141                        |   14|   0|   14|          0|
    |mult_1020_reg_12259495                       |   15|   0|   15|          0|
    |mult_1021_reg_12259500                       |   14|   0|   14|          0|
    |mult_1022_reg_12259505                       |   15|   0|   15|          0|
    |mult_1023_reg_12259510                       |   14|   0|   14|          0|
    |mult_1024_reg_12259515                       |    9|   0|    9|          0|
    |mult_1025_reg_12259520                       |   15|   0|   15|          0|
    |mult_1026_reg_12259525                       |   14|   0|   14|          0|
    |mult_1027_reg_12259530                       |   15|   0|   15|          0|
    |mult_1028_reg_12264146                       |   13|   0|   13|          0|
    |mult_1029_reg_12259535                       |   13|   0|   13|          0|
    |mult_102_reg_12255146                        |   13|   0|   13|          0|
    |mult_1030_reg_12259540                       |   15|   0|   15|          0|
    |mult_1031_reg_12259545                       |   14|   0|   14|          0|
    |mult_1032_reg_12259550                       |   15|   0|   15|          0|
    |mult_1033_reg_12259560                       |   10|   0|   10|          0|
    |mult_1034_reg_12259565                       |   11|   0|   11|          0|
    |mult_1035_reg_12259570                       |   14|   0|   14|          0|
    |mult_1036_reg_12259575                       |   14|   0|   14|          0|
    |mult_1037_reg_12259580                       |   15|   0|   15|          0|
    |mult_1038_reg_12259585                       |   15|   0|   15|          0|
    |mult_1039_reg_12259590                       |   14|   0|   14|          0|
    |mult_103_reg_12255152                        |   14|   0|   14|          0|
    |mult_1040_reg_12259595                       |   12|   0|   12|          0|
    |mult_1041_reg_12259600                       |   14|   0|   14|          0|
    |mult_1042_reg_12259605                       |   15|   0|   15|          0|
    |mult_1043_reg_12259610                       |    9|   0|    9|          0|
    |mult_1044_reg_12259615                       |   11|   0|   11|          0|
    |mult_1045_reg_12264151                       |   13|   0|   13|          0|
    |mult_1046_reg_12253028                       |   14|   0|   14|          0|
    |mult_1046_reg_12253028_pp0_iter1_reg         |   14|   0|   14|          0|
    |mult_1047_reg_12259625                       |   14|   0|   14|          0|
    |mult_1048_reg_12259630                       |   12|   0|   12|          0|
    |mult_1049_reg_12259635                       |   14|   0|   14|          0|
    |mult_104_reg_12255157                        |    9|   0|    9|          0|
    |mult_1050_reg_12259640                       |   15|   0|   15|          0|
    |mult_1051_reg_12259645                       |   15|   0|   15|          0|
    |mult_1052_reg_12259650                       |   15|   0|   15|          0|
    |mult_1053_reg_12259655                       |   14|   0|   14|          0|
    |mult_1054_reg_12259660                       |   15|   0|   15|          0|
    |mult_1055_reg_12259665                       |   12|   0|   12|          0|
    |mult_1056_reg_12259670                       |   15|   0|   15|          0|
    |mult_1057_reg_12259675                       |   15|   0|   15|          0|
    |mult_1058_reg_12259680                       |   10|   0|   10|          0|
    |mult_1059_reg_12259685                       |   14|   0|   14|          0|
    |mult_105_reg_12255162                        |   15|   0|   15|          0|
    |mult_1060_reg_12259690                       |   13|   0|   13|          0|
    |mult_1061_reg_12259695                       |   13|   0|   13|          0|
    |mult_1062_reg_12259700                       |   15|   0|   15|          0|
    |mult_1063_reg_12259705                       |   15|   0|   15|          0|
    |mult_1064_reg_12259710                       |   15|   0|   15|          0|
    |mult_1065_reg_12259715                       |   14|   0|   14|          0|
    |mult_1066_reg_12259720                       |   14|   0|   14|          0|
    |mult_1067_reg_12259725                       |   14|   0|   14|          0|
    |mult_1068_reg_12259730                       |   14|   0|   14|          0|
    |mult_1069_reg_12259735                       |   14|   0|   14|          0|
    |mult_106_reg_12255167                        |   15|   0|   15|          0|
    |mult_1070_reg_12259740                       |   14|   0|   14|          0|
    |mult_1071_reg_12259745                       |   13|   0|   13|          0|
    |mult_1072_reg_12259750                       |   15|   0|   15|          0|
    |mult_1073_reg_12259755                       |   14|   0|   14|          0|
    |mult_1074_reg_12259760                       |   14|   0|   14|          0|
    |mult_1075_reg_12253075                       |   13|   0|   13|          0|
    |mult_1075_reg_12253075_pp0_iter1_reg         |   13|   0|   13|          0|
    |mult_1076_reg_12259765                       |   15|   0|   15|          0|
    |mult_1077_reg_12259770                       |   15|   0|   15|          0|
    |mult_1078_reg_12259775                       |   13|   0|   13|          0|
    |mult_1079_reg_12259780                       |   15|   0|   15|          0|
    |mult_107_reg_12255172                        |   15|   0|   15|          0|
    |mult_1080_reg_12259785                       |   14|   0|   14|          0|
    |mult_1081_reg_12259790                       |   14|   0|   14|          0|
    |mult_1082_reg_12259795                       |   13|   0|   13|          0|
    |mult_1083_reg_12259800                       |   11|   0|   11|          0|
    |mult_1084_reg_12259805                       |   14|   0|   14|          0|
    |mult_1085_reg_12259810                       |   15|   0|   15|          0|
    |mult_1086_reg_12259815                       |   14|   0|   14|          0|
    |mult_1087_reg_12259820                       |   15|   0|   15|          0|
    |mult_1088_reg_12259825                       |   14|   0|   14|          0|
    |mult_1089_reg_12259830                       |   15|   0|   15|          0|
    |mult_108_reg_12255177                        |   14|   0|   14|          0|
    |mult_1090_reg_12259835                       |   15|   0|   15|          0|
    |mult_1091_reg_12259840                       |   14|   0|   14|          0|
    |mult_1092_reg_12259845                       |   15|   0|   15|          0|
    |mult_1093_reg_12259850                       |   15|   0|   15|          0|
    |mult_1094_reg_12264156                       |   13|   0|   13|          0|
    |mult_1095_reg_12259855                       |   15|   0|   15|          0|
    |mult_1096_reg_12259860                       |   13|   0|   13|          0|
    |mult_1097_reg_12259865                       |   14|   0|   14|          0|
    |mult_1098_reg_12259870                       |   15|   0|   15|          0|
    |mult_1099_reg_12259875                       |   12|   0|   12|          0|
    |mult_109_reg_12255182                        |   15|   0|   15|          0|
    |mult_10_reg_12254709                         |   14|   0|   14|          0|
    |mult_1100_reg_12259880                       |   15|   0|   15|          0|
    |mult_1101_reg_12259885                       |   15|   0|   15|          0|
    |mult_1102_reg_12259890                       |   15|   0|   15|          0|
    |mult_1103_reg_12259895                       |   15|   0|   15|          0|
    |mult_1104_reg_12264161                       |   13|   0|   13|          0|
    |mult_1105_reg_12259905                       |   15|   0|   15|          0|
    |mult_1106_reg_12259910                       |   14|   0|   14|          0|
    |mult_1107_reg_12259915                       |   15|   0|   15|          0|
    |mult_1108_reg_12259920                       |   13|   0|   13|          0|
    |mult_1109_reg_12259925                       |   15|   0|   15|          0|
    |mult_110_reg_12255187                        |   15|   0|   15|          0|
    |mult_1110_reg_12259930                       |   14|   0|   14|          0|
    |mult_1111_reg_12259935                       |   14|   0|   14|          0|
    |mult_1113_reg_12259940                       |   14|   0|   14|          0|
    |mult_1114_reg_12259945                       |   15|   0|   15|          0|
    |mult_1115_reg_12259950                       |   15|   0|   15|          0|
    |mult_1116_reg_12253163                       |    8|   0|    8|          0|
    |mult_1116_reg_12253163_pp0_iter1_reg         |    8|   0|    8|          0|
    |mult_1117_reg_12259955                       |   15|   0|   15|          0|
    |mult_1118_reg_12259960                       |   12|   0|   12|          0|
    |mult_1119_reg_12259965                       |   12|   0|   12|          0|
    |mult_111_reg_12255192                        |   13|   0|   13|          0|
    |mult_1120_reg_12259970                       |   15|   0|   15|          0|
    |mult_1121_reg_12259975                       |   11|   0|   11|          0|
    |mult_1122_reg_12259980                       |   15|   0|   15|          0|
    |mult_1123_reg_12259985                       |   15|   0|   15|          0|
    |mult_1124_reg_12259990                       |   15|   0|   15|          0|
    |mult_1125_reg_12259995                       |   15|   0|   15|          0|
    |mult_1126_reg_12260000                       |   15|   0|   15|          0|
    |mult_1127_reg_12260005                       |   15|   0|   15|          0|
    |mult_1128_reg_12260010                       |   14|   0|   14|          0|
    |mult_1129_reg_12260015                       |   13|   0|   13|          0|
    |mult_112_reg_12255197                        |   10|   0|   10|          0|
    |mult_1130_reg_12260020                       |   15|   0|   15|          0|
    |mult_1131_reg_12260025                       |   13|   0|   13|          0|
    |mult_1132_reg_12260030                       |   14|   0|   14|          0|
    |mult_1133_reg_12260035                       |   15|   0|   15|          0|
    |mult_1134_reg_12260040                       |   13|   0|   13|          0|
    |mult_1135_reg_12260045                       |   15|   0|   15|          0|
    |mult_1136_reg_12260050                       |   11|   0|   11|          0|
    |mult_1137_reg_12260055                       |   15|   0|   15|          0|
    |mult_1138_reg_12253168                       |    9|   0|    9|          0|
    |mult_1138_reg_12253168_pp0_iter1_reg         |    9|   0|    9|          0|
    |mult_1139_reg_12260060                       |   15|   0|   15|          0|
    |mult_113_reg_12255202                        |   14|   0|   14|          0|
    |mult_1140_reg_12260065                       |   13|   0|   13|          0|
    |mult_1141_reg_12260070                       |   14|   0|   14|          0|
    |mult_1142_reg_12260075                       |   15|   0|   15|          0|
    |mult_1143_reg_12260080                       |   14|   0|   14|          0|
    |mult_1145_reg_12260085                       |   14|   0|   14|          0|
    |mult_1146_reg_12260090                       |   14|   0|   14|          0|
    |mult_1147_reg_12260095                       |   15|   0|   15|          0|
    |mult_1148_reg_12260100                       |   14|   0|   14|          0|
    |mult_1149_reg_12260105                       |   14|   0|   14|          0|
    |mult_114_reg_12255207                        |   15|   0|   15|          0|
    |mult_1150_reg_12260110                       |   15|   0|   15|          0|
    |mult_1151_reg_12260115                       |   15|   0|   15|          0|
    |mult_1152_reg_12260120                       |   14|   0|   14|          0|
    |mult_1153_reg_12253213                       |   14|   0|   14|          0|
    |mult_1153_reg_12253213_pp0_iter1_reg         |   14|   0|   14|          0|
    |mult_1154_reg_12260125                       |   15|   0|   15|          0|
    |mult_1155_reg_12260130                       |   14|   0|   14|          0|
    |mult_1156_reg_12260135                       |   14|   0|   14|          0|
    |mult_1157_reg_12260140                       |   14|   0|   14|          0|
    |mult_1158_reg_12260145                       |   15|   0|   15|          0|
    |mult_1159_reg_12253218                       |   14|   0|   14|          0|
    |mult_1159_reg_12253218_pp0_iter1_reg         |   14|   0|   14|          0|
    |mult_115_reg_12255212                        |   14|   0|   14|          0|
    |mult_1160_reg_12260150                       |   13|   0|   13|          0|
    |mult_1161_reg_12260155                       |   14|   0|   14|          0|
    |mult_1162_reg_12260160                       |   15|   0|   15|          0|
    |mult_1163_reg_12260165                       |   14|   0|   14|          0|
    |mult_1164_reg_12260170                       |   15|   0|   15|          0|
    |mult_1165_reg_12260175                       |   15|   0|   15|          0|
    |mult_1166_reg_12260180                       |   15|   0|   15|          0|
    |mult_1167_reg_12260185                       |   15|   0|   15|          0|
    |mult_1168_reg_12260190                       |   15|   0|   15|          0|
    |mult_1169_reg_12260195                       |   14|   0|   14|          0|
    |mult_116_reg_12255217                        |   14|   0|   14|          0|
    |mult_1170_reg_12260200                       |   14|   0|   14|          0|
    |mult_1171_reg_12260205                       |    7|   0|    7|          0|
    |mult_1172_reg_12260210                       |   15|   0|   15|          0|
    |mult_1173_reg_12260215                       |   13|   0|   13|          0|
    |mult_1174_reg_12260220                       |   14|   0|   14|          0|
    |mult_1175_reg_12260225                       |   14|   0|   14|          0|
    |mult_1176_reg_12260230                       |   15|   0|   15|          0|
    |mult_1177_reg_12260235                       |   15|   0|   15|          0|
    |mult_1178_reg_12260240                       |   11|   0|   11|          0|
    |mult_1179_reg_12260245                       |   15|   0|   15|          0|
    |mult_117_reg_12255222                        |   15|   0|   15|          0|
    |mult_1180_reg_12260250                       |   15|   0|   15|          0|
    |mult_1181_reg_12260255                       |   15|   0|   15|          0|
    |mult_1182_reg_12260260                       |   15|   0|   15|          0|
    |mult_1183_reg_12260265                       |   15|   0|   15|          0|
    |mult_1184_reg_12260270                       |   14|   0|   14|          0|
    |mult_1185_reg_12260275                       |   10|   0|   10|          0|
    |mult_1186_reg_12260280                       |   15|   0|   15|          0|
    |mult_1187_reg_12260285                       |   14|   0|   14|          0|
    |mult_1188_reg_12260290                       |   13|   0|   13|          0|
    |mult_1189_reg_12260295                       |   15|   0|   15|          0|
    |mult_118_reg_12255227                        |   14|   0|   14|          0|
    |mult_1190_reg_12260300                       |   15|   0|   15|          0|
    |mult_1192_reg_12260305                       |   14|   0|   14|          0|
    |mult_1193_reg_12260310                       |   14|   0|   14|          0|
    |mult_1194_reg_12260315                       |   15|   0|   15|          0|
    |mult_1195_reg_12260320                       |   13|   0|   13|          0|
    |mult_1196_reg_12260325                       |   15|   0|   15|          0|
    |mult_1197_reg_12260330                       |   15|   0|   15|          0|
    |mult_1198_reg_12260335                       |   11|   0|   11|          0|
    |mult_1199_reg_12260340                       |   14|   0|   14|          0|
    |mult_119_reg_12255232                        |   14|   0|   14|          0|
    |mult_11_reg_12254714                         |   14|   0|   14|          0|
    |mult_1200_reg_12260345                       |   15|   0|   15|          0|
    |mult_1201_reg_12260350                       |   15|   0|   15|          0|
    |mult_1202_reg_12260355                       |   11|   0|   11|          0|
    |mult_1203_reg_12260360                       |   13|   0|   13|          0|
    |mult_1204_reg_12260365                       |   15|   0|   15|          0|
    |mult_1205_reg_12260370                       |   14|   0|   14|          0|
    |mult_1206_reg_12260375                       |   15|   0|   15|          0|
    |mult_1207_reg_12260380                       |   13|   0|   13|          0|
    |mult_1208_reg_12260385                       |   15|   0|   15|          0|
    |mult_1209_reg_12260390                       |   14|   0|   14|          0|
    |mult_120_reg_12251499                        |    9|   0|    9|          0|
    |mult_120_reg_12251499_pp0_iter1_reg          |    9|   0|    9|          0|
    |mult_1210_reg_12260395                       |   13|   0|   13|          0|
    |mult_1211_reg_12260400                       |   15|   0|   15|          0|
    |mult_1212_reg_12260405                       |   14|   0|   14|          0|
    |mult_1213_reg_12260410                       |   14|   0|   14|          0|
    |mult_1214_reg_12260415                       |   14|   0|   14|          0|
    |mult_1215_reg_12260420                       |   14|   0|   14|          0|
    |mult_1216_reg_12260425                       |   15|   0|   15|          0|
    |mult_1217_reg_12260430                       |   15|   0|   15|          0|
    |mult_1218_reg_12260435                       |   15|   0|   15|          0|
    |mult_1219_reg_12260440                       |   15|   0|   15|          0|
    |mult_121_reg_12255237                        |   11|   0|   11|          0|
    |mult_1220_reg_12260445                       |   14|   0|   14|          0|
    |mult_1221_reg_12260450                       |   15|   0|   15|          0|
    |mult_1222_reg_12260455                       |   12|   0|   12|          0|
    |mult_1223_reg_12260460                       |    9|   0|    9|          0|
    |mult_1224_reg_12260465                       |   14|   0|   14|          0|
    |mult_1225_reg_12260470                       |   12|   0|   12|          0|
    |mult_1226_reg_12260475                       |   15|   0|   15|          0|
    |mult_1227_reg_12260480                       |   15|   0|   15|          0|
    |mult_1228_reg_12260485                       |    8|   0|    8|          0|
    |mult_1229_reg_12260490                       |   14|   0|   14|          0|
    |mult_122_reg_12251504                        |   12|   0|   12|          0|
    |mult_122_reg_12251504_pp0_iter1_reg          |   12|   0|   12|          0|
    |mult_1230_reg_12260495                       |   12|   0|   12|          0|
    |mult_1231_reg_12260505                       |   12|   0|   12|          0|
    |mult_1232_reg_12253343                       |   15|   0|   15|          0|
    |mult_1232_reg_12253343_pp0_iter1_reg         |   15|   0|   15|          0|
    |mult_1233_reg_12260510                       |   15|   0|   15|          0|
    |mult_1234_reg_12260515                       |   15|   0|   15|          0|
    |mult_1235_reg_12260520                       |   15|   0|   15|          0|
    |mult_1236_reg_12260525                       |   15|   0|   15|          0|
    |mult_1237_reg_12260530                       |    9|   0|    9|          0|
    |mult_1238_reg_12253348                       |   11|   0|   11|          0|
    |mult_1239_reg_12260535                       |   15|   0|   15|          0|
    |mult_123_reg_12255242                        |   15|   0|   15|          0|
    |mult_1240_reg_12260540                       |   15|   0|   15|          0|
    |mult_1241_reg_12260545                       |   15|   0|   15|          0|
    |mult_1242_reg_12260550                       |   15|   0|   15|          0|
    |mult_1243_reg_12264166                       |   13|   0|   13|          0|
    |mult_1244_reg_12253353                       |   14|   0|   14|          0|
    |mult_1244_reg_12253353_pp0_iter1_reg         |   14|   0|   14|          0|
    |mult_1245_reg_12264171                       |   12|   0|   12|          0|
    |mult_1246_reg_12260560                       |   13|   0|   13|          0|
    |mult_1247_reg_12260565                       |   14|   0|   14|          0|
    |mult_1248_reg_12260570                       |    7|   0|    7|          0|
    |mult_1249_reg_12260575                       |   14|   0|   14|          0|
    |mult_124_reg_12255247                        |   15|   0|   15|          0|
    |mult_1250_reg_12260580                       |   15|   0|   15|          0|
    |mult_1251_reg_12260585                       |   15|   0|   15|          0|
    |mult_1252_reg_12260590                       |   15|   0|   15|          0|
    |mult_1253_reg_12260595                       |   15|   0|   15|          0|
    |mult_1254_reg_12260600                       |   14|   0|   14|          0|
    |mult_1255_reg_12260605                       |   14|   0|   14|          0|
    |mult_1256_reg_12260610                       |   14|   0|   14|          0|
    |mult_1257_reg_12260615                       |   15|   0|   15|          0|
    |mult_1258_reg_12260620                       |   15|   0|   15|          0|
    |mult_1259_reg_12260625                       |   15|   0|   15|          0|
    |mult_125_reg_12255252                        |   14|   0|   14|          0|
    |mult_1260_reg_12260630                       |   15|   0|   15|          0|
    |mult_1261_reg_12260635                       |   13|   0|   13|          0|
    |mult_1262_reg_12260640                       |   12|   0|   12|          0|
    |mult_1263_reg_12260645                       |   11|   0|   11|          0|
    |mult_1264_reg_12260650                       |   15|   0|   15|          0|
    |mult_1265_reg_12260655                       |   13|   0|   13|          0|
    |mult_1266_reg_12260660                       |   14|   0|   14|          0|
    |mult_1267_reg_12260665                       |   13|   0|   13|          0|
    |mult_1268_reg_12253423                       |   15|   0|   15|          0|
    |mult_1268_reg_12253423_pp0_iter1_reg         |   15|   0|   15|          0|
    |mult_1269_reg_12260670                       |   14|   0|   14|          0|
    |mult_126_reg_12255257                        |   15|   0|   15|          0|
    |mult_1270_reg_12260675                       |   15|   0|   15|          0|
    |mult_1271_reg_12260680                       |    9|   0|    9|          0|
    |mult_1272_reg_12260685                       |   12|   0|   12|          0|
    |mult_1273_reg_12260690                       |   15|   0|   15|          0|
    |mult_1274_reg_12260695                       |   15|   0|   15|          0|
    |mult_1275_reg_12260700                       |   15|   0|   15|          0|
    |mult_1276_reg_12260705                       |   15|   0|   15|          0|
    |mult_1277_reg_12260710                       |   14|   0|   14|          0|
    |mult_1278_reg_12260715                       |   15|   0|   15|          0|
    |mult_1279_reg_12260720                       |   15|   0|   15|          0|
    |mult_127_reg_12255262                        |   15|   0|   15|          0|
    |mult_1280_reg_12260725                       |   15|   0|   15|          0|
    |mult_1281_reg_12260730                       |   13|   0|   13|          0|
    |mult_1282_reg_12260735                       |   14|   0|   14|          0|
    |mult_1283_reg_12260740                       |   15|   0|   15|          0|
    |mult_1284_reg_12260745                       |   15|   0|   15|          0|
    |mult_1285_reg_12260750                       |   15|   0|   15|          0|
    |mult_1286_reg_12260755                       |   15|   0|   15|          0|
    |mult_1287_reg_12253428                       |   11|   0|   11|          0|
    |mult_1288_reg_12260760                       |   14|   0|   14|          0|
    |mult_1289_reg_12260765                       |   14|   0|   14|          0|
    |mult_128_reg_12255267                        |   15|   0|   15|          0|
    |mult_1290_reg_12260770                       |   15|   0|   15|          0|
    |mult_1291_reg_12260775                       |   13|   0|   13|          0|
    |mult_1292_reg_12260780                       |   13|   0|   13|          0|
    |mult_1293_reg_12260785                       |   15|   0|   15|          0|
    |mult_1294_reg_12253472                       |   11|   0|   11|          0|
    |mult_1294_reg_12253472_pp0_iter1_reg         |   11|   0|   11|          0|
    |mult_1295_reg_12260790                       |   13|   0|   13|          0|
    |mult_1296_reg_12260795                       |   15|   0|   15|          0|
    |mult_1297_reg_12260800                       |   15|   0|   15|          0|
    |mult_1298_reg_12260805                       |   15|   0|   15|          0|
    |mult_1299_reg_12260810                       |   12|   0|   12|          0|
    |mult_129_reg_12255272                        |   15|   0|   15|          0|
    |mult_12_reg_12254719                         |   12|   0|   12|          0|
    |mult_1300_reg_12260815                       |   15|   0|   15|          0|
    |mult_1301_reg_12260820                       |   15|   0|   15|          0|
    |mult_1302_reg_12260825                       |   15|   0|   15|          0|
    |mult_1303_reg_12260830                       |   15|   0|   15|          0|
    |mult_1304_reg_12260835                       |   14|   0|   14|          0|
    |mult_1305_reg_12260840                       |   15|   0|   15|          0|
    |mult_1306_reg_12260845                       |   13|   0|   13|          0|
    |mult_1307_reg_12260850                       |   13|   0|   13|          0|
    |mult_1308_reg_12260855                       |   14|   0|   14|          0|
    |mult_1309_reg_12260860                       |   14|   0|   14|          0|
    |mult_130_reg_12255277                        |   15|   0|   15|          0|
    |mult_1310_reg_12260865                       |   15|   0|   15|          0|
    |mult_1311_reg_12260870                       |   15|   0|   15|          0|
    |mult_1312_reg_12260875                       |   15|   0|   15|          0|
    |mult_1313_reg_12260880                       |   15|   0|   15|          0|
    |mult_1314_reg_12260885                       |   14|   0|   14|          0|
    |mult_1315_reg_12260890                       |   15|   0|   15|          0|
    |mult_1316_reg_12260895                       |   15|   0|   15|          0|
    |mult_1317_reg_12260900                       |   14|   0|   14|          0|
    |mult_1318_reg_12260905                       |   14|   0|   14|          0|
    |mult_1319_reg_12260910                       |   14|   0|   14|          0|
    |mult_131_reg_12255282                        |   15|   0|   15|          0|
    |mult_1320_reg_12260915                       |   14|   0|   14|          0|
    |mult_1321_reg_12260920                       |   15|   0|   15|          0|
    |mult_1322_reg_12260925                       |   11|   0|   11|          0|
    |mult_1323_reg_12260930                       |    7|   0|    7|          0|
    |mult_1324_reg_12260935                       |   14|   0|   14|          0|
    |mult_1325_reg_12260940                       |   12|   0|   12|          0|
    |mult_1326_reg_12260945                       |   13|   0|   13|          0|
    |mult_1327_reg_12260950                       |   15|   0|   15|          0|
    |mult_1328_reg_12260955                       |   15|   0|   15|          0|
    |mult_1329_reg_12260960                       |   11|   0|   11|          0|
    |mult_132_reg_12255287                        |   15|   0|   15|          0|
    |mult_1330_reg_12260965                       |   13|   0|   13|          0|
    |mult_1331_reg_12260970                       |   14|   0|   14|          0|
    |mult_1332_reg_12260975                       |   14|   0|   14|          0|
    |mult_1333_reg_12260980                       |   14|   0|   14|          0|
    |mult_1334_reg_12260985                       |   13|   0|   13|          0|
    |mult_1335_reg_12260990                       |   15|   0|   15|          0|
    |mult_1336_reg_12260995                       |   15|   0|   15|          0|
    |mult_1337_reg_12261000                       |   13|   0|   13|          0|
    |mult_1338_reg_12261005                       |   15|   0|   15|          0|
    |mult_1339_reg_12261010                       |   15|   0|   15|          0|
    |mult_133_reg_12255292                        |   15|   0|   15|          0|
    |mult_1340_reg_12261015                       |   14|   0|   14|          0|
    |mult_1341_reg_12261020                       |   15|   0|   15|          0|
    |mult_1342_reg_12261025                       |   15|   0|   15|          0|
    |mult_1343_reg_12261030                       |   15|   0|   15|          0|
    |mult_1344_reg_12261035                       |   15|   0|   15|          0|
    |mult_1345_reg_12261040                       |   15|   0|   15|          0|
    |mult_1346_reg_12261045                       |   11|   0|   11|          0|
    |mult_1347_reg_12261050                       |   14|   0|   14|          0|
    |mult_1348_reg_12261055                       |   14|   0|   14|          0|
    |mult_1349_reg_12261060                       |   15|   0|   15|          0|
    |mult_134_reg_12255297                        |   13|   0|   13|          0|
    |mult_1350_reg_12261065                       |   15|   0|   15|          0|
    |mult_1351_reg_12261070                       |   15|   0|   15|          0|
    |mult_1352_reg_12261075                       |   13|   0|   13|          0|
    |mult_1353_reg_12261080                       |   14|   0|   14|          0|
    |mult_1354_reg_12261085                       |   15|   0|   15|          0|
    |mult_1355_reg_12261090                       |   15|   0|   15|          0|
    |mult_1356_reg_12261095                       |   15|   0|   15|          0|
    |mult_1357_reg_12261100                       |   13|   0|   13|          0|
    |mult_1358_reg_12261105                       |   14|   0|   14|          0|
    |mult_1359_reg_12261110                       |   15|   0|   15|          0|
    |mult_135_reg_12255302                        |   15|   0|   15|          0|
    |mult_1360_reg_12261115                       |   15|   0|   15|          0|
    |mult_1361_reg_12253575                       |   11|   0|   11|          0|
    |mult_1362_reg_12261120                       |   14|   0|   14|          0|
    |mult_1363_reg_12261125                       |   15|   0|   15|          0|
    |mult_1364_reg_12261130                       |   15|   0|   15|          0|
    |mult_1365_reg_12261135                       |   15|   0|   15|          0|
    |mult_1366_reg_12261140                       |   15|   0|   15|          0|
    |mult_1367_reg_12261145                       |   13|   0|   13|          0|
    |mult_1368_reg_12261150                       |   15|   0|   15|          0|
    |mult_1369_reg_12261155                       |   14|   0|   14|          0|
    |mult_136_reg_12255307                        |   14|   0|   14|          0|
    |mult_1370_reg_12253580                       |   11|   0|   11|          0|
    |mult_1370_reg_12253580_pp0_iter1_reg         |   11|   0|   11|          0|
    |mult_1371_reg_12261160                       |   15|   0|   15|          0|
    |mult_1372_reg_12253585                       |   14|   0|   14|          0|
    |mult_1372_reg_12253585_pp0_iter1_reg         |   14|   0|   14|          0|
    |mult_1373_reg_12261165                       |   15|   0|   15|          0|
    |mult_1374_reg_12261170                       |   15|   0|   15|          0|
    |mult_1375_reg_12261175                       |   15|   0|   15|          0|
    |mult_1376_reg_12261180                       |   15|   0|   15|          0|
    |mult_1377_reg_12261185                       |   15|   0|   15|          0|
    |mult_1378_reg_12261190                       |   14|   0|   14|          0|
    |mult_1379_reg_12261195                       |   15|   0|   15|          0|
    |mult_137_reg_12255312                        |   14|   0|   14|          0|
    |mult_1380_reg_12261200                       |   14|   0|   14|          0|
    |mult_1381_reg_12261205                       |   15|   0|   15|          0|
    |mult_1382_reg_12261210                       |   15|   0|   15|          0|
    |mult_1383_reg_12261215                       |   15|   0|   15|          0|
    |mult_1384_reg_12261225                       |   14|   0|   14|          0|
    |mult_1385_reg_12261230                       |   13|   0|   13|          0|
    |mult_1386_reg_12261235                       |   15|   0|   15|          0|
    |mult_1387_reg_12261240                       |   12|   0|   12|          0|
    |mult_1388_reg_12261245                       |   13|   0|   13|          0|
    |mult_1388_reg_12261245_pp0_iter2_reg         |   13|   0|   13|          0|
    |mult_1389_reg_12261250                       |   15|   0|   15|          0|
    |mult_138_reg_12255317                        |   14|   0|   14|          0|
    |mult_1390_reg_12253626                       |    6|   0|    6|          0|
    |mult_1390_reg_12253626_pp0_iter1_reg         |    6|   0|    6|          0|
    |mult_1391_reg_12261255                       |   15|   0|   15|          0|
    |mult_1392_reg_12261260                       |   15|   0|   15|          0|
    |mult_1393_reg_12261265                       |   13|   0|   13|          0|
    |mult_1394_reg_12261270                       |   15|   0|   15|          0|
    |mult_1395_reg_12261275                       |   11|   0|   11|          0|
    |mult_1396_reg_12261280                       |   15|   0|   15|          0|
    |mult_1397_reg_12261285                       |   14|   0|   14|          0|
    |mult_1398_reg_12264176                       |   12|   0|   12|          0|
    |mult_1399_reg_12261290                       |   13|   0|   13|          0|
    |mult_139_reg_12255322                        |   12|   0|   12|          0|
    |mult_13_reg_12254724                         |   13|   0|   13|          0|
    |mult_1400_reg_12261295                       |   15|   0|   15|          0|
    |mult_1401_reg_12261300                       |   15|   0|   15|          0|
    |mult_1402_reg_12261305                       |   15|   0|   15|          0|
    |mult_1403_reg_12261310                       |   15|   0|   15|          0|
    |mult_1404_reg_12261315                       |   15|   0|   15|          0|
    |mult_1405_reg_12261320                       |   14|   0|   14|          0|
    |mult_1406_reg_12261325                       |   15|   0|   15|          0|
    |mult_1407_reg_12261330                       |   15|   0|   15|          0|
    |mult_1408_reg_12261335                       |   15|   0|   15|          0|
    |mult_1409_reg_12261340                       |   14|   0|   14|          0|
    |mult_140_reg_12255327                        |   14|   0|   14|          0|
    |mult_1410_reg_12261345                       |   12|   0|   12|          0|
    |mult_1411_reg_12261350                       |   11|   0|   11|          0|
    |mult_1412_reg_12261355                       |   14|   0|   14|          0|
    |mult_1413_reg_12261360                       |   13|   0|   13|          0|
    |mult_1414_reg_12253686                       |    8|   0|    8|          0|
    |mult_1414_reg_12253686_pp0_iter1_reg         |    8|   0|    8|          0|
    |mult_1415_reg_12253696                       |   14|   0|   14|          0|
    |mult_1415_reg_12253696_pp0_iter1_reg         |   14|   0|   14|          0|
    |mult_1416_reg_12261365                       |   14|   0|   14|          0|
    |mult_1417_reg_12261370                       |   15|   0|   15|          0|
    |mult_1418_reg_12261375                       |   14|   0|   14|          0|
    |mult_1419_reg_12261380                       |   13|   0|   13|          0|
    |mult_141_reg_12251514                        |   13|   0|   13|          0|
    |mult_141_reg_12251514_pp0_iter1_reg          |   13|   0|   13|          0|
    |mult_1420_reg_12261385                       |   14|   0|   14|          0|
    |mult_1421_reg_12253701                       |   11|   0|   11|          0|
    |mult_1421_reg_12253701_pp0_iter1_reg         |   11|   0|   11|          0|
    |mult_1422_reg_12261390                       |   14|   0|   14|          0|
    |mult_1423_reg_12261395                       |   13|   0|   13|          0|
    |mult_1424_reg_12261400                       |   10|   0|   10|          0|
    |mult_1425_reg_12261405                       |   12|   0|   12|          0|
    |mult_1426_reg_12261410                       |   14|   0|   14|          0|
    |mult_1427_reg_12261415                       |   15|   0|   15|          0|
    |mult_1428_reg_12253726                       |    6|   0|    6|          0|
    |mult_1428_reg_12253726_pp0_iter1_reg         |    6|   0|    6|          0|
    |mult_1429_reg_12261420                       |   15|   0|   15|          0|
    |mult_142_reg_12255332                        |   15|   0|   15|          0|
    |mult_1430_reg_12261425                       |   15|   0|   15|          0|
    |mult_1431_reg_12261430                       |   14|   0|   14|          0|
    |mult_1432_reg_12261435                       |   12|   0|   12|          0|
    |mult_1433_reg_12261440                       |   15|   0|   15|          0|
    |mult_1434_reg_12261445                       |   15|   0|   15|          0|
    |mult_1435_reg_12261450                       |   14|   0|   14|          0|
    |mult_1436_reg_12261455                       |   15|   0|   15|          0|
    |mult_1437_reg_12261460                       |   15|   0|   15|          0|
    |mult_1438_reg_12261465                       |   15|   0|   15|          0|
    |mult_1439_reg_12261470                       |   14|   0|   14|          0|
    |mult_143_reg_12255337                        |   14|   0|   14|          0|
    |mult_1440_reg_12261475                       |   15|   0|   15|          0|
    |mult_1441_reg_12261480                       |   14|   0|   14|          0|
    |mult_1442_reg_12261485                       |   13|   0|   13|          0|
    |mult_1442_reg_12261485_pp0_iter2_reg         |   13|   0|   13|          0|
    |mult_1443_reg_12261490                       |   14|   0|   14|          0|
    |mult_1444_reg_12261495                       |   15|   0|   15|          0|
    |mult_1445_reg_12261500                       |   15|   0|   15|          0|
    |mult_1446_reg_12261505                       |   15|   0|   15|          0|
    |mult_1447_reg_12253783                       |   13|   0|   13|          0|
    |mult_1447_reg_12253783_pp0_iter1_reg         |   13|   0|   13|          0|
    |mult_1448_reg_12261510                       |   15|   0|   15|          0|
    |mult_1449_reg_12261515                       |   12|   0|   12|          0|
    |mult_144_reg_12255342                        |   15|   0|   15|          0|
    |mult_1450_reg_12261520                       |   15|   0|   15|          0|
    |mult_1451_reg_12261525                       |   15|   0|   15|          0|
    |mult_1452_reg_12261530                       |   15|   0|   15|          0|
    |mult_1453_reg_12261535                       |   14|   0|   14|          0|
    |mult_1454_reg_12261540                       |   15|   0|   15|          0|
    |mult_1455_reg_12261545                       |   15|   0|   15|          0|
    |mult_1456_reg_12261550                       |   15|   0|   15|          0|
    |mult_1457_reg_12261555                       |   12|   0|   12|          0|
    |mult_1458_reg_12261560                       |   14|   0|   14|          0|
    |mult_1459_reg_12261565                       |   11|   0|   11|          0|
    |mult_145_reg_12255347                        |   15|   0|   15|          0|
    |mult_1460_reg_12261570                       |   15|   0|   15|          0|
    |mult_1461_reg_12261575                       |   14|   0|   14|          0|
    |mult_1462_reg_12261580                       |   15|   0|   15|          0|
    |mult_1463_reg_12261585                       |   15|   0|   15|          0|
    |mult_1464_reg_12261590                       |   15|   0|   15|          0|
    |mult_1465_reg_12261595                       |   15|   0|   15|          0|
    |mult_1466_reg_12261600                       |   14|   0|   14|          0|
    |mult_1467_reg_12261605                       |   14|   0|   14|          0|
    |mult_1468_reg_12261610                       |   15|   0|   15|          0|
    |mult_1469_reg_12261615                       |   14|   0|   14|          0|
    |mult_146_reg_12255352                        |   13|   0|   13|          0|
    |mult_1470_reg_12261620                       |   14|   0|   14|          0|
    |mult_1471_reg_12261625                       |   14|   0|   14|          0|
    |mult_1472_reg_12261630                       |   11|   0|   11|          0|
    |mult_1473_reg_12261635                       |   13|   0|   13|          0|
    |mult_1474_reg_12261640                       |   15|   0|   15|          0|
    |mult_1475_reg_12261645                       |   15|   0|   15|          0|
    |mult_1476_reg_12261650                       |   13|   0|   13|          0|
    |mult_1477_reg_12261655                       |   15|   0|   15|          0|
    |mult_1478_reg_12261660                       |   14|   0|   14|          0|
    |mult_1479_reg_12261665                       |   15|   0|   15|          0|
    |mult_147_reg_12255357                        |   15|   0|   15|          0|
    |mult_1480_reg_12261670                       |   14|   0|   14|          0|
    |mult_1481_reg_12261675                       |   14|   0|   14|          0|
    |mult_1482_reg_12261680                       |   14|   0|   14|          0|
    |mult_1483_reg_12261685                       |   15|   0|   15|          0|
    |mult_1484_reg_12261690                       |   12|   0|   12|          0|
    |mult_1485_reg_12261695                       |   13|   0|   13|          0|
    |mult_1486_reg_12253833                       |   13|   0|   13|          0|
    |mult_1486_reg_12253833_pp0_iter1_reg         |   13|   0|   13|          0|
    |mult_1487_reg_12261700                       |   11|   0|   11|          0|
    |mult_1488_reg_12261705                       |   15|   0|   15|          0|
    |mult_1489_reg_12261710                       |   15|   0|   15|          0|
    |mult_148_reg_12255362                        |   15|   0|   15|          0|
    |mult_1490_reg_12261715                       |   15|   0|   15|          0|
    |mult_1491_reg_12264181                       |   12|   0|   12|          0|
    |mult_1492_reg_12261720                       |   15|   0|   15|          0|
    |mult_1493_reg_12261725                       |   15|   0|   15|          0|
    |mult_1494_reg_12261730                       |   15|   0|   15|          0|
    |mult_1495_reg_12261735                       |   12|   0|   12|          0|
    |mult_1496_reg_12261740                       |   12|   0|   12|          0|
    |mult_1497_reg_12261745                       |   14|   0|   14|          0|
    |mult_1498_reg_12261750                       |   12|   0|   12|          0|
    |mult_1499_reg_12261755                       |   15|   0|   15|          0|
    |mult_149_reg_12255367                        |   15|   0|   15|          0|
    |mult_14_reg_12254729                         |   15|   0|   15|          0|
    |mult_1500_reg_12261760                       |   14|   0|   14|          0|
    |mult_1501_reg_12261765                       |   14|   0|   14|          0|
    |mult_1502_reg_12261770                       |   13|   0|   13|          0|
    |mult_1503_reg_12261775                       |   15|   0|   15|          0|
    |mult_1504_reg_12261780                       |   14|   0|   14|          0|
    |mult_1505_reg_12261785                       |   15|   0|   15|          0|
    |mult_1506_reg_12261790                       |   15|   0|   15|          0|
    |mult_1507_reg_12261795                       |   15|   0|   15|          0|
    |mult_1508_reg_12261800                       |   15|   0|   15|          0|
    |mult_1509_reg_12261805                       |   15|   0|   15|          0|
    |mult_150_reg_12255372                        |   15|   0|   15|          0|
    |mult_1510_reg_12261810                       |   13|   0|   13|          0|
    |mult_1511_reg_12253880                       |   10|   0|   10|          0|
    |mult_1511_reg_12253880_pp0_iter1_reg         |   10|   0|   10|          0|
    |mult_1512_reg_12261815                       |   14|   0|   14|          0|
    |mult_1513_reg_12261820                       |   14|   0|   14|          0|
    |mult_1514_reg_12261825                       |   14|   0|   14|          0|
    |mult_1515_reg_12261830                       |   15|   0|   15|          0|
    |mult_1516_reg_12261835                       |   13|   0|   13|          0|
    |mult_1517_reg_12261840                       |   15|   0|   15|          0|
    |mult_1518_reg_12261845                       |   14|   0|   14|          0|
    |mult_1519_reg_12261850                       |   15|   0|   15|          0|
    |mult_151_reg_12255377                        |   14|   0|   14|          0|
    |mult_1520_reg_12261855                       |   15|   0|   15|          0|
    |mult_1521_reg_12261860                       |   14|   0|   14|          0|
    |mult_1522_reg_12261865                       |   14|   0|   14|          0|
    |mult_1523_reg_12261870                       |   15|   0|   15|          0|
    |mult_1524_reg_12261875                       |   14|   0|   14|          0|
    |mult_1525_reg_12261880                       |   13|   0|   13|          0|
    |mult_1526_reg_12261885                       |   13|   0|   13|          0|
    |mult_1527_reg_12261890                       |   15|   0|   15|          0|
    |mult_1528_reg_12261895                       |   15|   0|   15|          0|
    |mult_1529_reg_12261900                       |   13|   0|   13|          0|
    |mult_152_reg_12255382                        |   14|   0|   14|          0|
    |mult_1530_reg_12261905                       |   15|   0|   15|          0|
    |mult_1531_reg_12261910                       |   10|   0|   10|          0|
    |mult_1532_reg_12253906                       |   15|   0|   15|          0|
    |mult_1532_reg_12253906_pp0_iter1_reg         |   15|   0|   15|          0|
    |mult_1533_reg_12261915                       |   15|   0|   15|          0|
    |mult_1534_reg_12261920                       |   14|   0|   14|          0|
    |mult_1535_reg_12261925                       |   15|   0|   15|          0|
    |mult_1536_reg_12261930                       |   15|   0|   15|          0|
    |mult_1537_reg_12261935                       |   15|   0|   15|          0|
    |mult_1538_reg_12261940                       |   14|   0|   14|          0|
    |mult_1539_reg_12261945                       |   15|   0|   15|          0|
    |mult_153_reg_12255387                        |   15|   0|   15|          0|
    |mult_1540_reg_12261950                       |   12|   0|   12|          0|
    |mult_1541_reg_12261955                       |   15|   0|   15|          0|
    |mult_1542_reg_12261960                       |   15|   0|   15|          0|
    |mult_1543_reg_12261965                       |   14|   0|   14|          0|
    |mult_1544_reg_12261970                       |   14|   0|   14|          0|
    |mult_1545_reg_12261975                       |   15|   0|   15|          0|
    |mult_1546_reg_12261980                       |   14|   0|   14|          0|
    |mult_1547_reg_12261985                       |   14|   0|   14|          0|
    |mult_1548_reg_12261990                       |   15|   0|   15|          0|
    |mult_1549_reg_12261995                       |   12|   0|   12|          0|
    |mult_154_reg_12255392                        |   15|   0|   15|          0|
    |mult_1550_reg_12262000                       |   14|   0|   14|          0|
    |mult_1551_reg_12262005                       |   15|   0|   15|          0|
    |mult_1552_reg_12262010                       |   15|   0|   15|          0|
    |mult_1553_reg_12262015                       |   15|   0|   15|          0|
    |mult_1554_reg_12262020                       |   15|   0|   15|          0|
    |mult_1555_reg_12262025                       |   15|   0|   15|          0|
    |mult_1556_reg_12262030                       |   15|   0|   15|          0|
    |mult_1557_reg_12262035                       |   15|   0|   15|          0|
    |mult_1558_reg_12262040                       |   15|   0|   15|          0|
    |mult_1559_reg_12262045                       |   15|   0|   15|          0|
    |mult_155_reg_12255397                        |   15|   0|   15|          0|
    |mult_1560_reg_12262050                       |   14|   0|   14|          0|
    |mult_1561_reg_12262055                       |   12|   0|   12|          0|
    |mult_1562_reg_12262060                       |   15|   0|   15|          0|
    |mult_1563_reg_12262065                       |   14|   0|   14|          0|
    |mult_1564_reg_12262070                       |   15|   0|   15|          0|
    |mult_1565_reg_12262075                       |   15|   0|   15|          0|
    |mult_1566_reg_12262080                       |   15|   0|   15|          0|
    |mult_1567_reg_12262085                       |   15|   0|   15|          0|
    |mult_1568_reg_12262090                       |   11|   0|   11|          0|
    |mult_1569_reg_12262095                       |   15|   0|   15|          0|
    |mult_156_reg_12255402                        |   12|   0|   12|          0|
    |mult_1570_reg_12262100                       |   14|   0|   14|          0|
    |mult_1571_reg_12262105                       |   15|   0|   15|          0|
    |mult_1572_reg_12262110                       |   14|   0|   14|          0|
    |mult_1573_reg_12262115                       |   10|   0|   10|          0|
    |mult_1574_reg_12262120                       |   15|   0|   15|          0|
    |mult_1575_reg_12262125                       |   14|   0|   14|          0|
    |mult_1576_reg_12262130                       |   12|   0|   12|          0|
    |mult_1577_reg_12262135                       |   15|   0|   15|          0|
    |mult_1578_reg_12262140                       |   15|   0|   15|          0|
    |mult_1579_reg_12262145                       |   14|   0|   14|          0|
    |mult_157_reg_12255407                        |   14|   0|   14|          0|
    |mult_1580_reg_12262150                       |   15|   0|   15|          0|
    |mult_1581_reg_12262155                       |   14|   0|   14|          0|
    |mult_1582_reg_12262160                       |   14|   0|   14|          0|
    |mult_1583_reg_12262165                       |   10|   0|   10|          0|
    |mult_1584_reg_12262170                       |   13|   0|   13|          0|
    |mult_1585_reg_12262175                       |   15|   0|   15|          0|
    |mult_1586_reg_12262180                       |   15|   0|   15|          0|
    |mult_1587_reg_12262185                       |   11|   0|   11|          0|
    |mult_1588_reg_12262190                       |   12|   0|   12|          0|
    |mult_158_reg_12255412                        |   14|   0|   14|          0|
    |mult_1590_reg_12262195                       |   15|   0|   15|          0|
    |mult_1591_reg_12254004                       |   15|   0|   15|          0|
    |mult_1591_reg_12254004_pp0_iter1_reg         |   15|   0|   15|          0|
    |mult_1592_reg_12262200                       |   14|   0|   14|          0|
    |mult_1593_reg_12262205                       |   14|   0|   14|          0|
    |mult_1594_reg_12262210                       |   13|   0|   13|          0|
    |mult_1595_reg_12262215                       |   11|   0|   11|          0|
    |mult_1596_reg_12262220                       |   11|   0|   11|          0|
    |mult_1597_reg_12262225                       |   14|   0|   14|          0|
    |mult_1598_reg_12262230                       |   15|   0|   15|          0|
    |mult_1599_reg_12254014                       |   13|   0|   13|          0|
    |mult_1599_reg_12254014_pp0_iter1_reg         |   13|   0|   13|          0|
    |mult_159_reg_12255417                        |   14|   0|   14|          0|
    |mult_15_reg_12254734                         |   15|   0|   15|          0|
    |mult_1600_reg_12262235                       |   13|   0|   13|          0|
    |mult_1601_reg_12262240                       |   15|   0|   15|          0|
    |mult_1602_reg_12262245                       |   13|   0|   13|          0|
    |mult_1603_reg_12262250                       |   14|   0|   14|          0|
    |mult_1604_reg_12254063                       |   12|   0|   12|          0|
    |mult_1604_reg_12254063_pp0_iter1_reg         |   12|   0|   12|          0|
    |mult_1605_reg_12262255                       |   15|   0|   15|          0|
    |mult_1606_reg_12262260                       |   15|   0|   15|          0|
    |mult_1607_reg_12262265                       |   15|   0|   15|          0|
    |mult_1608_reg_12262270                       |   11|   0|   11|          0|
    |mult_1609_reg_12262275                       |   11|   0|   11|          0|
    |mult_160_reg_12255422                        |   14|   0|   14|          0|
    |mult_1610_reg_12262280                       |   14|   0|   14|          0|
    |mult_1611_reg_12262285                       |   15|   0|   15|          0|
    |mult_1612_reg_12254073                       |   14|   0|   14|          0|
    |mult_1612_reg_12254073_pp0_iter1_reg         |   14|   0|   14|          0|
    |mult_1613_reg_12262290                       |   15|   0|   15|          0|
    |mult_1614_reg_12262295                       |   15|   0|   15|          0|
    |mult_1615_reg_12262300                       |   14|   0|   14|          0|
    |mult_1616_reg_12262305                       |   15|   0|   15|          0|
    |mult_1617_reg_12262310                       |   14|   0|   14|          0|
    |mult_1618_reg_12262315                       |   15|   0|   15|          0|
    |mult_1619_reg_12262320                       |   15|   0|   15|          0|
    |mult_161_reg_12255427                        |   15|   0|   15|          0|
    |mult_1620_reg_12262325                       |   12|   0|   12|          0|
    |mult_1621_reg_12262330                       |   14|   0|   14|          0|
    |mult_1622_reg_12262335                       |   15|   0|   15|          0|
    |mult_1623_reg_12262340                       |   15|   0|   15|          0|
    |mult_1624_reg_12262345                       |   15|   0|   15|          0|
    |mult_1625_reg_12262350                       |   15|   0|   15|          0|
    |mult_1626_reg_12254078                       |   12|   0|   12|          0|
    |mult_1627_reg_12262355                       |    9|   0|    9|          0|
    |mult_1628_reg_12262360                       |   14|   0|   14|          0|
    |mult_1629_reg_12262365                       |   13|   0|   13|          0|
    |mult_162_reg_12255432                        |   14|   0|   14|          0|
    |mult_1630_reg_12262370                       |   15|   0|   15|          0|
    |mult_1631_reg_12262375                       |   13|   0|   13|          0|
    |mult_1632_reg_12262380                       |   15|   0|   15|          0|
    |mult_1633_reg_12262385                       |   15|   0|   15|          0|
    |mult_1634_reg_12262390                       |   15|   0|   15|          0|
    |mult_1635_reg_12262395                       |   15|   0|   15|          0|
    |mult_1636_reg_12262400                       |   14|   0|   14|          0|
    |mult_1637_reg_12262405                       |   12|   0|   12|          0|
    |mult_1638_reg_12262410                       |   15|   0|   15|          0|
    |mult_1639_reg_12262415                       |   15|   0|   15|          0|
    |mult_163_reg_12255437                        |   15|   0|   15|          0|
    |mult_1640_reg_12262420                       |   15|   0|   15|          0|
    |mult_1641_reg_12262425                       |   14|   0|   14|          0|
    |mult_1642_reg_12262430                       |   14|   0|   14|          0|
    |mult_1643_reg_12262435                       |   15|   0|   15|          0|
    |mult_1644_reg_12262440                       |   15|   0|   15|          0|
    |mult_1645_reg_12262445                       |   14|   0|   14|          0|
    |mult_1646_reg_12262450                       |   15|   0|   15|          0|
    |mult_1647_reg_12262455                       |   15|   0|   15|          0|
    |mult_1648_reg_12262460                       |   13|   0|   13|          0|
    |mult_1649_reg_12262465                       |   15|   0|   15|          0|
    |mult_164_reg_12255442                        |   14|   0|   14|          0|
    |mult_1650_reg_12262470                       |   14|   0|   14|          0|
    |mult_1651_reg_12262475                       |   15|   0|   15|          0|
    |mult_1652_reg_12262480                       |   14|   0|   14|          0|
    |mult_1653_reg_12262485                       |   15|   0|   15|          0|
    |mult_1654_reg_12262490                       |   13|   0|   13|          0|
    |mult_1655_reg_12262495                       |   15|   0|   15|          0|
    |mult_1656_reg_12262500                       |   15|   0|   15|          0|
    |mult_1657_reg_12262505                       |   14|   0|   14|          0|
    |mult_1658_reg_12262510                       |   14|   0|   14|          0|
    |mult_1659_reg_12254128                       |   12|   0|   12|          0|
    |mult_1659_reg_12254128_pp0_iter1_reg         |   12|   0|   12|          0|
    |mult_165_reg_12255447                        |   15|   0|   15|          0|
    |mult_1660_reg_12262515                       |   14|   0|   14|          0|
    |mult_1661_reg_12262520                       |   15|   0|   15|          0|
    |mult_1662_reg_12262525                       |   15|   0|   15|          0|
    |mult_1663_reg_12262530                       |   15|   0|   15|          0|
    |mult_1664_reg_12262535                       |   13|   0|   13|          0|
    |mult_1665_reg_12262540                       |   15|   0|   15|          0|
    |mult_1666_reg_12262545                       |   15|   0|   15|          0|
    |mult_1667_reg_12262550                       |   14|   0|   14|          0|
    |mult_1668_reg_12262555                       |   13|   0|   13|          0|
    |mult_1669_reg_12262560                       |   14|   0|   14|          0|
    |mult_166_reg_12255452                        |   13|   0|   13|          0|
    |mult_1670_reg_12262565                       |   12|   0|   12|          0|
    |mult_1671_reg_12262570                       |   12|   0|   12|          0|
    |mult_1672_reg_12254179                       |   11|   0|   11|          0|
    |mult_1672_reg_12254179_pp0_iter1_reg         |   11|   0|   11|          0|
    |mult_1673_reg_12262575                       |   15|   0|   15|          0|
    |mult_1674_reg_12262580                       |   15|   0|   15|          0|
    |mult_1675_reg_12262585                       |   13|   0|   13|          0|
    |mult_1676_reg_12262590                       |   15|   0|   15|          0|
    |mult_1677_reg_12262595                       |   13|   0|   13|          0|
    |mult_1678_reg_12262600                       |   13|   0|   13|          0|
    |mult_1679_reg_12262605                       |   14|   0|   14|          0|
    |mult_167_reg_12255457                        |   12|   0|   12|          0|
    |mult_1680_reg_12262610                       |   15|   0|   15|          0|
    |mult_1681_reg_12262615                       |   14|   0|   14|          0|
    |mult_1682_reg_12262620                       |   15|   0|   15|          0|
    |mult_1683_reg_12262625                       |   14|   0|   14|          0|
    |mult_1684_reg_12262630                       |   14|   0|   14|          0|
    |mult_1685_reg_12262635                       |   15|   0|   15|          0|
    |mult_1686_reg_12262640                       |   15|   0|   15|          0|
    |mult_1687_reg_12262645                       |   13|   0|   13|          0|
    |mult_1688_reg_12262650                       |   14|   0|   14|          0|
    |mult_1689_reg_12262655                       |   14|   0|   14|          0|
    |mult_168_reg_12255462                        |   15|   0|   15|          0|
    |mult_1690_reg_12262660                       |   13|   0|   13|          0|
    |mult_1691_reg_12262665                       |   13|   0|   13|          0|
    |mult_1692_reg_12262670                       |   14|   0|   14|          0|
    |mult_1693_reg_12262675                       |   15|   0|   15|          0|
    |mult_1694_reg_12262680                       |   12|   0|   12|          0|
    |mult_1695_reg_12262685                       |   13|   0|   13|          0|
    |mult_1696_reg_12262690                       |   11|   0|   11|          0|
    |mult_1697_reg_12262696                       |   11|   0|   11|          0|
    |mult_1698_reg_12262701                       |   14|   0|   14|          0|
    |mult_1699_reg_12262706                       |   13|   0|   13|          0|
    |mult_169_reg_12255467                        |   13|   0|   13|          0|
    |mult_16_reg_12254739                         |   14|   0|   14|          0|
    |mult_1700_reg_12262711                       |   15|   0|   15|          0|
    |mult_1701_reg_12262716                       |   15|   0|   15|          0|
    |mult_1702_reg_12262721                       |   11|   0|   11|          0|
    |mult_1703_reg_12262726                       |   15|   0|   15|          0|
    |mult_1704_reg_12262731                       |   15|   0|   15|          0|
    |mult_1705_reg_12262736                       |   15|   0|   15|          0|
    |mult_1706_reg_12262741                       |   14|   0|   14|          0|
    |mult_1707_reg_12262746                       |   14|   0|   14|          0|
    |mult_1708_reg_12262751                       |   13|   0|   13|          0|
    |mult_1709_reg_12254240                       |   14|   0|   14|          0|
    |mult_1709_reg_12254240_pp0_iter1_reg         |   14|   0|   14|          0|
    |mult_170_reg_12255472                        |   11|   0|   11|          0|
    |mult_1710_reg_12262756                       |   15|   0|   15|          0|
    |mult_1711_reg_12262761                       |   13|   0|   13|          0|
    |mult_1712_reg_12262766                       |   15|   0|   15|          0|
    |mult_1713_reg_12262771                       |   15|   0|   15|          0|
    |mult_1714_reg_12262776                       |   15|   0|   15|          0|
    |mult_1716_reg_12262781                       |   15|   0|   15|          0|
    |mult_1717_reg_12262786                       |   15|   0|   15|          0|
    |mult_1718_reg_12262791                       |   15|   0|   15|          0|
    |mult_1719_reg_12262796                       |   15|   0|   15|          0|
    |mult_171_reg_12255477                        |   13|   0|   13|          0|
    |mult_1720_reg_12262801                       |   15|   0|   15|          0|
    |mult_1721_reg_12262806                       |   15|   0|   15|          0|
    |mult_1722_reg_12262811                       |   14|   0|   14|          0|
    |mult_1723_reg_12262816                       |   15|   0|   15|          0|
    |mult_1724_reg_12262821                       |   15|   0|   15|          0|
    |mult_1725_reg_12262826                       |   14|   0|   14|          0|
    |mult_1726_reg_12262831                       |   12|   0|   12|          0|
    |mult_1727_reg_12262836                       |   12|   0|   12|          0|
    |mult_1728_reg_12262841                       |   15|   0|   15|          0|
    |mult_1729_reg_12262846                       |   15|   0|   15|          0|
    |mult_172_reg_12255482                        |   14|   0|   14|          0|
    |mult_1730_reg_12262851                       |   15|   0|   15|          0|
    |mult_1731_reg_12254302                       |   11|   0|   11|          0|
    |mult_1731_reg_12254302_pp0_iter1_reg         |   11|   0|   11|          0|
    |mult_1732_reg_12262856                       |   14|   0|   14|          0|
    |mult_1733_reg_12262861                       |   14|   0|   14|          0|
    |mult_1734_reg_12262866                       |   15|   0|   15|          0|
    |mult_1735_reg_12262871                       |   15|   0|   15|          0|
    |mult_1736_reg_12262876                       |   12|   0|   12|          0|
    |mult_1737_reg_12254307                       |   15|   0|   15|          0|
    |mult_1738_reg_12262881                       |   14|   0|   14|          0|
    |mult_1739_reg_12262886                       |   15|   0|   15|          0|
    |mult_173_reg_12255487                        |    9|   0|    9|          0|
    |mult_1740_reg_12262891                       |   14|   0|   14|          0|
    |mult_1741_reg_12262896                       |   15|   0|   15|          0|
    |mult_1742_reg_12262901                       |   13|   0|   13|          0|
    |mult_1743_reg_12262906                       |   15|   0|   15|          0|
    |mult_1744_reg_12262911                       |   15|   0|   15|          0|
    |mult_1745_reg_12262916                       |   14|   0|   14|          0|
    |mult_1746_reg_12262921                       |   11|   0|   11|          0|
    |mult_1747_reg_12262926                       |   15|   0|   15|          0|
    |mult_1748_reg_12262931                       |   14|   0|   14|          0|
    |mult_1749_reg_12262936                       |   15|   0|   15|          0|
    |mult_174_reg_12255492                        |   15|   0|   15|          0|
    |mult_1750_reg_12262941                       |   15|   0|   15|          0|
    |mult_1751_reg_12262946                       |   14|   0|   14|          0|
    |mult_1752_reg_12262951                       |   15|   0|   15|          0|
    |mult_1753_reg_12262956                       |   13|   0|   13|          0|
    |mult_1754_reg_12262961                       |   15|   0|   15|          0|
    |mult_1755_reg_12262966                       |   15|   0|   15|          0|
    |mult_1756_reg_12262971                       |   13|   0|   13|          0|
    |mult_1757_reg_12262976                       |   14|   0|   14|          0|
    |mult_1758_reg_12254351                       |   13|   0|   13|          0|
    |mult_1758_reg_12254351_pp0_iter1_reg         |   13|   0|   13|          0|
    |mult_1759_reg_12262981                       |   15|   0|   15|          0|
    |mult_175_reg_12255497                        |   13|   0|   13|          0|
    |mult_1760_reg_12262986                       |   15|   0|   15|          0|
    |mult_1761_reg_12262991                       |   15|   0|   15|          0|
    |mult_1762_reg_12262996                       |   14|   0|   14|          0|
    |mult_1763_reg_12263001                       |   14|   0|   14|          0|
    |mult_1764_reg_12263006                       |   14|   0|   14|          0|
    |mult_1765_reg_12263011                       |   15|   0|   15|          0|
    |mult_1766_reg_12263016                       |   15|   0|   15|          0|
    |mult_1767_reg_12254361                       |   15|   0|   15|          0|
    |mult_1768_reg_12263021                       |   15|   0|   15|          0|
    |mult_1769_reg_12263026                       |   15|   0|   15|          0|
    |mult_176_reg_12264056                        |   13|   0|   13|          0|
    |mult_1770_reg_12263031                       |   15|   0|   15|          0|
    |mult_1771_reg_12263036                       |   14|   0|   14|          0|
    |mult_1772_reg_12263041                       |   15|   0|   15|          0|
    |mult_1773_reg_12263046                       |   13|   0|   13|          0|
    |mult_1774_reg_12263051                       |   14|   0|   14|          0|
    |mult_1775_reg_12263056                       |   15|   0|   15|          0|
    |mult_1776_reg_12263061                       |   15|   0|   15|          0|
    |mult_1777_reg_12263066                       |   15|   0|   15|          0|
    |mult_1778_reg_12263071                       |   15|   0|   15|          0|
    |mult_1779_reg_12263076                       |   15|   0|   15|          0|
    |mult_177_reg_12255502                        |   14|   0|   14|          0|
    |mult_1780_reg_12263081                       |   15|   0|   15|          0|
    |mult_1781_reg_12263086                       |   14|   0|   14|          0|
    |mult_1782_reg_12263091                       |   15|   0|   15|          0|
    |mult_1783_reg_12263096                       |   14|   0|   14|          0|
    |mult_1784_reg_12263101                       |   15|   0|   15|          0|
    |mult_1785_reg_12263106                       |   13|   0|   13|          0|
    |mult_1786_reg_12263111                       |   13|   0|   13|          0|
    |mult_1787_reg_12263116                       |   15|   0|   15|          0|
    |mult_1788_reg_12263121                       |   15|   0|   15|          0|
    |mult_1789_reg_12263126                       |   15|   0|   15|          0|
    |mult_178_reg_12255507                        |   15|   0|   15|          0|
    |mult_1790_reg_12263131                       |   15|   0|   15|          0|
    |mult_1791_reg_12263136                       |   15|   0|   15|          0|
    |mult_1792_reg_12263141                       |   15|   0|   15|          0|
    |mult_1793_reg_12263146                       |   15|   0|   15|          0|
    |mult_1794_reg_12263151                       |   13|   0|   13|          0|
    |mult_1795_reg_12263156                       |   15|   0|   15|          0|
    |mult_1796_reg_12263161                       |   14|   0|   14|          0|
    |mult_1797_reg_12263166                       |   12|   0|   12|          0|
    |mult_1798_reg_12263171                       |   14|   0|   14|          0|
    |mult_1799_reg_12263176                       |   14|   0|   14|          0|
    |mult_179_reg_12264061                        |   13|   0|   13|          0|
    |mult_17_reg_12254744                         |   13|   0|   13|          0|
    |mult_1800_reg_12263181                       |    9|   0|    9|          0|
    |mult_1801_reg_12263186                       |   15|   0|   15|          0|
    |mult_1802_reg_12263191                       |   15|   0|   15|          0|
    |mult_1803_reg_12263196                       |   15|   0|   15|          0|
    |mult_1804_reg_12263201                       |   13|   0|   13|          0|
    |mult_1805_reg_12263206                       |   14|   0|   14|          0|
    |mult_1806_reg_12263211                       |   15|   0|   15|          0|
    |mult_1807_reg_12263216                       |   15|   0|   15|          0|
    |mult_1808_reg_12263221                       |   15|   0|   15|          0|
    |mult_1809_reg_12263226                       |   15|   0|   15|          0|
    |mult_180_reg_12255512                        |   14|   0|   14|          0|
    |mult_1810_reg_12263231                       |   14|   0|   14|          0|
    |mult_1811_reg_12263236                       |   15|   0|   15|          0|
    |mult_1812_reg_12263241                       |   15|   0|   15|          0|
    |mult_1813_reg_12263246                       |   15|   0|   15|          0|
    |mult_1814_reg_12263251                       |   14|   0|   14|          0|
    |mult_1815_reg_12263256                       |   15|   0|   15|          0|
    |mult_1816_reg_12263261                       |   14|   0|   14|          0|
    |mult_1817_reg_12263266                       |   15|   0|   15|          0|
    |mult_1818_reg_12263271                       |   13|   0|   13|          0|
    |mult_1819_reg_12263276                       |   12|   0|   12|          0|
    |mult_181_reg_12264066                        |   13|   0|   13|          0|
    |mult_1820_reg_12263281                       |   14|   0|   14|          0|
    |mult_1821_reg_12263286                       |   15|   0|   15|          0|
    |mult_1822_reg_12263291                       |   14|   0|   14|          0|
    |mult_1823_reg_12263296                       |   12|   0|   12|          0|
    |mult_1824_reg_12263301                       |   15|   0|   15|          0|
    |mult_1825_reg_12263306                       |   15|   0|   15|          0|
    |mult_1826_reg_12263311                       |   14|   0|   14|          0|
    |mult_1827_reg_12263316                       |   13|   0|   13|          0|
    |mult_1828_reg_12263321                       |   14|   0|   14|          0|
    |mult_1829_reg_12263326                       |   15|   0|   15|          0|
    |mult_182_reg_12255517                        |   15|   0|   15|          0|
    |mult_1830_reg_12263331                       |   15|   0|   15|          0|
    |mult_1831_reg_12263336                       |   15|   0|   15|          0|
    |mult_1832_reg_12263341                       |   14|   0|   14|          0|
    |mult_1833_reg_12263346                       |   14|   0|   14|          0|
    |mult_1834_reg_12263351                       |   13|   0|   13|          0|
    |mult_1835_reg_12263356                       |   15|   0|   15|          0|
    |mult_1836_reg_12263361                       |   15|   0|   15|          0|
    |mult_1837_reg_12263366                       |   14|   0|   14|          0|
    |mult_1838_reg_12263371                       |   14|   0|   14|          0|
    |mult_1839_reg_12263376                       |   15|   0|   15|          0|
    |mult_183_reg_12255522                        |   13|   0|   13|          0|
    |mult_1840_reg_12263381                       |   15|   0|   15|          0|
    |mult_1841_reg_12263386                       |   14|   0|   14|          0|
    |mult_1842_reg_12263391                       |   14|   0|   14|          0|
    |mult_1843_reg_12263396                       |   15|   0|   15|          0|
    |mult_1844_reg_12263401                       |   15|   0|   15|          0|
    |mult_1845_reg_12263406                       |   12|   0|   12|          0|
    |mult_1846_reg_12263411                       |   13|   0|   13|          0|
    |mult_1847_reg_12263416                       |   15|   0|   15|          0|
    |mult_1848_reg_12263421                       |   14|   0|   14|          0|
    |mult_1849_reg_12263426                       |   13|   0|   13|          0|
    |mult_184_reg_12255527                        |   12|   0|   12|          0|
    |mult_1850_reg_12263431                       |   14|   0|   14|          0|
    |mult_1851_reg_12263436                       |   15|   0|   15|          0|
    |mult_1852_reg_12263441                       |   15|   0|   15|          0|
    |mult_1853_reg_12263446                       |   15|   0|   15|          0|
    |mult_1854_reg_12263451                       |   15|   0|   15|          0|
    |mult_1855_reg_12263456                       |   15|   0|   15|          0|
    |mult_1856_reg_12263461                       |   15|   0|   15|          0|
    |mult_1857_reg_12263466                       |   14|   0|   14|          0|
    |mult_1858_reg_12263471                       |   14|   0|   14|          0|
    |mult_1859_reg_12263476                       |   14|   0|   14|          0|
    |mult_185_reg_12255533                        |   14|   0|   14|          0|
    |mult_1860_reg_12263481                       |   15|   0|   15|          0|
    |mult_1861_reg_12263486                       |   15|   0|   15|          0|
    |mult_1862_reg_12254500                       |   13|   0|   13|          0|
    |mult_1862_reg_12254500_pp0_iter1_reg         |   13|   0|   13|          0|
    |mult_1863_reg_12263491                       |   14|   0|   14|          0|
    |mult_1864_reg_12263496                       |   12|   0|   12|          0|
    |mult_1865_reg_12263501                       |   13|   0|   13|          0|
    |mult_1866_reg_12263506                       |   10|   0|   10|          0|
    |mult_1867_reg_12263511                       |   15|   0|   15|          0|
    |mult_1868_reg_12263516                       |   15|   0|   15|          0|
    |mult_1869_reg_12263521                       |   15|   0|   15|          0|
    |mult_186_reg_12255538                        |   15|   0|   15|          0|
    |mult_1870_reg_12263526                       |   13|   0|   13|          0|
    |mult_1871_reg_12263531                       |   15|   0|   15|          0|
    |mult_1872_reg_12263536                       |   15|   0|   15|          0|
    |mult_1873_reg_12263541                       |   15|   0|   15|          0|
    |mult_1874_reg_12263546                       |   15|   0|   15|          0|
    |mult_1875_reg_12263551                       |   13|   0|   13|          0|
    |mult_1876_reg_12263556                       |   14|   0|   14|          0|
    |mult_1877_reg_12263561                       |   15|   0|   15|          0|
    |mult_1878_reg_12263566                       |   14|   0|   14|          0|
    |mult_1879_reg_12263571                       |   15|   0|   15|          0|
    |mult_187_reg_12255543                        |   12|   0|   12|          0|
    |mult_1880_reg_12263576                       |   12|   0|   12|          0|
    |mult_1881_reg_12263581                       |   15|   0|   15|          0|
    |mult_1882_reg_12263586                       |   15|   0|   15|          0|
    |mult_1883_reg_12263591                       |   15|   0|   15|          0|
    |mult_1884_reg_12263596                       |   15|   0|   15|          0|
    |mult_1885_reg_12263601                       |   15|   0|   15|          0|
    |mult_1886_reg_12263606                       |   13|   0|   13|          0|
    |mult_1887_reg_12263611                       |   14|   0|   14|          0|
    |mult_1888_reg_12263616                       |   15|   0|   15|          0|
    |mult_1889_reg_12263621                       |   15|   0|   15|          0|
    |mult_188_reg_12255548                        |   14|   0|   14|          0|
    |mult_1890_reg_12263626                       |   14|   0|   14|          0|
    |mult_1891_reg_12263631                       |   14|   0|   14|          0|
    |mult_1892_reg_12263636                       |   15|   0|   15|          0|
    |mult_1893_reg_12263641                       |   15|   0|   15|          0|
    |mult_1894_reg_12263646                       |   15|   0|   15|          0|
    |mult_1895_reg_12263651                       |   13|   0|   13|          0|
    |mult_1896_reg_12263656                       |   15|   0|   15|          0|
    |mult_1897_reg_12263661                       |   15|   0|   15|          0|
    |mult_1898_reg_12263666                       |   14|   0|   14|          0|
    |mult_1899_reg_12263671                       |   12|   0|   12|          0|
    |mult_189_reg_12255553                        |   12|   0|   12|          0|
    |mult_18_reg_12254749                         |   15|   0|   15|          0|
    |mult_1900_reg_12263676                       |   14|   0|   14|          0|
    |mult_1901_reg_12263681                       |   13|   0|   13|          0|
    |mult_1902_reg_12263686                       |   15|   0|   15|          0|
    |mult_1903_reg_12263691                       |   14|   0|   14|          0|
    |mult_1904_reg_12263696                       |   15|   0|   15|          0|
    |mult_1905_reg_12263701                       |   13|   0|   13|          0|
    |mult_1906_reg_12263706                       |   14|   0|   14|          0|
    |mult_1907_reg_12263711                       |   12|   0|   12|          0|
    |mult_1908_reg_12263716                       |   15|   0|   15|          0|
    |mult_1909_reg_12263721                       |   15|   0|   15|          0|
    |mult_190_reg_12255558                        |   14|   0|   14|          0|
    |mult_1910_reg_12263726                       |   14|   0|   14|          0|
    |mult_1911_reg_12263731                       |    9|   0|    9|          0|
    |mult_1912_reg_12263736                       |   15|   0|   15|          0|
    |mult_1913_reg_12263741                       |   15|   0|   15|          0|
    |mult_1914_reg_12263746                       |   14|   0|   14|          0|
    |mult_1915_reg_12263751                       |   15|   0|   15|          0|
    |mult_1916_reg_12263756                       |   14|   0|   14|          0|
    |mult_1917_reg_12254588                       |   13|   0|   13|          0|
    |mult_1917_reg_12254588_pp0_iter1_reg         |   13|   0|   13|          0|
    |mult_1918_reg_12263761                       |   15|   0|   15|          0|
    |mult_1919_reg_12263766                       |   15|   0|   15|          0|
    |mult_191_reg_12255563                        |   15|   0|   15|          0|
    |mult_1920_reg_12263771                       |   13|   0|   13|          0|
    |mult_1921_reg_12263776                       |   15|   0|   15|          0|
    |mult_1922_reg_12263781                       |   15|   0|   15|          0|
    |mult_1923_reg_12263786                       |   14|   0|   14|          0|
    |mult_1924_reg_12263791                       |   15|   0|   15|          0|
    |mult_1925_reg_12263796                       |   13|   0|   13|          0|
    |mult_1926_reg_12263801                       |   14|   0|   14|          0|
    |mult_1927_reg_12263806                       |   13|   0|   13|          0|
    |mult_1928_reg_12263811                       |   14|   0|   14|          0|
    |mult_1929_reg_12263816                       |    9|   0|    9|          0|
    |mult_192_reg_12255568                        |   15|   0|   15|          0|
    |mult_1930_reg_12263821                       |   15|   0|   15|          0|
    |mult_1931_reg_12263826                       |   15|   0|   15|          0|
    |mult_1932_reg_12263831                       |   14|   0|   14|          0|
    |mult_1933_reg_12263836                       |   15|   0|   15|          0|
    |mult_1934_reg_12263841                       |   15|   0|   15|          0|
    |mult_1935_reg_12263846                       |   15|   0|   15|          0|
    |mult_1936_reg_12263851                       |   11|   0|   11|          0|
    |mult_1937_reg_12263856                       |   15|   0|   15|          0|
    |mult_1938_reg_12263861                       |   15|   0|   15|          0|
    |mult_1939_reg_12263866                       |   13|   0|   13|          0|
    |mult_193_reg_12255573                        |   14|   0|   14|          0|
    |mult_1940_reg_12263871                       |   15|   0|   15|          0|
    |mult_1941_reg_12263876                       |   15|   0|   15|          0|
    |mult_1942_reg_12263881                       |   14|   0|   14|          0|
    |mult_1943_reg_12263886                       |   14|   0|   14|          0|
    |mult_1944_reg_12263891                       |   14|   0|   14|          0|
    |mult_1945_reg_12263896                       |   15|   0|   15|          0|
    |mult_1946_reg_12263901                       |   13|   0|   13|          0|
    |mult_1947_reg_12263906                       |   15|   0|   15|          0|
    |mult_1948_reg_12263911                       |   14|   0|   14|          0|
    |mult_1949_reg_12263916                       |   12|   0|   12|          0|
    |mult_194_reg_12255578                        |   15|   0|   15|          0|
    |mult_1950_reg_12263921                       |   11|   0|   11|          0|
    |mult_1951_reg_12263926                       |   12|   0|   12|          0|
    |mult_1952_reg_12263931                       |   11|   0|   11|          0|
    |mult_1953_reg_12263936                       |   15|   0|   15|          0|
    |mult_1954_reg_12263941                       |   15|   0|   15|          0|
    |mult_1955_reg_12263946                       |   14|   0|   14|          0|
    |mult_1956_reg_12263951                       |   14|   0|   14|          0|
    |mult_1957_reg_12263956                       |   13|   0|   13|          0|
    |mult_1958_reg_12254633                       |    7|   0|    7|          0|
    |mult_1958_reg_12254633_pp0_iter1_reg         |    7|   0|    7|          0|
    |mult_1959_reg_12263961                       |   15|   0|   15|          0|
    |mult_195_reg_12255583                        |   15|   0|   15|          0|
    |mult_1960_reg_12263966                       |   13|   0|   13|          0|
    |mult_1961_reg_12263971                       |   10|   0|   10|          0|
    |mult_1962_reg_12263976                       |   15|   0|   15|          0|
    |mult_1963_reg_12263981                       |   15|   0|   15|          0|
    |mult_1964_reg_12263986                       |   13|   0|   13|          0|
    |mult_1965_reg_12263991                       |   15|   0|   15|          0|
    |mult_1966_reg_12263996                       |   15|   0|   15|          0|
    |mult_1967_reg_12264001                       |   15|   0|   15|          0|
    |mult_1968_reg_12264006                       |   14|   0|   14|          0|
    |mult_1969_reg_12264011                       |   15|   0|   15|          0|
    |mult_196_reg_12255588                        |   14|   0|   14|          0|
    |mult_197_reg_12255593                        |   15|   0|   15|          0|
    |mult_198_reg_12255598                        |   15|   0|   15|          0|
    |mult_199_reg_12255603                        |   15|   0|   15|          0|
    |mult_19_reg_12254754                         |   14|   0|   14|          0|
    |mult_1_reg_12254663                          |   15|   0|   15|          0|
    |mult_200_reg_12255608                        |   15|   0|   15|          0|
    |mult_201_reg_12255613                        |   14|   0|   14|          0|
    |mult_202_reg_12255618                        |   15|   0|   15|          0|
    |mult_203_reg_12255623                        |   14|   0|   14|          0|
    |mult_204_reg_12251617                        |   13|   0|   13|          0|
    |mult_204_reg_12251617_pp0_iter1_reg          |   13|   0|   13|          0|
    |mult_205_reg_12255628                        |   13|   0|   13|          0|
    |mult_206_reg_12255633                        |   14|   0|   14|          0|
    |mult_207_reg_12255638                        |   15|   0|   15|          0|
    |mult_208_reg_12255643                        |   15|   0|   15|          0|
    |mult_209_reg_12255648                        |   14|   0|   14|          0|
    |mult_20_reg_12254759                         |   15|   0|   15|          0|
    |mult_210_reg_12255653                        |   15|   0|   15|          0|
    |mult_211_reg_12255658                        |   15|   0|   15|          0|
    |mult_212_reg_12255663                        |   13|   0|   13|          0|
    |mult_212_reg_12255663_pp0_iter2_reg          |   13|   0|   13|          0|
    |mult_213_reg_12255668                        |   15|   0|   15|          0|
    |mult_214_reg_12255679                        |   15|   0|   15|          0|
    |mult_215_reg_12255684                        |   14|   0|   14|          0|
    |mult_216_reg_12255689                        |   15|   0|   15|          0|
    |mult_217_reg_12255694                        |   14|   0|   14|          0|
    |mult_218_reg_12264071                        |   13|   0|   13|          0|
    |mult_219_reg_12255699                        |   14|   0|   14|          0|
    |mult_21_reg_12254764                         |   15|   0|   15|          0|
    |mult_220_reg_12264076                        |   13|   0|   13|          0|
    |mult_221_reg_12255704                        |   15|   0|   15|          0|
    |mult_222_reg_12255709                        |   15|   0|   15|          0|
    |mult_223_reg_12255714                        |   15|   0|   15|          0|
    |mult_224_reg_12251657                        |   14|   0|   14|          0|
    |mult_224_reg_12251657_pp0_iter1_reg          |   14|   0|   14|          0|
    |mult_225_reg_12255719                        |   15|   0|   15|          0|
    |mult_226_reg_12255724                        |   15|   0|   15|          0|
    |mult_227_reg_12255729                        |   14|   0|   14|          0|
    |mult_228_reg_12255734                        |   15|   0|   15|          0|
    |mult_229_reg_12255739                        |   14|   0|   14|          0|
    |mult_22_reg_12254769                         |   15|   0|   15|          0|
    |mult_230_reg_12255744                        |   11|   0|   11|          0|
    |mult_231_reg_12255749                        |   14|   0|   14|          0|
    |mult_232_reg_12255754                        |   14|   0|   14|          0|
    |mult_233_reg_12255760                        |   15|   0|   15|          0|
    |mult_234_reg_12255765                        |   15|   0|   15|          0|
    |mult_235_reg_12255770                        |   14|   0|   14|          0|
    |mult_236_reg_12255775                        |   11|   0|   11|          0|
    |mult_238_reg_12255780                        |   15|   0|   15|          0|
    |mult_239_reg_12255785                        |   13|   0|   13|          0|
    |mult_23_reg_12254774                         |   13|   0|   13|          0|
    |mult_240_reg_12255790                        |   11|   0|   11|          0|
    |mult_241_reg_12255795                        |   14|   0|   14|          0|
    |mult_242_reg_12255800                        |   12|   0|   12|          0|
    |mult_243_reg_12255805                        |   15|   0|   15|          0|
    |mult_244_reg_12255810                        |   15|   0|   15|          0|
    |mult_245_reg_12255815                        |   15|   0|   15|          0|
    |mult_246_reg_12255820                        |   11|   0|   11|          0|
    |mult_247_reg_12255825                        |   14|   0|   14|          0|
    |mult_248_reg_12255830                        |   15|   0|   15|          0|
    |mult_249_reg_12255835                        |   15|   0|   15|          0|
    |mult_24_reg_12254779                         |   15|   0|   15|          0|
    |mult_24_reg_12254779_pp0_iter2_reg           |   15|   0|   15|          0|
    |mult_250_reg_12255840                        |   14|   0|   14|          0|
    |mult_251_reg_12264081                        |   13|   0|   13|          0|
    |mult_252_reg_12255845                        |   14|   0|   14|          0|
    |mult_253_reg_12255850                        |   14|   0|   14|          0|
    |mult_254_reg_12255855                        |   15|   0|   15|          0|
    |mult_255_reg_12255860                        |   14|   0|   14|          0|
    |mult_256_reg_12255865                        |   15|   0|   15|          0|
    |mult_257_reg_12255870                        |   13|   0|   13|          0|
    |mult_258_reg_12255875                        |   15|   0|   15|          0|
    |mult_259_reg_12251710                        |   10|   0|   10|          0|
    |mult_259_reg_12251710_pp0_iter1_reg          |   10|   0|   10|          0|
    |mult_25_reg_12254784                         |   13|   0|   13|          0|
    |mult_260_reg_12255880                        |   15|   0|   15|          0|
    |mult_261_reg_12255885                        |   15|   0|   15|          0|
    |mult_262_reg_12255890                        |   15|   0|   15|          0|
    |mult_263_reg_12255895                        |   14|   0|   14|          0|
    |mult_264_reg_12251715                        |   14|   0|   14|          0|
    |mult_264_reg_12251715_pp0_iter1_reg          |   14|   0|   14|          0|
    |mult_265_reg_12255900                        |   13|   0|   13|          0|
    |mult_266_reg_12255905                        |   14|   0|   14|          0|
    |mult_267_reg_12255910                        |   15|   0|   15|          0|
    |mult_268_reg_12255915                        |   13|   0|   13|          0|
    |mult_269_reg_12255920                        |   14|   0|   14|          0|
    |mult_26_reg_12254789                         |   15|   0|   15|          0|
    |mult_270_reg_12255925                        |   14|   0|   14|          0|
    |mult_271_reg_12255930                        |   15|   0|   15|          0|
    |mult_272_reg_12255935                        |   15|   0|   15|          0|
    |mult_273_reg_12255940                        |   15|   0|   15|          0|
    |mult_274_reg_12255945                        |   15|   0|   15|          0|
    |mult_275_reg_12255950                        |   15|   0|   15|          0|
    |mult_276_reg_12255962                        |   15|   0|   15|          0|
    |mult_277_reg_12255967                        |   14|   0|   14|          0|
    |mult_278_reg_12255972                        |   14|   0|   14|          0|
    |mult_279_reg_12255977                        |   14|   0|   14|          0|
    |mult_27_reg_12254794                         |   14|   0|   14|          0|
    |mult_280_reg_12264086                        |   13|   0|   13|          0|
    |mult_281_reg_12264091                        |   13|   0|   13|          0|
    |mult_282_reg_12255982                        |   15|   0|   15|          0|
    |mult_283_reg_12255987                        |   14|   0|   14|          0|
    |mult_284_reg_12255992                        |   14|   0|   14|          0|
    |mult_285_reg_12255997                        |   15|   0|   15|          0|
    |mult_286_reg_12256002                        |   12|   0|   12|          0|
    |mult_287_reg_12256007                        |   15|   0|   15|          0|
    |mult_288_reg_12256012                        |   15|   0|   15|          0|
    |mult_289_reg_12256017                        |   14|   0|   14|          0|
    |mult_28_reg_12254799                         |   15|   0|   15|          0|
    |mult_290_reg_12256022                        |   14|   0|   14|          0|
    |mult_291_reg_12256027                        |   12|   0|   12|          0|
    |mult_292_reg_12256032                        |   15|   0|   15|          0|
    |mult_293_reg_12256037                        |   15|   0|   15|          0|
    |mult_294_reg_12256042                        |   15|   0|   15|          0|
    |mult_295_reg_12256047                        |   12|   0|   12|          0|
    |mult_296_reg_12256052                        |   15|   0|   15|          0|
    |mult_297_reg_12256057                        |   15|   0|   15|          0|
    |mult_298_reg_12256062                        |   14|   0|   14|          0|
    |mult_299_reg_12264096                        |   13|   0|   13|          0|
    |mult_29_reg_12254804                         |   13|   0|   13|          0|
    |mult_2_reg_12254668                          |   13|   0|   13|          0|
    |mult_300_reg_12256067                        |   15|   0|   15|          0|
    |mult_301_reg_12256072                        |   15|   0|   15|          0|
    |mult_302_reg_12256077                        |   14|   0|   14|          0|
    |mult_303_reg_12256082                        |   14|   0|   14|          0|
    |mult_304_reg_12256087                        |   15|   0|   15|          0|
    |mult_305_reg_12256092                        |   11|   0|   11|          0|
    |mult_306_reg_12256104                        |   15|   0|   15|          0|
    |mult_307_reg_12256109                        |   12|   0|   12|          0|
    |mult_308_reg_12256114                        |   15|   0|   15|          0|
    |mult_309_reg_12256119                        |   15|   0|   15|          0|
    |mult_30_reg_12254809                         |   13|   0|   13|          0|
    |mult_310_reg_12256124                        |   14|   0|   14|          0|
    |mult_311_reg_12256129                        |   15|   0|   15|          0|
    |mult_312_reg_12256134                        |   12|   0|   12|          0|
    |mult_313_reg_12256139                        |   14|   0|   14|          0|
    |mult_314_reg_12256144                        |   12|   0|   12|          0|
    |mult_315_reg_12264101                        |   13|   0|   13|          0|
    |mult_316_reg_12251804                        |   15|   0|   15|          0|
    |mult_316_reg_12251804_pp0_iter1_reg          |   15|   0|   15|          0|
    |mult_317_reg_12251809                        |   14|   0|   14|          0|
    |mult_317_reg_12251809_pp0_iter1_reg          |   14|   0|   14|          0|
    |mult_318_reg_12256149                        |   15|   0|   15|          0|
    |mult_319_reg_12256154                        |   14|   0|   14|          0|
    |mult_31_reg_12254814                         |   14|   0|   14|          0|
    |mult_320_reg_12256159                        |   12|   0|   12|          0|
    |mult_321_reg_12256164                        |   15|   0|   15|          0|
    |mult_322_reg_12256169                        |   15|   0|   15|          0|
    |mult_323_reg_12264106                        |   13|   0|   13|          0|
    |mult_324_reg_12256174                        |   15|   0|   15|          0|
    |mult_325_reg_12256179                        |   15|   0|   15|          0|
    |mult_326_reg_12256184                        |   14|   0|   14|          0|
    |mult_327_reg_12256189                        |   14|   0|   14|          0|
    |mult_328_reg_12256194                        |   15|   0|   15|          0|
    |mult_329_reg_12256199                        |   14|   0|   14|          0|
    |mult_32_reg_12254819                         |   13|   0|   13|          0|
    |mult_330_reg_12256204                        |   15|   0|   15|          0|
    |mult_331_reg_12256209                        |   15|   0|   15|          0|
    |mult_332_reg_12256214                        |   15|   0|   15|          0|
    |mult_333_reg_12256219                        |   15|   0|   15|          0|
    |mult_334_reg_12256224                        |   15|   0|   15|          0|
    |mult_335_reg_12264111                        |   13|   0|   13|          0|
    |mult_336_reg_12256229                        |   14|   0|   14|          0|
    |mult_337_reg_12256234                        |   15|   0|   15|          0|
    |mult_338_reg_12256239                        |   15|   0|   15|          0|
    |mult_339_reg_12256244                        |   15|   0|   15|          0|
    |mult_33_reg_12254824                         |   12|   0|   12|          0|
    |mult_340_reg_12256249                        |   15|   0|   15|          0|
    |mult_341_reg_12256254                        |   14|   0|   14|          0|
    |mult_342_reg_12256259                        |   14|   0|   14|          0|
    |mult_343_reg_12256264                        |   15|   0|   15|          0|
    |mult_344_reg_12256269                        |   13|   0|   13|          0|
    |mult_345_reg_12256274                        |   15|   0|   15|          0|
    |mult_346_reg_12256279                        |   13|   0|   13|          0|
    |mult_346_reg_12256279_pp0_iter2_reg          |   13|   0|   13|          0|
    |mult_347_reg_12256284                        |   15|   0|   15|          0|
    |mult_348_reg_12256289                        |   14|   0|   14|          0|
    |mult_349_reg_12256294                        |   12|   0|   12|          0|
    |mult_34_reg_12254829                         |   10|   0|   10|          0|
    |mult_350_reg_12256299                        |   15|   0|   15|          0|
    |mult_351_reg_12256304                        |   11|   0|   11|          0|
    |mult_352_reg_12256309                        |   15|   0|   15|          0|
    |mult_353_reg_12256314                        |   14|   0|   14|          0|
    |mult_354_reg_12256319                        |   15|   0|   15|          0|
    |mult_355_reg_12256324                        |   13|   0|   13|          0|
    |mult_356_reg_12256329                        |   13|   0|   13|          0|
    |mult_357_reg_12256334                        |   14|   0|   14|          0|
    |mult_358_reg_12256339                        |   15|   0|   15|          0|
    |mult_359_reg_12256344                        |   13|   0|   13|          0|
    |mult_35_reg_12254834                         |   15|   0|   15|          0|
    |mult_360_reg_12256349                        |   12|   0|   12|          0|
    |mult_361_reg_12256354                        |   15|   0|   15|          0|
    |mult_362_reg_12256359                        |   14|   0|   14|          0|
    |mult_363_reg_12256364                        |   13|   0|   13|          0|
    |mult_364_reg_12256369                        |   14|   0|   14|          0|
    |mult_365_reg_12256374                        |   15|   0|   15|          0|
    |mult_366_reg_12256379                        |   15|   0|   15|          0|
    |mult_367_reg_12256384                        |   15|   0|   15|          0|
    |mult_368_reg_12256389                        |   15|   0|   15|          0|
    |mult_369_reg_12256394                        |   14|   0|   14|          0|
    |mult_36_reg_12254839                         |   15|   0|   15|          0|
    |mult_370_reg_12256399                        |   15|   0|   15|          0|
    |mult_371_reg_12256404                        |   15|   0|   15|          0|
    |mult_372_reg_12264116                        |   13|   0|   13|          0|
    |mult_373_reg_12256419                        |   12|   0|   12|          0|
    |mult_374_reg_12256424                        |   13|   0|   13|          0|
    |mult_374_reg_12256424_pp0_iter2_reg          |   13|   0|   13|          0|
    |mult_375_reg_12256429                        |   14|   0|   14|          0|
    |mult_376_reg_12256434                        |   15|   0|   15|          0|
    |mult_377_reg_12256439                        |   15|   0|   15|          0|
    |mult_378_reg_12256444                        |   15|   0|   15|          0|
    |mult_379_reg_12256449                        |   14|   0|   14|          0|
    |mult_37_reg_12254844                         |   15|   0|   15|          0|
    |mult_380_reg_12251902                        |   12|   0|   12|          0|
    |mult_380_reg_12251902_pp0_iter1_reg          |   12|   0|   12|          0|
    |mult_381_reg_12256454                        |   15|   0|   15|          0|
    |mult_382_reg_12256459                        |   13|   0|   13|          0|
    |mult_383_reg_12256464                        |   12|   0|   12|          0|
    |mult_384_reg_12256469                        |   15|   0|   15|          0|
    |mult_385_reg_12256474                        |   13|   0|   13|          0|
    |mult_386_reg_12256479                        |   15|   0|   15|          0|
    |mult_387_reg_12256484                        |   10|   0|   10|          0|
    |mult_388_reg_12256489                        |   13|   0|   13|          0|
    |mult_389_reg_12256494                        |   14|   0|   14|          0|
    |mult_38_reg_12254849                         |   15|   0|   15|          0|
    |mult_390_reg_12256499                        |   15|   0|   15|          0|
    |mult_391_reg_12256504                        |   14|   0|   14|          0|
    |mult_392_reg_12256509                        |   15|   0|   15|          0|
    |mult_393_reg_12256514                        |   14|   0|   14|          0|
    |mult_394_reg_12256519                        |   15|   0|   15|          0|
    |mult_395_reg_12256524                        |   15|   0|   15|          0|
    |mult_396_reg_12256529                        |   15|   0|   15|          0|
    |mult_397_reg_12256534                        |   13|   0|   13|          0|
    |mult_398_reg_12256539                        |   12|   0|   12|          0|
    |mult_399_reg_12256544                        |   11|   0|   11|          0|
    |mult_39_reg_12264036                         |   15|   0|   15|          0|
    |mult_3_reg_12254674                          |   13|   0|   13|          0|
    |mult_400_reg_12256549                        |   15|   0|   15|          0|
    |mult_401_reg_12256554                        |   15|   0|   15|          0|
    |mult_402_reg_12256559                        |   13|   0|   13|          0|
    |mult_403_reg_12256564                        |   15|   0|   15|          0|
    |mult_404_reg_12256569                        |   15|   0|   15|          0|
    |mult_405_reg_12256574                        |   15|   0|   15|          0|
    |mult_406_reg_12256579                        |   15|   0|   15|          0|
    |mult_407_reg_12256584                        |   15|   0|   15|          0|
    |mult_408_reg_12256589                        |   15|   0|   15|          0|
    |mult_409_reg_12256594                        |   15|   0|   15|          0|
    |mult_40_reg_12254854                         |   15|   0|   15|          0|
    |mult_410_reg_12264121                        |   13|   0|   13|          0|
    |mult_411_reg_12256599                        |   14|   0|   14|          0|
    |mult_412_reg_12256604                        |   14|   0|   14|          0|
    |mult_413_reg_12256609                        |   13|   0|   13|          0|
    |mult_414_reg_12256614                        |   15|   0|   15|          0|
    |mult_415_reg_12256619                        |   14|   0|   14|          0|
    |mult_416_reg_12256624                        |   14|   0|   14|          0|
    |mult_417_reg_12256629                        |   15|   0|   15|          0|
    |mult_418_reg_12256634                        |   15|   0|   15|          0|
    |mult_419_reg_12256639                        |   15|   0|   15|          0|
    |mult_41_reg_12254859                         |   15|   0|   15|          0|
    |mult_420_reg_12256644                        |   15|   0|   15|          0|
    |mult_421_reg_12256649                        |   14|   0|   14|          0|
    |mult_422_reg_12256654                        |   15|   0|   15|          0|
    |mult_423_reg_12256659                        |   12|   0|   12|          0|
    |mult_424_reg_12256664                        |   13|   0|   13|          0|
    |mult_425_reg_12256669                        |   15|   0|   15|          0|
    |mult_426_reg_12256674                        |   15|   0|   15|          0|
    |mult_427_reg_12256679                        |   12|   0|   12|          0|
    |mult_428_reg_12264126                        |   13|   0|   13|          0|
    |mult_429_reg_12256684                        |   15|   0|   15|          0|
    |mult_42_reg_12254864                         |   13|   0|   13|          0|
    |mult_430_reg_12256689                        |   14|   0|   14|          0|
    |mult_431_reg_12256694                        |   15|   0|   15|          0|
    |mult_432_reg_12256699                        |   15|   0|   15|          0|
    |mult_433_reg_12256704                        |   15|   0|   15|          0|
    |mult_434_reg_12256709                        |   14|   0|   14|          0|
    |mult_435_reg_12256714                        |   15|   0|   15|          0|
    |mult_436_reg_12256719                        |   15|   0|   15|          0|
    |mult_437_reg_12256724                        |   15|   0|   15|          0|
    |mult_438_reg_12256729                        |   15|   0|   15|          0|
    |mult_439_reg_12256734                        |   15|   0|   15|          0|
    |mult_43_reg_12251386                         |    9|   0|    9|          0|
    |mult_43_reg_12251386_pp0_iter1_reg           |    9|   0|    9|          0|
    |mult_440_reg_12256739                        |   11|   0|   11|          0|
    |mult_441_reg_12256744                        |   15|   0|   15|          0|
    |mult_442_reg_12256749                        |   15|   0|   15|          0|
    |mult_443_reg_12256754                        |   15|   0|   15|          0|
    |mult_444_reg_12256759                        |   15|   0|   15|          0|
    |mult_445_reg_12256764                        |   15|   0|   15|          0|
    |mult_446_reg_12256769                        |   15|   0|   15|          0|
    |mult_447_reg_12256774                        |   14|   0|   14|          0|
    |mult_448_reg_12256779                        |   15|   0|   15|          0|
    |mult_449_reg_12256784                        |   14|   0|   14|          0|
    |mult_44_reg_12254869                         |   15|   0|   15|          0|
    |mult_450_reg_12256789                        |   15|   0|   15|          0|
    |mult_451_reg_12256794                        |   13|   0|   13|          0|
    |mult_452_reg_12256799                        |   14|   0|   14|          0|
    |mult_453_reg_12256804                        |   15|   0|   15|          0|
    |mult_454_reg_12256809                        |   14|   0|   14|          0|
    |mult_455_reg_12256814                        |   13|   0|   13|          0|
    |mult_456_reg_12256819                        |   14|   0|   14|          0|
    |mult_457_reg_12256824                        |   14|   0|   14|          0|
    |mult_458_reg_12256829                        |   15|   0|   15|          0|
    |mult_459_reg_12256834                        |   15|   0|   15|          0|
    |mult_45_reg_12254874                         |   15|   0|   15|          0|
    |mult_460_reg_12252009                        |   13|   0|   13|          0|
    |mult_461_reg_12256839                        |   11|   0|   11|          0|
    |mult_462_reg_12256844                        |   10|   0|   10|          0|
    |mult_463_reg_12256849                        |   13|   0|   13|          0|
    |mult_464_reg_12256854                        |   14|   0|   14|          0|
    |mult_465_reg_12256859                        |   14|   0|   14|          0|
    |mult_466_reg_12264131                        |   13|   0|   13|          0|
    |mult_467_reg_12256864                        |   15|   0|   15|          0|
    |mult_468_reg_12256869                        |   14|   0|   14|          0|
    |mult_469_reg_12256874                        |   13|   0|   13|          0|
    |mult_46_reg_12254879                         |   14|   0|   14|          0|
    |mult_470_reg_12256879                        |   13|   0|   13|          0|
    |mult_471_reg_12256884                        |   15|   0|   15|          0|
    |mult_472_reg_12256889                        |   13|   0|   13|          0|
    |mult_473_reg_12256894                        |   15|   0|   15|          0|
    |mult_474_reg_12256899                        |   14|   0|   14|          0|
    |mult_475_reg_12256904                        |   15|   0|   15|          0|
    |mult_476_reg_12256909                        |   13|   0|   13|          0|
    |mult_477_reg_12256914                        |   14|   0|   14|          0|
    |mult_478_reg_12256919                        |   15|   0|   15|          0|
    |mult_479_reg_12256924                        |   15|   0|   15|          0|
    |mult_47_reg_12251391                         |   13|   0|   13|          0|
    |mult_47_reg_12251391_pp0_iter1_reg           |   13|   0|   13|          0|
    |mult_480_reg_12256929                        |   15|   0|   15|          0|
    |mult_481_reg_12256934                        |   15|   0|   15|          0|
    |mult_482_reg_12256939                        |   13|   0|   13|          0|
    |mult_483_reg_12256944                        |   15|   0|   15|          0|
    |mult_484_reg_12256949                        |   15|   0|   15|          0|
    |mult_485_reg_12256954                        |   13|   0|   13|          0|
    |mult_486_reg_12256959                        |   12|   0|   12|          0|
    |mult_487_reg_12256964                        |   15|   0|   15|          0|
    |mult_488_reg_12256969                        |   15|   0|   15|          0|
    |mult_489_reg_12256974                        |   12|   0|   12|          0|
    |mult_48_reg_12254884                         |   15|   0|   15|          0|
    |mult_490_reg_12256979                        |   15|   0|   15|          0|
    |mult_491_reg_12256984                        |   15|   0|   15|          0|
    |mult_492_reg_12256989                        |   14|   0|   14|          0|
    |mult_493_reg_12256994                        |   13|   0|   13|          0|
    |mult_494_reg_12256999                        |   15|   0|   15|          0|
    |mult_495_reg_12257004                        |   14|   0|   14|          0|
    |mult_496_reg_12257009                        |   15|   0|   15|          0|
    |mult_497_reg_12257014                        |   15|   0|   15|          0|
    |mult_498_reg_12257019                        |   13|   0|   13|          0|
    |mult_499_reg_12257024                        |   13|   0|   13|          0|
    |mult_49_reg_12254889                         |   15|   0|   15|          0|
    |mult_4_reg_12254679                          |   14|   0|   14|          0|
    |mult_500_reg_12257029                        |   15|   0|   15|          0|
    |mult_501_reg_12257034                        |   14|   0|   14|          0|
    |mult_502_reg_12257039                        |   15|   0|   15|          0|
    |mult_503_reg_12257044                        |   14|   0|   14|          0|
    |mult_504_reg_12257049                        |   15|   0|   15|          0|
    |mult_505_reg_12257054                        |   14|   0|   14|          0|
    |mult_506_reg_12257059                        |   15|   0|   15|          0|
    |mult_507_reg_12257064                        |   13|   0|   13|          0|
    |mult_507_reg_12257064_pp0_iter2_reg          |   13|   0|   13|          0|
    |mult_508_reg_12257069                        |   14|   0|   14|          0|
    |mult_509_reg_12257074                        |   13|   0|   13|          0|
    |mult_50_reg_12254894                         |   13|   0|   13|          0|
    |mult_510_reg_12257079                        |   15|   0|   15|          0|
    |mult_511_reg_12257084                        |   15|   0|   15|          0|
    |mult_512_reg_12257089                        |   13|   0|   13|          0|
    |mult_513_reg_12257094                        |   14|   0|   14|          0|
    |mult_514_reg_12257099                        |   13|   0|   13|          0|
    |mult_515_reg_12257104                        |   15|   0|   15|          0|
    |mult_516_reg_12257109                        |   13|   0|   13|          0|
    |mult_517_reg_12257114                        |   14|   0|   14|          0|
    |mult_518_reg_12257119                        |   14|   0|   14|          0|
    |mult_519_reg_12257124                        |   14|   0|   14|          0|
    |mult_51_reg_12254899                         |   10|   0|   10|          0|
    |mult_520_reg_12257129                        |   14|   0|   14|          0|
    |mult_521_reg_12257134                        |   15|   0|   15|          0|
    |mult_522_reg_12252133                        |   14|   0|   14|          0|
    |mult_522_reg_12252133_pp0_iter1_reg          |   14|   0|   14|          0|
    |mult_523_reg_12257139                        |   15|   0|   15|          0|
    |mult_524_reg_12257144                        |   15|   0|   15|          0|
    |mult_525_reg_12257149                        |   12|   0|   12|          0|
    |mult_526_reg_12257154                        |   15|   0|   15|          0|
    |mult_527_reg_12257159                        |   15|   0|   15|          0|
    |mult_528_reg_12257164                        |    7|   0|    7|          0|
    |mult_529_reg_12257169                        |   14|   0|   14|          0|
    |mult_52_reg_12254904                         |   15|   0|   15|          0|
    |mult_530_reg_12257174                        |   15|   0|   15|          0|
    |mult_531_reg_12257179                        |   13|   0|   13|          0|
    |mult_532_reg_12257184                        |   14|   0|   14|          0|
    |mult_533_reg_12257189                        |   14|   0|   14|          0|
    |mult_534_reg_12257194                        |   15|   0|   15|          0|
    |mult_535_reg_12257199                        |   14|   0|   14|          0|
    |mult_536_reg_12257204                        |   15|   0|   15|          0|
    |mult_537_reg_12252153                        |   13|   0|   13|          0|
    |mult_537_reg_12252153_pp0_iter1_reg          |   13|   0|   13|          0|
    |mult_538_reg_12257209                        |   15|   0|   15|          0|
    |mult_539_reg_12257214                        |   14|   0|   14|          0|
    |mult_53_reg_12254909                         |   13|   0|   13|          0|
    |mult_540_reg_12257219                        |   15|   0|   15|          0|
    |mult_541_reg_12257224                        |   15|   0|   15|          0|
    |mult_542_reg_12257229                        |   15|   0|   15|          0|
    |mult_543_reg_12257234                        |   10|   0|   10|          0|
    |mult_544_reg_12257239                        |   15|   0|   15|          0|
    |mult_545_reg_12257244                        |    9|   0|    9|          0|
    |mult_546_reg_12257249                        |   14|   0|   14|          0|
    |mult_546_reg_12257249_pp0_iter2_reg          |   14|   0|   14|          0|
    |mult_547_reg_12257254                        |   15|   0|   15|          0|
    |mult_548_reg_12257259                        |   13|   0|   13|          0|
    |mult_549_reg_12257264                        |   14|   0|   14|          0|
    |mult_54_reg_12254914                         |   15|   0|   15|          0|
    |mult_550_reg_12257269                        |   15|   0|   15|          0|
    |mult_551_reg_12257274                        |   15|   0|   15|          0|
    |mult_552_reg_12257279                        |   15|   0|   15|          0|
    |mult_553_reg_12257284                        |   12|   0|   12|          0|
    |mult_554_reg_12257289                        |   13|   0|   13|          0|
    |mult_555_reg_12257294                        |   13|   0|   13|          0|
    |mult_556_reg_12257299                        |   13|   0|   13|          0|
    |mult_557_reg_12257304                        |   13|   0|   13|          0|
    |mult_558_reg_12257309                        |   12|   0|   12|          0|
    |mult_559_reg_12257314                        |   15|   0|   15|          0|
    |mult_55_reg_12254919                         |   13|   0|   13|          0|
    |mult_560_reg_12257319                        |   15|   0|   15|          0|
    |mult_561_reg_12257324                        |   15|   0|   15|          0|
    |mult_562_reg_12257329                        |   15|   0|   15|          0|
    |mult_563_reg_12257334                        |   15|   0|   15|          0|
    |mult_564_reg_12257339                        |   15|   0|   15|          0|
    |mult_565_reg_12257344                        |   14|   0|   14|          0|
    |mult_566_reg_12257349                        |   12|   0|   12|          0|
    |mult_567_reg_12257354                        |   13|   0|   13|          0|
    |mult_568_reg_12257364                        |   14|   0|   14|          0|
    |mult_569_reg_12257369                        |   15|   0|   15|          0|
    |mult_56_reg_12254924                         |   12|   0|   12|          0|
    |mult_570_reg_12257374                        |   14|   0|   14|          0|
    |mult_571_reg_12257379                        |   15|   0|   15|          0|
    |mult_572_reg_12257384                        |   14|   0|   14|          0|
    |mult_573_reg_12257389                        |   14|   0|   14|          0|
    |mult_574_reg_12257394                        |   14|   0|   14|          0|
    |mult_575_reg_12257399                        |   13|   0|   13|          0|
    |mult_576_reg_12257404                        |   14|   0|   14|          0|
    |mult_577_reg_12257409                        |   14|   0|   14|          0|
    |mult_578_reg_12257414                        |   15|   0|   15|          0|
    |mult_579_reg_12252188                        |    6|   0|    6|          0|
    |mult_579_reg_12252188_pp0_iter1_reg          |    6|   0|    6|          0|
    |mult_57_reg_12254929                         |   15|   0|   15|          0|
    |mult_580_reg_12257419                        |   15|   0|   15|          0|
    |mult_581_reg_12264136                        |   13|   0|   13|          0|
    |mult_582_reg_12257429                        |   15|   0|   15|          0|
    |mult_583_reg_12257439                        |   14|   0|   14|          0|
    |mult_584_reg_12257444                        |   14|   0|   14|          0|
    |mult_585_reg_12257449                        |   14|   0|   14|          0|
    |mult_586_reg_12257454                        |   15|   0|   15|          0|
    |mult_587_reg_12257459                        |   15|   0|   15|          0|
    |mult_588_reg_12257464                        |   15|   0|   15|          0|
    |mult_589_reg_12257469                        |   14|   0|   14|          0|
    |mult_58_reg_12254934                         |   15|   0|   15|          0|
    |mult_590_reg_12257474                        |   15|   0|   15|          0|
    |mult_591_reg_12257479                        |   13|   0|   13|          0|
    |mult_592_reg_12257484                        |   11|   0|   11|          0|
    |mult_593_reg_12257489                        |   14|   0|   14|          0|
    |mult_594_reg_12257494                        |   15|   0|   15|          0|
    |mult_595_reg_12257499                        |   15|   0|   15|          0|
    |mult_596_reg_12252238                        |   10|   0|   10|          0|
    |mult_596_reg_12252238_pp0_iter1_reg          |   10|   0|   10|          0|
    |mult_597_reg_12257504                        |   11|   0|   11|          0|
    |mult_598_reg_12257509                        |   15|   0|   15|          0|
    |mult_599_reg_12264141                        |   13|   0|   13|          0|
    |mult_59_reg_12254939                         |   11|   0|   11|          0|
    |mult_5_reg_12254684                          |   15|   0|   15|          0|
    |mult_600_reg_12257514                        |   15|   0|   15|          0|
    |mult_601_reg_12257519                        |   11|   0|   11|          0|
    |mult_602_reg_12257524                        |   14|   0|   14|          0|
    |mult_603_reg_12257529                        |   14|   0|   14|          0|
    |mult_604_reg_12257534                        |   15|   0|   15|          0|
    |mult_605_reg_12257539                        |   15|   0|   15|          0|
    |mult_606_reg_12257544                        |   14|   0|   14|          0|
    |mult_607_reg_12257549                        |   14|   0|   14|          0|
    |mult_608_reg_12257554                        |   13|   0|   13|          0|
    |mult_609_reg_12257559                        |   15|   0|   15|          0|
    |mult_60_reg_12254944                         |   14|   0|   14|          0|
    |mult_610_reg_12257564                        |   15|   0|   15|          0|
    |mult_611_reg_12257569                        |   15|   0|   15|          0|
    |mult_612_reg_12257574                        |   14|   0|   14|          0|
    |mult_613_reg_12257579                        |   15|   0|   15|          0|
    |mult_614_reg_12257584                        |   15|   0|   15|          0|
    |mult_615_reg_12257589                        |   15|   0|   15|          0|
    |mult_616_reg_12252285                        |   14|   0|   14|          0|
    |mult_616_reg_12252285_pp0_iter1_reg          |   14|   0|   14|          0|
    |mult_617_reg_12257594                        |   12|   0|   12|          0|
    |mult_618_reg_12257599                        |   15|   0|   15|          0|
    |mult_619_reg_12252290                        |   10|   0|   10|          0|
    |mult_619_reg_12252290_pp0_iter1_reg          |   10|   0|   10|          0|
    |mult_61_reg_12254954                         |   15|   0|   15|          0|
    |mult_620_reg_12257604                        |   11|   0|   11|          0|
    |mult_621_reg_12257610                        |   15|   0|   15|          0|
    |mult_622_reg_12257615                        |   15|   0|   15|          0|
    |mult_623_reg_12257620                        |   15|   0|   15|          0|
    |mult_624_reg_12257625                        |   15|   0|   15|          0|
    |mult_625_reg_12257630                        |   15|   0|   15|          0|
    |mult_626_reg_12257635                        |   14|   0|   14|          0|
    |mult_627_reg_12257640                        |   15|   0|   15|          0|
    |mult_628_reg_12257645                        |   15|   0|   15|          0|
    |mult_629_reg_12257650                        |   15|   0|   15|          0|
    |mult_62_reg_12254959                         |   15|   0|   15|          0|
    |mult_630_reg_12257655                        |   15|   0|   15|          0|
    |mult_631_reg_12257660                        |   13|   0|   13|          0|
    |mult_632_reg_12257665                        |   15|   0|   15|          0|
    |mult_633_reg_12257670                        |   15|   0|   15|          0|
    |mult_634_reg_12257675                        |   15|   0|   15|          0|
    |mult_635_reg_12257680                        |   13|   0|   13|          0|
    |mult_636_reg_12257685                        |   15|   0|   15|          0|
    |mult_637_reg_12257690                        |   13|   0|   13|          0|
    |mult_638_reg_12257695                        |   14|   0|   14|          0|
    |mult_639_reg_12257700                        |   15|   0|   15|          0|
    |mult_63_reg_12254964                         |   14|   0|   14|          0|
    |mult_640_reg_12257705                        |   15|   0|   15|          0|
    |mult_641_reg_12257710                        |   15|   0|   15|          0|
    |mult_642_reg_12257715                        |   12|   0|   12|          0|
    |mult_643_reg_12257720                        |   15|   0|   15|          0|
    |mult_644_reg_12257725                        |   15|   0|   15|          0|
    |mult_645_reg_12257730                        |   14|   0|   14|          0|
    |mult_646_reg_12257735                        |   15|   0|   15|          0|
    |mult_647_reg_12257740                        |   15|   0|   15|          0|
    |mult_648_reg_12257745                        |   15|   0|   15|          0|
    |mult_649_reg_12257750                        |   15|   0|   15|          0|
    |mult_64_reg_12251430                         |   13|   0|   13|          0|
    |mult_64_reg_12251430_pp0_iter1_reg           |   13|   0|   13|          0|
    |mult_650_reg_12257755                        |   15|   0|   15|          0|
    |mult_651_reg_12257760                        |   15|   0|   15|          0|
    |mult_652_reg_12257765                        |   13|   0|   13|          0|
    |mult_653_reg_12257770                        |   15|   0|   15|          0|
    |mult_654_reg_12257775                        |   15|   0|   15|          0|
    |mult_655_reg_12252338                        |   13|   0|   13|          0|
    |mult_655_reg_12252338_pp0_iter1_reg          |   13|   0|   13|          0|
    |mult_656_reg_12257780                        |   15|   0|   15|          0|
    |mult_657_reg_12257785                        |   14|   0|   14|          0|
    |mult_658_reg_12257790                        |   13|   0|   13|          0|
    |mult_659_reg_12257795                        |   14|   0|   14|          0|
    |mult_65_reg_12254970                         |   14|   0|   14|          0|
    |mult_660_reg_12257800                        |   15|   0|   15|          0|
    |mult_661_reg_12257805                        |   13|   0|   13|          0|
    |mult_662_reg_12257810                        |   15|   0|   15|          0|
    |mult_663_reg_12257815                        |   15|   0|   15|          0|
    |mult_664_reg_12257820                        |   15|   0|   15|          0|
    |mult_665_reg_12257825                        |   15|   0|   15|          0|
    |mult_666_reg_12257830                        |   14|   0|   14|          0|
    |mult_667_reg_12257835                        |   14|   0|   14|          0|
    |mult_668_reg_12257840                        |   15|   0|   15|          0|
    |mult_669_reg_12257845                        |   14|   0|   14|          0|
    |mult_66_reg_12254975                         |   15|   0|   15|          0|
    |mult_670_reg_12257850                        |   15|   0|   15|          0|
    |mult_671_reg_12257855                        |   14|   0|   14|          0|
    |mult_672_reg_12257860                        |   15|   0|   15|          0|
    |mult_673_reg_12257865                        |   15|   0|   15|          0|
    |mult_674_reg_12257870                        |   13|   0|   13|          0|
    |mult_675_reg_12257875                        |   15|   0|   15|          0|
    |mult_676_reg_12257880                        |   13|   0|   13|          0|
    |mult_677_reg_12257885                        |   12|   0|   12|          0|
    |mult_678_reg_12252378                        |    6|   0|    6|          0|
    |mult_678_reg_12252378_pp0_iter1_reg          |    6|   0|    6|          0|
    |mult_679_reg_12257890                        |   15|   0|   15|          0|
    |mult_67_reg_12254980                         |   10|   0|   10|          0|
    |mult_680_reg_12257895                        |   15|   0|   15|          0|
    |mult_681_reg_12257900                        |   15|   0|   15|          0|
    |mult_682_reg_12257905                        |   15|   0|   15|          0|
    |mult_683_reg_12257910                        |   15|   0|   15|          0|
    |mult_684_reg_12257915                        |   11|   0|   11|          0|
    |mult_685_reg_12257920                        |   14|   0|   14|          0|
    |mult_686_reg_12257925                        |   15|   0|   15|          0|
    |mult_687_reg_12257930                        |   15|   0|   15|          0|
    |mult_688_reg_12257935                        |   14|   0|   14|          0|
    |mult_689_reg_12257940                        |   15|   0|   15|          0|
    |mult_68_reg_12254985                         |   14|   0|   14|          0|
    |mult_690_reg_12257945                        |   15|   0|   15|          0|
    |mult_691_reg_12257950                        |   15|   0|   15|          0|
    |mult_692_reg_12257955                        |   14|   0|   14|          0|
    |mult_693_reg_12257960                        |   15|   0|   15|          0|
    |mult_694_reg_12257965                        |   15|   0|   15|          0|
    |mult_695_reg_12257970                        |   14|   0|   14|          0|
    |mult_696_reg_12257975                        |   15|   0|   15|          0|
    |mult_697_reg_12257980                        |   15|   0|   15|          0|
    |mult_698_reg_12257985                        |   15|   0|   15|          0|
    |mult_699_reg_12257990                        |   14|   0|   14|          0|
    |mult_69_reg_12254990                         |   14|   0|   14|          0|
    |mult_6_reg_12254689                          |   14|   0|   14|          0|
    |mult_700_reg_12257995                        |   14|   0|   14|          0|
    |mult_701_reg_12258000                        |   14|   0|   14|          0|
    |mult_702_reg_12258005                        |   15|   0|   15|          0|
    |mult_703_reg_12258010                        |   15|   0|   15|          0|
    |mult_704_reg_12258015                        |   13|   0|   13|          0|
    |mult_705_reg_12258020                        |   15|   0|   15|          0|
    |mult_706_reg_12258025                        |   15|   0|   15|          0|
    |mult_707_reg_12258030                        |   15|   0|   15|          0|
    |mult_708_reg_12258035                        |   15|   0|   15|          0|
    |mult_709_reg_12258040                        |   15|   0|   15|          0|
    |mult_70_reg_12264041                         |   13|   0|   13|          0|
    |mult_710_reg_12258045                        |   15|   0|   15|          0|
    |mult_711_reg_12258050                        |   15|   0|   15|          0|
    |mult_712_reg_12258055                        |   15|   0|   15|          0|
    |mult_713_reg_12258060                        |   13|   0|   13|          0|
    |mult_714_reg_12258065                        |   14|   0|   14|          0|
    |mult_715_reg_12258070                        |   14|   0|   14|          0|
    |mult_716_reg_12258075                        |   15|   0|   15|          0|
    |mult_717_reg_12258080                        |   14|   0|   14|          0|
    |mult_718_reg_12258085                        |   15|   0|   15|          0|
    |mult_719_reg_12258090                        |   15|   0|   15|          0|
    |mult_71_reg_12254995                         |   15|   0|   15|          0|
    |mult_720_reg_12258095                        |   15|   0|   15|          0|
    |mult_721_reg_12258100                        |   15|   0|   15|          0|
    |mult_722_reg_12258105                        |   13|   0|   13|          0|
    |mult_723_reg_12258110                        |   15|   0|   15|          0|
    |mult_724_reg_12258115                        |   15|   0|   15|          0|
    |mult_725_reg_12258120                        |   14|   0|   14|          0|
    |mult_726_reg_12258125                        |   12|   0|   12|          0|
    |mult_727_reg_12258130                        |   15|   0|   15|          0|
    |mult_728_reg_12258135                        |   15|   0|   15|          0|
    |mult_729_reg_12258140                        |   15|   0|   15|          0|
    |mult_72_reg_12255000                         |   15|   0|   15|          0|
    |mult_730_reg_12258145                        |   15|   0|   15|          0|
    |mult_731_reg_12258150                        |   15|   0|   15|          0|
    |mult_732_reg_12258155                        |   15|   0|   15|          0|
    |mult_733_reg_12258160                        |   14|   0|   14|          0|
    |mult_734_reg_12258165                        |   14|   0|   14|          0|
    |mult_735_reg_12258170                        |   14|   0|   14|          0|
    |mult_736_reg_12258175                        |   15|   0|   15|          0|
    |mult_737_reg_12258180                        |   13|   0|   13|          0|
    |mult_738_reg_12258185                        |   14|   0|   14|          0|
    |mult_739_reg_12258190                        |   15|   0|   15|          0|
    |mult_73_reg_12255005                         |   13|   0|   13|          0|
    |mult_740_reg_12258195                        |   11|   0|   11|          0|
    |mult_741_reg_12258200                        |   15|   0|   15|          0|
    |mult_742_reg_12258205                        |   15|   0|   15|          0|
    |mult_743_reg_12258210                        |   13|   0|   13|          0|
    |mult_744_reg_12258215                        |   15|   0|   15|          0|
    |mult_745_reg_12258220                        |   13|   0|   13|          0|
    |mult_746_reg_12258225                        |   14|   0|   14|          0|
    |mult_747_reg_12258230                        |   15|   0|   15|          0|
    |mult_748_reg_12258235                        |   15|   0|   15|          0|
    |mult_749_reg_12258240                        |   14|   0|   14|          0|
    |mult_74_reg_12255010                         |   15|   0|   15|          0|
    |mult_750_reg_12258245                        |    7|   0|    7|          0|
    |mult_751_reg_12258250                        |   14|   0|   14|          0|
    |mult_752_reg_12258255                        |   15|   0|   15|          0|
    |mult_753_reg_12258260                        |   11|   0|   11|          0|
    |mult_754_reg_12258265                        |   15|   0|   15|          0|
    |mult_755_reg_12258270                        |   12|   0|   12|          0|
    |mult_756_reg_12258275                        |   12|   0|   12|          0|
    |mult_757_reg_12258280                        |   15|   0|   15|          0|
    |mult_758_reg_12258285                        |   15|   0|   15|          0|
    |mult_759_reg_12252488                        |   13|   0|   13|          0|
    |mult_759_reg_12252488_pp0_iter1_reg          |   13|   0|   13|          0|
    |mult_75_reg_12264046                         |   11|   0|   11|          0|
    |mult_760_reg_12258290                        |   15|   0|   15|          0|
    |mult_761_reg_12258295                        |   14|   0|   14|          0|
    |mult_762_reg_12252493                        |    8|   0|    8|          0|
    |mult_762_reg_12252493_pp0_iter1_reg          |    8|   0|    8|          0|
    |mult_763_reg_12252498                        |   13|   0|   13|          0|
    |mult_763_reg_12252498_pp0_iter1_reg          |   13|   0|   13|          0|
    |mult_764_reg_12258300                        |   15|   0|   15|          0|
    |mult_765_reg_12258305                        |   12|   0|   12|          0|
    |mult_766_reg_12258310                        |   15|   0|   15|          0|
    |mult_767_reg_12258315                        |   15|   0|   15|          0|
    |mult_768_reg_12258320                        |   15|   0|   15|          0|
    |mult_769_reg_12258325                        |   15|   0|   15|          0|
    |mult_76_reg_12255015                         |   15|   0|   15|          0|
    |mult_770_reg_12258330                        |   15|   0|   15|          0|
    |mult_771_reg_12252548                        |   13|   0|   13|          0|
    |mult_771_reg_12252548_pp0_iter1_reg          |   13|   0|   13|          0|
    |mult_772_reg_12252553                        |   14|   0|   14|          0|
    |mult_772_reg_12252553_pp0_iter1_reg          |   14|   0|   14|          0|
    |mult_773_reg_12258335                        |   15|   0|   15|          0|
    |mult_774_reg_12258340                        |   13|   0|   13|          0|
    |mult_775_reg_12258345                        |   15|   0|   15|          0|
    |mult_776_reg_12258350                        |   14|   0|   14|          0|
    |mult_777_reg_12258355                        |   15|   0|   15|          0|
    |mult_778_reg_12258360                        |   14|   0|   14|          0|
    |mult_779_reg_12258365                        |   15|   0|   15|          0|
    |mult_77_reg_12255020                         |   13|   0|   13|          0|
    |mult_780_reg_12258370                        |   15|   0|   15|          0|
    |mult_781_reg_12258375                        |   14|   0|   14|          0|
    |mult_782_reg_12258380                        |   15|   0|   15|          0|
    |mult_783_reg_12258385                        |   14|   0|   14|          0|
    |mult_784_reg_12258390                        |   15|   0|   15|          0|
    |mult_785_reg_12258395                        |   14|   0|   14|          0|
    |mult_786_reg_12258400                        |   15|   0|   15|          0|
    |mult_787_reg_12258405                        |   13|   0|   13|          0|
    |mult_788_reg_12258410                        |   14|   0|   14|          0|
    |mult_78_reg_12255025                         |   15|   0|   15|          0|
    |mult_790_reg_12258415                        |   14|   0|   14|          0|
    |mult_791_reg_12258420                        |   10|   0|   10|          0|
    |mult_792_reg_12258425                        |   14|   0|   14|          0|
    |mult_793_reg_12258430                        |   14|   0|   14|          0|
    |mult_794_reg_12258435                        |   15|   0|   15|          0|
    |mult_795_reg_12258440                        |   13|   0|   13|          0|
    |mult_796_reg_12258445                        |   12|   0|   12|          0|
    |mult_797_reg_12258450                        |   13|   0|   13|          0|
    |mult_798_reg_12258455                        |   15|   0|   15|          0|
    |mult_799_reg_12258460                        |   14|   0|   14|          0|
    |mult_79_reg_12255030                         |   15|   0|   15|          0|
    |mult_7_reg_12254694                          |   15|   0|   15|          0|
    |mult_800_reg_12258465                        |   15|   0|   15|          0|
    |mult_801_reg_12258470                        |   14|   0|   14|          0|
    |mult_802_reg_12258475                        |   15|   0|   15|          0|
    |mult_803_reg_12258480                        |   15|   0|   15|          0|
    |mult_804_reg_12258485                        |   15|   0|   15|          0|
    |mult_805_reg_12258490                        |   15|   0|   15|          0|
    |mult_806_reg_12258495                        |   14|   0|   14|          0|
    |mult_807_reg_12258500                        |   14|   0|   14|          0|
    |mult_808_reg_12258505                        |   14|   0|   14|          0|
    |mult_809_reg_12252603                        |   10|   0|   10|          0|
    |mult_809_reg_12252603_pp0_iter1_reg          |   10|   0|   10|          0|
    |mult_80_reg_12255035                         |   15|   0|   15|          0|
    |mult_810_reg_12258510                        |   15|   0|   15|          0|
    |mult_811_reg_12258515                        |   15|   0|   15|          0|
    |mult_812_reg_12258520                        |   14|   0|   14|          0|
    |mult_813_reg_12258525                        |   15|   0|   15|          0|
    |mult_814_reg_12258530                        |   10|   0|   10|          0|
    |mult_815_reg_12258535                        |   14|   0|   14|          0|
    |mult_816_reg_12258540                        |   15|   0|   15|          0|
    |mult_817_reg_12258545                        |   15|   0|   15|          0|
    |mult_818_reg_12258550                        |   14|   0|   14|          0|
    |mult_819_reg_12258555                        |   11|   0|   11|          0|
    |mult_81_reg_12255040                         |   15|   0|   15|          0|
    |mult_820_reg_12258560                        |   12|   0|   12|          0|
    |mult_821_reg_12258565                        |   15|   0|   15|          0|
    |mult_822_reg_12258570                        |   15|   0|   15|          0|
    |mult_823_reg_12258575                        |   13|   0|   13|          0|
    |mult_824_reg_12258580                        |   15|   0|   15|          0|
    |mult_825_reg_12258585                        |   13|   0|   13|          0|
    |mult_826_reg_12258590                        |   15|   0|   15|          0|
    |mult_827_reg_12258595                        |   13|   0|   13|          0|
    |mult_828_reg_12258600                        |   14|   0|   14|          0|
    |mult_829_reg_12258605                        |   11|   0|   11|          0|
    |mult_82_reg_12255045                         |   15|   0|   15|          0|
    |mult_830_reg_12258610                        |   15|   0|   15|          0|
    |mult_831_reg_12258615                        |   13|   0|   13|          0|
    |mult_832_reg_12252658                        |   14|   0|   14|          0|
    |mult_832_reg_12252658_pp0_iter1_reg          |   14|   0|   14|          0|
    |mult_833_reg_12258620                        |   15|   0|   15|          0|
    |mult_834_reg_12258625                        |   15|   0|   15|          0|
    |mult_835_reg_12258630                        |   15|   0|   15|          0|
    |mult_836_reg_12258635                        |   15|   0|   15|          0|
    |mult_837_reg_12258640                        |   15|   0|   15|          0|
    |mult_838_reg_12258645                        |   15|   0|   15|          0|
    |mult_839_reg_12258650                        |   14|   0|   14|          0|
    |mult_83_reg_12255050                         |   15|   0|   15|          0|
    |mult_840_reg_12258655                        |   15|   0|   15|          0|
    |mult_841_reg_12258660                        |   15|   0|   15|          0|
    |mult_842_reg_12258665                        |   15|   0|   15|          0|
    |mult_843_reg_12252663                        |    9|   0|    9|          0|
    |mult_844_reg_12258670                        |   14|   0|   14|          0|
    |mult_845_reg_12258675                        |   15|   0|   15|          0|
    |mult_846_reg_12258680                        |   15|   0|   15|          0|
    |mult_847_reg_12258685                        |   15|   0|   15|          0|
    |mult_848_reg_12258690                        |   15|   0|   15|          0|
    |mult_849_reg_12258695                        |   14|   0|   14|          0|
    |mult_84_reg_12255055                         |   13|   0|   13|          0|
    |mult_850_reg_12258700                        |   14|   0|   14|          0|
    |mult_851_reg_12258705                        |   14|   0|   14|          0|
    |mult_852_reg_12258710                        |   15|   0|   15|          0|
    |mult_853_reg_12252673                        |   13|   0|   13|          0|
    |mult_853_reg_12252673_pp0_iter1_reg          |   13|   0|   13|          0|
    |mult_854_reg_12258715                        |   10|   0|   10|          0|
    |mult_855_reg_12258720                        |   13|   0|   13|          0|
    |mult_856_reg_12258725                        |   15|   0|   15|          0|
    |mult_857_reg_12258730                        |   15|   0|   15|          0|
    |mult_858_reg_12258735                        |   15|   0|   15|          0|
    |mult_859_reg_12258740                        |   15|   0|   15|          0|
    |mult_85_reg_12255060                         |   14|   0|   14|          0|
    |mult_860_reg_12252678                        |   13|   0|   13|          0|
    |mult_860_reg_12252678_pp0_iter1_reg          |   13|   0|   13|          0|
    |mult_861_reg_12258745                        |   15|   0|   15|          0|
    |mult_862_reg_12258750                        |   15|   0|   15|          0|
    |mult_863_reg_12252720                        |   13|   0|   13|          0|
    |mult_863_reg_12252720_pp0_iter1_reg          |   13|   0|   13|          0|
    |mult_864_reg_12258755                        |   15|   0|   15|          0|
    |mult_865_reg_12258760                        |   11|   0|   11|          0|
    |mult_866_reg_12258765                        |   15|   0|   15|          0|
    |mult_867_reg_12258770                        |   14|   0|   14|          0|
    |mult_868_reg_12258775                        |   15|   0|   15|          0|
    |mult_869_reg_12258780                        |   15|   0|   15|          0|
    |mult_86_reg_12255065                         |   14|   0|   14|          0|
    |mult_870_reg_12258785                        |   15|   0|   15|          0|
    |mult_871_reg_12258790                        |   14|   0|   14|          0|
    |mult_872_reg_12258795                        |   12|   0|   12|          0|
    |mult_873_reg_12258800                        |   15|   0|   15|          0|
    |mult_874_reg_12258805                        |   15|   0|   15|          0|
    |mult_875_reg_12258810                        |   15|   0|   15|          0|
    |mult_876_reg_12258815                        |   15|   0|   15|          0|
    |mult_877_reg_12258820                        |   15|   0|   15|          0|
    |mult_878_reg_12258825                        |   14|   0|   14|          0|
    |mult_879_reg_12258830                        |   15|   0|   15|          0|
    |mult_87_reg_12255070                         |   13|   0|   13|          0|
    |mult_880_reg_12258835                        |   14|   0|   14|          0|
    |mult_881_reg_12258840                        |   15|   0|   15|          0|
    |mult_882_reg_12258845                        |   15|   0|   15|          0|
    |mult_883_reg_12258850                        |   14|   0|   14|          0|
    |mult_884_reg_12258855                        |   15|   0|   15|          0|
    |mult_885_reg_12252735                        |   15|   0|   15|          0|
    |mult_885_reg_12252735_pp0_iter1_reg          |   15|   0|   15|          0|
    |mult_886_reg_12258860                        |   15|   0|   15|          0|
    |mult_887_reg_12252740                        |   15|   0|   15|          0|
    |mult_887_reg_12252740_pp0_iter1_reg          |   15|   0|   15|          0|
    |mult_888_reg_12258865                        |   14|   0|   14|          0|
    |mult_889_reg_12258870                        |   13|   0|   13|          0|
    |mult_88_reg_12255075                         |   15|   0|   15|          0|
    |mult_890_reg_12258875                        |   12|   0|   12|          0|
    |mult_891_reg_12258880                        |   14|   0|   14|          0|
    |mult_892_reg_12258885                        |   15|   0|   15|          0|
    |mult_893_reg_12258890                        |   14|   0|   14|          0|
    |mult_894_reg_12258895                        |   12|   0|   12|          0|
    |mult_895_reg_12258900                        |   15|   0|   15|          0|
    |mult_896_reg_12258905                        |   14|   0|   14|          0|
    |mult_897_reg_12258910                        |   15|   0|   15|          0|
    |mult_898_reg_12258915                        |   13|   0|   13|          0|
    |mult_899_reg_12258920                        |   15|   0|   15|          0|
    |mult_89_reg_12255080                         |   14|   0|   14|          0|
    |mult_8_reg_12254699                          |   15|   0|   15|          0|
    |mult_900_reg_12258925                        |   15|   0|   15|          0|
    |mult_901_reg_12258930                        |   12|   0|   12|          0|
    |mult_902_reg_12258935                        |   11|   0|   11|          0|
    |mult_903_reg_12258940                        |   15|   0|   15|          0|
    |mult_904_reg_12258945                        |   11|   0|   11|          0|
    |mult_905_reg_12258950                        |   15|   0|   15|          0|
    |mult_906_reg_12258955                        |   15|   0|   15|          0|
    |mult_907_reg_12258960                        |   15|   0|   15|          0|
    |mult_908_reg_12258965                        |   15|   0|   15|          0|
    |mult_909_reg_12258970                        |   14|   0|   14|          0|
    |mult_90_reg_12255085                         |   14|   0|   14|          0|
    |mult_910_reg_12252804                        |   14|   0|   14|          0|
    |mult_910_reg_12252804_pp0_iter1_reg          |   14|   0|   14|          0|
    |mult_912_reg_12258975                        |   13|   0|   13|          0|
    |mult_913_reg_12258980                        |   15|   0|   15|          0|
    |mult_914_reg_12258985                        |   15|   0|   15|          0|
    |mult_915_reg_12258990                        |   15|   0|   15|          0|
    |mult_916_reg_12258995                        |   14|   0|   14|          0|
    |mult_917_reg_12259000                        |   13|   0|   13|          0|
    |mult_918_reg_12259005                        |   15|   0|   15|          0|
    |mult_919_reg_12259010                        |   13|   0|   13|          0|
    |mult_91_reg_12255091                         |   15|   0|   15|          0|
    |mult_920_reg_12259015                        |   15|   0|   15|          0|
    |mult_921_reg_12259020                        |   14|   0|   14|          0|
    |mult_922_reg_12259025                        |   15|   0|   15|          0|
    |mult_923_reg_12259030                        |   14|   0|   14|          0|
    |mult_924_reg_12259035                        |   14|   0|   14|          0|
    |mult_925_reg_12259040                        |   14|   0|   14|          0|
    |mult_926_reg_12259045                        |   15|   0|   15|          0|
    |mult_927_reg_12259050                        |   14|   0|   14|          0|
    |mult_928_reg_12259055                        |   14|   0|   14|          0|
    |mult_929_reg_12259060                        |   15|   0|   15|          0|
    |mult_92_reg_12255096                         |   14|   0|   14|          0|
    |mult_930_reg_12259065                        |   15|   0|   15|          0|
    |mult_931_reg_12259070                        |   12|   0|   12|          0|
    |mult_932_reg_12259075                        |   14|   0|   14|          0|
    |mult_933_reg_12259080                        |   15|   0|   15|          0|
    |mult_934_reg_12259085                        |   15|   0|   15|          0|
    |mult_935_reg_12259090                        |   14|   0|   14|          0|
    |mult_936_reg_12259095                        |   15|   0|   15|          0|
    |mult_937_reg_12259100                        |   15|   0|   15|          0|
    |mult_938_reg_12259105                        |   14|   0|   14|          0|
    |mult_939_reg_12259110                        |   15|   0|   15|          0|
    |mult_93_reg_12255101                         |   13|   0|   13|          0|
    |mult_93_reg_12255101_pp0_iter2_reg           |   13|   0|   13|          0|
    |mult_940_reg_12259115                        |   14|   0|   14|          0|
    |mult_941_reg_12259120                        |   15|   0|   15|          0|
    |mult_942_reg_12259125                        |   14|   0|   14|          0|
    |mult_943_reg_12259130                        |   12|   0|   12|          0|
    |mult_944_reg_12259135                        |   10|   0|   10|          0|
    |mult_945_reg_12259140                        |   13|   0|   13|          0|
    |mult_946_reg_12259145                        |   15|   0|   15|          0|
    |mult_947_reg_12259150                        |   13|   0|   13|          0|
    |mult_948_reg_12259155                        |   14|   0|   14|          0|
    |mult_949_reg_12259160                        |   12|   0|   12|          0|
    |mult_94_reg_12255106                         |   15|   0|   15|          0|
    |mult_950_reg_12259165                        |   14|   0|   14|          0|
    |mult_951_reg_12252857                        |   11|   0|   11|          0|
    |mult_951_reg_12252857_pp0_iter1_reg          |   11|   0|   11|          0|
    |mult_952_reg_12259170                        |   15|   0|   15|          0|
    |mult_953_reg_12259175                        |   13|   0|   13|          0|
    |mult_953_reg_12259175_pp0_iter2_reg          |   13|   0|   13|          0|
    |mult_954_reg_12259180                        |   15|   0|   15|          0|
    |mult_955_reg_12259185                        |   15|   0|   15|          0|
    |mult_956_reg_12259190                        |   14|   0|   14|          0|
    |mult_957_reg_12259195                        |   15|   0|   15|          0|
    |mult_958_reg_12259200                        |   13|   0|   13|          0|
    |mult_959_reg_12259205                        |   10|   0|   10|          0|
    |mult_95_reg_12255111                         |   15|   0|   15|          0|
    |mult_960_reg_12259210                        |   15|   0|   15|          0|
    |mult_961_reg_12259215                        |   13|   0|   13|          0|
    |mult_962_reg_12259220                        |   15|   0|   15|          0|
    |mult_963_reg_12259225                        |   15|   0|   15|          0|
    |mult_964_reg_12259230                        |   11|   0|   11|          0|
    |mult_965_reg_12259235                        |   12|   0|   12|          0|
    |mult_966_reg_12259240                        |   15|   0|   15|          0|
    |mult_967_reg_12259245                        |   14|   0|   14|          0|
    |mult_968_reg_12259250                        |   15|   0|   15|          0|
    |mult_969_reg_12259255                        |   14|   0|   14|          0|
    |mult_96_reg_12255116                         |   15|   0|   15|          0|
    |mult_970_reg_12259260                        |   14|   0|   14|          0|
    |mult_971_reg_12252909                        |   12|   0|   12|          0|
    |mult_971_reg_12252909_pp0_iter1_reg          |   12|   0|   12|          0|
    |mult_972_reg_12259265                        |   15|   0|   15|          0|
    |mult_973_reg_12259270                        |   15|   0|   15|          0|
    |mult_974_reg_12259275                        |   14|   0|   14|          0|
    |mult_975_reg_12259280                        |   15|   0|   15|          0|
    |mult_976_reg_12259285                        |   14|   0|   14|          0|
    |mult_977_reg_12259290                        |   15|   0|   15|          0|
    |mult_978_reg_12259295                        |   15|   0|   15|          0|
    |mult_979_reg_12259300                        |   15|   0|   15|          0|
    |mult_97_reg_12255121                         |   14|   0|   14|          0|
    |mult_980_reg_12259305                        |   15|   0|   15|          0|
    |mult_981_reg_12259310                        |   15|   0|   15|          0|
    |mult_982_reg_12259315                        |   13|   0|   13|          0|
    |mult_982_reg_12259315_pp0_iter2_reg          |   13|   0|   13|          0|
    |mult_983_reg_12259320                        |   15|   0|   15|          0|
    |mult_984_reg_12259325                        |   15|   0|   15|          0|
    |mult_985_reg_12259330                        |   14|   0|   14|          0|
    |mult_986_reg_12259335                        |   15|   0|   15|          0|
    |mult_987_reg_12259340                        |   15|   0|   15|          0|
    |mult_988_reg_12252959                        |   13|   0|   13|          0|
    |mult_988_reg_12252959_pp0_iter1_reg          |   13|   0|   13|          0|
    |mult_989_reg_12259345                        |   14|   0|   14|          0|
    |mult_98_reg_12255126                         |   15|   0|   15|          0|
    |mult_990_reg_12259350                        |   14|   0|   14|          0|
    |mult_991_reg_12259355                        |   14|   0|   14|          0|
    |mult_992_reg_12259360                        |   15|   0|   15|          0|
    |mult_993_reg_12259365                        |   15|   0|   15|          0|
    |mult_994_reg_12259370                        |   15|   0|   15|          0|
    |mult_995_reg_12259375                        |   15|   0|   15|          0|
    |mult_996_reg_12259380                        |   13|   0|   13|          0|
    |mult_997_reg_12252964                        |   11|   0|   11|          0|
    |mult_998_reg_12259385                        |   15|   0|   15|          0|
    |mult_999_reg_12259390                        |   12|   0|   12|          0|
    |mult_99_reg_12255131                         |   14|   0|   14|          0|
    |mult_9_reg_12254704                          |   14|   0|   14|          0|
    |mult_reg_12254658                            |   14|   0|   14|          0|
    |sext_ln42_53_reg_12264051                    |   16|   0|   16|          0|
    |sext_ln70_103_reg_12252564                   |   23|   0|   23|          0|
    |sext_ln70_115_reg_12252700                   |   25|   0|   25|          0|
    |sext_ln70_131_reg_12252884                   |   25|   0|   25|          0|
    |sext_ln70_132_reg_12252919                   |   22|   0|   22|          0|
    |sext_ln70_141_reg_12253010                   |   23|   0|   23|          0|
    |sext_ln70_145_reg_12253060                   |   24|   0|   24|          0|
    |sext_ln70_148_reg_12253096                   |   23|   0|   23|          0|
    |sext_ln70_152_reg_12253129                   |   24|   0|   24|          0|
    |sext_ln70_169_reg_12253308                   |   24|   0|   24|          0|
    |sext_ln70_174_reg_12253363                   |   24|   0|   24|          0|
    |sext_ln70_188_reg_12253517                   |   24|   0|   24|          0|
    |sext_ln70_192_reg_12253540                   |   23|   0|   23|          0|
    |sext_ln70_19_reg_12251519                    |   23|   0|   23|          0|
    |sext_ln70_211_reg_12253798                   |   22|   0|   22|          0|
    |sext_ln70_214_reg_12253844                   |   24|   0|   24|          0|
    |sext_ln70_223_reg_12253986                   |   24|   0|   24|          0|
    |sext_ln70_22_reg_12251542                    |   24|   0|   24|          0|
    |sext_ln70_235_reg_12254133                   |   22|   0|   22|          0|
    |sext_ln70_237_reg_12254150                   |   23|   0|   23|          0|
    |sext_ln70_240_reg_12254194                   |   23|   0|   23|          0|
    |sext_ln70_246_reg_12254256                   |   22|   0|   22|          0|
    |sext_ln70_249_reg_12254312                   |   24|   0|   24|          0|
    |sext_ln70_25_reg_12251605                    |   22|   0|   22|          0|
    |sext_ln70_270_reg_12254561                   |   24|   0|   24|          0|
    |sext_ln70_274_reg_12254598                   |   24|   0|   24|          0|
    |sext_ln70_275_reg_12254608                   |   23|   0|   23|          0|
    |sext_ln70_276_reg_12254617                   |   25|   0|   25|          0|
    |sext_ln70_32_reg_12251667                    |   23|   0|   23|          0|
    |sext_ln70_39_reg_12251743                    |   25|   0|   25|          0|
    |sext_ln70_3_reg_12251336                     |   25|   0|   25|          0|
    |sext_ln70_42_reg_12251773                    |   22|   0|   22|          0|
    |sext_ln70_53_reg_12251913                    |   24|   0|   24|          0|
    |sext_ln70_54_reg_12251921                    |   23|   0|   23|          0|
    |sext_ln70_62_reg_12252040                    |   23|   0|   23|          0|
    |sext_ln70_67_reg_12252086                    |   25|   0|   25|          0|
    |sext_ln70_7_reg_12251369                     |   24|   0|   24|          0|
    |sext_ln70_89_reg_12252358                    |   25|   0|   25|          0|
    |sext_ln70_93_reg_12252432                    |   22|   0|   22|          0|
    |sext_ln70_9_reg_12251396                     |   23|   0|   23|          0|
    |sext_ln70_reg_12251291                       |   23|   0|   23|          0|
    |sext_ln73_117_reg_12256414                   |   21|   0|   23|          2|
    |sext_ln73_175_reg_12252143                   |   18|   0|   24|          6|
    |sext_ln73_202_reg_12252223                   |   18|   0|   23|          5|
    |sext_ln73_247_reg_12252478                   |   18|   0|   22|          4|
    |sext_ln73_265_reg_12252608                   |   18|   0|   21|          3|
    |sext_ln73_292_reg_12252794                   |   18|   0|   25|          7|
    |sext_ln73_326_reg_12253017                   |   17|   0|   24|          7|
    |sext_ln73_383_reg_12253408                   |   18|   0|   23|          5|
    |sext_ln73_451_reg_12253885                   |   18|   0|   24|          6|
    |sext_ln73_470_reg_12253946                   |   18|   0|   25|          7|
    |sext_ln73_486_reg_12254009                   |   17|   0|   23|          6|
    |sext_ln73_513_reg_12254184                   |   18|   0|   23|          5|
    |sext_ln73_55_reg_12251554                    |   18|   0|   24|          6|
    |sub_ln73_106_reg_12252053                    |   18|   0|   23|          5|
    |sub_ln73_10_reg_12251331                     |   18|   0|   25|          7|
    |sub_ln73_112_reg_12252058                    |   18|   0|   25|          7|
    |sub_ln73_121_reg_12252138                    |   18|   0|   25|          7|
    |sub_ln73_124_reg_12252148                    |   18|   0|   24|          6|
    |sub_ln73_135_reg_12257424                    |   18|   0|   23|          5|
    |sub_ln73_138_reg_12252228                    |   18|   0|   23|          5|
    |sub_ln73_140_reg_12252233                    |   18|   0|   21|          3|
    |sub_ln73_147_reg_12252333                    |   18|   0|   23|          5|
    |sub_ln73_14_reg_12251375                     |   18|   0|   24|          6|
    |sub_ln73_158_reg_12252427                    |   18|   0|   22|          4|
    |sub_ln73_163_reg_12252473                    |   18|   0|   24|          6|
    |sub_ln73_166_reg_12252483                    |   18|   0|   22|          4|
    |sub_ln73_171_reg_12252503                    |   18|   0|   25|          7|
    |sub_ln73_174_reg_12252558                    |   18|   0|   24|          6|
    |sub_ln73_17_reg_12251381                     |   18|   0|   25|          7|
    |sub_ln73_180_reg_12252613                    |   18|   0|   21|          3|
    |sub_ln73_182_reg_12252618                    |   18|   0|   23|          5|
    |sub_ln73_185_reg_12252668                    |   18|   0|   24|          6|
    |sub_ln73_192_reg_12252725                    |   18|   0|   21|          3|
    |sub_ln73_194_reg_12252730                    |   18|   0|   25|          7|
    |sub_ln73_198_reg_12252789                    |   18|   0|   21|          3|
    |sub_ln73_200_reg_12252799                    |   18|   0|   25|          7|
    |sub_ln73_204_reg_12252846                    |   18|   0|   24|          6|
    |sub_ln73_207_reg_12252851                    |   18|   0|   22|          4|
    |sub_ln73_213_reg_12252904                    |   18|   0|   25|          7|
    |sub_ln73_219_reg_12252914                    |   18|   0|   24|          6|
    |sub_ln73_224_reg_12252969                    |   18|   0|   22|          4|
    |sub_ln73_226_reg_12252974                    |   18|   0|   25|          7|
    |sub_ln73_233_reg_12253023                    |   18|   0|   25|          7|
    |sub_ln73_238_reg_12259620                    |   18|   0|   23|          5|
    |sub_ln73_249_reg_12259900                    |   18|   0|   23|          5|
    |sub_ln73_261_reg_12253298                    |   18|   0|   25|          7|
    |sub_ln73_263_reg_12253303                    |   18|   0|   22|          4|
    |sub_ln73_271_reg_12260555                    |   18|   0|   23|          5|
    |sub_ln73_273_reg_12253358                    |   18|   0|   24|          6|
    |sub_ln73_275_reg_12253413                    |   18|   0|   23|          5|
    |sub_ln73_277_reg_12253418                    |   18|   0|   24|          6|
    |sub_ln73_282_reg_12253477                    |   18|   0|   22|          4|
    |sub_ln73_284_reg_12253482                    |   18|   0|   21|          3|
    |sub_ln73_291_reg_12253526                    |   18|   0|   24|          6|
    |sub_ln73_294_reg_12253570                    |   18|   0|   23|          5|
    |sub_ln73_302_reg_12253638                    |   18|   0|   25|          7|
    |sub_ln73_306_reg_12253643                    |   18|   0|   22|          4|
    |sub_ln73_310_reg_12253706                    |   18|   0|   23|          5|
    |sub_ln73_312_reg_12253716                    |   18|   0|   20|          2|
    |sub_ln73_314_reg_12253721                    |   18|   0|   22|          4|
    |sub_ln73_316_reg_12253731                    |   18|   0|   25|          7|
    |sub_ln73_324_reg_12253838                    |   18|   0|   22|          4|
    |sub_ln73_328_reg_12253890                    |   18|   0|   24|          6|
    |sub_ln73_330_reg_12253896                    |   18|   0|   23|          5|
    |sub_ln73_332_reg_12253901                    |   18|   0|   25|          7|
    |sub_ln73_338_reg_12253940                    |   18|   0|   24|          6|
    |sub_ln73_343_reg_12253951                    |   18|   0|   25|          7|
    |sub_ln73_347_reg_12253999                    |   18|   0|   24|          6|
    |sub_ln73_34_reg_12251509                     |   18|   0|   25|          7|
    |sub_ln73_356_reg_12254068                    |   18|   0|   21|          3|
    |sub_ln73_365_reg_12254123                    |   18|   0|   23|          5|
    |sub_ln73_370_reg_12254174                    |   18|   0|   22|          4|
    |sub_ln73_373_reg_12254189                    |   18|   0|   23|          5|
    |sub_ln73_375_reg_12254234                    |   18|   0|   21|          3|
    |sub_ln73_381_reg_12254245                    |   18|   0|   25|          7|
    |sub_ln73_383_reg_12254292                    |   18|   0|   22|          4|
    |sub_ln73_385_reg_12254297                    |   18|   0|   25|          7|
    |sub_ln73_38_reg_12251559                     |   18|   0|   24|          6|
    |sub_ln73_390_reg_12254356                    |   18|   0|   24|          6|
    |sub_ln73_396_reg_12254407                    |   18|   0|   22|          4|
    |sub_ln73_400_reg_12254412                    |   18|   0|   25|          7|
    |sub_ln73_409_reg_12254505                    |   18|   0|   20|          2|
    |sub_ln73_414_reg_12254549                    |   18|   0|   24|          6|
    |sub_ln73_43_reg_12251569                     |   18|   0|   23|          5|
    |sub_ln73_56_reg_12251662                     |   18|   0|   23|          5|
    |sub_ln73_58_reg_12251705                     |   18|   0|   21|          3|
    |sub_ln73_62_reg_12251720                     |   18|   0|   25|          7|
    |sub_ln73_66_reg_12251760                     |   18|   0|   25|          7|
    |sub_ln73_70_reg_12251799                     |   18|   0|   24|          6|
    |sub_ln73_78_reg_12251858                     |   18|   0|   24|          6|
    |sub_ln73_80_reg_12256409                     |   18|   0|   23|          5|
    |sub_ln73_87_reg_12251951                     |   18|   0|   23|          5|
    |sub_ln73_94_reg_12251998                     |   18|   0|   21|          3|
    |sub_ln73_97_reg_12252003                     |   18|   0|   24|          6|
    |tmp_104_reg_12251992                         |   16|   0|   19|          3|
    |tmp_111_reg_12252048                         |   16|   0|   23|          7|
    |tmp_133_reg_12257359                         |   16|   0|   18|          2|
    |tmp_160_reg_12252422                         |   16|   0|   20|          4|
    |tmp_165_reg_12252468                         |   16|   0|   20|          4|
    |tmp_226_reg_12259555                         |   16|   0|   19|          3|
    |tmp_287_reg_12253631                         |   16|   0|   20|          4|
    |tmp_293_reg_12253691                         |   16|   0|   20|          4|
    |tmp_297_reg_12253711                         |   16|   0|   18|          2|
    |tmp_375_reg_12254402                         |   16|   0|   20|          4|
    |tmp_397_reg_12254544                         |   16|   0|   22|          6|
    |tmp_52_reg_12251564                          |   16|   0|   21|          5|
    |tmp_reg_12251326                             |   16|   0|   23|          7|
    |mult_460_reg_12252009                        |   64|  32|   13|          0|
    +---------------------------------------------+-----+----+-----+-----------+
    |Total                                        |61653|  32|62156|        554|
    +---------------------------------------------+-----+----+-----+-----------+



================================================================
== Interface
================================================================
* Summary: 
+--------------+-----+-----+------------+-----------------------------------------------------------------------------+--------------+
|   RTL Ports  | Dir | Bits|  Protocol  |                                Source Object                                |    C Type    |
+--------------+-----+-----+------------+-----------------------------------------------------------------------------+--------------+
|ap_clk        |   in|    1|  ap_ctrl_hs|  dense_latency<ap_fixed<16, 6, 5, 3, 0>, ap_fixed<39, 19, 5, 3, 0>, config4>|  return value|
|ap_rst        |   in|    1|  ap_ctrl_hs|  dense_latency<ap_fixed<16, 6, 5, 3, 0>, ap_fixed<39, 19, 5, 3, 0>, config4>|  return value|
|ap_return_0   |  out|   39|  ap_ctrl_hs|  dense_latency<ap_fixed<16, 6, 5, 3, 0>, ap_fixed<39, 19, 5, 3, 0>, config4>|  return value|
|ap_return_1   |  out|   39|  ap_ctrl_hs|  dense_latency<ap_fixed<16, 6, 5, 3, 0>, ap_fixed<39, 19, 5, 3, 0>, config4>|  return value|
|ap_return_2   |  out|   39|  ap_ctrl_hs|  dense_latency<ap_fixed<16, 6, 5, 3, 0>, ap_fixed<39, 19, 5, 3, 0>, config4>|  return value|
|ap_return_3   |  out|   39|  ap_ctrl_hs|  dense_latency<ap_fixed<16, 6, 5, 3, 0>, ap_fixed<39, 19, 5, 3, 0>, config4>|  return value|
|ap_return_4   |  out|   39|  ap_ctrl_hs|  dense_latency<ap_fixed<16, 6, 5, 3, 0>, ap_fixed<39, 19, 5, 3, 0>, config4>|  return value|
|ap_return_5   |  out|   39|  ap_ctrl_hs|  dense_latency<ap_fixed<16, 6, 5, 3, 0>, ap_fixed<39, 19, 5, 3, 0>, config4>|  return value|
|ap_return_6   |  out|   39|  ap_ctrl_hs|  dense_latency<ap_fixed<16, 6, 5, 3, 0>, ap_fixed<39, 19, 5, 3, 0>, config4>|  return value|
|ap_return_7   |  out|   39|  ap_ctrl_hs|  dense_latency<ap_fixed<16, 6, 5, 3, 0>, ap_fixed<39, 19, 5, 3, 0>, config4>|  return value|
|ap_return_8   |  out|   39|  ap_ctrl_hs|  dense_latency<ap_fixed<16, 6, 5, 3, 0>, ap_fixed<39, 19, 5, 3, 0>, config4>|  return value|
|ap_return_9   |  out|   39|  ap_ctrl_hs|  dense_latency<ap_fixed<16, 6, 5, 3, 0>, ap_fixed<39, 19, 5, 3, 0>, config4>|  return value|
|ap_return_10  |  out|   39|  ap_ctrl_hs|  dense_latency<ap_fixed<16, 6, 5, 3, 0>, ap_fixed<39, 19, 5, 3, 0>, config4>|  return value|
|ap_return_11  |  out|   39|  ap_ctrl_hs|  dense_latency<ap_fixed<16, 6, 5, 3, 0>, ap_fixed<39, 19, 5, 3, 0>, config4>|  return value|
|ap_return_12  |  out|   39|  ap_ctrl_hs|  dense_latency<ap_fixed<16, 6, 5, 3, 0>, ap_fixed<39, 19, 5, 3, 0>, config4>|  return value|
|ap_return_13  |  out|   39|  ap_ctrl_hs|  dense_latency<ap_fixed<16, 6, 5, 3, 0>, ap_fixed<39, 19, 5, 3, 0>, config4>|  return value|
|ap_return_14  |  out|   39|  ap_ctrl_hs|  dense_latency<ap_fixed<16, 6, 5, 3, 0>, ap_fixed<39, 19, 5, 3, 0>, config4>|  return value|
|ap_return_15  |  out|   39|  ap_ctrl_hs|  dense_latency<ap_fixed<16, 6, 5, 3, 0>, ap_fixed<39, 19, 5, 3, 0>, config4>|  return value|
|ap_return_16  |  out|   39|  ap_ctrl_hs|  dense_latency<ap_fixed<16, 6, 5, 3, 0>, ap_fixed<39, 19, 5, 3, 0>, config4>|  return value|
|ap_return_17  |  out|   39|  ap_ctrl_hs|  dense_latency<ap_fixed<16, 6, 5, 3, 0>, ap_fixed<39, 19, 5, 3, 0>, config4>|  return value|
|ap_return_18  |  out|   39|  ap_ctrl_hs|  dense_latency<ap_fixed<16, 6, 5, 3, 0>, ap_fixed<39, 19, 5, 3, 0>, config4>|  return value|
|ap_return_19  |  out|   39|  ap_ctrl_hs|  dense_latency<ap_fixed<16, 6, 5, 3, 0>, ap_fixed<39, 19, 5, 3, 0>, config4>|  return value|
|ap_return_20  |  out|   39|  ap_ctrl_hs|  dense_latency<ap_fixed<16, 6, 5, 3, 0>, ap_fixed<39, 19, 5, 3, 0>, config4>|  return value|
|ap_return_21  |  out|   39|  ap_ctrl_hs|  dense_latency<ap_fixed<16, 6, 5, 3, 0>, ap_fixed<39, 19, 5, 3, 0>, config4>|  return value|
|ap_return_22  |  out|   39|  ap_ctrl_hs|  dense_latency<ap_fixed<16, 6, 5, 3, 0>, ap_fixed<39, 19, 5, 3, 0>, config4>|  return value|
|ap_return_23  |  out|   39|  ap_ctrl_hs|  dense_latency<ap_fixed<16, 6, 5, 3, 0>, ap_fixed<39, 19, 5, 3, 0>, config4>|  return value|
|ap_return_24  |  out|   39|  ap_ctrl_hs|  dense_latency<ap_fixed<16, 6, 5, 3, 0>, ap_fixed<39, 19, 5, 3, 0>, config4>|  return value|
|ap_return_25  |  out|   39|  ap_ctrl_hs|  dense_latency<ap_fixed<16, 6, 5, 3, 0>, ap_fixed<39, 19, 5, 3, 0>, config4>|  return value|
|ap_return_26  |  out|   39|  ap_ctrl_hs|  dense_latency<ap_fixed<16, 6, 5, 3, 0>, ap_fixed<39, 19, 5, 3, 0>, config4>|  return value|
|ap_return_27  |  out|   39|  ap_ctrl_hs|  dense_latency<ap_fixed<16, 6, 5, 3, 0>, ap_fixed<39, 19, 5, 3, 0>, config4>|  return value|
|ap_return_28  |  out|   39|  ap_ctrl_hs|  dense_latency<ap_fixed<16, 6, 5, 3, 0>, ap_fixed<39, 19, 5, 3, 0>, config4>|  return value|
|ap_return_29  |  out|   39|  ap_ctrl_hs|  dense_latency<ap_fixed<16, 6, 5, 3, 0>, ap_fixed<39, 19, 5, 3, 0>, config4>|  return value|
|ap_return_30  |  out|   39|  ap_ctrl_hs|  dense_latency<ap_fixed<16, 6, 5, 3, 0>, ap_fixed<39, 19, 5, 3, 0>, config4>|  return value|
|ap_return_31  |  out|   39|  ap_ctrl_hs|  dense_latency<ap_fixed<16, 6, 5, 3, 0>, ap_fixed<39, 19, 5, 3, 0>, config4>|  return value|
|data_0_val    |   in|   16|     ap_none|                                                                   data_0_val|        scalar|
|data_1_val    |   in|   16|     ap_none|                                                                   data_1_val|        scalar|
|data_2_val    |   in|   16|     ap_none|                                                                   data_2_val|        scalar|
|data_3_val    |   in|   16|     ap_none|                                                                   data_3_val|        scalar|
|data_4_val    |   in|   16|     ap_none|                                                                   data_4_val|        scalar|
|data_5_val    |   in|   16|     ap_none|                                                                   data_5_val|        scalar|
|data_6_val    |   in|   16|     ap_none|                                                                   data_6_val|        scalar|
|data_7_val    |   in|   16|     ap_none|                                                                   data_7_val|        scalar|
|data_8_val    |   in|   16|     ap_none|                                                                   data_8_val|        scalar|
|data_9_val    |   in|   16|     ap_none|                                                                   data_9_val|        scalar|
|data_10_val   |   in|   16|     ap_none|                                                                  data_10_val|        scalar|
|data_11_val   |   in|   16|     ap_none|                                                                  data_11_val|        scalar|
|data_12_val   |   in|   16|     ap_none|                                                                  data_12_val|        scalar|
|data_13_val   |   in|   16|     ap_none|                                                                  data_13_val|        scalar|
|data_14_val   |   in|   16|     ap_none|                                                                  data_14_val|        scalar|
|data_15_val   |   in|   16|     ap_none|                                                                  data_15_val|        scalar|
|data_16_val   |   in|   16|     ap_none|                                                                  data_16_val|        scalar|
|data_17_val   |   in|   16|     ap_none|                                                                  data_17_val|        scalar|
|data_18_val   |   in|   16|     ap_none|                                                                  data_18_val|        scalar|
|data_19_val   |   in|   16|     ap_none|                                                                  data_19_val|        scalar|
|data_20_val   |   in|   16|     ap_none|                                                                  data_20_val|        scalar|
|data_21_val   |   in|   16|     ap_none|                                                                  data_21_val|        scalar|
|data_22_val   |   in|   16|     ap_none|                                                                  data_22_val|        scalar|
|data_23_val   |   in|   16|     ap_none|                                                                  data_23_val|        scalar|
|data_24_val   |   in|   16|     ap_none|                                                                  data_24_val|        scalar|
|data_25_val   |   in|   16|     ap_none|                                                                  data_25_val|        scalar|
|data_26_val   |   in|   16|     ap_none|                                                                  data_26_val|        scalar|
|data_27_val   |   in|   16|     ap_none|                                                                  data_27_val|        scalar|
|data_28_val   |   in|   16|     ap_none|                                                                  data_28_val|        scalar|
|data_29_val   |   in|   16|     ap_none|                                                                  data_29_val|        scalar|
|data_30_val   |   in|   16|     ap_none|                                                                  data_30_val|        scalar|
|data_31_val   |   in|   16|     ap_none|                                                                  data_31_val|        scalar|
|data_32_val   |   in|   16|     ap_none|                                                                  data_32_val|        scalar|
|data_33_val   |   in|   16|     ap_none|                                                                  data_33_val|        scalar|
|data_34_val   |   in|   16|     ap_none|                                                                  data_34_val|        scalar|
|data_35_val   |   in|   16|     ap_none|                                                                  data_35_val|        scalar|
|data_36_val   |   in|   16|     ap_none|                                                                  data_36_val|        scalar|
|data_37_val   |   in|   16|     ap_none|                                                                  data_37_val|        scalar|
|data_38_val   |   in|   16|     ap_none|                                                                  data_38_val|        scalar|
|data_39_val   |   in|   16|     ap_none|                                                                  data_39_val|        scalar|
|data_40_val   |   in|   16|     ap_none|                                                                  data_40_val|        scalar|
|data_41_val   |   in|   16|     ap_none|                                                                  data_41_val|        scalar|
|data_42_val   |   in|   16|     ap_none|                                                                  data_42_val|        scalar|
|data_43_val   |   in|   16|     ap_none|                                                                  data_43_val|        scalar|
|data_44_val   |   in|   16|     ap_none|                                                                  data_44_val|        scalar|
|data_45_val   |   in|   16|     ap_none|                                                                  data_45_val|        scalar|
|data_46_val   |   in|   16|     ap_none|                                                                  data_46_val|        scalar|
|data_47_val   |   in|   16|     ap_none|                                                                  data_47_val|        scalar|
|data_48_val   |   in|   16|     ap_none|                                                                  data_48_val|        scalar|
|data_49_val   |   in|   16|     ap_none|                                                                  data_49_val|        scalar|
|data_50_val   |   in|   16|     ap_none|                                                                  data_50_val|        scalar|
|data_51_val   |   in|   16|     ap_none|                                                                  data_51_val|        scalar|
|data_52_val   |   in|   16|     ap_none|                                                                  data_52_val|        scalar|
|data_53_val   |   in|   16|     ap_none|                                                                  data_53_val|        scalar|
|data_54_val   |   in|   16|     ap_none|                                                                  data_54_val|        scalar|
|data_55_val   |   in|   16|     ap_none|                                                                  data_55_val|        scalar|
|data_56_val   |   in|   16|     ap_none|                                                                  data_56_val|        scalar|
|data_57_val   |   in|   16|     ap_none|                                                                  data_57_val|        scalar|
|data_58_val   |   in|   16|     ap_none|                                                                  data_58_val|        scalar|
|data_59_val   |   in|   16|     ap_none|                                                                  data_59_val|        scalar|
|data_60_val   |   in|   16|     ap_none|                                                                  data_60_val|        scalar|
|data_61_val   |   in|   16|     ap_none|                                                                  data_61_val|        scalar|
|data_62_val   |   in|   16|     ap_none|                                                                  data_62_val|        scalar|
|data_63_val   |   in|   16|     ap_none|                                                                  data_63_val|        scalar|
+--------------+-----+-----+------------+-----------------------------------------------------------------------------+--------------+

