INFO-FLOW: Workspace /nethome/dkulkarni47/LightningSimHLS4MLintegration/examples/fifo_stream_models_vitis2023/KERAS_1layer/myproject_prj/solution1 opened at Mon Sep 21 23:20:11 EDT 2026
Execute       send_msg_by_id INFO @200-1505@%s%s default  vivado 
INFO: [HLS 200-1505] Using default flow_target 'vivado'
Execute       write_ini /nethome/dkulkarni47/LightningSimHLS4MLintegration/examples/fifo_stream_models_vitis2023/KERAS_1layer/myproject_prj/solution1/hls_config.cfg -work_dir . -apsfile /nethome/dkulkarni47/LightningSimHLS4MLintegration/examples/fifo_stream_models_vitis2023/KERAS_1layer/myproject_prj/solution1/solution1.aps -filepaths relative -quiet 
Execute       source /tools/software/xilinx/ARCHIVE/Vitis_HLS/2023.1/tps/tcl/tcllib1.11.1/yaml/huddle.tcl 
Execute       source /tools/software/xilinx/ARCHIVE/Vitis_HLS/2023.1/tps/tcl/tcllib1.11.1/yaml/json2huddle.tcl 
Execute         source /tools/software/xilinx/ARCHIVE/Vitis_HLS/2023.1/tps/tcl/tcllib1.11.1/try/try.tcl 
Command     open_solution done; 0.37 sec.
Execute     config_array_partition -maximum_size 4096 
INFO: [HLS 200-1510] Running: config_array_partition -maximum_size 4096 
INFO: [XFORM 203-101] Allowed max sub elements number after partition is 4096.
ERROR: [HLS 200-642] The 'config_array_partition -maximum_size' command is not supported.
Command     config_array_partition done; error code: 1; 
Execute     config_compile -name_max_length 80 
INFO: [HLS 200-1510] Running: config_compile -name_max_length 80 
INFO: [XFORM 203-1161] The maximum of name length is set to 80.
Execute     set_part xc7z020clg400-1 
INFO: [HLS 200-1510] Running: set_part xc7z020clg400-1 
Execute       create_platform xc7z020clg400-1 -board  
DBG:HLSDevice: Trying to load device library: /tools/software/xilinx/ARCHIVE/Vitis_HLS/2023.1/lib/lnx64.o/libxv_hlsvwrap.so
DBG:HLSDevice: first parts/arch.xml in RDI_DATADIR: /tools/software/xilinx/ARCHIVE/Vivado/2023.1/data/parts/arch.xml
DBG:HLSDevice: init success
INFO: [HLS 200-1611] Setting target device to 'xc7z020-clg400-1'
Command       create_platform done; 37.31 sec.
Execute       source /tools/software/xilinx/ARCHIVE/Vitis_HLS/2023.1/common/technology/xilinx/common/xilinx.gen 
Execute         source /tools/software/xilinx/ARCHIVE/Vitis_HLS/2023.1/common/technology/xilinx/interface/plb46.gen 
Execute         source /tools/software/xilinx/ARCHIVE/Vitis_HLS/2023.1/common/technology/xilinx/interface/axi4.gen 
Execute         source /tools/software/xilinx/ARCHIVE/Vitis_HLS/2023.1/common/technology/xilinx/interface/nativeAXI4.gen 
Execute           source /tools/software/xilinx/ARCHIVE/Vitis_HLS/2023.1/common/technology/xilinx/interface/saxilite.gen 
Execute         source /tools/software/xilinx/ARCHIVE/Vitis_HLS/2023.1/common/technology/xilinx/scripts/xilinxcoregen.gen 
Execute         source /tools/software/xilinx/ARCHIVE/Vitis_HLS/2023.1/common/technology/xilinx/interface/XilEDKCoreGen.gen 
Execute         source /tools/software/xilinx/ARCHIVE/Vitis_HLS/2023.1/common/technology/xilinx/ip/dds_compiler.gen 
Execute         source /tools/software/xilinx/ARCHIVE/Vitis_HLS/2023.1/common/technology/xilinx/ip/util.gen 
Execute         source /tools/software/xilinx/ARCHIVE/Vitis_HLS/2023.1/common/technology/xilinx/ip/xfft.gen 
Command         ap_source done; 0.35 sec.
Execute         source /tools/software/xilinx/ARCHIVE/Vitis_HLS/2023.1/common/technology/xilinx/ip/xfir.gen 
Execute         source /tools/software/xilinx/ARCHIVE/Vitis_HLS/2023.1/common/technology/xilinx/DSP48/dsp48.gen 
Command       ap_source done; 0.83 sec.
Execute       ap_part_info -name xc7z020-clg400-1 -data info 
Execute       config_compile -quiet -complex-mul-dsp=0 
INFO: [XFORM 203-1161] The maximum of name length is set to 80.
Command     set_part done; 38.24 sec.
Execute     config_schedule -enable_dsp_full_reg=false 
INFO: [HLS 200-1510] Running: config_schedule -enable_dsp_full_reg=false 
Execute     create_clock -period 5 -name default 
INFO: [HLS 200-1510] Running: create_clock -period 5 -name default 
Execute       ap_set_clock -name default -period 5 -default=false 
INFO: [SYN 201-201] Setting up clock 'default' with a period of 5ns.
Execute     set_clock_uncertainty 27% default 
INFO: [HLS 200-1510] Running: set_clock_uncertainty 27% default 
Execute       ap_set_clock -name default -uncertainty 1.35 -unit % 
INFO: [SYN 201-201] Setting up clock 'default' with an uncertainty of 1.35ns.
Execute     csynth_design 
INFO: [HLS 200-1510] Running: csynth_design 
Execute       write_ini /nethome/dkulkarni47/LightningSimHLS4MLintegration/examples/fifo_stream_models_vitis2023/KERAS_1layer/myproject_prj/solution1/hls_config.cfg -work_dir . -apsfile /nethome/dkulkarni47/LightningSimHLS4MLintegration/examples/fifo_stream_models_vitis2023/KERAS_1layer/myproject_prj/solution1/solution1.aps -filepaths relative -quiet 
INFO-FLOW: Running SLX 'csynth' proc: ::SLX::run_csynth
Execute       elaborate -effort=medium -skip_syncheck=0 -keep_printf=0 -skip_cdt=0 -skip_transform=0 -ng=0 -g=0 -opt_fp=0 -from_csynth_design=1 
INFO: [HLS 200-111] Finished File checks and directory preparation: CPU user time: 0.21 seconds. CPU system time: 0.05 seconds. Elapsed time: 0.32 seconds; current allocated memory: 0.000 MB.
Execute         set_directive_top myproject -name=myproject 
INFO: [HLS 200-10] Analyzing design file 'firmware/myproject.cpp' ... 
INFO-FLOW: Compiling one TU...
INFO-FLOW: Handling firmware/myproject.cpp as C++
Execute         ap_part_info -name xc7z020-clg400-1 -data info 
INFO-FLOW: Running: GCC PP 39
INFO-FLOW: Source preprocessing
INFO-FLOW: run_clang exec: /tools/software/xilinx/ARCHIVE/Vitis_HLS/2023.1/lnx64/tools/clang-3.9-csynth/bin/clang firmware/myproject.cpp -foptimization-record-file=/nethome/dkulkarni47/LightningSimHLS4MLintegration/examples/fifo_stream_models_vitis2023/KERAS_1layer/myproject_prj/solution1/.autopilot/db/myproject.cpp.clang.diag.yml -mllvm -pass-remarks-missed=reflow|pasta|unroll -mllvm -pass-remarks=reflow|pasta|unroll|inline -fno-limit-debug-info -gcc-toolchain /tools/software/xilinx/ARCHIVE/Vitis_HLS/2023.1/tps/lnx64/gcc-8.3.0 -fhls -fno-exceptions -insert-hls-directive=/nethome/dkulkarni47/LightningSimHLS4MLintegration/examples/fifo_stream_models_vitis2023/KERAS_1layer/myproject_prj/solution1/.autopilot/db/all.directive.json -E -std=c++0x -fno-math-errno -c -emit-llvm -mllvm -disable-llvm-optzns -Werror=implicit-function-declaration -Werror=implicit-hls-streams -Werror=return-type -Wpragmas -Wunused-parameter -Wdump-hls-pragmas -Wno-error=dump-hls-pragmas -fno-threadsafe-statics -fno-use-cxa-atexit -target fpga64-xilinx-linux-gnu -fno-threadsafe-statics -fno-use-cxa-atexit -D__VITIS_HLS__ -DAESL_SYN -D__SYNTHESIS__ -D__HLS_SYN__ -I /tools/software/xilinx/ARCHIVE/Vitis_HLS/2023.1/common/technology/autopilot -I /tools/software/xilinx/ARCHIVE/Vitis_HLS/2023.1/common/technology/autopilot/ap_sysc -include etc/autopilot_ssdm_op.h -D__DSP48E1__ -I /usr/include/x86_64-linux-gnu -o /nethome/dkulkarni47/LightningSimHLS4MLintegration/examples/fifo_stream_models_vitis2023/KERAS_1layer/myproject_prj/solution1/.autopilot/db/myproject.pp.0.cpp -hls-platform-db-name=/tools/software/xilinx/ARCHIVE/Vitis_HLS/2023.1/common/technology/xilinx/common/platform.db -hls-platform-name=zynq_slow -device-resource-info=BRAM_280.000000_DSP_220.000000_FF_106400.000000_LUT_53200.000000_SLICE_13300.000000_URAM_0.000000 -device-name-info=xc7z020clg400-1 > /nethome/dkulkarni47/LightningSimHLS4MLintegration/examples/fifo_stream_models_vitis2023/KERAS_1layer/myproject_prj/solution1/.autopilot/db/myproject.cpp.clang.out.log 2> /nethome/dkulkarni47/LightningSimHLS4MLintegration/examples/fifo_stream_models_vitis2023/KERAS_1layer/myproject_prj/solution1/.autopilot/db/myproject.cpp.clang.err.log
INFO-FLOW: Done: GCC PP 39 time: 6.1 seconds per iteration
INFO-FLOW: Source syntax check for synthesis
INFO-FLOW: run_clang exec: /tools/software/xilinx/ARCHIVE/Vitis_HLS/2023.1/lnx64/tools/clang-3.9-csynth/bin/clang -foptimization-record-file=/nethome/dkulkarni47/LightningSimHLS4MLintegration/examples/fifo_stream_models_vitis2023/KERAS_1layer/myproject_prj/solution1/.autopilot/db/clang.diag.yml -mllvm -pass-remarks-missed=reflow|pasta|unroll -mllvm -pass-remarks=reflow|pasta|unroll|inline -fsyntax-only -fhls -target fpga64-xilinx-linux-gnu /nethome/dkulkarni47/LightningSimHLS4MLintegration/examples/fifo_stream_models_vitis2023/KERAS_1layer/myproject_prj/solution1/.autopilot/db/myproject.pp.0.cpp -hls-platform-db-name=/tools/software/xilinx/ARCHIVE/Vitis_HLS/2023.1/common/technology/xilinx/common/platform.db -hls-platform-name=zynq_slow -device-resource-info=BRAM_280.000000_DSP_220.000000_FF_106400.000000_LUT_53200.000000_SLICE_13300.000000_URAM_0.000000 -device-name-info=xc7z020clg400-1 > /nethome/dkulkarni47/LightningSimHLS4MLintegration/examples/fifo_stream_models_vitis2023/KERAS_1layer/myproject_prj/solution1/.autopilot/db/clang.out.log 2> /nethome/dkulkarni47/LightningSimHLS4MLintegration/examples/fifo_stream_models_vitis2023/KERAS_1layer/myproject_prj/solution1/.autopilot/db/clang.err.log
WARNING: [HLS 207-5559] unexpected pragma argument 'softmax', expects function/operation (firmware/nnet_utils/nnet_activation.h:402:36)
WARNING: [HLS 207-5531] 'Resource pragma' is deprecated, use 'bind_op/bind_storage pragma' instead (firmware/nnet_utils/nnet_dense_resource.h:33:9)
WARNING: [HLS 207-5531] 'Resource pragma' is deprecated, use 'bind_op/bind_storage pragma' instead (firmware/nnet_utils/nnet_dense_resource.h:107:9)
WARNING: [HLS 207-5531] 'Resource pragma' is deprecated, use 'bind_op/bind_storage pragma' instead (firmware/nnet_utils/nnet_dense_resource.h:189:9)
Execute         clang_tidy xilinx-systemc-detector -desc systemc-detector /nethome/dkulkarni47/LightningSimHLS4MLintegration/examples/fifo_stream_models_vitis2023/KERAS_1layer/myproject_prj/solution1/.autopilot/db/myproject.pp.0.cpp std=c++0x -target fpga  -directive=/nethome/dkulkarni47/LightningSimHLS4MLintegration/examples/fifo_stream_models_vitis2023/KERAS_1layer/myproject_prj/solution1/.autopilot/db/.systemc_flag 
INFO-FLOW: exec /tools/software/xilinx/ARCHIVE/Vitis_HLS/2023.1/lnx64/tools/clang-3.9-csynth/bin/clang-tidy -header-filter=.* --checks=-*,xilinx-systemc-detector -import-directive=/nethome/dkulkarni47/LightningSimHLS4MLintegration/examples/fifo_stream_models_vitis2023/KERAS_1layer/myproject_prj/solution1/.autopilot/db/.systemc_flag -fix-errors /nethome/dkulkarni47/LightningSimHLS4MLintegration/examples/fifo_stream_models_vitis2023/KERAS_1layer/myproject_prj/solution1/.autopilot/db/myproject.pp.0.cpp -- -std=c++0x -target fpga -fhls -ferror-limit=0
Command         clang_tidy done; 3.89 sec.
INFO-FLOW: Running: clang-tidy CDT preprocess 39
Execute         clang_tidy xilinx-directive2pragma -desc directive2pragma /nethome/dkulkarni47/LightningSimHLS4MLintegration/examples/fifo_stream_models_vitis2023/KERAS_1layer/myproject_prj/solution1/.autopilot/db/myproject.pp.0.cpp std=c++0x -target fpga  -directive=/nethome/dkulkarni47/LightningSimHLS4MLintegration/examples/fifo_stream_models_vitis2023/KERAS_1layer/myproject_prj/solution1/.autopilot/db/all.directive.json 
INFO-FLOW: exec /tools/software/xilinx/ARCHIVE/Vitis_HLS/2023.1/lnx64/tools/clang-3.9-csynth/bin/clang-tidy -header-filter=.* --checks=-*,xilinx-directive2pragma -import-directive=/nethome/dkulkarni47/LightningSimHLS4MLintegration/examples/fifo_stream_models_vitis2023/KERAS_1layer/myproject_prj/solution1/.autopilot/db/all.directive.json -fix-errors /nethome/dkulkarni47/LightningSimHLS4MLintegration/examples/fifo_stream_models_vitis2023/KERAS_1layer/myproject_prj/solution1/.autopilot/db/myproject.pp.0.cpp -- -std=c++0x -target fpga -fhls -ferror-limit=0
Command         clang_tidy done; 3.95 sec.
INFO-FLOW: Done: clang-tidy CDT preprocess 39 time: 3.9 seconds per iteration
INFO-FLOW: Calling xilinx-label-all-loops ... 
INFO-FLOW: Calling xilinx-aggregate-on-hls-vector ... 
Execute         clang_tidy -errorcheck -desc loop-label xilinx-label-all-loops,xilinx-aggregate-on-hls-vector,,xilinx-warn-mayneed-no-ctor-attribute /nethome/dkulkarni47/LightningSimHLS4MLintegration/examples/fifo_stream_models_vitis2023/KERAS_1layer/myproject_prj/solution1/.autopilot/db/myproject.pp.0.cpp std=c++0x -target fpga  
INFO-FLOW: run_clang exec: /tools/software/xilinx/ARCHIVE/Vitis_HLS/2023.1/lnx64/tools/clang-3.9-csynth/bin/clang-tidy -export-fixes=/nethome/dkulkarni47/LightningSimHLS4MLintegration/examples/fifo_stream_models_vitis2023/KERAS_1layer/myproject_prj/solution1/.autopilot/db/myproject.pp.0.cpp.clang-tidy.loop-label.diag.yml -header-filter=.* --checks=-*,xilinx-label-all-loops,xilinx-aggregate-on-hls-vector,,xilinx-warn-mayneed-no-ctor-attribute -fix-errors /nethome/dkulkarni47/LightningSimHLS4MLintegration/examples/fifo_stream_models_vitis2023/KERAS_1layer/myproject_prj/solution1/.autopilot/db/myproject.pp.0.cpp -- -std=c++0x -target fpga -fhls -ferror-limit=0 > /nethome/dkulkarni47/LightningSimHLS4MLintegration/examples/fifo_stream_models_vitis2023/KERAS_1layer/myproject_prj/solution1/.autopilot/db/myproject.pp.0.cpp.clang-tidy.loop-label.out.log 2> /nethome/dkulkarni47/LightningSimHLS4MLintegration/examples/fifo_stream_models_vitis2023/KERAS_1layer/myproject_prj/solution1/.autopilot/db/myproject.pp.0.cpp.clang-tidy.loop-label.err.log
Execute           source /tools/software/xilinx/ARCHIVE/Vitis_HLS/2023.1/tps/tcl/tcllib1.11.1/yaml/yaml.tcl 
Command         clang_tidy done; 7.2 sec.
INFO-FLOW: run_clang exec: /tools/software/xilinx/ARCHIVE/Vitis_HLS/2023.1/lnx64/tools/clang-3.9-csynth/bin/xilinx-dataflow-lawyer -export-fixes=/nethome/dkulkarni47/LightningSimHLS4MLintegration/examples/fifo_stream_models_vitis2023/KERAS_1layer/myproject_prj/solution1/.autopilot/db/myproject.pp.0.cpp.xilinx-dataflow-lawyer.diag.yml /nethome/dkulkarni47/LightningSimHLS4MLintegration/examples/fifo_stream_models_vitis2023/KERAS_1layer/myproject_prj/solution1/.autopilot/db/myproject.pp.0.cpp -- -std=c++0x -target fpga -fhls -ferror-limit=0 -fstrict-dataflow > /nethome/dkulkarni47/LightningSimHLS4MLintegration/examples/fifo_stream_models_vitis2023/KERAS_1layer/myproject_prj/solution1/.autopilot/db/myproject.pp.0.cpp.xilinx-dataflow-lawyer.out.log 2> /nethome/dkulkarni47/LightningSimHLS4MLintegration/examples/fifo_stream_models_vitis2023/KERAS_1layer/myproject_prj/solution1/.autopilot/db/myproject.pp.0.cpp.xilinx-dataflow-lawyer.err.log
WARNING: [HLS 214-113] Either use an argument of the function or declare the variable inside the dataflow loop body (firmware/myproject.cpp:41:63)
WARNING: [HLS 214-113] Either use an argument of the function or declare the variable inside the dataflow loop body (firmware/myproject.cpp:41:67)
WARNING: [HLS 214-113] Either use an argument of the function or declare the variable inside the dataflow loop body (firmware/myproject.cpp:45:70)
WARNING: [HLS 214-113] Either use an argument of the function or declare the variable inside the dataflow loop body (firmware/myproject.cpp:45:74)
Execute         send_msg_by_id WARNING @200-471@%s%s 4 firmware/myproject.cpp 
WARNING: [HLS 200-471] Dataflow form checks found 4 issue(s) in file firmware/myproject.cpp
Execute         ap_part_info -name xc7z020-clg400-1 -data info 
INFO-FLOW: compiling source code to llvm bc
INFO-FLOW: run_clang exec: /tools/software/xilinx/ARCHIVE/Vitis_HLS/2023.1/lnx64/tools/clang-3.9-csynth/bin/clang -foptimization-record-file=/nethome/dkulkarni47/LightningSimHLS4MLintegration/examples/fifo_stream_models_vitis2023/KERAS_1layer/myproject_prj/solution1/.autopilot/db/myproject.pp.0.cpp.clang.diag.yml -mllvm -pass-remarks-missed=reflow|pasta|unroll -mllvm -pass-remarks=reflow|pasta|unroll|inline -fno-limit-debug-info -fhls -flto -fno-exceptions -Wno-error=c++11-narrowing /nethome/dkulkarni47/LightningSimHLS4MLintegration/examples/fifo_stream_models_vitis2023/KERAS_1layer/myproject_prj/solution1/.autopilot/db/myproject.pp.0.cpp -std=c++0x -fno-math-errno -c -emit-llvm -mllvm -disable-llvm-optzns -Werror=implicit-function-declaration -Werror=implicit-hls-streams -Werror=return-type -Wpragmas -Wunused-parameter -Wdump-hls-pragmas -Wno-error=dump-hls-pragmas -fno-threadsafe-statics -fno-use-cxa-atexit -target fpga64-xilinx-linux-gnu -D__VITIS_HLS__ -DAESL_SYN -D__SYNTHESIS__ -D__HLS_SYN__ -I /tools/software/xilinx/ARCHIVE/Vitis_HLS/2023.1/common/technology/autopilot -I /tools/software/xilinx/ARCHIVE/Vitis_HLS/2023.1/common/technology/autopilot/ap_sysc -include etc/autopilot_ssdm_op.h -D__DSP48E1__ -g -o /nethome/dkulkarni47/LightningSimHLS4MLintegration/examples/fifo_stream_models_vitis2023/KERAS_1layer/myproject_prj/solution1/.autopilot/db/myproject.bc -hls-platform-db-name=/tools/software/xilinx/ARCHIVE/Vitis_HLS/2023.1/common/technology/xilinx/common/platform.db -hls-platform-name=zynq_slow -device-resource-info=BRAM_280.000000_DSP_220.000000_FF_106400.000000_LUT_53200.000000_SLICE_13300.000000_URAM_0.000000 -device-name-info=xc7z020clg400-1 > /nethome/dkulkarni47/LightningSimHLS4MLintegration/examples/fifo_stream_models_vitis2023/KERAS_1layer/myproject_prj/solution1/.autopilot/db/myproject.pp.0.cpp.clang.out.log 2> /nethome/dkulkarni47/LightningSimHLS4MLintegration/examples/fifo_stream_models_vitis2023/KERAS_1layer/myproject_prj/solution1/.autopilot/db/myproject.pp.0.cpp.clang.err.log
WARNING: [HLS 207-5292] unused parameter 'keep' (firmware/nnet_utils/nnet_helpers.h:285:99)
WARNING: [HLS 207-5292] unused parameter 'data' (firmware/nnet_utils/nnet_function_stubs.h:14:36)
WARNING: [HLS 207-5292] unused parameter 'buffer' (firmware/nnet_utils/nnet_function_stubs.h:15:36)
WARNING: [HLS 207-5292] unused parameter 'partition' (firmware/nnet_utils/nnet_function_stubs.h:16:44)
WARNING: [HLS 207-5292] unused parameter 'data' (firmware/nnet_utils/nnet_function_stubs.h:24:24)
WARNING: [HLS 207-5292] unused parameter 'buffer' (firmware/nnet_utils/nnet_function_stubs.h:25:24)
WARNING: [HLS 207-5292] unused parameter 'partition' (firmware/nnet_utils/nnet_function_stubs.h:26:32)
WARNING: [HLS 207-5292] unused parameter 'data' (firmware/nnet_utils/nnet_function_stubs.h:33:30)
WARNING: [HLS 207-5292] unused parameter 'res' (firmware/nnet_utils/nnet_function_stubs.h:33:58)
WARNING: [HLS 207-5292] unused parameter 'weights' (firmware/nnet_utils/nnet_function_stubs.h:34:51)
WARNING: [HLS 207-5292] unused parameter 'biases' (firmware/nnet_utils/nnet_function_stubs.h:35:49)
WARNING: [HLS 207-5292] unused parameter 'data' (firmware/nnet_utils/nnet_function_stubs.h:42:30)
WARNING: [HLS 207-5292] unused parameter 'res' (firmware/nnet_utils/nnet_function_stubs.h:42:58)
WARNING: [HLS 207-5292] unused parameter 'weights' (firmware/nnet_utils/nnet_function_stubs.h:43:51)
WARNING: [HLS 207-5292] unused parameter 'biases' (firmware/nnet_utils/nnet_function_stubs.h:44:49)
WARNING: [HLS 207-5292] unused parameter 'data' (firmware/nnet_utils/nnet_function_stubs.h:51:29)
WARNING: [HLS 207-5292] unused parameter 'res' (firmware/nnet_utils/nnet_function_stubs.h:51:80)
WARNING: [HLS 207-5292] unused parameter 'weights' (firmware/nnet_utils/nnet_function_stubs.h:52:50)
WARNING: [HLS 207-5292] unused parameter 'biases' (firmware/nnet_utils/nnet_function_stubs.h:53:48)
WARNING: [HLS 207-5292] unused parameter 'data' (firmware/nnet_utils/nnet_code_gen.h:16:39)
WARNING: [HLS 207-5292] unused parameter 'res' (firmware/nnet_utils/nnet_code_gen.h:17:38)
WARNING: [HLS 207-5292] unused parameter 'weights' (firmware/nnet_utils/nnet_code_gen.h:18:60)
WARNING: [HLS 207-5292] unused parameter 'biases' (firmware/nnet_utils/nnet_code_gen.h:19:58)
INFO: [HLS 200-111] Finished Source Code Analysis and Preprocessing: CPU user time: 19.25 seconds. CPU system time: 3.4 seconds. Elapsed time: 33.7 seconds; current allocated memory: 0.000 MB.
INFO-FLOW: Linking Debug ...
INFO-FLOW: Linking dut bc code.
Execute         run_link_or_opt -out /nethome/dkulkarni47/LightningSimHLS4MLintegration/examples/fifo_stream_models_vitis2023/KERAS_1layer/myproject_prj/solution1/.autopilot/db/a.g.ld.0.bc -args  "/nethome/dkulkarni47/LightningSimHLS4MLintegration/examples/fifo_stream_models_vitis2023/KERAS_1layer/myproject_prj/solution1/.autopilot/db/myproject.g.bc"  
INFO-FLOW: run_clang exec: /tools/software/xilinx/ARCHIVE/Vitis_HLS/2023.1/lnx64/tools/clang-3.9-csynth/bin/llvm-link /nethome/dkulkarni47/LightningSimHLS4MLintegration/examples/fifo_stream_models_vitis2023/KERAS_1layer/myproject_prj/solution1/.autopilot/db/myproject.g.bc -o /nethome/dkulkarni47/LightningSimHLS4MLintegration/examples/fifo_stream_models_vitis2023/KERAS_1layer/myproject_prj/solution1/.autopilot/db/a.g.ld.0.bc > /nethome/dkulkarni47/LightningSimHLS4MLintegration/examples/fifo_stream_models_vitis2023/KERAS_1layer/myproject_prj/solution1/.autopilot/db/a.g.ld.0.bc.llvm-link.out.log 2> /nethome/dkulkarni47/LightningSimHLS4MLintegration/examples/fifo_stream_models_vitis2023/KERAS_1layer/myproject_prj/solution1/.autopilot/db/a.g.ld.0.bc.llvm-link.err.log
INFO-FLOW: 
Command         run_link_or_opt done; 0.37 sec.
Execute         run_link_or_opt -opt -out /nethome/dkulkarni47/LightningSimHLS4MLintegration/examples/fifo_stream_models_vitis2023/KERAS_1layer/myproject_prj/solution1/.autopilot/db/a.g.ld.1.lower.bc -args /nethome/dkulkarni47/LightningSimHLS4MLintegration/examples/fifo_stream_models_vitis2023/KERAS_1layer/myproject_prj/solution1/.autopilot/db/a.g.ld.0.bc -reflow-lower-math-intrinsics 
INFO-FLOW: run_clang exec: /tools/software/xilinx/ARCHIVE/Vitis_HLS/2023.1/lnx64/tools/clang-3.9-csynth/bin/opt -pass-remarks-missed=reflow|pasta|unroll -pass-remarks=reflow|pasta|unroll|inline -pass-remarks-output=/nethome/dkulkarni47/LightningSimHLS4MLintegration/examples/fifo_stream_models_vitis2023/KERAS_1layer/myproject_prj/solution1/.autopilot/db/a.g.ld.1.lower.bc.opt.diag.yml /nethome/dkulkarni47/LightningSimHLS4MLintegration/examples/fifo_stream_models_vitis2023/KERAS_1layer/myproject_prj/solution1/.autopilot/db/a.g.ld.0.bc -reflow-lower-math-intrinsics -o /nethome/dkulkarni47/LightningSimHLS4MLintegration/examples/fifo_stream_models_vitis2023/KERAS_1layer/myproject_prj/solution1/.autopilot/db/a.g.ld.1.lower.bc > /nethome/dkulkarni47/LightningSimHLS4MLintegration/examples/fifo_stream_models_vitis2023/KERAS_1layer/myproject_prj/solution1/.autopilot/db/a.g.ld.1.lower.bc.opt.out.log 2> /nethome/dkulkarni47/LightningSimHLS4MLintegration/examples/fifo_stream_models_vitis2023/KERAS_1layer/myproject_prj/solution1/.autopilot/db/a.g.ld.1.lower.bc.opt.err.log
INFO-FLOW: 
INFO-FLOW: Running: gen_design_size_report post-opt
INFO-FLOW: Done: gen_design_size_report post-opt time: 0 seconds per iteration
Command         run_link_or_opt done; 2.21 sec.
INFO-FLOW: Linking math bc lib
Execute         run_link_or_opt -out /nethome/dkulkarni47/LightningSimHLS4MLintegration/examples/fifo_stream_models_vitis2023/KERAS_1layer/myproject_prj/solution1/.autopilot/db/a.g.ld.2.m1.bc -args /nethome/dkulkarni47/LightningSimHLS4MLintegration/examples/fifo_stream_models_vitis2023/KERAS_1layer/myproject_prj/solution1/.autopilot/db/a.g.ld.1.lower.bc -only-needed /tools/software/xilinx/ARCHIVE/Vitis_HLS/2023.1/lnx64/lib/libhlsm_39.bc /tools/software/xilinx/ARCHIVE/Vitis_HLS/2023.1/lnx64/lib/libhlsmc++_39.bc 
INFO-FLOW: run_clang exec: /tools/software/xilinx/ARCHIVE/Vitis_HLS/2023.1/lnx64/tools/clang-3.9-csynth/bin/llvm-link /nethome/dkulkarni47/LightningSimHLS4MLintegration/examples/fifo_stream_models_vitis2023/KERAS_1layer/myproject_prj/solution1/.autopilot/db/a.g.ld.1.lower.bc -only-needed /tools/software/xilinx/ARCHIVE/Vitis_HLS/2023.1/lnx64/lib/libhlsm_39.bc /tools/software/xilinx/ARCHIVE/Vitis_HLS/2023.1/lnx64/lib/libhlsmc++_39.bc -o /nethome/dkulkarni47/LightningSimHLS4MLintegration/examples/fifo_stream_models_vitis2023/KERAS_1layer/myproject_prj/solution1/.autopilot/db/a.g.ld.2.m1.bc > /nethome/dkulkarni47/LightningSimHLS4MLintegration/examples/fifo_stream_models_vitis2023/KERAS_1layer/myproject_prj/solution1/.autopilot/db/a.g.ld.2.m1.bc.llvm-link.out.log 2> /nethome/dkulkarni47/LightningSimHLS4MLintegration/examples/fifo_stream_models_vitis2023/KERAS_1layer/myproject_prj/solution1/.autopilot/db/a.g.ld.2.m1.bc.llvm-link.err.log
INFO-FLOW: 
Command         run_link_or_opt done; 5.65 sec.
Execute         run_link_or_opt -opt -out /nethome/dkulkarni47/LightningSimHLS4MLintegration/examples/fifo_stream_models_vitis2023/KERAS_1layer/myproject_prj/solution1/.autopilot/db/a.g.ld.3.fpc.bc -args /nethome/dkulkarni47/LightningSimHLS4MLintegration/examples/fifo_stream_models_vitis2023/KERAS_1layer/myproject_prj/solution1/.autopilot/db/a.g.ld.2.m1.bc -reflow-globaldce -hls-top-function-name=myproject -reflow-float-conversion 
INFO-FLOW: run_clang exec: /tools/software/xilinx/ARCHIVE/Vitis_HLS/2023.1/lnx64/tools/clang-3.9-csynth/bin/opt -pass-remarks-missed=reflow|pasta|unroll -pass-remarks=reflow|pasta|unroll|inline -pass-remarks-output=/nethome/dkulkarni47/LightningSimHLS4MLintegration/examples/fifo_stream_models_vitis2023/KERAS_1layer/myproject_prj/solution1/.autopilot/db/a.g.ld.3.fpc.bc.opt.diag.yml /nethome/dkulkarni47/LightningSimHLS4MLintegration/examples/fifo_stream_models_vitis2023/KERAS_1layer/myproject_prj/solution1/.autopilot/db/a.g.ld.2.m1.bc -reflow-globaldce -hls-top-function-name=myproject -reflow-float-conversion -o /nethome/dkulkarni47/LightningSimHLS4MLintegration/examples/fifo_stream_models_vitis2023/KERAS_1layer/myproject_prj/solution1/.autopilot/db/a.g.ld.3.fpc.bc > /nethome/dkulkarni47/LightningSimHLS4MLintegration/examples/fifo_stream_models_vitis2023/KERAS_1layer/myproject_prj/solution1/.autopilot/db/a.g.ld.3.fpc.bc.opt.out.log 2> /nethome/dkulkarni47/LightningSimHLS4MLintegration/examples/fifo_stream_models_vitis2023/KERAS_1layer/myproject_prj/solution1/.autopilot/db/a.g.ld.3.fpc.bc.opt.err.log
INFO-FLOW: 
INFO-FLOW: Running: gen_design_size_report post-opt
INFO-FLOW: Done: gen_design_size_report post-opt time: 0 seconds per iteration
Command         run_link_or_opt done; 2.35 sec.
Execute         run_link_or_opt -out /nethome/dkulkarni47/LightningSimHLS4MLintegration/examples/fifo_stream_models_vitis2023/KERAS_1layer/myproject_prj/solution1/.autopilot/db/a.g.ld.4.m2.bc -args /nethome/dkulkarni47/LightningSimHLS4MLintegration/examples/fifo_stream_models_vitis2023/KERAS_1layer/myproject_prj/solution1/.autopilot/db/a.g.ld.3.fpc.bc -only-needed /tools/software/xilinx/ARCHIVE/Vitis_HLS/2023.1/lnx64/lib/libfloatconversion_39.bc 
INFO-FLOW: run_clang exec: /tools/software/xilinx/ARCHIVE/Vitis_HLS/2023.1/lnx64/tools/clang-3.9-csynth/bin/llvm-link /nethome/dkulkarni47/LightningSimHLS4MLintegration/examples/fifo_stream_models_vitis2023/KERAS_1layer/myproject_prj/solution1/.autopilot/db/a.g.ld.3.fpc.bc -only-needed /tools/software/xilinx/ARCHIVE/Vitis_HLS/2023.1/lnx64/lib/libfloatconversion_39.bc -o /nethome/dkulkarni47/LightningSimHLS4MLintegration/examples/fifo_stream_models_vitis2023/KERAS_1layer/myproject_prj/solution1/.autopilot/db/a.g.ld.4.m2.bc > /nethome/dkulkarni47/LightningSimHLS4MLintegration/examples/fifo_stream_models_vitis2023/KERAS_1layer/myproject_prj/solution1/.autopilot/db/a.g.ld.4.m2.bc.llvm-link.out.log 2> /nethome/dkulkarni47/LightningSimHLS4MLintegration/examples/fifo_stream_models_vitis2023/KERAS_1layer/myproject_prj/solution1/.autopilot/db/a.g.ld.4.m2.bc.llvm-link.err.log
INFO-FLOW: 
Command         run_link_or_opt done; 0.3 sec.
Execute         run_link_or_opt -opt -out /nethome/dkulkarni47/LightningSimHLS4MLintegration/examples/fifo_stream_models_vitis2023/KERAS_1layer/myproject_prj/solution1/.autopilot/db/a.g.ld.5.gdce.bc -args /nethome/dkulkarni47/LightningSimHLS4MLintegration/examples/fifo_stream_models_vitis2023/KERAS_1layer/myproject_prj/solution1/.autopilot/db/a.g.ld.4.m2.bc -reflow-globaldce -hls-top-function-name=myproject 
INFO-FLOW: run_clang exec: /tools/software/xilinx/ARCHIVE/Vitis_HLS/2023.1/lnx64/tools/clang-3.9-csynth/bin/opt -pass-remarks-missed=reflow|pasta|unroll -pass-remarks=reflow|pasta|unroll|inline -pass-remarks-output=/nethome/dkulkarni47/LightningSimHLS4MLintegration/examples/fifo_stream_models_vitis2023/KERAS_1layer/myproject_prj/solution1/.autopilot/db/a.g.ld.5.gdce.bc.opt.diag.yml /nethome/dkulkarni47/LightningSimHLS4MLintegration/examples/fifo_stream_models_vitis2023/KERAS_1layer/myproject_prj/solution1/.autopilot/db/a.g.ld.4.m2.bc -reflow-globaldce -hls-top-function-name=myproject -o /nethome/dkulkarni47/LightningSimHLS4MLintegration/examples/fifo_stream_models_vitis2023/KERAS_1layer/myproject_prj/solution1/.autopilot/db/a.g.ld.5.gdce.bc > /nethome/dkulkarni47/LightningSimHLS4MLintegration/examples/fifo_stream_models_vitis2023/KERAS_1layer/myproject_prj/solution1/.autopilot/db/a.g.ld.5.gdce.bc.opt.out.log 2> /nethome/dkulkarni47/LightningSimHLS4MLintegration/examples/fifo_stream_models_vitis2023/KERAS_1layer/myproject_prj/solution1/.autopilot/db/a.g.ld.5.gdce.bc.opt.err.log
INFO-FLOW: 
INFO-FLOW: Running: gen_design_size_report post-opt
INFO-FLOW: Done: gen_design_size_report post-opt time: 0 seconds per iteration
Command         run_link_or_opt done; 0.67 sec.
Execute         send_msg_by_id INFO @200-777@%s Vivado 
INFO: [HLS 200-777] Using interface defaults for 'Vivado' flow target.
Execute         is_m_axi_addr64 
INFO-FLOW: Doing LTO.
INFO-FLOW: run_clang (background poll_ms 5000) exec: /tools/software/xilinx/ARCHIVE/Vitis_HLS/2023.1/lnx64/tools/clang-3.9-csynth/bin/clang -foptimization-record-file=/nethome/dkulkarni47/LightningSimHLS4MLintegration/examples/fifo_stream_models_vitis2023/KERAS_1layer/myproject_prj/solution1/.autopilot/db/a.g.ld.0.bc.clang.reflow.diag.yml -mllvm -pass-remarks-missed=reflow|pasta|unroll -mllvm -pass-remarks=reflow|pasta|unroll|inline -fhls -mllvm -hls-top-function-name=myproject -mllvm -hls-db-dir -mllvm /nethome/dkulkarni47/LightningSimHLS4MLintegration/examples/fifo_stream_models_vitis2023/KERAS_1layer/myproject_prj/solution1/.autopilot/db -emit-llvm -c -target fpga64-xilinx-none -mllvm -xcl-xmlinfo=/nethome/dkulkarni47/LightningSimHLS4MLintegration/examples/fifo_stream_models_vitis2023/KERAS_1layer/myproject_prj/solution1/.autopilot/db/kernel.internal.xml -mllvm -top-io-mapping-info=/nethome/dkulkarni47/LightningSimHLS4MLintegration/examples/fifo_stream_models_vitis2023/KERAS_1layer/myproject_prj/solution1/.autopilot/db/top-io-fe.xml -mllvm -hls-bitcode-version=3.1 -mllvm -reflow-enable-slave-interface-default-setting=true -mllvm -gen-kernel-xml=false -mllvm -default-maxi-offset=slave -mllvm -maxi-latency=0 -mllvm -hls-maxi-data-size-in-bits=8 -mllvm -hls-maxi-max-data-size-in-bits=1024 -mllvm -hls-max-widen-size-in-bits=0 -mllvm -xcl-kernel-max-mem-ports=0 -mllvm -maxi-read-trans=16 -mllvm -maxi-write-trans=16 -mllvm -maxi-read-burst-len=16 -mllvm -maxi-write-burst-len=16 -mllvm -reflow-enable-saxi-64bits=0 -mllvm -reflow-basic-block-instr-threshold=200000 -mllvm -reflow-auto-pipeline-threshold=64 -mllvm -reflow-enable-maxi-auto-id-channel=0 -mllvm -enable-fp-thr=0 -mllvm -reflow-bdd-simplify-threshold=1024 -mllvm -reflow-fanout-threshold=16 -mllvm -assume-maxi-align=1 -mllvm -reflow-pipeline-style-llvm-setting=2 -mllvm -reflow-enable-dataflow-strict-mode-checking=1 -ftime-report -mllvm -time-passes -mllvm -reflow-auto-array-partition-mode=default -mllvm -reflow-enable-auto-array-partition=true -mllvm -reflow-enable-auto-parallel-performance-driven=true -mllvm -reflow-enable-partition-for-automation=true -mllvm -reflow-aggregate-bitwidth-threshold=4096 -mllvm -reflow-reserved-saxilite-registers=1024 -mllvm -reflow-assume-no-address-wrap=true -mllvm -reflow-enable-occurrence-inference=true -mllvm -hls -mllvm -disable-inlined-alloca-merging=true -mllvm -default-clock-period=5 -x ir /nethome/dkulkarni47/LightningSimHLS4MLintegration/examples/fifo_stream_models_vitis2023/KERAS_1layer/myproject_prj/solution1/.autopilot/db/a.g.ld.5.gdce.bc -o /nethome/dkulkarni47/LightningSimHLS4MLintegration/examples/fifo_stream_models_vitis2023/KERAS_1layer/myproject_prj/solution1/.autopilot/db/a.g.lto.bc -hls-platform-db-name=/tools/software/xilinx/ARCHIVE/Vitis_HLS/2023.1/common/technology/xilinx/common/platform.db -hls-platform-name=zynq_slow -device-resource-info=BRAM_280.000000_DSP_220.000000_FF_106400.000000_LUT_53200.000000_SLICE_13300.000000_URAM_0.000000 -device-name-info=xc7z020clg400-1 2> /nethome/dkulkarni47/LightningSimHLS4MLintegration/examples/fifo_stream_models_vitis2023/KERAS_1layer/myproject_prj/solution1/.autopilot/db/a.g.ld.0.bc.clang.reflow.err.log
Execute         send_msg_by_id INFO @200-1995@%s%s%s 3,041 Compile/Link /nethome/dkulkarni47/LightningSimHLS4MLintegration/examples/fifo_stream_models_vitis2023/KERAS_1layer/myproject_prj/solution1/syn/report/csynth_design_size.rpt 
INFO: [HLS 200-1995] There were 3,041 instructions in the design after the 'Compile/Link' phase of compilation. See the Design Size Report for more details: /nethome/dkulkarni47/LightningSimHLS4MLintegration/examples/fifo_stream_models_vitis2023/KERAS_1layer/myproject_prj/solution1/syn/report/csynth_design_size.rpt
Execute         send_msg_by_id INFO @200-1995@%s%s%s 8,230 Unroll/Inline /nethome/dkulkarni47/LightningSimHLS4MLintegration/examples/fifo_stream_models_vitis2023/KERAS_1layer/myproject_prj/solution1/syn/report/csynth_design_size.rpt 
INFO: [HLS 200-1995] There were 8,230 instructions in the design after the 'Unroll/Inline' phase of compilation. See the Design Size Report for more details: /nethome/dkulkarni47/LightningSimHLS4MLintegration/examples/fifo_stream_models_vitis2023/KERAS_1layer/myproject_prj/solution1/syn/report/csynth_design_size.rpt
Execute         send_msg_by_id INFO @200-1995@%s%s%s 2,253 Performance/Pipeline /nethome/dkulkarni47/LightningSimHLS4MLintegration/examples/fifo_stream_models_vitis2023/KERAS_1layer/myproject_prj/solution1/syn/report/csynth_design_size.rpt 
INFO: [HLS 200-1995] There were 2,253 instructions in the design after the 'Performance/Pipeline' phase of compilation. See the Design Size Report for more details: /nethome/dkulkarni47/LightningSimHLS4MLintegration/examples/fifo_stream_models_vitis2023/KERAS_1layer/myproject_prj/solution1/syn/report/csynth_design_size.rpt
Execute         send_msg_by_id INFO @200-1995@%s%s%s 2,022 Optimizations /nethome/dkulkarni47/LightningSimHLS4MLintegration/examples/fifo_stream_models_vitis2023/KERAS_1layer/myproject_prj/solution1/syn/report/csynth_design_size.rpt 
INFO: [HLS 200-1995] There were 2,022 instructions in the design after the 'Optimizations' phase of compilation. See the Design Size Report for more details: /nethome/dkulkarni47/LightningSimHLS4MLintegration/examples/fifo_stream_models_vitis2023/KERAS_1layer/myproject_prj/solution1/syn/report/csynth_design_size.rpt
INFO: [HLS 214-131] Inlining function 'nnet::product::mult<ap_fixed<16, 6, (ap_q_mode)5, (ap_o_mode)3, 0>, ap_fixed<16, 6, (ap_q_mode)5, (ap_o_mode)3, 0> >::product(ap_fixed<16, 6, (ap_q_mode)5, (ap_o_mode)3, 0>, ap_fixed<16, 6, (ap_q_mode)5, (ap_o_mode)3, 0>)' into 'void nnet::dense_resource_rf_leq_nin<ap_fixed<16, 6, (ap_q_mode)5, (ap_o_mode)3, 0>, ap_fixed<16, 6, (ap_q_mode)5, (ap_o_mode)3, 0>, config2>(ap_fixed<16, 6, (ap_q_mode)5, (ap_o_mode)3, 0>*, ap_fixed<16, 6, (ap_q_mode)5, (ap_o_mode)3, 0>*, config2::weight_t*, config2::bias_t*)' (firmware/nnet_utils/nnet_dense_resource.h:59:17)
INFO: [HLS 214-131] Inlining function 'void nnet::data_prepare<nnet::array<ap_fixed<16, 6, (ap_q_mode)5, (ap_o_mode)3, 0>, 10u>, config2>(hls::stream<nnet::array<ap_fixed<16, 6, (ap_q_mode)5, (ap_o_mode)3, 0>, 10u>, 0>&, nnet::array<ap_fixed<16, 6, (ap_q_mode)5, (ap_o_mode)3, 0>, 10u>::value_type*)' into 'void nnet::dense<nnet::array<ap_fixed<16, 6, (ap_q_mode)5, (ap_o_mode)3, 0>, 10u>, nnet::array<ap_fixed<16, 6, (ap_q_mode)5, (ap_o_mode)3, 0>, 32u>, config2>(hls::stream<nnet::array<ap_fixed<16, 6, (ap_q_mode)5, (ap_o_mode)3, 0>, 10u>, 0>&, hls::stream<nnet::array<ap_fixed<16, 6, (ap_q_mode)5, (ap_o_mode)3, 0>, 32u>, 0>&, config2::weight_t*, config2::bias_t*)' (firmware/nnet_utils/nnet_dense_stream.h:93:2)
INFO: [HLS 214-131] Inlining function 'void nnet::res_write<nnet::array<ap_fixed<16, 6, (ap_q_mode)5, (ap_o_mode)3, 0>, 32u>, config2>(nnet::array<ap_fixed<16, 6, (ap_q_mode)5, (ap_o_mode)3, 0>, 32u>::value_type*, hls::stream<nnet::array<ap_fixed<16, 6, (ap_q_mode)5, (ap_o_mode)3, 0>, 32u>, 0>&)' into 'void nnet::dense<nnet::array<ap_fixed<16, 6, (ap_q_mode)5, (ap_o_mode)3, 0>, 10u>, nnet::array<ap_fixed<16, 6, (ap_q_mode)5, (ap_o_mode)3, 0>, 32u>, config2>(hls::stream<nnet::array<ap_fixed<16, 6, (ap_q_mode)5, (ap_o_mode)3, 0>, 10u>, 0>&, hls::stream<nnet::array<ap_fixed<16, 6, (ap_q_mode)5, (ap_o_mode)3, 0>, 32u>, 0>&, config2::weight_t*, config2::bias_t*)' (firmware/nnet_utils/nnet_dense_stream.h:100:5)
INFO: [HLS 214-131] Inlining function 'nnet::product::mult<ap_fixed<16, 6, (ap_q_mode)5, (ap_o_mode)3, 0>, ap_fixed<16, 6, (ap_q_mode)5, (ap_o_mode)3, 0> >::product(ap_fixed<16, 6, (ap_q_mode)5, (ap_o_mode)3, 0>, ap_fixed<16, 6, (ap_q_mode)5, (ap_o_mode)3, 0>)' into 'void nnet::dense_resource_rf_leq_nin<ap_fixed<16, 6, (ap_q_mode)5, (ap_o_mode)3, 0>, ap_fixed<16, 6, (ap_q_mode)5, (ap_o_mode)3, 0>, config4>(ap_fixed<16, 6, (ap_q_mode)5, (ap_o_mode)3, 0>*, ap_fixed<16, 6, (ap_q_mode)5, (ap_o_mode)3, 0>*, config4::weight_t*, config4::bias_t*)' (firmware/nnet_utils/nnet_dense_resource.h:59:17)
INFO: [HLS 214-131] Inlining function 'void nnet::data_prepare<nnet::array<ap_fixed<16, 6, (ap_q_mode)5, (ap_o_mode)3, 0>, 32u>, config4>(hls::stream<nnet::array<ap_fixed<16, 6, (ap_q_mode)5, (ap_o_mode)3, 0>, 32u>, 0>&, nnet::array<ap_fixed<16, 6, (ap_q_mode)5, (ap_o_mode)3, 0>, 32u>::value_type*)' into 'void nnet::dense<nnet::array<ap_fixed<16, 6, (ap_q_mode)5, (ap_o_mode)3, 0>, 32u>, nnet::array<ap_fixed<16, 6, (ap_q_mode)5, (ap_o_mode)3, 0>, 1u>, config4>(hls::stream<nnet::array<ap_fixed<16, 6, (ap_q_mode)5, (ap_o_mode)3, 0>, 32u>, 0>&, hls::stream<nnet::array<ap_fixed<16, 6, (ap_q_mode)5, (ap_o_mode)3, 0>, 1u>, 0>&, config4::weight_t*, config4::bias_t*)' (firmware/nnet_utils/nnet_dense_stream.h:93:2)
INFO: [HLS 214-131] Inlining function 'void nnet::res_write<nnet::array<ap_fixed<16, 6, (ap_q_mode)5, (ap_o_mode)3, 0>, 1u>, config4>(nnet::array<ap_fixed<16, 6, (ap_q_mode)5, (ap_o_mode)3, 0>, 1u>::value_type*, hls::stream<nnet::array<ap_fixed<16, 6, (ap_q_mode)5, (ap_o_mode)3, 0>, 1u>, 0>&)' into 'void nnet::dense<nnet::array<ap_fixed<16, 6, (ap_q_mode)5, (ap_o_mode)3, 0>, 32u>, nnet::array<ap_fixed<16, 6, (ap_q_mode)5, (ap_o_mode)3, 0>, 1u>, config4>(hls::stream<nnet::array<ap_fixed<16, 6, (ap_q_mode)5, (ap_o_mode)3, 0>, 32u>, 0>&, hls::stream<nnet::array<ap_fixed<16, 6, (ap_q_mode)5, (ap_o_mode)3, 0>, 1u>, 0>&, config4::weight_t*, config4::bias_t*)' (firmware/nnet_utils/nnet_dense_stream.h:100:5)
INFO: [HLS 214-291] Loop 'SigmoidPackLoop' is marked as complete unroll implied by the pipeline pragma (firmware/nnet_utils/nnet_activation_stream.h:88:9)
INFO: [HLS 214-291] Loop 'MultLoop' is marked as complete unroll implied by the pipeline pragma (firmware/nnet_utils/nnet_dense_resource.h:55:9)
INFO: [HLS 214-291] Loop 'ReLUPackLoop' is marked as complete unroll implied by the pipeline pragma (firmware/nnet_utils/nnet_activation_stream.h:49:9)
INFO: [HLS 214-186] Unrolling loop 'SigmoidPackLoop' (firmware/nnet_utils/nnet_activation_stream.h:88:9) in function 'nnet::sigmoid<nnet::array<ap_fixed<16, 6, (ap_q_mode)5, (ap_o_mode)3, 0>, 1u>, nnet::array<ap_fixed<16, 6, (ap_q_mode)5, (ap_o_mode)3, 0>, 1u>, sigmoid_config5>' completely with a factor of 1 (firmware/nnet_utils/nnet_activation_stream.h:65:0)
INFO: [HLS 214-186] Unrolling loop 'ResPackSingle' (firmware/nnet_utils/nnet_dense_stream.h:73:9) in function 'nnet::dense<nnet::array<ap_fixed<16, 6, (ap_q_mode)5, (ap_o_mode)3, 0>, 32u>, nnet::array<ap_fixed<16, 6, (ap_q_mode)5, (ap_o_mode)3, 0>, 1u>, config4>' completely with a factor of 1 (firmware/nnet_utils/nnet_dense_stream.h:84:0)
INFO: [HLS 214-186] Unrolling loop 'DataPackSingle' (firmware/nnet_utils/nnet_dense_stream.h:45:9) in function 'nnet::dense<nnet::array<ap_fixed<16, 6, (ap_q_mode)5, (ap_o_mode)3, 0>, 32u>, nnet::array<ap_fixed<16, 6, (ap_q_mode)5, (ap_o_mode)3, 0>, 1u>, config4>' completely with a factor of 32 (firmware/nnet_utils/nnet_dense_stream.h:84:0)
INFO: [HLS 214-186] Unrolling loop 'Result' (firmware/nnet_utils/nnet_dense_resource.h:80:5) in function 'nnet::dense_resource_rf_leq_nin<ap_fixed<16, 6, (ap_q_mode)5, (ap_o_mode)3, 0>, ap_fixed<16, 6, (ap_q_mode)5, (ap_o_mode)3, 0>, config4>' completely with a factor of 1 (firmware/nnet_utils/nnet_dense_resource.h:15:0)
INFO: [HLS 214-186] Unrolling loop 'MultLoop' (firmware/nnet_utils/nnet_dense_resource.h:55:9) in function 'nnet::dense_resource_rf_leq_nin<ap_fixed<16, 6, (ap_q_mode)5, (ap_o_mode)3, 0>, ap_fixed<16, 6, (ap_q_mode)5, (ap_o_mode)3, 0>, config4>' completely with a factor of 8 (firmware/nnet_utils/nnet_dense_resource.h:15:0)
INFO: [HLS 214-186] Unrolling loop 'InitAccum' (firmware/nnet_utils/nnet_dense_resource.h:40:5) in function 'nnet::dense_resource_rf_leq_nin<ap_fixed<16, 6, (ap_q_mode)5, (ap_o_mode)3, 0>, ap_fixed<16, 6, (ap_q_mode)5, (ap_o_mode)3, 0>, config4>' completely with a factor of 1 (firmware/nnet_utils/nnet_dense_resource.h:15:0)
INFO: [HLS 214-186] Unrolling loop 'ReLUPackLoop' (firmware/nnet_utils/nnet_activation_stream.h:49:9) in function 'nnet::relu<nnet::array<ap_fixed<16, 6, (ap_q_mode)5, (ap_o_mode)3, 0>, 32u>, nnet::array<ap_fixed<16, 6, (ap_q_mode)5, (ap_o_mode)3, 0>, 32u>, relu_config3>' completely with a factor of 32 (firmware/nnet_utils/nnet_activation_stream.h:39:0)
INFO: [HLS 214-186] Unrolling loop 'ResPackSingle' (firmware/nnet_utils/nnet_dense_stream.h:73:9) in function 'nnet::dense<nnet::array<ap_fixed<16, 6, (ap_q_mode)5, (ap_o_mode)3, 0>, 10u>, nnet::array<ap_fixed<16, 6, (ap_q_mode)5, (ap_o_mode)3, 0>, 32u>, config2>' completely with a factor of 32 (firmware/nnet_utils/nnet_dense_stream.h:84:0)
INFO: [HLS 214-186] Unrolling loop 'DataPackSingle' (firmware/nnet_utils/nnet_dense_stream.h:45:9) in function 'nnet::dense<nnet::array<ap_fixed<16, 6, (ap_q_mode)5, (ap_o_mode)3, 0>, 10u>, nnet::array<ap_fixed<16, 6, (ap_q_mode)5, (ap_o_mode)3, 0>, 32u>, config2>' completely with a factor of 10 (firmware/nnet_utils/nnet_dense_stream.h:84:0)
INFO: [HLS 214-186] Unrolling loop 'Result' (firmware/nnet_utils/nnet_dense_resource.h:80:5) in function 'nnet::dense_resource_rf_leq_nin<ap_fixed<16, 6, (ap_q_mode)5, (ap_o_mode)3, 0>, ap_fixed<16, 6, (ap_q_mode)5, (ap_o_mode)3, 0>, config2>' completely with a factor of 32 (firmware/nnet_utils/nnet_dense_resource.h:15:0)
INFO: [HLS 214-186] Unrolling loop 'MultLoop' (firmware/nnet_utils/nnet_dense_resource.h:55:9) in function 'nnet::dense_resource_rf_leq_nin<ap_fixed<16, 6, (ap_q_mode)5, (ap_o_mode)3, 0>, ap_fixed<16, 6, (ap_q_mode)5, (ap_o_mode)3, 0>, config2>' completely with a factor of 64 (firmware/nnet_utils/nnet_dense_resource.h:15:0)
INFO: [HLS 214-186] Unrolling loop 'InitAccum' (firmware/nnet_utils/nnet_dense_resource.h:40:5) in function 'nnet::dense_resource_rf_leq_nin<ap_fixed<16, 6, (ap_q_mode)5, (ap_o_mode)3, 0>, ap_fixed<16, 6, (ap_q_mode)5, (ap_o_mode)3, 0>, config2>' completely with a factor of 32 (firmware/nnet_utils/nnet_dense_resource.h:15:0)
INFO: [HLS 214-178] Inlining function 'std::enable_if<!(std::is_same<ap_fixed<16, 6, (ap_q_mode)5, (ap_o_mode)3, 0>, ap_uint<1> >::value), ap_fixed<16, 6, (ap_q_mode)5, (ap_o_mode)3, 0> >::type nnet::cast<ap_fixed<16, 6, (ap_q_mode)5, (ap_o_mode)3, 0>, ap_fixed<16, 6, (ap_q_mode)5, (ap_o_mode)3, 0>, config2>(config2::accum_t)' into 'void nnet::dense_resource_rf_leq_nin<ap_fixed<16, 6, (ap_q_mode)5, (ap_o_mode)3, 0>, ap_fixed<16, 6, (ap_q_mode)5, (ap_o_mode)3, 0>, config2>(ap_fixed<16, 6, (ap_q_mode)5, (ap_o_mode)3, 0>*, ap_fixed<16, 6, (ap_q_mode)5, (ap_o_mode)3, 0>*, config2::weight_t*, config2::bias_t*)' (firmware/nnet_utils/nnet_dense_resource.h:15:0)
INFO: [HLS 214-178] Inlining function 'nnet::array<ap_fixed<16, 6, (ap_q_mode)5, (ap_o_mode)3, 0>, 10u>::operator[](unsigned long)' into 'void nnet::dense<nnet::array<ap_fixed<16, 6, (ap_q_mode)5, (ap_o_mode)3, 0>, 10u>, nnet::array<ap_fixed<16, 6, (ap_q_mode)5, (ap_o_mode)3, 0>, 32u>, config2>(hls::stream<nnet::array<ap_fixed<16, 6, (ap_q_mode)5, (ap_o_mode)3, 0>, 10u>, 0>&, hls::stream<nnet::array<ap_fixed<16, 6, (ap_q_mode)5, (ap_o_mode)3, 0>, 32u>, 0>&, config2::weight_t*, config2::bias_t*)' (firmware/nnet_utils/nnet_dense_stream.h:84:0)
INFO: [HLS 214-178] Inlining function 'void nnet::dense_resource_wrapper<ap_fixed<16, 6, (ap_q_mode)5, (ap_o_mode)3, 0>, ap_fixed<16, 6, (ap_q_mode)5, (ap_o_mode)3, 0>, config2>(ap_fixed<16, 6, (ap_q_mode)5, (ap_o_mode)3, 0>*, ap_fixed<16, 6, (ap_q_mode)5, (ap_o_mode)3, 0>*, config2::weight_t*, config2::bias_t*)' into 'void nnet::dense<nnet::array<ap_fixed<16, 6, (ap_q_mode)5, (ap_o_mode)3, 0>, 10u>, nnet::array<ap_fixed<16, 6, (ap_q_mode)5, (ap_o_mode)3, 0>, 32u>, config2>(hls::stream<nnet::array<ap_fixed<16, 6, (ap_q_mode)5, (ap_o_mode)3, 0>, 10u>, 0>&, hls::stream<nnet::array<ap_fixed<16, 6, (ap_q_mode)5, (ap_o_mode)3, 0>, 32u>, 0>&, config2::weight_t*, config2::bias_t*)' (firmware/nnet_utils/nnet_dense_stream.h:84:0)
INFO: [HLS 214-178] Inlining function 'nnet::array<ap_fixed<16, 6, (ap_q_mode)5, (ap_o_mode)3, 0>, 32u>::operator[](unsigned long)' into 'void nnet::dense<nnet::array<ap_fixed<16, 6, (ap_q_mode)5, (ap_o_mode)3, 0>, 10u>, nnet::array<ap_fixed<16, 6, (ap_q_mode)5, (ap_o_mode)3, 0>, 32u>, config2>(hls::stream<nnet::array<ap_fixed<16, 6, (ap_q_mode)5, (ap_o_mode)3, 0>, 10u>, 0>&, hls::stream<nnet::array<ap_fixed<16, 6, (ap_q_mode)5, (ap_o_mode)3, 0>, 32u>, 0>&, config2::weight_t*, config2::bias_t*)' (firmware/nnet_utils/nnet_dense_stream.h:84:0)
INFO: [HLS 214-178] Inlining function 'nnet::array<ap_fixed<16, 6, (ap_q_mode)5, (ap_o_mode)3, 0>, 32u>::operator[](unsigned long)' into 'void nnet::relu<nnet::array<ap_fixed<16, 6, (ap_q_mode)5, (ap_o_mode)3, 0>, 32u>, nnet::array<ap_fixed<16, 6, (ap_q_mode)5, (ap_o_mode)3, 0>, 32u>, relu_config3>(hls::stream<nnet::array<ap_fixed<16, 6, (ap_q_mode)5, (ap_o_mode)3, 0>, 32u>, 0>&, hls::stream<nnet::array<ap_fixed<16, 6, (ap_q_mode)5, (ap_o_mode)3, 0>, 32u>, 0>&)' (firmware/nnet_utils/nnet_activation_stream.h:39:0)
INFO: [HLS 214-178] Inlining function 'std::enable_if<!(std::is_same<ap_fixed<16, 6, (ap_q_mode)5, (ap_o_mode)3, 0>, ap_uint<1> >::value), ap_fixed<16, 6, (ap_q_mode)5, (ap_o_mode)3, 0> >::type nnet::cast<ap_fixed<16, 6, (ap_q_mode)5, (ap_o_mode)3, 0>, ap_fixed<16, 6, (ap_q_mode)5, (ap_o_mode)3, 0>, config4>(config4::accum_t)' into 'void nnet::dense_resource_rf_leq_nin<ap_fixed<16, 6, (ap_q_mode)5, (ap_o_mode)3, 0>, ap_fixed<16, 6, (ap_q_mode)5, (ap_o_mode)3, 0>, config4>(ap_fixed<16, 6, (ap_q_mode)5, (ap_o_mode)3, 0>*, ap_fixed<16, 6, (ap_q_mode)5, (ap_o_mode)3, 0>*, config4::weight_t*, config4::bias_t*)' (firmware/nnet_utils/nnet_dense_resource.h:15:0)
INFO: [HLS 214-178] Inlining function 'nnet::array<ap_fixed<16, 6, (ap_q_mode)5, (ap_o_mode)3, 0>, 32u>::operator[](unsigned long)' into 'void nnet::dense<nnet::array<ap_fixed<16, 6, (ap_q_mode)5, (ap_o_mode)3, 0>, 32u>, nnet::array<ap_fixed<16, 6, (ap_q_mode)5, (ap_o_mode)3, 0>, 1u>, config4>(hls::stream<nnet::array<ap_fixed<16, 6, (ap_q_mode)5, (ap_o_mode)3, 0>, 32u>, 0>&, hls::stream<nnet::array<ap_fixed<16, 6, (ap_q_mode)5, (ap_o_mode)3, 0>, 1u>, 0>&, config4::weight_t*, config4::bias_t*)' (firmware/nnet_utils/nnet_dense_stream.h:84:0)
INFO: [HLS 214-178] Inlining function 'void nnet::dense_resource_wrapper<ap_fixed<16, 6, (ap_q_mode)5, (ap_o_mode)3, 0>, ap_fixed<16, 6, (ap_q_mode)5, (ap_o_mode)3, 0>, config4>(ap_fixed<16, 6, (ap_q_mode)5, (ap_o_mode)3, 0>*, ap_fixed<16, 6, (ap_q_mode)5, (ap_o_mode)3, 0>*, config4::weight_t*, config4::bias_t*)' into 'void nnet::dense<nnet::array<ap_fixed<16, 6, (ap_q_mode)5, (ap_o_mode)3, 0>, 32u>, nnet::array<ap_fixed<16, 6, (ap_q_mode)5, (ap_o_mode)3, 0>, 1u>, config4>(hls::stream<nnet::array<ap_fixed<16, 6, (ap_q_mode)5, (ap_o_mode)3, 0>, 32u>, 0>&, hls::stream<nnet::array<ap_fixed<16, 6, (ap_q_mode)5, (ap_o_mode)3, 0>, 1u>, 0>&, config4::weight_t*, config4::bias_t*)' (firmware/nnet_utils/nnet_dense_stream.h:84:0)
INFO: [HLS 214-178] Inlining function 'nnet::array<ap_fixed<16, 6, (ap_q_mode)5, (ap_o_mode)3, 0>, 1u>::operator[](unsigned long)' into 'void nnet::dense<nnet::array<ap_fixed<16, 6, (ap_q_mode)5, (ap_o_mode)3, 0>, 32u>, nnet::array<ap_fixed<16, 6, (ap_q_mode)5, (ap_o_mode)3, 0>, 1u>, config4>(hls::stream<nnet::array<ap_fixed<16, 6, (ap_q_mode)5, (ap_o_mode)3, 0>, 32u>, 0>&, hls::stream<nnet::array<ap_fixed<16, 6, (ap_q_mode)5, (ap_o_mode)3, 0>, 1u>, 0>&, config4::weight_t*, config4::bias_t*)' (firmware/nnet_utils/nnet_dense_stream.h:84:0)
INFO: [HLS 214-178] Inlining function 'nnet::array<ap_fixed<16, 6, (ap_q_mode)5, (ap_o_mode)3, 0>, 1u>::operator[](unsigned long)' into 'void nnet::sigmoid<nnet::array<ap_fixed<16, 6, (ap_q_mode)5, (ap_o_mode)3, 0>, 1u>, nnet::array<ap_fixed<16, 6, (ap_q_mode)5, (ap_o_mode)3, 0>, 1u>, sigmoid_config5>(hls::stream<nnet::array<ap_fixed<16, 6, (ap_q_mode)5, (ap_o_mode)3, 0>, 1u>, 0>&, hls::stream<nnet::array<ap_fixed<16, 6, (ap_q_mode)5, (ap_o_mode)3, 0>, 1u>, 0>&)' (firmware/nnet_utils/nnet_activation_stream.h:65:0)
INFO: [HLS 214-248] Applying array_partition to 'b2': Complete partitioning on dimension 1. (firmware/weights/b2.h:12:0)
INFO: [HLS 214-248] Applying array_partition to 'b4': Complete partitioning on dimension 1. (firmware/weights/b4.h:12:0)
INFO: [HLS 214-248] Applying array_partition to 'data': Complete partitioning on dimension 1. (firmware/nnet_utils/nnet_dense_stream.h:87:30)
INFO: [HLS 214-248] Applying array_partition to 'res': Complete partitioning on dimension 1. (firmware/nnet_utils/nnet_dense_stream.h:90:29)
INFO: [HLS 214-241] Aggregating fifo (hls::stream) variable 'layer4_out' with compact=bit mode in 16-bits (firmware/myproject.cpp:38:24)
INFO: [HLS 214-241] Aggregating fifo (hls::stream) variable 'layer3_out' with compact=bit mode in 512-bits (firmware/myproject.cpp:35:24)
INFO: [HLS 214-241] Aggregating fifo (hls::stream) variable 'layer2_out' with compact=bit mode in 512-bits (firmware/myproject.cpp:32:24)
INFO: [HLS 214-248] Applying array_reshape to 'w2': Block reshaping with factor 64 on dimension 1. (firmware/weights/w2.h:12:0)
INFO: [HLS 214-248] Applying array_reshape to 'w4': Block reshaping with factor 8 on dimension 1. (firmware/weights/w4.h:12:0)
INFO-FLOW: DBG:PUTS: copy_raw_kernel_xml ap_link_39: kernel.xml not generated: /nethome/dkulkarni47/LightningSimHLS4MLintegration/examples/fifo_stream_models_vitis2023/KERAS_1layer/myproject_prj/solution1/.autopilot/db/kernel.internal.xml
INFO: [HLS 200-111] Finished Compiling Optimization and Transform: CPU user time: 11.34 seconds. CPU system time: 3.14 seconds. Elapsed time: 28.07 seconds; current allocated memory: 0.000 MB.
INFO: [HLS 200-111] Finished Checking Pragmas: CPU user time: 0 seconds. CPU system time: 0 seconds. Elapsed time: 0 seconds; current allocated memory: 0.000 MB.
Execute         opt_and_import_c a -opt_level=2 -skip_syncheck=0 -ng=0 -keep_printf=0 
Execute           cleanup_all_models 
INFO: [HLS 200-10] Starting code transformations ...
INFO-FLOW: Running Standard Transforms...
Execute           transform -hls -share-std-xform -demangle-name -inline-byval-memcpy -always-inline -promote-dbg-pointer -interface-preproc -mem2reg -scalarrepl -mem2reg -keep-read-access -instcombine -dce -promote-dbg-pointer -bitop-raise -loop-simplify -indvarspre -indvars -loop-simplify -xunroll -constprop -instcombine -simplifycfg -indvars -simplifycfg -dce -globaldce -basicaa -simplifycfg -mem2reg -globalopt -global-constprop -deadargelim -instcombine -simplifycfg -scalarrepl -instcombine -reassociate -licm -simplifycfg -loop-simplify -indvars -instcombine -simplifycfg -mem2reg -loop-simplify -indvars -instcombine -gvn -gvn -instcombine -adce -break-crit-edges -simplifycfg -loop-delete -global-array-opt -dce -dse -adce -find-syn-modules -top myproject -deadargelim -mem2reg -instcombine -dce -presyn-prepare -auto-rom-infer -interface-preproc -syn-check -check-rec-only -find-region -simplifycfg -func-extr -function-inline -globaldce -mem2reg -instcombine -dce -gvn -globaldce -adce -adse -constprop -instcombine -bit-constprop -instcombine -dce -simplifycfg -bitop-raise -simplifycfg -dce -loop-delete -reassociate -globalopt -global-privatize -mem2reg -dce -global-constprop -pointer-simplify -constprop -dce -auto-shift-reg-idiom -promote-dbg-pointer -norm-name /nethome/dkulkarni47/LightningSimHLS4MLintegration/examples/fifo_stream_models_vitis2023/KERAS_1layer/myproject_prj/solution1/.autopilot/db/a.g.0.bc -o /nethome/dkulkarni47/LightningSimHLS4MLintegration/examples/fifo_stream_models_vitis2023/KERAS_1layer/myproject_prj/solution1/.autopilot/db/a.g.1.bc -f -phase std-opt 
INFO: [XFORM 203-603] Inlining function 'nnet::dense_resource_rf_leq_nin<ap_fixed<16, 6, (ap_q_mode)5, (ap_o_mode)3, 0>, ap_fixed<16, 6, (ap_q_mode)5, (ap_o_mode)3, 0>, config2>' into 'nnet::dense_resource<ap_fixed<16, 6, (ap_q_mode)5, (ap_o_mode)3, 0>, ap_fixed<16, 6, (ap_q_mode)5, (ap_o_mode)3, 0>, config2>' (firmware/nnet_utils/nnet_dense_resource.h:262).
INFO: [XFORM 203-603] Inlining function 'nnet::dense_resource<ap_fixed<16, 6, (ap_q_mode)5, (ap_o_mode)3, 0>, ap_fixed<16, 6, (ap_q_mode)5, (ap_o_mode)3, 0>, config2>' into 'nnet::dense<nnet::array<ap_fixed<16, 6, (ap_q_mode)5, (ap_o_mode)3, 0>, 10u>, nnet::array<ap_fixed<16, 6, (ap_q_mode)5, (ap_o_mode)3, 0>, 32u>, config2>' (firmware/nnet_utils/nnet_dense_stream.h:24->firmware/nnet_utils/nnet_dense_stream.h:97).
INFO: [XFORM 203-603] Inlining function 'nnet::dense_resource_rf_leq_nin<ap_fixed<16, 6, (ap_q_mode)5, (ap_o_mode)3, 0>, ap_fixed<16, 6, (ap_q_mode)5, (ap_o_mode)3, 0>, config4>' into 'nnet::dense_resource<ap_fixed<16, 6, (ap_q_mode)5, (ap_o_mode)3, 0>, ap_fixed<16, 6, (ap_q_mode)5, (ap_o_mode)3, 0>, config4>' (firmware/nnet_utils/nnet_dense_resource.h:262).
INFO: [XFORM 203-603] Inlining function 'nnet::dense_resource<ap_fixed<16, 6, (ap_q_mode)5, (ap_o_mode)3, 0>, ap_fixed<16, 6, (ap_q_mode)5, (ap_o_mode)3, 0>, config4>' into 'nnet::dense<nnet::array<ap_fixed<16, 6, (ap_q_mode)5, (ap_o_mode)3, 0>, 32u>, nnet::array<ap_fixed<16, 6, (ap_q_mode)5, (ap_o_mode)3, 0>, 1u>, config4>' (firmware/nnet_utils/nnet_dense_stream.h:24->firmware/nnet_utils/nnet_dense_stream.h:97).
Command           transform done; 0.78 sec.
INFO: [HLS 200-111] Finished Standard Transforms: CPU user time: 0.35 seconds. CPU system time: 0.05 seconds. Elapsed time: 0.83 seconds; current allocated memory: 0.000 MB.
INFO: [HLS 200-10] Checking synthesizability ...
INFO-FLOW: Checking Synthesizability 1/2..
Execute           transform -hls -syn-check -check-rec-only -scalarrepl -norm-name -dce -mem2reg -instcombine -directive-preproc -mem2reg -dse -dce -auto-rom-infer -dce -pag -array-normalize -instcombine -dce -array-seg-normalize -instcombine -dce -data-pack -instcombine -dce -inst-simplify -array-flatten -instcombine -dce -array-burst -dce -deadargelim -promote-global-argument -simplifycfg -mem2reg -globaldce -dce -deadargelim -dce -instcombine -function-inline -globaldce -dce -doublePtrSimplify -doublePtrElim -dce -doublePtrSimplify -promote-dbg-pointer -dce -scalarrepl -dse -adse -instcombine -ptrLegalization -simplifycfg -dce -instcombine -pointer-simplify -ptrArgReplace -dce -instcombine -resolve-double-ptr -scalarrepl -norm-name -dce -mem2reg -instcombine -ptrLegalization -simplifycfg -deadargelim -instcombine -dce -inst-simplify -directive-preproc -mem2reg -dse -dce -globaldce /nethome/dkulkarni47/LightningSimHLS4MLintegration/examples/fifo_stream_models_vitis2023/KERAS_1layer/myproject_prj/solution1/.autopilot/db/a.g.1.bc -o /nethome/dkulkarni47/LightningSimHLS4MLintegration/examples/fifo_stream_models_vitis2023/KERAS_1layer/myproject_prj/solution1/.autopilot/db/a.g.2.prechk.bc -f 
Command           transform done; 0.41 sec.
INFO-FLOW: Checking Synthesizability 2/2..
Execute           transform -syn-check /nethome/dkulkarni47/LightningSimHLS4MLintegration/examples/fifo_stream_models_vitis2023/KERAS_1layer/myproject_prj/solution1/.autopilot/db/a.g.2.prechk.bc -o /nethome/dkulkarni47/LightningSimHLS4MLintegration/examples/fifo_stream_models_vitis2023/KERAS_1layer/myproject_prj/solution1/.autopilot/db/a.g.2.bc -f -phase syn-check 
INFO: [HLS 200-111] Finished Checking Synthesizability: CPU user time: 0.43 seconds. CPU system time: 0 seconds. Elapsed time: 0.46 seconds; current allocated memory: 0.000 MB.
INFO-FLOW: Compiler optimizing ...
INFO-FLOW: Share syncheck's 1.bc for syn flow: copy /nethome/dkulkarni47/LightningSimHLS4MLintegration/examples/fifo_stream_models_vitis2023/KERAS_1layer/myproject_prj/solution1/.autopilot/db/a.g.1.bc to /nethome/dkulkarni47/LightningSimHLS4MLintegration/examples/fifo_stream_models_vitis2023/KERAS_1layer/myproject_prj/solution1/.autopilot/db/a.o.1.bc
INFO-FLOW: Presyn 1...
Execute           transform -hls -tmp /nethome/dkulkarni47/LightningSimHLS4MLintegration/examples/fifo_stream_models_vitis2023/KERAS_1layer/myproject_prj/solution1/.autopilot/db -interface-port-rename -directive-preproc -mem2reg -dse -dce -scalarrepl -norm-name -deadargelim -mem2reg -instcombine -dce -simplifycfg -auto-rom-infer -dce -resource-proc -clib-intrinsic-prepare -dce -func-buffer -dce -pag -array-normalize -func-legal -instcombine -gvn -constprop -dce -simplifycfg -mem2reg -globaldce -resolve-double-ptr -dce -deadargelim -dce -instcombine -ptrArgReplace -mem2reg -dce -array-seg-normalize -deadargelim -instcombine -dce -directive-preproc -mem2reg -dse -dce -pointer-simplify -dce -port-alignment -dce -interface-preproc -data-pack -instcombine -dce -basicaa -aggr-aa -aggrmodref-aa -aggr-aa -gvn -gvn -basicaa -aggr-aa -aggrmodref-aa -aggr-aa -dse -adse -adce -loop-simplify -indvars -instcombine -gvn -loop-simplify -mem2reg -dce -find-region -instcombine -auto-loop-pipeline -inst-simplify -interface-preproc -cfgopt -instcombine -indvars -auto-loop-unroll -loop-simplify -loop-bound -xunroll -constprop -instcombine -simplifycfg -indvars -simplifycfg -dce -globaldce -clean-region -attach-range -gvn -inst-simplify -constprop -simplifycfg -dce -pointer-simplify -dce -globalopt -constprop -dce -array-promote -scalar-auto-dep-elim -constprop -dce -ptrArgReplace -mem2reg -simplifycfg -dce -instcombine -dce -array-transform-check -array-reshape -instcombine -simplifycfg -dce -ptrArgReplace -deadargelim -mem2reg -instcombine -simplifycfg -dce -indvars -loop-simplify -loop-bound -xunroll -constprop -instcombine -simplifycfg -indvars -simplifycfg -dce -globaldce -basicaa -aggr-aa -aggrmodref-aa -aggr-aa -dse -duplicate-dataflow-processes -globaldce -instcombine -array-partition -prepare-dynamic-array-partition -instcombine -simplifycfg -dce -ptrArgReplace -global-constprop -deadargelim -mem2reg -func-legal -dce -global-constprop -deadargelim -mem2reg -simplifycfg -dce -merge-param -deadargelim -globalopt -constprop -dce -array-promote -scalar-auto-dep-elim -constprop -dce -ptrArgReplace -mem2reg -simplifycfg -dce -mem-intrinsic-preproc -dce -global-internalize -global-privatize -mem2reg -globaldce -promote-global-argument -ptrArgReplace -mem2reg -dce -globalopt -mergereturn -simplify-global-access -mem2reg -dce -pointer-simplify -dce -functionattrs -basicaa -aggr-aa -aggrmodref-aa -aggr-aa -gvn -gvn -basicaa -aggr-aa -aggrmodref-aa -aggr-aa -dse -adse -adce -dce -norm-name -basicaa -aggr-aa -aggrmodref-aa -aggr-aa -accesses-merge -function-inline -complex-op-raise -inst-simplify -globaldce -func-legal -dce -loop-bound -arraycheck -bitwidthmin2 -bitwidthmin2 -on-by-dataflow -loop-delete -instcombine -simplifycfg -globaldce -dce -gvn -deadargelim -dce -loop-simplify -clean-region -simplifycfg -propagate-stable-arguments -loop-stream -instcombine -simplifycfg -dce -globaldce -duplicate-dataflow-processes -stream-intrinsic-preproc -dce -check-ap-stream -loop-simplify -eliminate-keepreads -extract-dataflow-in-loop -loop-simplify -dce -gvn -deadargelim -dse -duplicate-dataflow-processes -check-dataflow-syntax -legalize-stream-variable -globaldce -legalize-global -extract-subproc -dce -dead-channel-elimination -canonicalize-gep -globaldce -dce -gvn -hls-dead-arg-elim -deadargelim -directive-preproc -canonicalize-dataflow -dce -globaldce -scalar-preprocessing -scalar-propagation2 -deadargelim -globaldce -mem2reg -check-dataflow-channels -function-stream -dce -globaldce -prop-fifo-spec -internal-stream-gen -canonicalize-gep -globaldce -dce -gvn -deadargelim -mergereturn -indvars -loop-simplify -instcombine -array-stream -array-seg-normalize -array-partition -func-legal -instcombine -simplifycfg -dce -bundle-memfifo-ops -deadargelim -directive-preproc -mem2reg -dse -dce -group-axi-access -licm -simplifycfg -dce -loop-delete -hls-display -norm-name /nethome/dkulkarni47/LightningSimHLS4MLintegration/examples/fifo_stream_models_vitis2023/KERAS_1layer/myproject_prj/solution1/.autopilot/db/a.o.1.bc -o /nethome/dkulkarni47/LightningSimHLS4MLintegration/examples/fifo_stream_models_vitis2023/KERAS_1layer/myproject_prj/solution1/.autopilot/db/a.o.1.tmp.bc -f 
INFO: [XFORM 203-712] Applying dataflow to function 'myproject' (firmware/myproject.cpp:8), detected/extracted 4 process function(s): 
	 'nnet::dense<nnet::array<ap_fixed<16, 6, (ap_q_mode)5, (ap_o_mode)3, 0>, 10u>, nnet::array<ap_fixed<16, 6, (ap_q_mode)5, (ap_o_mode)3, 0>, 32u>, config2>'
	 'nnet::relu<nnet::array<ap_fixed<16, 6, (ap_q_mode)5, (ap_o_mode)3, 0>, 32u>, nnet::array<ap_fixed<16, 6, (ap_q_mode)5, (ap_o_mode)3, 0>, 32u>, relu_config3>'
	 'nnet::dense<nnet::array<ap_fixed<16, 6, (ap_q_mode)5, (ap_o_mode)3, 0>, 32u>, nnet::array<ap_fixed<16, 6, (ap_q_mode)5, (ap_o_mode)3, 0>, 1u>, config4>'
	 'nnet::sigmoid<nnet::array<ap_fixed<16, 6, (ap_q_mode)5, (ap_o_mode)3, 0>, 1u>, nnet::array<ap_fixed<16, 6, (ap_q_mode)5, (ap_o_mode)3, 0>, 1u>, sigmoid_config5>'.
Command           transform done; 0.94 sec.
INFO-FLOW: Presyn 2...
Execute           transform -hls -keep-callgraph -scalarrepl -mem2reg -port-alignment -attach-range -dce -pipe-mux-gen -indvars -loop-bound -inst-simplify -instcombine -dce -merge-array-access -mem2reg -dce -clean-region -mergereturn -if-conv -instcombine -dce -constprop -basicaa -aggr-aa -aggrmodref-aa -aggr-aa -gvn -gvn -basicaa -aggr-aa -aggrmodref-aa -aggr-aa -dse -adse -adce -scalarrepl -mem2reg -global-constprop -deadargelim -deadargelim -instcombine -dce -simplifycfg -ptrArgReplace -mem2reg -function-inline -globaldce -mem2reg -instcombine -dce -expr-balance -instcombine -dce -bitwidthmin2 -bitwidthmin2 -interface-preproc -directive-preproc -inst-rectify -instcombine -dce -functionattrs -constprop -instcombine -bit-constprop -simplify-global-access -globalopt -globaldce -inst-simplify -instcombine -elimdeaddata -dce -loop-delete -simplifycfg -loop-simplify -barrier -norm-name /nethome/dkulkarni47/LightningSimHLS4MLintegration/examples/fifo_stream_models_vitis2023/KERAS_1layer/myproject_prj/solution1/.autopilot/db/a.o.1.tmp.bc -o /nethome/dkulkarni47/LightningSimHLS4MLintegration/examples/fifo_stream_models_vitis2023/KERAS_1layer/myproject_prj/solution1/.autopilot/db/a.o.2.bc -f -phase presyn 
INFO: [XFORM 203-401] Performing if-conversion on hyperblock to (firmware/nnet_utils/nnet_activation_stream.h:101:1) in function 'nnet::sigmoid<nnet::array<ap_fixed<16, 6, (ap_q_mode)5, (ap_o_mode)3, 0>, 1u>, nnet::array<ap_fixed<16, 6, (ap_q_mode)5, (ap_o_mode)3, 0>, 1u>, sigmoid_config5>'... converting 3 basic blocks.
INFO: [XFORM 203-11] Balancing expressions in function 'nnet::dense<nnet::array<ap_fixed<16, 6, (ap_q_mode)5, (ap_o_mode)3, 0>, 32u>, nnet::array<ap_fixed<16, 6, (ap_q_mode)5, (ap_o_mode)3, 0>, 1u>, config4>' (firmware/nnet_utils/nnet_dense_resource.h:24:5)...8 expression(s) balanced.
Command           transform done; 0.42 sec.
INFO: [HLS 200-111] Finished Loop, function and other optimizations: CPU user time: 1.24 seconds. CPU system time: 0.04 seconds. Elapsed time: 1.37 seconds; current allocated memory: 0.000 MB.
INFO-FLOW: Building ssdm...
Execute           transform -hls -auto-function-inline -globaldce -ptrArgReplace -mem2reg -dce -reset-lda -loop-simplify -indvars -aggr-aa -licm -loop-dep -loop-bound -licm -loop-simplify -loop-sink-hoist -flattenloopnest -array-flatten -gvn -instcombine -dce -array-map -dce -func-legal -gvn -adce -instcombine -cfgopt -simplifycfg-lite -loop-simplify -array-burst -promote-global-argument -dce -array-seg-normalize -basicaa -aggrmodref-aa -globalsmodref-aa -aggr-aa -gvn -gvn -basicaa -aggrmodref-aa -globalsmodref-aa -aggr-aa -dse -adse -adce -licm -inst-simplify -dce -globaldce -instcombine -array-stream -eliminate-keepreads -instcombine -dce -deadargelim -doublePtrSimplify -doublePtrElim -dce -doublePtrSimplify -promote-dbg-pointer -dce -scalarrepl -mem2reg -norm-name -mem2reg -instcombine -dse -adse -adce -ptrLegalization -dce -auto-rom-infer -array-flatten -dce -instcombine -check-doubleptr -loop-rot -constprop -cfgopt -simplifycfg-lite -loop-simplify -indvars -pointer-simplify -dce -loop-bound -loop-simplify -loop-preproc -constprop -global-constprop -gvn -mem2reg -instcombine -dce -loop-bound -loop-merge -dce -deadargelim -dce -canonicalize-dataflow -dce -deadargelim -globaldce -mem2reg -bram-byte-enable -load-elim -read-loop-dep -loop-simplify -loop-extract-inner -directive-preproc -bitwidthmin2 -bitwidthmin2 -read-loop-dep -interface-preproc -directive-preproc -interface-gen -bram-byte-enable-spec-prop -deadargelim -inst-simplify -dce -gvn -mem2reg -instcombine -dce -adse -loop-bound -instcombine -cfgopt -simplifycfg-lite -loop-simplify -clean-region -io-protocol -find-region -mem2reg -bitop-raise -complex-op-raise -inst-simplify -inst-rectify -instcombine -adce -deadargelim -float-op-raise -loop-simplify -phi-opt -bitop-raise -cfgopt -simplifycfg-lite -strip-dead-prototypes -interface-lower -bitop-lower -intrinsic-lower -auto-function-inline -basicaa -aggrmodref-aa -globalsmodref-aa -aggr-aa -inst-simplify -simplifycfg-lite -loop-simplify -mergereturn -inst-simplify -inst-rectify -globaldce -dce -load-elim -bitop-lower -float-op-raise -fma-raise -loop-rewind -pointer-simplify -dce -cfgopt -dce -loop-bound -loop-dep -read-loop-dep -dce -dyn-mem-reuse -dce -recurrence-min -dce -share-scalar-alloca -deadargelim -dce -check-stream -norm-name -legalize -validate-dataflow -inst-clarity -bitwidth -dce -dump-loop-dep-to-ir -check-all-ssdm -dump-complexity-metric -cdfg-build /nethome/dkulkarni47/LightningSimHLS4MLintegration/examples/fifo_stream_models_vitis2023/KERAS_1layer/myproject_prj/solution1/.autopilot/db/a.o.2.bc -o /nethome/dkulkarni47/LightningSimHLS4MLintegration/examples/fifo_stream_models_vitis2023/KERAS_1layer/myproject_prj/solution1/.autopilot/db/a.o.3.bc -f -phase build-ssdm 
INFO: [XFORM 203-531] Rewinding loop 'ReuseLoop' (firmware/nnet_utils/nnet_dense_resource.h:46) in function 'dense<array<ap_fixed,32u>,array<ap_fixed<16,6,5,3,0>,1u>,config4>'.
INFO: [XFORM 203-531] Rewinding loop 'ReuseLoop' (firmware/nnet_utils/nnet_dense_resource.h:46) in function 'dense<array<ap_fixed,10u>,array<ap_fixed<16,6,5,3,0>,32u>,config2>'.
Execute             auto_get_db
Command           transform done; 0.64 sec.
INFO: [HLS 200-111] Finished Architecture Synthesis: CPU user time: 0.54 seconds. CPU system time: 0.04 seconds. Elapsed time: 0.64 seconds; current allocated memory: 0.000 MB.
INFO-FLOW: Finish building internal data model.
Command         opt_and_import_c done; 3.35 sec.
Command       elaborate done; 65.17 sec.
Execute       ap_eval exec zip -j /nethome/dkulkarni47/LightningSimHLS4MLintegration/examples/fifo_stream_models_vitis2023/KERAS_1layer/myproject_prj/solution1/.autopilot/db/dut.hcp $dbDir/a.o.3.bc $dbDir/${topname}.rtl_wrap.cfg.tcl $dbDir/apatb_${topname}.cpp $dbDir/apatb_${topname}_util.cpp $dbDir/apatb_${topname}_ir.ll $dbDir/mapper_${topname}.cpp $dbDir/top-io-fe.xml $dbDir/kernel.internal.xml $workdir/../hls.app 
Command       ap_eval done; 0.22 sec.
Execute       autosyn -from_csynth_design=1 
INFO: [HLS 200-10] Starting hardware synthesis ...
INFO-FLOW: Synthesizing C/C++ design ...
INFO: [HLS 200-10] Synthesizing 'myproject' ...
Execute         ap_set_top_model myproject 
WARNING: [SYN 201-103] Legalizing function name 'dense<array<ap_fixed,10u>,array<ap_fixed<16,6,5,3,0>,32u>,config2>' to 'dense_array_ap_fixed_10u_array_ap_fixed_16_6_5_3_0_32u_config2_s'.
WARNING: [SYN 201-103] Legalizing function name 'relu<array<ap_fixed,32u>,array<ap_fixed<16,6,5,3,0>,32u>,relu_config3>' to 'relu_array_ap_fixed_32u_array_ap_fixed_16_6_5_3_0_32u_relu_config3_s'.
WARNING: [SYN 201-103] Legalizing function name 'dense<array<ap_fixed,32u>,array<ap_fixed<16,6,5,3,0>,1u>,config4>' to 'dense_array_ap_fixed_32u_array_ap_fixed_16_6_5_3_0_1u_config4_s'.
WARNING: [SYN 201-103] Legalizing function name 'sigmoid<array,array<ap_fixed<16,6,5,3,0>,1u>,sigmoid_config5>' to 'sigmoid_array_array_ap_fixed_16_6_5_3_0_1u_sigmoid_config5_s'.
Execute         get_model_list myproject -filter all-wo-channel -topdown 
Execute         preproc_iomode -model myproject 
Execute         preproc_iomode -model sigmoid<array,array<ap_fixed<16,6,5,3,0>,1u>,sigmoid_config5> 
Execute         preproc_iomode -model dense<array<ap_fixed,32u>,array<ap_fixed<16,6,5,3,0>,1u>,config4> 
Execute         preproc_iomode -model relu<array<ap_fixed,32u>,array<ap_fixed<16,6,5,3,0>,32u>,relu_config3> 
Execute         preproc_iomode -model dense<array<ap_fixed,10u>,array<ap_fixed<16,6,5,3,0>,32u>,config2> 
Execute         get_model_list myproject -filter all-wo-channel 
INFO-FLOW: Model list for configure: dense<array<ap_fixed,10u>,array<ap_fixed<16,6,5,3,0>,32u>,config2> relu<array<ap_fixed,32u>,array<ap_fixed<16,6,5,3,0>,32u>,relu_config3> dense<array<ap_fixed,32u>,array<ap_fixed<16,6,5,3,0>,1u>,config4> sigmoid<array,array<ap_fixed<16,6,5,3,0>,1u>,sigmoid_config5> myproject
INFO-FLOW: Configuring Module : dense<array<ap_fixed,10u>,array<ap_fixed<16,6,5,3,0>,32u>,config2> ...
Execute         set_default_model dense<array<ap_fixed,10u>,array<ap_fixed<16,6,5,3,0>,32u>,config2> 
Execute         apply_spec_resource_limit dense<array<ap_fixed,10u>,array<ap_fixed<16,6,5,3,0>,32u>,config2> 
INFO-FLOW: Configuring Module : relu<array<ap_fixed,32u>,array<ap_fixed<16,6,5,3,0>,32u>,relu_config3> ...
Execute         set_default_model relu<array<ap_fixed,32u>,array<ap_fixed<16,6,5,3,0>,32u>,relu_config3> 
Execute         apply_spec_resource_limit relu<array<ap_fixed,32u>,array<ap_fixed<16,6,5,3,0>,32u>,relu_config3> 
INFO-FLOW: Configuring Module : dense<array<ap_fixed,32u>,array<ap_fixed<16,6,5,3,0>,1u>,config4> ...
Execute         set_default_model dense<array<ap_fixed,32u>,array<ap_fixed<16,6,5,3,0>,1u>,config4> 
Execute         apply_spec_resource_limit dense<array<ap_fixed,32u>,array<ap_fixed<16,6,5,3,0>,1u>,config4> 
INFO-FLOW: Configuring Module : sigmoid<array,array<ap_fixed<16,6,5,3,0>,1u>,sigmoid_config5> ...
Execute         set_default_model sigmoid<array,array<ap_fixed<16,6,5,3,0>,1u>,sigmoid_config5> 
Execute         apply_spec_resource_limit sigmoid<array,array<ap_fixed<16,6,5,3,0>,1u>,sigmoid_config5> 
INFO-FLOW: Configuring Module : myproject ...
Execute         set_default_model myproject 
Execute         apply_spec_resource_limit myproject 
INFO-FLOW: Model list for preprocess: dense<array<ap_fixed,10u>,array<ap_fixed<16,6,5,3,0>,32u>,config2> relu<array<ap_fixed,32u>,array<ap_fixed<16,6,5,3,0>,32u>,relu_config3> dense<array<ap_fixed,32u>,array<ap_fixed<16,6,5,3,0>,1u>,config4> sigmoid<array,array<ap_fixed<16,6,5,3,0>,1u>,sigmoid_config5> myproject
INFO-FLOW: Preprocessing Module: dense<array<ap_fixed,10u>,array<ap_fixed<16,6,5,3,0>,32u>,config2> ...
Execute         set_default_model dense<array<ap_fixed,10u>,array<ap_fixed<16,6,5,3,0>,32u>,config2> 
Execute         cdfg_preprocess -model dense<array<ap_fixed,10u>,array<ap_fixed<16,6,5,3,0>,32u>,config2> 
Execute         rtl_gen_preprocess dense<array<ap_fixed,10u>,array<ap_fixed<16,6,5,3,0>,32u>,config2> 
INFO-FLOW: Preprocessing Module: relu<array<ap_fixed,32u>,array<ap_fixed<16,6,5,3,0>,32u>,relu_config3> ...
Execute         set_default_model relu<array<ap_fixed,32u>,array<ap_fixed<16,6,5,3,0>,32u>,relu_config3> 
Execute         cdfg_preprocess -model relu<array<ap_fixed,32u>,array<ap_fixed<16,6,5,3,0>,32u>,relu_config3> 
Execute         rtl_gen_preprocess relu<array<ap_fixed,32u>,array<ap_fixed<16,6,5,3,0>,32u>,relu_config3> 
INFO-FLOW: Preprocessing Module: dense<array<ap_fixed,32u>,array<ap_fixed<16,6,5,3,0>,1u>,config4> ...
Execute         set_default_model dense<array<ap_fixed,32u>,array<ap_fixed<16,6,5,3,0>,1u>,config4> 
Execute         cdfg_preprocess -model dense<array<ap_fixed,32u>,array<ap_fixed<16,6,5,3,0>,1u>,config4> 
Execute         rtl_gen_preprocess dense<array<ap_fixed,32u>,array<ap_fixed<16,6,5,3,0>,1u>,config4> 
INFO-FLOW: Preprocessing Module: sigmoid<array,array<ap_fixed<16,6,5,3,0>,1u>,sigmoid_config5> ...
Execute         set_default_model sigmoid<array,array<ap_fixed<16,6,5,3,0>,1u>,sigmoid_config5> 
Execute         cdfg_preprocess -model sigmoid<array,array<ap_fixed<16,6,5,3,0>,1u>,sigmoid_config5> 
Execute         rtl_gen_preprocess sigmoid<array,array<ap_fixed<16,6,5,3,0>,1u>,sigmoid_config5> 
INFO-FLOW: Preprocessing Module: myproject ...
Execute         set_default_model myproject 
Execute         cdfg_preprocess -model myproject 
Execute         rtl_gen_preprocess myproject 
INFO-FLOW: Model list for synthesis: dense<array<ap_fixed,10u>,array<ap_fixed<16,6,5,3,0>,32u>,config2> relu<array<ap_fixed,32u>,array<ap_fixed<16,6,5,3,0>,32u>,relu_config3> dense<array<ap_fixed,32u>,array<ap_fixed<16,6,5,3,0>,1u>,config4> sigmoid<array,array<ap_fixed<16,6,5,3,0>,1u>,sigmoid_config5> myproject
INFO: [HLS 200-10] ----------------------------------------------------------------
INFO: [HLS 200-42] -- Implementing module 'dense_array_ap_fixed_10u_array_ap_fixed_16_6_5_3_0_32u_config2_s' 
INFO: [HLS 200-10] ----------------------------------------------------------------
Execute         set_default_model dense<array<ap_fixed,10u>,array<ap_fixed<16,6,5,3,0>,32u>,config2> 
Execute         schedule -model dense<array<ap_fixed,10u>,array<ap_fixed<16,6,5,3,0>,32u>,config2> 
INFO: [SCHED 204-11] Starting scheduling ...
INFO: [SCHED 204-61] Pipelining loop 'ReuseLoop'.
INFO: [HLS 200-1470] Pipelining result : Target II = 1, Final II = 1, Depth = 7, loop 'ReuseLoop'
INFO: [SCHED 204-11] Finished scheduling.
Command         schedule done; 3.29 sec.
INFO: [HLS 200-111] Finished Scheduling: CPU user time: 3.26 seconds. CPU system time: 0.2 seconds. Elapsed time: 3.66 seconds; current allocated memory: 0.000 MB.
Execute         syn_report -verbosereport -o /nethome/dkulkarni47/LightningSimHLS4MLintegration/examples/fifo_stream_models_vitis2023/KERAS_1layer/myproject_prj/solution1/.autopilot/db/dense_array_ap_fixed_10u_array_ap_fixed_16_6_5_3_0_32u_config2_s.verbose.sched.rpt 
Execute           list_part -family xc7z020-clg400-1 
Execute             ap_family_info -name xc7z020-clg400-1 -data names 
Execute             ap_part_info -quiet -name xc7z020-clg400-1 -data family 
Command         syn_report done; 0.24 sec.
Execute         db_write -o /nethome/dkulkarni47/LightningSimHLS4MLintegration/examples/fifo_stream_models_vitis2023/KERAS_1layer/myproject_prj/solution1/.autopilot/db/dense_array_ap_fixed_10u_array_ap_fixed_16_6_5_3_0_32u_config2_s.sched.adb -f 
Command         db_write done; 0.21 sec.
INFO-FLOW: Finish scheduling dense<array<ap_fixed,10u>,array<ap_fixed<16,6,5,3,0>,32u>,config2>.
Execute         set_default_model dense<array<ap_fixed,10u>,array<ap_fixed<16,6,5,3,0>,32u>,config2> 
Execute         bind -model dense<array<ap_fixed,10u>,array<ap_fixed<16,6,5,3,0>,32u>,config2> 
INFO: [BIND 205-100] Starting micro-architecture generation ...
INFO: [BIND 205-101] Performing variable lifetime analysis.
INFO: [BIND 205-101] Exploring resource sharing.
INFO: [BIND 205-101] Binding ...
INFO: [BIND 205-100] Finished micro-architecture generation.
Command         bind done; 0.23 sec.
INFO: [HLS 200-111] Finished Binding: CPU user time: 0.46 seconds. CPU system time: 0.04 seconds. Elapsed time: 0.69 seconds; current allocated memory: 0.000 MB.
Execute         syn_report -verbosereport -o /nethome/dkulkarni47/LightningSimHLS4MLintegration/examples/fifo_stream_models_vitis2023/KERAS_1layer/myproject_prj/solution1/.autopilot/db/dense_array_ap_fixed_10u_array_ap_fixed_16_6_5_3_0_32u_config2_s.verbose.bind.rpt 
Execute           list_part -family xc7z020-clg400-1 
Execute             ap_family_info -name xc7z020-clg400-1 -data names 
Execute             ap_part_info -quiet -name xc7z020-clg400-1 -data family 
Command         syn_report done; 0.13 sec.
Execute         db_write -o /nethome/dkulkarni47/LightningSimHLS4MLintegration/examples/fifo_stream_models_vitis2023/KERAS_1layer/myproject_prj/solution1/.autopilot/db/dense_array_ap_fixed_10u_array_ap_fixed_16_6_5_3_0_32u_config2_s.bind.adb -f 
Command         db_write done; 0.24 sec.
INFO-FLOW: Finish binding dense<array<ap_fixed,10u>,array<ap_fixed<16,6,5,3,0>,32u>,config2>.
INFO: [HLS 200-10] ----------------------------------------------------------------
INFO: [HLS 200-42] -- Implementing module 'relu_array_ap_fixed_32u_array_ap_fixed_16_6_5_3_0_32u_relu_config3_s' 
INFO: [HLS 200-10] ----------------------------------------------------------------
Execute         set_default_model relu<array<ap_fixed,32u>,array<ap_fixed<16,6,5,3,0>,32u>,relu_config3> 
Execute         schedule -model relu<array<ap_fixed,32u>,array<ap_fixed<16,6,5,3,0>,32u>,relu_config3> 
INFO: [SCHED 204-11] Starting scheduling ...
INFO: [SCHED 204-11] Finished scheduling.
Command         schedule done; 0.75 sec.
INFO: [HLS 200-111] Finished Scheduling: CPU user time: 0.91 seconds. CPU system time: 0.03 seconds. Elapsed time: 1.16 seconds; current allocated memory: 0.000 MB.
Execute         syn_report -verbosereport -o /nethome/dkulkarni47/LightningSimHLS4MLintegration/examples/fifo_stream_models_vitis2023/KERAS_1layer/myproject_prj/solution1/.autopilot/db/relu_array_ap_fixed_32u_array_ap_fixed_16_6_5_3_0_32u_relu_config3_s.verbose.sched.rpt 
Execute           list_part -family xc7z020-clg400-1 
Execute             ap_family_info -name xc7z020-clg400-1 -data names 
Execute             ap_part_info -quiet -name xc7z020-clg400-1 -data family 
Command         syn_report done; 0.12 sec.
Execute         db_write -o /nethome/dkulkarni47/LightningSimHLS4MLintegration/examples/fifo_stream_models_vitis2023/KERAS_1layer/myproject_prj/solution1/.autopilot/db/relu_array_ap_fixed_32u_array_ap_fixed_16_6_5_3_0_32u_relu_config3_s.sched.adb -f 
INFO-FLOW: Finish scheduling relu<array<ap_fixed,32u>,array<ap_fixed<16,6,5,3,0>,32u>,relu_config3>.
Execute         set_default_model relu<array<ap_fixed,32u>,array<ap_fixed<16,6,5,3,0>,32u>,relu_config3> 
Execute         bind -model relu<array<ap_fixed,32u>,array<ap_fixed<16,6,5,3,0>,32u>,relu_config3> 
INFO: [BIND 205-100] Starting micro-architecture generation ...
INFO: [BIND 205-101] Performing variable lifetime analysis.
INFO: [BIND 205-101] Exploring resource sharing.
INFO: [BIND 205-101] Binding ...
INFO: [BIND 205-100] Finished micro-architecture generation.
Command         bind done; 0.11 sec.
INFO: [HLS 200-111] Finished Binding: CPU user time: 0.18 seconds. CPU system time: 0.04 seconds. Elapsed time: 0.27 seconds; current allocated memory: 0.000 MB.
Execute         syn_report -verbosereport -o /nethome/dkulkarni47/LightningSimHLS4MLintegration/examples/fifo_stream_models_vitis2023/KERAS_1layer/myproject_prj/solution1/.autopilot/db/relu_array_ap_fixed_32u_array_ap_fixed_16_6_5_3_0_32u_relu_config3_s.verbose.bind.rpt 
Execute           list_part -family xc7z020-clg400-1 
Execute             ap_family_info -name xc7z020-clg400-1 -data names 
Execute             ap_part_info -quiet -name xc7z020-clg400-1 -data family 
Execute         db_write -o /nethome/dkulkarni47/LightningSimHLS4MLintegration/examples/fifo_stream_models_vitis2023/KERAS_1layer/myproject_prj/solution1/.autopilot/db/relu_array_ap_fixed_32u_array_ap_fixed_16_6_5_3_0_32u_relu_config3_s.bind.adb -f 
INFO-FLOW: Finish binding relu<array<ap_fixed,32u>,array<ap_fixed<16,6,5,3,0>,32u>,relu_config3>.
INFO: [HLS 200-10] ----------------------------------------------------------------
INFO: [HLS 200-42] -- Implementing module 'dense_array_ap_fixed_32u_array_ap_fixed_16_6_5_3_0_1u_config4_s' 
INFO: [HLS 200-10] ----------------------------------------------------------------
Execute         set_default_model dense<array<ap_fixed,32u>,array<ap_fixed<16,6,5,3,0>,1u>,config4> 
Execute         schedule -model dense<array<ap_fixed,32u>,array<ap_fixed<16,6,5,3,0>,1u>,config4> 
INFO: [SCHED 204-11] Starting scheduling ...
INFO: [SCHED 204-61] Pipelining loop 'ReuseLoop'.
INFO: [HLS 200-1470] Pipelining result : Target II = 1, Final II = 1, Depth = 10, loop 'ReuseLoop'
INFO: [SCHED 204-11] Finished scheduling.
Command         schedule done; 0.82 sec.
INFO: [HLS 200-111] Finished Scheduling: CPU user time: 0.87 seconds. CPU system time: 0.02 seconds. Elapsed time: 0.98 seconds; current allocated memory: 0.000 MB.
Execute         syn_report -verbosereport -o /nethome/dkulkarni47/LightningSimHLS4MLintegration/examples/fifo_stream_models_vitis2023/KERAS_1layer/myproject_prj/solution1/.autopilot/db/dense_array_ap_fixed_32u_array_ap_fixed_16_6_5_3_0_1u_config4_s.verbose.sched.rpt 
Execute           list_part -family xc7z020-clg400-1 
Execute             ap_family_info -name xc7z020-clg400-1 -data names 
Execute             ap_part_info -quiet -name xc7z020-clg400-1 -data family 
Command         syn_report done; 0.25 sec.
Execute         db_write -o /nethome/dkulkarni47/LightningSimHLS4MLintegration/examples/fifo_stream_models_vitis2023/KERAS_1layer/myproject_prj/solution1/.autopilot/db/dense_array_ap_fixed_32u_array_ap_fixed_16_6_5_3_0_1u_config4_s.sched.adb -f 
INFO-FLOW: Finish scheduling dense<array<ap_fixed,32u>,array<ap_fixed<16,6,5,3,0>,1u>,config4>.
Execute         set_default_model dense<array<ap_fixed,32u>,array<ap_fixed<16,6,5,3,0>,1u>,config4> 
Execute         bind -model dense<array<ap_fixed,32u>,array<ap_fixed<16,6,5,3,0>,1u>,config4> 
INFO: [BIND 205-100] Starting micro-architecture generation ...
INFO: [BIND 205-101] Performing variable lifetime analysis.
INFO: [BIND 205-101] Exploring resource sharing.
INFO: [BIND 205-101] Binding ...
INFO: [BIND 205-100] Finished micro-architecture generation.
Command         bind done; 0.2 sec.
INFO: [HLS 200-111] Finished Binding: CPU user time: 0.44 seconds. CPU system time: 0.02 seconds. Elapsed time: 0.51 seconds; current allocated memory: 0.000 MB.
Execute         syn_report -verbosereport -o /nethome/dkulkarni47/LightningSimHLS4MLintegration/examples/fifo_stream_models_vitis2023/KERAS_1layer/myproject_prj/solution1/.autopilot/db/dense_array_ap_fixed_32u_array_ap_fixed_16_6_5_3_0_1u_config4_s.verbose.bind.rpt 
Execute           list_part -family xc7z020-clg400-1 
Execute             ap_family_info -name xc7z020-clg400-1 -data names 
Execute             ap_part_info -quiet -name xc7z020-clg400-1 -data family 
Execute         db_write -o /nethome/dkulkarni47/LightningSimHLS4MLintegration/examples/fifo_stream_models_vitis2023/KERAS_1layer/myproject_prj/solution1/.autopilot/db/dense_array_ap_fixed_32u_array_ap_fixed_16_6_5_3_0_1u_config4_s.bind.adb -f 
INFO-FLOW: Finish binding dense<array<ap_fixed,32u>,array<ap_fixed<16,6,5,3,0>,1u>,config4>.
INFO: [HLS 200-10] ----------------------------------------------------------------
INFO: [HLS 200-42] -- Implementing module 'sigmoid_array_array_ap_fixed_16_6_5_3_0_1u_sigmoid_config5_s' 
INFO: [HLS 200-10] ----------------------------------------------------------------
Execute         set_default_model sigmoid<array,array<ap_fixed<16,6,5,3,0>,1u>,sigmoid_config5> 
Execute         schedule -model sigmoid<array,array<ap_fixed<16,6,5,3,0>,1u>,sigmoid_config5> 
INFO: [SCHED 204-11] Starting scheduling ...
INFO: [SCHED 204-11] Finished scheduling.
Command         schedule done; 0.24 sec.
INFO: [HLS 200-111] Finished Scheduling: CPU user time: 0.36 seconds. CPU system time: 0.02 seconds. Elapsed time: 0.44 seconds; current allocated memory: 0.000 MB.
Execute         syn_report -verbosereport -o /nethome/dkulkarni47/LightningSimHLS4MLintegration/examples/fifo_stream_models_vitis2023/KERAS_1layer/myproject_prj/solution1/.autopilot/db/sigmoid_array_array_ap_fixed_16_6_5_3_0_1u_sigmoid_config5_s.verbose.sched.rpt 
Execute           list_part -family xc7z020-clg400-1 
Execute             ap_family_info -name xc7z020-clg400-1 -data names 
Execute             ap_part_info -quiet -name xc7z020-clg400-1 -data family 
Command         syn_report done; 0.17 sec.
Execute         db_write -o /nethome/dkulkarni47/LightningSimHLS4MLintegration/examples/fifo_stream_models_vitis2023/KERAS_1layer/myproject_prj/solution1/.autopilot/db/sigmoid_array_array_ap_fixed_16_6_5_3_0_1u_sigmoid_config5_s.sched.adb -f 
INFO-FLOW: Finish scheduling sigmoid<array,array<ap_fixed<16,6,5,3,0>,1u>,sigmoid_config5>.
Execute         set_default_model sigmoid<array,array<ap_fixed<16,6,5,3,0>,1u>,sigmoid_config5> 
Execute         bind -model sigmoid<array,array<ap_fixed<16,6,5,3,0>,1u>,sigmoid_config5> 
INFO: [BIND 205-100] Starting micro-architecture generation ...
INFO: [BIND 205-101] Performing variable lifetime analysis.
INFO: [BIND 205-101] Exploring resource sharing.
INFO: [BIND 205-101] Binding ...
INFO: [BIND 205-100] Finished micro-architecture generation.
Command         bind done; 0.13 sec.
INFO: [HLS 200-111] Finished Binding: CPU user time: 0.26 seconds. CPU system time: 0.01 seconds. Elapsed time: 0.31 seconds; current allocated memory: 0.000 MB.
Execute         syn_report -verbosereport -o /nethome/dkulkarni47/LightningSimHLS4MLintegration/examples/fifo_stream_models_vitis2023/KERAS_1layer/myproject_prj/solution1/.autopilot/db/sigmoid_array_array_ap_fixed_16_6_5_3_0_1u_sigmoid_config5_s.verbose.bind.rpt 
Execute           list_part -family xc7z020-clg400-1 
Execute             ap_family_info -name xc7z020-clg400-1 -data names 
Execute             ap_part_info -quiet -name xc7z020-clg400-1 -data family 
Execute         db_write -o /nethome/dkulkarni47/LightningSimHLS4MLintegration/examples/fifo_stream_models_vitis2023/KERAS_1layer/myproject_prj/solution1/.autopilot/db/sigmoid_array_array_ap_fixed_16_6_5_3_0_1u_sigmoid_config5_s.bind.adb -f 
INFO-FLOW: Finish binding sigmoid<array,array<ap_fixed<16,6,5,3,0>,1u>,sigmoid_config5>.
INFO: [HLS 200-10] ----------------------------------------------------------------
INFO: [HLS 200-42] -- Implementing module 'myproject' 
INFO: [HLS 200-10] ----------------------------------------------------------------
Execute         set_default_model myproject 
Execute         schedule -model myproject 
INFO: [SCHED 204-11] Starting scheduling ...
INFO: [SCHED 204-11] Finished scheduling.
WARNING: [HLS 200-1018] Consider increasing the depth of FIFO layer2_out (from dense_array_ap_fixed_10u_array_ap_fixed_16_6_5_3_0_32u_config2_U0 to relu_array_ap_fixed_32u_array_ap_fixed_16_6_5_3_0_32u_relu_config3_U0) to 2 to improve performance and/or avoid deadlocks.
WARNING: [HLS 200-1018] Consider increasing the depth of FIFO layer3_out (from relu_array_ap_fixed_32u_array_ap_fixed_16_6_5_3_0_32u_relu_config3_U0 to dense_array_ap_fixed_32u_array_ap_fixed_16_6_5_3_0_1u_config4_U0) to 2 to improve performance and/or avoid deadlocks.
WARNING: [HLS 200-1018] Consider increasing the depth of FIFO layer4_out (from dense_array_ap_fixed_32u_array_ap_fixed_16_6_5_3_0_1u_config4_U0 to sigmoid_array_array_ap_fixed_16_6_5_3_0_1u_sigmoid_config5_U0) to 2 to improve performance and/or avoid deadlocks.
Command         schedule done; 0.19 sec.
INFO: [HLS 200-111] Finished Scheduling: CPU user time: 0.22 seconds. CPU system time: 0.01 seconds. Elapsed time: 0.29 seconds; current allocated memory: 0.000 MB.
Execute         syn_report -verbosereport -o /nethome/dkulkarni47/LightningSimHLS4MLintegration/examples/fifo_stream_models_vitis2023/KERAS_1layer/myproject_prj/solution1/.autopilot/db/myproject.verbose.sched.rpt 
Execute           list_part -family xc7z020-clg400-1 
Execute             ap_family_info -name xc7z020-clg400-1 -data names 
Execute             ap_part_info -quiet -name xc7z020-clg400-1 -data family 
Command         syn_report done; 0.23 sec.
Execute         db_write -o /nethome/dkulkarni47/LightningSimHLS4MLintegration/examples/fifo_stream_models_vitis2023/KERAS_1layer/myproject_prj/solution1/.autopilot/db/myproject.sched.adb -f 
INFO-FLOW: Finish scheduling myproject.
Execute         set_default_model myproject 
Execute         bind -model myproject 
INFO: [BIND 205-100] Starting micro-architecture generation ...
INFO: [BIND 205-101] Performing variable lifetime analysis.
INFO: [BIND 205-101] Exploring resource sharing.
INFO: [BIND 205-101] Binding ...
INFO: [BIND 205-100] Finished micro-architecture generation.
Command         bind done; 0.2 sec.
INFO: [HLS 200-111] Finished Binding: CPU user time: 0.38 seconds. CPU system time: 0.03 seconds. Elapsed time: 0.44 seconds; current allocated memory: 0.000 MB.
Execute         syn_report -verbosereport -o /nethome/dkulkarni47/LightningSimHLS4MLintegration/examples/fifo_stream_models_vitis2023/KERAS_1layer/myproject_prj/solution1/.autopilot/db/myproject.verbose.bind.rpt 
Execute           list_part -family xc7z020-clg400-1 
Execute             ap_family_info -name xc7z020-clg400-1 -data names 
Execute             ap_part_info -quiet -name xc7z020-clg400-1 -data family 
Command         syn_report done; 0.44 sec.
Execute         db_write -o /nethome/dkulkarni47/LightningSimHLS4MLintegration/examples/fifo_stream_models_vitis2023/KERAS_1layer/myproject_prj/solution1/.autopilot/db/myproject.bind.adb -f 
Command         db_write done; 0.33 sec.
INFO-FLOW: Finish binding myproject.
Execute         get_model_list myproject -filter all-wo-channel 
INFO-FLOW: Preprocessing for RTLGen ...
Execute         rtl_gen_preprocess dense<array<ap_fixed,10u>,array<ap_fixed<16,6,5,3,0>,32u>,config2> 
Execute         rtl_gen_preprocess relu<array<ap_fixed,32u>,array<ap_fixed<16,6,5,3,0>,32u>,relu_config3> 
Execute         rtl_gen_preprocess dense<array<ap_fixed,32u>,array<ap_fixed<16,6,5,3,0>,1u>,config4> 
Execute         rtl_gen_preprocess sigmoid<array,array<ap_fixed<16,6,5,3,0>,1u>,sigmoid_config5> 
Execute         rtl_gen_preprocess myproject 
INFO-FLOW: Model list for RTL generation: dense<array<ap_fixed,10u>,array<ap_fixed<16,6,5,3,0>,32u>,config2> relu<array<ap_fixed,32u>,array<ap_fixed<16,6,5,3,0>,32u>,relu_config3> dense<array<ap_fixed,32u>,array<ap_fixed<16,6,5,3,0>,1u>,config4> sigmoid<array,array<ap_fixed<16,6,5,3,0>,1u>,sigmoid_config5> myproject
INFO: [HLS 200-10] ----------------------------------------------------------------
INFO: [HLS 200-10] -- Generating RTL for module 'dense_array_ap_fixed_10u_array_ap_fixed_16_6_5_3_0_32u_config2_s' 
INFO: [HLS 200-10] ----------------------------------------------------------------
Execute         create_rtl_model dense<array<ap_fixed,10u>,array<ap_fixed<16,6,5,3,0>,32u>,config2> -top_prefix myproject_ -sub_prefix myproject_ -mg_file /nethome/dkulkarni47/LightningSimHLS4MLintegration/examples/fifo_stream_models_vitis2023/KERAS_1layer/myproject_prj/solution1/.autopilot/db/dense_array_ap_fixed_10u_array_ap_fixed_16_6_5_3_0_32u_config2_s.compgen.tcl 
INFO: [SYN 201-210] Renamed object name 'dense_array_ap_fixed_10u_array_ap_fixed_16_6_5_3_0_32u_config2_s_w2_66_ROM_NP_BRAM_1R' to 'dense_array_ap_fixed_10u_array_ap_fixed_16_6_5_3_0_32u_config2_s_w2_66_ROM_NPbkb' due to the length limit 80
INFO: [RTGEN 206-100] Generating core module 'mul_16s_12s_26_2_1': 1 instance(s).
INFO: [RTGEN 206-100] Generating core module 'mul_16s_16s_26_2_1': 63 instance(s).
INFO: [RTGEN 206-100] Generating core module 'mux_5_3_16_1_1': 2 instance(s).
INFO: [RTGEN 206-100] Finished creating RTL model for 'dense_array_ap_fixed_10u_array_ap_fixed_16_6_5_3_0_32u_config2_s'.
INFO: [RTMG 210-279] Implementing memory 'myproject_dense_array_ap_fixed_10u_array_ap_fixed_16_6_5_3_0_32u_config2_s_w2_66_ROM_NPbkb' using block ROMs.
Command         create_rtl_model done; 0.54 sec.
INFO: [HLS 200-111] Finished Creating RTL model: CPU user time: 0.44 seconds. CPU system time: 0.02 seconds. Elapsed time: 1.36 seconds; current allocated memory: 0.000 MB.
Execute         source /nethome/dkulkarni47/LightningSimHLS4MLintegration/examples/fifo_stream_models_vitis2023/KERAS_1layer/myproject_prj/solution1/.autopilot/db/myproject.rtl_wrap.cfg.tcl 
Execute         gen_rtl dense<array<ap_fixed,10u>,array<ap_fixed<16,6,5,3,0>,32u>,config2> -style xilinx -f -lang vhdl -o /nethome/dkulkarni47/LightningSimHLS4MLintegration/examples/fifo_stream_models_vitis2023/KERAS_1layer/myproject_prj/solution1/syn/vhdl/myproject_dense_array_ap_fixed_10u_array_ap_fixed_16_6_5_3_0_32u_config2_s 
Execute         gen_rtl dense<array<ap_fixed,10u>,array<ap_fixed<16,6,5,3,0>,32u>,config2> -style xilinx -f -lang vlog -o /nethome/dkulkarni47/LightningSimHLS4MLintegration/examples/fifo_stream_models_vitis2023/KERAS_1layer/myproject_prj/solution1/syn/verilog/myproject_dense_array_ap_fixed_10u_array_ap_fixed_16_6_5_3_0_32u_config2_s 
Execute         syn_report -csynth -model dense<array<ap_fixed,10u>,array<ap_fixed<16,6,5,3,0>,32u>,config2> -o /nethome/dkulkarni47/LightningSimHLS4MLintegration/examples/fifo_stream_models_vitis2023/KERAS_1layer/myproject_prj/solution1/syn/report/dense_array_ap_fixed_10u_array_ap_fixed_16_6_5_3_0_32u_config2_s_csynth.rpt 
Execute           list_part -family xc7z020-clg400-1 
Execute             ap_family_info -name xc7z020-clg400-1 -data names 
Execute             ap_part_info -quiet -name xc7z020-clg400-1 -data family 
Command         syn_report done; 0.51 sec.
Execute         syn_report -rtlxml -model dense<array<ap_fixed,10u>,array<ap_fixed<16,6,5,3,0>,32u>,config2> -o /nethome/dkulkarni47/LightningSimHLS4MLintegration/examples/fifo_stream_models_vitis2023/KERAS_1layer/myproject_prj/solution1/syn/report/dense_array_ap_fixed_10u_array_ap_fixed_16_6_5_3_0_32u_config2_s_csynth.xml 
Execute           list_part -family xc7z020-clg400-1 
Execute             ap_family_info -name xc7z020-clg400-1 -data names 
Execute             ap_part_info -quiet -name xc7z020-clg400-1 -data family 
Command         syn_report done; 0.15 sec.
Execute         syn_report -verbosereport -model dense<array<ap_fixed,10u>,array<ap_fixed<16,6,5,3,0>,32u>,config2> -o /nethome/dkulkarni47/LightningSimHLS4MLintegration/examples/fifo_stream_models_vitis2023/KERAS_1layer/myproject_prj/solution1/.autopilot/db/dense_array_ap_fixed_10u_array_ap_fixed_16_6_5_3_0_32u_config2_s.verbose.rpt 
Execute           list_part -family xc7z020-clg400-1 
Execute             ap_family_info -name xc7z020-clg400-1 -data names 
Execute             ap_part_info -quiet -name xc7z020-clg400-1 -data family 
Command         syn_report done; 0.25 sec.
Execute         db_write -model dense<array<ap_fixed,10u>,array<ap_fixed<16,6,5,3,0>,32u>,config2> -f -o /nethome/dkulkarni47/LightningSimHLS4MLintegration/examples/fifo_stream_models_vitis2023/KERAS_1layer/myproject_prj/solution1/.autopilot/db/dense_array_ap_fixed_10u_array_ap_fixed_16_6_5_3_0_32u_config2_s.adb 
Command         db_write done; 0.32 sec.
Execute         db_write -model dense<array<ap_fixed,10u>,array<ap_fixed<16,6,5,3,0>,32u>,config2> -bindview -o /nethome/dkulkarni47/LightningSimHLS4MLintegration/examples/fifo_stream_models_vitis2023/KERAS_1layer/myproject_prj/solution1/.autopilot/db/design.bindinfo.xml 
Execute         gen_tb_info dense<array<ap_fixed,10u>,array<ap_fixed<16,6,5,3,0>,32u>,config2> -p /nethome/dkulkarni47/LightningSimHLS4MLintegration/examples/fifo_stream_models_vitis2023/KERAS_1layer/myproject_prj/solution1/.autopilot/db -o /nethome/dkulkarni47/LightningSimHLS4MLintegration/examples/fifo_stream_models_vitis2023/KERAS_1layer/myproject_prj/solution1/.autopilot/db/dense_array_ap_fixed_10u_array_ap_fixed_16_6_5_3_0_32u_config2_s 
INFO: [HLS 200-10] ----------------------------------------------------------------
INFO: [HLS 200-10] -- Generating RTL for module 'relu_array_ap_fixed_32u_array_ap_fixed_16_6_5_3_0_32u_relu_config3_s' 
INFO: [HLS 200-10] ----------------------------------------------------------------
Execute         create_rtl_model relu<array<ap_fixed,32u>,array<ap_fixed<16,6,5,3,0>,32u>,relu_config3> -top_prefix myproject_ -sub_prefix myproject_ -mg_file /nethome/dkulkarni47/LightningSimHLS4MLintegration/examples/fifo_stream_models_vitis2023/KERAS_1layer/myproject_prj/solution1/.autopilot/db/relu_array_ap_fixed_32u_array_ap_fixed_16_6_5_3_0_32u_relu_config3_s.compgen.tcl 
INFO: [RTGEN 206-100] Finished creating RTL model for 'relu_array_ap_fixed_32u_array_ap_fixed_16_6_5_3_0_32u_relu_config3_s'.
Command         create_rtl_model done; 0.11 sec.
INFO: [HLS 200-111] Finished Creating RTL model: CPU user time: 1.2 seconds. CPU system time: 0.11 seconds. Elapsed time: 1.81 seconds; current allocated memory: 0.000 MB.
Execute         source /nethome/dkulkarni47/LightningSimHLS4MLintegration/examples/fifo_stream_models_vitis2023/KERAS_1layer/myproject_prj/solution1/.autopilot/db/myproject.rtl_wrap.cfg.tcl 
Execute         gen_rtl relu<array<ap_fixed,32u>,array<ap_fixed<16,6,5,3,0>,32u>,relu_config3> -style xilinx -f -lang vhdl -o /nethome/dkulkarni47/LightningSimHLS4MLintegration/examples/fifo_stream_models_vitis2023/KERAS_1layer/myproject_prj/solution1/syn/vhdl/myproject_relu_array_ap_fixed_32u_array_ap_fixed_16_6_5_3_0_32u_relu_config3_s 
Execute         gen_rtl relu<array<ap_fixed,32u>,array<ap_fixed<16,6,5,3,0>,32u>,relu_config3> -style xilinx -f -lang vlog -o /nethome/dkulkarni47/LightningSimHLS4MLintegration/examples/fifo_stream_models_vitis2023/KERAS_1layer/myproject_prj/solution1/syn/verilog/myproject_relu_array_ap_fixed_32u_array_ap_fixed_16_6_5_3_0_32u_relu_config3_s 
Execute         syn_report -csynth -model relu<array<ap_fixed,32u>,array<ap_fixed<16,6,5,3,0>,32u>,relu_config3> -o /nethome/dkulkarni47/LightningSimHLS4MLintegration/examples/fifo_stream_models_vitis2023/KERAS_1layer/myproject_prj/solution1/syn/report/relu_array_ap_fixed_32u_array_ap_fixed_16_6_5_3_0_32u_relu_config3_s_csynth.rpt 
Execute           list_part -family xc7z020-clg400-1 
Execute             ap_family_info -name xc7z020-clg400-1 -data names 
Execute             ap_part_info -quiet -name xc7z020-clg400-1 -data family 
Execute         syn_report -rtlxml -model relu<array<ap_fixed,32u>,array<ap_fixed<16,6,5,3,0>,32u>,relu_config3> -o /nethome/dkulkarni47/LightningSimHLS4MLintegration/examples/fifo_stream_models_vitis2023/KERAS_1layer/myproject_prj/solution1/syn/report/relu_array_ap_fixed_32u_array_ap_fixed_16_6_5_3_0_32u_relu_config3_s_csynth.xml 
Execute           list_part -family xc7z020-clg400-1 
Execute             ap_family_info -name xc7z020-clg400-1 -data names 
Execute             ap_part_info -quiet -name xc7z020-clg400-1 -data family 
Execute         syn_report -verbosereport -model relu<array<ap_fixed,32u>,array<ap_fixed<16,6,5,3,0>,32u>,relu_config3> -o /nethome/dkulkarni47/LightningSimHLS4MLintegration/examples/fifo_stream_models_vitis2023/KERAS_1layer/myproject_prj/solution1/.autopilot/db/relu_array_ap_fixed_32u_array_ap_fixed_16_6_5_3_0_32u_relu_config3_s.verbose.rpt 
Execute           list_part -family xc7z020-clg400-1 
Execute             ap_family_info -name xc7z020-clg400-1 -data names 
Execute             ap_part_info -quiet -name xc7z020-clg400-1 -data family 
Command         syn_report done; 0.31 sec.
Execute         db_write -model relu<array<ap_fixed,32u>,array<ap_fixed<16,6,5,3,0>,32u>,relu_config3> -f -o /nethome/dkulkarni47/LightningSimHLS4MLintegration/examples/fifo_stream_models_vitis2023/KERAS_1layer/myproject_prj/solution1/.autopilot/db/relu_array_ap_fixed_32u_array_ap_fixed_16_6_5_3_0_32u_relu_config3_s.adb 
Command         db_write done; 0.33 sec.
Execute         db_write -model relu<array<ap_fixed,32u>,array<ap_fixed<16,6,5,3,0>,32u>,relu_config3> -bindview -o /nethome/dkulkarni47/LightningSimHLS4MLintegration/examples/fifo_stream_models_vitis2023/KERAS_1layer/myproject_prj/solution1/.autopilot/db/design.bindinfo.xml 
Execute         gen_tb_info relu<array<ap_fixed,32u>,array<ap_fixed<16,6,5,3,0>,32u>,relu_config3> -p /nethome/dkulkarni47/LightningSimHLS4MLintegration/examples/fifo_stream_models_vitis2023/KERAS_1layer/myproject_prj/solution1/.autopilot/db -o /nethome/dkulkarni47/LightningSimHLS4MLintegration/examples/fifo_stream_models_vitis2023/KERAS_1layer/myproject_prj/solution1/.autopilot/db/relu_array_ap_fixed_32u_array_ap_fixed_16_6_5_3_0_32u_relu_config3_s 
INFO: [HLS 200-10] ----------------------------------------------------------------
INFO: [HLS 200-10] -- Generating RTL for module 'dense_array_ap_fixed_32u_array_ap_fixed_16_6_5_3_0_1u_config4_s' 
INFO: [HLS 200-10] ----------------------------------------------------------------
Execute         create_rtl_model dense<array<ap_fixed,32u>,array<ap_fixed<16,6,5,3,0>,1u>,config4> -top_prefix myproject_ -sub_prefix myproject_ -mg_file /nethome/dkulkarni47/LightningSimHLS4MLintegration/examples/fifo_stream_models_vitis2023/KERAS_1layer/myproject_prj/solution1/.autopilot/db/dense_array_ap_fixed_32u_array_ap_fixed_16_6_5_3_0_1u_config4_s.compgen.tcl 
INFO: [SYN 201-210] Renamed object name 'dense_array_ap_fixed_32u_array_ap_fixed_16_6_5_3_0_1u_config4_s_w4_67_ROM_NP_BRAM_1R' to 'dense_array_ap_fixed_32u_array_ap_fixed_16_6_5_3_0_1u_config4_s_w4_67_ROM_NP_cud' due to the length limit 80
INFO: [RTGEN 206-100] Generating core module 'mul_16s_11s_26_2_1': 1 instance(s).
INFO: [RTGEN 206-100] Generating core module 'mul_16s_16s_26_2_1': 7 instance(s).
INFO: [RTGEN 206-100] Generating core module 'mux_4_2_16_1_1': 8 instance(s).
INFO: [RTGEN 206-100] Finished creating RTL model for 'dense_array_ap_fixed_32u_array_ap_fixed_16_6_5_3_0_1u_config4_s'.
INFO: [RTMG 210-279] Implementing memory 'myproject_dense_array_ap_fixed_32u_array_ap_fixed_16_6_5_3_0_1u_config4_s_w4_67_ROM_NP_cud' using block ROMs.
Command         create_rtl_model done; 0.19 sec.
INFO: [HLS 200-111] Finished Creating RTL model: CPU user time: 0.92 seconds. CPU system time: 0.08 seconds. Elapsed time: 1.16 seconds; current allocated memory: 0.000 MB.
Execute         source /nethome/dkulkarni47/LightningSimHLS4MLintegration/examples/fifo_stream_models_vitis2023/KERAS_1layer/myproject_prj/solution1/.autopilot/db/myproject.rtl_wrap.cfg.tcl 
Execute         gen_rtl dense<array<ap_fixed,32u>,array<ap_fixed<16,6,5,3,0>,1u>,config4> -style xilinx -f -lang vhdl -o /nethome/dkulkarni47/LightningSimHLS4MLintegration/examples/fifo_stream_models_vitis2023/KERAS_1layer/myproject_prj/solution1/syn/vhdl/myproject_dense_array_ap_fixed_32u_array_ap_fixed_16_6_5_3_0_1u_config4_s 
Execute         gen_rtl dense<array<ap_fixed,32u>,array<ap_fixed<16,6,5,3,0>,1u>,config4> -style xilinx -f -lang vlog -o /nethome/dkulkarni47/LightningSimHLS4MLintegration/examples/fifo_stream_models_vitis2023/KERAS_1layer/myproject_prj/solution1/syn/verilog/myproject_dense_array_ap_fixed_32u_array_ap_fixed_16_6_5_3_0_1u_config4_s 
Execute         syn_report -csynth -model dense<array<ap_fixed,32u>,array<ap_fixed<16,6,5,3,0>,1u>,config4> -o /nethome/dkulkarni47/LightningSimHLS4MLintegration/examples/fifo_stream_models_vitis2023/KERAS_1layer/myproject_prj/solution1/syn/report/dense_array_ap_fixed_32u_array_ap_fixed_16_6_5_3_0_1u_config4_s_csynth.rpt 
Execute           list_part -family xc7z020-clg400-1 
Execute             ap_family_info -name xc7z020-clg400-1 -data names 
Execute             ap_part_info -quiet -name xc7z020-clg400-1 -data family 
Command         syn_report done; 0.2 sec.
Execute         syn_report -rtlxml -model dense<array<ap_fixed,32u>,array<ap_fixed<16,6,5,3,0>,1u>,config4> -o /nethome/dkulkarni47/LightningSimHLS4MLintegration/examples/fifo_stream_models_vitis2023/KERAS_1layer/myproject_prj/solution1/syn/report/dense_array_ap_fixed_32u_array_ap_fixed_16_6_5_3_0_1u_config4_s_csynth.xml 
Execute           list_part -family xc7z020-clg400-1 
Execute             ap_family_info -name xc7z020-clg400-1 -data names 
Execute             ap_part_info -quiet -name xc7z020-clg400-1 -data family 
Execute         syn_report -verbosereport -model dense<array<ap_fixed,32u>,array<ap_fixed<16,6,5,3,0>,1u>,config4> -o /nethome/dkulkarni47/LightningSimHLS4MLintegration/examples/fifo_stream_models_vitis2023/KERAS_1layer/myproject_prj/solution1/.autopilot/db/dense_array_ap_fixed_32u_array_ap_fixed_16_6_5_3_0_1u_config4_s.verbose.rpt 
Execute           list_part -family xc7z020-clg400-1 
Execute             ap_family_info -name xc7z020-clg400-1 -data names 
Execute             ap_part_info -quiet -name xc7z020-clg400-1 -data family 
Command         syn_report done; 0.19 sec.
Execute         db_write -model dense<array<ap_fixed,32u>,array<ap_fixed<16,6,5,3,0>,1u>,config4> -f -o /nethome/dkulkarni47/LightningSimHLS4MLintegration/examples/fifo_stream_models_vitis2023/KERAS_1layer/myproject_prj/solution1/.autopilot/db/dense_array_ap_fixed_32u_array_ap_fixed_16_6_5_3_0_1u_config4_s.adb 
Command         db_write done; 0.16 sec.
Execute         db_write -model dense<array<ap_fixed,32u>,array<ap_fixed<16,6,5,3,0>,1u>,config4> -bindview -o /nethome/dkulkarni47/LightningSimHLS4MLintegration/examples/fifo_stream_models_vitis2023/KERAS_1layer/myproject_prj/solution1/.autopilot/db/design.bindinfo.xml 
Execute         gen_tb_info dense<array<ap_fixed,32u>,array<ap_fixed<16,6,5,3,0>,1u>,config4> -p /nethome/dkulkarni47/LightningSimHLS4MLintegration/examples/fifo_stream_models_vitis2023/KERAS_1layer/myproject_prj/solution1/.autopilot/db -o /nethome/dkulkarni47/LightningSimHLS4MLintegration/examples/fifo_stream_models_vitis2023/KERAS_1layer/myproject_prj/solution1/.autopilot/db/dense_array_ap_fixed_32u_array_ap_fixed_16_6_5_3_0_1u_config4_s 
INFO: [HLS 200-10] ----------------------------------------------------------------
INFO: [HLS 200-10] -- Generating RTL for module 'sigmoid_array_array_ap_fixed_16_6_5_3_0_1u_sigmoid_config5_s' 
INFO: [HLS 200-10] ----------------------------------------------------------------
Execute         create_rtl_model sigmoid<array,array<ap_fixed<16,6,5,3,0>,1u>,sigmoid_config5> -top_prefix myproject_ -sub_prefix myproject_ -mg_file /nethome/dkulkarni47/LightningSimHLS4MLintegration/examples/fifo_stream_models_vitis2023/KERAS_1layer/myproject_prj/solution1/.autopilot/db/sigmoid_array_array_ap_fixed_16_6_5_3_0_1u_sigmoid_config5_s.compgen.tcl 
INFO: [SYN 201-210] Renamed object name 'sigmoid_array_array_ap_fixed_16_6_5_3_0_1u_sigmoid_config5_s_sigmoid_table_ROM_AUTO_1R' to 'sigmoid_array_array_ap_fixed_16_6_5_3_0_1u_sigmoid_config5_s_sigmoid_table_ROdEe' due to the length limit 80
INFO: [RTGEN 206-100] Finished creating RTL model for 'sigmoid_array_array_ap_fixed_16_6_5_3_0_1u_sigmoid_config5_s'.
INFO: [RTMG 210-279] Implementing memory 'myproject_sigmoid_array_array_ap_fixed_16_6_5_3_0_1u_sigmoid_config5_s_sigmoid_table_ROdEe' using auto ROMs.
INFO: [HLS 200-111] Finished Creating RTL model: CPU user time: 0.74 seconds. CPU system time: 0.05 seconds. Elapsed time: 0.93 seconds; current allocated memory: 0.000 MB.
Execute         source /nethome/dkulkarni47/LightningSimHLS4MLintegration/examples/fifo_stream_models_vitis2023/KERAS_1layer/myproject_prj/solution1/.autopilot/db/myproject.rtl_wrap.cfg.tcl 
Execute         gen_rtl sigmoid<array,array<ap_fixed<16,6,5,3,0>,1u>,sigmoid_config5> -style xilinx -f -lang vhdl -o /nethome/dkulkarni47/LightningSimHLS4MLintegration/examples/fifo_stream_models_vitis2023/KERAS_1layer/myproject_prj/solution1/syn/vhdl/myproject_sigmoid_array_array_ap_fixed_16_6_5_3_0_1u_sigmoid_config5_s 
Execute         gen_rtl sigmoid<array,array<ap_fixed<16,6,5,3,0>,1u>,sigmoid_config5> -style xilinx -f -lang vlog -o /nethome/dkulkarni47/LightningSimHLS4MLintegration/examples/fifo_stream_models_vitis2023/KERAS_1layer/myproject_prj/solution1/syn/verilog/myproject_sigmoid_array_array_ap_fixed_16_6_5_3_0_1u_sigmoid_config5_s 
Execute         syn_report -csynth -model sigmoid<array,array<ap_fixed<16,6,5,3,0>,1u>,sigmoid_config5> -o /nethome/dkulkarni47/LightningSimHLS4MLintegration/examples/fifo_stream_models_vitis2023/KERAS_1layer/myproject_prj/solution1/syn/report/sigmoid_array_array_ap_fixed_16_6_5_3_0_1u_sigmoid_config5_s_csynth.rpt 
Execute           list_part -family xc7z020-clg400-1 
Execute             ap_family_info -name xc7z020-clg400-1 -data names 
Execute             ap_part_info -quiet -name xc7z020-clg400-1 -data family 
Execute         syn_report -rtlxml -model sigmoid<array,array<ap_fixed<16,6,5,3,0>,1u>,sigmoid_config5> -o /nethome/dkulkarni47/LightningSimHLS4MLintegration/examples/fifo_stream_models_vitis2023/KERAS_1layer/myproject_prj/solution1/syn/report/sigmoid_array_array_ap_fixed_16_6_5_3_0_1u_sigmoid_config5_s_csynth.xml 
Execute           list_part -family xc7z020-clg400-1 
Execute             ap_family_info -name xc7z020-clg400-1 -data names 
Execute             ap_part_info -quiet -name xc7z020-clg400-1 -data family 
Execute         syn_report -verbosereport -model sigmoid<array,array<ap_fixed<16,6,5,3,0>,1u>,sigmoid_config5> -o /nethome/dkulkarni47/LightningSimHLS4MLintegration/examples/fifo_stream_models_vitis2023/KERAS_1layer/myproject_prj/solution1/.autopilot/db/sigmoid_array_array_ap_fixed_16_6_5_3_0_1u_sigmoid_config5_s.verbose.rpt 
Execute           list_part -family xc7z020-clg400-1 
Execute             ap_family_info -name xc7z020-clg400-1 -data names 
Execute             ap_part_info -quiet -name xc7z020-clg400-1 -data family 
Execute         db_write -model sigmoid<array,array<ap_fixed<16,6,5,3,0>,1u>,sigmoid_config5> -f -o /nethome/dkulkarni47/LightningSimHLS4MLintegration/examples/fifo_stream_models_vitis2023/KERAS_1layer/myproject_prj/solution1/.autopilot/db/sigmoid_array_array_ap_fixed_16_6_5_3_0_1u_sigmoid_config5_s.adb 
Execute         db_write -model sigmoid<array,array<ap_fixed<16,6,5,3,0>,1u>,sigmoid_config5> -bindview -o /nethome/dkulkarni47/LightningSimHLS4MLintegration/examples/fifo_stream_models_vitis2023/KERAS_1layer/myproject_prj/solution1/.autopilot/db/design.bindinfo.xml 
Execute         gen_tb_info sigmoid<array,array<ap_fixed<16,6,5,3,0>,1u>,sigmoid_config5> -p /nethome/dkulkarni47/LightningSimHLS4MLintegration/examples/fifo_stream_models_vitis2023/KERAS_1layer/myproject_prj/solution1/.autopilot/db -o /nethome/dkulkarni47/LightningSimHLS4MLintegration/examples/fifo_stream_models_vitis2023/KERAS_1layer/myproject_prj/solution1/.autopilot/db/sigmoid_array_array_ap_fixed_16_6_5_3_0_1u_sigmoid_config5_s 
INFO: [HLS 200-10] ----------------------------------------------------------------
INFO: [HLS 200-10] -- Generating RTL for module 'myproject' 
INFO: [HLS 200-10] ----------------------------------------------------------------
Execute         create_rtl_model myproject -top_prefix  -sub_prefix myproject_ -mg_file /nethome/dkulkarni47/LightningSimHLS4MLintegration/examples/fifo_stream_models_vitis2023/KERAS_1layer/myproject_prj/solution1/.autopilot/db/myproject.compgen.tcl 
WARNING: [RTGEN 206-101] Design contains AXI ports. Reset is fixed to synchronous and active low.
INFO: [RTGEN 206-500] Setting interface mode on port 'myproject/input_1' to 'axis' (register, both mode).
INFO: [RTGEN 206-500] Setting interface mode on port 'myproject/layer5_out' to 'axis' (register, both mode).
INFO: [RTGEN 206-500] Setting interface mode on function 'myproject' to 'ap_ctrl_hs'.
INFO: [RTGEN 206-100] Finished creating RTL model for 'myproject'.
INFO: [RTMG 210-285] Implementing FIFO 'layer2_out_U(myproject_fifo_w512_d1_S)' using Shift Registers.
INFO: [RTMG 210-285] Implementing FIFO 'layer3_out_U(myproject_fifo_w512_d1_S)' using Shift Registers.
INFO: [RTMG 210-285] Implementing FIFO 'layer4_out_U(myproject_fifo_w16_d1_S)' using Shift Registers.
INFO: [RTMG 210-285] Implementing FIFO 'start_for_relu_array_ap_fixed_32u_array_ap_fixed_16_6_5_3_0_32u_relu_config3_U0_U(myproject_start_for_relu_array_ap_fixed_32u_array_ap_fixed_16_6_5_3_0_32u_relu_config3_U0)' using Shift Registers.
INFO: [RTMG 210-285] Implementing FIFO 'start_for_dense_array_ap_fixed_32u_array_ap_fixed_16_6_5_3_0_1u_config4_U0_U(myproject_start_for_dense_array_ap_fixed_32u_array_ap_fixed_16_6_5_3_0_1u_config4_U0)' using Shift Registers.
INFO: [RTMG 210-285] Implementing FIFO 'start_for_sigmoid_array_array_ap_fixed_16_6_5_3_0_1u_sigmoid_config5_U0_U(myproject_start_for_sigmoid_array_array_ap_fixed_16_6_5_3_0_1u_sigmoid_config5_U0)' using Shift Registers.
Command         create_rtl_model done; 0.22 sec.
INFO: [HLS 200-111] Finished Creating RTL model: CPU user time: 0.37 seconds. CPU system time: 0.04 seconds. Elapsed time: 0.61 seconds; current allocated memory: 0.000 MB.
Execute         source /nethome/dkulkarni47/LightningSimHLS4MLintegration/examples/fifo_stream_models_vitis2023/KERAS_1layer/myproject_prj/solution1/.autopilot/db/myproject.rtl_wrap.cfg.tcl 
Execute         gen_rtl myproject -istop -style xilinx -f -lang vhdl -o /nethome/dkulkarni47/LightningSimHLS4MLintegration/examples/fifo_stream_models_vitis2023/KERAS_1layer/myproject_prj/solution1/syn/vhdl/myproject 
Execute         gen_rtl myproject -istop -style xilinx -f -lang vlog -o /nethome/dkulkarni47/LightningSimHLS4MLintegration/examples/fifo_stream_models_vitis2023/KERAS_1layer/myproject_prj/solution1/syn/verilog/myproject 
Execute         syn_report -csynth -model myproject -o /nethome/dkulkarni47/LightningSimHLS4MLintegration/examples/fifo_stream_models_vitis2023/KERAS_1layer/myproject_prj/solution1/syn/report/myproject_csynth.rpt 
Execute           list_part -family xc7z020-clg400-1 
Execute             ap_family_info -name xc7z020-clg400-1 -data names 
Execute             ap_part_info -quiet -name xc7z020-clg400-1 -data family 
Execute         syn_report -rtlxml -model myproject -o /nethome/dkulkarni47/LightningSimHLS4MLintegration/examples/fifo_stream_models_vitis2023/KERAS_1layer/myproject_prj/solution1/syn/report/myproject_csynth.xml 
Execute           list_part -family xc7z020-clg400-1 
Execute             ap_family_info -name xc7z020-clg400-1 -data names 
Execute             ap_part_info -quiet -name xc7z020-clg400-1 -data family 
Execute         syn_report -verbosereport -model myproject -o /nethome/dkulkarni47/LightningSimHLS4MLintegration/examples/fifo_stream_models_vitis2023/KERAS_1layer/myproject_prj/solution1/.autopilot/db/myproject.verbose.rpt 
Execute           list_part -family xc7z020-clg400-1 
Execute             ap_family_info -name xc7z020-clg400-1 -data names 
Execute             ap_part_info -quiet -name xc7z020-clg400-1 -data family 
Command         syn_report done; 0.45 sec.
Execute         db_write -model myproject -f -o /nethome/dkulkarni47/LightningSimHLS4MLintegration/examples/fifo_stream_models_vitis2023/KERAS_1layer/myproject_prj/solution1/.autopilot/db/myproject.adb 
Execute         db_write -model myproject -bindview -o /nethome/dkulkarni47/LightningSimHLS4MLintegration/examples/fifo_stream_models_vitis2023/KERAS_1layer/myproject_prj/solution1/.autopilot/db/design.bindinfo.xml 
Execute         gen_tb_info myproject -p /nethome/dkulkarni47/LightningSimHLS4MLintegration/examples/fifo_stream_models_vitis2023/KERAS_1layer/myproject_prj/solution1/.autopilot/db -o /nethome/dkulkarni47/LightningSimHLS4MLintegration/examples/fifo_stream_models_vitis2023/KERAS_1layer/myproject_prj/solution1/.autopilot/db/myproject 
Execute         export_constraint_db -f -tool general -o /nethome/dkulkarni47/LightningSimHLS4MLintegration/examples/fifo_stream_models_vitis2023/KERAS_1layer/myproject_prj/solution1/.autopilot/db/myproject.constraint.tcl 
Execute         syn_report -designview -model myproject -o /nethome/dkulkarni47/LightningSimHLS4MLintegration/examples/fifo_stream_models_vitis2023/KERAS_1layer/myproject_prj/solution1/.autopilot/db/myproject.design.xml 
Command         syn_report done; 0.76 sec.
Execute         syn_report -csynthDesign -model myproject -o /nethome/dkulkarni47/LightningSimHLS4MLintegration/examples/fifo_stream_models_vitis2023/KERAS_1layer/myproject_prj/solution1/syn/report/csynth.rpt -MHOut /nethome/dkulkarni47/LightningSimHLS4MLintegration/examples/fifo_stream_models_vitis2023/KERAS_1layer/myproject_prj/solution1/.autopilot/db/kernel_module_hierarchy.tcl 
Execute           list_part -family xc7z020-clg400-1 
Execute             ap_family_info -name xc7z020-clg400-1 -data names 
Execute             ap_part_info -quiet -name xc7z020-clg400-1 -data family 
Execute         syn_report -wcfg -model myproject -o /nethome/dkulkarni47/LightningSimHLS4MLintegration/examples/fifo_stream_models_vitis2023/KERAS_1layer/myproject_prj/solution1/.autopilot/db/myproject_dataflow_ana.wcfg 
Execute         syn_report -protoinst -model myproject -o /nethome/dkulkarni47/LightningSimHLS4MLintegration/examples/fifo_stream_models_vitis2023/KERAS_1layer/myproject_prj/solution1/.autopilot/db/myproject.protoinst 
Execute         sc_get_clocks myproject 
Execute         sc_get_portdomain myproject 
INFO-FLOW: Model list for RTL component generation: dense<array<ap_fixed,10u>,array<ap_fixed<16,6,5,3,0>,32u>,config2> relu<array<ap_fixed,32u>,array<ap_fixed<16,6,5,3,0>,32u>,relu_config3> dense<array<ap_fixed,32u>,array<ap_fixed<16,6,5,3,0>,1u>,config4> sigmoid<array,array<ap_fixed<16,6,5,3,0>,1u>,sigmoid_config5> myproject
INFO-FLOW: Handling components in module [dense_array_ap_fixed_10u_array_ap_fixed_16_6_5_3_0_32u_config2_s] ... 
Execute         source /nethome/dkulkarni47/LightningSimHLS4MLintegration/examples/fifo_stream_models_vitis2023/KERAS_1layer/myproject_prj/solution1/.autopilot/db/dense_array_ap_fixed_10u_array_ap_fixed_16_6_5_3_0_32u_config2_s.compgen.tcl 
INFO-FLOW: Found component myproject_mux_5_3_16_1_1.
INFO-FLOW: Append model myproject_mux_5_3_16_1_1
INFO-FLOW: Found component myproject_mul_16s_16s_26_2_1.
INFO-FLOW: Append model myproject_mul_16s_16s_26_2_1
INFO-FLOW: Found component myproject_mul_16s_12s_26_2_1.
INFO-FLOW: Append model myproject_mul_16s_12s_26_2_1
INFO-FLOW: Found component myproject_dense_array_ap_fixed_10u_array_ap_fixed_16_6_5_3_0_32u_config2_s_w2_66_ROM_NPbkb.
INFO-FLOW: Append model myproject_dense_array_ap_fixed_10u_array_ap_fixed_16_6_5_3_0_32u_config2_s_w2_66_ROM_NPbkb
INFO-FLOW: Found component myproject_regslice_both.
INFO-FLOW: Append model myproject_regslice_both
INFO-FLOW: Handling components in module [relu_array_ap_fixed_32u_array_ap_fixed_16_6_5_3_0_32u_relu_config3_s] ... 
Execute         source /nethome/dkulkarni47/LightningSimHLS4MLintegration/examples/fifo_stream_models_vitis2023/KERAS_1layer/myproject_prj/solution1/.autopilot/db/relu_array_ap_fixed_32u_array_ap_fixed_16_6_5_3_0_32u_relu_config3_s.compgen.tcl 
INFO-FLOW: Handling components in module [dense_array_ap_fixed_32u_array_ap_fixed_16_6_5_3_0_1u_config4_s] ... 
Execute         source /nethome/dkulkarni47/LightningSimHLS4MLintegration/examples/fifo_stream_models_vitis2023/KERAS_1layer/myproject_prj/solution1/.autopilot/db/dense_array_ap_fixed_32u_array_ap_fixed_16_6_5_3_0_1u_config4_s.compgen.tcl 
INFO-FLOW: Found component myproject_mux_4_2_16_1_1.
INFO-FLOW: Append model myproject_mux_4_2_16_1_1
INFO-FLOW: Found component myproject_mul_16s_11s_26_2_1.
INFO-FLOW: Append model myproject_mul_16s_11s_26_2_1
INFO-FLOW: Found component myproject_dense_array_ap_fixed_32u_array_ap_fixed_16_6_5_3_0_1u_config4_s_w4_67_ROM_NP_cud.
INFO-FLOW: Append model myproject_dense_array_ap_fixed_32u_array_ap_fixed_16_6_5_3_0_1u_config4_s_w4_67_ROM_NP_cud
INFO-FLOW: Handling components in module [sigmoid_array_array_ap_fixed_16_6_5_3_0_1u_sigmoid_config5_s] ... 
Execute         source /nethome/dkulkarni47/LightningSimHLS4MLintegration/examples/fifo_stream_models_vitis2023/KERAS_1layer/myproject_prj/solution1/.autopilot/db/sigmoid_array_array_ap_fixed_16_6_5_3_0_1u_sigmoid_config5_s.compgen.tcl 
INFO-FLOW: Found component myproject_sigmoid_array_array_ap_fixed_16_6_5_3_0_1u_sigmoid_config5_s_sigmoid_table_ROdEe.
INFO-FLOW: Append model myproject_sigmoid_array_array_ap_fixed_16_6_5_3_0_1u_sigmoid_config5_s_sigmoid_table_ROdEe
INFO-FLOW: Found component myproject_regslice_both.
INFO-FLOW: Append model myproject_regslice_both
INFO-FLOW: Handling components in module [myproject] ... 
Execute         source /nethome/dkulkarni47/LightningSimHLS4MLintegration/examples/fifo_stream_models_vitis2023/KERAS_1layer/myproject_prj/solution1/.autopilot/db/myproject.compgen.tcl 
INFO-FLOW: Found component myproject_fifo_w512_d1_S.
INFO-FLOW: Append model myproject_fifo_w512_d1_S
INFO-FLOW: Found component myproject_fifo_w512_d1_S.
INFO-FLOW: Append model myproject_fifo_w512_d1_S
INFO-FLOW: Found component myproject_fifo_w16_d1_S.
INFO-FLOW: Append model myproject_fifo_w16_d1_S
INFO-FLOW: Found component myproject_start_for_relu_array_ap_fixed_32u_array_ap_fixed_16_6_5_3_0_32u_relu_config3_U0.
INFO-FLOW: Append model myproject_start_for_relu_array_ap_fixed_32u_array_ap_fixed_16_6_5_3_0_32u_relu_config3_U0
INFO-FLOW: Found component myproject_start_for_dense_array_ap_fixed_32u_array_ap_fixed_16_6_5_3_0_1u_config4_U0.
INFO-FLOW: Append model myproject_start_for_dense_array_ap_fixed_32u_array_ap_fixed_16_6_5_3_0_1u_config4_U0
INFO-FLOW: Found component myproject_start_for_sigmoid_array_array_ap_fixed_16_6_5_3_0_1u_sigmoid_config5_U0.
INFO-FLOW: Append model myproject_start_for_sigmoid_array_array_ap_fixed_16_6_5_3_0_1u_sigmoid_config5_U0
INFO-FLOW: Append model dense_array_ap_fixed_10u_array_ap_fixed_16_6_5_3_0_32u_config2_s
INFO-FLOW: Append model relu_array_ap_fixed_32u_array_ap_fixed_16_6_5_3_0_32u_relu_config3_s
INFO-FLOW: Append model dense_array_ap_fixed_32u_array_ap_fixed_16_6_5_3_0_1u_config4_s
INFO-FLOW: Append model sigmoid_array_array_ap_fixed_16_6_5_3_0_1u_sigmoid_config5_s
INFO-FLOW: Append model myproject
INFO-FLOW: Generating RTL model list ...
INFO-FLOW: All models in this session: myproject_mux_5_3_16_1_1 myproject_mul_16s_16s_26_2_1 myproject_mul_16s_12s_26_2_1 myproject_dense_array_ap_fixed_10u_array_ap_fixed_16_6_5_3_0_32u_config2_s_w2_66_ROM_NPbkb myproject_regslice_both myproject_mux_4_2_16_1_1 myproject_mul_16s_11s_26_2_1 myproject_dense_array_ap_fixed_32u_array_ap_fixed_16_6_5_3_0_1u_config4_s_w4_67_ROM_NP_cud myproject_sigmoid_array_array_ap_fixed_16_6_5_3_0_1u_sigmoid_config5_s_sigmoid_table_ROdEe myproject_regslice_both myproject_fifo_w512_d1_S myproject_fifo_w512_d1_S myproject_fifo_w16_d1_S myproject_start_for_relu_array_ap_fixed_32u_array_ap_fixed_16_6_5_3_0_32u_relu_config3_U0 myproject_start_for_dense_array_ap_fixed_32u_array_ap_fixed_16_6_5_3_0_1u_config4_U0 myproject_start_for_sigmoid_array_array_ap_fixed_16_6_5_3_0_1u_sigmoid_config5_U0 dense_array_ap_fixed_10u_array_ap_fixed_16_6_5_3_0_32u_config2_s relu_array_ap_fixed_32u_array_ap_fixed_16_6_5_3_0_32u_relu_config3_s dense_array_ap_fixed_32u_array_ap_fixed_16_6_5_3_0_1u_config4_s sigmoid_array_array_ap_fixed_16_6_5_3_0_1u_sigmoid_config5_s myproject
INFO-FLOW: Generating /nethome/dkulkarni47/LightningSimHLS4MLintegration/examples/fifo_stream_models_vitis2023/KERAS_1layer/myproject_prj/solution1/.autopilot/db/autopilot.rtl.models.txt file...
INFO-FLOW: To file: write model myproject_mux_5_3_16_1_1
INFO-FLOW: To file: write model myproject_mul_16s_16s_26_2_1
INFO-FLOW: To file: write model myproject_mul_16s_12s_26_2_1
INFO-FLOW: To file: write model myproject_dense_array_ap_fixed_10u_array_ap_fixed_16_6_5_3_0_32u_config2_s_w2_66_ROM_NPbkb
INFO-FLOW: To file: write model myproject_regslice_both
INFO-FLOW: To file: write model myproject_mux_4_2_16_1_1
INFO-FLOW: To file: write model myproject_mul_16s_11s_26_2_1
INFO-FLOW: To file: write model myproject_dense_array_ap_fixed_32u_array_ap_fixed_16_6_5_3_0_1u_config4_s_w4_67_ROM_NP_cud
INFO-FLOW: To file: write model myproject_sigmoid_array_array_ap_fixed_16_6_5_3_0_1u_sigmoid_config5_s_sigmoid_table_ROdEe
INFO-FLOW: To file: write model myproject_regslice_both
INFO-FLOW: To file: write model myproject_fifo_w512_d1_S
INFO-FLOW: To file: write model myproject_fifo_w512_d1_S
INFO-FLOW: To file: write model myproject_fifo_w16_d1_S
INFO-FLOW: To file: write model myproject_start_for_relu_array_ap_fixed_32u_array_ap_fixed_16_6_5_3_0_32u_relu_config3_U0
INFO-FLOW: To file: write model myproject_start_for_dense_array_ap_fixed_32u_array_ap_fixed_16_6_5_3_0_1u_config4_U0
INFO-FLOW: To file: write model myproject_start_for_sigmoid_array_array_ap_fixed_16_6_5_3_0_1u_sigmoid_config5_U0
INFO-FLOW: To file: write model dense_array_ap_fixed_10u_array_ap_fixed_16_6_5_3_0_32u_config2_s
INFO-FLOW: To file: write model relu_array_ap_fixed_32u_array_ap_fixed_16_6_5_3_0_32u_relu_config3_s
INFO-FLOW: To file: write model dense_array_ap_fixed_32u_array_ap_fixed_16_6_5_3_0_1u_config4_s
INFO-FLOW: To file: write model sigmoid_array_array_ap_fixed_16_6_5_3_0_1u_sigmoid_config5_s
INFO-FLOW: To file: write model myproject
INFO-FLOW: Generating /nethome/dkulkarni47/LightningSimHLS4MLintegration/examples/fifo_stream_models_vitis2023/KERAS_1layer/myproject_prj/solution1/.autopilot/db/autopilot.rtl.models.tcl file...
INFO-FLOW: Finished generating RTL model list.


INFO-FLOW: RTL Generation done.
INFO-FLOW: CAS Generation done.
INFO-FLOW: CBC Generation done.
INFO-FLOW: DBG:PROC: ::AESL_AUTOMG::auto_generate_csynth_design
INFO-FLOW: DBG:PUTS: read_platform_lib /nethome/dkulkarni47/LightningSimHLS4MLintegration/examples/fifo_stream_models_vitis2023/KERAS_1layer/myproject_prj/solution1/.autopilot/db/global.setting.tcl
Execute         source /tools/software/xilinx/ARCHIVE/Vitis_HLS/2023.1/common/technology/generic/autopilot/common.gen 
Execute           source /tools/software/xilinx/ARCHIVE/Vitis_HLS/2023.1/common/technology/generic/autopilot/APCoreGen.gen 
Execute         source /tools/software/xilinx/ARCHIVE/Vitis_HLS/2023.1/common/technology/generic/autopilot/op.gen 
Execute         source /tools/software/xilinx/ARCHIVE/Vitis_HLS/2023.1/common/technology/generic/autopilot/op_simcore.gen 
Execute         source /tools/software/xilinx/ARCHIVE/Vitis_HLS/2023.1/common/technology/generic/autopilot/interface.gen 
Execute         source /nethome/dkulkarni47/LightningSimHLS4MLintegration/examples/fifo_stream_models_vitis2023/KERAS_1layer/myproject_prj/solution1/.autopilot/db/global.setting.tcl 
Execute         source /tools/software/xilinx/ARCHIVE/Vitis_HLS/2023.1/common/technology/xilinx/common/xilinx.gen 
Execute           source /tools/software/xilinx/ARCHIVE/Vitis_HLS/2023.1/common/technology/xilinx/interface/plb46.gen 
Execute           source /tools/software/xilinx/ARCHIVE/Vitis_HLS/2023.1/common/technology/xilinx/interface/axi4.gen 
Execute           source /tools/software/xilinx/ARCHIVE/Vitis_HLS/2023.1/common/technology/xilinx/interface/nativeAXI4.gen 
Execute             source /tools/software/xilinx/ARCHIVE/Vitis_HLS/2023.1/common/technology/xilinx/interface/saxilite.gen 
Execute           source /tools/software/xilinx/ARCHIVE/Vitis_HLS/2023.1/common/technology/xilinx/scripts/xilinxcoregen.gen 
Execute           source /tools/software/xilinx/ARCHIVE/Vitis_HLS/2023.1/common/technology/xilinx/interface/XilEDKCoreGen.gen 
Execute           source /tools/software/xilinx/ARCHIVE/Vitis_HLS/2023.1/common/technology/xilinx/ip/dds_compiler.gen 
Execute           source /tools/software/xilinx/ARCHIVE/Vitis_HLS/2023.1/common/technology/xilinx/ip/util.gen 
Execute           source /tools/software/xilinx/ARCHIVE/Vitis_HLS/2023.1/common/technology/xilinx/ip/xfft.gen 
Command           ap_source done; 0.2 sec.
Execute           source /tools/software/xilinx/ARCHIVE/Vitis_HLS/2023.1/common/technology/xilinx/ip/xfir.gen 
Execute           source /tools/software/xilinx/ARCHIVE/Vitis_HLS/2023.1/common/technology/xilinx/DSP48/dsp48.gen 
Command         ap_source done; 0.3 sec.
INFO-FLOW: DBG:PUTS:   using AESL_AUTOCG::g_clock_period=5.000 (was NA)
INFO-FLOW: DBG:PROC: ::AESL_AUTOMG::generate_ip_cores gen_sim_model='1' gen_fp_models='0' gen_for_export='0' dstSCDir='' dstVhdlDir='/nethome/dkulkarni47/LightningSimHLS4MLintegration/examples/fifo_stream_models_vitis2023/KERAS_1layer/myproject_prj/solution1/.autopilot/db/vhdl' dstVlogDir='/nethome/dkulkarni47/LightningSimHLS4MLintegration/examples/fifo_stream_models_vitis2023/KERAS_1layer/myproject_prj/solution1/.autopilot/db/vlog' tclDir='/nethome/dkulkarni47/LightningSimHLS4MLintegration/examples/fifo_stream_models_vitis2023/KERAS_1layer/myproject_prj/solution1/.autopilot/db' modelList='myproject_mux_5_3_16_1_1
myproject_mul_16s_16s_26_2_1
myproject_mul_16s_12s_26_2_1
myproject_dense_array_ap_fixed_10u_array_ap_fixed_16_6_5_3_0_32u_config2_s_w2_66_ROM_NPbkb
myproject_regslice_both
myproject_mux_4_2_16_1_1
myproject_mul_16s_11s_26_2_1
myproject_dense_array_ap_fixed_32u_array_ap_fixed_16_6_5_3_0_1u_config4_s_w4_67_ROM_NP_cud
myproject_sigmoid_array_array_ap_fixed_16_6_5_3_0_1u_sigmoid_config5_s_sigmoid_table_ROdEe
myproject_regslice_both
myproject_fifo_w512_d1_S
myproject_fifo_w512_d1_S
myproject_fifo_w16_d1_S
myproject_start_for_relu_array_ap_fixed_32u_array_ap_fixed_16_6_5_3_0_32u_relu_config3_U0
myproject_start_for_dense_array_ap_fixed_32u_array_ap_fixed_16_6_5_3_0_1u_config4_U0
myproject_start_for_sigmoid_array_array_ap_fixed_16_6_5_3_0_1u_sigmoid_config5_U0
dense_array_ap_fixed_10u_array_ap_fixed_16_6_5_3_0_32u_config2_s
relu_array_ap_fixed_32u_array_ap_fixed_16_6_5_3_0_32u_relu_config3_s
dense_array_ap_fixed_32u_array_ap_fixed_16_6_5_3_0_1u_config4_s
sigmoid_array_array_ap_fixed_16_6_5_3_0_1u_sigmoid_config5_s
myproject
' expOnly='0'
Execute         source /nethome/dkulkarni47/LightningSimHLS4MLintegration/examples/fifo_stream_models_vitis2023/KERAS_1layer/myproject_prj/solution1/.autopilot/db/global.setting.tcl 
Execute         ap_part_info -name xc7z020-clg400-1 -data names -quiet 
Execute         ap_part_info -name xc7z020-clg400-1 -data info -quiet 
Execute         source /nethome/dkulkarni47/LightningSimHLS4MLintegration/examples/fifo_stream_models_vitis2023/KERAS_1layer/myproject_prj/solution1/.autopilot/db/global.setting.tcl 
Execute         source /nethome/dkulkarni47/LightningSimHLS4MLintegration/examples/fifo_stream_models_vitis2023/KERAS_1layer/myproject_prj/solution1/.autopilot/db/global.setting.tcl 
Execute         source /nethome/dkulkarni47/LightningSimHLS4MLintegration/examples/fifo_stream_models_vitis2023/KERAS_1layer/myproject_prj/solution1/.autopilot/db/dense_array_ap_fixed_10u_array_ap_fixed_16_6_5_3_0_32u_config2_s.compgen.tcl 
Execute           ap_part_info -name xc7z020-clg400-1 -data names -quiet 
Execute           ap_part_info -name xc7z020-clg400-1 -data info -quiet 
Execute         source /nethome/dkulkarni47/LightningSimHLS4MLintegration/examples/fifo_stream_models_vitis2023/KERAS_1layer/myproject_prj/solution1/.autopilot/db/relu_array_ap_fixed_32u_array_ap_fixed_16_6_5_3_0_32u_relu_config3_s.compgen.tcl 
Execute         source /nethome/dkulkarni47/LightningSimHLS4MLintegration/examples/fifo_stream_models_vitis2023/KERAS_1layer/myproject_prj/solution1/.autopilot/db/dense_array_ap_fixed_32u_array_ap_fixed_16_6_5_3_0_1u_config4_s.compgen.tcl 
Execute           ap_part_info -name xc7z020-clg400-1 -data names -quiet 
Execute           ap_part_info -name xc7z020-clg400-1 -data info -quiet 
Execute         source /nethome/dkulkarni47/LightningSimHLS4MLintegration/examples/fifo_stream_models_vitis2023/KERAS_1layer/myproject_prj/solution1/.autopilot/db/sigmoid_array_array_ap_fixed_16_6_5_3_0_1u_sigmoid_config5_s.compgen.tcl 
Execute         source /nethome/dkulkarni47/LightningSimHLS4MLintegration/examples/fifo_stream_models_vitis2023/KERAS_1layer/myproject_prj/solution1/.autopilot/db/myproject.compgen.tcl 
INFO: [HLS 200-111] Finished Generating all RTL models: CPU user time: 1.86 seconds. CPU system time: 0.2 seconds. Elapsed time: 2.85 seconds; current allocated memory: 0.000 MB.
INFO-FLOW: DBG:PROC: ::HLSREPORTS::create_csynth_xml bind_info_var='bind_info' RtlSubPrefix='myproject_' outfile=''
INFO-FLOW: Running: create_csynth_xml read xml data
INFO-FLOW: Done: create_csynth_xml read xml data time: 0 seconds per iteration
INFO-FLOW: Running: create_csynth_xml bind info
INFO-FLOW: No bind nodes found for module_name relu_array_ap_fixed_32u_array_ap_fixed_16_6_5_3_0_32u_relu_config3_s
INFO-FLOW: Done: create_csynth_xml bind info time: 0.1 seconds per iteration
INFO-FLOW: Running: create_csynth_xml config info
INFO-FLOW: Done: create_csynth_xml config info time: 0.2 seconds per iteration
INFO-FLOW: Running: create_csynth_xml write xml
INFO-FLOW: Done: create_csynth_xml write xml time: 0 seconds per iteration
INFO-FLOW: DBG:PUTS:      create_csynth_xml wrote csynth_xml=/nethome/dkulkarni47/LightningSimHLS4MLintegration/examples/fifo_stream_models_vitis2023/KERAS_1layer/myproject_prj/solution1/syn/report/csynth.xml
INFO-FLOW: DBG:PROC: ::AP::DESIGN_DATA::generate_json generate_bd_files='0' generate_xo_files='0' modelList='myproject_mux_5_3_16_1_1
myproject_mul_16s_16s_26_2_1
myproject_mul_16s_12s_26_2_1
myproject_dense_array_ap_fixed_10u_array_ap_fixed_16_6_5_3_0_32u_config2_s_w2_66_ROM_NPbkb
myproject_regslice_both
myproject_mux_4_2_16_1_1
myproject_mul_16s_11s_26_2_1
myproject_dense_array_ap_fixed_32u_array_ap_fixed_16_6_5_3_0_1u_config4_s_w4_67_ROM_NP_cud
myproject_sigmoid_array_array_ap_fixed_16_6_5_3_0_1u_sigmoid_config5_s_sigmoid_table_ROdEe
myproject_regslice_both
myproject_fifo_w512_d1_S
myproject_fifo_w512_d1_S
myproject_fifo_w16_d1_S
myproject_start_for_relu_array_ap_fixed_32u_array_ap_fixed_16_6_5_3_0_32u_relu_config3_U0
myproject_start_for_dense_array_ap_fixed_32u_array_ap_fixed_16_6_5_3_0_1u_config4_U0
myproject_start_for_sigmoid_array_array_ap_fixed_16_6_5_3_0_1u_sigmoid_config5_U0
dense_array_ap_fixed_10u_array_ap_fixed_16_6_5_3_0_32u_config2_s
relu_array_ap_fixed_32u_array_ap_fixed_16_6_5_3_0_32u_relu_config3_s
dense_array_ap_fixed_32u_array_ap_fixed_16_6_5_3_0_1u_config4_s
sigmoid_array_array_ap_fixed_16_6_5_3_0_1u_sigmoid_config5_s
myproject
' rtl_lang='both' bootstrap_tcl='false' outdir='' outfilename=''
Execute         source /nethome/dkulkarni47/LightningSimHLS4MLintegration/examples/fifo_stream_models_vitis2023/KERAS_1layer/myproject_prj/solution1/.autopilot/db/global.setting.tcl 
Execute         source /nethome/dkulkarni47/LightningSimHLS4MLintegration/examples/fifo_stream_models_vitis2023/KERAS_1layer/myproject_prj/solution1/.autopilot/db/global.setting.tcl 
Execute         source /nethome/dkulkarni47/LightningSimHLS4MLintegration/examples/fifo_stream_models_vitis2023/KERAS_1layer/myproject_prj/solution1/.autopilot/db/top-io-be.tcl 
Execute         source /nethome/dkulkarni47/LightningSimHLS4MLintegration/examples/fifo_stream_models_vitis2023/KERAS_1layer/myproject_prj/solution1/.autopilot/db/myproject.tbgen.tcl 
Execute         source /nethome/dkulkarni47/LightningSimHLS4MLintegration/examples/fifo_stream_models_vitis2023/KERAS_1layer/myproject_prj/solution1/.autopilot/db/myproject.rtl_wrap.cfg.tcl 
Execute         source /nethome/dkulkarni47/LightningSimHLS4MLintegration/examples/fifo_stream_models_vitis2023/KERAS_1layer/myproject_prj/solution1/.autopilot/db/myproject.compgen.dataonly.tcl 
Execute         source /nethome/dkulkarni47/LightningSimHLS4MLintegration/examples/fifo_stream_models_vitis2023/KERAS_1layer/myproject_prj/solution1/.autopilot/db/dense_array_ap_fixed_10u_array_ap_fixed_16_6_5_3_0_32u_config2_s.tbgen.tcl 
Execute         source /nethome/dkulkarni47/LightningSimHLS4MLintegration/examples/fifo_stream_models_vitis2023/KERAS_1layer/myproject_prj/solution1/.autopilot/db/relu_array_ap_fixed_32u_array_ap_fixed_16_6_5_3_0_32u_relu_config3_s.tbgen.tcl 
Execute         source /nethome/dkulkarni47/LightningSimHLS4MLintegration/examples/fifo_stream_models_vitis2023/KERAS_1layer/myproject_prj/solution1/.autopilot/db/dense_array_ap_fixed_32u_array_ap_fixed_16_6_5_3_0_1u_config4_s.tbgen.tcl 
Execute         source /nethome/dkulkarni47/LightningSimHLS4MLintegration/examples/fifo_stream_models_vitis2023/KERAS_1layer/myproject_prj/solution1/.autopilot/db/sigmoid_array_array_ap_fixed_16_6_5_3_0_1u_sigmoid_config5_s.tbgen.tcl 
Execute         source /nethome/dkulkarni47/LightningSimHLS4MLintegration/examples/fifo_stream_models_vitis2023/KERAS_1layer/myproject_prj/solution1/.autopilot/db/myproject.tbgen.tcl 
Execute         source /nethome/dkulkarni47/LightningSimHLS4MLintegration/examples/fifo_stream_models_vitis2023/KERAS_1layer/myproject_prj/solution1/.autopilot/db/global.setting.tcl 
Execute         ap_part_info -name xc7z020-clg400-1 -data names -quiet 
Execute         ap_part_info -name xc7z020-clg400-1 -data info -quiet 
Execute         source /nethome/dkulkarni47/LightningSimHLS4MLintegration/examples/fifo_stream_models_vitis2023/KERAS_1layer/myproject_prj/solution1/.autopilot/db/myproject.constraint.tcl 
Execute         sc_get_clocks myproject 
Execute         source /nethome/dkulkarni47/LightningSimHLS4MLintegration/examples/fifo_stream_models_vitis2023/KERAS_1layer/myproject_prj/solution1/.autopilot/db/global.setting.tcl 
INFO-FLOW: DBG:PROC: ::HLSREPORTS::add_csynth_report_sections bind_info_dict='adapter_nodes {} report_dict {TOPINST myproject MODULE2INSTS {myproject myproject dense_array_ap_fixed_10u_array_ap_fixed_16_6_5_3_0_32u_config2_s dense_array_ap_fixed_10u_array_ap_fixed_16_6_5_3_0_32u_config2_U0 relu_array_ap_fixed_32u_array_ap_fixed_16_6_5_3_0_32u_relu_config3_s relu_array_ap_fixed_32u_array_ap_fixed_16_6_5_3_0_32u_relu_config3_U0 dense_array_ap_fixed_32u_array_ap_fixed_16_6_5_3_0_1u_config4_s dense_array_ap_fixed_32u_array_ap_fixed_16_6_5_3_0_1u_config4_U0 sigmoid_array_array_ap_fixed_16_6_5_3_0_1u_sigmoid_config5_s sigmoid_array_array_ap_fixed_16_6_5_3_0_1u_sigmoid_config5_U0} INST2MODULE {myproject myproject dense_array_ap_fixed_10u_array_ap_fixed_16_6_5_3_0_32u_config2_U0 dense_array_ap_fixed_10u_array_ap_fixed_16_6_5_3_0_32u_config2_s relu_array_ap_fixed_32u_array_ap_fixed_16_6_5_3_0_32u_relu_config3_U0 relu_array_ap_fixed_32u_array_ap_fixed_16_6_5_3_0_32u_relu_config3_s dense_array_ap_fixed_32u_array_ap_fixed_16_6_5_3_0_1u_config4_U0 dense_array_ap_fixed_32u_array_ap_fixed_16_6_5_3_0_1u_config4_s sigmoid_array_array_ap_fixed_16_6_5_3_0_1u_sigmoid_config5_U0 sigmoid_array_array_ap_fixed_16_6_5_3_0_1u_sigmoid_config5_s} INSTDATA {myproject {DEPTH 1 CHILDREN {dense_array_ap_fixed_10u_array_ap_fixed_16_6_5_3_0_32u_config2_U0 relu_array_ap_fixed_32u_array_ap_fixed_16_6_5_3_0_32u_relu_config3_U0 dense_array_ap_fixed_32u_array_ap_fixed_16_6_5_3_0_1u_config4_U0 sigmoid_array_array_ap_fixed_16_6_5_3_0_1u_sigmoid_config5_U0}} dense_array_ap_fixed_10u_array_ap_fixed_16_6_5_3_0_32u_config2_U0 {DEPTH 2 CHILDREN {}} relu_array_ap_fixed_32u_array_ap_fixed_16_6_5_3_0_32u_relu_config3_U0 {DEPTH 2 CHILDREN {}} dense_array_ap_fixed_32u_array_ap_fixed_16_6_5_3_0_1u_config4_U0 {DEPTH 2 CHILDREN {}} sigmoid_array_array_ap_fixed_16_6_5_3_0_1u_sigmoid_config5_U0 {DEPTH 2 CHILDREN {}}} MODULEDATA {dense_array_ap_fixed_10u_array_ap_fixed_16_6_5_3_0_32u_config2_s {BINDINFO {{BINDTYPE op ID {} IMPL auto LATENCY 1 OPTYPE mul PRAGMA {} RTLNAME mul_16s_16s_26_2_1_U3 SOURCE firmware/nnet_utils/nnet_dense_resource.h:58 VARIABLE mul_ln58 LOOP ReuseLoop BUNDLEDNAME {} DSP 1 BRAM 0 URAM 0 DISPNAME {bind_op mul}} {BINDTYPE op ID {} IMPL auto LATENCY 1 OPTYPE mul PRAGMA {} RTLNAME mul_16s_16s_26_2_1_U4 SOURCE firmware/nnet_utils/nnet_dense_resource.h:58 VARIABLE mul_ln58_8 LOOP ReuseLoop BUNDLEDNAME {} DSP 1 BRAM 0 URAM 0 DISPNAME {bind_op mul}} {BINDTYPE op ID {} IMPL fabric LATENCY 0 OPTYPE add PRAGMA {} RTLNAME add_ln58_fu_3160_p2 SOURCE firmware/nnet_utils/nnet_dense_resource.h:58 VARIABLE add_ln58 LOOP ReuseLoop BUNDLEDNAME {} DSP 0 BRAM 0 URAM 0 DISPNAME {bind_op add}} {BINDTYPE op ID {} IMPL fabric LATENCY 0 OPTYPE add PRAGMA {} RTLNAME res_fu_3288_p2 SOURCE firmware/nnet_utils/nnet_dense_resource.h:58 VARIABLE res LOOP ReuseLoop BUNDLEDNAME {} DSP 0 BRAM 0 URAM 0 DISPNAME {bind_op add}} {BINDTYPE op ID {} IMPL auto LATENCY 1 OPTYPE mul PRAGMA {} RTLNAME mul_16s_16s_26_2_1_U5 SOURCE firmware/nnet_utils/nnet_dense_resource.h:58 VARIABLE mul_ln58_9 LOOP ReuseLoop BUNDLEDNAME {} DSP 1 BRAM 0 URAM 0 DISPNAME {bind_op mul}} {BINDTYPE op ID {} IMPL auto LATENCY 1 OPTYPE mul PRAGMA {} RTLNAME mul_16s_16s_26_2_1_U6 SOURCE firmware/nnet_utils/nnet_dense_resource.h:58 VARIABLE mul_ln58_10 LOOP ReuseLoop BUNDLEDNAME {} DSP 1 BRAM 0 URAM 0 DISPNAME {bind_op mul}} {BINDTYPE op ID {} IMPL fabric LATENCY 0 OPTYPE add PRAGMA {} RTLNAME add_ln58_9_fu_3164_p2 SOURCE firmware/nnet_utils/nnet_dense_resource.h:58 VARIABLE add_ln58_9 LOOP ReuseLoop BUNDLEDNAME {} DSP 0 BRAM 0 URAM 0 DISPNAME {bind_op add}} {BINDTYPE op ID {} IMPL fabric LATENCY 0 OPTYPE add PRAGMA {} RTLNAME res_1_fu_3293_p2 SOURCE firmware/nnet_utils/nnet_dense_resource.h:58 VARIABLE res_1 LOOP ReuseLoop BUNDLEDNAME {} DSP 0 BRAM 0 URAM 0 DISPNAME {bind_op add}} {BINDTYPE op ID {} IMPL auto LATENCY 1 OPTYPE mul PRAGMA {} RTLNAME mul_16s_16s_26_2_1_U7 SOURCE firmware/nnet_utils/nnet_dense_resource.h:58 VARIABLE mul_ln58_11 LOOP ReuseLoop BUNDLEDNAME {} DSP 1 BRAM 0 URAM 0 DISPNAME {bind_op mul}} {BINDTYPE op ID {} IMPL auto LATENCY 1 OPTYPE mul PRAGMA {} RTLNAME mul_16s_16s_26_2_1_U8 SOURCE firmware/nnet_utils/nnet_dense_resource.h:58 VARIABLE mul_ln58_12 LOOP ReuseLoop BUNDLEDNAME {} DSP 1 BRAM 0 URAM 0 DISPNAME {bind_op mul}} {BINDTYPE op ID {} IMPL fabric LATENCY 0 OPTYPE add PRAGMA {} RTLNAME add_ln58_11_fu_3168_p2 SOURCE firmware/nnet_utils/nnet_dense_resource.h:58 VARIABLE add_ln58_11 LOOP ReuseLoop BUNDLEDNAME {} DSP 0 BRAM 0 URAM 0 DISPNAME {bind_op add}} {BINDTYPE op ID {} IMPL fabric LATENCY 0 OPTYPE add PRAGMA {} RTLNAME res_2_fu_3298_p2 SOURCE firmware/nnet_utils/nnet_dense_resource.h:58 VARIABLE res_2 LOOP ReuseLoop BUNDLEDNAME {} DSP 0 BRAM 0 URAM 0 DISPNAME {bind_op add}} {BINDTYPE op ID {} IMPL auto LATENCY 1 OPTYPE mul PRAGMA {} RTLNAME mul_16s_16s_26_2_1_U9 SOURCE firmware/nnet_utils/nnet_dense_resource.h:58 VARIABLE mul_ln58_13 LOOP ReuseLoop BUNDLEDNAME {} DSP 1 BRAM 0 URAM 0 DISPNAME {bind_op mul}} {BINDTYPE op ID {} IMPL auto LATENCY 1 OPTYPE mul PRAGMA {} RTLNAME mul_16s_16s_26_2_1_U10 SOURCE firmware/nnet_utils/nnet_dense_resource.h:58 VARIABLE mul_ln58_14 LOOP ReuseLoop BUNDLEDNAME {} DSP 1 BRAM 0 URAM 0 DISPNAME {bind_op mul}} {BINDTYPE op ID {} IMPL fabric LATENCY 0 OPTYPE add PRAGMA {} RTLNAME add_ln58_13_fu_3172_p2 SOURCE firmware/nnet_utils/nnet_dense_resource.h:58 VARIABLE add_ln58_13 LOOP ReuseLoop BUNDLEDNAME {} DSP 0 BRAM 0 URAM 0 DISPNAME {bind_op add}} {BINDTYPE op ID {} IMPL fabric LATENCY 0 OPTYPE add PRAGMA {} RTLNAME res_3_fu_3303_p2 SOURCE firmware/nnet_utils/nnet_dense_resource.h:58 VARIABLE res_3 LOOP ReuseLoop BUNDLEDNAME {} DSP 0 BRAM 0 URAM 0 DISPNAME {bind_op add}} {BINDTYPE op ID {} IMPL auto LATENCY 1 OPTYPE mul PRAGMA {} RTLNAME mul_16s_16s_26_2_1_U11 SOURCE firmware/nnet_utils/nnet_dense_resource.h:58 VARIABLE mul_ln58_15 LOOP ReuseLoop BUNDLEDNAME {} DSP 1 BRAM 0 URAM 0 DISPNAME {bind_op mul}} {BINDTYPE op ID {} IMPL auto LATENCY 1 OPTYPE mul PRAGMA {} RTLNAME mul_16s_16s_26_2_1_U12 SOURCE firmware/nnet_utils/nnet_dense_resource.h:58 VARIABLE mul_ln58_16 LOOP ReuseLoop BUNDLEDNAME {} DSP 1 BRAM 0 URAM 0 DISPNAME {bind_op mul}} {BINDTYPE op ID {} IMPL fabric LATENCY 0 OPTYPE add PRAGMA {} RTLNAME add_ln58_15_fu_3176_p2 SOURCE firmware/nnet_utils/nnet_dense_resource.h:58 VARIABLE add_ln58_15 LOOP ReuseLoop BUNDLEDNAME {} DSP 0 BRAM 0 URAM 0 DISPNAME {bind_op add}} {BINDTYPE op ID {} IMPL fabric LATENCY 0 OPTYPE add PRAGMA {} RTLNAME res_4_fu_3308_p2 SOURCE firmware/nnet_utils/nnet_dense_resource.h:58 VARIABLE res_4 LOOP ReuseLoop BUNDLEDNAME {} DSP 0 BRAM 0 URAM 0 DISPNAME {bind_op add}} {BINDTYPE op ID {} IMPL auto LATENCY 1 OPTYPE mul PRAGMA {} RTLNAME mul_16s_16s_26_2_1_U13 SOURCE firmware/nnet_utils/nnet_dense_resource.h:58 VARIABLE mul_ln58_17 LOOP ReuseLoop BUNDLEDNAME {} DSP 1 BRAM 0 URAM 0 DISPNAME {bind_op mul}} {BINDTYPE op ID {} IMPL auto LATENCY 1 OPTYPE mul PRAGMA {} RTLNAME mul_16s_16s_26_2_1_U14 SOURCE firmware/nnet_utils/nnet_dense_resource.h:58 VARIABLE mul_ln58_18 LOOP ReuseLoop BUNDLEDNAME {} DSP 1 BRAM 0 URAM 0 DISPNAME {bind_op mul}} {BINDTYPE op ID {} IMPL fabric LATENCY 0 OPTYPE add PRAGMA {} RTLNAME add_ln58_17_fu_3180_p2 SOURCE firmware/nnet_utils/nnet_dense_resource.h:58 VARIABLE add_ln58_17 LOOP ReuseLoop BUNDLEDNAME {} DSP 0 BRAM 0 URAM 0 DISPNAME {bind_op add}} {BINDTYPE op ID {} IMPL fabric LATENCY 0 OPTYPE add PRAGMA {} RTLNAME res_5_fu_3313_p2 SOURCE firmware/nnet_utils/nnet_dense_resource.h:58 VARIABLE res_5 LOOP ReuseLoop BUNDLEDNAME {} DSP 0 BRAM 0 URAM 0 DISPNAME {bind_op add}} {BINDTYPE op ID {} IMPL auto LATENCY 1 OPTYPE mul PRAGMA {} RTLNAME mul_16s_16s_26_2_1_U15 SOURCE firmware/nnet_utils/nnet_dense_resource.h:58 VARIABLE mul_ln58_19 LOOP ReuseLoop BUNDLEDNAME {} DSP 1 BRAM 0 URAM 0 DISPNAME {bind_op mul}} {BINDTYPE op ID {} IMPL auto LATENCY 1 OPTYPE mul PRAGMA {} RTLNAME mul_16s_16s_26_2_1_U16 SOURCE firmware/nnet_utils/nnet_dense_resource.h:58 VARIABLE mul_ln58_20 LOOP ReuseLoop BUNDLEDNAME {} DSP 1 BRAM 0 URAM 0 DISPNAME {bind_op mul}} {BINDTYPE op ID {} IMPL fabric LATENCY 0 OPTYPE add PRAGMA {} RTLNAME add_ln58_19_fu_3184_p2 SOURCE firmware/nnet_utils/nnet_dense_resource.h:58 VARIABLE add_ln58_19 LOOP ReuseLoop BUNDLEDNAME {} DSP 0 BRAM 0 URAM 0 DISPNAME {bind_op add}} {BINDTYPE op ID {} IMPL fabric LATENCY 0 OPTYPE add PRAGMA {} RTLNAME res_6_fu_3318_p2 SOURCE firmware/nnet_utils/nnet_dense_resource.h:58 VARIABLE res_6 LOOP ReuseLoop BUNDLEDNAME {} DSP 0 BRAM 0 URAM 0 DISPNAME {bind_op add}} {BINDTYPE op ID {} IMPL auto LATENCY 1 OPTYPE mul PRAGMA {} RTLNAME mul_16s_16s_26_2_1_U17 SOURCE firmware/nnet_utils/nnet_dense_resource.h:58 VARIABLE mul_ln58_21 LOOP ReuseLoop BUNDLEDNAME {} DSP 1 BRAM 0 URAM 0 DISPNAME {bind_op mul}} {BINDTYPE op ID {} IMPL auto LATENCY 1 OPTYPE mul PRAGMA {} RTLNAME mul_16s_16s_26_2_1_U18 SOURCE firmware/nnet_utils/nnet_dense_resource.h:58 VARIABLE mul_ln58_22 LOOP ReuseLoop BUNDLEDNAME {} DSP 1 BRAM 0 URAM 0 DISPNAME {bind_op mul}} {BINDTYPE op ID {} IMPL fabric LATENCY 0 OPTYPE add PRAGMA {} RTLNAME add_ln58_21_fu_3188_p2 SOURCE firmware/nnet_utils/nnet_dense_resource.h:58 VARIABLE add_ln58_21 LOOP ReuseLoop BUNDLEDNAME {} DSP 0 BRAM 0 URAM 0 DISPNAME {bind_op add}} {BINDTYPE op ID {} IMPL fabric LATENCY 0 OPTYPE add PRAGMA {} RTLNAME res_7_fu_3323_p2 SOURCE firmware/nnet_utils/nnet_dense_resource.h:58 VARIABLE res_7 LOOP ReuseLoop BUNDLEDNAME {} DSP 0 BRAM 0 URAM 0 DISPNAME {bind_op add}} {BINDTYPE op ID {} IMPL auto LATENCY 1 OPTYPE mul PRAGMA {} RTLNAME mul_16s_16s_26_2_1_U19 SOURCE firmware/nnet_utils/nnet_dense_resource.h:58 VARIABLE mul_ln58_23 LOOP ReuseLoop BUNDLEDNAME {} DSP 1 BRAM 0 URAM 0 DISPNAME {bind_op mul}} {BINDTYPE op ID {} IMPL auto LATENCY 1 OPTYPE mul PRAGMA {} RTLNAME mul_16s_16s_26_2_1_U20 SOURCE firmware/nnet_utils/nnet_dense_resource.h:58 VARIABLE mul_ln58_24 LOOP ReuseLoop BUNDLEDNAME {} DSP 1 BRAM 0 URAM 0 DISPNAME {bind_op mul}} {BINDTYPE op ID {} IMPL fabric LATENCY 0 OPTYPE add PRAGMA {} RTLNAME add_ln58_23_fu_3192_p2 SOURCE firmware/nnet_utils/nnet_dense_resource.h:58 VARIABLE add_ln58_23 LOOP ReuseLoop BUNDLEDNAME {} DSP 0 BRAM 0 URAM 0 DISPNAME {bind_op add}} {BINDTYPE op ID {} IMPL fabric LATENCY 0 OPTYPE add PRAGMA {} RTLNAME res_8_fu_3328_p2 SOURCE firmware/nnet_utils/nnet_dense_resource.h:58 VARIABLE res_8 LOOP ReuseLoop BUNDLEDNAME {} DSP 0 BRAM 0 URAM 0 DISPNAME {bind_op add}} {BINDTYPE op ID {} IMPL auto LATENCY 1 OPTYPE mul PRAGMA {} RTLNAME mul_16s_16s_26_2_1_U21 SOURCE firmware/nnet_utils/nnet_dense_resource.h:58 VARIABLE mul_ln58_25 LOOP ReuseLoop BUNDLEDNAME {} DSP 1 BRAM 0 URAM 0 DISPNAME {bind_op mul}} {BINDTYPE op ID {} IMPL auto LATENCY 1 OPTYPE mul PRAGMA {} RTLNAME mul_16s_16s_26_2_1_U22 SOURCE firmware/nnet_utils/nnet_dense_resource.h:58 VARIABLE mul_ln58_26 LOOP ReuseLoop BUNDLEDNAME {} DSP 1 BRAM 0 URAM 0 DISPNAME {bind_op mul}} {BINDTYPE op ID {} IMPL fabric LATENCY 0 OPTYPE add PRAGMA {} RTLNAME add_ln58_25_fu_3196_p2 SOURCE firmware/nnet_utils/nnet_dense_resource.h:58 VARIABLE add_ln58_25 LOOP ReuseLoop BUNDLEDNAME {} DSP 0 BRAM 0 URAM 0 DISPNAME {bind_op add}} {BINDTYPE op ID {} IMPL fabric LATENCY 0 OPTYPE add PRAGMA {} RTLNAME res_9_fu_3333_p2 SOURCE firmware/nnet_utils/nnet_dense_resource.h:58 VARIABLE res_9 LOOP ReuseLoop BUNDLEDNAME {} DSP 0 BRAM 0 URAM 0 DISPNAME {bind_op add}} {BINDTYPE op ID {} IMPL auto LATENCY 1 OPTYPE mul PRAGMA {} RTLNAME mul_16s_16s_26_2_1_U23 SOURCE firmware/nnet_utils/nnet_dense_resource.h:58 VARIABLE mul_ln58_27 LOOP ReuseLoop BUNDLEDNAME {} DSP 1 BRAM 0 URAM 0 DISPNAME {bind_op mul}} {BINDTYPE op ID {} IMPL auto LATENCY 1 OPTYPE mul PRAGMA {} RTLNAME mul_16s_16s_26_2_1_U24 SOURCE firmware/nnet_utils/nnet_dense_resource.h:58 VARIABLE mul_ln58_28 LOOP ReuseLoop BUNDLEDNAME {} DSP 1 BRAM 0 URAM 0 DISPNAME {bind_op mul}} {BINDTYPE op ID {} IMPL fabric LATENCY 0 OPTYPE add PRAGMA {} RTLNAME add_ln58_27_fu_3200_p2 SOURCE firmware/nnet_utils/nnet_dense_resource.h:58 VARIABLE add_ln58_27 LOOP ReuseLoop BUNDLEDNAME {} DSP 0 BRAM 0 URAM 0 DISPNAME {bind_op add}} {BINDTYPE op ID {} IMPL fabric LATENCY 0 OPTYPE add PRAGMA {} RTLNAME res_10_fu_3338_p2 SOURCE firmware/nnet_utils/nnet_dense_resource.h:58 VARIABLE res_10 LOOP ReuseLoop BUNDLEDNAME {} DSP 0 BRAM 0 URAM 0 DISPNAME {bind_op add}} {BINDTYPE op ID {} IMPL auto LATENCY 1 OPTYPE mul PRAGMA {} RTLNAME mul_16s_16s_26_2_1_U25 SOURCE firmware/nnet_utils/nnet_dense_resource.h:58 VARIABLE mul_ln58_29 LOOP ReuseLoop BUNDLEDNAME {} DSP 1 BRAM 0 URAM 0 DISPNAME {bind_op mul}} {BINDTYPE op ID {} IMPL auto LATENCY 1 OPTYPE mul PRAGMA {} RTLNAME mul_16s_16s_26_2_1_U26 SOURCE firmware/nnet_utils/nnet_dense_resource.h:58 VARIABLE mul_ln58_30 LOOP ReuseLoop BUNDLEDNAME {} DSP 1 BRAM 0 URAM 0 DISPNAME {bind_op mul}} {BINDTYPE op ID {} IMPL fabric LATENCY 0 OPTYPE add PRAGMA {} RTLNAME add_ln58_29_fu_3204_p2 SOURCE firmware/nnet_utils/nnet_dense_resource.h:58 VARIABLE add_ln58_29 LOOP ReuseLoop BUNDLEDNAME {} DSP 0 BRAM 0 URAM 0 DISPNAME {bind_op add}} {BINDTYPE op ID {} IMPL fabric LATENCY 0 OPTYPE add PRAGMA {} RTLNAME res_11_fu_3343_p2 SOURCE firmware/nnet_utils/nnet_dense_resource.h:58 VARIABLE res_11 LOOP ReuseLoop BUNDLEDNAME {} DSP 0 BRAM 0 URAM 0 DISPNAME {bind_op add}} {BINDTYPE op ID {} IMPL auto LATENCY 1 OPTYPE mul PRAGMA {} RTLNAME mul_16s_16s_26_2_1_U27 SOURCE firmware/nnet_utils/nnet_dense_resource.h:58 VARIABLE mul_ln58_31 LOOP ReuseLoop BUNDLEDNAME {} DSP 1 BRAM 0 URAM 0 DISPNAME {bind_op mul}} {BINDTYPE op ID {} IMPL auto LATENCY 1 OPTYPE mul PRAGMA {} RTLNAME mul_16s_16s_26_2_1_U28 SOURCE firmware/nnet_utils/nnet_dense_resource.h:58 VARIABLE mul_ln58_32 LOOP ReuseLoop BUNDLEDNAME {} DSP 1 BRAM 0 URAM 0 DISPNAME {bind_op mul}} {BINDTYPE op ID {} IMPL fabric LATENCY 0 OPTYPE add PRAGMA {} RTLNAME add_ln58_31_fu_3208_p2 SOURCE firmware/nnet_utils/nnet_dense_resource.h:58 VARIABLE add_ln58_31 LOOP ReuseLoop BUNDLEDNAME {} DSP 0 BRAM 0 URAM 0 DISPNAME {bind_op add}} {BINDTYPE op ID {} IMPL fabric LATENCY 0 OPTYPE add PRAGMA {} RTLNAME res_12_fu_3348_p2 SOURCE firmware/nnet_utils/nnet_dense_resource.h:58 VARIABLE res_12 LOOP ReuseLoop BUNDLEDNAME {} DSP 0 BRAM 0 URAM 0 DISPNAME {bind_op add}} {BINDTYPE op ID {} IMPL auto LATENCY 1 OPTYPE mul PRAGMA {} RTLNAME mul_16s_16s_26_2_1_U29 SOURCE firmware/nnet_utils/nnet_dense_resource.h:58 VARIABLE mul_ln58_33 LOOP ReuseLoop BUNDLEDNAME {} DSP 1 BRAM 0 URAM 0 DISPNAME {bind_op mul}} {BINDTYPE op ID {} IMPL auto LATENCY 1 OPTYPE mul PRAGMA {} RTLNAME mul_16s_16s_26_2_1_U30 SOURCE firmware/nnet_utils/nnet_dense_resource.h:58 VARIABLE mul_ln58_34 LOOP ReuseLoop BUNDLEDNAME {} DSP 1 BRAM 0 URAM 0 DISPNAME {bind_op mul}} {BINDTYPE op ID {} IMPL fabric LATENCY 0 OPTYPE add PRAGMA {} RTLNAME add_ln58_33_fu_3212_p2 SOURCE firmware/nnet_utils/nnet_dense_resource.h:58 VARIABLE add_ln58_33 LOOP ReuseLoop BUNDLEDNAME {} DSP 0 BRAM 0 URAM 0 DISPNAME {bind_op add}} {BINDTYPE op ID {} IMPL fabric LATENCY 0 OPTYPE add PRAGMA {} RTLNAME res_13_fu_3353_p2 SOURCE firmware/nnet_utils/nnet_dense_resource.h:58 VARIABLE res_13 LOOP ReuseLoop BUNDLEDNAME {} DSP 0 BRAM 0 URAM 0 DISPNAME {bind_op add}} {BINDTYPE op ID {} IMPL auto LATENCY 1 OPTYPE mul PRAGMA {} RTLNAME mul_16s_16s_26_2_1_U31 SOURCE firmware/nnet_utils/nnet_dense_resource.h:58 VARIABLE mul_ln58_35 LOOP ReuseLoop BUNDLEDNAME {} DSP 1 BRAM 0 URAM 0 DISPNAME {bind_op mul}} {BINDTYPE op ID {} IMPL auto LATENCY 1 OPTYPE mul PRAGMA {} RTLNAME mul_16s_16s_26_2_1_U32 SOURCE firmware/nnet_utils/nnet_dense_resource.h:58 VARIABLE mul_ln58_36 LOOP ReuseLoop BUNDLEDNAME {} DSP 1 BRAM 0 URAM 0 DISPNAME {bind_op mul}} {BINDTYPE op ID {} IMPL fabric LATENCY 0 OPTYPE add PRAGMA {} RTLNAME add_ln58_35_fu_3216_p2 SOURCE firmware/nnet_utils/nnet_dense_resource.h:58 VARIABLE add_ln58_35 LOOP ReuseLoop BUNDLEDNAME {} DSP 0 BRAM 0 URAM 0 DISPNAME {bind_op add}} {BINDTYPE op ID {} IMPL fabric LATENCY 0 OPTYPE add PRAGMA {} RTLNAME res_14_fu_3358_p2 SOURCE firmware/nnet_utils/nnet_dense_resource.h:58 VARIABLE res_14 LOOP ReuseLoop BUNDLEDNAME {} DSP 0 BRAM 0 URAM 0 DISPNAME {bind_op add}} {BINDTYPE op ID {} IMPL auto LATENCY 1 OPTYPE mul PRAGMA {} RTLNAME mul_16s_16s_26_2_1_U33 SOURCE firmware/nnet_utils/nnet_dense_resource.h:58 VARIABLE mul_ln58_37 LOOP ReuseLoop BUNDLEDNAME {} DSP 1 BRAM 0 URAM 0 DISPNAME {bind_op mul}} {BINDTYPE op ID {} IMPL auto LATENCY 1 OPTYPE mul PRAGMA {} RTLNAME mul_16s_16s_26_2_1_U34 SOURCE firmware/nnet_utils/nnet_dense_resource.h:58 VARIABLE mul_ln58_38 LOOP ReuseLoop BUNDLEDNAME {} DSP 1 BRAM 0 URAM 0 DISPNAME {bind_op mul}} {BINDTYPE op ID {} IMPL fabric LATENCY 0 OPTYPE add PRAGMA {} RTLNAME add_ln58_37_fu_3220_p2 SOURCE firmware/nnet_utils/nnet_dense_resource.h:58 VARIABLE add_ln58_37 LOOP ReuseLoop BUNDLEDNAME {} DSP 0 BRAM 0 URAM 0 DISPNAME {bind_op add}} {BINDTYPE op ID {} IMPL fabric LATENCY 0 OPTYPE add PRAGMA {} RTLNAME res_15_fu_3363_p2 SOURCE firmware/nnet_utils/nnet_dense_resource.h:58 VARIABLE res_15 LOOP ReuseLoop BUNDLEDNAME {} DSP 0 BRAM 0 URAM 0 DISPNAME {bind_op add}} {BINDTYPE op ID {} IMPL auto LATENCY 1 OPTYPE mul PRAGMA {} RTLNAME mul_16s_16s_26_2_1_U35 SOURCE firmware/nnet_utils/nnet_dense_resource.h:58 VARIABLE mul_ln58_39 LOOP ReuseLoop BUNDLEDNAME {} DSP 1 BRAM 0 URAM 0 DISPNAME {bind_op mul}} {BINDTYPE op ID {} IMPL auto LATENCY 1 OPTYPE mul PRAGMA {} RTLNAME mul_16s_16s_26_2_1_U36 SOURCE firmware/nnet_utils/nnet_dense_resource.h:58 VARIABLE mul_ln58_40 LOOP ReuseLoop BUNDLEDNAME {} DSP 1 BRAM 0 URAM 0 DISPNAME {bind_op mul}} {BINDTYPE op ID {} IMPL fabric LATENCY 0 OPTYPE add PRAGMA {} RTLNAME add_ln58_39_fu_3224_p2 SOURCE firmware/nnet_utils/nnet_dense_resource.h:58 VARIABLE add_ln58_39 LOOP ReuseLoop BUNDLEDNAME {} DSP 0 BRAM 0 URAM 0 DISPNAME {bind_op add}} {BINDTYPE op ID {} IMPL fabric LATENCY 0 OPTYPE add PRAGMA {} RTLNAME res_16_fu_3368_p2 SOURCE firmware/nnet_utils/nnet_dense_resource.h:58 VARIABLE res_16 LOOP ReuseLoop BUNDLEDNAME {} DSP 0 BRAM 0 URAM 0 DISPNAME {bind_op add}} {BINDTYPE op ID {} IMPL auto LATENCY 1 OPTYPE mul PRAGMA {} RTLNAME mul_16s_16s_26_2_1_U37 SOURCE firmware/nnet_utils/nnet_dense_resource.h:58 VARIABLE mul_ln58_41 LOOP ReuseLoop BUNDLEDNAME {} DSP 1 BRAM 0 URAM 0 DISPNAME {bind_op mul}} {BINDTYPE op ID {} IMPL auto LATENCY 1 OPTYPE mul PRAGMA {} RTLNAME mul_16s_16s_26_2_1_U38 SOURCE firmware/nnet_utils/nnet_dense_resource.h:58 VARIABLE mul_ln58_42 LOOP ReuseLoop BUNDLEDNAME {} DSP 1 BRAM 0 URAM 0 DISPNAME {bind_op mul}} {BINDTYPE op ID {} IMPL fabric LATENCY 0 OPTYPE add PRAGMA {} RTLNAME add_ln58_41_fu_3228_p2 SOURCE firmware/nnet_utils/nnet_dense_resource.h:58 VARIABLE add_ln58_41 LOOP ReuseLoop BUNDLEDNAME {} DSP 0 BRAM 0 URAM 0 DISPNAME {bind_op add}} {BINDTYPE op ID {} IMPL fabric LATENCY 0 OPTYPE add PRAGMA {} RTLNAME res_17_fu_3373_p2 SOURCE firmware/nnet_utils/nnet_dense_resource.h:58 VARIABLE res_17 LOOP ReuseLoop BUNDLEDNAME {} DSP 0 BRAM 0 URAM 0 DISPNAME {bind_op add}} {BINDTYPE op ID {} IMPL auto LATENCY 1 OPTYPE mul PRAGMA {} RTLNAME mul_16s_16s_26_2_1_U39 SOURCE firmware/nnet_utils/nnet_dense_resource.h:58 VARIABLE mul_ln58_43 LOOP ReuseLoop BUNDLEDNAME {} DSP 1 BRAM 0 URAM 0 DISPNAME {bind_op mul}} {BINDTYPE op ID {} IMPL auto LATENCY 1 OPTYPE mul PRAGMA {} RTLNAME mul_16s_16s_26_2_1_U40 SOURCE firmware/nnet_utils/nnet_dense_resource.h:58 VARIABLE mul_ln58_44 LOOP ReuseLoop BUNDLEDNAME {} DSP 1 BRAM 0 URAM 0 DISPNAME {bind_op mul}} {BINDTYPE op ID {} IMPL fabric LATENCY 0 OPTYPE add PRAGMA {} RTLNAME add_ln58_43_fu_3232_p2 SOURCE firmware/nnet_utils/nnet_dense_resource.h:58 VARIABLE add_ln58_43 LOOP ReuseLoop BUNDLEDNAME {} DSP 0 BRAM 0 URAM 0 DISPNAME {bind_op add}} {BINDTYPE op ID {} IMPL fabric LATENCY 0 OPTYPE add PRAGMA {} RTLNAME res_18_fu_3378_p2 SOURCE firmware/nnet_utils/nnet_dense_resource.h:58 VARIABLE res_18 LOOP ReuseLoop BUNDLEDNAME {} DSP 0 BRAM 0 URAM 0 DISPNAME {bind_op add}} {BINDTYPE op ID {} IMPL auto LATENCY 1 OPTYPE mul PRAGMA {} RTLNAME mul_16s_16s_26_2_1_U41 SOURCE firmware/nnet_utils/nnet_dense_resource.h:58 VARIABLE mul_ln58_45 LOOP ReuseLoop BUNDLEDNAME {} DSP 1 BRAM 0 URAM 0 DISPNAME {bind_op mul}} {BINDTYPE op ID {} IMPL auto LATENCY 1 OPTYPE mul PRAGMA {} RTLNAME mul_16s_16s_26_2_1_U42 SOURCE firmware/nnet_utils/nnet_dense_resource.h:58 VARIABLE mul_ln58_46 LOOP ReuseLoop BUNDLEDNAME {} DSP 1 BRAM 0 URAM 0 DISPNAME {bind_op mul}} {BINDTYPE op ID {} IMPL fabric LATENCY 0 OPTYPE add PRAGMA {} RTLNAME add_ln58_45_fu_3236_p2 SOURCE firmware/nnet_utils/nnet_dense_resource.h:58 VARIABLE add_ln58_45 LOOP ReuseLoop BUNDLEDNAME {} DSP 0 BRAM 0 URAM 0 DISPNAME {bind_op add}} {BINDTYPE op ID {} IMPL fabric LATENCY 0 OPTYPE add PRAGMA {} RTLNAME res_19_fu_3383_p2 SOURCE firmware/nnet_utils/nnet_dense_resource.h:58 VARIABLE res_19 LOOP ReuseLoop BUNDLEDNAME {} DSP 0 BRAM 0 URAM 0 DISPNAME {bind_op add}} {BINDTYPE op ID {} IMPL auto LATENCY 1 OPTYPE mul PRAGMA {} RTLNAME mul_16s_16s_26_2_1_U43 SOURCE firmware/nnet_utils/nnet_dense_resource.h:58 VARIABLE mul_ln58_47 LOOP ReuseLoop BUNDLEDNAME {} DSP 1 BRAM 0 URAM 0 DISPNAME {bind_op mul}} {BINDTYPE op ID {} IMPL auto LATENCY 1 OPTYPE mul PRAGMA {} RTLNAME mul_16s_16s_26_2_1_U44 SOURCE firmware/nnet_utils/nnet_dense_resource.h:58 VARIABLE mul_ln58_48 LOOP ReuseLoop BUNDLEDNAME {} DSP 1 BRAM 0 URAM 0 DISPNAME {bind_op mul}} {BINDTYPE op ID {} IMPL fabric LATENCY 0 OPTYPE add PRAGMA {} RTLNAME add_ln58_47_fu_3240_p2 SOURCE firmware/nnet_utils/nnet_dense_resource.h:58 VARIABLE add_ln58_47 LOOP ReuseLoop BUNDLEDNAME {} DSP 0 BRAM 0 URAM 0 DISPNAME {bind_op add}} {BINDTYPE op ID {} IMPL fabric LATENCY 0 OPTYPE add PRAGMA {} RTLNAME res_20_fu_3388_p2 SOURCE firmware/nnet_utils/nnet_dense_resource.h:58 VARIABLE res_20 LOOP ReuseLoop BUNDLEDNAME {} DSP 0 BRAM 0 URAM 0 DISPNAME {bind_op add}} {BINDTYPE op ID {} IMPL auto LATENCY 1 OPTYPE mul PRAGMA {} RTLNAME mul_16s_16s_26_2_1_U45 SOURCE firmware/nnet_utils/nnet_dense_resource.h:58 VARIABLE mul_ln58_49 LOOP ReuseLoop BUNDLEDNAME {} DSP 1 BRAM 0 URAM 0 DISPNAME {bind_op mul}} {BINDTYPE op ID {} IMPL auto LATENCY 1 OPTYPE mul PRAGMA {} RTLNAME mul_16s_16s_26_2_1_U46 SOURCE firmware/nnet_utils/nnet_dense_resource.h:58 VARIABLE mul_ln58_50 LOOP ReuseLoop BUNDLEDNAME {} DSP 1 BRAM 0 URAM 0 DISPNAME {bind_op mul}} {BINDTYPE op ID {} IMPL fabric LATENCY 0 OPTYPE add PRAGMA {} RTLNAME add_ln58_49_fu_3244_p2 SOURCE firmware/nnet_utils/nnet_dense_resource.h:58 VARIABLE add_ln58_49 LOOP ReuseLoop BUNDLEDNAME {} DSP 0 BRAM 0 URAM 0 DISPNAME {bind_op add}} {BINDTYPE op ID {} IMPL fabric LATENCY 0 OPTYPE add PRAGMA {} RTLNAME res_21_fu_3393_p2 SOURCE firmware/nnet_utils/nnet_dense_resource.h:58 VARIABLE res_21 LOOP ReuseLoop BUNDLEDNAME {} DSP 0 BRAM 0 URAM 0 DISPNAME {bind_op add}} {BINDTYPE op ID {} IMPL auto LATENCY 1 OPTYPE mul PRAGMA {} RTLNAME mul_16s_16s_26_2_1_U47 SOURCE firmware/nnet_utils/nnet_dense_resource.h:58 VARIABLE mul_ln58_51 LOOP ReuseLoop BUNDLEDNAME {} DSP 1 BRAM 0 URAM 0 DISPNAME {bind_op mul}} {BINDTYPE op ID {} IMPL auto LATENCY 1 OPTYPE mul PRAGMA {} RTLNAME mul_16s_16s_26_2_1_U48 SOURCE firmware/nnet_utils/nnet_dense_resource.h:58 VARIABLE mul_ln58_52 LOOP ReuseLoop BUNDLEDNAME {} DSP 1 BRAM 0 URAM 0 DISPNAME {bind_op mul}} {BINDTYPE op ID {} IMPL fabric LATENCY 0 OPTYPE add PRAGMA {} RTLNAME add_ln58_51_fu_3248_p2 SOURCE firmware/nnet_utils/nnet_dense_resource.h:58 VARIABLE add_ln58_51 LOOP ReuseLoop BUNDLEDNAME {} DSP 0 BRAM 0 URAM 0 DISPNAME {bind_op add}} {BINDTYPE op ID {} IMPL fabric LATENCY 0 OPTYPE add PRAGMA {} RTLNAME res_22_fu_3398_p2 SOURCE firmware/nnet_utils/nnet_dense_resource.h:58 VARIABLE res_22 LOOP ReuseLoop BUNDLEDNAME {} DSP 0 BRAM 0 URAM 0 DISPNAME {bind_op add}} {BINDTYPE op ID {} IMPL auto LATENCY 1 OPTYPE mul PRAGMA {} RTLNAME mul_16s_16s_26_2_1_U49 SOURCE firmware/nnet_utils/nnet_dense_resource.h:58 VARIABLE mul_ln58_53 LOOP ReuseLoop BUNDLEDNAME {} DSP 1 BRAM 0 URAM 0 DISPNAME {bind_op mul}} {BINDTYPE op ID {} IMPL auto LATENCY 1 OPTYPE mul PRAGMA {} RTLNAME mul_16s_16s_26_2_1_U50 SOURCE firmware/nnet_utils/nnet_dense_resource.h:58 VARIABLE mul_ln58_54 LOOP ReuseLoop BUNDLEDNAME {} DSP 1 BRAM 0 URAM 0 DISPNAME {bind_op mul}} {BINDTYPE op ID {} IMPL fabric LATENCY 0 OPTYPE add PRAGMA {} RTLNAME add_ln58_53_fu_3252_p2 SOURCE firmware/nnet_utils/nnet_dense_resource.h:58 VARIABLE add_ln58_53 LOOP ReuseLoop BUNDLEDNAME {} DSP 0 BRAM 0 URAM 0 DISPNAME {bind_op add}} {BINDTYPE op ID {} IMPL fabric LATENCY 0 OPTYPE add PRAGMA {} RTLNAME res_23_fu_3403_p2 SOURCE firmware/nnet_utils/nnet_dense_resource.h:58 VARIABLE res_23 LOOP ReuseLoop BUNDLEDNAME {} DSP 0 BRAM 0 URAM 0 DISPNAME {bind_op add}} {BINDTYPE op ID {} IMPL auto LATENCY 1 OPTYPE mul PRAGMA {} RTLNAME mul_16s_16s_26_2_1_U51 SOURCE firmware/nnet_utils/nnet_dense_resource.h:58 VARIABLE mul_ln58_55 LOOP ReuseLoop BUNDLEDNAME {} DSP 1 BRAM 0 URAM 0 DISPNAME {bind_op mul}} {BINDTYPE op ID {} IMPL auto LATENCY 1 OPTYPE mul PRAGMA {} RTLNAME mul_16s_16s_26_2_1_U52 SOURCE firmware/nnet_utils/nnet_dense_resource.h:58 VARIABLE mul_ln58_56 LOOP ReuseLoop BUNDLEDNAME {} DSP 1 BRAM 0 URAM 0 DISPNAME {bind_op mul}} {BINDTYPE op ID {} IMPL fabric LATENCY 0 OPTYPE add PRAGMA {} RTLNAME add_ln58_55_fu_3256_p2 SOURCE firmware/nnet_utils/nnet_dense_resource.h:58 VARIABLE add_ln58_55 LOOP ReuseLoop BUNDLEDNAME {} DSP 0 BRAM 0 URAM 0 DISPNAME {bind_op add}} {BINDTYPE op ID {} IMPL fabric LATENCY 0 OPTYPE add PRAGMA {} RTLNAME res_24_fu_3408_p2 SOURCE firmware/nnet_utils/nnet_dense_resource.h:58 VARIABLE res_24 LOOP ReuseLoop BUNDLEDNAME {} DSP 0 BRAM 0 URAM 0 DISPNAME {bind_op add}} {BINDTYPE op ID {} IMPL auto LATENCY 1 OPTYPE mul PRAGMA {} RTLNAME mul_16s_16s_26_2_1_U53 SOURCE firmware/nnet_utils/nnet_dense_resource.h:58 VARIABLE mul_ln58_57 LOOP ReuseLoop BUNDLEDNAME {} DSP 1 BRAM 0 URAM 0 DISPNAME {bind_op mul}} {BINDTYPE op ID {} IMPL auto LATENCY 1 OPTYPE mul PRAGMA {} RTLNAME mul_16s_16s_26_2_1_U54 SOURCE firmware/nnet_utils/nnet_dense_resource.h:58 VARIABLE mul_ln58_58 LOOP ReuseLoop BUNDLEDNAME {} DSP 1 BRAM 0 URAM 0 DISPNAME {bind_op mul}} {BINDTYPE op ID {} IMPL fabric LATENCY 0 OPTYPE add PRAGMA {} RTLNAME add_ln58_57_fu_3260_p2 SOURCE firmware/nnet_utils/nnet_dense_resource.h:58 VARIABLE add_ln58_57 LOOP ReuseLoop BUNDLEDNAME {} DSP 0 BRAM 0 URAM 0 DISPNAME {bind_op add}} {BINDTYPE op ID {} IMPL fabric LATENCY 0 OPTYPE add PRAGMA {} RTLNAME res_25_fu_3413_p2 SOURCE firmware/nnet_utils/nnet_dense_resource.h:58 VARIABLE res_25 LOOP ReuseLoop BUNDLEDNAME {} DSP 0 BRAM 0 URAM 0 DISPNAME {bind_op add}} {BINDTYPE op ID {} IMPL auto LATENCY 1 OPTYPE mul PRAGMA {} RTLNAME mul_16s_16s_26_2_1_U55 SOURCE firmware/nnet_utils/nnet_dense_resource.h:58 VARIABLE mul_ln58_59 LOOP ReuseLoop BUNDLEDNAME {} DSP 1 BRAM 0 URAM 0 DISPNAME {bind_op mul}} {BINDTYPE op ID {} IMPL auto LATENCY 1 OPTYPE mul PRAGMA {} RTLNAME mul_16s_16s_26_2_1_U56 SOURCE firmware/nnet_utils/nnet_dense_resource.h:58 VARIABLE mul_ln58_60 LOOP ReuseLoop BUNDLEDNAME {} DSP 1 BRAM 0 URAM 0 DISPNAME {bind_op mul}} {BINDTYPE op ID {} IMPL fabric LATENCY 0 OPTYPE add PRAGMA {} RTLNAME add_ln58_59_fu_3264_p2 SOURCE firmware/nnet_utils/nnet_dense_resource.h:58 VARIABLE add_ln58_59 LOOP ReuseLoop BUNDLEDNAME {} DSP 0 BRAM 0 URAM 0 DISPNAME {bind_op add}} {BINDTYPE op ID {} IMPL fabric LATENCY 0 OPTYPE add PRAGMA {} RTLNAME res_26_fu_3418_p2 SOURCE firmware/nnet_utils/nnet_dense_resource.h:58 VARIABLE res_26 LOOP ReuseLoop BUNDLEDNAME {} DSP 0 BRAM 0 URAM 0 DISPNAME {bind_op add}} {BINDTYPE op ID {} IMPL auto LATENCY 1 OPTYPE mul PRAGMA {} RTLNAME mul_16s_16s_26_2_1_U57 SOURCE firmware/nnet_utils/nnet_dense_resource.h:58 VARIABLE mul_ln58_61 LOOP ReuseLoop BUNDLEDNAME {} DSP 1 BRAM 0 URAM 0 DISPNAME {bind_op mul}} {BINDTYPE op ID {} IMPL auto LATENCY 1 OPTYPE mul PRAGMA {} RTLNAME mul_16s_16s_26_2_1_U58 SOURCE firmware/nnet_utils/nnet_dense_resource.h:58 VARIABLE mul_ln58_62 LOOP ReuseLoop BUNDLEDNAME {} DSP 1 BRAM 0 URAM 0 DISPNAME {bind_op mul}} {BINDTYPE op ID {} IMPL fabric LATENCY 0 OPTYPE add PRAGMA {} RTLNAME add_ln58_61_fu_3268_p2 SOURCE firmware/nnet_utils/nnet_dense_resource.h:58 VARIABLE add_ln58_61 LOOP ReuseLoop BUNDLEDNAME {} DSP 0 BRAM 0 URAM 0 DISPNAME {bind_op add}} {BINDTYPE op ID {} IMPL fabric LATENCY 0 OPTYPE add PRAGMA {} RTLNAME res_27_fu_3423_p2 SOURCE firmware/nnet_utils/nnet_dense_resource.h:58 VARIABLE res_27 LOOP ReuseLoop BUNDLEDNAME {} DSP 0 BRAM 0 URAM 0 DISPNAME {bind_op add}} {BINDTYPE op ID {} IMPL auto LATENCY 1 OPTYPE mul PRAGMA {} RTLNAME mul_16s_16s_26_2_1_U59 SOURCE firmware/nnet_utils/nnet_dense_resource.h:58 VARIABLE mul_ln58_63 LOOP ReuseLoop BUNDLEDNAME {} DSP 1 BRAM 0 URAM 0 DISPNAME {bind_op mul}} {BINDTYPE op ID {} IMPL auto LATENCY 1 OPTYPE mul PRAGMA {} RTLNAME mul_16s_16s_26_2_1_U60 SOURCE firmware/nnet_utils/nnet_dense_resource.h:58 VARIABLE mul_ln58_64 LOOP ReuseLoop BUNDLEDNAME {} DSP 1 BRAM 0 URAM 0 DISPNAME {bind_op mul}} {BINDTYPE op ID {} IMPL fabric LATENCY 0 OPTYPE add PRAGMA {} RTLNAME add_ln58_63_fu_3272_p2 SOURCE firmware/nnet_utils/nnet_dense_resource.h:58 VARIABLE add_ln58_63 LOOP ReuseLoop BUNDLEDNAME {} DSP 0 BRAM 0 URAM 0 DISPNAME {bind_op add}} {BINDTYPE op ID {} IMPL fabric LATENCY 0 OPTYPE add PRAGMA {} RTLNAME res_28_fu_3428_p2 SOURCE firmware/nnet_utils/nnet_dense_resource.h:58 VARIABLE res_28 LOOP ReuseLoop BUNDLEDNAME {} DSP 0 BRAM 0 URAM 0 DISPNAME {bind_op add}} {BINDTYPE op ID {} IMPL auto LATENCY 1 OPTYPE mul PRAGMA {} RTLNAME mul_16s_16s_26_2_1_U61 SOURCE firmware/nnet_utils/nnet_dense_resource.h:58 VARIABLE mul_ln58_65 LOOP ReuseLoop BUNDLEDNAME {} DSP 1 BRAM 0 URAM 0 DISPNAME {bind_op mul}} {BINDTYPE op ID {} IMPL auto LATENCY 1 OPTYPE mul PRAGMA {} RTLNAME mul_16s_16s_26_2_1_U62 SOURCE firmware/nnet_utils/nnet_dense_resource.h:58 VARIABLE mul_ln58_66 LOOP ReuseLoop BUNDLEDNAME {} DSP 1 BRAM 0 URAM 0 DISPNAME {bind_op mul}} {BINDTYPE op ID {} IMPL fabric LATENCY 0 OPTYPE add PRAGMA {} RTLNAME add_ln58_65_fu_3276_p2 SOURCE firmware/nnet_utils/nnet_dense_resource.h:58 VARIABLE add_ln58_65 LOOP ReuseLoop BUNDLEDNAME {} DSP 0 BRAM 0 URAM 0 DISPNAME {bind_op add}} {BINDTYPE op ID {} IMPL fabric LATENCY 0 OPTYPE add PRAGMA {} RTLNAME res_29_fu_3433_p2 SOURCE firmware/nnet_utils/nnet_dense_resource.h:58 VARIABLE res_29 LOOP ReuseLoop BUNDLEDNAME {} DSP 0 BRAM 0 URAM 0 DISPNAME {bind_op add}} {BINDTYPE op ID {} IMPL auto LATENCY 1 OPTYPE mul PRAGMA {} RTLNAME mul_16s_16s_26_2_1_U63 SOURCE firmware/nnet_utils/nnet_dense_resource.h:58 VARIABLE mul_ln58_67 LOOP ReuseLoop BUNDLEDNAME {} DSP 1 BRAM 0 URAM 0 DISPNAME {bind_op mul}} {BINDTYPE op ID {} IMPL auto LATENCY 1 OPTYPE mul PRAGMA {} RTLNAME mul_16s_16s_26_2_1_U64 SOURCE firmware/nnet_utils/nnet_dense_resource.h:58 VARIABLE mul_ln58_68 LOOP ReuseLoop BUNDLEDNAME {} DSP 1 BRAM 0 URAM 0 DISPNAME {bind_op mul}} {BINDTYPE op ID {} IMPL fabric LATENCY 0 OPTYPE add PRAGMA {} RTLNAME add_ln58_67_fu_3280_p2 SOURCE firmware/nnet_utils/nnet_dense_resource.h:58 VARIABLE add_ln58_67 LOOP ReuseLoop BUNDLEDNAME {} DSP 0 BRAM 0 URAM 0 DISPNAME {bind_op add}} {BINDTYPE op ID {} IMPL fabric LATENCY 0 OPTYPE add PRAGMA {} RTLNAME res_30_fu_3438_p2 SOURCE firmware/nnet_utils/nnet_dense_resource.h:58 VARIABLE res_30 LOOP ReuseLoop BUNDLEDNAME {} DSP 0 BRAM 0 URAM 0 DISPNAME {bind_op add}} {BINDTYPE op ID {} IMPL auto LATENCY 1 OPTYPE mul PRAGMA {} RTLNAME mul_16s_16s_26_2_1_U65 SOURCE firmware/nnet_utils/nnet_dense_resource.h:58 VARIABLE mul_ln58_69 LOOP ReuseLoop BUNDLEDNAME {} DSP 1 BRAM 0 URAM 0 DISPNAME {bind_op mul}} {BINDTYPE op ID {} IMPL auto LATENCY 1 OPTYPE mul PRAGMA {} RTLNAME mul_16s_12s_26_2_1_U66 SOURCE firmware/nnet_utils/nnet_dense_resource.h:58 VARIABLE mul_ln58_70 LOOP ReuseLoop BUNDLEDNAME {} DSP 1 BRAM 0 URAM 0 DISPNAME {bind_op mul}} {BINDTYPE op ID {} IMPL fabric LATENCY 0 OPTYPE add PRAGMA {} RTLNAME add_ln58_69_fu_3284_p2 SOURCE firmware/nnet_utils/nnet_dense_resource.h:58 VARIABLE add_ln58_69 LOOP ReuseLoop BUNDLEDNAME {} DSP 0 BRAM 0 URAM 0 DISPNAME {bind_op add}} {BINDTYPE op ID {} IMPL fabric LATENCY 0 OPTYPE add PRAGMA {} RTLNAME res_31_fu_3443_p2 SOURCE firmware/nnet_utils/nnet_dense_resource.h:58 VARIABLE res_31 LOOP ReuseLoop BUNDLEDNAME {} DSP 0 BRAM 0 URAM 0 DISPNAME {bind_op add}} {BINDTYPE op ID {} IMPL fabric LATENCY 0 OPTYPE add PRAGMA {} RTLNAME w_index_fu_1260_p2 SOURCE firmware/nnet_utils/nnet_dense_resource.h:46 VARIABLE w_index LOOP ReuseLoop BUNDLEDNAME {} DSP 0 BRAM 0 URAM 0 DISPNAME {bind_op add}} {BINDTYPE storage ID {} IMPL bram LATENCY 1 OPTYPE rom_np PRAGMA pragma RTLNAME w2_66_U SOURCE :0 VARIABLE w2_66 LOOP {} BUNDLEDNAME {} DSP 0 BRAM 29 URAM 0 DISPNAME {bind_storage rom_np}}} AREA {DSP 64 BRAM 29 URAM 0}} dense_array_ap_fixed_32u_array_ap_fixed_16_6_5_3_0_1u_config4_s {BINDINFO {{BINDTYPE op ID {} IMPL auto LATENCY 1 OPTYPE mul PRAGMA {} RTLNAME mul_16s_16s_26_2_1_U84 SOURCE firmware/nnet_utils/nnet_dense_resource.h:58 VARIABLE mul_ln58 LOOP ReuseLoop BUNDLEDNAME {} DSP 1 BRAM 0 URAM 0 DISPNAME {bind_op mul}} {BINDTYPE op ID {} IMPL auto LATENCY 1 OPTYPE mul PRAGMA {} RTLNAME mul_16s_16s_26_2_1_U85 SOURCE firmware/nnet_utils/nnet_dense_resource.h:58 VARIABLE mul_ln58_1 LOOP ReuseLoop BUNDLEDNAME {} DSP 1 BRAM 0 URAM 0 DISPNAME {bind_op mul}} {BINDTYPE op ID {} IMPL auto LATENCY 1 OPTYPE mul PRAGMA {} RTLNAME mul_16s_16s_26_2_1_U86 SOURCE firmware/nnet_utils/nnet_dense_resource.h:58 VARIABLE mul_ln58_2 LOOP ReuseLoop BUNDLEDNAME {} DSP 1 BRAM 0 URAM 0 DISPNAME {bind_op mul}} {BINDTYPE op ID {} IMPL auto LATENCY 1 OPTYPE mul PRAGMA {} RTLNAME mul_16s_16s_26_2_1_U87 SOURCE firmware/nnet_utils/nnet_dense_resource.h:58 VARIABLE mul_ln58_3 LOOP ReuseLoop BUNDLEDNAME {} DSP 1 BRAM 0 URAM 0 DISPNAME {bind_op mul}} {BINDTYPE op ID {} IMPL auto LATENCY 1 OPTYPE mul PRAGMA {} RTLNAME mul_16s_16s_26_2_1_U88 SOURCE firmware/nnet_utils/nnet_dense_resource.h:58 VARIABLE mul_ln58_4 LOOP ReuseLoop BUNDLEDNAME {} DSP 1 BRAM 0 URAM 0 DISPNAME {bind_op mul}} {BINDTYPE op ID {} IMPL auto LATENCY 1 OPTYPE mul PRAGMA {} RTLNAME mul_16s_16s_26_2_1_U89 SOURCE firmware/nnet_utils/nnet_dense_resource.h:58 VARIABLE mul_ln58_5 LOOP ReuseLoop BUNDLEDNAME {} DSP 1 BRAM 0 URAM 0 DISPNAME {bind_op mul}} {BINDTYPE op ID {} IMPL auto LATENCY 1 OPTYPE mul PRAGMA {} RTLNAME mul_16s_16s_26_2_1_U90 SOURCE firmware/nnet_utils/nnet_dense_resource.h:58 VARIABLE mul_ln58_6 LOOP ReuseLoop BUNDLEDNAME {} DSP 1 BRAM 0 URAM 0 DISPNAME {bind_op mul}} {BINDTYPE op ID {} IMPL auto LATENCY 1 OPTYPE mul PRAGMA {} RTLNAME mul_16s_11s_26_2_1_U91 SOURCE firmware/nnet_utils/nnet_dense_resource.h:58 VARIABLE mul_ln58_7 LOOP ReuseLoop BUNDLEDNAME {} DSP 1 BRAM 0 URAM 0 DISPNAME {bind_op mul}} {BINDTYPE op ID {} IMPL fabric LATENCY 0 OPTYPE add PRAGMA {} RTLNAME add_ln58_fu_1798_p2 SOURCE firmware/nnet_utils/nnet_dense_resource.h:58 VARIABLE add_ln58 LOOP ReuseLoop BUNDLEDNAME {} DSP 0 BRAM 0 URAM 0 DISPNAME {bind_op add}} {BINDTYPE op ID {} IMPL fabric LATENCY 0 OPTYPE add PRAGMA {} RTLNAME add_ln58_1_fu_1802_p2 SOURCE firmware/nnet_utils/nnet_dense_resource.h:58 VARIABLE add_ln58_1 LOOP ReuseLoop BUNDLEDNAME {} DSP 0 BRAM 0 URAM 0 DISPNAME {bind_op add}} {BINDTYPE op ID {} IMPL fabric LATENCY 0 OPTYPE add PRAGMA {} RTLNAME add_ln58_2_fu_1814_p2 SOURCE firmware/nnet_utils/nnet_dense_resource.h:58 VARIABLE add_ln58_2 LOOP ReuseLoop BUNDLEDNAME {} DSP 0 BRAM 0 URAM 0 DISPNAME {bind_op add}} {BINDTYPE op ID {} IMPL fabric LATENCY 0 OPTYPE add PRAGMA {} RTLNAME add_ln58_3_fu_1806_p2 SOURCE firmware/nnet_utils/nnet_dense_resource.h:58 VARIABLE add_ln58_3 LOOP ReuseLoop BUNDLEDNAME {} DSP 0 BRAM 0 URAM 0 DISPNAME {bind_op add}} {BINDTYPE op ID {} IMPL fabric LATENCY 0 OPTYPE add PRAGMA {} RTLNAME add_ln58_4_fu_1810_p2 SOURCE firmware/nnet_utils/nnet_dense_resource.h:58 VARIABLE add_ln58_4 LOOP ReuseLoop BUNDLEDNAME {} DSP 0 BRAM 0 URAM 0 DISPNAME {bind_op add}} {BINDTYPE op ID {} IMPL fabric LATENCY 0 OPTYPE add PRAGMA {} RTLNAME add_ln58_5_fu_1818_p2 SOURCE firmware/nnet_utils/nnet_dense_resource.h:58 VARIABLE add_ln58_5 LOOP ReuseLoop BUNDLEDNAME {} DSP 0 BRAM 0 URAM 0 DISPNAME {bind_op add}} {BINDTYPE op ID {} IMPL fabric LATENCY 0 OPTYPE add PRAGMA {} RTLNAME add_ln58_6_fu_1822_p2 SOURCE firmware/nnet_utils/nnet_dense_resource.h:58 VARIABLE add_ln58_6 LOOP ReuseLoop BUNDLEDNAME {} DSP 0 BRAM 0 URAM 0 DISPNAME {bind_op add}} {BINDTYPE op ID {} IMPL fabric LATENCY 0 OPTYPE add PRAGMA {} RTLNAME res_fu_1826_p2 SOURCE firmware/nnet_utils/nnet_dense_resource.h:58 VARIABLE res LOOP ReuseLoop BUNDLEDNAME {} DSP 0 BRAM 0 URAM 0 DISPNAME {bind_op add}} {BINDTYPE op ID {} IMPL fabric LATENCY 0 OPTYPE add PRAGMA {} RTLNAME w_index_fu_1105_p2 SOURCE firmware/nnet_utils/nnet_dense_resource.h:46 VARIABLE w_index LOOP ReuseLoop BUNDLEDNAME {} DSP 0 BRAM 0 URAM 0 DISPNAME {bind_op add}} {BINDTYPE storage ID {} IMPL bram LATENCY 1 OPTYPE rom_np PRAGMA pragma RTLNAME w4_67_U SOURCE :0 VARIABLE w4_67 LOOP {} BUNDLEDNAME {} DSP 0 BRAM 4 URAM 0 DISPNAME {bind_storage rom_np}}} AREA {DSP 8 BRAM 4 URAM 0}} sigmoid_array_array_ap_fixed_16_6_5_3_0_1u_sigmoid_config5_s {BINDINFO {{BINDTYPE op ID {} IMPL fabric LATENCY 0 OPTYPE add PRAGMA {} RTLNAME add_ln90_fu_134_p2 SOURCE firmware/nnet_utils/nnet_activation_stream.h:90 VARIABLE add_ln90 LOOP {} BUNDLEDNAME {} DSP 0 BRAM 0 URAM 0 DISPNAME {bind_op add}} {BINDTYPE op ID {} IMPL fabric LATENCY 0 OPTYPE add PRAGMA {} RTLNAME index_fu_155_p2 SOURCE firmware/nnet_utils/nnet_activation_stream.h:91 VARIABLE index LOOP {} BUNDLEDNAME {} DSP 0 BRAM 0 URAM 0 DISPNAME {bind_op add}} {BINDTYPE storage ID {} IMPL auto LATENCY 1 OPTYPE rom_1p PRAGMA {} RTLNAME sigmoid_table_U SOURCE {} VARIABLE sigmoid_table LOOP {} BUNDLEDNAME {} DSP 0 BRAM 1 URAM 0 DISPNAME {bind_storage rom_1p}}} AREA {DSP 0 BRAM 1 URAM 0}} myproject {BINDINFO {{BINDTYPE storage ID {} IMPL srl LATENCY 0 OPTYPE fifo PRAGMA {} RTLNAME layer2_out_U SOURCE {} VARIABLE layer2_out LOOP {} BUNDLEDNAME {} DSP 0 BRAM 0 URAM 0 DISPNAME {bind_storage fifo}} {BINDTYPE storage ID {} IMPL srl LATENCY 0 OPTYPE fifo PRAGMA {} RTLNAME layer3_out_U SOURCE {} VARIABLE layer3_out LOOP {} BUNDLEDNAME {} DSP 0 BRAM 0 URAM 0 DISPNAME {bind_storage fifo}} {BINDTYPE storage ID {} IMPL srl LATENCY 0 OPTYPE fifo PRAGMA {} RTLNAME layer4_out_U SOURCE {} VARIABLE layer4_out LOOP {} BUNDLEDNAME {} DSP 0 BRAM 0 URAM 0 DISPNAME {bind_storage fifo}}} AREA {DSP 72 BRAM 34 URAM 0}} relu_array_ap_fixed_32u_array_ap_fixed_16_6_5_3_0_32u_relu_config3_s {AREA {DSP 0 BRAM 0 URAM 0}}}}'
INFO-FLOW: DBG:PUTS:      update_csynth_reports json2rpt_hw_sw_interfaces
INFO-FLOW: Running: gen_csynth_sec_pragma
INFO-FLOW: Done: gen_csynth_sec_pragma time: 0.1 seconds per iteration
INFO-FLOW: DBG:PUTS:      update_csynth_reports wrote xml
INFO-FLOW: DBG:PUTS:      update_csynth_reports appended to csynth rpt file
INFO: [HLS 200-111] Finished Updating report files: CPU user time: 1.22 seconds. CPU system time: 0.16 seconds. Elapsed time: 1.49 seconds; current allocated memory: 0.000 MB.
INFO: [VHDL 208-304] Generating VHDL RTL for myproject.
INFO: [VLOG 209-307] Generating Verilog RTL for myproject.
Execute         syn_report -model myproject -printsummary 
INFO: [HLS 200-790] **** Loop Constraint Status: All loop constraints were satisfied.
INFO: [HLS 200-789] **** Estimated Fmax: 281.21 MHz
Command       autosyn done; 19.01 sec.
Command     csynth_design done; 84.64 sec.
INFO: [HLS 200-111] Finished Command csynth_design CPU user time: 47.55 seconds. CPU system time: 7.83 seconds. Elapsed time: 84.64 seconds; current allocated memory: 0.000 MB.
Execute     cleanup_all 
