

================================================================
== Vitis HLS Report for 'dense_array_ap_fixed_10u_array_ap_fixed_16_6_5_3_0_32u_config2_s'
================================================================
* Date:           Mon Sep 21 23:21:58 2026

* Version:        2023.1.1 (Build 3869133 on Jun 15 2023)
* Project:        myproject_prj
* Solution:       solution1 (Vivado IP Flow Target)
* Product family: zynq
* Target device:  xc7z020-clg400-1


================================================================
== Performance Estimates
================================================================
+ Timing: 
    * Summary: 
    +--------+---------+----------+------------+
    |  Clock |  Target | Estimated| Uncertainty|
    +--------+---------+----------+------------+
    |ap_clk  |  5.00 ns|  3.534 ns|     1.35 ns|
    +--------+---------+----------+------------+

+ Latency: 
    * Summary: 
    +---------+---------+-----------+-----------+-----+-----+------------------------------------------+
    |  Latency (cycles) |   Latency (absolute)  |  Interval |                 Pipeline                 |
    |   min   |   max   |    min    |    max    | min | max |                   Type                   |
    +---------+---------+-----------+-----------+-----+-----+------------------------------------------+
    |       10|       11|  50.000 ns|  55.000 ns|    5|    5|  loop rewind stp(delay=0 clock cycles(s))|
    +---------+---------+-----------+-----------+-----+-----+------------------------------------------+

    + Detail: 
        * Instance: 
        N/A

        * Loop: 
        +-------------+---------+---------+----------+-----------+-----------+------+----------+
        |             |  Latency (cycles) | Iteration|  Initiation Interval  | Trip |          |
        |  Loop Name  |   min   |   max   |  Latency |  achieved |   target  | Count| Pipelined|
        +-------------+---------+---------+----------+-----------+-----------+------+----------+
        |- ReuseLoop  |       10|       10|         7|          1|          1|     5|       yes|
        +-------------+---------+---------+----------+-----------+-----------+------+----------+

============================================================
+ Verbose Summary: Synthesis Manager
============================================================
InlineROM: 1
ExposeGlobal: 0
============================================================
+ Verbose Summary: CDFG Model
============================================================
IsTopModel: 0
ResetActiveHigh: 1
IsCombinational: 2
IsDatapathOnly: 0
HasWiredReturn: 1
HasMFsm: 2
HasVarLatency: 1
IsPipeline: 0
IsRtlPipelined: 0
IsInstanceOverlapped: 0
IsDontTouch: 0
HasImplIP: 0
IsGatedGlobalClock: 0

+ Individual pipeline summary: 
  * Pipeline-0: initiation interval (II) = 1, depth = 7


============================================================
+ Verbose Summary: Schedule
============================================================
* Number of FSM states : 8
* Pipeline : 1
  Pipeline-0 : II = 1, D = 7, States = { 2 3 4 5 6 7 8 }
* Dataflow Pipeline: 0

* FSM state transitions: 
1 --> 2 
2 --> 3 
3 --> 4 
4 --> 5 
5 --> 6 
6 --> 7 
7 --> 8 
8 --> 2 

* FSM state operations: 

State 1 <SV = 0> <Delay = 1.58>
ST_1 : Operation 9 [1/1] (0.00ns)   --->   "%specinterface_ln0 = specinterface void @_ssdm_op_SpecInterface, i512 %layer2_out, void @empty, i32 0, i32 0, void @empty_0, i32 0, i32 0, void @empty_0, void @empty_0, void @empty_0, i32 0, i32 0, i32 0, i32 0, void @empty_0, void @empty_0, i32 4294967295, i32 0"   --->   Operation 9 'specinterface' 'specinterface_ln0' <Predicate = true> <Delay = 0.00>
ST_1 : Operation 10 [1/1] (0.00ns)   --->   "%specinterface_ln0 = specinterface void @_ssdm_op_SpecInterface, i160 %input_1, void @empty_2, i32 1, i32 1, void @empty_1, i32 0, i32 0, void @empty_0, void @empty_0, void @empty_0, i32 0, i32 0, i32 0, i32 0, void @empty_0, void @empty_0, i32 4294967295, i32 0"   --->   Operation 10 'specinterface' 'specinterface_ln0' <Predicate = true> <Delay = 0.00>
ST_1 : Operation 11 [1/1] (0.00ns)   --->   "%rbegin = specregionbegin i32 @_ssdm_op_SpecRegionBegin, void @nnet_KD_KD_dense_resource_MD_ap_fixed_MD_16_MC_AC_6_MC_AC_IC_ap_q_mode_JC_5_1" [firmware/nnet_utils/nnet_dense_stream.h:24->firmware/nnet_utils/nnet_dense_stream.h:97]   --->   Operation 11 'specregionbegin' 'rbegin' <Predicate = true> <Delay = 0.00>
ST_1 : Operation 12 [1/1] (1.58ns)   --->   "%br_ln46 = br void %rewind_header" [firmware/nnet_utils/nnet_dense_resource.h:46->firmware/nnet_utils/nnet_dense_resource.h:262->firmware/nnet_utils/nnet_dense_stream.h:24->firmware/nnet_utils/nnet_dense_stream.h:97]   --->   Operation 12 'br' 'br_ln46' <Predicate = true> <Delay = 1.58>

State 2 <SV = 1> <Delay = 3.25>
ST_2 : Operation 13 [1/1] (0.00ns)   --->   "%do_init = phi i1 1, void %nnet::dense_resource<ap_fixed<16, 6, (ap_q_mode)5, (ap_o_mode)3, 0>, ap_fixed<16, 6, (ap_q_mode)5, (ap_o_mode)3, 0>, config2>.region_begin, i1 0, void %for.body13.split.i.i, i1 1, void %nnet::dense_resource<ap_fixed<16, 6, (ap_q_mode)5, (ap_o_mode)3, 0>, ap_fixed<16, 6, (ap_q_mode)5, (ap_o_mode)3, 0>, config2>.region_end"   --->   Operation 13 'phi' 'do_init' <Predicate = true> <Delay = 0.00>
ST_2 : Operation 14 [1/1] (0.00ns)   --->   "%w_index3 = phi i3 0, void %nnet::dense_resource<ap_fixed<16, 6, (ap_q_mode)5, (ap_o_mode)3, 0>, ap_fixed<16, 6, (ap_q_mode)5, (ap_o_mode)3, 0>, config2>.region_begin, i3 %w_index, void %for.body13.split.i.i, i3 0, void %nnet::dense_resource<ap_fixed<16, 6, (ap_q_mode)5, (ap_o_mode)3, 0>, ap_fixed<16, 6, (ap_q_mode)5, (ap_o_mode)3, 0>, config2>.region_end"   --->   Operation 14 'phi' 'w_index3' <Predicate = true> <Delay = 0.00>
ST_2 : Operation 15 [1/1] (0.00ns)   --->   "%specmemcore_ln0 = specmemcore void @_ssdm_op_SpecMemCore, i1020 %w2_66, i64 666, i64 38, i64 18446744073709551615"   --->   Operation 15 'specmemcore' 'specmemcore_ln0' <Predicate = (do_init)> <Delay = 0.00>
ST_2 : Operation 16 [1/1] (0.00ns)   --->   "%input_1_read = read i160 @_ssdm_op_Read.axis.volatile.i160P128A, i160 %input_1" [firmware/nnet_utils/nnet_dense_stream.h:43->firmware/nnet_utils/nnet_dense_stream.h:93]   --->   Operation 16 'read' 'input_1_read' <Predicate = (do_init)> <Delay = 0.00> <CoreInst = "axis">   --->   Core 115 'axis' <Latency = 0> <II = 1> <Delay = 1.00> <Adapter> <Opcode : >
ST_2 : Operation 17 [1/1] (0.00ns)   --->   "%data = trunc i160 %input_1_read" [firmware/nnet_utils/nnet_dense_stream.h:43->firmware/nnet_utils/nnet_dense_stream.h:93]   --->   Operation 17 'trunc' 'data' <Predicate = (do_init)> <Delay = 0.00>
ST_2 : Operation 18 [1/1] (0.00ns)   --->   "%data_53 = partselect i16 @_ssdm_op_PartSelect.i16.i160.i32.i32, i160 %input_1_read, i32 16, i32 31" [firmware/nnet_utils/nnet_dense_stream.h:43->firmware/nnet_utils/nnet_dense_stream.h:93]   --->   Operation 18 'partselect' 'data_53' <Predicate = (do_init)> <Delay = 0.00>
ST_2 : Operation 19 [1/1] (0.00ns)   --->   "%data_54 = partselect i16 @_ssdm_op_PartSelect.i16.i160.i32.i32, i160 %input_1_read, i32 32, i32 47" [firmware/nnet_utils/nnet_dense_stream.h:43->firmware/nnet_utils/nnet_dense_stream.h:93]   --->   Operation 19 'partselect' 'data_54' <Predicate = (do_init)> <Delay = 0.00>
ST_2 : Operation 20 [1/1] (0.00ns)   --->   "%data_55 = partselect i16 @_ssdm_op_PartSelect.i16.i160.i32.i32, i160 %input_1_read, i32 48, i32 63" [firmware/nnet_utils/nnet_dense_stream.h:43->firmware/nnet_utils/nnet_dense_stream.h:93]   --->   Operation 20 'partselect' 'data_55' <Predicate = (do_init)> <Delay = 0.00>
ST_2 : Operation 21 [1/1] (0.00ns)   --->   "%data_56 = partselect i16 @_ssdm_op_PartSelect.i16.i160.i32.i32, i160 %input_1_read, i32 64, i32 79" [firmware/nnet_utils/nnet_dense_stream.h:43->firmware/nnet_utils/nnet_dense_stream.h:93]   --->   Operation 21 'partselect' 'data_56' <Predicate = (do_init)> <Delay = 0.00>
ST_2 : Operation 22 [1/1] (0.00ns)   --->   "%data_57 = partselect i16 @_ssdm_op_PartSelect.i16.i160.i32.i32, i160 %input_1_read, i32 80, i32 95" [firmware/nnet_utils/nnet_dense_stream.h:43->firmware/nnet_utils/nnet_dense_stream.h:93]   --->   Operation 22 'partselect' 'data_57' <Predicate = (do_init)> <Delay = 0.00>
ST_2 : Operation 23 [1/1] (0.00ns)   --->   "%data_58 = partselect i16 @_ssdm_op_PartSelect.i16.i160.i32.i32, i160 %input_1_read, i32 96, i32 111" [firmware/nnet_utils/nnet_dense_stream.h:43->firmware/nnet_utils/nnet_dense_stream.h:93]   --->   Operation 23 'partselect' 'data_58' <Predicate = (do_init)> <Delay = 0.00>
ST_2 : Operation 24 [1/1] (0.00ns)   --->   "%data_59 = partselect i16 @_ssdm_op_PartSelect.i16.i160.i32.i32, i160 %input_1_read, i32 112, i32 127" [firmware/nnet_utils/nnet_dense_stream.h:43->firmware/nnet_utils/nnet_dense_stream.h:93]   --->   Operation 24 'partselect' 'data_59' <Predicate = (do_init)> <Delay = 0.00>
ST_2 : Operation 25 [1/1] (0.00ns)   --->   "%data_60 = partselect i16 @_ssdm_op_PartSelect.i16.i160.i32.i32, i160 %input_1_read, i32 128, i32 143" [firmware/nnet_utils/nnet_dense_stream.h:43->firmware/nnet_utils/nnet_dense_stream.h:93]   --->   Operation 25 'partselect' 'data_60' <Predicate = (do_init)> <Delay = 0.00>
ST_2 : Operation 26 [1/1] (0.00ns)   --->   "%data_61 = partselect i16 @_ssdm_op_PartSelect.i16.i160.i32.i32, i160 %input_1_read, i32 144, i32 159" [firmware/nnet_utils/nnet_dense_stream.h:43->firmware/nnet_utils/nnet_dense_stream.h:93]   --->   Operation 26 'partselect' 'data_61' <Predicate = (do_init)> <Delay = 0.00>
ST_2 : Operation 27 [1/1] (1.58ns)   --->   "%br_ln46 = br void %for.body13.split.i.i" [firmware/nnet_utils/nnet_dense_resource.h:46->firmware/nnet_utils/nnet_dense_resource.h:262->firmware/nnet_utils/nnet_dense_stream.h:24->firmware/nnet_utils/nnet_dense_stream.h:97]   --->   Operation 27 'br' 'br_ln46' <Predicate = (do_init)> <Delay = 1.58>
ST_2 : Operation 28 [1/1] (0.00ns)   --->   "%zext_ln46 = zext i3 %w_index3" [firmware/nnet_utils/nnet_dense_resource.h:46->firmware/nnet_utils/nnet_dense_resource.h:262->firmware/nnet_utils/nnet_dense_stream.h:24->firmware/nnet_utils/nnet_dense_stream.h:97]   --->   Operation 28 'zext' 'zext_ln46' <Predicate = true> <Delay = 0.00>
ST_2 : Operation 29 [1/1] (0.00ns)   --->   "%w2_66_addr = getelementptr i1020 %w2_66, i64 0, i64 %zext_ln46" [firmware/nnet_utils/nnet_dense_resource.h:59->firmware/nnet_utils/nnet_dense_resource.h:262->firmware/nnet_utils/nnet_dense_stream.h:24->firmware/nnet_utils/nnet_dense_stream.h:97]   --->   Operation 29 'getelementptr' 'w2_66_addr' <Predicate = true> <Delay = 0.00>
ST_2 : Operation 30 [2/2] (3.25ns)   --->   "%w2_66_load = load i3 %w2_66_addr" [firmware/nnet_utils/nnet_dense_resource.h:59->firmware/nnet_utils/nnet_dense_resource.h:262->firmware/nnet_utils/nnet_dense_stream.h:24->firmware/nnet_utils/nnet_dense_stream.h:97]   --->   Operation 30 'load' 'w2_66_load' <Predicate = true> <Delay = 3.25> <CoreInst = "ROM_nP_BRAM">   --->   Core 103 'ROM_nP_BRAM' <Latency = 1> <II = 1> <Delay = 3.25> <Storage> <Opcode : 'load'> <Ports = 0> <Width = 1020> <Depth = 5> <ROM>
ST_2 : Operation 31 [1/1] (1.65ns)   --->   "%w_index = add i3 %w_index3, i3 1" [firmware/nnet_utils/nnet_dense_resource.h:46->firmware/nnet_utils/nnet_dense_resource.h:262->firmware/nnet_utils/nnet_dense_stream.h:24->firmware/nnet_utils/nnet_dense_stream.h:97]   --->   Operation 31 'add' 'w_index' <Predicate = true> <Delay = 1.65> <CoreInst = "Adder">   --->   Core 1 'Adder' <Latency = 0> <II = 1> <Delay = 1.65> <FuncUnit> <Opcode : 'add' 'sub'> <InPorts = 2> <OutPorts = 1>
ST_2 : Operation 32 [1/1] (1.65ns)   --->   "%icmp_ln46 = icmp_eq  i3 %w_index3, i3 4" [firmware/nnet_utils/nnet_dense_resource.h:46->firmware/nnet_utils/nnet_dense_resource.h:262->firmware/nnet_utils/nnet_dense_stream.h:24->firmware/nnet_utils/nnet_dense_stream.h:97]   --->   Operation 32 'icmp' 'icmp_ln46' <Predicate = true> <Delay = 1.65> <CoreInst = "Cmp">   --->   Core 9 'Cmp' <Latency = 0> <II = 1> <Delay = 1.65> <FuncUnit> <Opcode : 'icmp'> <InPorts = 2> <OutPorts = 1>
ST_2 : Operation 33 [1/1] (0.00ns)   --->   "%br_ln46 = br i1 %icmp_ln46, void %rewind_header, void %nnet::dense_resource<ap_fixed<16, 6, (ap_q_mode)5, (ap_o_mode)3, 0>, ap_fixed<16, 6, (ap_q_mode)5, (ap_o_mode)3, 0>, config2>.region_end" [firmware/nnet_utils/nnet_dense_resource.h:46->firmware/nnet_utils/nnet_dense_resource.h:262->firmware/nnet_utils/nnet_dense_stream.h:24->firmware/nnet_utils/nnet_dense_stream.h:97]   --->   Operation 33 'br' 'br_ln46' <Predicate = true> <Delay = 0.00>
ST_2 : Operation 34 [1/1] (0.00ns)   --->   "%br_ln101 = br void %rewind_header" [firmware/nnet_utils/nnet_dense_stream.h:101]   --->   Operation 34 'br' 'br_ln101' <Predicate = (icmp_ln46)> <Delay = 0.00>

State 3 <SV = 2> <Delay = 3.53>
ST_3 : Operation 35 [1/1] (0.00ns)   --->   "%data_3677_rewind = phi i16 0, void %nnet::dense_resource<ap_fixed<16, 6, (ap_q_mode)5, (ap_o_mode)3, 0>, ap_fixed<16, 6, (ap_q_mode)5, (ap_o_mode)3, 0>, config2>.region_begin, i16 %data_3677_phi, void %for.body13.split.i.i, i16 0, void %nnet::dense_resource<ap_fixed<16, 6, (ap_q_mode)5, (ap_o_mode)3, 0>, ap_fixed<16, 6, (ap_q_mode)5, (ap_o_mode)3, 0>, config2>.region_end" [firmware/nnet_utils/nnet_dense_stream.h:43->firmware/nnet_utils/nnet_dense_stream.h:93]   --->   Operation 35 'phi' 'data_3677_rewind' <Predicate = true> <Delay = 0.00>
ST_3 : Operation 36 [1/1] (0.00ns)   --->   "%data_3576_rewind = phi i16 0, void %nnet::dense_resource<ap_fixed<16, 6, (ap_q_mode)5, (ap_o_mode)3, 0>, ap_fixed<16, 6, (ap_q_mode)5, (ap_o_mode)3, 0>, config2>.region_begin, i16 %data_3576_phi, void %for.body13.split.i.i, i16 0, void %nnet::dense_resource<ap_fixed<16, 6, (ap_q_mode)5, (ap_o_mode)3, 0>, ap_fixed<16, 6, (ap_q_mode)5, (ap_o_mode)3, 0>, config2>.region_end" [firmware/nnet_utils/nnet_dense_stream.h:43->firmware/nnet_utils/nnet_dense_stream.h:93]   --->   Operation 36 'phi' 'data_3576_rewind' <Predicate = true> <Delay = 0.00>
ST_3 : Operation 37 [1/1] (0.00ns)   --->   "%data_3475_rewind = phi i16 0, void %nnet::dense_resource<ap_fixed<16, 6, (ap_q_mode)5, (ap_o_mode)3, 0>, ap_fixed<16, 6, (ap_q_mode)5, (ap_o_mode)3, 0>, config2>.region_begin, i16 %data_3475_phi, void %for.body13.split.i.i, i16 0, void %nnet::dense_resource<ap_fixed<16, 6, (ap_q_mode)5, (ap_o_mode)3, 0>, ap_fixed<16, 6, (ap_q_mode)5, (ap_o_mode)3, 0>, config2>.region_end" [firmware/nnet_utils/nnet_dense_stream.h:43->firmware/nnet_utils/nnet_dense_stream.h:93]   --->   Operation 37 'phi' 'data_3475_rewind' <Predicate = true> <Delay = 0.00>
ST_3 : Operation 38 [1/1] (0.00ns)   --->   "%data_3374_rewind = phi i16 0, void %nnet::dense_resource<ap_fixed<16, 6, (ap_q_mode)5, (ap_o_mode)3, 0>, ap_fixed<16, 6, (ap_q_mode)5, (ap_o_mode)3, 0>, config2>.region_begin, i16 %data_3374_phi, void %for.body13.split.i.i, i16 0, void %nnet::dense_resource<ap_fixed<16, 6, (ap_q_mode)5, (ap_o_mode)3, 0>, ap_fixed<16, 6, (ap_q_mode)5, (ap_o_mode)3, 0>, config2>.region_end" [firmware/nnet_utils/nnet_dense_stream.h:43->firmware/nnet_utils/nnet_dense_stream.h:93]   --->   Operation 38 'phi' 'data_3374_rewind' <Predicate = true> <Delay = 0.00>
ST_3 : Operation 39 [1/1] (0.00ns)   --->   "%data_3273_rewind = phi i16 0, void %nnet::dense_resource<ap_fixed<16, 6, (ap_q_mode)5, (ap_o_mode)3, 0>, ap_fixed<16, 6, (ap_q_mode)5, (ap_o_mode)3, 0>, config2>.region_begin, i16 %data_3273_phi, void %for.body13.split.i.i, i16 0, void %nnet::dense_resource<ap_fixed<16, 6, (ap_q_mode)5, (ap_o_mode)3, 0>, ap_fixed<16, 6, (ap_q_mode)5, (ap_o_mode)3, 0>, config2>.region_end" [firmware/nnet_utils/nnet_dense_stream.h:43->firmware/nnet_utils/nnet_dense_stream.h:93]   --->   Operation 39 'phi' 'data_3273_rewind' <Predicate = true> <Delay = 0.00>
ST_3 : Operation 40 [1/1] (0.00ns)   --->   "%data_3172_rewind = phi i16 0, void %nnet::dense_resource<ap_fixed<16, 6, (ap_q_mode)5, (ap_o_mode)3, 0>, ap_fixed<16, 6, (ap_q_mode)5, (ap_o_mode)3, 0>, config2>.region_begin, i16 %data_3172_phi, void %for.body13.split.i.i, i16 0, void %nnet::dense_resource<ap_fixed<16, 6, (ap_q_mode)5, (ap_o_mode)3, 0>, ap_fixed<16, 6, (ap_q_mode)5, (ap_o_mode)3, 0>, config2>.region_end" [firmware/nnet_utils/nnet_dense_stream.h:43->firmware/nnet_utils/nnet_dense_stream.h:93]   --->   Operation 40 'phi' 'data_3172_rewind' <Predicate = true> <Delay = 0.00>
ST_3 : Operation 41 [1/1] (0.00ns)   --->   "%data_3071_rewind = phi i16 0, void %nnet::dense_resource<ap_fixed<16, 6, (ap_q_mode)5, (ap_o_mode)3, 0>, ap_fixed<16, 6, (ap_q_mode)5, (ap_o_mode)3, 0>, config2>.region_begin, i16 %data_3071_phi, void %for.body13.split.i.i, i16 0, void %nnet::dense_resource<ap_fixed<16, 6, (ap_q_mode)5, (ap_o_mode)3, 0>, ap_fixed<16, 6, (ap_q_mode)5, (ap_o_mode)3, 0>, config2>.region_end" [firmware/nnet_utils/nnet_dense_stream.h:43->firmware/nnet_utils/nnet_dense_stream.h:93]   --->   Operation 41 'phi' 'data_3071_rewind' <Predicate = true> <Delay = 0.00>
ST_3 : Operation 42 [1/1] (0.00ns)   --->   "%data_2970_rewind = phi i16 0, void %nnet::dense_resource<ap_fixed<16, 6, (ap_q_mode)5, (ap_o_mode)3, 0>, ap_fixed<16, 6, (ap_q_mode)5, (ap_o_mode)3, 0>, config2>.region_begin, i16 %data_2970_phi, void %for.body13.split.i.i, i16 0, void %nnet::dense_resource<ap_fixed<16, 6, (ap_q_mode)5, (ap_o_mode)3, 0>, ap_fixed<16, 6, (ap_q_mode)5, (ap_o_mode)3, 0>, config2>.region_end" [firmware/nnet_utils/nnet_dense_stream.h:43->firmware/nnet_utils/nnet_dense_stream.h:93]   --->   Operation 42 'phi' 'data_2970_rewind' <Predicate = true> <Delay = 0.00>
ST_3 : Operation 43 [1/1] (0.00ns)   --->   "%data_3769_rewind = phi i16 0, void %nnet::dense_resource<ap_fixed<16, 6, (ap_q_mode)5, (ap_o_mode)3, 0>, ap_fixed<16, 6, (ap_q_mode)5, (ap_o_mode)3, 0>, config2>.region_begin, i16 %data_3769_phi, void %for.body13.split.i.i, i16 0, void %nnet::dense_resource<ap_fixed<16, 6, (ap_q_mode)5, (ap_o_mode)3, 0>, ap_fixed<16, 6, (ap_q_mode)5, (ap_o_mode)3, 0>, config2>.region_end" [firmware/nnet_utils/nnet_dense_stream.h:43->firmware/nnet_utils/nnet_dense_stream.h:93]   --->   Operation 43 'phi' 'data_3769_rewind' <Predicate = true> <Delay = 0.00>
ST_3 : Operation 44 [1/1] (0.00ns)   --->   "%p_rewind = phi i16 0, void %nnet::dense_resource<ap_fixed<16, 6, (ap_q_mode)5, (ap_o_mode)3, 0>, ap_fixed<16, 6, (ap_q_mode)5, (ap_o_mode)3, 0>, config2>.region_begin, i16 %p_phi, void %for.body13.split.i.i, i16 0, void %nnet::dense_resource<ap_fixed<16, 6, (ap_q_mode)5, (ap_o_mode)3, 0>, ap_fixed<16, 6, (ap_q_mode)5, (ap_o_mode)3, 0>, config2>.region_end" [firmware/nnet_utils/nnet_dense_stream.h:43->firmware/nnet_utils/nnet_dense_stream.h:93]   --->   Operation 44 'phi' 'p_rewind' <Predicate = true> <Delay = 0.00>
ST_3 : Operation 45 [1/1] (1.58ns)   --->   "%br_ln0 = br i1 %do_init, void %for.body13.split.i.i, void %rewind_init"   --->   Operation 45 'br' 'br_ln0' <Predicate = true> <Delay = 1.58>
ST_3 : Operation 46 [1/1] (0.00ns)   --->   "%data_3677_phi = phi i16 %data_61, void %rewind_init, i16 %data_3677_rewind, void %rewind_header"   --->   Operation 46 'phi' 'data_3677_phi' <Predicate = true> <Delay = 0.00>
ST_3 : Operation 47 [1/1] (0.00ns)   --->   "%data_3576_phi = phi i16 %data_60, void %rewind_init, i16 %data_3576_rewind, void %rewind_header"   --->   Operation 47 'phi' 'data_3576_phi' <Predicate = true> <Delay = 0.00>
ST_3 : Operation 48 [1/1] (0.00ns)   --->   "%data_3475_phi = phi i16 %data_59, void %rewind_init, i16 %data_3475_rewind, void %rewind_header"   --->   Operation 48 'phi' 'data_3475_phi' <Predicate = true> <Delay = 0.00>
ST_3 : Operation 49 [1/1] (0.00ns)   --->   "%data_3374_phi = phi i16 %data_58, void %rewind_init, i16 %data_3374_rewind, void %rewind_header"   --->   Operation 49 'phi' 'data_3374_phi' <Predicate = true> <Delay = 0.00>
ST_3 : Operation 50 [1/1] (0.00ns)   --->   "%data_3273_phi = phi i16 %data_57, void %rewind_init, i16 %data_3273_rewind, void %rewind_header"   --->   Operation 50 'phi' 'data_3273_phi' <Predicate = true> <Delay = 0.00>
ST_3 : Operation 51 [1/1] (0.00ns)   --->   "%data_3172_phi = phi i16 %data_56, void %rewind_init, i16 %data_3172_rewind, void %rewind_header"   --->   Operation 51 'phi' 'data_3172_phi' <Predicate = true> <Delay = 0.00>
ST_3 : Operation 52 [1/1] (0.00ns)   --->   "%data_3071_phi = phi i16 %data_55, void %rewind_init, i16 %data_3071_rewind, void %rewind_header"   --->   Operation 52 'phi' 'data_3071_phi' <Predicate = true> <Delay = 0.00>
ST_3 : Operation 53 [1/1] (0.00ns)   --->   "%data_2970_phi = phi i16 %data_54, void %rewind_init, i16 %data_2970_rewind, void %rewind_header"   --->   Operation 53 'phi' 'data_2970_phi' <Predicate = true> <Delay = 0.00>
ST_3 : Operation 54 [1/1] (0.00ns)   --->   "%data_3769_phi = phi i16 %data_53, void %rewind_init, i16 %data_3769_rewind, void %rewind_header"   --->   Operation 54 'phi' 'data_3769_phi' <Predicate = true> <Delay = 0.00>
ST_3 : Operation 55 [1/1] (0.00ns)   --->   "%p_phi = phi i16 %data, void %rewind_init, i16 %p_rewind, void %rewind_header"   --->   Operation 55 'phi' 'p_phi' <Predicate = true> <Delay = 0.00>
ST_3 : Operation 56 [1/1] (1.94ns)   --->   "%a = mux i16 @_ssdm_op_Mux.ap_auto.5i16.i3, i16 %p_phi, i16 %data_3769_phi, i16 %data_2970_phi, i16 %data_3071_phi, i16 %data_3172_phi, i3 %w_index3" [firmware/nnet_utils/nnet_dense_stream.h:43->firmware/nnet_utils/nnet_dense_stream.h:93]   --->   Operation 56 'mux' 'a' <Predicate = true> <Delay = 1.94> <CoreInst = "Multiplexer">   --->   Core 76 'Multiplexer' <Latency = 0> <II = 1> <Delay = 1.94> <FuncUnit> <Opcode : 'mux'> <InPorts = 2> <OutPorts = 1>
ST_3 : Operation 57 [1/2] (3.25ns)   --->   "%w2_66_load = load i3 %w2_66_addr" [firmware/nnet_utils/nnet_dense_resource.h:59->firmware/nnet_utils/nnet_dense_resource.h:262->firmware/nnet_utils/nnet_dense_stream.h:24->firmware/nnet_utils/nnet_dense_stream.h:97]   --->   Operation 57 'load' 'w2_66_load' <Predicate = true> <Delay = 3.25> <CoreInst = "ROM_nP_BRAM">   --->   Core 103 'ROM_nP_BRAM' <Latency = 1> <II = 1> <Delay = 3.25> <Storage> <Opcode : 'load'> <Ports = 0> <Width = 1020> <Depth = 5> <ROM>
ST_3 : Operation 58 [1/1] (0.00ns)   --->   "%w = trunc i1020 %w2_66_load" [firmware/nnet_utils/nnet_dense_resource.h:59->firmware/nnet_utils/nnet_dense_resource.h:262->firmware/nnet_utils/nnet_dense_stream.h:24->firmware/nnet_utils/nnet_dense_stream.h:97]   --->   Operation 58 'trunc' 'w' <Predicate = true> <Delay = 0.00>
ST_3 : Operation 59 [1/1] (1.94ns)   --->   "%a_8 = mux i16 @_ssdm_op_Mux.ap_auto.5i16.i3, i16 %data_3273_phi, i16 %data_3374_phi, i16 %data_3475_phi, i16 %data_3576_phi, i16 %data_3677_phi, i3 %w_index3" [firmware/nnet_utils/nnet_dense_stream.h:43->firmware/nnet_utils/nnet_dense_stream.h:93]   --->   Operation 59 'mux' 'a_8' <Predicate = true> <Delay = 1.94> <CoreInst = "Multiplexer">   --->   Core 76 'Multiplexer' <Latency = 0> <II = 1> <Delay = 1.94> <FuncUnit> <Opcode : 'mux'> <InPorts = 2> <OutPorts = 1>
ST_3 : Operation 60 [1/1] (0.00ns)   --->   "%w_7 = partselect i16 @_ssdm_op_PartSelect.i16.i1020.i32.i32, i1020 %w2_66_load, i32 16, i32 31" [firmware/nnet_utils/nnet_dense_resource.h:59->firmware/nnet_utils/nnet_dense_resource.h:262->firmware/nnet_utils/nnet_dense_stream.h:24->firmware/nnet_utils/nnet_dense_stream.h:97]   --->   Operation 60 'partselect' 'w_7' <Predicate = true> <Delay = 0.00>
ST_3 : Operation 61 [1/1] (0.00ns)   --->   "%w_8 = partselect i16 @_ssdm_op_PartSelect.i16.i1020.i32.i32, i1020 %w2_66_load, i32 32, i32 47" [firmware/nnet_utils/nnet_dense_resource.h:59->firmware/nnet_utils/nnet_dense_resource.h:262->firmware/nnet_utils/nnet_dense_stream.h:24->firmware/nnet_utils/nnet_dense_stream.h:97]   --->   Operation 61 'partselect' 'w_8' <Predicate = true> <Delay = 0.00>
ST_3 : Operation 62 [1/1] (0.00ns)   --->   "%w_9 = partselect i16 @_ssdm_op_PartSelect.i16.i1020.i32.i32, i1020 %w2_66_load, i32 48, i32 63" [firmware/nnet_utils/nnet_dense_resource.h:59->firmware/nnet_utils/nnet_dense_resource.h:262->firmware/nnet_utils/nnet_dense_stream.h:24->firmware/nnet_utils/nnet_dense_stream.h:97]   --->   Operation 62 'partselect' 'w_9' <Predicate = true> <Delay = 0.00>
ST_3 : Operation 63 [1/1] (0.00ns)   --->   "%w_10 = partselect i16 @_ssdm_op_PartSelect.i16.i1020.i32.i32, i1020 %w2_66_load, i32 64, i32 79" [firmware/nnet_utils/nnet_dense_resource.h:59->firmware/nnet_utils/nnet_dense_resource.h:262->firmware/nnet_utils/nnet_dense_stream.h:24->firmware/nnet_utils/nnet_dense_stream.h:97]   --->   Operation 63 'partselect' 'w_10' <Predicate = true> <Delay = 0.00>
ST_3 : Operation 64 [1/1] (0.00ns)   --->   "%w_11 = partselect i16 @_ssdm_op_PartSelect.i16.i1020.i32.i32, i1020 %w2_66_load, i32 80, i32 95" [firmware/nnet_utils/nnet_dense_resource.h:59->firmware/nnet_utils/nnet_dense_resource.h:262->firmware/nnet_utils/nnet_dense_stream.h:24->firmware/nnet_utils/nnet_dense_stream.h:97]   --->   Operation 64 'partselect' 'w_11' <Predicate = true> <Delay = 0.00>
ST_3 : Operation 65 [1/1] (0.00ns)   --->   "%w_12 = partselect i16 @_ssdm_op_PartSelect.i16.i1020.i32.i32, i1020 %w2_66_load, i32 96, i32 111" [firmware/nnet_utils/nnet_dense_resource.h:59->firmware/nnet_utils/nnet_dense_resource.h:262->firmware/nnet_utils/nnet_dense_stream.h:24->firmware/nnet_utils/nnet_dense_stream.h:97]   --->   Operation 65 'partselect' 'w_12' <Predicate = true> <Delay = 0.00>
ST_3 : Operation 66 [1/1] (0.00ns)   --->   "%w_13 = partselect i16 @_ssdm_op_PartSelect.i16.i1020.i32.i32, i1020 %w2_66_load, i32 112, i32 127" [firmware/nnet_utils/nnet_dense_resource.h:59->firmware/nnet_utils/nnet_dense_resource.h:262->firmware/nnet_utils/nnet_dense_stream.h:24->firmware/nnet_utils/nnet_dense_stream.h:97]   --->   Operation 66 'partselect' 'w_13' <Predicate = true> <Delay = 0.00>
ST_3 : Operation 67 [1/1] (0.00ns)   --->   "%w_14 = partselect i16 @_ssdm_op_PartSelect.i16.i1020.i32.i32, i1020 %w2_66_load, i32 128, i32 143" [firmware/nnet_utils/nnet_dense_resource.h:59->firmware/nnet_utils/nnet_dense_resource.h:262->firmware/nnet_utils/nnet_dense_stream.h:24->firmware/nnet_utils/nnet_dense_stream.h:97]   --->   Operation 67 'partselect' 'w_14' <Predicate = true> <Delay = 0.00>
ST_3 : Operation 68 [1/1] (0.00ns)   --->   "%w_15 = partselect i16 @_ssdm_op_PartSelect.i16.i1020.i32.i32, i1020 %w2_66_load, i32 144, i32 159" [firmware/nnet_utils/nnet_dense_resource.h:59->firmware/nnet_utils/nnet_dense_resource.h:262->firmware/nnet_utils/nnet_dense_stream.h:24->firmware/nnet_utils/nnet_dense_stream.h:97]   --->   Operation 68 'partselect' 'w_15' <Predicate = true> <Delay = 0.00>
ST_3 : Operation 69 [1/1] (0.00ns)   --->   "%w_16 = partselect i16 @_ssdm_op_PartSelect.i16.i1020.i32.i32, i1020 %w2_66_load, i32 160, i32 175" [firmware/nnet_utils/nnet_dense_resource.h:59->firmware/nnet_utils/nnet_dense_resource.h:262->firmware/nnet_utils/nnet_dense_stream.h:24->firmware/nnet_utils/nnet_dense_stream.h:97]   --->   Operation 69 'partselect' 'w_16' <Predicate = true> <Delay = 0.00>
ST_3 : Operation 70 [1/1] (0.00ns)   --->   "%w_17 = partselect i16 @_ssdm_op_PartSelect.i16.i1020.i32.i32, i1020 %w2_66_load, i32 176, i32 191" [firmware/nnet_utils/nnet_dense_resource.h:59->firmware/nnet_utils/nnet_dense_resource.h:262->firmware/nnet_utils/nnet_dense_stream.h:24->firmware/nnet_utils/nnet_dense_stream.h:97]   --->   Operation 70 'partselect' 'w_17' <Predicate = true> <Delay = 0.00>
ST_3 : Operation 71 [1/1] (0.00ns)   --->   "%w_18 = partselect i16 @_ssdm_op_PartSelect.i16.i1020.i32.i32, i1020 %w2_66_load, i32 192, i32 207" [firmware/nnet_utils/nnet_dense_resource.h:59->firmware/nnet_utils/nnet_dense_resource.h:262->firmware/nnet_utils/nnet_dense_stream.h:24->firmware/nnet_utils/nnet_dense_stream.h:97]   --->   Operation 71 'partselect' 'w_18' <Predicate = true> <Delay = 0.00>
ST_3 : Operation 72 [1/1] (0.00ns)   --->   "%w_19 = partselect i16 @_ssdm_op_PartSelect.i16.i1020.i32.i32, i1020 %w2_66_load, i32 208, i32 223" [firmware/nnet_utils/nnet_dense_resource.h:59->firmware/nnet_utils/nnet_dense_resource.h:262->firmware/nnet_utils/nnet_dense_stream.h:24->firmware/nnet_utils/nnet_dense_stream.h:97]   --->   Operation 72 'partselect' 'w_19' <Predicate = true> <Delay = 0.00>
ST_3 : Operation 73 [1/1] (0.00ns)   --->   "%w_20 = partselect i16 @_ssdm_op_PartSelect.i16.i1020.i32.i32, i1020 %w2_66_load, i32 224, i32 239" [firmware/nnet_utils/nnet_dense_resource.h:59->firmware/nnet_utils/nnet_dense_resource.h:262->firmware/nnet_utils/nnet_dense_stream.h:24->firmware/nnet_utils/nnet_dense_stream.h:97]   --->   Operation 73 'partselect' 'w_20' <Predicate = true> <Delay = 0.00>
ST_3 : Operation 74 [1/1] (0.00ns)   --->   "%w_21 = partselect i16 @_ssdm_op_PartSelect.i16.i1020.i32.i32, i1020 %w2_66_load, i32 240, i32 255" [firmware/nnet_utils/nnet_dense_resource.h:59->firmware/nnet_utils/nnet_dense_resource.h:262->firmware/nnet_utils/nnet_dense_stream.h:24->firmware/nnet_utils/nnet_dense_stream.h:97]   --->   Operation 74 'partselect' 'w_21' <Predicate = true> <Delay = 0.00>
ST_3 : Operation 75 [1/1] (0.00ns)   --->   "%w_22 = partselect i16 @_ssdm_op_PartSelect.i16.i1020.i32.i32, i1020 %w2_66_load, i32 256, i32 271" [firmware/nnet_utils/nnet_dense_resource.h:59->firmware/nnet_utils/nnet_dense_resource.h:262->firmware/nnet_utils/nnet_dense_stream.h:24->firmware/nnet_utils/nnet_dense_stream.h:97]   --->   Operation 75 'partselect' 'w_22' <Predicate = true> <Delay = 0.00>
ST_3 : Operation 76 [1/1] (0.00ns)   --->   "%w_23 = partselect i16 @_ssdm_op_PartSelect.i16.i1020.i32.i32, i1020 %w2_66_load, i32 272, i32 287" [firmware/nnet_utils/nnet_dense_resource.h:59->firmware/nnet_utils/nnet_dense_resource.h:262->firmware/nnet_utils/nnet_dense_stream.h:24->firmware/nnet_utils/nnet_dense_stream.h:97]   --->   Operation 76 'partselect' 'w_23' <Predicate = true> <Delay = 0.00>
ST_3 : Operation 77 [1/1] (0.00ns)   --->   "%w_24 = partselect i16 @_ssdm_op_PartSelect.i16.i1020.i32.i32, i1020 %w2_66_load, i32 288, i32 303" [firmware/nnet_utils/nnet_dense_resource.h:59->firmware/nnet_utils/nnet_dense_resource.h:262->firmware/nnet_utils/nnet_dense_stream.h:24->firmware/nnet_utils/nnet_dense_stream.h:97]   --->   Operation 77 'partselect' 'w_24' <Predicate = true> <Delay = 0.00>
ST_3 : Operation 78 [1/1] (0.00ns)   --->   "%w_25 = partselect i16 @_ssdm_op_PartSelect.i16.i1020.i32.i32, i1020 %w2_66_load, i32 304, i32 319" [firmware/nnet_utils/nnet_dense_resource.h:59->firmware/nnet_utils/nnet_dense_resource.h:262->firmware/nnet_utils/nnet_dense_stream.h:24->firmware/nnet_utils/nnet_dense_stream.h:97]   --->   Operation 78 'partselect' 'w_25' <Predicate = true> <Delay = 0.00>
ST_3 : Operation 79 [1/1] (0.00ns)   --->   "%w_26 = partselect i16 @_ssdm_op_PartSelect.i16.i1020.i32.i32, i1020 %w2_66_load, i32 320, i32 335" [firmware/nnet_utils/nnet_dense_resource.h:59->firmware/nnet_utils/nnet_dense_resource.h:262->firmware/nnet_utils/nnet_dense_stream.h:24->firmware/nnet_utils/nnet_dense_stream.h:97]   --->   Operation 79 'partselect' 'w_26' <Predicate = true> <Delay = 0.00>
ST_3 : Operation 80 [1/1] (0.00ns)   --->   "%w_27 = partselect i16 @_ssdm_op_PartSelect.i16.i1020.i32.i32, i1020 %w2_66_load, i32 336, i32 351" [firmware/nnet_utils/nnet_dense_resource.h:59->firmware/nnet_utils/nnet_dense_resource.h:262->firmware/nnet_utils/nnet_dense_stream.h:24->firmware/nnet_utils/nnet_dense_stream.h:97]   --->   Operation 80 'partselect' 'w_27' <Predicate = true> <Delay = 0.00>
ST_3 : Operation 81 [1/1] (0.00ns)   --->   "%w_28 = partselect i16 @_ssdm_op_PartSelect.i16.i1020.i32.i32, i1020 %w2_66_load, i32 352, i32 367" [firmware/nnet_utils/nnet_dense_resource.h:59->firmware/nnet_utils/nnet_dense_resource.h:262->firmware/nnet_utils/nnet_dense_stream.h:24->firmware/nnet_utils/nnet_dense_stream.h:97]   --->   Operation 81 'partselect' 'w_28' <Predicate = true> <Delay = 0.00>
ST_3 : Operation 82 [1/1] (0.00ns)   --->   "%w_29 = partselect i16 @_ssdm_op_PartSelect.i16.i1020.i32.i32, i1020 %w2_66_load, i32 368, i32 383" [firmware/nnet_utils/nnet_dense_resource.h:59->firmware/nnet_utils/nnet_dense_resource.h:262->firmware/nnet_utils/nnet_dense_stream.h:24->firmware/nnet_utils/nnet_dense_stream.h:97]   --->   Operation 82 'partselect' 'w_29' <Predicate = true> <Delay = 0.00>
ST_3 : Operation 83 [1/1] (0.00ns)   --->   "%w_30 = partselect i16 @_ssdm_op_PartSelect.i16.i1020.i32.i32, i1020 %w2_66_load, i32 384, i32 399" [firmware/nnet_utils/nnet_dense_resource.h:59->firmware/nnet_utils/nnet_dense_resource.h:262->firmware/nnet_utils/nnet_dense_stream.h:24->firmware/nnet_utils/nnet_dense_stream.h:97]   --->   Operation 83 'partselect' 'w_30' <Predicate = true> <Delay = 0.00>
ST_3 : Operation 84 [1/1] (0.00ns)   --->   "%w_31 = partselect i16 @_ssdm_op_PartSelect.i16.i1020.i32.i32, i1020 %w2_66_load, i32 400, i32 415" [firmware/nnet_utils/nnet_dense_resource.h:59->firmware/nnet_utils/nnet_dense_resource.h:262->firmware/nnet_utils/nnet_dense_stream.h:24->firmware/nnet_utils/nnet_dense_stream.h:97]   --->   Operation 84 'partselect' 'w_31' <Predicate = true> <Delay = 0.00>
ST_3 : Operation 85 [1/1] (0.00ns)   --->   "%w_32 = partselect i16 @_ssdm_op_PartSelect.i16.i1020.i32.i32, i1020 %w2_66_load, i32 416, i32 431" [firmware/nnet_utils/nnet_dense_resource.h:59->firmware/nnet_utils/nnet_dense_resource.h:262->firmware/nnet_utils/nnet_dense_stream.h:24->firmware/nnet_utils/nnet_dense_stream.h:97]   --->   Operation 85 'partselect' 'w_32' <Predicate = true> <Delay = 0.00>
ST_3 : Operation 86 [1/1] (0.00ns)   --->   "%w_33 = partselect i16 @_ssdm_op_PartSelect.i16.i1020.i32.i32, i1020 %w2_66_load, i32 432, i32 447" [firmware/nnet_utils/nnet_dense_resource.h:59->firmware/nnet_utils/nnet_dense_resource.h:262->firmware/nnet_utils/nnet_dense_stream.h:24->firmware/nnet_utils/nnet_dense_stream.h:97]   --->   Operation 86 'partselect' 'w_33' <Predicate = true> <Delay = 0.00>
ST_3 : Operation 87 [1/1] (0.00ns)   --->   "%w_34 = partselect i16 @_ssdm_op_PartSelect.i16.i1020.i32.i32, i1020 %w2_66_load, i32 448, i32 463" [firmware/nnet_utils/nnet_dense_resource.h:59->firmware/nnet_utils/nnet_dense_resource.h:262->firmware/nnet_utils/nnet_dense_stream.h:24->firmware/nnet_utils/nnet_dense_stream.h:97]   --->   Operation 87 'partselect' 'w_34' <Predicate = true> <Delay = 0.00>
ST_3 : Operation 88 [1/1] (0.00ns)   --->   "%w_35 = partselect i16 @_ssdm_op_PartSelect.i16.i1020.i32.i32, i1020 %w2_66_load, i32 464, i32 479" [firmware/nnet_utils/nnet_dense_resource.h:59->firmware/nnet_utils/nnet_dense_resource.h:262->firmware/nnet_utils/nnet_dense_stream.h:24->firmware/nnet_utils/nnet_dense_stream.h:97]   --->   Operation 88 'partselect' 'w_35' <Predicate = true> <Delay = 0.00>
ST_3 : Operation 89 [1/1] (0.00ns)   --->   "%w_36 = partselect i16 @_ssdm_op_PartSelect.i16.i1020.i32.i32, i1020 %w2_66_load, i32 480, i32 495" [firmware/nnet_utils/nnet_dense_resource.h:59->firmware/nnet_utils/nnet_dense_resource.h:262->firmware/nnet_utils/nnet_dense_stream.h:24->firmware/nnet_utils/nnet_dense_stream.h:97]   --->   Operation 89 'partselect' 'w_36' <Predicate = true> <Delay = 0.00>
ST_3 : Operation 90 [1/1] (0.00ns)   --->   "%w_37 = partselect i16 @_ssdm_op_PartSelect.i16.i1020.i32.i32, i1020 %w2_66_load, i32 496, i32 511" [firmware/nnet_utils/nnet_dense_resource.h:59->firmware/nnet_utils/nnet_dense_resource.h:262->firmware/nnet_utils/nnet_dense_stream.h:24->firmware/nnet_utils/nnet_dense_stream.h:97]   --->   Operation 90 'partselect' 'w_37' <Predicate = true> <Delay = 0.00>
ST_3 : Operation 91 [1/1] (0.00ns)   --->   "%w_38 = partselect i16 @_ssdm_op_PartSelect.i16.i1020.i32.i32, i1020 %w2_66_load, i32 512, i32 527" [firmware/nnet_utils/nnet_dense_resource.h:59->firmware/nnet_utils/nnet_dense_resource.h:262->firmware/nnet_utils/nnet_dense_stream.h:24->firmware/nnet_utils/nnet_dense_stream.h:97]   --->   Operation 91 'partselect' 'w_38' <Predicate = true> <Delay = 0.00>
ST_3 : Operation 92 [1/1] (0.00ns)   --->   "%w_39 = partselect i16 @_ssdm_op_PartSelect.i16.i1020.i32.i32, i1020 %w2_66_load, i32 528, i32 543" [firmware/nnet_utils/nnet_dense_resource.h:59->firmware/nnet_utils/nnet_dense_resource.h:262->firmware/nnet_utils/nnet_dense_stream.h:24->firmware/nnet_utils/nnet_dense_stream.h:97]   --->   Operation 92 'partselect' 'w_39' <Predicate = true> <Delay = 0.00>
ST_3 : Operation 93 [1/1] (0.00ns)   --->   "%w_40 = partselect i16 @_ssdm_op_PartSelect.i16.i1020.i32.i32, i1020 %w2_66_load, i32 544, i32 559" [firmware/nnet_utils/nnet_dense_resource.h:59->firmware/nnet_utils/nnet_dense_resource.h:262->firmware/nnet_utils/nnet_dense_stream.h:24->firmware/nnet_utils/nnet_dense_stream.h:97]   --->   Operation 93 'partselect' 'w_40' <Predicate = true> <Delay = 0.00>
ST_3 : Operation 94 [1/1] (0.00ns)   --->   "%w_41 = partselect i16 @_ssdm_op_PartSelect.i16.i1020.i32.i32, i1020 %w2_66_load, i32 560, i32 575" [firmware/nnet_utils/nnet_dense_resource.h:59->firmware/nnet_utils/nnet_dense_resource.h:262->firmware/nnet_utils/nnet_dense_stream.h:24->firmware/nnet_utils/nnet_dense_stream.h:97]   --->   Operation 94 'partselect' 'w_41' <Predicate = true> <Delay = 0.00>
ST_3 : Operation 95 [1/1] (0.00ns)   --->   "%w_42 = partselect i16 @_ssdm_op_PartSelect.i16.i1020.i32.i32, i1020 %w2_66_load, i32 576, i32 591" [firmware/nnet_utils/nnet_dense_resource.h:59->firmware/nnet_utils/nnet_dense_resource.h:262->firmware/nnet_utils/nnet_dense_stream.h:24->firmware/nnet_utils/nnet_dense_stream.h:97]   --->   Operation 95 'partselect' 'w_42' <Predicate = true> <Delay = 0.00>
ST_3 : Operation 96 [1/1] (0.00ns)   --->   "%w_43 = partselect i16 @_ssdm_op_PartSelect.i16.i1020.i32.i32, i1020 %w2_66_load, i32 592, i32 607" [firmware/nnet_utils/nnet_dense_resource.h:59->firmware/nnet_utils/nnet_dense_resource.h:262->firmware/nnet_utils/nnet_dense_stream.h:24->firmware/nnet_utils/nnet_dense_stream.h:97]   --->   Operation 96 'partselect' 'w_43' <Predicate = true> <Delay = 0.00>
ST_3 : Operation 97 [1/1] (0.00ns)   --->   "%w_44 = partselect i16 @_ssdm_op_PartSelect.i16.i1020.i32.i32, i1020 %w2_66_load, i32 608, i32 623" [firmware/nnet_utils/nnet_dense_resource.h:59->firmware/nnet_utils/nnet_dense_resource.h:262->firmware/nnet_utils/nnet_dense_stream.h:24->firmware/nnet_utils/nnet_dense_stream.h:97]   --->   Operation 97 'partselect' 'w_44' <Predicate = true> <Delay = 0.00>
ST_3 : Operation 98 [1/1] (0.00ns)   --->   "%w_45 = partselect i16 @_ssdm_op_PartSelect.i16.i1020.i32.i32, i1020 %w2_66_load, i32 624, i32 639" [firmware/nnet_utils/nnet_dense_resource.h:59->firmware/nnet_utils/nnet_dense_resource.h:262->firmware/nnet_utils/nnet_dense_stream.h:24->firmware/nnet_utils/nnet_dense_stream.h:97]   --->   Operation 98 'partselect' 'w_45' <Predicate = true> <Delay = 0.00>
ST_3 : Operation 99 [1/1] (0.00ns)   --->   "%w_46 = partselect i16 @_ssdm_op_PartSelect.i16.i1020.i32.i32, i1020 %w2_66_load, i32 640, i32 655" [firmware/nnet_utils/nnet_dense_resource.h:59->firmware/nnet_utils/nnet_dense_resource.h:262->firmware/nnet_utils/nnet_dense_stream.h:24->firmware/nnet_utils/nnet_dense_stream.h:97]   --->   Operation 99 'partselect' 'w_46' <Predicate = true> <Delay = 0.00>
ST_3 : Operation 100 [1/1] (0.00ns)   --->   "%w_47 = partselect i16 @_ssdm_op_PartSelect.i16.i1020.i32.i32, i1020 %w2_66_load, i32 656, i32 671" [firmware/nnet_utils/nnet_dense_resource.h:59->firmware/nnet_utils/nnet_dense_resource.h:262->firmware/nnet_utils/nnet_dense_stream.h:24->firmware/nnet_utils/nnet_dense_stream.h:97]   --->   Operation 100 'partselect' 'w_47' <Predicate = true> <Delay = 0.00>
ST_3 : Operation 101 [1/1] (0.00ns)   --->   "%w_48 = partselect i16 @_ssdm_op_PartSelect.i16.i1020.i32.i32, i1020 %w2_66_load, i32 672, i32 687" [firmware/nnet_utils/nnet_dense_resource.h:59->firmware/nnet_utils/nnet_dense_resource.h:262->firmware/nnet_utils/nnet_dense_stream.h:24->firmware/nnet_utils/nnet_dense_stream.h:97]   --->   Operation 101 'partselect' 'w_48' <Predicate = true> <Delay = 0.00>
ST_3 : Operation 102 [1/1] (0.00ns)   --->   "%w_49 = partselect i16 @_ssdm_op_PartSelect.i16.i1020.i32.i32, i1020 %w2_66_load, i32 688, i32 703" [firmware/nnet_utils/nnet_dense_resource.h:59->firmware/nnet_utils/nnet_dense_resource.h:262->firmware/nnet_utils/nnet_dense_stream.h:24->firmware/nnet_utils/nnet_dense_stream.h:97]   --->   Operation 102 'partselect' 'w_49' <Predicate = true> <Delay = 0.00>
ST_3 : Operation 103 [1/1] (0.00ns)   --->   "%w_50 = partselect i16 @_ssdm_op_PartSelect.i16.i1020.i32.i32, i1020 %w2_66_load, i32 704, i32 719" [firmware/nnet_utils/nnet_dense_resource.h:59->firmware/nnet_utils/nnet_dense_resource.h:262->firmware/nnet_utils/nnet_dense_stream.h:24->firmware/nnet_utils/nnet_dense_stream.h:97]   --->   Operation 103 'partselect' 'w_50' <Predicate = true> <Delay = 0.00>
ST_3 : Operation 104 [1/1] (0.00ns)   --->   "%w_51 = partselect i16 @_ssdm_op_PartSelect.i16.i1020.i32.i32, i1020 %w2_66_load, i32 720, i32 735" [firmware/nnet_utils/nnet_dense_resource.h:59->firmware/nnet_utils/nnet_dense_resource.h:262->firmware/nnet_utils/nnet_dense_stream.h:24->firmware/nnet_utils/nnet_dense_stream.h:97]   --->   Operation 104 'partselect' 'w_51' <Predicate = true> <Delay = 0.00>
ST_3 : Operation 105 [1/1] (0.00ns)   --->   "%w_52 = partselect i16 @_ssdm_op_PartSelect.i16.i1020.i32.i32, i1020 %w2_66_load, i32 736, i32 751" [firmware/nnet_utils/nnet_dense_resource.h:59->firmware/nnet_utils/nnet_dense_resource.h:262->firmware/nnet_utils/nnet_dense_stream.h:24->firmware/nnet_utils/nnet_dense_stream.h:97]   --->   Operation 105 'partselect' 'w_52' <Predicate = true> <Delay = 0.00>
ST_3 : Operation 106 [1/1] (0.00ns)   --->   "%w_53 = partselect i16 @_ssdm_op_PartSelect.i16.i1020.i32.i32, i1020 %w2_66_load, i32 752, i32 767" [firmware/nnet_utils/nnet_dense_resource.h:59->firmware/nnet_utils/nnet_dense_resource.h:262->firmware/nnet_utils/nnet_dense_stream.h:24->firmware/nnet_utils/nnet_dense_stream.h:97]   --->   Operation 106 'partselect' 'w_53' <Predicate = true> <Delay = 0.00>
ST_3 : Operation 107 [1/1] (0.00ns)   --->   "%w_54 = partselect i16 @_ssdm_op_PartSelect.i16.i1020.i32.i32, i1020 %w2_66_load, i32 768, i32 783" [firmware/nnet_utils/nnet_dense_resource.h:59->firmware/nnet_utils/nnet_dense_resource.h:262->firmware/nnet_utils/nnet_dense_stream.h:24->firmware/nnet_utils/nnet_dense_stream.h:97]   --->   Operation 107 'partselect' 'w_54' <Predicate = true> <Delay = 0.00>
ST_3 : Operation 108 [1/1] (0.00ns)   --->   "%w_55 = partselect i16 @_ssdm_op_PartSelect.i16.i1020.i32.i32, i1020 %w2_66_load, i32 784, i32 799" [firmware/nnet_utils/nnet_dense_resource.h:59->firmware/nnet_utils/nnet_dense_resource.h:262->firmware/nnet_utils/nnet_dense_stream.h:24->firmware/nnet_utils/nnet_dense_stream.h:97]   --->   Operation 108 'partselect' 'w_55' <Predicate = true> <Delay = 0.00>
ST_3 : Operation 109 [1/1] (0.00ns)   --->   "%w_56 = partselect i16 @_ssdm_op_PartSelect.i16.i1020.i32.i32, i1020 %w2_66_load, i32 800, i32 815" [firmware/nnet_utils/nnet_dense_resource.h:59->firmware/nnet_utils/nnet_dense_resource.h:262->firmware/nnet_utils/nnet_dense_stream.h:24->firmware/nnet_utils/nnet_dense_stream.h:97]   --->   Operation 109 'partselect' 'w_56' <Predicate = true> <Delay = 0.00>
ST_3 : Operation 110 [1/1] (0.00ns)   --->   "%w_57 = partselect i16 @_ssdm_op_PartSelect.i16.i1020.i32.i32, i1020 %w2_66_load, i32 816, i32 831" [firmware/nnet_utils/nnet_dense_resource.h:59->firmware/nnet_utils/nnet_dense_resource.h:262->firmware/nnet_utils/nnet_dense_stream.h:24->firmware/nnet_utils/nnet_dense_stream.h:97]   --->   Operation 110 'partselect' 'w_57' <Predicate = true> <Delay = 0.00>
ST_3 : Operation 111 [1/1] (0.00ns)   --->   "%w_58 = partselect i16 @_ssdm_op_PartSelect.i16.i1020.i32.i32, i1020 %w2_66_load, i32 832, i32 847" [firmware/nnet_utils/nnet_dense_resource.h:59->firmware/nnet_utils/nnet_dense_resource.h:262->firmware/nnet_utils/nnet_dense_stream.h:24->firmware/nnet_utils/nnet_dense_stream.h:97]   --->   Operation 111 'partselect' 'w_58' <Predicate = true> <Delay = 0.00>
ST_3 : Operation 112 [1/1] (0.00ns)   --->   "%w_59 = partselect i16 @_ssdm_op_PartSelect.i16.i1020.i32.i32, i1020 %w2_66_load, i32 848, i32 863" [firmware/nnet_utils/nnet_dense_resource.h:59->firmware/nnet_utils/nnet_dense_resource.h:262->firmware/nnet_utils/nnet_dense_stream.h:24->firmware/nnet_utils/nnet_dense_stream.h:97]   --->   Operation 112 'partselect' 'w_59' <Predicate = true> <Delay = 0.00>
ST_3 : Operation 113 [1/1] (0.00ns)   --->   "%w_60 = partselect i16 @_ssdm_op_PartSelect.i16.i1020.i32.i32, i1020 %w2_66_load, i32 864, i32 879" [firmware/nnet_utils/nnet_dense_resource.h:59->firmware/nnet_utils/nnet_dense_resource.h:262->firmware/nnet_utils/nnet_dense_stream.h:24->firmware/nnet_utils/nnet_dense_stream.h:97]   --->   Operation 113 'partselect' 'w_60' <Predicate = true> <Delay = 0.00>
ST_3 : Operation 114 [1/1] (0.00ns)   --->   "%w_61 = partselect i16 @_ssdm_op_PartSelect.i16.i1020.i32.i32, i1020 %w2_66_load, i32 880, i32 895" [firmware/nnet_utils/nnet_dense_resource.h:59->firmware/nnet_utils/nnet_dense_resource.h:262->firmware/nnet_utils/nnet_dense_stream.h:24->firmware/nnet_utils/nnet_dense_stream.h:97]   --->   Operation 114 'partselect' 'w_61' <Predicate = true> <Delay = 0.00>
ST_3 : Operation 115 [1/1] (0.00ns)   --->   "%w_62 = partselect i16 @_ssdm_op_PartSelect.i16.i1020.i32.i32, i1020 %w2_66_load, i32 896, i32 911" [firmware/nnet_utils/nnet_dense_resource.h:59->firmware/nnet_utils/nnet_dense_resource.h:262->firmware/nnet_utils/nnet_dense_stream.h:24->firmware/nnet_utils/nnet_dense_stream.h:97]   --->   Operation 115 'partselect' 'w_62' <Predicate = true> <Delay = 0.00>
ST_3 : Operation 116 [1/1] (0.00ns)   --->   "%w_63 = partselect i16 @_ssdm_op_PartSelect.i16.i1020.i32.i32, i1020 %w2_66_load, i32 912, i32 927" [firmware/nnet_utils/nnet_dense_resource.h:59->firmware/nnet_utils/nnet_dense_resource.h:262->firmware/nnet_utils/nnet_dense_stream.h:24->firmware/nnet_utils/nnet_dense_stream.h:97]   --->   Operation 116 'partselect' 'w_63' <Predicate = true> <Delay = 0.00>
ST_3 : Operation 117 [1/1] (0.00ns)   --->   "%w_64 = partselect i16 @_ssdm_op_PartSelect.i16.i1020.i32.i32, i1020 %w2_66_load, i32 928, i32 943" [firmware/nnet_utils/nnet_dense_resource.h:59->firmware/nnet_utils/nnet_dense_resource.h:262->firmware/nnet_utils/nnet_dense_stream.h:24->firmware/nnet_utils/nnet_dense_stream.h:97]   --->   Operation 117 'partselect' 'w_64' <Predicate = true> <Delay = 0.00>
ST_3 : Operation 118 [1/1] (0.00ns)   --->   "%w_65 = partselect i16 @_ssdm_op_PartSelect.i16.i1020.i32.i32, i1020 %w2_66_load, i32 944, i32 959" [firmware/nnet_utils/nnet_dense_resource.h:59->firmware/nnet_utils/nnet_dense_resource.h:262->firmware/nnet_utils/nnet_dense_stream.h:24->firmware/nnet_utils/nnet_dense_stream.h:97]   --->   Operation 118 'partselect' 'w_65' <Predicate = true> <Delay = 0.00>
ST_3 : Operation 119 [1/1] (0.00ns)   --->   "%w_66 = partselect i16 @_ssdm_op_PartSelect.i16.i1020.i32.i32, i1020 %w2_66_load, i32 960, i32 975" [firmware/nnet_utils/nnet_dense_resource.h:59->firmware/nnet_utils/nnet_dense_resource.h:262->firmware/nnet_utils/nnet_dense_stream.h:24->firmware/nnet_utils/nnet_dense_stream.h:97]   --->   Operation 119 'partselect' 'w_66' <Predicate = true> <Delay = 0.00>
ST_3 : Operation 120 [1/1] (0.00ns)   --->   "%w_67 = partselect i16 @_ssdm_op_PartSelect.i16.i1020.i32.i32, i1020 %w2_66_load, i32 976, i32 991" [firmware/nnet_utils/nnet_dense_resource.h:59->firmware/nnet_utils/nnet_dense_resource.h:262->firmware/nnet_utils/nnet_dense_stream.h:24->firmware/nnet_utils/nnet_dense_stream.h:97]   --->   Operation 120 'partselect' 'w_67' <Predicate = true> <Delay = 0.00>
ST_3 : Operation 121 [1/1] (0.00ns)   --->   "%w_68 = partselect i16 @_ssdm_op_PartSelect.i16.i1020.i32.i32, i1020 %w2_66_load, i32 992, i32 1007" [firmware/nnet_utils/nnet_dense_resource.h:59->firmware/nnet_utils/nnet_dense_resource.h:262->firmware/nnet_utils/nnet_dense_stream.h:24->firmware/nnet_utils/nnet_dense_stream.h:97]   --->   Operation 121 'partselect' 'w_68' <Predicate = true> <Delay = 0.00>
ST_3 : Operation 122 [1/1] (0.00ns)   --->   "%tmp = partselect i12 @_ssdm_op_PartSelect.i12.i1020.i32.i32, i1020 %w2_66_load, i32 1008, i32 1019" [firmware/nnet_utils/nnet_dense_resource.h:59->firmware/nnet_utils/nnet_dense_resource.h:262->firmware/nnet_utils/nnet_dense_stream.h:24->firmware/nnet_utils/nnet_dense_stream.h:97]   --->   Operation 122 'partselect' 'tmp' <Predicate = true> <Delay = 0.00>

State 4 <SV = 3> <Delay = 3.34>
ST_4 : Operation 123 [1/1] (0.00ns)   --->   "%sext_ln73 = sext i16 %w" [firmware/nnet_utils/nnet_mult.h:73->firmware/nnet_utils/nnet_dense_resource.h:59->firmware/nnet_utils/nnet_dense_resource.h:262->firmware/nnet_utils/nnet_dense_stream.h:24->firmware/nnet_utils/nnet_dense_stream.h:97]   --->   Operation 123 'sext' 'sext_ln73' <Predicate = true> <Delay = 0.00>
ST_4 : Operation 124 [1/1] (0.00ns)   --->   "%sext_ln73_1 = sext i16 %a" [firmware/nnet_utils/nnet_mult.h:73->firmware/nnet_utils/nnet_dense_resource.h:59->firmware/nnet_utils/nnet_dense_resource.h:262->firmware/nnet_utils/nnet_dense_stream.h:24->firmware/nnet_utils/nnet_dense_stream.h:97]   --->   Operation 124 'sext' 'sext_ln73_1' <Predicate = true> <Delay = 0.00>
ST_4 : Operation 125 [2/2] (3.34ns)   --->   "%mul_ln58 = mul i26 %sext_ln73, i26 %sext_ln73_1" [firmware/nnet_utils/nnet_dense_resource.h:58->firmware/nnet_utils/nnet_dense_resource.h:262->firmware/nnet_utils/nnet_dense_stream.h:24->firmware/nnet_utils/nnet_dense_stream.h:97]   --->   Operation 125 'mul' 'mul_ln58' <Predicate = true> <Delay = 3.34> <CoreInst = "Multiplier">   --->   Core 3 'Multiplier' <Latency = 1> <II = 1> <Delay = 3.34> <FuncUnit> <Opcode : 'mul'> <InPorts = 2> <OutPorts = 1>
ST_4 : Operation 126 [1/1] (0.00ns)   --->   "%sext_ln73_2 = sext i16 %w_7" [firmware/nnet_utils/nnet_mult.h:73->firmware/nnet_utils/nnet_dense_resource.h:59->firmware/nnet_utils/nnet_dense_resource.h:262->firmware/nnet_utils/nnet_dense_stream.h:24->firmware/nnet_utils/nnet_dense_stream.h:97]   --->   Operation 126 'sext' 'sext_ln73_2' <Predicate = true> <Delay = 0.00>
ST_4 : Operation 127 [1/1] (0.00ns)   --->   "%sext_ln73_3 = sext i16 %a_8" [firmware/nnet_utils/nnet_mult.h:73->firmware/nnet_utils/nnet_dense_resource.h:59->firmware/nnet_utils/nnet_dense_resource.h:262->firmware/nnet_utils/nnet_dense_stream.h:24->firmware/nnet_utils/nnet_dense_stream.h:97]   --->   Operation 127 'sext' 'sext_ln73_3' <Predicate = true> <Delay = 0.00>
ST_4 : Operation 128 [2/2] (3.34ns)   --->   "%mul_ln58_8 = mul i26 %sext_ln73_2, i26 %sext_ln73_3" [firmware/nnet_utils/nnet_dense_resource.h:58->firmware/nnet_utils/nnet_dense_resource.h:262->firmware/nnet_utils/nnet_dense_stream.h:24->firmware/nnet_utils/nnet_dense_stream.h:97]   --->   Operation 128 'mul' 'mul_ln58_8' <Predicate = true> <Delay = 3.34> <CoreInst = "Multiplier">   --->   Core 3 'Multiplier' <Latency = 1> <II = 1> <Delay = 3.34> <FuncUnit> <Opcode : 'mul'> <InPorts = 2> <OutPorts = 1>
ST_4 : Operation 129 [1/1] (0.00ns)   --->   "%sext_ln73_4 = sext i16 %w_8" [firmware/nnet_utils/nnet_mult.h:73->firmware/nnet_utils/nnet_dense_resource.h:59->firmware/nnet_utils/nnet_dense_resource.h:262->firmware/nnet_utils/nnet_dense_stream.h:24->firmware/nnet_utils/nnet_dense_stream.h:97]   --->   Operation 129 'sext' 'sext_ln73_4' <Predicate = true> <Delay = 0.00>
ST_4 : Operation 130 [2/2] (3.34ns)   --->   "%mul_ln58_9 = mul i26 %sext_ln73_4, i26 %sext_ln73_1" [firmware/nnet_utils/nnet_dense_resource.h:58->firmware/nnet_utils/nnet_dense_resource.h:262->firmware/nnet_utils/nnet_dense_stream.h:24->firmware/nnet_utils/nnet_dense_stream.h:97]   --->   Operation 130 'mul' 'mul_ln58_9' <Predicate = true> <Delay = 3.34> <CoreInst = "Multiplier">   --->   Core 3 'Multiplier' <Latency = 1> <II = 1> <Delay = 3.34> <FuncUnit> <Opcode : 'mul'> <InPorts = 2> <OutPorts = 1>
ST_4 : Operation 131 [1/1] (0.00ns)   --->   "%sext_ln73_5 = sext i16 %w_9" [firmware/nnet_utils/nnet_mult.h:73->firmware/nnet_utils/nnet_dense_resource.h:59->firmware/nnet_utils/nnet_dense_resource.h:262->firmware/nnet_utils/nnet_dense_stream.h:24->firmware/nnet_utils/nnet_dense_stream.h:97]   --->   Operation 131 'sext' 'sext_ln73_5' <Predicate = true> <Delay = 0.00>
ST_4 : Operation 132 [2/2] (3.34ns)   --->   "%mul_ln58_10 = mul i26 %sext_ln73_5, i26 %sext_ln73_3" [firmware/nnet_utils/nnet_dense_resource.h:58->firmware/nnet_utils/nnet_dense_resource.h:262->firmware/nnet_utils/nnet_dense_stream.h:24->firmware/nnet_utils/nnet_dense_stream.h:97]   --->   Operation 132 'mul' 'mul_ln58_10' <Predicate = true> <Delay = 3.34> <CoreInst = "Multiplier">   --->   Core 3 'Multiplier' <Latency = 1> <II = 1> <Delay = 3.34> <FuncUnit> <Opcode : 'mul'> <InPorts = 2> <OutPorts = 1>
ST_4 : Operation 133 [1/1] (0.00ns)   --->   "%sext_ln73_6 = sext i16 %w_10" [firmware/nnet_utils/nnet_mult.h:73->firmware/nnet_utils/nnet_dense_resource.h:59->firmware/nnet_utils/nnet_dense_resource.h:262->firmware/nnet_utils/nnet_dense_stream.h:24->firmware/nnet_utils/nnet_dense_stream.h:97]   --->   Operation 133 'sext' 'sext_ln73_6' <Predicate = true> <Delay = 0.00>
ST_4 : Operation 134 [2/2] (3.34ns)   --->   "%mul_ln58_11 = mul i26 %sext_ln73_6, i26 %sext_ln73_1" [firmware/nnet_utils/nnet_dense_resource.h:58->firmware/nnet_utils/nnet_dense_resource.h:262->firmware/nnet_utils/nnet_dense_stream.h:24->firmware/nnet_utils/nnet_dense_stream.h:97]   --->   Operation 134 'mul' 'mul_ln58_11' <Predicate = true> <Delay = 3.34> <CoreInst = "Multiplier">   --->   Core 3 'Multiplier' <Latency = 1> <II = 1> <Delay = 3.34> <FuncUnit> <Opcode : 'mul'> <InPorts = 2> <OutPorts = 1>
ST_4 : Operation 135 [1/1] (0.00ns)   --->   "%sext_ln73_7 = sext i16 %w_11" [firmware/nnet_utils/nnet_mult.h:73->firmware/nnet_utils/nnet_dense_resource.h:59->firmware/nnet_utils/nnet_dense_resource.h:262->firmware/nnet_utils/nnet_dense_stream.h:24->firmware/nnet_utils/nnet_dense_stream.h:97]   --->   Operation 135 'sext' 'sext_ln73_7' <Predicate = true> <Delay = 0.00>
ST_4 : Operation 136 [2/2] (3.34ns)   --->   "%mul_ln58_12 = mul i26 %sext_ln73_7, i26 %sext_ln73_3" [firmware/nnet_utils/nnet_dense_resource.h:58->firmware/nnet_utils/nnet_dense_resource.h:262->firmware/nnet_utils/nnet_dense_stream.h:24->firmware/nnet_utils/nnet_dense_stream.h:97]   --->   Operation 136 'mul' 'mul_ln58_12' <Predicate = true> <Delay = 3.34> <CoreInst = "Multiplier">   --->   Core 3 'Multiplier' <Latency = 1> <II = 1> <Delay = 3.34> <FuncUnit> <Opcode : 'mul'> <InPorts = 2> <OutPorts = 1>
ST_4 : Operation 137 [1/1] (0.00ns)   --->   "%sext_ln73_8 = sext i16 %w_12" [firmware/nnet_utils/nnet_mult.h:73->firmware/nnet_utils/nnet_dense_resource.h:59->firmware/nnet_utils/nnet_dense_resource.h:262->firmware/nnet_utils/nnet_dense_stream.h:24->firmware/nnet_utils/nnet_dense_stream.h:97]   --->   Operation 137 'sext' 'sext_ln73_8' <Predicate = true> <Delay = 0.00>
ST_4 : Operation 138 [2/2] (3.34ns)   --->   "%mul_ln58_13 = mul i26 %sext_ln73_8, i26 %sext_ln73_1" [firmware/nnet_utils/nnet_dense_resource.h:58->firmware/nnet_utils/nnet_dense_resource.h:262->firmware/nnet_utils/nnet_dense_stream.h:24->firmware/nnet_utils/nnet_dense_stream.h:97]   --->   Operation 138 'mul' 'mul_ln58_13' <Predicate = true> <Delay = 3.34> <CoreInst = "Multiplier">   --->   Core 3 'Multiplier' <Latency = 1> <II = 1> <Delay = 3.34> <FuncUnit> <Opcode : 'mul'> <InPorts = 2> <OutPorts = 1>
ST_4 : Operation 139 [1/1] (0.00ns)   --->   "%sext_ln73_9 = sext i16 %w_13" [firmware/nnet_utils/nnet_mult.h:73->firmware/nnet_utils/nnet_dense_resource.h:59->firmware/nnet_utils/nnet_dense_resource.h:262->firmware/nnet_utils/nnet_dense_stream.h:24->firmware/nnet_utils/nnet_dense_stream.h:97]   --->   Operation 139 'sext' 'sext_ln73_9' <Predicate = true> <Delay = 0.00>
ST_4 : Operation 140 [2/2] (3.34ns)   --->   "%mul_ln58_14 = mul i26 %sext_ln73_9, i26 %sext_ln73_3" [firmware/nnet_utils/nnet_dense_resource.h:58->firmware/nnet_utils/nnet_dense_resource.h:262->firmware/nnet_utils/nnet_dense_stream.h:24->firmware/nnet_utils/nnet_dense_stream.h:97]   --->   Operation 140 'mul' 'mul_ln58_14' <Predicate = true> <Delay = 3.34> <CoreInst = "Multiplier">   --->   Core 3 'Multiplier' <Latency = 1> <II = 1> <Delay = 3.34> <FuncUnit> <Opcode : 'mul'> <InPorts = 2> <OutPorts = 1>
ST_4 : Operation 141 [1/1] (0.00ns)   --->   "%sext_ln73_10 = sext i16 %w_14" [firmware/nnet_utils/nnet_mult.h:73->firmware/nnet_utils/nnet_dense_resource.h:59->firmware/nnet_utils/nnet_dense_resource.h:262->firmware/nnet_utils/nnet_dense_stream.h:24->firmware/nnet_utils/nnet_dense_stream.h:97]   --->   Operation 141 'sext' 'sext_ln73_10' <Predicate = true> <Delay = 0.00>
ST_4 : Operation 142 [2/2] (3.34ns)   --->   "%mul_ln58_15 = mul i26 %sext_ln73_10, i26 %sext_ln73_1" [firmware/nnet_utils/nnet_dense_resource.h:58->firmware/nnet_utils/nnet_dense_resource.h:262->firmware/nnet_utils/nnet_dense_stream.h:24->firmware/nnet_utils/nnet_dense_stream.h:97]   --->   Operation 142 'mul' 'mul_ln58_15' <Predicate = true> <Delay = 3.34> <CoreInst = "Multiplier">   --->   Core 3 'Multiplier' <Latency = 1> <II = 1> <Delay = 3.34> <FuncUnit> <Opcode : 'mul'> <InPorts = 2> <OutPorts = 1>
ST_4 : Operation 143 [1/1] (0.00ns)   --->   "%sext_ln73_11 = sext i16 %w_15" [firmware/nnet_utils/nnet_mult.h:73->firmware/nnet_utils/nnet_dense_resource.h:59->firmware/nnet_utils/nnet_dense_resource.h:262->firmware/nnet_utils/nnet_dense_stream.h:24->firmware/nnet_utils/nnet_dense_stream.h:97]   --->   Operation 143 'sext' 'sext_ln73_11' <Predicate = true> <Delay = 0.00>
ST_4 : Operation 144 [2/2] (3.34ns)   --->   "%mul_ln58_16 = mul i26 %sext_ln73_11, i26 %sext_ln73_3" [firmware/nnet_utils/nnet_dense_resource.h:58->firmware/nnet_utils/nnet_dense_resource.h:262->firmware/nnet_utils/nnet_dense_stream.h:24->firmware/nnet_utils/nnet_dense_stream.h:97]   --->   Operation 144 'mul' 'mul_ln58_16' <Predicate = true> <Delay = 3.34> <CoreInst = "Multiplier">   --->   Core 3 'Multiplier' <Latency = 1> <II = 1> <Delay = 3.34> <FuncUnit> <Opcode : 'mul'> <InPorts = 2> <OutPorts = 1>
ST_4 : Operation 145 [1/1] (0.00ns)   --->   "%sext_ln73_12 = sext i16 %w_16" [firmware/nnet_utils/nnet_mult.h:73->firmware/nnet_utils/nnet_dense_resource.h:59->firmware/nnet_utils/nnet_dense_resource.h:262->firmware/nnet_utils/nnet_dense_stream.h:24->firmware/nnet_utils/nnet_dense_stream.h:97]   --->   Operation 145 'sext' 'sext_ln73_12' <Predicate = true> <Delay = 0.00>
ST_4 : Operation 146 [2/2] (3.34ns)   --->   "%mul_ln58_17 = mul i26 %sext_ln73_12, i26 %sext_ln73_1" [firmware/nnet_utils/nnet_dense_resource.h:58->firmware/nnet_utils/nnet_dense_resource.h:262->firmware/nnet_utils/nnet_dense_stream.h:24->firmware/nnet_utils/nnet_dense_stream.h:97]   --->   Operation 146 'mul' 'mul_ln58_17' <Predicate = true> <Delay = 3.34> <CoreInst = "Multiplier">   --->   Core 3 'Multiplier' <Latency = 1> <II = 1> <Delay = 3.34> <FuncUnit> <Opcode : 'mul'> <InPorts = 2> <OutPorts = 1>
ST_4 : Operation 147 [1/1] (0.00ns)   --->   "%sext_ln73_13 = sext i16 %w_17" [firmware/nnet_utils/nnet_mult.h:73->firmware/nnet_utils/nnet_dense_resource.h:59->firmware/nnet_utils/nnet_dense_resource.h:262->firmware/nnet_utils/nnet_dense_stream.h:24->firmware/nnet_utils/nnet_dense_stream.h:97]   --->   Operation 147 'sext' 'sext_ln73_13' <Predicate = true> <Delay = 0.00>
ST_4 : Operation 148 [2/2] (3.34ns)   --->   "%mul_ln58_18 = mul i26 %sext_ln73_13, i26 %sext_ln73_3" [firmware/nnet_utils/nnet_dense_resource.h:58->firmware/nnet_utils/nnet_dense_resource.h:262->firmware/nnet_utils/nnet_dense_stream.h:24->firmware/nnet_utils/nnet_dense_stream.h:97]   --->   Operation 148 'mul' 'mul_ln58_18' <Predicate = true> <Delay = 3.34> <CoreInst = "Multiplier">   --->   Core 3 'Multiplier' <Latency = 1> <II = 1> <Delay = 3.34> <FuncUnit> <Opcode : 'mul'> <InPorts = 2> <OutPorts = 1>
ST_4 : Operation 149 [1/1] (0.00ns)   --->   "%sext_ln73_14 = sext i16 %w_18" [firmware/nnet_utils/nnet_mult.h:73->firmware/nnet_utils/nnet_dense_resource.h:59->firmware/nnet_utils/nnet_dense_resource.h:262->firmware/nnet_utils/nnet_dense_stream.h:24->firmware/nnet_utils/nnet_dense_stream.h:97]   --->   Operation 149 'sext' 'sext_ln73_14' <Predicate = true> <Delay = 0.00>
ST_4 : Operation 150 [2/2] (3.34ns)   --->   "%mul_ln58_19 = mul i26 %sext_ln73_14, i26 %sext_ln73_1" [firmware/nnet_utils/nnet_dense_resource.h:58->firmware/nnet_utils/nnet_dense_resource.h:262->firmware/nnet_utils/nnet_dense_stream.h:24->firmware/nnet_utils/nnet_dense_stream.h:97]   --->   Operation 150 'mul' 'mul_ln58_19' <Predicate = true> <Delay = 3.34> <CoreInst = "Multiplier">   --->   Core 3 'Multiplier' <Latency = 1> <II = 1> <Delay = 3.34> <FuncUnit> <Opcode : 'mul'> <InPorts = 2> <OutPorts = 1>
ST_4 : Operation 151 [1/1] (0.00ns)   --->   "%sext_ln73_15 = sext i16 %w_19" [firmware/nnet_utils/nnet_mult.h:73->firmware/nnet_utils/nnet_dense_resource.h:59->firmware/nnet_utils/nnet_dense_resource.h:262->firmware/nnet_utils/nnet_dense_stream.h:24->firmware/nnet_utils/nnet_dense_stream.h:97]   --->   Operation 151 'sext' 'sext_ln73_15' <Predicate = true> <Delay = 0.00>
ST_4 : Operation 152 [2/2] (3.34ns)   --->   "%mul_ln58_20 = mul i26 %sext_ln73_15, i26 %sext_ln73_3" [firmware/nnet_utils/nnet_dense_resource.h:58->firmware/nnet_utils/nnet_dense_resource.h:262->firmware/nnet_utils/nnet_dense_stream.h:24->firmware/nnet_utils/nnet_dense_stream.h:97]   --->   Operation 152 'mul' 'mul_ln58_20' <Predicate = true> <Delay = 3.34> <CoreInst = "Multiplier">   --->   Core 3 'Multiplier' <Latency = 1> <II = 1> <Delay = 3.34> <FuncUnit> <Opcode : 'mul'> <InPorts = 2> <OutPorts = 1>
ST_4 : Operation 153 [1/1] (0.00ns)   --->   "%sext_ln73_16 = sext i16 %w_20" [firmware/nnet_utils/nnet_mult.h:73->firmware/nnet_utils/nnet_dense_resource.h:59->firmware/nnet_utils/nnet_dense_resource.h:262->firmware/nnet_utils/nnet_dense_stream.h:24->firmware/nnet_utils/nnet_dense_stream.h:97]   --->   Operation 153 'sext' 'sext_ln73_16' <Predicate = true> <Delay = 0.00>
ST_4 : Operation 154 [2/2] (3.34ns)   --->   "%mul_ln58_21 = mul i26 %sext_ln73_16, i26 %sext_ln73_1" [firmware/nnet_utils/nnet_dense_resource.h:58->firmware/nnet_utils/nnet_dense_resource.h:262->firmware/nnet_utils/nnet_dense_stream.h:24->firmware/nnet_utils/nnet_dense_stream.h:97]   --->   Operation 154 'mul' 'mul_ln58_21' <Predicate = true> <Delay = 3.34> <CoreInst = "Multiplier">   --->   Core 3 'Multiplier' <Latency = 1> <II = 1> <Delay = 3.34> <FuncUnit> <Opcode : 'mul'> <InPorts = 2> <OutPorts = 1>
ST_4 : Operation 155 [1/1] (0.00ns)   --->   "%sext_ln73_17 = sext i16 %w_21" [firmware/nnet_utils/nnet_mult.h:73->firmware/nnet_utils/nnet_dense_resource.h:59->firmware/nnet_utils/nnet_dense_resource.h:262->firmware/nnet_utils/nnet_dense_stream.h:24->firmware/nnet_utils/nnet_dense_stream.h:97]   --->   Operation 155 'sext' 'sext_ln73_17' <Predicate = true> <Delay = 0.00>
ST_4 : Operation 156 [2/2] (3.34ns)   --->   "%mul_ln58_22 = mul i26 %sext_ln73_17, i26 %sext_ln73_3" [firmware/nnet_utils/nnet_dense_resource.h:58->firmware/nnet_utils/nnet_dense_resource.h:262->firmware/nnet_utils/nnet_dense_stream.h:24->firmware/nnet_utils/nnet_dense_stream.h:97]   --->   Operation 156 'mul' 'mul_ln58_22' <Predicate = true> <Delay = 3.34> <CoreInst = "Multiplier">   --->   Core 3 'Multiplier' <Latency = 1> <II = 1> <Delay = 3.34> <FuncUnit> <Opcode : 'mul'> <InPorts = 2> <OutPorts = 1>
ST_4 : Operation 157 [1/1] (0.00ns)   --->   "%sext_ln73_18 = sext i16 %w_22" [firmware/nnet_utils/nnet_mult.h:73->firmware/nnet_utils/nnet_dense_resource.h:59->firmware/nnet_utils/nnet_dense_resource.h:262->firmware/nnet_utils/nnet_dense_stream.h:24->firmware/nnet_utils/nnet_dense_stream.h:97]   --->   Operation 157 'sext' 'sext_ln73_18' <Predicate = true> <Delay = 0.00>
ST_4 : Operation 158 [2/2] (3.34ns)   --->   "%mul_ln58_23 = mul i26 %sext_ln73_18, i26 %sext_ln73_1" [firmware/nnet_utils/nnet_dense_resource.h:58->firmware/nnet_utils/nnet_dense_resource.h:262->firmware/nnet_utils/nnet_dense_stream.h:24->firmware/nnet_utils/nnet_dense_stream.h:97]   --->   Operation 158 'mul' 'mul_ln58_23' <Predicate = true> <Delay = 3.34> <CoreInst = "Multiplier">   --->   Core 3 'Multiplier' <Latency = 1> <II = 1> <Delay = 3.34> <FuncUnit> <Opcode : 'mul'> <InPorts = 2> <OutPorts = 1>
ST_4 : Operation 159 [1/1] (0.00ns)   --->   "%sext_ln73_19 = sext i16 %w_23" [firmware/nnet_utils/nnet_mult.h:73->firmware/nnet_utils/nnet_dense_resource.h:59->firmware/nnet_utils/nnet_dense_resource.h:262->firmware/nnet_utils/nnet_dense_stream.h:24->firmware/nnet_utils/nnet_dense_stream.h:97]   --->   Operation 159 'sext' 'sext_ln73_19' <Predicate = true> <Delay = 0.00>
ST_4 : Operation 160 [2/2] (3.34ns)   --->   "%mul_ln58_24 = mul i26 %sext_ln73_19, i26 %sext_ln73_3" [firmware/nnet_utils/nnet_dense_resource.h:58->firmware/nnet_utils/nnet_dense_resource.h:262->firmware/nnet_utils/nnet_dense_stream.h:24->firmware/nnet_utils/nnet_dense_stream.h:97]   --->   Operation 160 'mul' 'mul_ln58_24' <Predicate = true> <Delay = 3.34> <CoreInst = "Multiplier">   --->   Core 3 'Multiplier' <Latency = 1> <II = 1> <Delay = 3.34> <FuncUnit> <Opcode : 'mul'> <InPorts = 2> <OutPorts = 1>
ST_4 : Operation 161 [1/1] (0.00ns)   --->   "%sext_ln73_20 = sext i16 %w_24" [firmware/nnet_utils/nnet_mult.h:73->firmware/nnet_utils/nnet_dense_resource.h:59->firmware/nnet_utils/nnet_dense_resource.h:262->firmware/nnet_utils/nnet_dense_stream.h:24->firmware/nnet_utils/nnet_dense_stream.h:97]   --->   Operation 161 'sext' 'sext_ln73_20' <Predicate = true> <Delay = 0.00>
ST_4 : Operation 162 [2/2] (3.34ns)   --->   "%mul_ln58_25 = mul i26 %sext_ln73_20, i26 %sext_ln73_1" [firmware/nnet_utils/nnet_dense_resource.h:58->firmware/nnet_utils/nnet_dense_resource.h:262->firmware/nnet_utils/nnet_dense_stream.h:24->firmware/nnet_utils/nnet_dense_stream.h:97]   --->   Operation 162 'mul' 'mul_ln58_25' <Predicate = true> <Delay = 3.34> <CoreInst = "Multiplier">   --->   Core 3 'Multiplier' <Latency = 1> <II = 1> <Delay = 3.34> <FuncUnit> <Opcode : 'mul'> <InPorts = 2> <OutPorts = 1>
ST_4 : Operation 163 [1/1] (0.00ns)   --->   "%sext_ln73_21 = sext i16 %w_25" [firmware/nnet_utils/nnet_mult.h:73->firmware/nnet_utils/nnet_dense_resource.h:59->firmware/nnet_utils/nnet_dense_resource.h:262->firmware/nnet_utils/nnet_dense_stream.h:24->firmware/nnet_utils/nnet_dense_stream.h:97]   --->   Operation 163 'sext' 'sext_ln73_21' <Predicate = true> <Delay = 0.00>
ST_4 : Operation 164 [2/2] (3.34ns)   --->   "%mul_ln58_26 = mul i26 %sext_ln73_21, i26 %sext_ln73_3" [firmware/nnet_utils/nnet_dense_resource.h:58->firmware/nnet_utils/nnet_dense_resource.h:262->firmware/nnet_utils/nnet_dense_stream.h:24->firmware/nnet_utils/nnet_dense_stream.h:97]   --->   Operation 164 'mul' 'mul_ln58_26' <Predicate = true> <Delay = 3.34> <CoreInst = "Multiplier">   --->   Core 3 'Multiplier' <Latency = 1> <II = 1> <Delay = 3.34> <FuncUnit> <Opcode : 'mul'> <InPorts = 2> <OutPorts = 1>
ST_4 : Operation 165 [1/1] (0.00ns)   --->   "%sext_ln73_22 = sext i16 %w_26" [firmware/nnet_utils/nnet_mult.h:73->firmware/nnet_utils/nnet_dense_resource.h:59->firmware/nnet_utils/nnet_dense_resource.h:262->firmware/nnet_utils/nnet_dense_stream.h:24->firmware/nnet_utils/nnet_dense_stream.h:97]   --->   Operation 165 'sext' 'sext_ln73_22' <Predicate = true> <Delay = 0.00>
ST_4 : Operation 166 [2/2] (3.34ns)   --->   "%mul_ln58_27 = mul i26 %sext_ln73_22, i26 %sext_ln73_1" [firmware/nnet_utils/nnet_dense_resource.h:58->firmware/nnet_utils/nnet_dense_resource.h:262->firmware/nnet_utils/nnet_dense_stream.h:24->firmware/nnet_utils/nnet_dense_stream.h:97]   --->   Operation 166 'mul' 'mul_ln58_27' <Predicate = true> <Delay = 3.34> <CoreInst = "Multiplier">   --->   Core 3 'Multiplier' <Latency = 1> <II = 1> <Delay = 3.34> <FuncUnit> <Opcode : 'mul'> <InPorts = 2> <OutPorts = 1>
ST_4 : Operation 167 [1/1] (0.00ns)   --->   "%sext_ln73_23 = sext i16 %w_27" [firmware/nnet_utils/nnet_mult.h:73->firmware/nnet_utils/nnet_dense_resource.h:59->firmware/nnet_utils/nnet_dense_resource.h:262->firmware/nnet_utils/nnet_dense_stream.h:24->firmware/nnet_utils/nnet_dense_stream.h:97]   --->   Operation 167 'sext' 'sext_ln73_23' <Predicate = true> <Delay = 0.00>
ST_4 : Operation 168 [2/2] (3.34ns)   --->   "%mul_ln58_28 = mul i26 %sext_ln73_23, i26 %sext_ln73_3" [firmware/nnet_utils/nnet_dense_resource.h:58->firmware/nnet_utils/nnet_dense_resource.h:262->firmware/nnet_utils/nnet_dense_stream.h:24->firmware/nnet_utils/nnet_dense_stream.h:97]   --->   Operation 168 'mul' 'mul_ln58_28' <Predicate = true> <Delay = 3.34> <CoreInst = "Multiplier">   --->   Core 3 'Multiplier' <Latency = 1> <II = 1> <Delay = 3.34> <FuncUnit> <Opcode : 'mul'> <InPorts = 2> <OutPorts = 1>
ST_4 : Operation 169 [1/1] (0.00ns)   --->   "%sext_ln73_24 = sext i16 %w_28" [firmware/nnet_utils/nnet_mult.h:73->firmware/nnet_utils/nnet_dense_resource.h:59->firmware/nnet_utils/nnet_dense_resource.h:262->firmware/nnet_utils/nnet_dense_stream.h:24->firmware/nnet_utils/nnet_dense_stream.h:97]   --->   Operation 169 'sext' 'sext_ln73_24' <Predicate = true> <Delay = 0.00>
ST_4 : Operation 170 [2/2] (3.34ns)   --->   "%mul_ln58_29 = mul i26 %sext_ln73_24, i26 %sext_ln73_1" [firmware/nnet_utils/nnet_dense_resource.h:58->firmware/nnet_utils/nnet_dense_resource.h:262->firmware/nnet_utils/nnet_dense_stream.h:24->firmware/nnet_utils/nnet_dense_stream.h:97]   --->   Operation 170 'mul' 'mul_ln58_29' <Predicate = true> <Delay = 3.34> <CoreInst = "Multiplier">   --->   Core 3 'Multiplier' <Latency = 1> <II = 1> <Delay = 3.34> <FuncUnit> <Opcode : 'mul'> <InPorts = 2> <OutPorts = 1>
ST_4 : Operation 171 [1/1] (0.00ns)   --->   "%sext_ln73_25 = sext i16 %w_29" [firmware/nnet_utils/nnet_mult.h:73->firmware/nnet_utils/nnet_dense_resource.h:59->firmware/nnet_utils/nnet_dense_resource.h:262->firmware/nnet_utils/nnet_dense_stream.h:24->firmware/nnet_utils/nnet_dense_stream.h:97]   --->   Operation 171 'sext' 'sext_ln73_25' <Predicate = true> <Delay = 0.00>
ST_4 : Operation 172 [2/2] (3.34ns)   --->   "%mul_ln58_30 = mul i26 %sext_ln73_25, i26 %sext_ln73_3" [firmware/nnet_utils/nnet_dense_resource.h:58->firmware/nnet_utils/nnet_dense_resource.h:262->firmware/nnet_utils/nnet_dense_stream.h:24->firmware/nnet_utils/nnet_dense_stream.h:97]   --->   Operation 172 'mul' 'mul_ln58_30' <Predicate = true> <Delay = 3.34> <CoreInst = "Multiplier">   --->   Core 3 'Multiplier' <Latency = 1> <II = 1> <Delay = 3.34> <FuncUnit> <Opcode : 'mul'> <InPorts = 2> <OutPorts = 1>
ST_4 : Operation 173 [1/1] (0.00ns)   --->   "%sext_ln73_26 = sext i16 %w_30" [firmware/nnet_utils/nnet_mult.h:73->firmware/nnet_utils/nnet_dense_resource.h:59->firmware/nnet_utils/nnet_dense_resource.h:262->firmware/nnet_utils/nnet_dense_stream.h:24->firmware/nnet_utils/nnet_dense_stream.h:97]   --->   Operation 173 'sext' 'sext_ln73_26' <Predicate = true> <Delay = 0.00>
ST_4 : Operation 174 [2/2] (3.34ns)   --->   "%mul_ln58_31 = mul i26 %sext_ln73_26, i26 %sext_ln73_1" [firmware/nnet_utils/nnet_dense_resource.h:58->firmware/nnet_utils/nnet_dense_resource.h:262->firmware/nnet_utils/nnet_dense_stream.h:24->firmware/nnet_utils/nnet_dense_stream.h:97]   --->   Operation 174 'mul' 'mul_ln58_31' <Predicate = true> <Delay = 3.34> <CoreInst = "Multiplier">   --->   Core 3 'Multiplier' <Latency = 1> <II = 1> <Delay = 3.34> <FuncUnit> <Opcode : 'mul'> <InPorts = 2> <OutPorts = 1>
ST_4 : Operation 175 [1/1] (0.00ns)   --->   "%sext_ln73_27 = sext i16 %w_31" [firmware/nnet_utils/nnet_mult.h:73->firmware/nnet_utils/nnet_dense_resource.h:59->firmware/nnet_utils/nnet_dense_resource.h:262->firmware/nnet_utils/nnet_dense_stream.h:24->firmware/nnet_utils/nnet_dense_stream.h:97]   --->   Operation 175 'sext' 'sext_ln73_27' <Predicate = true> <Delay = 0.00>
ST_4 : Operation 176 [2/2] (3.34ns)   --->   "%mul_ln58_32 = mul i26 %sext_ln73_27, i26 %sext_ln73_3" [firmware/nnet_utils/nnet_dense_resource.h:58->firmware/nnet_utils/nnet_dense_resource.h:262->firmware/nnet_utils/nnet_dense_stream.h:24->firmware/nnet_utils/nnet_dense_stream.h:97]   --->   Operation 176 'mul' 'mul_ln58_32' <Predicate = true> <Delay = 3.34> <CoreInst = "Multiplier">   --->   Core 3 'Multiplier' <Latency = 1> <II = 1> <Delay = 3.34> <FuncUnit> <Opcode : 'mul'> <InPorts = 2> <OutPorts = 1>
ST_4 : Operation 177 [1/1] (0.00ns)   --->   "%sext_ln73_28 = sext i16 %w_32" [firmware/nnet_utils/nnet_mult.h:73->firmware/nnet_utils/nnet_dense_resource.h:59->firmware/nnet_utils/nnet_dense_resource.h:262->firmware/nnet_utils/nnet_dense_stream.h:24->firmware/nnet_utils/nnet_dense_stream.h:97]   --->   Operation 177 'sext' 'sext_ln73_28' <Predicate = true> <Delay = 0.00>
ST_4 : Operation 178 [2/2] (3.34ns)   --->   "%mul_ln58_33 = mul i26 %sext_ln73_28, i26 %sext_ln73_1" [firmware/nnet_utils/nnet_dense_resource.h:58->firmware/nnet_utils/nnet_dense_resource.h:262->firmware/nnet_utils/nnet_dense_stream.h:24->firmware/nnet_utils/nnet_dense_stream.h:97]   --->   Operation 178 'mul' 'mul_ln58_33' <Predicate = true> <Delay = 3.34> <CoreInst = "Multiplier">   --->   Core 3 'Multiplier' <Latency = 1> <II = 1> <Delay = 3.34> <FuncUnit> <Opcode : 'mul'> <InPorts = 2> <OutPorts = 1>
ST_4 : Operation 179 [1/1] (0.00ns)   --->   "%sext_ln73_29 = sext i16 %w_33" [firmware/nnet_utils/nnet_mult.h:73->firmware/nnet_utils/nnet_dense_resource.h:59->firmware/nnet_utils/nnet_dense_resource.h:262->firmware/nnet_utils/nnet_dense_stream.h:24->firmware/nnet_utils/nnet_dense_stream.h:97]   --->   Operation 179 'sext' 'sext_ln73_29' <Predicate = true> <Delay = 0.00>
ST_4 : Operation 180 [2/2] (3.34ns)   --->   "%mul_ln58_34 = mul i26 %sext_ln73_29, i26 %sext_ln73_3" [firmware/nnet_utils/nnet_dense_resource.h:58->firmware/nnet_utils/nnet_dense_resource.h:262->firmware/nnet_utils/nnet_dense_stream.h:24->firmware/nnet_utils/nnet_dense_stream.h:97]   --->   Operation 180 'mul' 'mul_ln58_34' <Predicate = true> <Delay = 3.34> <CoreInst = "Multiplier">   --->   Core 3 'Multiplier' <Latency = 1> <II = 1> <Delay = 3.34> <FuncUnit> <Opcode : 'mul'> <InPorts = 2> <OutPorts = 1>
ST_4 : Operation 181 [1/1] (0.00ns)   --->   "%sext_ln73_30 = sext i16 %w_34" [firmware/nnet_utils/nnet_mult.h:73->firmware/nnet_utils/nnet_dense_resource.h:59->firmware/nnet_utils/nnet_dense_resource.h:262->firmware/nnet_utils/nnet_dense_stream.h:24->firmware/nnet_utils/nnet_dense_stream.h:97]   --->   Operation 181 'sext' 'sext_ln73_30' <Predicate = true> <Delay = 0.00>
ST_4 : Operation 182 [2/2] (3.34ns)   --->   "%mul_ln58_35 = mul i26 %sext_ln73_30, i26 %sext_ln73_1" [firmware/nnet_utils/nnet_dense_resource.h:58->firmware/nnet_utils/nnet_dense_resource.h:262->firmware/nnet_utils/nnet_dense_stream.h:24->firmware/nnet_utils/nnet_dense_stream.h:97]   --->   Operation 182 'mul' 'mul_ln58_35' <Predicate = true> <Delay = 3.34> <CoreInst = "Multiplier">   --->   Core 3 'Multiplier' <Latency = 1> <II = 1> <Delay = 3.34> <FuncUnit> <Opcode : 'mul'> <InPorts = 2> <OutPorts = 1>
ST_4 : Operation 183 [1/1] (0.00ns)   --->   "%sext_ln73_31 = sext i16 %w_35" [firmware/nnet_utils/nnet_mult.h:73->firmware/nnet_utils/nnet_dense_resource.h:59->firmware/nnet_utils/nnet_dense_resource.h:262->firmware/nnet_utils/nnet_dense_stream.h:24->firmware/nnet_utils/nnet_dense_stream.h:97]   --->   Operation 183 'sext' 'sext_ln73_31' <Predicate = true> <Delay = 0.00>
ST_4 : Operation 184 [2/2] (3.34ns)   --->   "%mul_ln58_36 = mul i26 %sext_ln73_31, i26 %sext_ln73_3" [firmware/nnet_utils/nnet_dense_resource.h:58->firmware/nnet_utils/nnet_dense_resource.h:262->firmware/nnet_utils/nnet_dense_stream.h:24->firmware/nnet_utils/nnet_dense_stream.h:97]   --->   Operation 184 'mul' 'mul_ln58_36' <Predicate = true> <Delay = 3.34> <CoreInst = "Multiplier">   --->   Core 3 'Multiplier' <Latency = 1> <II = 1> <Delay = 3.34> <FuncUnit> <Opcode : 'mul'> <InPorts = 2> <OutPorts = 1>
ST_4 : Operation 185 [1/1] (0.00ns)   --->   "%sext_ln73_32 = sext i16 %w_36" [firmware/nnet_utils/nnet_mult.h:73->firmware/nnet_utils/nnet_dense_resource.h:59->firmware/nnet_utils/nnet_dense_resource.h:262->firmware/nnet_utils/nnet_dense_stream.h:24->firmware/nnet_utils/nnet_dense_stream.h:97]   --->   Operation 185 'sext' 'sext_ln73_32' <Predicate = true> <Delay = 0.00>
ST_4 : Operation 186 [2/2] (3.34ns)   --->   "%mul_ln58_37 = mul i26 %sext_ln73_32, i26 %sext_ln73_1" [firmware/nnet_utils/nnet_dense_resource.h:58->firmware/nnet_utils/nnet_dense_resource.h:262->firmware/nnet_utils/nnet_dense_stream.h:24->firmware/nnet_utils/nnet_dense_stream.h:97]   --->   Operation 186 'mul' 'mul_ln58_37' <Predicate = true> <Delay = 3.34> <CoreInst = "Multiplier">   --->   Core 3 'Multiplier' <Latency = 1> <II = 1> <Delay = 3.34> <FuncUnit> <Opcode : 'mul'> <InPorts = 2> <OutPorts = 1>
ST_4 : Operation 187 [1/1] (0.00ns)   --->   "%sext_ln73_33 = sext i16 %w_37" [firmware/nnet_utils/nnet_mult.h:73->firmware/nnet_utils/nnet_dense_resource.h:59->firmware/nnet_utils/nnet_dense_resource.h:262->firmware/nnet_utils/nnet_dense_stream.h:24->firmware/nnet_utils/nnet_dense_stream.h:97]   --->   Operation 187 'sext' 'sext_ln73_33' <Predicate = true> <Delay = 0.00>
ST_4 : Operation 188 [2/2] (3.34ns)   --->   "%mul_ln58_38 = mul i26 %sext_ln73_33, i26 %sext_ln73_3" [firmware/nnet_utils/nnet_dense_resource.h:58->firmware/nnet_utils/nnet_dense_resource.h:262->firmware/nnet_utils/nnet_dense_stream.h:24->firmware/nnet_utils/nnet_dense_stream.h:97]   --->   Operation 188 'mul' 'mul_ln58_38' <Predicate = true> <Delay = 3.34> <CoreInst = "Multiplier">   --->   Core 3 'Multiplier' <Latency = 1> <II = 1> <Delay = 3.34> <FuncUnit> <Opcode : 'mul'> <InPorts = 2> <OutPorts = 1>
ST_4 : Operation 189 [1/1] (0.00ns)   --->   "%sext_ln73_34 = sext i16 %w_38" [firmware/nnet_utils/nnet_mult.h:73->firmware/nnet_utils/nnet_dense_resource.h:59->firmware/nnet_utils/nnet_dense_resource.h:262->firmware/nnet_utils/nnet_dense_stream.h:24->firmware/nnet_utils/nnet_dense_stream.h:97]   --->   Operation 189 'sext' 'sext_ln73_34' <Predicate = true> <Delay = 0.00>
ST_4 : Operation 190 [2/2] (3.34ns)   --->   "%mul_ln58_39 = mul i26 %sext_ln73_34, i26 %sext_ln73_1" [firmware/nnet_utils/nnet_dense_resource.h:58->firmware/nnet_utils/nnet_dense_resource.h:262->firmware/nnet_utils/nnet_dense_stream.h:24->firmware/nnet_utils/nnet_dense_stream.h:97]   --->   Operation 190 'mul' 'mul_ln58_39' <Predicate = true> <Delay = 3.34> <CoreInst = "Multiplier">   --->   Core 3 'Multiplier' <Latency = 1> <II = 1> <Delay = 3.34> <FuncUnit> <Opcode : 'mul'> <InPorts = 2> <OutPorts = 1>
ST_4 : Operation 191 [1/1] (0.00ns)   --->   "%sext_ln73_35 = sext i16 %w_39" [firmware/nnet_utils/nnet_mult.h:73->firmware/nnet_utils/nnet_dense_resource.h:59->firmware/nnet_utils/nnet_dense_resource.h:262->firmware/nnet_utils/nnet_dense_stream.h:24->firmware/nnet_utils/nnet_dense_stream.h:97]   --->   Operation 191 'sext' 'sext_ln73_35' <Predicate = true> <Delay = 0.00>
ST_4 : Operation 192 [2/2] (3.34ns)   --->   "%mul_ln58_40 = mul i26 %sext_ln73_35, i26 %sext_ln73_3" [firmware/nnet_utils/nnet_dense_resource.h:58->firmware/nnet_utils/nnet_dense_resource.h:262->firmware/nnet_utils/nnet_dense_stream.h:24->firmware/nnet_utils/nnet_dense_stream.h:97]   --->   Operation 192 'mul' 'mul_ln58_40' <Predicate = true> <Delay = 3.34> <CoreInst = "Multiplier">   --->   Core 3 'Multiplier' <Latency = 1> <II = 1> <Delay = 3.34> <FuncUnit> <Opcode : 'mul'> <InPorts = 2> <OutPorts = 1>
ST_4 : Operation 193 [1/1] (0.00ns)   --->   "%sext_ln73_36 = sext i16 %w_40" [firmware/nnet_utils/nnet_mult.h:73->firmware/nnet_utils/nnet_dense_resource.h:59->firmware/nnet_utils/nnet_dense_resource.h:262->firmware/nnet_utils/nnet_dense_stream.h:24->firmware/nnet_utils/nnet_dense_stream.h:97]   --->   Operation 193 'sext' 'sext_ln73_36' <Predicate = true> <Delay = 0.00>
ST_4 : Operation 194 [2/2] (3.34ns)   --->   "%mul_ln58_41 = mul i26 %sext_ln73_36, i26 %sext_ln73_1" [firmware/nnet_utils/nnet_dense_resource.h:58->firmware/nnet_utils/nnet_dense_resource.h:262->firmware/nnet_utils/nnet_dense_stream.h:24->firmware/nnet_utils/nnet_dense_stream.h:97]   --->   Operation 194 'mul' 'mul_ln58_41' <Predicate = true> <Delay = 3.34> <CoreInst = "Multiplier">   --->   Core 3 'Multiplier' <Latency = 1> <II = 1> <Delay = 3.34> <FuncUnit> <Opcode : 'mul'> <InPorts = 2> <OutPorts = 1>
ST_4 : Operation 195 [1/1] (0.00ns)   --->   "%sext_ln73_37 = sext i16 %w_41" [firmware/nnet_utils/nnet_mult.h:73->firmware/nnet_utils/nnet_dense_resource.h:59->firmware/nnet_utils/nnet_dense_resource.h:262->firmware/nnet_utils/nnet_dense_stream.h:24->firmware/nnet_utils/nnet_dense_stream.h:97]   --->   Operation 195 'sext' 'sext_ln73_37' <Predicate = true> <Delay = 0.00>
ST_4 : Operation 196 [2/2] (3.34ns)   --->   "%mul_ln58_42 = mul i26 %sext_ln73_37, i26 %sext_ln73_3" [firmware/nnet_utils/nnet_dense_resource.h:58->firmware/nnet_utils/nnet_dense_resource.h:262->firmware/nnet_utils/nnet_dense_stream.h:24->firmware/nnet_utils/nnet_dense_stream.h:97]   --->   Operation 196 'mul' 'mul_ln58_42' <Predicate = true> <Delay = 3.34> <CoreInst = "Multiplier">   --->   Core 3 'Multiplier' <Latency = 1> <II = 1> <Delay = 3.34> <FuncUnit> <Opcode : 'mul'> <InPorts = 2> <OutPorts = 1>
ST_4 : Operation 197 [1/1] (0.00ns)   --->   "%sext_ln73_38 = sext i16 %w_42" [firmware/nnet_utils/nnet_mult.h:73->firmware/nnet_utils/nnet_dense_resource.h:59->firmware/nnet_utils/nnet_dense_resource.h:262->firmware/nnet_utils/nnet_dense_stream.h:24->firmware/nnet_utils/nnet_dense_stream.h:97]   --->   Operation 197 'sext' 'sext_ln73_38' <Predicate = true> <Delay = 0.00>
ST_4 : Operation 198 [2/2] (3.34ns)   --->   "%mul_ln58_43 = mul i26 %sext_ln73_38, i26 %sext_ln73_1" [firmware/nnet_utils/nnet_dense_resource.h:58->firmware/nnet_utils/nnet_dense_resource.h:262->firmware/nnet_utils/nnet_dense_stream.h:24->firmware/nnet_utils/nnet_dense_stream.h:97]   --->   Operation 198 'mul' 'mul_ln58_43' <Predicate = true> <Delay = 3.34> <CoreInst = "Multiplier">   --->   Core 3 'Multiplier' <Latency = 1> <II = 1> <Delay = 3.34> <FuncUnit> <Opcode : 'mul'> <InPorts = 2> <OutPorts = 1>
ST_4 : Operation 199 [1/1] (0.00ns)   --->   "%sext_ln73_39 = sext i16 %w_43" [firmware/nnet_utils/nnet_mult.h:73->firmware/nnet_utils/nnet_dense_resource.h:59->firmware/nnet_utils/nnet_dense_resource.h:262->firmware/nnet_utils/nnet_dense_stream.h:24->firmware/nnet_utils/nnet_dense_stream.h:97]   --->   Operation 199 'sext' 'sext_ln73_39' <Predicate = true> <Delay = 0.00>
ST_4 : Operation 200 [2/2] (3.34ns)   --->   "%mul_ln58_44 = mul i26 %sext_ln73_39, i26 %sext_ln73_3" [firmware/nnet_utils/nnet_dense_resource.h:58->firmware/nnet_utils/nnet_dense_resource.h:262->firmware/nnet_utils/nnet_dense_stream.h:24->firmware/nnet_utils/nnet_dense_stream.h:97]   --->   Operation 200 'mul' 'mul_ln58_44' <Predicate = true> <Delay = 3.34> <CoreInst = "Multiplier">   --->   Core 3 'Multiplier' <Latency = 1> <II = 1> <Delay = 3.34> <FuncUnit> <Opcode : 'mul'> <InPorts = 2> <OutPorts = 1>
ST_4 : Operation 201 [1/1] (0.00ns)   --->   "%sext_ln73_40 = sext i16 %w_44" [firmware/nnet_utils/nnet_mult.h:73->firmware/nnet_utils/nnet_dense_resource.h:59->firmware/nnet_utils/nnet_dense_resource.h:262->firmware/nnet_utils/nnet_dense_stream.h:24->firmware/nnet_utils/nnet_dense_stream.h:97]   --->   Operation 201 'sext' 'sext_ln73_40' <Predicate = true> <Delay = 0.00>
ST_4 : Operation 202 [2/2] (3.34ns)   --->   "%mul_ln58_45 = mul i26 %sext_ln73_40, i26 %sext_ln73_1" [firmware/nnet_utils/nnet_dense_resource.h:58->firmware/nnet_utils/nnet_dense_resource.h:262->firmware/nnet_utils/nnet_dense_stream.h:24->firmware/nnet_utils/nnet_dense_stream.h:97]   --->   Operation 202 'mul' 'mul_ln58_45' <Predicate = true> <Delay = 3.34> <CoreInst = "Multiplier">   --->   Core 3 'Multiplier' <Latency = 1> <II = 1> <Delay = 3.34> <FuncUnit> <Opcode : 'mul'> <InPorts = 2> <OutPorts = 1>
ST_4 : Operation 203 [1/1] (0.00ns)   --->   "%sext_ln73_41 = sext i16 %w_45" [firmware/nnet_utils/nnet_mult.h:73->firmware/nnet_utils/nnet_dense_resource.h:59->firmware/nnet_utils/nnet_dense_resource.h:262->firmware/nnet_utils/nnet_dense_stream.h:24->firmware/nnet_utils/nnet_dense_stream.h:97]   --->   Operation 203 'sext' 'sext_ln73_41' <Predicate = true> <Delay = 0.00>
ST_4 : Operation 204 [2/2] (3.34ns)   --->   "%mul_ln58_46 = mul i26 %sext_ln73_41, i26 %sext_ln73_3" [firmware/nnet_utils/nnet_dense_resource.h:58->firmware/nnet_utils/nnet_dense_resource.h:262->firmware/nnet_utils/nnet_dense_stream.h:24->firmware/nnet_utils/nnet_dense_stream.h:97]   --->   Operation 204 'mul' 'mul_ln58_46' <Predicate = true> <Delay = 3.34> <CoreInst = "Multiplier">   --->   Core 3 'Multiplier' <Latency = 1> <II = 1> <Delay = 3.34> <FuncUnit> <Opcode : 'mul'> <InPorts = 2> <OutPorts = 1>
ST_4 : Operation 205 [1/1] (0.00ns)   --->   "%sext_ln73_42 = sext i16 %w_46" [firmware/nnet_utils/nnet_mult.h:73->firmware/nnet_utils/nnet_dense_resource.h:59->firmware/nnet_utils/nnet_dense_resource.h:262->firmware/nnet_utils/nnet_dense_stream.h:24->firmware/nnet_utils/nnet_dense_stream.h:97]   --->   Operation 205 'sext' 'sext_ln73_42' <Predicate = true> <Delay = 0.00>
ST_4 : Operation 206 [2/2] (3.34ns)   --->   "%mul_ln58_47 = mul i26 %sext_ln73_42, i26 %sext_ln73_1" [firmware/nnet_utils/nnet_dense_resource.h:58->firmware/nnet_utils/nnet_dense_resource.h:262->firmware/nnet_utils/nnet_dense_stream.h:24->firmware/nnet_utils/nnet_dense_stream.h:97]   --->   Operation 206 'mul' 'mul_ln58_47' <Predicate = true> <Delay = 3.34> <CoreInst = "Multiplier">   --->   Core 3 'Multiplier' <Latency = 1> <II = 1> <Delay = 3.34> <FuncUnit> <Opcode : 'mul'> <InPorts = 2> <OutPorts = 1>
ST_4 : Operation 207 [1/1] (0.00ns)   --->   "%sext_ln73_43 = sext i16 %w_47" [firmware/nnet_utils/nnet_mult.h:73->firmware/nnet_utils/nnet_dense_resource.h:59->firmware/nnet_utils/nnet_dense_resource.h:262->firmware/nnet_utils/nnet_dense_stream.h:24->firmware/nnet_utils/nnet_dense_stream.h:97]   --->   Operation 207 'sext' 'sext_ln73_43' <Predicate = true> <Delay = 0.00>
ST_4 : Operation 208 [2/2] (3.34ns)   --->   "%mul_ln58_48 = mul i26 %sext_ln73_43, i26 %sext_ln73_3" [firmware/nnet_utils/nnet_dense_resource.h:58->firmware/nnet_utils/nnet_dense_resource.h:262->firmware/nnet_utils/nnet_dense_stream.h:24->firmware/nnet_utils/nnet_dense_stream.h:97]   --->   Operation 208 'mul' 'mul_ln58_48' <Predicate = true> <Delay = 3.34> <CoreInst = "Multiplier">   --->   Core 3 'Multiplier' <Latency = 1> <II = 1> <Delay = 3.34> <FuncUnit> <Opcode : 'mul'> <InPorts = 2> <OutPorts = 1>
ST_4 : Operation 209 [1/1] (0.00ns)   --->   "%sext_ln73_44 = sext i16 %w_48" [firmware/nnet_utils/nnet_mult.h:73->firmware/nnet_utils/nnet_dense_resource.h:59->firmware/nnet_utils/nnet_dense_resource.h:262->firmware/nnet_utils/nnet_dense_stream.h:24->firmware/nnet_utils/nnet_dense_stream.h:97]   --->   Operation 209 'sext' 'sext_ln73_44' <Predicate = true> <Delay = 0.00>
ST_4 : Operation 210 [2/2] (3.34ns)   --->   "%mul_ln58_49 = mul i26 %sext_ln73_44, i26 %sext_ln73_1" [firmware/nnet_utils/nnet_dense_resource.h:58->firmware/nnet_utils/nnet_dense_resource.h:262->firmware/nnet_utils/nnet_dense_stream.h:24->firmware/nnet_utils/nnet_dense_stream.h:97]   --->   Operation 210 'mul' 'mul_ln58_49' <Predicate = true> <Delay = 3.34> <CoreInst = "Multiplier">   --->   Core 3 'Multiplier' <Latency = 1> <II = 1> <Delay = 3.34> <FuncUnit> <Opcode : 'mul'> <InPorts = 2> <OutPorts = 1>
ST_4 : Operation 211 [1/1] (0.00ns)   --->   "%sext_ln73_45 = sext i16 %w_49" [firmware/nnet_utils/nnet_mult.h:73->firmware/nnet_utils/nnet_dense_resource.h:59->firmware/nnet_utils/nnet_dense_resource.h:262->firmware/nnet_utils/nnet_dense_stream.h:24->firmware/nnet_utils/nnet_dense_stream.h:97]   --->   Operation 211 'sext' 'sext_ln73_45' <Predicate = true> <Delay = 0.00>
ST_4 : Operation 212 [2/2] (3.34ns)   --->   "%mul_ln58_50 = mul i26 %sext_ln73_45, i26 %sext_ln73_3" [firmware/nnet_utils/nnet_dense_resource.h:58->firmware/nnet_utils/nnet_dense_resource.h:262->firmware/nnet_utils/nnet_dense_stream.h:24->firmware/nnet_utils/nnet_dense_stream.h:97]   --->   Operation 212 'mul' 'mul_ln58_50' <Predicate = true> <Delay = 3.34> <CoreInst = "Multiplier">   --->   Core 3 'Multiplier' <Latency = 1> <II = 1> <Delay = 3.34> <FuncUnit> <Opcode : 'mul'> <InPorts = 2> <OutPorts = 1>
ST_4 : Operation 213 [1/1] (0.00ns)   --->   "%sext_ln73_46 = sext i16 %w_50" [firmware/nnet_utils/nnet_mult.h:73->firmware/nnet_utils/nnet_dense_resource.h:59->firmware/nnet_utils/nnet_dense_resource.h:262->firmware/nnet_utils/nnet_dense_stream.h:24->firmware/nnet_utils/nnet_dense_stream.h:97]   --->   Operation 213 'sext' 'sext_ln73_46' <Predicate = true> <Delay = 0.00>
ST_4 : Operation 214 [2/2] (3.34ns)   --->   "%mul_ln58_51 = mul i26 %sext_ln73_46, i26 %sext_ln73_1" [firmware/nnet_utils/nnet_dense_resource.h:58->firmware/nnet_utils/nnet_dense_resource.h:262->firmware/nnet_utils/nnet_dense_stream.h:24->firmware/nnet_utils/nnet_dense_stream.h:97]   --->   Operation 214 'mul' 'mul_ln58_51' <Predicate = true> <Delay = 3.34> <CoreInst = "Multiplier">   --->   Core 3 'Multiplier' <Latency = 1> <II = 1> <Delay = 3.34> <FuncUnit> <Opcode : 'mul'> <InPorts = 2> <OutPorts = 1>
ST_4 : Operation 215 [1/1] (0.00ns)   --->   "%sext_ln73_47 = sext i16 %w_51" [firmware/nnet_utils/nnet_mult.h:73->firmware/nnet_utils/nnet_dense_resource.h:59->firmware/nnet_utils/nnet_dense_resource.h:262->firmware/nnet_utils/nnet_dense_stream.h:24->firmware/nnet_utils/nnet_dense_stream.h:97]   --->   Operation 215 'sext' 'sext_ln73_47' <Predicate = true> <Delay = 0.00>
ST_4 : Operation 216 [2/2] (3.34ns)   --->   "%mul_ln58_52 = mul i26 %sext_ln73_47, i26 %sext_ln73_3" [firmware/nnet_utils/nnet_dense_resource.h:58->firmware/nnet_utils/nnet_dense_resource.h:262->firmware/nnet_utils/nnet_dense_stream.h:24->firmware/nnet_utils/nnet_dense_stream.h:97]   --->   Operation 216 'mul' 'mul_ln58_52' <Predicate = true> <Delay = 3.34> <CoreInst = "Multiplier">   --->   Core 3 'Multiplier' <Latency = 1> <II = 1> <Delay = 3.34> <FuncUnit> <Opcode : 'mul'> <InPorts = 2> <OutPorts = 1>
ST_4 : Operation 217 [1/1] (0.00ns)   --->   "%sext_ln73_48 = sext i16 %w_52" [firmware/nnet_utils/nnet_mult.h:73->firmware/nnet_utils/nnet_dense_resource.h:59->firmware/nnet_utils/nnet_dense_resource.h:262->firmware/nnet_utils/nnet_dense_stream.h:24->firmware/nnet_utils/nnet_dense_stream.h:97]   --->   Operation 217 'sext' 'sext_ln73_48' <Predicate = true> <Delay = 0.00>
ST_4 : Operation 218 [2/2] (3.34ns)   --->   "%mul_ln58_53 = mul i26 %sext_ln73_48, i26 %sext_ln73_1" [firmware/nnet_utils/nnet_dense_resource.h:58->firmware/nnet_utils/nnet_dense_resource.h:262->firmware/nnet_utils/nnet_dense_stream.h:24->firmware/nnet_utils/nnet_dense_stream.h:97]   --->   Operation 218 'mul' 'mul_ln58_53' <Predicate = true> <Delay = 3.34> <CoreInst = "Multiplier">   --->   Core 3 'Multiplier' <Latency = 1> <II = 1> <Delay = 3.34> <FuncUnit> <Opcode : 'mul'> <InPorts = 2> <OutPorts = 1>
ST_4 : Operation 219 [1/1] (0.00ns)   --->   "%sext_ln73_49 = sext i16 %w_53" [firmware/nnet_utils/nnet_mult.h:73->firmware/nnet_utils/nnet_dense_resource.h:59->firmware/nnet_utils/nnet_dense_resource.h:262->firmware/nnet_utils/nnet_dense_stream.h:24->firmware/nnet_utils/nnet_dense_stream.h:97]   --->   Operation 219 'sext' 'sext_ln73_49' <Predicate = true> <Delay = 0.00>
ST_4 : Operation 220 [2/2] (3.34ns)   --->   "%mul_ln58_54 = mul i26 %sext_ln73_49, i26 %sext_ln73_3" [firmware/nnet_utils/nnet_dense_resource.h:58->firmware/nnet_utils/nnet_dense_resource.h:262->firmware/nnet_utils/nnet_dense_stream.h:24->firmware/nnet_utils/nnet_dense_stream.h:97]   --->   Operation 220 'mul' 'mul_ln58_54' <Predicate = true> <Delay = 3.34> <CoreInst = "Multiplier">   --->   Core 3 'Multiplier' <Latency = 1> <II = 1> <Delay = 3.34> <FuncUnit> <Opcode : 'mul'> <InPorts = 2> <OutPorts = 1>
ST_4 : Operation 221 [1/1] (0.00ns)   --->   "%sext_ln73_50 = sext i16 %w_54" [firmware/nnet_utils/nnet_mult.h:73->firmware/nnet_utils/nnet_dense_resource.h:59->firmware/nnet_utils/nnet_dense_resource.h:262->firmware/nnet_utils/nnet_dense_stream.h:24->firmware/nnet_utils/nnet_dense_stream.h:97]   --->   Operation 221 'sext' 'sext_ln73_50' <Predicate = true> <Delay = 0.00>
ST_4 : Operation 222 [2/2] (3.34ns)   --->   "%mul_ln58_55 = mul i26 %sext_ln73_50, i26 %sext_ln73_1" [firmware/nnet_utils/nnet_dense_resource.h:58->firmware/nnet_utils/nnet_dense_resource.h:262->firmware/nnet_utils/nnet_dense_stream.h:24->firmware/nnet_utils/nnet_dense_stream.h:97]   --->   Operation 222 'mul' 'mul_ln58_55' <Predicate = true> <Delay = 3.34> <CoreInst = "Multiplier">   --->   Core 3 'Multiplier' <Latency = 1> <II = 1> <Delay = 3.34> <FuncUnit> <Opcode : 'mul'> <InPorts = 2> <OutPorts = 1>
ST_4 : Operation 223 [1/1] (0.00ns)   --->   "%sext_ln73_51 = sext i16 %w_55" [firmware/nnet_utils/nnet_mult.h:73->firmware/nnet_utils/nnet_dense_resource.h:59->firmware/nnet_utils/nnet_dense_resource.h:262->firmware/nnet_utils/nnet_dense_stream.h:24->firmware/nnet_utils/nnet_dense_stream.h:97]   --->   Operation 223 'sext' 'sext_ln73_51' <Predicate = true> <Delay = 0.00>
ST_4 : Operation 224 [2/2] (3.34ns)   --->   "%mul_ln58_56 = mul i26 %sext_ln73_51, i26 %sext_ln73_3" [firmware/nnet_utils/nnet_dense_resource.h:58->firmware/nnet_utils/nnet_dense_resource.h:262->firmware/nnet_utils/nnet_dense_stream.h:24->firmware/nnet_utils/nnet_dense_stream.h:97]   --->   Operation 224 'mul' 'mul_ln58_56' <Predicate = true> <Delay = 3.34> <CoreInst = "Multiplier">   --->   Core 3 'Multiplier' <Latency = 1> <II = 1> <Delay = 3.34> <FuncUnit> <Opcode : 'mul'> <InPorts = 2> <OutPorts = 1>
ST_4 : Operation 225 [1/1] (0.00ns)   --->   "%sext_ln73_52 = sext i16 %w_56" [firmware/nnet_utils/nnet_mult.h:73->firmware/nnet_utils/nnet_dense_resource.h:59->firmware/nnet_utils/nnet_dense_resource.h:262->firmware/nnet_utils/nnet_dense_stream.h:24->firmware/nnet_utils/nnet_dense_stream.h:97]   --->   Operation 225 'sext' 'sext_ln73_52' <Predicate = true> <Delay = 0.00>
ST_4 : Operation 226 [2/2] (3.34ns)   --->   "%mul_ln58_57 = mul i26 %sext_ln73_52, i26 %sext_ln73_1" [firmware/nnet_utils/nnet_dense_resource.h:58->firmware/nnet_utils/nnet_dense_resource.h:262->firmware/nnet_utils/nnet_dense_stream.h:24->firmware/nnet_utils/nnet_dense_stream.h:97]   --->   Operation 226 'mul' 'mul_ln58_57' <Predicate = true> <Delay = 3.34> <CoreInst = "Multiplier">   --->   Core 3 'Multiplier' <Latency = 1> <II = 1> <Delay = 3.34> <FuncUnit> <Opcode : 'mul'> <InPorts = 2> <OutPorts = 1>
ST_4 : Operation 227 [1/1] (0.00ns)   --->   "%sext_ln73_53 = sext i16 %w_57" [firmware/nnet_utils/nnet_mult.h:73->firmware/nnet_utils/nnet_dense_resource.h:59->firmware/nnet_utils/nnet_dense_resource.h:262->firmware/nnet_utils/nnet_dense_stream.h:24->firmware/nnet_utils/nnet_dense_stream.h:97]   --->   Operation 227 'sext' 'sext_ln73_53' <Predicate = true> <Delay = 0.00>
ST_4 : Operation 228 [2/2] (3.34ns)   --->   "%mul_ln58_58 = mul i26 %sext_ln73_53, i26 %sext_ln73_3" [firmware/nnet_utils/nnet_dense_resource.h:58->firmware/nnet_utils/nnet_dense_resource.h:262->firmware/nnet_utils/nnet_dense_stream.h:24->firmware/nnet_utils/nnet_dense_stream.h:97]   --->   Operation 228 'mul' 'mul_ln58_58' <Predicate = true> <Delay = 3.34> <CoreInst = "Multiplier">   --->   Core 3 'Multiplier' <Latency = 1> <II = 1> <Delay = 3.34> <FuncUnit> <Opcode : 'mul'> <InPorts = 2> <OutPorts = 1>
ST_4 : Operation 229 [1/1] (0.00ns)   --->   "%sext_ln73_54 = sext i16 %w_58" [firmware/nnet_utils/nnet_mult.h:73->firmware/nnet_utils/nnet_dense_resource.h:59->firmware/nnet_utils/nnet_dense_resource.h:262->firmware/nnet_utils/nnet_dense_stream.h:24->firmware/nnet_utils/nnet_dense_stream.h:97]   --->   Operation 229 'sext' 'sext_ln73_54' <Predicate = true> <Delay = 0.00>
ST_4 : Operation 230 [2/2] (3.34ns)   --->   "%mul_ln58_59 = mul i26 %sext_ln73_54, i26 %sext_ln73_1" [firmware/nnet_utils/nnet_dense_resource.h:58->firmware/nnet_utils/nnet_dense_resource.h:262->firmware/nnet_utils/nnet_dense_stream.h:24->firmware/nnet_utils/nnet_dense_stream.h:97]   --->   Operation 230 'mul' 'mul_ln58_59' <Predicate = true> <Delay = 3.34> <CoreInst = "Multiplier">   --->   Core 3 'Multiplier' <Latency = 1> <II = 1> <Delay = 3.34> <FuncUnit> <Opcode : 'mul'> <InPorts = 2> <OutPorts = 1>
ST_4 : Operation 231 [1/1] (0.00ns)   --->   "%sext_ln73_55 = sext i16 %w_59" [firmware/nnet_utils/nnet_mult.h:73->firmware/nnet_utils/nnet_dense_resource.h:59->firmware/nnet_utils/nnet_dense_resource.h:262->firmware/nnet_utils/nnet_dense_stream.h:24->firmware/nnet_utils/nnet_dense_stream.h:97]   --->   Operation 231 'sext' 'sext_ln73_55' <Predicate = true> <Delay = 0.00>
ST_4 : Operation 232 [2/2] (3.34ns)   --->   "%mul_ln58_60 = mul i26 %sext_ln73_55, i26 %sext_ln73_3" [firmware/nnet_utils/nnet_dense_resource.h:58->firmware/nnet_utils/nnet_dense_resource.h:262->firmware/nnet_utils/nnet_dense_stream.h:24->firmware/nnet_utils/nnet_dense_stream.h:97]   --->   Operation 232 'mul' 'mul_ln58_60' <Predicate = true> <Delay = 3.34> <CoreInst = "Multiplier">   --->   Core 3 'Multiplier' <Latency = 1> <II = 1> <Delay = 3.34> <FuncUnit> <Opcode : 'mul'> <InPorts = 2> <OutPorts = 1>
ST_4 : Operation 233 [1/1] (0.00ns)   --->   "%sext_ln73_56 = sext i16 %w_60" [firmware/nnet_utils/nnet_mult.h:73->firmware/nnet_utils/nnet_dense_resource.h:59->firmware/nnet_utils/nnet_dense_resource.h:262->firmware/nnet_utils/nnet_dense_stream.h:24->firmware/nnet_utils/nnet_dense_stream.h:97]   --->   Operation 233 'sext' 'sext_ln73_56' <Predicate = true> <Delay = 0.00>
ST_4 : Operation 234 [2/2] (3.34ns)   --->   "%mul_ln58_61 = mul i26 %sext_ln73_56, i26 %sext_ln73_1" [firmware/nnet_utils/nnet_dense_resource.h:58->firmware/nnet_utils/nnet_dense_resource.h:262->firmware/nnet_utils/nnet_dense_stream.h:24->firmware/nnet_utils/nnet_dense_stream.h:97]   --->   Operation 234 'mul' 'mul_ln58_61' <Predicate = true> <Delay = 3.34> <CoreInst = "Multiplier">   --->   Core 3 'Multiplier' <Latency = 1> <II = 1> <Delay = 3.34> <FuncUnit> <Opcode : 'mul'> <InPorts = 2> <OutPorts = 1>
ST_4 : Operation 235 [1/1] (0.00ns)   --->   "%sext_ln73_57 = sext i16 %w_61" [firmware/nnet_utils/nnet_mult.h:73->firmware/nnet_utils/nnet_dense_resource.h:59->firmware/nnet_utils/nnet_dense_resource.h:262->firmware/nnet_utils/nnet_dense_stream.h:24->firmware/nnet_utils/nnet_dense_stream.h:97]   --->   Operation 235 'sext' 'sext_ln73_57' <Predicate = true> <Delay = 0.00>
ST_4 : Operation 236 [2/2] (3.34ns)   --->   "%mul_ln58_62 = mul i26 %sext_ln73_57, i26 %sext_ln73_3" [firmware/nnet_utils/nnet_dense_resource.h:58->firmware/nnet_utils/nnet_dense_resource.h:262->firmware/nnet_utils/nnet_dense_stream.h:24->firmware/nnet_utils/nnet_dense_stream.h:97]   --->   Operation 236 'mul' 'mul_ln58_62' <Predicate = true> <Delay = 3.34> <CoreInst = "Multiplier">   --->   Core 3 'Multiplier' <Latency = 1> <II = 1> <Delay = 3.34> <FuncUnit> <Opcode : 'mul'> <InPorts = 2> <OutPorts = 1>
ST_4 : Operation 237 [1/1] (0.00ns)   --->   "%sext_ln73_58 = sext i16 %w_62" [firmware/nnet_utils/nnet_mult.h:73->firmware/nnet_utils/nnet_dense_resource.h:59->firmware/nnet_utils/nnet_dense_resource.h:262->firmware/nnet_utils/nnet_dense_stream.h:24->firmware/nnet_utils/nnet_dense_stream.h:97]   --->   Operation 237 'sext' 'sext_ln73_58' <Predicate = true> <Delay = 0.00>
ST_4 : Operation 238 [2/2] (3.34ns)   --->   "%mul_ln58_63 = mul i26 %sext_ln73_58, i26 %sext_ln73_1" [firmware/nnet_utils/nnet_dense_resource.h:58->firmware/nnet_utils/nnet_dense_resource.h:262->firmware/nnet_utils/nnet_dense_stream.h:24->firmware/nnet_utils/nnet_dense_stream.h:97]   --->   Operation 238 'mul' 'mul_ln58_63' <Predicate = true> <Delay = 3.34> <CoreInst = "Multiplier">   --->   Core 3 'Multiplier' <Latency = 1> <II = 1> <Delay = 3.34> <FuncUnit> <Opcode : 'mul'> <InPorts = 2> <OutPorts = 1>
ST_4 : Operation 239 [1/1] (0.00ns)   --->   "%sext_ln73_59 = sext i16 %w_63" [firmware/nnet_utils/nnet_mult.h:73->firmware/nnet_utils/nnet_dense_resource.h:59->firmware/nnet_utils/nnet_dense_resource.h:262->firmware/nnet_utils/nnet_dense_stream.h:24->firmware/nnet_utils/nnet_dense_stream.h:97]   --->   Operation 239 'sext' 'sext_ln73_59' <Predicate = true> <Delay = 0.00>
ST_4 : Operation 240 [2/2] (3.34ns)   --->   "%mul_ln58_64 = mul i26 %sext_ln73_59, i26 %sext_ln73_3" [firmware/nnet_utils/nnet_dense_resource.h:58->firmware/nnet_utils/nnet_dense_resource.h:262->firmware/nnet_utils/nnet_dense_stream.h:24->firmware/nnet_utils/nnet_dense_stream.h:97]   --->   Operation 240 'mul' 'mul_ln58_64' <Predicate = true> <Delay = 3.34> <CoreInst = "Multiplier">   --->   Core 3 'Multiplier' <Latency = 1> <II = 1> <Delay = 3.34> <FuncUnit> <Opcode : 'mul'> <InPorts = 2> <OutPorts = 1>
ST_4 : Operation 241 [1/1] (0.00ns)   --->   "%sext_ln73_60 = sext i16 %w_64" [firmware/nnet_utils/nnet_mult.h:73->firmware/nnet_utils/nnet_dense_resource.h:59->firmware/nnet_utils/nnet_dense_resource.h:262->firmware/nnet_utils/nnet_dense_stream.h:24->firmware/nnet_utils/nnet_dense_stream.h:97]   --->   Operation 241 'sext' 'sext_ln73_60' <Predicate = true> <Delay = 0.00>
ST_4 : Operation 242 [2/2] (3.34ns)   --->   "%mul_ln58_65 = mul i26 %sext_ln73_60, i26 %sext_ln73_1" [firmware/nnet_utils/nnet_dense_resource.h:58->firmware/nnet_utils/nnet_dense_resource.h:262->firmware/nnet_utils/nnet_dense_stream.h:24->firmware/nnet_utils/nnet_dense_stream.h:97]   --->   Operation 242 'mul' 'mul_ln58_65' <Predicate = true> <Delay = 3.34> <CoreInst = "Multiplier">   --->   Core 3 'Multiplier' <Latency = 1> <II = 1> <Delay = 3.34> <FuncUnit> <Opcode : 'mul'> <InPorts = 2> <OutPorts = 1>
ST_4 : Operation 243 [1/1] (0.00ns)   --->   "%sext_ln73_61 = sext i16 %w_65" [firmware/nnet_utils/nnet_mult.h:73->firmware/nnet_utils/nnet_dense_resource.h:59->firmware/nnet_utils/nnet_dense_resource.h:262->firmware/nnet_utils/nnet_dense_stream.h:24->firmware/nnet_utils/nnet_dense_stream.h:97]   --->   Operation 243 'sext' 'sext_ln73_61' <Predicate = true> <Delay = 0.00>
ST_4 : Operation 244 [2/2] (3.34ns)   --->   "%mul_ln58_66 = mul i26 %sext_ln73_61, i26 %sext_ln73_3" [firmware/nnet_utils/nnet_dense_resource.h:58->firmware/nnet_utils/nnet_dense_resource.h:262->firmware/nnet_utils/nnet_dense_stream.h:24->firmware/nnet_utils/nnet_dense_stream.h:97]   --->   Operation 244 'mul' 'mul_ln58_66' <Predicate = true> <Delay = 3.34> <CoreInst = "Multiplier">   --->   Core 3 'Multiplier' <Latency = 1> <II = 1> <Delay = 3.34> <FuncUnit> <Opcode : 'mul'> <InPorts = 2> <OutPorts = 1>
ST_4 : Operation 245 [1/1] (0.00ns)   --->   "%sext_ln73_62 = sext i16 %w_66" [firmware/nnet_utils/nnet_mult.h:73->firmware/nnet_utils/nnet_dense_resource.h:59->firmware/nnet_utils/nnet_dense_resource.h:262->firmware/nnet_utils/nnet_dense_stream.h:24->firmware/nnet_utils/nnet_dense_stream.h:97]   --->   Operation 245 'sext' 'sext_ln73_62' <Predicate = true> <Delay = 0.00>
ST_4 : Operation 246 [2/2] (3.34ns)   --->   "%mul_ln58_67 = mul i26 %sext_ln73_62, i26 %sext_ln73_1" [firmware/nnet_utils/nnet_dense_resource.h:58->firmware/nnet_utils/nnet_dense_resource.h:262->firmware/nnet_utils/nnet_dense_stream.h:24->firmware/nnet_utils/nnet_dense_stream.h:97]   --->   Operation 246 'mul' 'mul_ln58_67' <Predicate = true> <Delay = 3.34> <CoreInst = "Multiplier">   --->   Core 3 'Multiplier' <Latency = 1> <II = 1> <Delay = 3.34> <FuncUnit> <Opcode : 'mul'> <InPorts = 2> <OutPorts = 1>
ST_4 : Operation 247 [1/1] (0.00ns)   --->   "%sext_ln73_63 = sext i16 %w_67" [firmware/nnet_utils/nnet_mult.h:73->firmware/nnet_utils/nnet_dense_resource.h:59->firmware/nnet_utils/nnet_dense_resource.h:262->firmware/nnet_utils/nnet_dense_stream.h:24->firmware/nnet_utils/nnet_dense_stream.h:97]   --->   Operation 247 'sext' 'sext_ln73_63' <Predicate = true> <Delay = 0.00>
ST_4 : Operation 248 [2/2] (3.34ns)   --->   "%mul_ln58_68 = mul i26 %sext_ln73_63, i26 %sext_ln73_3" [firmware/nnet_utils/nnet_dense_resource.h:58->firmware/nnet_utils/nnet_dense_resource.h:262->firmware/nnet_utils/nnet_dense_stream.h:24->firmware/nnet_utils/nnet_dense_stream.h:97]   --->   Operation 248 'mul' 'mul_ln58_68' <Predicate = true> <Delay = 3.34> <CoreInst = "Multiplier">   --->   Core 3 'Multiplier' <Latency = 1> <II = 1> <Delay = 3.34> <FuncUnit> <Opcode : 'mul'> <InPorts = 2> <OutPorts = 1>
ST_4 : Operation 249 [1/1] (0.00ns)   --->   "%sext_ln73_64 = sext i16 %w_68" [firmware/nnet_utils/nnet_mult.h:73->firmware/nnet_utils/nnet_dense_resource.h:59->firmware/nnet_utils/nnet_dense_resource.h:262->firmware/nnet_utils/nnet_dense_stream.h:24->firmware/nnet_utils/nnet_dense_stream.h:97]   --->   Operation 249 'sext' 'sext_ln73_64' <Predicate = true> <Delay = 0.00>
ST_4 : Operation 250 [2/2] (3.34ns)   --->   "%mul_ln58_69 = mul i26 %sext_ln73_64, i26 %sext_ln73_1" [firmware/nnet_utils/nnet_dense_resource.h:58->firmware/nnet_utils/nnet_dense_resource.h:262->firmware/nnet_utils/nnet_dense_stream.h:24->firmware/nnet_utils/nnet_dense_stream.h:97]   --->   Operation 250 'mul' 'mul_ln58_69' <Predicate = true> <Delay = 3.34> <CoreInst = "Multiplier">   --->   Core 3 'Multiplier' <Latency = 1> <II = 1> <Delay = 3.34> <FuncUnit> <Opcode : 'mul'> <InPorts = 2> <OutPorts = 1>
ST_4 : Operation 251 [1/1] (0.00ns)   --->   "%sext_ln73_65 = sext i12 %tmp" [firmware/nnet_utils/nnet_mult.h:73->firmware/nnet_utils/nnet_dense_resource.h:59->firmware/nnet_utils/nnet_dense_resource.h:262->firmware/nnet_utils/nnet_dense_stream.h:24->firmware/nnet_utils/nnet_dense_stream.h:97]   --->   Operation 251 'sext' 'sext_ln73_65' <Predicate = true> <Delay = 0.00>
ST_4 : Operation 252 [2/2] (3.34ns)   --->   "%mul_ln58_70 = mul i26 %sext_ln73_3, i26 %sext_ln73_65" [firmware/nnet_utils/nnet_dense_resource.h:58->firmware/nnet_utils/nnet_dense_resource.h:262->firmware/nnet_utils/nnet_dense_stream.h:24->firmware/nnet_utils/nnet_dense_stream.h:97]   --->   Operation 252 'mul' 'mul_ln58_70' <Predicate = true> <Delay = 3.34> <CoreInst = "Multiplier">   --->   Core 3 'Multiplier' <Latency = 1> <II = 1> <Delay = 3.34> <FuncUnit> <Opcode : 'mul'> <InPorts = 2> <OutPorts = 1>

State 5 <SV = 4> <Delay = 3.34>
ST_5 : Operation 253 [1/2] (3.34ns)   --->   "%mul_ln58 = mul i26 %sext_ln73, i26 %sext_ln73_1" [firmware/nnet_utils/nnet_dense_resource.h:58->firmware/nnet_utils/nnet_dense_resource.h:262->firmware/nnet_utils/nnet_dense_stream.h:24->firmware/nnet_utils/nnet_dense_stream.h:97]   --->   Operation 253 'mul' 'mul_ln58' <Predicate = true> <Delay = 3.34> <CoreInst = "Multiplier">   --->   Core 3 'Multiplier' <Latency = 1> <II = 1> <Delay = 3.34> <FuncUnit> <Opcode : 'mul'> <InPorts = 2> <OutPorts = 1>
ST_5 : Operation 254 [1/1] (0.00ns)   --->   "%trunc_ln = partselect i16 @_ssdm_op_PartSelect.i16.i26.i32.i32, i26 %mul_ln58, i32 10, i32 25" [firmware/nnet_utils/nnet_dense_resource.h:58->firmware/nnet_utils/nnet_dense_resource.h:262->firmware/nnet_utils/nnet_dense_stream.h:24->firmware/nnet_utils/nnet_dense_stream.h:97]   --->   Operation 254 'partselect' 'trunc_ln' <Predicate = true> <Delay = 0.00>
ST_5 : Operation 255 [1/2] (3.34ns)   --->   "%mul_ln58_8 = mul i26 %sext_ln73_2, i26 %sext_ln73_3" [firmware/nnet_utils/nnet_dense_resource.h:58->firmware/nnet_utils/nnet_dense_resource.h:262->firmware/nnet_utils/nnet_dense_stream.h:24->firmware/nnet_utils/nnet_dense_stream.h:97]   --->   Operation 255 'mul' 'mul_ln58_8' <Predicate = true> <Delay = 3.34> <CoreInst = "Multiplier">   --->   Core 3 'Multiplier' <Latency = 1> <II = 1> <Delay = 3.34> <FuncUnit> <Opcode : 'mul'> <InPorts = 2> <OutPorts = 1>
ST_5 : Operation 256 [1/1] (0.00ns)   --->   "%trunc_ln58_8 = partselect i16 @_ssdm_op_PartSelect.i16.i26.i32.i32, i26 %mul_ln58_8, i32 10, i32 25" [firmware/nnet_utils/nnet_dense_resource.h:58->firmware/nnet_utils/nnet_dense_resource.h:262->firmware/nnet_utils/nnet_dense_stream.h:24->firmware/nnet_utils/nnet_dense_stream.h:97]   --->   Operation 256 'partselect' 'trunc_ln58_8' <Predicate = true> <Delay = 0.00>
ST_5 : Operation 257 [1/2] (3.34ns)   --->   "%mul_ln58_9 = mul i26 %sext_ln73_4, i26 %sext_ln73_1" [firmware/nnet_utils/nnet_dense_resource.h:58->firmware/nnet_utils/nnet_dense_resource.h:262->firmware/nnet_utils/nnet_dense_stream.h:24->firmware/nnet_utils/nnet_dense_stream.h:97]   --->   Operation 257 'mul' 'mul_ln58_9' <Predicate = true> <Delay = 3.34> <CoreInst = "Multiplier">   --->   Core 3 'Multiplier' <Latency = 1> <II = 1> <Delay = 3.34> <FuncUnit> <Opcode : 'mul'> <InPorts = 2> <OutPorts = 1>
ST_5 : Operation 258 [1/1] (0.00ns)   --->   "%trunc_ln58_9 = partselect i16 @_ssdm_op_PartSelect.i16.i26.i32.i32, i26 %mul_ln58_9, i32 10, i32 25" [firmware/nnet_utils/nnet_dense_resource.h:58->firmware/nnet_utils/nnet_dense_resource.h:262->firmware/nnet_utils/nnet_dense_stream.h:24->firmware/nnet_utils/nnet_dense_stream.h:97]   --->   Operation 258 'partselect' 'trunc_ln58_9' <Predicate = true> <Delay = 0.00>
ST_5 : Operation 259 [1/2] (3.34ns)   --->   "%mul_ln58_10 = mul i26 %sext_ln73_5, i26 %sext_ln73_3" [firmware/nnet_utils/nnet_dense_resource.h:58->firmware/nnet_utils/nnet_dense_resource.h:262->firmware/nnet_utils/nnet_dense_stream.h:24->firmware/nnet_utils/nnet_dense_stream.h:97]   --->   Operation 259 'mul' 'mul_ln58_10' <Predicate = true> <Delay = 3.34> <CoreInst = "Multiplier">   --->   Core 3 'Multiplier' <Latency = 1> <II = 1> <Delay = 3.34> <FuncUnit> <Opcode : 'mul'> <InPorts = 2> <OutPorts = 1>
ST_5 : Operation 260 [1/1] (0.00ns)   --->   "%trunc_ln58_s = partselect i16 @_ssdm_op_PartSelect.i16.i26.i32.i32, i26 %mul_ln58_10, i32 10, i32 25" [firmware/nnet_utils/nnet_dense_resource.h:58->firmware/nnet_utils/nnet_dense_resource.h:262->firmware/nnet_utils/nnet_dense_stream.h:24->firmware/nnet_utils/nnet_dense_stream.h:97]   --->   Operation 260 'partselect' 'trunc_ln58_s' <Predicate = true> <Delay = 0.00>
ST_5 : Operation 261 [1/2] (3.34ns)   --->   "%mul_ln58_11 = mul i26 %sext_ln73_6, i26 %sext_ln73_1" [firmware/nnet_utils/nnet_dense_resource.h:58->firmware/nnet_utils/nnet_dense_resource.h:262->firmware/nnet_utils/nnet_dense_stream.h:24->firmware/nnet_utils/nnet_dense_stream.h:97]   --->   Operation 261 'mul' 'mul_ln58_11' <Predicate = true> <Delay = 3.34> <CoreInst = "Multiplier">   --->   Core 3 'Multiplier' <Latency = 1> <II = 1> <Delay = 3.34> <FuncUnit> <Opcode : 'mul'> <InPorts = 2> <OutPorts = 1>
ST_5 : Operation 262 [1/1] (0.00ns)   --->   "%trunc_ln58_1 = partselect i16 @_ssdm_op_PartSelect.i16.i26.i32.i32, i26 %mul_ln58_11, i32 10, i32 25" [firmware/nnet_utils/nnet_dense_resource.h:58->firmware/nnet_utils/nnet_dense_resource.h:262->firmware/nnet_utils/nnet_dense_stream.h:24->firmware/nnet_utils/nnet_dense_stream.h:97]   --->   Operation 262 'partselect' 'trunc_ln58_1' <Predicate = true> <Delay = 0.00>
ST_5 : Operation 263 [1/2] (3.34ns)   --->   "%mul_ln58_12 = mul i26 %sext_ln73_7, i26 %sext_ln73_3" [firmware/nnet_utils/nnet_dense_resource.h:58->firmware/nnet_utils/nnet_dense_resource.h:262->firmware/nnet_utils/nnet_dense_stream.h:24->firmware/nnet_utils/nnet_dense_stream.h:97]   --->   Operation 263 'mul' 'mul_ln58_12' <Predicate = true> <Delay = 3.34> <CoreInst = "Multiplier">   --->   Core 3 'Multiplier' <Latency = 1> <II = 1> <Delay = 3.34> <FuncUnit> <Opcode : 'mul'> <InPorts = 2> <OutPorts = 1>
ST_5 : Operation 264 [1/1] (0.00ns)   --->   "%trunc_ln58_2 = partselect i16 @_ssdm_op_PartSelect.i16.i26.i32.i32, i26 %mul_ln58_12, i32 10, i32 25" [firmware/nnet_utils/nnet_dense_resource.h:58->firmware/nnet_utils/nnet_dense_resource.h:262->firmware/nnet_utils/nnet_dense_stream.h:24->firmware/nnet_utils/nnet_dense_stream.h:97]   --->   Operation 264 'partselect' 'trunc_ln58_2' <Predicate = true> <Delay = 0.00>
ST_5 : Operation 265 [1/2] (3.34ns)   --->   "%mul_ln58_13 = mul i26 %sext_ln73_8, i26 %sext_ln73_1" [firmware/nnet_utils/nnet_dense_resource.h:58->firmware/nnet_utils/nnet_dense_resource.h:262->firmware/nnet_utils/nnet_dense_stream.h:24->firmware/nnet_utils/nnet_dense_stream.h:97]   --->   Operation 265 'mul' 'mul_ln58_13' <Predicate = true> <Delay = 3.34> <CoreInst = "Multiplier">   --->   Core 3 'Multiplier' <Latency = 1> <II = 1> <Delay = 3.34> <FuncUnit> <Opcode : 'mul'> <InPorts = 2> <OutPorts = 1>
ST_5 : Operation 266 [1/1] (0.00ns)   --->   "%trunc_ln58_3 = partselect i16 @_ssdm_op_PartSelect.i16.i26.i32.i32, i26 %mul_ln58_13, i32 10, i32 25" [firmware/nnet_utils/nnet_dense_resource.h:58->firmware/nnet_utils/nnet_dense_resource.h:262->firmware/nnet_utils/nnet_dense_stream.h:24->firmware/nnet_utils/nnet_dense_stream.h:97]   --->   Operation 266 'partselect' 'trunc_ln58_3' <Predicate = true> <Delay = 0.00>
ST_5 : Operation 267 [1/2] (3.34ns)   --->   "%mul_ln58_14 = mul i26 %sext_ln73_9, i26 %sext_ln73_3" [firmware/nnet_utils/nnet_dense_resource.h:58->firmware/nnet_utils/nnet_dense_resource.h:262->firmware/nnet_utils/nnet_dense_stream.h:24->firmware/nnet_utils/nnet_dense_stream.h:97]   --->   Operation 267 'mul' 'mul_ln58_14' <Predicate = true> <Delay = 3.34> <CoreInst = "Multiplier">   --->   Core 3 'Multiplier' <Latency = 1> <II = 1> <Delay = 3.34> <FuncUnit> <Opcode : 'mul'> <InPorts = 2> <OutPorts = 1>
ST_5 : Operation 268 [1/1] (0.00ns)   --->   "%trunc_ln58_4 = partselect i16 @_ssdm_op_PartSelect.i16.i26.i32.i32, i26 %mul_ln58_14, i32 10, i32 25" [firmware/nnet_utils/nnet_dense_resource.h:58->firmware/nnet_utils/nnet_dense_resource.h:262->firmware/nnet_utils/nnet_dense_stream.h:24->firmware/nnet_utils/nnet_dense_stream.h:97]   --->   Operation 268 'partselect' 'trunc_ln58_4' <Predicate = true> <Delay = 0.00>
ST_5 : Operation 269 [1/2] (3.34ns)   --->   "%mul_ln58_15 = mul i26 %sext_ln73_10, i26 %sext_ln73_1" [firmware/nnet_utils/nnet_dense_resource.h:58->firmware/nnet_utils/nnet_dense_resource.h:262->firmware/nnet_utils/nnet_dense_stream.h:24->firmware/nnet_utils/nnet_dense_stream.h:97]   --->   Operation 269 'mul' 'mul_ln58_15' <Predicate = true> <Delay = 3.34> <CoreInst = "Multiplier">   --->   Core 3 'Multiplier' <Latency = 1> <II = 1> <Delay = 3.34> <FuncUnit> <Opcode : 'mul'> <InPorts = 2> <OutPorts = 1>
ST_5 : Operation 270 [1/1] (0.00ns)   --->   "%trunc_ln58_5 = partselect i16 @_ssdm_op_PartSelect.i16.i26.i32.i32, i26 %mul_ln58_15, i32 10, i32 25" [firmware/nnet_utils/nnet_dense_resource.h:58->firmware/nnet_utils/nnet_dense_resource.h:262->firmware/nnet_utils/nnet_dense_stream.h:24->firmware/nnet_utils/nnet_dense_stream.h:97]   --->   Operation 270 'partselect' 'trunc_ln58_5' <Predicate = true> <Delay = 0.00>
ST_5 : Operation 271 [1/2] (3.34ns)   --->   "%mul_ln58_16 = mul i26 %sext_ln73_11, i26 %sext_ln73_3" [firmware/nnet_utils/nnet_dense_resource.h:58->firmware/nnet_utils/nnet_dense_resource.h:262->firmware/nnet_utils/nnet_dense_stream.h:24->firmware/nnet_utils/nnet_dense_stream.h:97]   --->   Operation 271 'mul' 'mul_ln58_16' <Predicate = true> <Delay = 3.34> <CoreInst = "Multiplier">   --->   Core 3 'Multiplier' <Latency = 1> <II = 1> <Delay = 3.34> <FuncUnit> <Opcode : 'mul'> <InPorts = 2> <OutPorts = 1>
ST_5 : Operation 272 [1/1] (0.00ns)   --->   "%trunc_ln58_6 = partselect i16 @_ssdm_op_PartSelect.i16.i26.i32.i32, i26 %mul_ln58_16, i32 10, i32 25" [firmware/nnet_utils/nnet_dense_resource.h:58->firmware/nnet_utils/nnet_dense_resource.h:262->firmware/nnet_utils/nnet_dense_stream.h:24->firmware/nnet_utils/nnet_dense_stream.h:97]   --->   Operation 272 'partselect' 'trunc_ln58_6' <Predicate = true> <Delay = 0.00>
ST_5 : Operation 273 [1/2] (3.34ns)   --->   "%mul_ln58_17 = mul i26 %sext_ln73_12, i26 %sext_ln73_1" [firmware/nnet_utils/nnet_dense_resource.h:58->firmware/nnet_utils/nnet_dense_resource.h:262->firmware/nnet_utils/nnet_dense_stream.h:24->firmware/nnet_utils/nnet_dense_stream.h:97]   --->   Operation 273 'mul' 'mul_ln58_17' <Predicate = true> <Delay = 3.34> <CoreInst = "Multiplier">   --->   Core 3 'Multiplier' <Latency = 1> <II = 1> <Delay = 3.34> <FuncUnit> <Opcode : 'mul'> <InPorts = 2> <OutPorts = 1>
ST_5 : Operation 274 [1/1] (0.00ns)   --->   "%trunc_ln58_7 = partselect i16 @_ssdm_op_PartSelect.i16.i26.i32.i32, i26 %mul_ln58_17, i32 10, i32 25" [firmware/nnet_utils/nnet_dense_resource.h:58->firmware/nnet_utils/nnet_dense_resource.h:262->firmware/nnet_utils/nnet_dense_stream.h:24->firmware/nnet_utils/nnet_dense_stream.h:97]   --->   Operation 274 'partselect' 'trunc_ln58_7' <Predicate = true> <Delay = 0.00>
ST_5 : Operation 275 [1/2] (3.34ns)   --->   "%mul_ln58_18 = mul i26 %sext_ln73_13, i26 %sext_ln73_3" [firmware/nnet_utils/nnet_dense_resource.h:58->firmware/nnet_utils/nnet_dense_resource.h:262->firmware/nnet_utils/nnet_dense_stream.h:24->firmware/nnet_utils/nnet_dense_stream.h:97]   --->   Operation 275 'mul' 'mul_ln58_18' <Predicate = true> <Delay = 3.34> <CoreInst = "Multiplier">   --->   Core 3 'Multiplier' <Latency = 1> <II = 1> <Delay = 3.34> <FuncUnit> <Opcode : 'mul'> <InPorts = 2> <OutPorts = 1>
ST_5 : Operation 276 [1/1] (0.00ns)   --->   "%trunc_ln58_10 = partselect i16 @_ssdm_op_PartSelect.i16.i26.i32.i32, i26 %mul_ln58_18, i32 10, i32 25" [firmware/nnet_utils/nnet_dense_resource.h:58->firmware/nnet_utils/nnet_dense_resource.h:262->firmware/nnet_utils/nnet_dense_stream.h:24->firmware/nnet_utils/nnet_dense_stream.h:97]   --->   Operation 276 'partselect' 'trunc_ln58_10' <Predicate = true> <Delay = 0.00>
ST_5 : Operation 277 [1/2] (3.34ns)   --->   "%mul_ln58_19 = mul i26 %sext_ln73_14, i26 %sext_ln73_1" [firmware/nnet_utils/nnet_dense_resource.h:58->firmware/nnet_utils/nnet_dense_resource.h:262->firmware/nnet_utils/nnet_dense_stream.h:24->firmware/nnet_utils/nnet_dense_stream.h:97]   --->   Operation 277 'mul' 'mul_ln58_19' <Predicate = true> <Delay = 3.34> <CoreInst = "Multiplier">   --->   Core 3 'Multiplier' <Latency = 1> <II = 1> <Delay = 3.34> <FuncUnit> <Opcode : 'mul'> <InPorts = 2> <OutPorts = 1>
ST_5 : Operation 278 [1/1] (0.00ns)   --->   "%trunc_ln58_11 = partselect i16 @_ssdm_op_PartSelect.i16.i26.i32.i32, i26 %mul_ln58_19, i32 10, i32 25" [firmware/nnet_utils/nnet_dense_resource.h:58->firmware/nnet_utils/nnet_dense_resource.h:262->firmware/nnet_utils/nnet_dense_stream.h:24->firmware/nnet_utils/nnet_dense_stream.h:97]   --->   Operation 278 'partselect' 'trunc_ln58_11' <Predicate = true> <Delay = 0.00>
ST_5 : Operation 279 [1/2] (3.34ns)   --->   "%mul_ln58_20 = mul i26 %sext_ln73_15, i26 %sext_ln73_3" [firmware/nnet_utils/nnet_dense_resource.h:58->firmware/nnet_utils/nnet_dense_resource.h:262->firmware/nnet_utils/nnet_dense_stream.h:24->firmware/nnet_utils/nnet_dense_stream.h:97]   --->   Operation 279 'mul' 'mul_ln58_20' <Predicate = true> <Delay = 3.34> <CoreInst = "Multiplier">   --->   Core 3 'Multiplier' <Latency = 1> <II = 1> <Delay = 3.34> <FuncUnit> <Opcode : 'mul'> <InPorts = 2> <OutPorts = 1>
ST_5 : Operation 280 [1/1] (0.00ns)   --->   "%trunc_ln58_12 = partselect i16 @_ssdm_op_PartSelect.i16.i26.i32.i32, i26 %mul_ln58_20, i32 10, i32 25" [firmware/nnet_utils/nnet_dense_resource.h:58->firmware/nnet_utils/nnet_dense_resource.h:262->firmware/nnet_utils/nnet_dense_stream.h:24->firmware/nnet_utils/nnet_dense_stream.h:97]   --->   Operation 280 'partselect' 'trunc_ln58_12' <Predicate = true> <Delay = 0.00>
ST_5 : Operation 281 [1/2] (3.34ns)   --->   "%mul_ln58_21 = mul i26 %sext_ln73_16, i26 %sext_ln73_1" [firmware/nnet_utils/nnet_dense_resource.h:58->firmware/nnet_utils/nnet_dense_resource.h:262->firmware/nnet_utils/nnet_dense_stream.h:24->firmware/nnet_utils/nnet_dense_stream.h:97]   --->   Operation 281 'mul' 'mul_ln58_21' <Predicate = true> <Delay = 3.34> <CoreInst = "Multiplier">   --->   Core 3 'Multiplier' <Latency = 1> <II = 1> <Delay = 3.34> <FuncUnit> <Opcode : 'mul'> <InPorts = 2> <OutPorts = 1>
ST_5 : Operation 282 [1/1] (0.00ns)   --->   "%trunc_ln58_13 = partselect i16 @_ssdm_op_PartSelect.i16.i26.i32.i32, i26 %mul_ln58_21, i32 10, i32 25" [firmware/nnet_utils/nnet_dense_resource.h:58->firmware/nnet_utils/nnet_dense_resource.h:262->firmware/nnet_utils/nnet_dense_stream.h:24->firmware/nnet_utils/nnet_dense_stream.h:97]   --->   Operation 282 'partselect' 'trunc_ln58_13' <Predicate = true> <Delay = 0.00>
ST_5 : Operation 283 [1/2] (3.34ns)   --->   "%mul_ln58_22 = mul i26 %sext_ln73_17, i26 %sext_ln73_3" [firmware/nnet_utils/nnet_dense_resource.h:58->firmware/nnet_utils/nnet_dense_resource.h:262->firmware/nnet_utils/nnet_dense_stream.h:24->firmware/nnet_utils/nnet_dense_stream.h:97]   --->   Operation 283 'mul' 'mul_ln58_22' <Predicate = true> <Delay = 3.34> <CoreInst = "Multiplier">   --->   Core 3 'Multiplier' <Latency = 1> <II = 1> <Delay = 3.34> <FuncUnit> <Opcode : 'mul'> <InPorts = 2> <OutPorts = 1>
ST_5 : Operation 284 [1/1] (0.00ns)   --->   "%trunc_ln58_14 = partselect i16 @_ssdm_op_PartSelect.i16.i26.i32.i32, i26 %mul_ln58_22, i32 10, i32 25" [firmware/nnet_utils/nnet_dense_resource.h:58->firmware/nnet_utils/nnet_dense_resource.h:262->firmware/nnet_utils/nnet_dense_stream.h:24->firmware/nnet_utils/nnet_dense_stream.h:97]   --->   Operation 284 'partselect' 'trunc_ln58_14' <Predicate = true> <Delay = 0.00>
ST_5 : Operation 285 [1/2] (3.34ns)   --->   "%mul_ln58_23 = mul i26 %sext_ln73_18, i26 %sext_ln73_1" [firmware/nnet_utils/nnet_dense_resource.h:58->firmware/nnet_utils/nnet_dense_resource.h:262->firmware/nnet_utils/nnet_dense_stream.h:24->firmware/nnet_utils/nnet_dense_stream.h:97]   --->   Operation 285 'mul' 'mul_ln58_23' <Predicate = true> <Delay = 3.34> <CoreInst = "Multiplier">   --->   Core 3 'Multiplier' <Latency = 1> <II = 1> <Delay = 3.34> <FuncUnit> <Opcode : 'mul'> <InPorts = 2> <OutPorts = 1>
ST_5 : Operation 286 [1/1] (0.00ns)   --->   "%trunc_ln58_15 = partselect i16 @_ssdm_op_PartSelect.i16.i26.i32.i32, i26 %mul_ln58_23, i32 10, i32 25" [firmware/nnet_utils/nnet_dense_resource.h:58->firmware/nnet_utils/nnet_dense_resource.h:262->firmware/nnet_utils/nnet_dense_stream.h:24->firmware/nnet_utils/nnet_dense_stream.h:97]   --->   Operation 286 'partselect' 'trunc_ln58_15' <Predicate = true> <Delay = 0.00>
ST_5 : Operation 287 [1/2] (3.34ns)   --->   "%mul_ln58_24 = mul i26 %sext_ln73_19, i26 %sext_ln73_3" [firmware/nnet_utils/nnet_dense_resource.h:58->firmware/nnet_utils/nnet_dense_resource.h:262->firmware/nnet_utils/nnet_dense_stream.h:24->firmware/nnet_utils/nnet_dense_stream.h:97]   --->   Operation 287 'mul' 'mul_ln58_24' <Predicate = true> <Delay = 3.34> <CoreInst = "Multiplier">   --->   Core 3 'Multiplier' <Latency = 1> <II = 1> <Delay = 3.34> <FuncUnit> <Opcode : 'mul'> <InPorts = 2> <OutPorts = 1>
ST_5 : Operation 288 [1/1] (0.00ns)   --->   "%trunc_ln58_16 = partselect i16 @_ssdm_op_PartSelect.i16.i26.i32.i32, i26 %mul_ln58_24, i32 10, i32 25" [firmware/nnet_utils/nnet_dense_resource.h:58->firmware/nnet_utils/nnet_dense_resource.h:262->firmware/nnet_utils/nnet_dense_stream.h:24->firmware/nnet_utils/nnet_dense_stream.h:97]   --->   Operation 288 'partselect' 'trunc_ln58_16' <Predicate = true> <Delay = 0.00>
ST_5 : Operation 289 [1/2] (3.34ns)   --->   "%mul_ln58_25 = mul i26 %sext_ln73_20, i26 %sext_ln73_1" [firmware/nnet_utils/nnet_dense_resource.h:58->firmware/nnet_utils/nnet_dense_resource.h:262->firmware/nnet_utils/nnet_dense_stream.h:24->firmware/nnet_utils/nnet_dense_stream.h:97]   --->   Operation 289 'mul' 'mul_ln58_25' <Predicate = true> <Delay = 3.34> <CoreInst = "Multiplier">   --->   Core 3 'Multiplier' <Latency = 1> <II = 1> <Delay = 3.34> <FuncUnit> <Opcode : 'mul'> <InPorts = 2> <OutPorts = 1>
ST_5 : Operation 290 [1/1] (0.00ns)   --->   "%trunc_ln58_17 = partselect i16 @_ssdm_op_PartSelect.i16.i26.i32.i32, i26 %mul_ln58_25, i32 10, i32 25" [firmware/nnet_utils/nnet_dense_resource.h:58->firmware/nnet_utils/nnet_dense_resource.h:262->firmware/nnet_utils/nnet_dense_stream.h:24->firmware/nnet_utils/nnet_dense_stream.h:97]   --->   Operation 290 'partselect' 'trunc_ln58_17' <Predicate = true> <Delay = 0.00>
ST_5 : Operation 291 [1/2] (3.34ns)   --->   "%mul_ln58_26 = mul i26 %sext_ln73_21, i26 %sext_ln73_3" [firmware/nnet_utils/nnet_dense_resource.h:58->firmware/nnet_utils/nnet_dense_resource.h:262->firmware/nnet_utils/nnet_dense_stream.h:24->firmware/nnet_utils/nnet_dense_stream.h:97]   --->   Operation 291 'mul' 'mul_ln58_26' <Predicate = true> <Delay = 3.34> <CoreInst = "Multiplier">   --->   Core 3 'Multiplier' <Latency = 1> <II = 1> <Delay = 3.34> <FuncUnit> <Opcode : 'mul'> <InPorts = 2> <OutPorts = 1>
ST_5 : Operation 292 [1/1] (0.00ns)   --->   "%trunc_ln58_18 = partselect i16 @_ssdm_op_PartSelect.i16.i26.i32.i32, i26 %mul_ln58_26, i32 10, i32 25" [firmware/nnet_utils/nnet_dense_resource.h:58->firmware/nnet_utils/nnet_dense_resource.h:262->firmware/nnet_utils/nnet_dense_stream.h:24->firmware/nnet_utils/nnet_dense_stream.h:97]   --->   Operation 292 'partselect' 'trunc_ln58_18' <Predicate = true> <Delay = 0.00>
ST_5 : Operation 293 [1/2] (3.34ns)   --->   "%mul_ln58_27 = mul i26 %sext_ln73_22, i26 %sext_ln73_1" [firmware/nnet_utils/nnet_dense_resource.h:58->firmware/nnet_utils/nnet_dense_resource.h:262->firmware/nnet_utils/nnet_dense_stream.h:24->firmware/nnet_utils/nnet_dense_stream.h:97]   --->   Operation 293 'mul' 'mul_ln58_27' <Predicate = true> <Delay = 3.34> <CoreInst = "Multiplier">   --->   Core 3 'Multiplier' <Latency = 1> <II = 1> <Delay = 3.34> <FuncUnit> <Opcode : 'mul'> <InPorts = 2> <OutPorts = 1>
ST_5 : Operation 294 [1/1] (0.00ns)   --->   "%trunc_ln58_19 = partselect i16 @_ssdm_op_PartSelect.i16.i26.i32.i32, i26 %mul_ln58_27, i32 10, i32 25" [firmware/nnet_utils/nnet_dense_resource.h:58->firmware/nnet_utils/nnet_dense_resource.h:262->firmware/nnet_utils/nnet_dense_stream.h:24->firmware/nnet_utils/nnet_dense_stream.h:97]   --->   Operation 294 'partselect' 'trunc_ln58_19' <Predicate = true> <Delay = 0.00>
ST_5 : Operation 295 [1/2] (3.34ns)   --->   "%mul_ln58_28 = mul i26 %sext_ln73_23, i26 %sext_ln73_3" [firmware/nnet_utils/nnet_dense_resource.h:58->firmware/nnet_utils/nnet_dense_resource.h:262->firmware/nnet_utils/nnet_dense_stream.h:24->firmware/nnet_utils/nnet_dense_stream.h:97]   --->   Operation 295 'mul' 'mul_ln58_28' <Predicate = true> <Delay = 3.34> <CoreInst = "Multiplier">   --->   Core 3 'Multiplier' <Latency = 1> <II = 1> <Delay = 3.34> <FuncUnit> <Opcode : 'mul'> <InPorts = 2> <OutPorts = 1>
ST_5 : Operation 296 [1/1] (0.00ns)   --->   "%trunc_ln58_20 = partselect i16 @_ssdm_op_PartSelect.i16.i26.i32.i32, i26 %mul_ln58_28, i32 10, i32 25" [firmware/nnet_utils/nnet_dense_resource.h:58->firmware/nnet_utils/nnet_dense_resource.h:262->firmware/nnet_utils/nnet_dense_stream.h:24->firmware/nnet_utils/nnet_dense_stream.h:97]   --->   Operation 296 'partselect' 'trunc_ln58_20' <Predicate = true> <Delay = 0.00>
ST_5 : Operation 297 [1/2] (3.34ns)   --->   "%mul_ln58_29 = mul i26 %sext_ln73_24, i26 %sext_ln73_1" [firmware/nnet_utils/nnet_dense_resource.h:58->firmware/nnet_utils/nnet_dense_resource.h:262->firmware/nnet_utils/nnet_dense_stream.h:24->firmware/nnet_utils/nnet_dense_stream.h:97]   --->   Operation 297 'mul' 'mul_ln58_29' <Predicate = true> <Delay = 3.34> <CoreInst = "Multiplier">   --->   Core 3 'Multiplier' <Latency = 1> <II = 1> <Delay = 3.34> <FuncUnit> <Opcode : 'mul'> <InPorts = 2> <OutPorts = 1>
ST_5 : Operation 298 [1/1] (0.00ns)   --->   "%trunc_ln58_21 = partselect i16 @_ssdm_op_PartSelect.i16.i26.i32.i32, i26 %mul_ln58_29, i32 10, i32 25" [firmware/nnet_utils/nnet_dense_resource.h:58->firmware/nnet_utils/nnet_dense_resource.h:262->firmware/nnet_utils/nnet_dense_stream.h:24->firmware/nnet_utils/nnet_dense_stream.h:97]   --->   Operation 298 'partselect' 'trunc_ln58_21' <Predicate = true> <Delay = 0.00>
ST_5 : Operation 299 [1/2] (3.34ns)   --->   "%mul_ln58_30 = mul i26 %sext_ln73_25, i26 %sext_ln73_3" [firmware/nnet_utils/nnet_dense_resource.h:58->firmware/nnet_utils/nnet_dense_resource.h:262->firmware/nnet_utils/nnet_dense_stream.h:24->firmware/nnet_utils/nnet_dense_stream.h:97]   --->   Operation 299 'mul' 'mul_ln58_30' <Predicate = true> <Delay = 3.34> <CoreInst = "Multiplier">   --->   Core 3 'Multiplier' <Latency = 1> <II = 1> <Delay = 3.34> <FuncUnit> <Opcode : 'mul'> <InPorts = 2> <OutPorts = 1>
ST_5 : Operation 300 [1/1] (0.00ns)   --->   "%trunc_ln58_22 = partselect i16 @_ssdm_op_PartSelect.i16.i26.i32.i32, i26 %mul_ln58_30, i32 10, i32 25" [firmware/nnet_utils/nnet_dense_resource.h:58->firmware/nnet_utils/nnet_dense_resource.h:262->firmware/nnet_utils/nnet_dense_stream.h:24->firmware/nnet_utils/nnet_dense_stream.h:97]   --->   Operation 300 'partselect' 'trunc_ln58_22' <Predicate = true> <Delay = 0.00>
ST_5 : Operation 301 [1/2] (3.34ns)   --->   "%mul_ln58_31 = mul i26 %sext_ln73_26, i26 %sext_ln73_1" [firmware/nnet_utils/nnet_dense_resource.h:58->firmware/nnet_utils/nnet_dense_resource.h:262->firmware/nnet_utils/nnet_dense_stream.h:24->firmware/nnet_utils/nnet_dense_stream.h:97]   --->   Operation 301 'mul' 'mul_ln58_31' <Predicate = true> <Delay = 3.34> <CoreInst = "Multiplier">   --->   Core 3 'Multiplier' <Latency = 1> <II = 1> <Delay = 3.34> <FuncUnit> <Opcode : 'mul'> <InPorts = 2> <OutPorts = 1>
ST_5 : Operation 302 [1/1] (0.00ns)   --->   "%trunc_ln58_23 = partselect i16 @_ssdm_op_PartSelect.i16.i26.i32.i32, i26 %mul_ln58_31, i32 10, i32 25" [firmware/nnet_utils/nnet_dense_resource.h:58->firmware/nnet_utils/nnet_dense_resource.h:262->firmware/nnet_utils/nnet_dense_stream.h:24->firmware/nnet_utils/nnet_dense_stream.h:97]   --->   Operation 302 'partselect' 'trunc_ln58_23' <Predicate = true> <Delay = 0.00>
ST_5 : Operation 303 [1/2] (3.34ns)   --->   "%mul_ln58_32 = mul i26 %sext_ln73_27, i26 %sext_ln73_3" [firmware/nnet_utils/nnet_dense_resource.h:58->firmware/nnet_utils/nnet_dense_resource.h:262->firmware/nnet_utils/nnet_dense_stream.h:24->firmware/nnet_utils/nnet_dense_stream.h:97]   --->   Operation 303 'mul' 'mul_ln58_32' <Predicate = true> <Delay = 3.34> <CoreInst = "Multiplier">   --->   Core 3 'Multiplier' <Latency = 1> <II = 1> <Delay = 3.34> <FuncUnit> <Opcode : 'mul'> <InPorts = 2> <OutPorts = 1>
ST_5 : Operation 304 [1/1] (0.00ns)   --->   "%trunc_ln58_24 = partselect i16 @_ssdm_op_PartSelect.i16.i26.i32.i32, i26 %mul_ln58_32, i32 10, i32 25" [firmware/nnet_utils/nnet_dense_resource.h:58->firmware/nnet_utils/nnet_dense_resource.h:262->firmware/nnet_utils/nnet_dense_stream.h:24->firmware/nnet_utils/nnet_dense_stream.h:97]   --->   Operation 304 'partselect' 'trunc_ln58_24' <Predicate = true> <Delay = 0.00>
ST_5 : Operation 305 [1/2] (3.34ns)   --->   "%mul_ln58_33 = mul i26 %sext_ln73_28, i26 %sext_ln73_1" [firmware/nnet_utils/nnet_dense_resource.h:58->firmware/nnet_utils/nnet_dense_resource.h:262->firmware/nnet_utils/nnet_dense_stream.h:24->firmware/nnet_utils/nnet_dense_stream.h:97]   --->   Operation 305 'mul' 'mul_ln58_33' <Predicate = true> <Delay = 3.34> <CoreInst = "Multiplier">   --->   Core 3 'Multiplier' <Latency = 1> <II = 1> <Delay = 3.34> <FuncUnit> <Opcode : 'mul'> <InPorts = 2> <OutPorts = 1>
ST_5 : Operation 306 [1/1] (0.00ns)   --->   "%trunc_ln58_25 = partselect i16 @_ssdm_op_PartSelect.i16.i26.i32.i32, i26 %mul_ln58_33, i32 10, i32 25" [firmware/nnet_utils/nnet_dense_resource.h:58->firmware/nnet_utils/nnet_dense_resource.h:262->firmware/nnet_utils/nnet_dense_stream.h:24->firmware/nnet_utils/nnet_dense_stream.h:97]   --->   Operation 306 'partselect' 'trunc_ln58_25' <Predicate = true> <Delay = 0.00>
ST_5 : Operation 307 [1/2] (3.34ns)   --->   "%mul_ln58_34 = mul i26 %sext_ln73_29, i26 %sext_ln73_3" [firmware/nnet_utils/nnet_dense_resource.h:58->firmware/nnet_utils/nnet_dense_resource.h:262->firmware/nnet_utils/nnet_dense_stream.h:24->firmware/nnet_utils/nnet_dense_stream.h:97]   --->   Operation 307 'mul' 'mul_ln58_34' <Predicate = true> <Delay = 3.34> <CoreInst = "Multiplier">   --->   Core 3 'Multiplier' <Latency = 1> <II = 1> <Delay = 3.34> <FuncUnit> <Opcode : 'mul'> <InPorts = 2> <OutPorts = 1>
ST_5 : Operation 308 [1/1] (0.00ns)   --->   "%trunc_ln58_26 = partselect i16 @_ssdm_op_PartSelect.i16.i26.i32.i32, i26 %mul_ln58_34, i32 10, i32 25" [firmware/nnet_utils/nnet_dense_resource.h:58->firmware/nnet_utils/nnet_dense_resource.h:262->firmware/nnet_utils/nnet_dense_stream.h:24->firmware/nnet_utils/nnet_dense_stream.h:97]   --->   Operation 308 'partselect' 'trunc_ln58_26' <Predicate = true> <Delay = 0.00>
ST_5 : Operation 309 [1/2] (3.34ns)   --->   "%mul_ln58_35 = mul i26 %sext_ln73_30, i26 %sext_ln73_1" [firmware/nnet_utils/nnet_dense_resource.h:58->firmware/nnet_utils/nnet_dense_resource.h:262->firmware/nnet_utils/nnet_dense_stream.h:24->firmware/nnet_utils/nnet_dense_stream.h:97]   --->   Operation 309 'mul' 'mul_ln58_35' <Predicate = true> <Delay = 3.34> <CoreInst = "Multiplier">   --->   Core 3 'Multiplier' <Latency = 1> <II = 1> <Delay = 3.34> <FuncUnit> <Opcode : 'mul'> <InPorts = 2> <OutPorts = 1>
ST_5 : Operation 310 [1/1] (0.00ns)   --->   "%trunc_ln58_27 = partselect i16 @_ssdm_op_PartSelect.i16.i26.i32.i32, i26 %mul_ln58_35, i32 10, i32 25" [firmware/nnet_utils/nnet_dense_resource.h:58->firmware/nnet_utils/nnet_dense_resource.h:262->firmware/nnet_utils/nnet_dense_stream.h:24->firmware/nnet_utils/nnet_dense_stream.h:97]   --->   Operation 310 'partselect' 'trunc_ln58_27' <Predicate = true> <Delay = 0.00>
ST_5 : Operation 311 [1/2] (3.34ns)   --->   "%mul_ln58_36 = mul i26 %sext_ln73_31, i26 %sext_ln73_3" [firmware/nnet_utils/nnet_dense_resource.h:58->firmware/nnet_utils/nnet_dense_resource.h:262->firmware/nnet_utils/nnet_dense_stream.h:24->firmware/nnet_utils/nnet_dense_stream.h:97]   --->   Operation 311 'mul' 'mul_ln58_36' <Predicate = true> <Delay = 3.34> <CoreInst = "Multiplier">   --->   Core 3 'Multiplier' <Latency = 1> <II = 1> <Delay = 3.34> <FuncUnit> <Opcode : 'mul'> <InPorts = 2> <OutPorts = 1>
ST_5 : Operation 312 [1/1] (0.00ns)   --->   "%trunc_ln58_28 = partselect i16 @_ssdm_op_PartSelect.i16.i26.i32.i32, i26 %mul_ln58_36, i32 10, i32 25" [firmware/nnet_utils/nnet_dense_resource.h:58->firmware/nnet_utils/nnet_dense_resource.h:262->firmware/nnet_utils/nnet_dense_stream.h:24->firmware/nnet_utils/nnet_dense_stream.h:97]   --->   Operation 312 'partselect' 'trunc_ln58_28' <Predicate = true> <Delay = 0.00>
ST_5 : Operation 313 [1/2] (3.34ns)   --->   "%mul_ln58_37 = mul i26 %sext_ln73_32, i26 %sext_ln73_1" [firmware/nnet_utils/nnet_dense_resource.h:58->firmware/nnet_utils/nnet_dense_resource.h:262->firmware/nnet_utils/nnet_dense_stream.h:24->firmware/nnet_utils/nnet_dense_stream.h:97]   --->   Operation 313 'mul' 'mul_ln58_37' <Predicate = true> <Delay = 3.34> <CoreInst = "Multiplier">   --->   Core 3 'Multiplier' <Latency = 1> <II = 1> <Delay = 3.34> <FuncUnit> <Opcode : 'mul'> <InPorts = 2> <OutPorts = 1>
ST_5 : Operation 314 [1/1] (0.00ns)   --->   "%trunc_ln58_29 = partselect i16 @_ssdm_op_PartSelect.i16.i26.i32.i32, i26 %mul_ln58_37, i32 10, i32 25" [firmware/nnet_utils/nnet_dense_resource.h:58->firmware/nnet_utils/nnet_dense_resource.h:262->firmware/nnet_utils/nnet_dense_stream.h:24->firmware/nnet_utils/nnet_dense_stream.h:97]   --->   Operation 314 'partselect' 'trunc_ln58_29' <Predicate = true> <Delay = 0.00>
ST_5 : Operation 315 [1/2] (3.34ns)   --->   "%mul_ln58_38 = mul i26 %sext_ln73_33, i26 %sext_ln73_3" [firmware/nnet_utils/nnet_dense_resource.h:58->firmware/nnet_utils/nnet_dense_resource.h:262->firmware/nnet_utils/nnet_dense_stream.h:24->firmware/nnet_utils/nnet_dense_stream.h:97]   --->   Operation 315 'mul' 'mul_ln58_38' <Predicate = true> <Delay = 3.34> <CoreInst = "Multiplier">   --->   Core 3 'Multiplier' <Latency = 1> <II = 1> <Delay = 3.34> <FuncUnit> <Opcode : 'mul'> <InPorts = 2> <OutPorts = 1>
ST_5 : Operation 316 [1/1] (0.00ns)   --->   "%trunc_ln58_30 = partselect i16 @_ssdm_op_PartSelect.i16.i26.i32.i32, i26 %mul_ln58_38, i32 10, i32 25" [firmware/nnet_utils/nnet_dense_resource.h:58->firmware/nnet_utils/nnet_dense_resource.h:262->firmware/nnet_utils/nnet_dense_stream.h:24->firmware/nnet_utils/nnet_dense_stream.h:97]   --->   Operation 316 'partselect' 'trunc_ln58_30' <Predicate = true> <Delay = 0.00>
ST_5 : Operation 317 [1/2] (3.34ns)   --->   "%mul_ln58_39 = mul i26 %sext_ln73_34, i26 %sext_ln73_1" [firmware/nnet_utils/nnet_dense_resource.h:58->firmware/nnet_utils/nnet_dense_resource.h:262->firmware/nnet_utils/nnet_dense_stream.h:24->firmware/nnet_utils/nnet_dense_stream.h:97]   --->   Operation 317 'mul' 'mul_ln58_39' <Predicate = true> <Delay = 3.34> <CoreInst = "Multiplier">   --->   Core 3 'Multiplier' <Latency = 1> <II = 1> <Delay = 3.34> <FuncUnit> <Opcode : 'mul'> <InPorts = 2> <OutPorts = 1>
ST_5 : Operation 318 [1/1] (0.00ns)   --->   "%trunc_ln58_31 = partselect i16 @_ssdm_op_PartSelect.i16.i26.i32.i32, i26 %mul_ln58_39, i32 10, i32 25" [firmware/nnet_utils/nnet_dense_resource.h:58->firmware/nnet_utils/nnet_dense_resource.h:262->firmware/nnet_utils/nnet_dense_stream.h:24->firmware/nnet_utils/nnet_dense_stream.h:97]   --->   Operation 318 'partselect' 'trunc_ln58_31' <Predicate = true> <Delay = 0.00>
ST_5 : Operation 319 [1/2] (3.34ns)   --->   "%mul_ln58_40 = mul i26 %sext_ln73_35, i26 %sext_ln73_3" [firmware/nnet_utils/nnet_dense_resource.h:58->firmware/nnet_utils/nnet_dense_resource.h:262->firmware/nnet_utils/nnet_dense_stream.h:24->firmware/nnet_utils/nnet_dense_stream.h:97]   --->   Operation 319 'mul' 'mul_ln58_40' <Predicate = true> <Delay = 3.34> <CoreInst = "Multiplier">   --->   Core 3 'Multiplier' <Latency = 1> <II = 1> <Delay = 3.34> <FuncUnit> <Opcode : 'mul'> <InPorts = 2> <OutPorts = 1>
ST_5 : Operation 320 [1/1] (0.00ns)   --->   "%trunc_ln58_32 = partselect i16 @_ssdm_op_PartSelect.i16.i26.i32.i32, i26 %mul_ln58_40, i32 10, i32 25" [firmware/nnet_utils/nnet_dense_resource.h:58->firmware/nnet_utils/nnet_dense_resource.h:262->firmware/nnet_utils/nnet_dense_stream.h:24->firmware/nnet_utils/nnet_dense_stream.h:97]   --->   Operation 320 'partselect' 'trunc_ln58_32' <Predicate = true> <Delay = 0.00>
ST_5 : Operation 321 [1/2] (3.34ns)   --->   "%mul_ln58_41 = mul i26 %sext_ln73_36, i26 %sext_ln73_1" [firmware/nnet_utils/nnet_dense_resource.h:58->firmware/nnet_utils/nnet_dense_resource.h:262->firmware/nnet_utils/nnet_dense_stream.h:24->firmware/nnet_utils/nnet_dense_stream.h:97]   --->   Operation 321 'mul' 'mul_ln58_41' <Predicate = true> <Delay = 3.34> <CoreInst = "Multiplier">   --->   Core 3 'Multiplier' <Latency = 1> <II = 1> <Delay = 3.34> <FuncUnit> <Opcode : 'mul'> <InPorts = 2> <OutPorts = 1>
ST_5 : Operation 322 [1/1] (0.00ns)   --->   "%trunc_ln58_33 = partselect i16 @_ssdm_op_PartSelect.i16.i26.i32.i32, i26 %mul_ln58_41, i32 10, i32 25" [firmware/nnet_utils/nnet_dense_resource.h:58->firmware/nnet_utils/nnet_dense_resource.h:262->firmware/nnet_utils/nnet_dense_stream.h:24->firmware/nnet_utils/nnet_dense_stream.h:97]   --->   Operation 322 'partselect' 'trunc_ln58_33' <Predicate = true> <Delay = 0.00>
ST_5 : Operation 323 [1/2] (3.34ns)   --->   "%mul_ln58_42 = mul i26 %sext_ln73_37, i26 %sext_ln73_3" [firmware/nnet_utils/nnet_dense_resource.h:58->firmware/nnet_utils/nnet_dense_resource.h:262->firmware/nnet_utils/nnet_dense_stream.h:24->firmware/nnet_utils/nnet_dense_stream.h:97]   --->   Operation 323 'mul' 'mul_ln58_42' <Predicate = true> <Delay = 3.34> <CoreInst = "Multiplier">   --->   Core 3 'Multiplier' <Latency = 1> <II = 1> <Delay = 3.34> <FuncUnit> <Opcode : 'mul'> <InPorts = 2> <OutPorts = 1>
ST_5 : Operation 324 [1/1] (0.00ns)   --->   "%trunc_ln58_34 = partselect i16 @_ssdm_op_PartSelect.i16.i26.i32.i32, i26 %mul_ln58_42, i32 10, i32 25" [firmware/nnet_utils/nnet_dense_resource.h:58->firmware/nnet_utils/nnet_dense_resource.h:262->firmware/nnet_utils/nnet_dense_stream.h:24->firmware/nnet_utils/nnet_dense_stream.h:97]   --->   Operation 324 'partselect' 'trunc_ln58_34' <Predicate = true> <Delay = 0.00>
ST_5 : Operation 325 [1/2] (3.34ns)   --->   "%mul_ln58_43 = mul i26 %sext_ln73_38, i26 %sext_ln73_1" [firmware/nnet_utils/nnet_dense_resource.h:58->firmware/nnet_utils/nnet_dense_resource.h:262->firmware/nnet_utils/nnet_dense_stream.h:24->firmware/nnet_utils/nnet_dense_stream.h:97]   --->   Operation 325 'mul' 'mul_ln58_43' <Predicate = true> <Delay = 3.34> <CoreInst = "Multiplier">   --->   Core 3 'Multiplier' <Latency = 1> <II = 1> <Delay = 3.34> <FuncUnit> <Opcode : 'mul'> <InPorts = 2> <OutPorts = 1>
ST_5 : Operation 326 [1/1] (0.00ns)   --->   "%trunc_ln58_35 = partselect i16 @_ssdm_op_PartSelect.i16.i26.i32.i32, i26 %mul_ln58_43, i32 10, i32 25" [firmware/nnet_utils/nnet_dense_resource.h:58->firmware/nnet_utils/nnet_dense_resource.h:262->firmware/nnet_utils/nnet_dense_stream.h:24->firmware/nnet_utils/nnet_dense_stream.h:97]   --->   Operation 326 'partselect' 'trunc_ln58_35' <Predicate = true> <Delay = 0.00>
ST_5 : Operation 327 [1/2] (3.34ns)   --->   "%mul_ln58_44 = mul i26 %sext_ln73_39, i26 %sext_ln73_3" [firmware/nnet_utils/nnet_dense_resource.h:58->firmware/nnet_utils/nnet_dense_resource.h:262->firmware/nnet_utils/nnet_dense_stream.h:24->firmware/nnet_utils/nnet_dense_stream.h:97]   --->   Operation 327 'mul' 'mul_ln58_44' <Predicate = true> <Delay = 3.34> <CoreInst = "Multiplier">   --->   Core 3 'Multiplier' <Latency = 1> <II = 1> <Delay = 3.34> <FuncUnit> <Opcode : 'mul'> <InPorts = 2> <OutPorts = 1>
ST_5 : Operation 328 [1/1] (0.00ns)   --->   "%trunc_ln58_36 = partselect i16 @_ssdm_op_PartSelect.i16.i26.i32.i32, i26 %mul_ln58_44, i32 10, i32 25" [firmware/nnet_utils/nnet_dense_resource.h:58->firmware/nnet_utils/nnet_dense_resource.h:262->firmware/nnet_utils/nnet_dense_stream.h:24->firmware/nnet_utils/nnet_dense_stream.h:97]   --->   Operation 328 'partselect' 'trunc_ln58_36' <Predicate = true> <Delay = 0.00>
ST_5 : Operation 329 [1/2] (3.34ns)   --->   "%mul_ln58_45 = mul i26 %sext_ln73_40, i26 %sext_ln73_1" [firmware/nnet_utils/nnet_dense_resource.h:58->firmware/nnet_utils/nnet_dense_resource.h:262->firmware/nnet_utils/nnet_dense_stream.h:24->firmware/nnet_utils/nnet_dense_stream.h:97]   --->   Operation 329 'mul' 'mul_ln58_45' <Predicate = true> <Delay = 3.34> <CoreInst = "Multiplier">   --->   Core 3 'Multiplier' <Latency = 1> <II = 1> <Delay = 3.34> <FuncUnit> <Opcode : 'mul'> <InPorts = 2> <OutPorts = 1>
ST_5 : Operation 330 [1/1] (0.00ns)   --->   "%trunc_ln58_37 = partselect i16 @_ssdm_op_PartSelect.i16.i26.i32.i32, i26 %mul_ln58_45, i32 10, i32 25" [firmware/nnet_utils/nnet_dense_resource.h:58->firmware/nnet_utils/nnet_dense_resource.h:262->firmware/nnet_utils/nnet_dense_stream.h:24->firmware/nnet_utils/nnet_dense_stream.h:97]   --->   Operation 330 'partselect' 'trunc_ln58_37' <Predicate = true> <Delay = 0.00>
ST_5 : Operation 331 [1/2] (3.34ns)   --->   "%mul_ln58_46 = mul i26 %sext_ln73_41, i26 %sext_ln73_3" [firmware/nnet_utils/nnet_dense_resource.h:58->firmware/nnet_utils/nnet_dense_resource.h:262->firmware/nnet_utils/nnet_dense_stream.h:24->firmware/nnet_utils/nnet_dense_stream.h:97]   --->   Operation 331 'mul' 'mul_ln58_46' <Predicate = true> <Delay = 3.34> <CoreInst = "Multiplier">   --->   Core 3 'Multiplier' <Latency = 1> <II = 1> <Delay = 3.34> <FuncUnit> <Opcode : 'mul'> <InPorts = 2> <OutPorts = 1>
ST_5 : Operation 332 [1/1] (0.00ns)   --->   "%trunc_ln58_38 = partselect i16 @_ssdm_op_PartSelect.i16.i26.i32.i32, i26 %mul_ln58_46, i32 10, i32 25" [firmware/nnet_utils/nnet_dense_resource.h:58->firmware/nnet_utils/nnet_dense_resource.h:262->firmware/nnet_utils/nnet_dense_stream.h:24->firmware/nnet_utils/nnet_dense_stream.h:97]   --->   Operation 332 'partselect' 'trunc_ln58_38' <Predicate = true> <Delay = 0.00>
ST_5 : Operation 333 [1/2] (3.34ns)   --->   "%mul_ln58_47 = mul i26 %sext_ln73_42, i26 %sext_ln73_1" [firmware/nnet_utils/nnet_dense_resource.h:58->firmware/nnet_utils/nnet_dense_resource.h:262->firmware/nnet_utils/nnet_dense_stream.h:24->firmware/nnet_utils/nnet_dense_stream.h:97]   --->   Operation 333 'mul' 'mul_ln58_47' <Predicate = true> <Delay = 3.34> <CoreInst = "Multiplier">   --->   Core 3 'Multiplier' <Latency = 1> <II = 1> <Delay = 3.34> <FuncUnit> <Opcode : 'mul'> <InPorts = 2> <OutPorts = 1>
ST_5 : Operation 334 [1/1] (0.00ns)   --->   "%trunc_ln58_39 = partselect i16 @_ssdm_op_PartSelect.i16.i26.i32.i32, i26 %mul_ln58_47, i32 10, i32 25" [firmware/nnet_utils/nnet_dense_resource.h:58->firmware/nnet_utils/nnet_dense_resource.h:262->firmware/nnet_utils/nnet_dense_stream.h:24->firmware/nnet_utils/nnet_dense_stream.h:97]   --->   Operation 334 'partselect' 'trunc_ln58_39' <Predicate = true> <Delay = 0.00>
ST_5 : Operation 335 [1/2] (3.34ns)   --->   "%mul_ln58_48 = mul i26 %sext_ln73_43, i26 %sext_ln73_3" [firmware/nnet_utils/nnet_dense_resource.h:58->firmware/nnet_utils/nnet_dense_resource.h:262->firmware/nnet_utils/nnet_dense_stream.h:24->firmware/nnet_utils/nnet_dense_stream.h:97]   --->   Operation 335 'mul' 'mul_ln58_48' <Predicate = true> <Delay = 3.34> <CoreInst = "Multiplier">   --->   Core 3 'Multiplier' <Latency = 1> <II = 1> <Delay = 3.34> <FuncUnit> <Opcode : 'mul'> <InPorts = 2> <OutPorts = 1>
ST_5 : Operation 336 [1/1] (0.00ns)   --->   "%trunc_ln58_40 = partselect i16 @_ssdm_op_PartSelect.i16.i26.i32.i32, i26 %mul_ln58_48, i32 10, i32 25" [firmware/nnet_utils/nnet_dense_resource.h:58->firmware/nnet_utils/nnet_dense_resource.h:262->firmware/nnet_utils/nnet_dense_stream.h:24->firmware/nnet_utils/nnet_dense_stream.h:97]   --->   Operation 336 'partselect' 'trunc_ln58_40' <Predicate = true> <Delay = 0.00>
ST_5 : Operation 337 [1/2] (3.34ns)   --->   "%mul_ln58_49 = mul i26 %sext_ln73_44, i26 %sext_ln73_1" [firmware/nnet_utils/nnet_dense_resource.h:58->firmware/nnet_utils/nnet_dense_resource.h:262->firmware/nnet_utils/nnet_dense_stream.h:24->firmware/nnet_utils/nnet_dense_stream.h:97]   --->   Operation 337 'mul' 'mul_ln58_49' <Predicate = true> <Delay = 3.34> <CoreInst = "Multiplier">   --->   Core 3 'Multiplier' <Latency = 1> <II = 1> <Delay = 3.34> <FuncUnit> <Opcode : 'mul'> <InPorts = 2> <OutPorts = 1>
ST_5 : Operation 338 [1/1] (0.00ns)   --->   "%trunc_ln58_41 = partselect i16 @_ssdm_op_PartSelect.i16.i26.i32.i32, i26 %mul_ln58_49, i32 10, i32 25" [firmware/nnet_utils/nnet_dense_resource.h:58->firmware/nnet_utils/nnet_dense_resource.h:262->firmware/nnet_utils/nnet_dense_stream.h:24->firmware/nnet_utils/nnet_dense_stream.h:97]   --->   Operation 338 'partselect' 'trunc_ln58_41' <Predicate = true> <Delay = 0.00>
ST_5 : Operation 339 [1/2] (3.34ns)   --->   "%mul_ln58_50 = mul i26 %sext_ln73_45, i26 %sext_ln73_3" [firmware/nnet_utils/nnet_dense_resource.h:58->firmware/nnet_utils/nnet_dense_resource.h:262->firmware/nnet_utils/nnet_dense_stream.h:24->firmware/nnet_utils/nnet_dense_stream.h:97]   --->   Operation 339 'mul' 'mul_ln58_50' <Predicate = true> <Delay = 3.34> <CoreInst = "Multiplier">   --->   Core 3 'Multiplier' <Latency = 1> <II = 1> <Delay = 3.34> <FuncUnit> <Opcode : 'mul'> <InPorts = 2> <OutPorts = 1>
ST_5 : Operation 340 [1/1] (0.00ns)   --->   "%trunc_ln58_42 = partselect i16 @_ssdm_op_PartSelect.i16.i26.i32.i32, i26 %mul_ln58_50, i32 10, i32 25" [firmware/nnet_utils/nnet_dense_resource.h:58->firmware/nnet_utils/nnet_dense_resource.h:262->firmware/nnet_utils/nnet_dense_stream.h:24->firmware/nnet_utils/nnet_dense_stream.h:97]   --->   Operation 340 'partselect' 'trunc_ln58_42' <Predicate = true> <Delay = 0.00>
ST_5 : Operation 341 [1/2] (3.34ns)   --->   "%mul_ln58_51 = mul i26 %sext_ln73_46, i26 %sext_ln73_1" [firmware/nnet_utils/nnet_dense_resource.h:58->firmware/nnet_utils/nnet_dense_resource.h:262->firmware/nnet_utils/nnet_dense_stream.h:24->firmware/nnet_utils/nnet_dense_stream.h:97]   --->   Operation 341 'mul' 'mul_ln58_51' <Predicate = true> <Delay = 3.34> <CoreInst = "Multiplier">   --->   Core 3 'Multiplier' <Latency = 1> <II = 1> <Delay = 3.34> <FuncUnit> <Opcode : 'mul'> <InPorts = 2> <OutPorts = 1>
ST_5 : Operation 342 [1/1] (0.00ns)   --->   "%trunc_ln58_43 = partselect i16 @_ssdm_op_PartSelect.i16.i26.i32.i32, i26 %mul_ln58_51, i32 10, i32 25" [firmware/nnet_utils/nnet_dense_resource.h:58->firmware/nnet_utils/nnet_dense_resource.h:262->firmware/nnet_utils/nnet_dense_stream.h:24->firmware/nnet_utils/nnet_dense_stream.h:97]   --->   Operation 342 'partselect' 'trunc_ln58_43' <Predicate = true> <Delay = 0.00>
ST_5 : Operation 343 [1/2] (3.34ns)   --->   "%mul_ln58_52 = mul i26 %sext_ln73_47, i26 %sext_ln73_3" [firmware/nnet_utils/nnet_dense_resource.h:58->firmware/nnet_utils/nnet_dense_resource.h:262->firmware/nnet_utils/nnet_dense_stream.h:24->firmware/nnet_utils/nnet_dense_stream.h:97]   --->   Operation 343 'mul' 'mul_ln58_52' <Predicate = true> <Delay = 3.34> <CoreInst = "Multiplier">   --->   Core 3 'Multiplier' <Latency = 1> <II = 1> <Delay = 3.34> <FuncUnit> <Opcode : 'mul'> <InPorts = 2> <OutPorts = 1>
ST_5 : Operation 344 [1/1] (0.00ns)   --->   "%trunc_ln58_44 = partselect i16 @_ssdm_op_PartSelect.i16.i26.i32.i32, i26 %mul_ln58_52, i32 10, i32 25" [firmware/nnet_utils/nnet_dense_resource.h:58->firmware/nnet_utils/nnet_dense_resource.h:262->firmware/nnet_utils/nnet_dense_stream.h:24->firmware/nnet_utils/nnet_dense_stream.h:97]   --->   Operation 344 'partselect' 'trunc_ln58_44' <Predicate = true> <Delay = 0.00>
ST_5 : Operation 345 [1/2] (3.34ns)   --->   "%mul_ln58_53 = mul i26 %sext_ln73_48, i26 %sext_ln73_1" [firmware/nnet_utils/nnet_dense_resource.h:58->firmware/nnet_utils/nnet_dense_resource.h:262->firmware/nnet_utils/nnet_dense_stream.h:24->firmware/nnet_utils/nnet_dense_stream.h:97]   --->   Operation 345 'mul' 'mul_ln58_53' <Predicate = true> <Delay = 3.34> <CoreInst = "Multiplier">   --->   Core 3 'Multiplier' <Latency = 1> <II = 1> <Delay = 3.34> <FuncUnit> <Opcode : 'mul'> <InPorts = 2> <OutPorts = 1>
ST_5 : Operation 346 [1/1] (0.00ns)   --->   "%trunc_ln58_45 = partselect i16 @_ssdm_op_PartSelect.i16.i26.i32.i32, i26 %mul_ln58_53, i32 10, i32 25" [firmware/nnet_utils/nnet_dense_resource.h:58->firmware/nnet_utils/nnet_dense_resource.h:262->firmware/nnet_utils/nnet_dense_stream.h:24->firmware/nnet_utils/nnet_dense_stream.h:97]   --->   Operation 346 'partselect' 'trunc_ln58_45' <Predicate = true> <Delay = 0.00>
ST_5 : Operation 347 [1/2] (3.34ns)   --->   "%mul_ln58_54 = mul i26 %sext_ln73_49, i26 %sext_ln73_3" [firmware/nnet_utils/nnet_dense_resource.h:58->firmware/nnet_utils/nnet_dense_resource.h:262->firmware/nnet_utils/nnet_dense_stream.h:24->firmware/nnet_utils/nnet_dense_stream.h:97]   --->   Operation 347 'mul' 'mul_ln58_54' <Predicate = true> <Delay = 3.34> <CoreInst = "Multiplier">   --->   Core 3 'Multiplier' <Latency = 1> <II = 1> <Delay = 3.34> <FuncUnit> <Opcode : 'mul'> <InPorts = 2> <OutPorts = 1>
ST_5 : Operation 348 [1/1] (0.00ns)   --->   "%trunc_ln58_46 = partselect i16 @_ssdm_op_PartSelect.i16.i26.i32.i32, i26 %mul_ln58_54, i32 10, i32 25" [firmware/nnet_utils/nnet_dense_resource.h:58->firmware/nnet_utils/nnet_dense_resource.h:262->firmware/nnet_utils/nnet_dense_stream.h:24->firmware/nnet_utils/nnet_dense_stream.h:97]   --->   Operation 348 'partselect' 'trunc_ln58_46' <Predicate = true> <Delay = 0.00>
ST_5 : Operation 349 [1/2] (3.34ns)   --->   "%mul_ln58_55 = mul i26 %sext_ln73_50, i26 %sext_ln73_1" [firmware/nnet_utils/nnet_dense_resource.h:58->firmware/nnet_utils/nnet_dense_resource.h:262->firmware/nnet_utils/nnet_dense_stream.h:24->firmware/nnet_utils/nnet_dense_stream.h:97]   --->   Operation 349 'mul' 'mul_ln58_55' <Predicate = true> <Delay = 3.34> <CoreInst = "Multiplier">   --->   Core 3 'Multiplier' <Latency = 1> <II = 1> <Delay = 3.34> <FuncUnit> <Opcode : 'mul'> <InPorts = 2> <OutPorts = 1>
ST_5 : Operation 350 [1/1] (0.00ns)   --->   "%trunc_ln58_47 = partselect i16 @_ssdm_op_PartSelect.i16.i26.i32.i32, i26 %mul_ln58_55, i32 10, i32 25" [firmware/nnet_utils/nnet_dense_resource.h:58->firmware/nnet_utils/nnet_dense_resource.h:262->firmware/nnet_utils/nnet_dense_stream.h:24->firmware/nnet_utils/nnet_dense_stream.h:97]   --->   Operation 350 'partselect' 'trunc_ln58_47' <Predicate = true> <Delay = 0.00>
ST_5 : Operation 351 [1/2] (3.34ns)   --->   "%mul_ln58_56 = mul i26 %sext_ln73_51, i26 %sext_ln73_3" [firmware/nnet_utils/nnet_dense_resource.h:58->firmware/nnet_utils/nnet_dense_resource.h:262->firmware/nnet_utils/nnet_dense_stream.h:24->firmware/nnet_utils/nnet_dense_stream.h:97]   --->   Operation 351 'mul' 'mul_ln58_56' <Predicate = true> <Delay = 3.34> <CoreInst = "Multiplier">   --->   Core 3 'Multiplier' <Latency = 1> <II = 1> <Delay = 3.34> <FuncUnit> <Opcode : 'mul'> <InPorts = 2> <OutPorts = 1>
ST_5 : Operation 352 [1/1] (0.00ns)   --->   "%trunc_ln58_48 = partselect i16 @_ssdm_op_PartSelect.i16.i26.i32.i32, i26 %mul_ln58_56, i32 10, i32 25" [firmware/nnet_utils/nnet_dense_resource.h:58->firmware/nnet_utils/nnet_dense_resource.h:262->firmware/nnet_utils/nnet_dense_stream.h:24->firmware/nnet_utils/nnet_dense_stream.h:97]   --->   Operation 352 'partselect' 'trunc_ln58_48' <Predicate = true> <Delay = 0.00>
ST_5 : Operation 353 [1/2] (3.34ns)   --->   "%mul_ln58_57 = mul i26 %sext_ln73_52, i26 %sext_ln73_1" [firmware/nnet_utils/nnet_dense_resource.h:58->firmware/nnet_utils/nnet_dense_resource.h:262->firmware/nnet_utils/nnet_dense_stream.h:24->firmware/nnet_utils/nnet_dense_stream.h:97]   --->   Operation 353 'mul' 'mul_ln58_57' <Predicate = true> <Delay = 3.34> <CoreInst = "Multiplier">   --->   Core 3 'Multiplier' <Latency = 1> <II = 1> <Delay = 3.34> <FuncUnit> <Opcode : 'mul'> <InPorts = 2> <OutPorts = 1>
ST_5 : Operation 354 [1/1] (0.00ns)   --->   "%trunc_ln58_49 = partselect i16 @_ssdm_op_PartSelect.i16.i26.i32.i32, i26 %mul_ln58_57, i32 10, i32 25" [firmware/nnet_utils/nnet_dense_resource.h:58->firmware/nnet_utils/nnet_dense_resource.h:262->firmware/nnet_utils/nnet_dense_stream.h:24->firmware/nnet_utils/nnet_dense_stream.h:97]   --->   Operation 354 'partselect' 'trunc_ln58_49' <Predicate = true> <Delay = 0.00>
ST_5 : Operation 355 [1/2] (3.34ns)   --->   "%mul_ln58_58 = mul i26 %sext_ln73_53, i26 %sext_ln73_3" [firmware/nnet_utils/nnet_dense_resource.h:58->firmware/nnet_utils/nnet_dense_resource.h:262->firmware/nnet_utils/nnet_dense_stream.h:24->firmware/nnet_utils/nnet_dense_stream.h:97]   --->   Operation 355 'mul' 'mul_ln58_58' <Predicate = true> <Delay = 3.34> <CoreInst = "Multiplier">   --->   Core 3 'Multiplier' <Latency = 1> <II = 1> <Delay = 3.34> <FuncUnit> <Opcode : 'mul'> <InPorts = 2> <OutPorts = 1>
ST_5 : Operation 356 [1/1] (0.00ns)   --->   "%trunc_ln58_50 = partselect i16 @_ssdm_op_PartSelect.i16.i26.i32.i32, i26 %mul_ln58_58, i32 10, i32 25" [firmware/nnet_utils/nnet_dense_resource.h:58->firmware/nnet_utils/nnet_dense_resource.h:262->firmware/nnet_utils/nnet_dense_stream.h:24->firmware/nnet_utils/nnet_dense_stream.h:97]   --->   Operation 356 'partselect' 'trunc_ln58_50' <Predicate = true> <Delay = 0.00>
ST_5 : Operation 357 [1/2] (3.34ns)   --->   "%mul_ln58_59 = mul i26 %sext_ln73_54, i26 %sext_ln73_1" [firmware/nnet_utils/nnet_dense_resource.h:58->firmware/nnet_utils/nnet_dense_resource.h:262->firmware/nnet_utils/nnet_dense_stream.h:24->firmware/nnet_utils/nnet_dense_stream.h:97]   --->   Operation 357 'mul' 'mul_ln58_59' <Predicate = true> <Delay = 3.34> <CoreInst = "Multiplier">   --->   Core 3 'Multiplier' <Latency = 1> <II = 1> <Delay = 3.34> <FuncUnit> <Opcode : 'mul'> <InPorts = 2> <OutPorts = 1>
ST_5 : Operation 358 [1/1] (0.00ns)   --->   "%trunc_ln58_51 = partselect i16 @_ssdm_op_PartSelect.i16.i26.i32.i32, i26 %mul_ln58_59, i32 10, i32 25" [firmware/nnet_utils/nnet_dense_resource.h:58->firmware/nnet_utils/nnet_dense_resource.h:262->firmware/nnet_utils/nnet_dense_stream.h:24->firmware/nnet_utils/nnet_dense_stream.h:97]   --->   Operation 358 'partselect' 'trunc_ln58_51' <Predicate = true> <Delay = 0.00>
ST_5 : Operation 359 [1/2] (3.34ns)   --->   "%mul_ln58_60 = mul i26 %sext_ln73_55, i26 %sext_ln73_3" [firmware/nnet_utils/nnet_dense_resource.h:58->firmware/nnet_utils/nnet_dense_resource.h:262->firmware/nnet_utils/nnet_dense_stream.h:24->firmware/nnet_utils/nnet_dense_stream.h:97]   --->   Operation 359 'mul' 'mul_ln58_60' <Predicate = true> <Delay = 3.34> <CoreInst = "Multiplier">   --->   Core 3 'Multiplier' <Latency = 1> <II = 1> <Delay = 3.34> <FuncUnit> <Opcode : 'mul'> <InPorts = 2> <OutPorts = 1>
ST_5 : Operation 360 [1/1] (0.00ns)   --->   "%trunc_ln58_52 = partselect i16 @_ssdm_op_PartSelect.i16.i26.i32.i32, i26 %mul_ln58_60, i32 10, i32 25" [firmware/nnet_utils/nnet_dense_resource.h:58->firmware/nnet_utils/nnet_dense_resource.h:262->firmware/nnet_utils/nnet_dense_stream.h:24->firmware/nnet_utils/nnet_dense_stream.h:97]   --->   Operation 360 'partselect' 'trunc_ln58_52' <Predicate = true> <Delay = 0.00>
ST_5 : Operation 361 [1/2] (3.34ns)   --->   "%mul_ln58_61 = mul i26 %sext_ln73_56, i26 %sext_ln73_1" [firmware/nnet_utils/nnet_dense_resource.h:58->firmware/nnet_utils/nnet_dense_resource.h:262->firmware/nnet_utils/nnet_dense_stream.h:24->firmware/nnet_utils/nnet_dense_stream.h:97]   --->   Operation 361 'mul' 'mul_ln58_61' <Predicate = true> <Delay = 3.34> <CoreInst = "Multiplier">   --->   Core 3 'Multiplier' <Latency = 1> <II = 1> <Delay = 3.34> <FuncUnit> <Opcode : 'mul'> <InPorts = 2> <OutPorts = 1>
ST_5 : Operation 362 [1/1] (0.00ns)   --->   "%trunc_ln58_53 = partselect i16 @_ssdm_op_PartSelect.i16.i26.i32.i32, i26 %mul_ln58_61, i32 10, i32 25" [firmware/nnet_utils/nnet_dense_resource.h:58->firmware/nnet_utils/nnet_dense_resource.h:262->firmware/nnet_utils/nnet_dense_stream.h:24->firmware/nnet_utils/nnet_dense_stream.h:97]   --->   Operation 362 'partselect' 'trunc_ln58_53' <Predicate = true> <Delay = 0.00>
ST_5 : Operation 363 [1/2] (3.34ns)   --->   "%mul_ln58_62 = mul i26 %sext_ln73_57, i26 %sext_ln73_3" [firmware/nnet_utils/nnet_dense_resource.h:58->firmware/nnet_utils/nnet_dense_resource.h:262->firmware/nnet_utils/nnet_dense_stream.h:24->firmware/nnet_utils/nnet_dense_stream.h:97]   --->   Operation 363 'mul' 'mul_ln58_62' <Predicate = true> <Delay = 3.34> <CoreInst = "Multiplier">   --->   Core 3 'Multiplier' <Latency = 1> <II = 1> <Delay = 3.34> <FuncUnit> <Opcode : 'mul'> <InPorts = 2> <OutPorts = 1>
ST_5 : Operation 364 [1/1] (0.00ns)   --->   "%trunc_ln58_54 = partselect i16 @_ssdm_op_PartSelect.i16.i26.i32.i32, i26 %mul_ln58_62, i32 10, i32 25" [firmware/nnet_utils/nnet_dense_resource.h:58->firmware/nnet_utils/nnet_dense_resource.h:262->firmware/nnet_utils/nnet_dense_stream.h:24->firmware/nnet_utils/nnet_dense_stream.h:97]   --->   Operation 364 'partselect' 'trunc_ln58_54' <Predicate = true> <Delay = 0.00>
ST_5 : Operation 365 [1/2] (3.34ns)   --->   "%mul_ln58_63 = mul i26 %sext_ln73_58, i26 %sext_ln73_1" [firmware/nnet_utils/nnet_dense_resource.h:58->firmware/nnet_utils/nnet_dense_resource.h:262->firmware/nnet_utils/nnet_dense_stream.h:24->firmware/nnet_utils/nnet_dense_stream.h:97]   --->   Operation 365 'mul' 'mul_ln58_63' <Predicate = true> <Delay = 3.34> <CoreInst = "Multiplier">   --->   Core 3 'Multiplier' <Latency = 1> <II = 1> <Delay = 3.34> <FuncUnit> <Opcode : 'mul'> <InPorts = 2> <OutPorts = 1>
ST_5 : Operation 366 [1/1] (0.00ns)   --->   "%trunc_ln58_55 = partselect i16 @_ssdm_op_PartSelect.i16.i26.i32.i32, i26 %mul_ln58_63, i32 10, i32 25" [firmware/nnet_utils/nnet_dense_resource.h:58->firmware/nnet_utils/nnet_dense_resource.h:262->firmware/nnet_utils/nnet_dense_stream.h:24->firmware/nnet_utils/nnet_dense_stream.h:97]   --->   Operation 366 'partselect' 'trunc_ln58_55' <Predicate = true> <Delay = 0.00>
ST_5 : Operation 367 [1/2] (3.34ns)   --->   "%mul_ln58_64 = mul i26 %sext_ln73_59, i26 %sext_ln73_3" [firmware/nnet_utils/nnet_dense_resource.h:58->firmware/nnet_utils/nnet_dense_resource.h:262->firmware/nnet_utils/nnet_dense_stream.h:24->firmware/nnet_utils/nnet_dense_stream.h:97]   --->   Operation 367 'mul' 'mul_ln58_64' <Predicate = true> <Delay = 3.34> <CoreInst = "Multiplier">   --->   Core 3 'Multiplier' <Latency = 1> <II = 1> <Delay = 3.34> <FuncUnit> <Opcode : 'mul'> <InPorts = 2> <OutPorts = 1>
ST_5 : Operation 368 [1/1] (0.00ns)   --->   "%trunc_ln58_56 = partselect i16 @_ssdm_op_PartSelect.i16.i26.i32.i32, i26 %mul_ln58_64, i32 10, i32 25" [firmware/nnet_utils/nnet_dense_resource.h:58->firmware/nnet_utils/nnet_dense_resource.h:262->firmware/nnet_utils/nnet_dense_stream.h:24->firmware/nnet_utils/nnet_dense_stream.h:97]   --->   Operation 368 'partselect' 'trunc_ln58_56' <Predicate = true> <Delay = 0.00>
ST_5 : Operation 369 [1/2] (3.34ns)   --->   "%mul_ln58_65 = mul i26 %sext_ln73_60, i26 %sext_ln73_1" [firmware/nnet_utils/nnet_dense_resource.h:58->firmware/nnet_utils/nnet_dense_resource.h:262->firmware/nnet_utils/nnet_dense_stream.h:24->firmware/nnet_utils/nnet_dense_stream.h:97]   --->   Operation 369 'mul' 'mul_ln58_65' <Predicate = true> <Delay = 3.34> <CoreInst = "Multiplier">   --->   Core 3 'Multiplier' <Latency = 1> <II = 1> <Delay = 3.34> <FuncUnit> <Opcode : 'mul'> <InPorts = 2> <OutPorts = 1>
ST_5 : Operation 370 [1/1] (0.00ns)   --->   "%trunc_ln58_57 = partselect i16 @_ssdm_op_PartSelect.i16.i26.i32.i32, i26 %mul_ln58_65, i32 10, i32 25" [firmware/nnet_utils/nnet_dense_resource.h:58->firmware/nnet_utils/nnet_dense_resource.h:262->firmware/nnet_utils/nnet_dense_stream.h:24->firmware/nnet_utils/nnet_dense_stream.h:97]   --->   Operation 370 'partselect' 'trunc_ln58_57' <Predicate = true> <Delay = 0.00>
ST_5 : Operation 371 [1/2] (3.34ns)   --->   "%mul_ln58_66 = mul i26 %sext_ln73_61, i26 %sext_ln73_3" [firmware/nnet_utils/nnet_dense_resource.h:58->firmware/nnet_utils/nnet_dense_resource.h:262->firmware/nnet_utils/nnet_dense_stream.h:24->firmware/nnet_utils/nnet_dense_stream.h:97]   --->   Operation 371 'mul' 'mul_ln58_66' <Predicate = true> <Delay = 3.34> <CoreInst = "Multiplier">   --->   Core 3 'Multiplier' <Latency = 1> <II = 1> <Delay = 3.34> <FuncUnit> <Opcode : 'mul'> <InPorts = 2> <OutPorts = 1>
ST_5 : Operation 372 [1/1] (0.00ns)   --->   "%trunc_ln58_58 = partselect i16 @_ssdm_op_PartSelect.i16.i26.i32.i32, i26 %mul_ln58_66, i32 10, i32 25" [firmware/nnet_utils/nnet_dense_resource.h:58->firmware/nnet_utils/nnet_dense_resource.h:262->firmware/nnet_utils/nnet_dense_stream.h:24->firmware/nnet_utils/nnet_dense_stream.h:97]   --->   Operation 372 'partselect' 'trunc_ln58_58' <Predicate = true> <Delay = 0.00>
ST_5 : Operation 373 [1/2] (3.34ns)   --->   "%mul_ln58_67 = mul i26 %sext_ln73_62, i26 %sext_ln73_1" [firmware/nnet_utils/nnet_dense_resource.h:58->firmware/nnet_utils/nnet_dense_resource.h:262->firmware/nnet_utils/nnet_dense_stream.h:24->firmware/nnet_utils/nnet_dense_stream.h:97]   --->   Operation 373 'mul' 'mul_ln58_67' <Predicate = true> <Delay = 3.34> <CoreInst = "Multiplier">   --->   Core 3 'Multiplier' <Latency = 1> <II = 1> <Delay = 3.34> <FuncUnit> <Opcode : 'mul'> <InPorts = 2> <OutPorts = 1>
ST_5 : Operation 374 [1/1] (0.00ns)   --->   "%trunc_ln58_59 = partselect i16 @_ssdm_op_PartSelect.i16.i26.i32.i32, i26 %mul_ln58_67, i32 10, i32 25" [firmware/nnet_utils/nnet_dense_resource.h:58->firmware/nnet_utils/nnet_dense_resource.h:262->firmware/nnet_utils/nnet_dense_stream.h:24->firmware/nnet_utils/nnet_dense_stream.h:97]   --->   Operation 374 'partselect' 'trunc_ln58_59' <Predicate = true> <Delay = 0.00>
ST_5 : Operation 375 [1/2] (3.34ns)   --->   "%mul_ln58_68 = mul i26 %sext_ln73_63, i26 %sext_ln73_3" [firmware/nnet_utils/nnet_dense_resource.h:58->firmware/nnet_utils/nnet_dense_resource.h:262->firmware/nnet_utils/nnet_dense_stream.h:24->firmware/nnet_utils/nnet_dense_stream.h:97]   --->   Operation 375 'mul' 'mul_ln58_68' <Predicate = true> <Delay = 3.34> <CoreInst = "Multiplier">   --->   Core 3 'Multiplier' <Latency = 1> <II = 1> <Delay = 3.34> <FuncUnit> <Opcode : 'mul'> <InPorts = 2> <OutPorts = 1>
ST_5 : Operation 376 [1/1] (0.00ns)   --->   "%trunc_ln58_60 = partselect i16 @_ssdm_op_PartSelect.i16.i26.i32.i32, i26 %mul_ln58_68, i32 10, i32 25" [firmware/nnet_utils/nnet_dense_resource.h:58->firmware/nnet_utils/nnet_dense_resource.h:262->firmware/nnet_utils/nnet_dense_stream.h:24->firmware/nnet_utils/nnet_dense_stream.h:97]   --->   Operation 376 'partselect' 'trunc_ln58_60' <Predicate = true> <Delay = 0.00>
ST_5 : Operation 377 [1/2] (3.34ns)   --->   "%mul_ln58_69 = mul i26 %sext_ln73_64, i26 %sext_ln73_1" [firmware/nnet_utils/nnet_dense_resource.h:58->firmware/nnet_utils/nnet_dense_resource.h:262->firmware/nnet_utils/nnet_dense_stream.h:24->firmware/nnet_utils/nnet_dense_stream.h:97]   --->   Operation 377 'mul' 'mul_ln58_69' <Predicate = true> <Delay = 3.34> <CoreInst = "Multiplier">   --->   Core 3 'Multiplier' <Latency = 1> <II = 1> <Delay = 3.34> <FuncUnit> <Opcode : 'mul'> <InPorts = 2> <OutPorts = 1>
ST_5 : Operation 378 [1/1] (0.00ns)   --->   "%trunc_ln58_61 = partselect i16 @_ssdm_op_PartSelect.i16.i26.i32.i32, i26 %mul_ln58_69, i32 10, i32 25" [firmware/nnet_utils/nnet_dense_resource.h:58->firmware/nnet_utils/nnet_dense_resource.h:262->firmware/nnet_utils/nnet_dense_stream.h:24->firmware/nnet_utils/nnet_dense_stream.h:97]   --->   Operation 378 'partselect' 'trunc_ln58_61' <Predicate = true> <Delay = 0.00>
ST_5 : Operation 379 [1/2] (3.34ns)   --->   "%mul_ln58_70 = mul i26 %sext_ln73_3, i26 %sext_ln73_65" [firmware/nnet_utils/nnet_dense_resource.h:58->firmware/nnet_utils/nnet_dense_resource.h:262->firmware/nnet_utils/nnet_dense_stream.h:24->firmware/nnet_utils/nnet_dense_stream.h:97]   --->   Operation 379 'mul' 'mul_ln58_70' <Predicate = true> <Delay = 3.34> <CoreInst = "Multiplier">   --->   Core 3 'Multiplier' <Latency = 1> <II = 1> <Delay = 3.34> <FuncUnit> <Opcode : 'mul'> <InPorts = 2> <OutPorts = 1>
ST_5 : Operation 380 [1/1] (0.00ns)   --->   "%trunc_ln58_62 = partselect i16 @_ssdm_op_PartSelect.i16.i26.i32.i32, i26 %mul_ln58_70, i32 10, i32 25" [firmware/nnet_utils/nnet_dense_resource.h:58->firmware/nnet_utils/nnet_dense_resource.h:262->firmware/nnet_utils/nnet_dense_stream.h:24->firmware/nnet_utils/nnet_dense_stream.h:97]   --->   Operation 380 'partselect' 'trunc_ln58_62' <Predicate = true> <Delay = 0.00>

State 6 <SV = 5> <Delay = 2.07>
ST_6 : Operation 381 [1/1] (2.07ns)   --->   "%add_ln58 = add i16 %trunc_ln58_8, i16 %trunc_ln" [firmware/nnet_utils/nnet_dense_resource.h:58->firmware/nnet_utils/nnet_dense_resource.h:262->firmware/nnet_utils/nnet_dense_stream.h:24->firmware/nnet_utils/nnet_dense_stream.h:97]   --->   Operation 381 'add' 'add_ln58' <Predicate = true> <Delay = 2.07> <CoreInst = "Adder">   --->   Core 1 'Adder' <Latency = 0> <II = 1> <Delay = 2.07> <FuncUnit> <Opcode : 'add' 'sub'> <InPorts = 2> <OutPorts = 1>
ST_6 : Operation 382 [1/1] (2.07ns)   --->   "%add_ln58_9 = add i16 %trunc_ln58_s, i16 %trunc_ln58_9" [firmware/nnet_utils/nnet_dense_resource.h:58->firmware/nnet_utils/nnet_dense_resource.h:262->firmware/nnet_utils/nnet_dense_stream.h:24->firmware/nnet_utils/nnet_dense_stream.h:97]   --->   Operation 382 'add' 'add_ln58_9' <Predicate = true> <Delay = 2.07> <CoreInst = "Adder">   --->   Core 1 'Adder' <Latency = 0> <II = 1> <Delay = 2.07> <FuncUnit> <Opcode : 'add' 'sub'> <InPorts = 2> <OutPorts = 1>
ST_6 : Operation 383 [1/1] (2.07ns)   --->   "%add_ln58_11 = add i16 %trunc_ln58_2, i16 %trunc_ln58_1" [firmware/nnet_utils/nnet_dense_resource.h:58->firmware/nnet_utils/nnet_dense_resource.h:262->firmware/nnet_utils/nnet_dense_stream.h:24->firmware/nnet_utils/nnet_dense_stream.h:97]   --->   Operation 383 'add' 'add_ln58_11' <Predicate = true> <Delay = 2.07> <CoreInst = "Adder">   --->   Core 1 'Adder' <Latency = 0> <II = 1> <Delay = 2.07> <FuncUnit> <Opcode : 'add' 'sub'> <InPorts = 2> <OutPorts = 1>
ST_6 : Operation 384 [1/1] (2.07ns)   --->   "%add_ln58_13 = add i16 %trunc_ln58_4, i16 %trunc_ln58_3" [firmware/nnet_utils/nnet_dense_resource.h:58->firmware/nnet_utils/nnet_dense_resource.h:262->firmware/nnet_utils/nnet_dense_stream.h:24->firmware/nnet_utils/nnet_dense_stream.h:97]   --->   Operation 384 'add' 'add_ln58_13' <Predicate = true> <Delay = 2.07> <CoreInst = "Adder">   --->   Core 1 'Adder' <Latency = 0> <II = 1> <Delay = 2.07> <FuncUnit> <Opcode : 'add' 'sub'> <InPorts = 2> <OutPorts = 1>
ST_6 : Operation 385 [1/1] (2.07ns)   --->   "%add_ln58_15 = add i16 %trunc_ln58_6, i16 %trunc_ln58_5" [firmware/nnet_utils/nnet_dense_resource.h:58->firmware/nnet_utils/nnet_dense_resource.h:262->firmware/nnet_utils/nnet_dense_stream.h:24->firmware/nnet_utils/nnet_dense_stream.h:97]   --->   Operation 385 'add' 'add_ln58_15' <Predicate = true> <Delay = 2.07> <CoreInst = "Adder">   --->   Core 1 'Adder' <Latency = 0> <II = 1> <Delay = 2.07> <FuncUnit> <Opcode : 'add' 'sub'> <InPorts = 2> <OutPorts = 1>
ST_6 : Operation 386 [1/1] (2.07ns)   --->   "%add_ln58_17 = add i16 %trunc_ln58_10, i16 %trunc_ln58_7" [firmware/nnet_utils/nnet_dense_resource.h:58->firmware/nnet_utils/nnet_dense_resource.h:262->firmware/nnet_utils/nnet_dense_stream.h:24->firmware/nnet_utils/nnet_dense_stream.h:97]   --->   Operation 386 'add' 'add_ln58_17' <Predicate = true> <Delay = 2.07> <CoreInst = "Adder">   --->   Core 1 'Adder' <Latency = 0> <II = 1> <Delay = 2.07> <FuncUnit> <Opcode : 'add' 'sub'> <InPorts = 2> <OutPorts = 1>
ST_6 : Operation 387 [1/1] (2.07ns)   --->   "%add_ln58_19 = add i16 %trunc_ln58_12, i16 %trunc_ln58_11" [firmware/nnet_utils/nnet_dense_resource.h:58->firmware/nnet_utils/nnet_dense_resource.h:262->firmware/nnet_utils/nnet_dense_stream.h:24->firmware/nnet_utils/nnet_dense_stream.h:97]   --->   Operation 387 'add' 'add_ln58_19' <Predicate = true> <Delay = 2.07> <CoreInst = "Adder">   --->   Core 1 'Adder' <Latency = 0> <II = 1> <Delay = 2.07> <FuncUnit> <Opcode : 'add' 'sub'> <InPorts = 2> <OutPorts = 1>
ST_6 : Operation 388 [1/1] (2.07ns)   --->   "%add_ln58_21 = add i16 %trunc_ln58_14, i16 %trunc_ln58_13" [firmware/nnet_utils/nnet_dense_resource.h:58->firmware/nnet_utils/nnet_dense_resource.h:262->firmware/nnet_utils/nnet_dense_stream.h:24->firmware/nnet_utils/nnet_dense_stream.h:97]   --->   Operation 388 'add' 'add_ln58_21' <Predicate = true> <Delay = 2.07> <CoreInst = "Adder">   --->   Core 1 'Adder' <Latency = 0> <II = 1> <Delay = 2.07> <FuncUnit> <Opcode : 'add' 'sub'> <InPorts = 2> <OutPorts = 1>
ST_6 : Operation 389 [1/1] (2.07ns)   --->   "%add_ln58_23 = add i16 %trunc_ln58_16, i16 %trunc_ln58_15" [firmware/nnet_utils/nnet_dense_resource.h:58->firmware/nnet_utils/nnet_dense_resource.h:262->firmware/nnet_utils/nnet_dense_stream.h:24->firmware/nnet_utils/nnet_dense_stream.h:97]   --->   Operation 389 'add' 'add_ln58_23' <Predicate = true> <Delay = 2.07> <CoreInst = "Adder">   --->   Core 1 'Adder' <Latency = 0> <II = 1> <Delay = 2.07> <FuncUnit> <Opcode : 'add' 'sub'> <InPorts = 2> <OutPorts = 1>
ST_6 : Operation 390 [1/1] (2.07ns)   --->   "%add_ln58_25 = add i16 %trunc_ln58_18, i16 %trunc_ln58_17" [firmware/nnet_utils/nnet_dense_resource.h:58->firmware/nnet_utils/nnet_dense_resource.h:262->firmware/nnet_utils/nnet_dense_stream.h:24->firmware/nnet_utils/nnet_dense_stream.h:97]   --->   Operation 390 'add' 'add_ln58_25' <Predicate = true> <Delay = 2.07> <CoreInst = "Adder">   --->   Core 1 'Adder' <Latency = 0> <II = 1> <Delay = 2.07> <FuncUnit> <Opcode : 'add' 'sub'> <InPorts = 2> <OutPorts = 1>
ST_6 : Operation 391 [1/1] (2.07ns)   --->   "%add_ln58_27 = add i16 %trunc_ln58_20, i16 %trunc_ln58_19" [firmware/nnet_utils/nnet_dense_resource.h:58->firmware/nnet_utils/nnet_dense_resource.h:262->firmware/nnet_utils/nnet_dense_stream.h:24->firmware/nnet_utils/nnet_dense_stream.h:97]   --->   Operation 391 'add' 'add_ln58_27' <Predicate = true> <Delay = 2.07> <CoreInst = "Adder">   --->   Core 1 'Adder' <Latency = 0> <II = 1> <Delay = 2.07> <FuncUnit> <Opcode : 'add' 'sub'> <InPorts = 2> <OutPorts = 1>
ST_6 : Operation 392 [1/1] (2.07ns)   --->   "%add_ln58_29 = add i16 %trunc_ln58_22, i16 %trunc_ln58_21" [firmware/nnet_utils/nnet_dense_resource.h:58->firmware/nnet_utils/nnet_dense_resource.h:262->firmware/nnet_utils/nnet_dense_stream.h:24->firmware/nnet_utils/nnet_dense_stream.h:97]   --->   Operation 392 'add' 'add_ln58_29' <Predicate = true> <Delay = 2.07> <CoreInst = "Adder">   --->   Core 1 'Adder' <Latency = 0> <II = 1> <Delay = 2.07> <FuncUnit> <Opcode : 'add' 'sub'> <InPorts = 2> <OutPorts = 1>
ST_6 : Operation 393 [1/1] (2.07ns)   --->   "%add_ln58_31 = add i16 %trunc_ln58_24, i16 %trunc_ln58_23" [firmware/nnet_utils/nnet_dense_resource.h:58->firmware/nnet_utils/nnet_dense_resource.h:262->firmware/nnet_utils/nnet_dense_stream.h:24->firmware/nnet_utils/nnet_dense_stream.h:97]   --->   Operation 393 'add' 'add_ln58_31' <Predicate = true> <Delay = 2.07> <CoreInst = "Adder">   --->   Core 1 'Adder' <Latency = 0> <II = 1> <Delay = 2.07> <FuncUnit> <Opcode : 'add' 'sub'> <InPorts = 2> <OutPorts = 1>
ST_6 : Operation 394 [1/1] (2.07ns)   --->   "%add_ln58_33 = add i16 %trunc_ln58_26, i16 %trunc_ln58_25" [firmware/nnet_utils/nnet_dense_resource.h:58->firmware/nnet_utils/nnet_dense_resource.h:262->firmware/nnet_utils/nnet_dense_stream.h:24->firmware/nnet_utils/nnet_dense_stream.h:97]   --->   Operation 394 'add' 'add_ln58_33' <Predicate = true> <Delay = 2.07> <CoreInst = "Adder">   --->   Core 1 'Adder' <Latency = 0> <II = 1> <Delay = 2.07> <FuncUnit> <Opcode : 'add' 'sub'> <InPorts = 2> <OutPorts = 1>
ST_6 : Operation 395 [1/1] (2.07ns)   --->   "%add_ln58_35 = add i16 %trunc_ln58_28, i16 %trunc_ln58_27" [firmware/nnet_utils/nnet_dense_resource.h:58->firmware/nnet_utils/nnet_dense_resource.h:262->firmware/nnet_utils/nnet_dense_stream.h:24->firmware/nnet_utils/nnet_dense_stream.h:97]   --->   Operation 395 'add' 'add_ln58_35' <Predicate = true> <Delay = 2.07> <CoreInst = "Adder">   --->   Core 1 'Adder' <Latency = 0> <II = 1> <Delay = 2.07> <FuncUnit> <Opcode : 'add' 'sub'> <InPorts = 2> <OutPorts = 1>
ST_6 : Operation 396 [1/1] (2.07ns)   --->   "%add_ln58_37 = add i16 %trunc_ln58_30, i16 %trunc_ln58_29" [firmware/nnet_utils/nnet_dense_resource.h:58->firmware/nnet_utils/nnet_dense_resource.h:262->firmware/nnet_utils/nnet_dense_stream.h:24->firmware/nnet_utils/nnet_dense_stream.h:97]   --->   Operation 396 'add' 'add_ln58_37' <Predicate = true> <Delay = 2.07> <CoreInst = "Adder">   --->   Core 1 'Adder' <Latency = 0> <II = 1> <Delay = 2.07> <FuncUnit> <Opcode : 'add' 'sub'> <InPorts = 2> <OutPorts = 1>
ST_6 : Operation 397 [1/1] (2.07ns)   --->   "%add_ln58_39 = add i16 %trunc_ln58_32, i16 %trunc_ln58_31" [firmware/nnet_utils/nnet_dense_resource.h:58->firmware/nnet_utils/nnet_dense_resource.h:262->firmware/nnet_utils/nnet_dense_stream.h:24->firmware/nnet_utils/nnet_dense_stream.h:97]   --->   Operation 397 'add' 'add_ln58_39' <Predicate = true> <Delay = 2.07> <CoreInst = "Adder">   --->   Core 1 'Adder' <Latency = 0> <II = 1> <Delay = 2.07> <FuncUnit> <Opcode : 'add' 'sub'> <InPorts = 2> <OutPorts = 1>
ST_6 : Operation 398 [1/1] (2.07ns)   --->   "%add_ln58_41 = add i16 %trunc_ln58_34, i16 %trunc_ln58_33" [firmware/nnet_utils/nnet_dense_resource.h:58->firmware/nnet_utils/nnet_dense_resource.h:262->firmware/nnet_utils/nnet_dense_stream.h:24->firmware/nnet_utils/nnet_dense_stream.h:97]   --->   Operation 398 'add' 'add_ln58_41' <Predicate = true> <Delay = 2.07> <CoreInst = "Adder">   --->   Core 1 'Adder' <Latency = 0> <II = 1> <Delay = 2.07> <FuncUnit> <Opcode : 'add' 'sub'> <InPorts = 2> <OutPorts = 1>
ST_6 : Operation 399 [1/1] (2.07ns)   --->   "%add_ln58_43 = add i16 %trunc_ln58_36, i16 %trunc_ln58_35" [firmware/nnet_utils/nnet_dense_resource.h:58->firmware/nnet_utils/nnet_dense_resource.h:262->firmware/nnet_utils/nnet_dense_stream.h:24->firmware/nnet_utils/nnet_dense_stream.h:97]   --->   Operation 399 'add' 'add_ln58_43' <Predicate = true> <Delay = 2.07> <CoreInst = "Adder">   --->   Core 1 'Adder' <Latency = 0> <II = 1> <Delay = 2.07> <FuncUnit> <Opcode : 'add' 'sub'> <InPorts = 2> <OutPorts = 1>
ST_6 : Operation 400 [1/1] (2.07ns)   --->   "%add_ln58_45 = add i16 %trunc_ln58_38, i16 %trunc_ln58_37" [firmware/nnet_utils/nnet_dense_resource.h:58->firmware/nnet_utils/nnet_dense_resource.h:262->firmware/nnet_utils/nnet_dense_stream.h:24->firmware/nnet_utils/nnet_dense_stream.h:97]   --->   Operation 400 'add' 'add_ln58_45' <Predicate = true> <Delay = 2.07> <CoreInst = "Adder">   --->   Core 1 'Adder' <Latency = 0> <II = 1> <Delay = 2.07> <FuncUnit> <Opcode : 'add' 'sub'> <InPorts = 2> <OutPorts = 1>
ST_6 : Operation 401 [1/1] (2.07ns)   --->   "%add_ln58_47 = add i16 %trunc_ln58_40, i16 %trunc_ln58_39" [firmware/nnet_utils/nnet_dense_resource.h:58->firmware/nnet_utils/nnet_dense_resource.h:262->firmware/nnet_utils/nnet_dense_stream.h:24->firmware/nnet_utils/nnet_dense_stream.h:97]   --->   Operation 401 'add' 'add_ln58_47' <Predicate = true> <Delay = 2.07> <CoreInst = "Adder">   --->   Core 1 'Adder' <Latency = 0> <II = 1> <Delay = 2.07> <FuncUnit> <Opcode : 'add' 'sub'> <InPorts = 2> <OutPorts = 1>
ST_6 : Operation 402 [1/1] (2.07ns)   --->   "%add_ln58_49 = add i16 %trunc_ln58_42, i16 %trunc_ln58_41" [firmware/nnet_utils/nnet_dense_resource.h:58->firmware/nnet_utils/nnet_dense_resource.h:262->firmware/nnet_utils/nnet_dense_stream.h:24->firmware/nnet_utils/nnet_dense_stream.h:97]   --->   Operation 402 'add' 'add_ln58_49' <Predicate = true> <Delay = 2.07> <CoreInst = "Adder">   --->   Core 1 'Adder' <Latency = 0> <II = 1> <Delay = 2.07> <FuncUnit> <Opcode : 'add' 'sub'> <InPorts = 2> <OutPorts = 1>
ST_6 : Operation 403 [1/1] (2.07ns)   --->   "%add_ln58_51 = add i16 %trunc_ln58_44, i16 %trunc_ln58_43" [firmware/nnet_utils/nnet_dense_resource.h:58->firmware/nnet_utils/nnet_dense_resource.h:262->firmware/nnet_utils/nnet_dense_stream.h:24->firmware/nnet_utils/nnet_dense_stream.h:97]   --->   Operation 403 'add' 'add_ln58_51' <Predicate = true> <Delay = 2.07> <CoreInst = "Adder">   --->   Core 1 'Adder' <Latency = 0> <II = 1> <Delay = 2.07> <FuncUnit> <Opcode : 'add' 'sub'> <InPorts = 2> <OutPorts = 1>
ST_6 : Operation 404 [1/1] (2.07ns)   --->   "%add_ln58_53 = add i16 %trunc_ln58_46, i16 %trunc_ln58_45" [firmware/nnet_utils/nnet_dense_resource.h:58->firmware/nnet_utils/nnet_dense_resource.h:262->firmware/nnet_utils/nnet_dense_stream.h:24->firmware/nnet_utils/nnet_dense_stream.h:97]   --->   Operation 404 'add' 'add_ln58_53' <Predicate = true> <Delay = 2.07> <CoreInst = "Adder">   --->   Core 1 'Adder' <Latency = 0> <II = 1> <Delay = 2.07> <FuncUnit> <Opcode : 'add' 'sub'> <InPorts = 2> <OutPorts = 1>
ST_6 : Operation 405 [1/1] (2.07ns)   --->   "%add_ln58_55 = add i16 %trunc_ln58_48, i16 %trunc_ln58_47" [firmware/nnet_utils/nnet_dense_resource.h:58->firmware/nnet_utils/nnet_dense_resource.h:262->firmware/nnet_utils/nnet_dense_stream.h:24->firmware/nnet_utils/nnet_dense_stream.h:97]   --->   Operation 405 'add' 'add_ln58_55' <Predicate = true> <Delay = 2.07> <CoreInst = "Adder">   --->   Core 1 'Adder' <Latency = 0> <II = 1> <Delay = 2.07> <FuncUnit> <Opcode : 'add' 'sub'> <InPorts = 2> <OutPorts = 1>
ST_6 : Operation 406 [1/1] (2.07ns)   --->   "%add_ln58_57 = add i16 %trunc_ln58_50, i16 %trunc_ln58_49" [firmware/nnet_utils/nnet_dense_resource.h:58->firmware/nnet_utils/nnet_dense_resource.h:262->firmware/nnet_utils/nnet_dense_stream.h:24->firmware/nnet_utils/nnet_dense_stream.h:97]   --->   Operation 406 'add' 'add_ln58_57' <Predicate = true> <Delay = 2.07> <CoreInst = "Adder">   --->   Core 1 'Adder' <Latency = 0> <II = 1> <Delay = 2.07> <FuncUnit> <Opcode : 'add' 'sub'> <InPorts = 2> <OutPorts = 1>
ST_6 : Operation 407 [1/1] (2.07ns)   --->   "%add_ln58_59 = add i16 %trunc_ln58_52, i16 %trunc_ln58_51" [firmware/nnet_utils/nnet_dense_resource.h:58->firmware/nnet_utils/nnet_dense_resource.h:262->firmware/nnet_utils/nnet_dense_stream.h:24->firmware/nnet_utils/nnet_dense_stream.h:97]   --->   Operation 407 'add' 'add_ln58_59' <Predicate = true> <Delay = 2.07> <CoreInst = "Adder">   --->   Core 1 'Adder' <Latency = 0> <II = 1> <Delay = 2.07> <FuncUnit> <Opcode : 'add' 'sub'> <InPorts = 2> <OutPorts = 1>
ST_6 : Operation 408 [1/1] (2.07ns)   --->   "%add_ln58_61 = add i16 %trunc_ln58_54, i16 %trunc_ln58_53" [firmware/nnet_utils/nnet_dense_resource.h:58->firmware/nnet_utils/nnet_dense_resource.h:262->firmware/nnet_utils/nnet_dense_stream.h:24->firmware/nnet_utils/nnet_dense_stream.h:97]   --->   Operation 408 'add' 'add_ln58_61' <Predicate = true> <Delay = 2.07> <CoreInst = "Adder">   --->   Core 1 'Adder' <Latency = 0> <II = 1> <Delay = 2.07> <FuncUnit> <Opcode : 'add' 'sub'> <InPorts = 2> <OutPorts = 1>
ST_6 : Operation 409 [1/1] (2.07ns)   --->   "%add_ln58_63 = add i16 %trunc_ln58_56, i16 %trunc_ln58_55" [firmware/nnet_utils/nnet_dense_resource.h:58->firmware/nnet_utils/nnet_dense_resource.h:262->firmware/nnet_utils/nnet_dense_stream.h:24->firmware/nnet_utils/nnet_dense_stream.h:97]   --->   Operation 409 'add' 'add_ln58_63' <Predicate = true> <Delay = 2.07> <CoreInst = "Adder">   --->   Core 1 'Adder' <Latency = 0> <II = 1> <Delay = 2.07> <FuncUnit> <Opcode : 'add' 'sub'> <InPorts = 2> <OutPorts = 1>
ST_6 : Operation 410 [1/1] (2.07ns)   --->   "%add_ln58_65 = add i16 %trunc_ln58_58, i16 %trunc_ln58_57" [firmware/nnet_utils/nnet_dense_resource.h:58->firmware/nnet_utils/nnet_dense_resource.h:262->firmware/nnet_utils/nnet_dense_stream.h:24->firmware/nnet_utils/nnet_dense_stream.h:97]   --->   Operation 410 'add' 'add_ln58_65' <Predicate = true> <Delay = 2.07> <CoreInst = "Adder">   --->   Core 1 'Adder' <Latency = 0> <II = 1> <Delay = 2.07> <FuncUnit> <Opcode : 'add' 'sub'> <InPorts = 2> <OutPorts = 1>
ST_6 : Operation 411 [1/1] (2.07ns)   --->   "%add_ln58_67 = add i16 %trunc_ln58_60, i16 %trunc_ln58_59" [firmware/nnet_utils/nnet_dense_resource.h:58->firmware/nnet_utils/nnet_dense_resource.h:262->firmware/nnet_utils/nnet_dense_stream.h:24->firmware/nnet_utils/nnet_dense_stream.h:97]   --->   Operation 411 'add' 'add_ln58_67' <Predicate = true> <Delay = 2.07> <CoreInst = "Adder">   --->   Core 1 'Adder' <Latency = 0> <II = 1> <Delay = 2.07> <FuncUnit> <Opcode : 'add' 'sub'> <InPorts = 2> <OutPorts = 1>
ST_6 : Operation 412 [1/1] (2.07ns)   --->   "%add_ln58_69 = add i16 %trunc_ln58_62, i16 %trunc_ln58_61" [firmware/nnet_utils/nnet_dense_resource.h:58->firmware/nnet_utils/nnet_dense_resource.h:262->firmware/nnet_utils/nnet_dense_stream.h:24->firmware/nnet_utils/nnet_dense_stream.h:97]   --->   Operation 412 'add' 'add_ln58_69' <Predicate = true> <Delay = 2.07> <CoreInst = "Adder">   --->   Core 1 'Adder' <Latency = 0> <II = 1> <Delay = 2.07> <FuncUnit> <Opcode : 'add' 'sub'> <InPorts = 2> <OutPorts = 1>

State 7 <SV = 6> <Delay = 2.07>
ST_7 : Operation 413 [1/1] (0.00ns)   --->   "%res66 = phi i16 862, void %nnet::dense_resource<ap_fixed<16, 6, (ap_q_mode)5, (ap_o_mode)3, 0>, ap_fixed<16, 6, (ap_q_mode)5, (ap_o_mode)3, 0>, config2>.region_begin, i16 %res, void %for.body13.split.i.i, i16 862, void %nnet::dense_resource<ap_fixed<16, 6, (ap_q_mode)5, (ap_o_mode)3, 0>, ap_fixed<16, 6, (ap_q_mode)5, (ap_o_mode)3, 0>, config2>.region_end"   --->   Operation 413 'phi' 'res66' <Predicate = true> <Delay = 0.00>
ST_7 : Operation 414 [1/1] (0.00ns)   --->   "%res_164 = phi i16 809, void %nnet::dense_resource<ap_fixed<16, 6, (ap_q_mode)5, (ap_o_mode)3, 0>, ap_fixed<16, 6, (ap_q_mode)5, (ap_o_mode)3, 0>, config2>.region_begin, i16 %res_1, void %for.body13.split.i.i, i16 809, void %nnet::dense_resource<ap_fixed<16, 6, (ap_q_mode)5, (ap_o_mode)3, 0>, ap_fixed<16, 6, (ap_q_mode)5, (ap_o_mode)3, 0>, config2>.region_end"   --->   Operation 414 'phi' 'res_164' <Predicate = true> <Delay = 0.00>
ST_7 : Operation 415 [1/1] (0.00ns)   --->   "%res_262 = phi i16 664, void %nnet::dense_resource<ap_fixed<16, 6, (ap_q_mode)5, (ap_o_mode)3, 0>, ap_fixed<16, 6, (ap_q_mode)5, (ap_o_mode)3, 0>, config2>.region_begin, i16 %res_2, void %for.body13.split.i.i, i16 664, void %nnet::dense_resource<ap_fixed<16, 6, (ap_q_mode)5, (ap_o_mode)3, 0>, ap_fixed<16, 6, (ap_q_mode)5, (ap_o_mode)3, 0>, config2>.region_end"   --->   Operation 415 'phi' 'res_262' <Predicate = true> <Delay = 0.00>
ST_7 : Operation 416 [1/1] (0.00ns)   --->   "%res_360 = phi i16 72, void %nnet::dense_resource<ap_fixed<16, 6, (ap_q_mode)5, (ap_o_mode)3, 0>, ap_fixed<16, 6, (ap_q_mode)5, (ap_o_mode)3, 0>, config2>.region_begin, i16 %res_3, void %for.body13.split.i.i, i16 72, void %nnet::dense_resource<ap_fixed<16, 6, (ap_q_mode)5, (ap_o_mode)3, 0>, ap_fixed<16, 6, (ap_q_mode)5, (ap_o_mode)3, 0>, config2>.region_end"   --->   Operation 416 'phi' 'res_360' <Predicate = true> <Delay = 0.00>
ST_7 : Operation 417 [1/1] (0.00ns)   --->   "%res_458 = phi i16 418, void %nnet::dense_resource<ap_fixed<16, 6, (ap_q_mode)5, (ap_o_mode)3, 0>, ap_fixed<16, 6, (ap_q_mode)5, (ap_o_mode)3, 0>, config2>.region_begin, i16 %res_4, void %for.body13.split.i.i, i16 418, void %nnet::dense_resource<ap_fixed<16, 6, (ap_q_mode)5, (ap_o_mode)3, 0>, ap_fixed<16, 6, (ap_q_mode)5, (ap_o_mode)3, 0>, config2>.region_end"   --->   Operation 417 'phi' 'res_458' <Predicate = true> <Delay = 0.00>
ST_7 : Operation 418 [1/1] (0.00ns)   --->   "%res_556 = phi i16 0, void %nnet::dense_resource<ap_fixed<16, 6, (ap_q_mode)5, (ap_o_mode)3, 0>, ap_fixed<16, 6, (ap_q_mode)5, (ap_o_mode)3, 0>, config2>.region_begin, i16 %res_5, void %for.body13.split.i.i, i16 0, void %nnet::dense_resource<ap_fixed<16, 6, (ap_q_mode)5, (ap_o_mode)3, 0>, ap_fixed<16, 6, (ap_q_mode)5, (ap_o_mode)3, 0>, config2>.region_end"   --->   Operation 418 'phi' 'res_556' <Predicate = true> <Delay = 0.00>
ST_7 : Operation 419 [1/1] (0.00ns)   --->   "%res_654 = phi i16 65145, void %nnet::dense_resource<ap_fixed<16, 6, (ap_q_mode)5, (ap_o_mode)3, 0>, ap_fixed<16, 6, (ap_q_mode)5, (ap_o_mode)3, 0>, config2>.region_begin, i16 %res_6, void %for.body13.split.i.i, i16 65145, void %nnet::dense_resource<ap_fixed<16, 6, (ap_q_mode)5, (ap_o_mode)3, 0>, ap_fixed<16, 6, (ap_q_mode)5, (ap_o_mode)3, 0>, config2>.region_end"   --->   Operation 419 'phi' 'res_654' <Predicate = true> <Delay = 0.00>
ST_7 : Operation 420 [1/1] (0.00ns)   --->   "%res_752 = phi i16 485, void %nnet::dense_resource<ap_fixed<16, 6, (ap_q_mode)5, (ap_o_mode)3, 0>, ap_fixed<16, 6, (ap_q_mode)5, (ap_o_mode)3, 0>, config2>.region_begin, i16 %res_7, void %for.body13.split.i.i, i16 485, void %nnet::dense_resource<ap_fixed<16, 6, (ap_q_mode)5, (ap_o_mode)3, 0>, ap_fixed<16, 6, (ap_q_mode)5, (ap_o_mode)3, 0>, config2>.region_end"   --->   Operation 420 'phi' 'res_752' <Predicate = true> <Delay = 0.00>
ST_7 : Operation 421 [1/1] (0.00ns)   --->   "%res_850 = phi i16 4, void %nnet::dense_resource<ap_fixed<16, 6, (ap_q_mode)5, (ap_o_mode)3, 0>, ap_fixed<16, 6, (ap_q_mode)5, (ap_o_mode)3, 0>, config2>.region_begin, i16 %res_8, void %for.body13.split.i.i, i16 4, void %nnet::dense_resource<ap_fixed<16, 6, (ap_q_mode)5, (ap_o_mode)3, 0>, ap_fixed<16, 6, (ap_q_mode)5, (ap_o_mode)3, 0>, config2>.region_end"   --->   Operation 421 'phi' 'res_850' <Predicate = true> <Delay = 0.00>
ST_7 : Operation 422 [1/1] (0.00ns)   --->   "%res_948 = phi i16 925, void %nnet::dense_resource<ap_fixed<16, 6, (ap_q_mode)5, (ap_o_mode)3, 0>, ap_fixed<16, 6, (ap_q_mode)5, (ap_o_mode)3, 0>, config2>.region_begin, i16 %res_9, void %for.body13.split.i.i, i16 925, void %nnet::dense_resource<ap_fixed<16, 6, (ap_q_mode)5, (ap_o_mode)3, 0>, ap_fixed<16, 6, (ap_q_mode)5, (ap_o_mode)3, 0>, config2>.region_end"   --->   Operation 422 'phi' 'res_948' <Predicate = true> <Delay = 0.00>
ST_7 : Operation 423 [1/1] (0.00ns)   --->   "%res_1046 = phi i16 423, void %nnet::dense_resource<ap_fixed<16, 6, (ap_q_mode)5, (ap_o_mode)3, 0>, ap_fixed<16, 6, (ap_q_mode)5, (ap_o_mode)3, 0>, config2>.region_begin, i16 %res_10, void %for.body13.split.i.i, i16 423, void %nnet::dense_resource<ap_fixed<16, 6, (ap_q_mode)5, (ap_o_mode)3, 0>, ap_fixed<16, 6, (ap_q_mode)5, (ap_o_mode)3, 0>, config2>.region_end"   --->   Operation 423 'phi' 'res_1046' <Predicate = true> <Delay = 0.00>
ST_7 : Operation 424 [1/1] (0.00ns)   --->   "%res_1144 = phi i16 298, void %nnet::dense_resource<ap_fixed<16, 6, (ap_q_mode)5, (ap_o_mode)3, 0>, ap_fixed<16, 6, (ap_q_mode)5, (ap_o_mode)3, 0>, config2>.region_begin, i16 %res_11, void %for.body13.split.i.i, i16 298, void %nnet::dense_resource<ap_fixed<16, 6, (ap_q_mode)5, (ap_o_mode)3, 0>, ap_fixed<16, 6, (ap_q_mode)5, (ap_o_mode)3, 0>, config2>.region_end"   --->   Operation 424 'phi' 'res_1144' <Predicate = true> <Delay = 0.00>
ST_7 : Operation 425 [1/1] (0.00ns)   --->   "%res_1242 = phi i16 191, void %nnet::dense_resource<ap_fixed<16, 6, (ap_q_mode)5, (ap_o_mode)3, 0>, ap_fixed<16, 6, (ap_q_mode)5, (ap_o_mode)3, 0>, config2>.region_begin, i16 %res_12, void %for.body13.split.i.i, i16 191, void %nnet::dense_resource<ap_fixed<16, 6, (ap_q_mode)5, (ap_o_mode)3, 0>, ap_fixed<16, 6, (ap_q_mode)5, (ap_o_mode)3, 0>, config2>.region_end"   --->   Operation 425 'phi' 'res_1242' <Predicate = true> <Delay = 0.00>
ST_7 : Operation 426 [1/1] (0.00ns)   --->   "%res_1340 = phi i16 793, void %nnet::dense_resource<ap_fixed<16, 6, (ap_q_mode)5, (ap_o_mode)3, 0>, ap_fixed<16, 6, (ap_q_mode)5, (ap_o_mode)3, 0>, config2>.region_begin, i16 %res_13, void %for.body13.split.i.i, i16 793, void %nnet::dense_resource<ap_fixed<16, 6, (ap_q_mode)5, (ap_o_mode)3, 0>, ap_fixed<16, 6, (ap_q_mode)5, (ap_o_mode)3, 0>, config2>.region_end"   --->   Operation 426 'phi' 'res_1340' <Predicate = true> <Delay = 0.00>
ST_7 : Operation 427 [1/1] (0.00ns)   --->   "%res_1438 = phi i16 1004, void %nnet::dense_resource<ap_fixed<16, 6, (ap_q_mode)5, (ap_o_mode)3, 0>, ap_fixed<16, 6, (ap_q_mode)5, (ap_o_mode)3, 0>, config2>.region_begin, i16 %res_14, void %for.body13.split.i.i, i16 1004, void %nnet::dense_resource<ap_fixed<16, 6, (ap_q_mode)5, (ap_o_mode)3, 0>, ap_fixed<16, 6, (ap_q_mode)5, (ap_o_mode)3, 0>, config2>.region_end"   --->   Operation 427 'phi' 'res_1438' <Predicate = true> <Delay = 0.00>
ST_7 : Operation 428 [1/1] (0.00ns)   --->   "%res_1536 = phi i16 65501, void %nnet::dense_resource<ap_fixed<16, 6, (ap_q_mode)5, (ap_o_mode)3, 0>, ap_fixed<16, 6, (ap_q_mode)5, (ap_o_mode)3, 0>, config2>.region_begin, i16 %res_15, void %for.body13.split.i.i, i16 65501, void %nnet::dense_resource<ap_fixed<16, 6, (ap_q_mode)5, (ap_o_mode)3, 0>, ap_fixed<16, 6, (ap_q_mode)5, (ap_o_mode)3, 0>, config2>.region_end"   --->   Operation 428 'phi' 'res_1536' <Predicate = true> <Delay = 0.00>
ST_7 : Operation 429 [1/1] (0.00ns)   --->   "%res_1634 = phi i16 139, void %nnet::dense_resource<ap_fixed<16, 6, (ap_q_mode)5, (ap_o_mode)3, 0>, ap_fixed<16, 6, (ap_q_mode)5, (ap_o_mode)3, 0>, config2>.region_begin, i16 %res_16, void %for.body13.split.i.i, i16 139, void %nnet::dense_resource<ap_fixed<16, 6, (ap_q_mode)5, (ap_o_mode)3, 0>, ap_fixed<16, 6, (ap_q_mode)5, (ap_o_mode)3, 0>, config2>.region_end"   --->   Operation 429 'phi' 'res_1634' <Predicate = true> <Delay = 0.00>
ST_7 : Operation 430 [1/1] (0.00ns)   --->   "%res_1732 = phi i16 65015, void %nnet::dense_resource<ap_fixed<16, 6, (ap_q_mode)5, (ap_o_mode)3, 0>, ap_fixed<16, 6, (ap_q_mode)5, (ap_o_mode)3, 0>, config2>.region_begin, i16 %res_17, void %for.body13.split.i.i, i16 65015, void %nnet::dense_resource<ap_fixed<16, 6, (ap_q_mode)5, (ap_o_mode)3, 0>, ap_fixed<16, 6, (ap_q_mode)5, (ap_o_mode)3, 0>, config2>.region_end"   --->   Operation 430 'phi' 'res_1732' <Predicate = true> <Delay = 0.00>
ST_7 : Operation 431 [1/1] (0.00ns)   --->   "%res_1830 = phi i16 286, void %nnet::dense_resource<ap_fixed<16, 6, (ap_q_mode)5, (ap_o_mode)3, 0>, ap_fixed<16, 6, (ap_q_mode)5, (ap_o_mode)3, 0>, config2>.region_begin, i16 %res_18, void %for.body13.split.i.i, i16 286, void %nnet::dense_resource<ap_fixed<16, 6, (ap_q_mode)5, (ap_o_mode)3, 0>, ap_fixed<16, 6, (ap_q_mode)5, (ap_o_mode)3, 0>, config2>.region_end"   --->   Operation 431 'phi' 'res_1830' <Predicate = true> <Delay = 0.00>
ST_7 : Operation 432 [1/1] (0.00ns)   --->   "%res_1928 = phi i16 65367, void %nnet::dense_resource<ap_fixed<16, 6, (ap_q_mode)5, (ap_o_mode)3, 0>, ap_fixed<16, 6, (ap_q_mode)5, (ap_o_mode)3, 0>, config2>.region_begin, i16 %res_19, void %for.body13.split.i.i, i16 65367, void %nnet::dense_resource<ap_fixed<16, 6, (ap_q_mode)5, (ap_o_mode)3, 0>, ap_fixed<16, 6, (ap_q_mode)5, (ap_o_mode)3, 0>, config2>.region_end"   --->   Operation 432 'phi' 'res_1928' <Predicate = true> <Delay = 0.00>
ST_7 : Operation 433 [1/1] (0.00ns)   --->   "%res_2026 = phi i16 117, void %nnet::dense_resource<ap_fixed<16, 6, (ap_q_mode)5, (ap_o_mode)3, 0>, ap_fixed<16, 6, (ap_q_mode)5, (ap_o_mode)3, 0>, config2>.region_begin, i16 %res_20, void %for.body13.split.i.i, i16 117, void %nnet::dense_resource<ap_fixed<16, 6, (ap_q_mode)5, (ap_o_mode)3, 0>, ap_fixed<16, 6, (ap_q_mode)5, (ap_o_mode)3, 0>, config2>.region_end"   --->   Operation 433 'phi' 'res_2026' <Predicate = true> <Delay = 0.00>
ST_7 : Operation 434 [1/1] (0.00ns)   --->   "%res_2124 = phi i16 473, void %nnet::dense_resource<ap_fixed<16, 6, (ap_q_mode)5, (ap_o_mode)3, 0>, ap_fixed<16, 6, (ap_q_mode)5, (ap_o_mode)3, 0>, config2>.region_begin, i16 %res_21, void %for.body13.split.i.i, i16 473, void %nnet::dense_resource<ap_fixed<16, 6, (ap_q_mode)5, (ap_o_mode)3, 0>, ap_fixed<16, 6, (ap_q_mode)5, (ap_o_mode)3, 0>, config2>.region_end"   --->   Operation 434 'phi' 'res_2124' <Predicate = true> <Delay = 0.00>
ST_7 : Operation 435 [1/1] (0.00ns)   --->   "%res_2222 = phi i16 55, void %nnet::dense_resource<ap_fixed<16, 6, (ap_q_mode)5, (ap_o_mode)3, 0>, ap_fixed<16, 6, (ap_q_mode)5, (ap_o_mode)3, 0>, config2>.region_begin, i16 %res_22, void %for.body13.split.i.i, i16 55, void %nnet::dense_resource<ap_fixed<16, 6, (ap_q_mode)5, (ap_o_mode)3, 0>, ap_fixed<16, 6, (ap_q_mode)5, (ap_o_mode)3, 0>, config2>.region_end"   --->   Operation 435 'phi' 'res_2222' <Predicate = true> <Delay = 0.00>
ST_7 : Operation 436 [1/1] (0.00ns)   --->   "%res_2320 = phi i16 65249, void %nnet::dense_resource<ap_fixed<16, 6, (ap_q_mode)5, (ap_o_mode)3, 0>, ap_fixed<16, 6, (ap_q_mode)5, (ap_o_mode)3, 0>, config2>.region_begin, i16 %res_23, void %for.body13.split.i.i, i16 65249, void %nnet::dense_resource<ap_fixed<16, 6, (ap_q_mode)5, (ap_o_mode)3, 0>, ap_fixed<16, 6, (ap_q_mode)5, (ap_o_mode)3, 0>, config2>.region_end"   --->   Operation 436 'phi' 'res_2320' <Predicate = true> <Delay = 0.00>
ST_7 : Operation 437 [1/1] (0.00ns)   --->   "%res_2418 = phi i16 883, void %nnet::dense_resource<ap_fixed<16, 6, (ap_q_mode)5, (ap_o_mode)3, 0>, ap_fixed<16, 6, (ap_q_mode)5, (ap_o_mode)3, 0>, config2>.region_begin, i16 %res_24, void %for.body13.split.i.i, i16 883, void %nnet::dense_resource<ap_fixed<16, 6, (ap_q_mode)5, (ap_o_mode)3, 0>, ap_fixed<16, 6, (ap_q_mode)5, (ap_o_mode)3, 0>, config2>.region_end"   --->   Operation 437 'phi' 'res_2418' <Predicate = true> <Delay = 0.00>
ST_7 : Operation 438 [1/1] (0.00ns)   --->   "%res_2516 = phi i16 65530, void %nnet::dense_resource<ap_fixed<16, 6, (ap_q_mode)5, (ap_o_mode)3, 0>, ap_fixed<16, 6, (ap_q_mode)5, (ap_o_mode)3, 0>, config2>.region_begin, i16 %res_25, void %for.body13.split.i.i, i16 65530, void %nnet::dense_resource<ap_fixed<16, 6, (ap_q_mode)5, (ap_o_mode)3, 0>, ap_fixed<16, 6, (ap_q_mode)5, (ap_o_mode)3, 0>, config2>.region_end"   --->   Operation 438 'phi' 'res_2516' <Predicate = true> <Delay = 0.00>
ST_7 : Operation 439 [1/1] (0.00ns)   --->   "%res_2614 = phi i16 443, void %nnet::dense_resource<ap_fixed<16, 6, (ap_q_mode)5, (ap_o_mode)3, 0>, ap_fixed<16, 6, (ap_q_mode)5, (ap_o_mode)3, 0>, config2>.region_begin, i16 %res_26, void %for.body13.split.i.i, i16 443, void %nnet::dense_resource<ap_fixed<16, 6, (ap_q_mode)5, (ap_o_mode)3, 0>, ap_fixed<16, 6, (ap_q_mode)5, (ap_o_mode)3, 0>, config2>.region_end"   --->   Operation 439 'phi' 'res_2614' <Predicate = true> <Delay = 0.00>
ST_7 : Operation 440 [1/1] (0.00ns)   --->   "%res_2712 = phi i16 111, void %nnet::dense_resource<ap_fixed<16, 6, (ap_q_mode)5, (ap_o_mode)3, 0>, ap_fixed<16, 6, (ap_q_mode)5, (ap_o_mode)3, 0>, config2>.region_begin, i16 %res_27, void %for.body13.split.i.i, i16 111, void %nnet::dense_resource<ap_fixed<16, 6, (ap_q_mode)5, (ap_o_mode)3, 0>, ap_fixed<16, 6, (ap_q_mode)5, (ap_o_mode)3, 0>, config2>.region_end"   --->   Operation 440 'phi' 'res_2712' <Predicate = true> <Delay = 0.00>
ST_7 : Operation 441 [1/1] (0.00ns)   --->   "%res_2810 = phi i16 460, void %nnet::dense_resource<ap_fixed<16, 6, (ap_q_mode)5, (ap_o_mode)3, 0>, ap_fixed<16, 6, (ap_q_mode)5, (ap_o_mode)3, 0>, config2>.region_begin, i16 %res_28, void %for.body13.split.i.i, i16 460, void %nnet::dense_resource<ap_fixed<16, 6, (ap_q_mode)5, (ap_o_mode)3, 0>, ap_fixed<16, 6, (ap_q_mode)5, (ap_o_mode)3, 0>, config2>.region_end"   --->   Operation 441 'phi' 'res_2810' <Predicate = true> <Delay = 0.00>
ST_7 : Operation 442 [1/1] (0.00ns)   --->   "%res_298 = phi i16 276, void %nnet::dense_resource<ap_fixed<16, 6, (ap_q_mode)5, (ap_o_mode)3, 0>, ap_fixed<16, 6, (ap_q_mode)5, (ap_o_mode)3, 0>, config2>.region_begin, i16 %res_29, void %for.body13.split.i.i, i16 276, void %nnet::dense_resource<ap_fixed<16, 6, (ap_q_mode)5, (ap_o_mode)3, 0>, ap_fixed<16, 6, (ap_q_mode)5, (ap_o_mode)3, 0>, config2>.region_end"   --->   Operation 442 'phi' 'res_298' <Predicate = true> <Delay = 0.00>
ST_7 : Operation 443 [1/1] (0.00ns)   --->   "%res_306 = phi i16 519, void %nnet::dense_resource<ap_fixed<16, 6, (ap_q_mode)5, (ap_o_mode)3, 0>, ap_fixed<16, 6, (ap_q_mode)5, (ap_o_mode)3, 0>, config2>.region_begin, i16 %res_30, void %for.body13.split.i.i, i16 519, void %nnet::dense_resource<ap_fixed<16, 6, (ap_q_mode)5, (ap_o_mode)3, 0>, ap_fixed<16, 6, (ap_q_mode)5, (ap_o_mode)3, 0>, config2>.region_end"   --->   Operation 443 'phi' 'res_306' <Predicate = true> <Delay = 0.00>
ST_7 : Operation 444 [1/1] (0.00ns)   --->   "%res_314 = phi i16 65510, void %nnet::dense_resource<ap_fixed<16, 6, (ap_q_mode)5, (ap_o_mode)3, 0>, ap_fixed<16, 6, (ap_q_mode)5, (ap_o_mode)3, 0>, config2>.region_begin, i16 %res_31, void %for.body13.split.i.i, i16 65510, void %nnet::dense_resource<ap_fixed<16, 6, (ap_q_mode)5, (ap_o_mode)3, 0>, ap_fixed<16, 6, (ap_q_mode)5, (ap_o_mode)3, 0>, config2>.region_end"   --->   Operation 444 'phi' 'res_314' <Predicate = true> <Delay = 0.00>
ST_7 : Operation 445 [1/1] (0.00ns)   --->   "%specpipeline_ln47 = specpipeline void @_ssdm_op_SpecPipeline, i32 1, i32 0, i32 0, i32 0, void @empty_0" [firmware/nnet_utils/nnet_dense_resource.h:47->firmware/nnet_utils/nnet_dense_resource.h:262->firmware/nnet_utils/nnet_dense_stream.h:24->firmware/nnet_utils/nnet_dense_stream.h:97]   --->   Operation 445 'specpipeline' 'specpipeline_ln47' <Predicate = true> <Delay = 0.00>
ST_7 : Operation 446 [1/1] (0.00ns)   --->   "%speclooptripcount_ln49 = speclooptripcount void @_ssdm_op_SpecLoopTripCount, i64 5, i64 5, i64 5" [firmware/nnet_utils/nnet_dense_resource.h:49->firmware/nnet_utils/nnet_dense_resource.h:262->firmware/nnet_utils/nnet_dense_stream.h:24->firmware/nnet_utils/nnet_dense_stream.h:97]   --->   Operation 446 'speclooptripcount' 'speclooptripcount_ln49' <Predicate = true> <Delay = 0.00>
ST_7 : Operation 447 [1/1] (0.00ns)   --->   "%specloopname_ln46 = specloopname void @_ssdm_op_SpecLoopName, void @empty_4" [firmware/nnet_utils/nnet_dense_resource.h:46->firmware/nnet_utils/nnet_dense_resource.h:262->firmware/nnet_utils/nnet_dense_stream.h:24->firmware/nnet_utils/nnet_dense_stream.h:97]   --->   Operation 447 'specloopname' 'specloopname_ln46' <Predicate = true> <Delay = 0.00>
ST_7 : Operation 448 [1/1] (2.07ns)   --->   "%res = add i16 %res66, i16 %add_ln58" [firmware/nnet_utils/nnet_dense_resource.h:58->firmware/nnet_utils/nnet_dense_resource.h:262->firmware/nnet_utils/nnet_dense_stream.h:24->firmware/nnet_utils/nnet_dense_stream.h:97]   --->   Operation 448 'add' 'res' <Predicate = true> <Delay = 2.07> <CoreInst = "Adder">   --->   Core 1 'Adder' <Latency = 0> <II = 1> <Delay = 2.07> <FuncUnit> <Opcode : 'add' 'sub'> <InPorts = 2> <OutPorts = 1>
ST_7 : Operation 449 [1/1] (2.07ns)   --->   "%res_1 = add i16 %res_164, i16 %add_ln58_9" [firmware/nnet_utils/nnet_dense_resource.h:58->firmware/nnet_utils/nnet_dense_resource.h:262->firmware/nnet_utils/nnet_dense_stream.h:24->firmware/nnet_utils/nnet_dense_stream.h:97]   --->   Operation 449 'add' 'res_1' <Predicate = true> <Delay = 2.07> <CoreInst = "Adder">   --->   Core 1 'Adder' <Latency = 0> <II = 1> <Delay = 2.07> <FuncUnit> <Opcode : 'add' 'sub'> <InPorts = 2> <OutPorts = 1>
ST_7 : Operation 450 [1/1] (2.07ns)   --->   "%res_2 = add i16 %res_262, i16 %add_ln58_11" [firmware/nnet_utils/nnet_dense_resource.h:58->firmware/nnet_utils/nnet_dense_resource.h:262->firmware/nnet_utils/nnet_dense_stream.h:24->firmware/nnet_utils/nnet_dense_stream.h:97]   --->   Operation 450 'add' 'res_2' <Predicate = true> <Delay = 2.07> <CoreInst = "Adder">   --->   Core 1 'Adder' <Latency = 0> <II = 1> <Delay = 2.07> <FuncUnit> <Opcode : 'add' 'sub'> <InPorts = 2> <OutPorts = 1>
ST_7 : Operation 451 [1/1] (2.07ns)   --->   "%res_3 = add i16 %res_360, i16 %add_ln58_13" [firmware/nnet_utils/nnet_dense_resource.h:58->firmware/nnet_utils/nnet_dense_resource.h:262->firmware/nnet_utils/nnet_dense_stream.h:24->firmware/nnet_utils/nnet_dense_stream.h:97]   --->   Operation 451 'add' 'res_3' <Predicate = true> <Delay = 2.07> <CoreInst = "Adder">   --->   Core 1 'Adder' <Latency = 0> <II = 1> <Delay = 2.07> <FuncUnit> <Opcode : 'add' 'sub'> <InPorts = 2> <OutPorts = 1>
ST_7 : Operation 452 [1/1] (2.07ns)   --->   "%res_4 = add i16 %res_458, i16 %add_ln58_15" [firmware/nnet_utils/nnet_dense_resource.h:58->firmware/nnet_utils/nnet_dense_resource.h:262->firmware/nnet_utils/nnet_dense_stream.h:24->firmware/nnet_utils/nnet_dense_stream.h:97]   --->   Operation 452 'add' 'res_4' <Predicate = true> <Delay = 2.07> <CoreInst = "Adder">   --->   Core 1 'Adder' <Latency = 0> <II = 1> <Delay = 2.07> <FuncUnit> <Opcode : 'add' 'sub'> <InPorts = 2> <OutPorts = 1>
ST_7 : Operation 453 [1/1] (2.07ns)   --->   "%res_5 = add i16 %res_556, i16 %add_ln58_17" [firmware/nnet_utils/nnet_dense_resource.h:58->firmware/nnet_utils/nnet_dense_resource.h:262->firmware/nnet_utils/nnet_dense_stream.h:24->firmware/nnet_utils/nnet_dense_stream.h:97]   --->   Operation 453 'add' 'res_5' <Predicate = true> <Delay = 2.07> <CoreInst = "Adder">   --->   Core 1 'Adder' <Latency = 0> <II = 1> <Delay = 2.07> <FuncUnit> <Opcode : 'add' 'sub'> <InPorts = 2> <OutPorts = 1>
ST_7 : Operation 454 [1/1] (2.07ns)   --->   "%res_6 = add i16 %res_654, i16 %add_ln58_19" [firmware/nnet_utils/nnet_dense_resource.h:58->firmware/nnet_utils/nnet_dense_resource.h:262->firmware/nnet_utils/nnet_dense_stream.h:24->firmware/nnet_utils/nnet_dense_stream.h:97]   --->   Operation 454 'add' 'res_6' <Predicate = true> <Delay = 2.07> <CoreInst = "Adder">   --->   Core 1 'Adder' <Latency = 0> <II = 1> <Delay = 2.07> <FuncUnit> <Opcode : 'add' 'sub'> <InPorts = 2> <OutPorts = 1>
ST_7 : Operation 455 [1/1] (2.07ns)   --->   "%res_7 = add i16 %res_752, i16 %add_ln58_21" [firmware/nnet_utils/nnet_dense_resource.h:58->firmware/nnet_utils/nnet_dense_resource.h:262->firmware/nnet_utils/nnet_dense_stream.h:24->firmware/nnet_utils/nnet_dense_stream.h:97]   --->   Operation 455 'add' 'res_7' <Predicate = true> <Delay = 2.07> <CoreInst = "Adder">   --->   Core 1 'Adder' <Latency = 0> <II = 1> <Delay = 2.07> <FuncUnit> <Opcode : 'add' 'sub'> <InPorts = 2> <OutPorts = 1>
ST_7 : Operation 456 [1/1] (2.07ns)   --->   "%res_8 = add i16 %res_850, i16 %add_ln58_23" [firmware/nnet_utils/nnet_dense_resource.h:58->firmware/nnet_utils/nnet_dense_resource.h:262->firmware/nnet_utils/nnet_dense_stream.h:24->firmware/nnet_utils/nnet_dense_stream.h:97]   --->   Operation 456 'add' 'res_8' <Predicate = true> <Delay = 2.07> <CoreInst = "Adder">   --->   Core 1 'Adder' <Latency = 0> <II = 1> <Delay = 2.07> <FuncUnit> <Opcode : 'add' 'sub'> <InPorts = 2> <OutPorts = 1>
ST_7 : Operation 457 [1/1] (2.07ns)   --->   "%res_9 = add i16 %res_948, i16 %add_ln58_25" [firmware/nnet_utils/nnet_dense_resource.h:58->firmware/nnet_utils/nnet_dense_resource.h:262->firmware/nnet_utils/nnet_dense_stream.h:24->firmware/nnet_utils/nnet_dense_stream.h:97]   --->   Operation 457 'add' 'res_9' <Predicate = true> <Delay = 2.07> <CoreInst = "Adder">   --->   Core 1 'Adder' <Latency = 0> <II = 1> <Delay = 2.07> <FuncUnit> <Opcode : 'add' 'sub'> <InPorts = 2> <OutPorts = 1>
ST_7 : Operation 458 [1/1] (2.07ns)   --->   "%res_10 = add i16 %res_1046, i16 %add_ln58_27" [firmware/nnet_utils/nnet_dense_resource.h:58->firmware/nnet_utils/nnet_dense_resource.h:262->firmware/nnet_utils/nnet_dense_stream.h:24->firmware/nnet_utils/nnet_dense_stream.h:97]   --->   Operation 458 'add' 'res_10' <Predicate = true> <Delay = 2.07> <CoreInst = "Adder">   --->   Core 1 'Adder' <Latency = 0> <II = 1> <Delay = 2.07> <FuncUnit> <Opcode : 'add' 'sub'> <InPorts = 2> <OutPorts = 1>
ST_7 : Operation 459 [1/1] (2.07ns)   --->   "%res_11 = add i16 %res_1144, i16 %add_ln58_29" [firmware/nnet_utils/nnet_dense_resource.h:58->firmware/nnet_utils/nnet_dense_resource.h:262->firmware/nnet_utils/nnet_dense_stream.h:24->firmware/nnet_utils/nnet_dense_stream.h:97]   --->   Operation 459 'add' 'res_11' <Predicate = true> <Delay = 2.07> <CoreInst = "Adder">   --->   Core 1 'Adder' <Latency = 0> <II = 1> <Delay = 2.07> <FuncUnit> <Opcode : 'add' 'sub'> <InPorts = 2> <OutPorts = 1>
ST_7 : Operation 460 [1/1] (2.07ns)   --->   "%res_12 = add i16 %res_1242, i16 %add_ln58_31" [firmware/nnet_utils/nnet_dense_resource.h:58->firmware/nnet_utils/nnet_dense_resource.h:262->firmware/nnet_utils/nnet_dense_stream.h:24->firmware/nnet_utils/nnet_dense_stream.h:97]   --->   Operation 460 'add' 'res_12' <Predicate = true> <Delay = 2.07> <CoreInst = "Adder">   --->   Core 1 'Adder' <Latency = 0> <II = 1> <Delay = 2.07> <FuncUnit> <Opcode : 'add' 'sub'> <InPorts = 2> <OutPorts = 1>
ST_7 : Operation 461 [1/1] (2.07ns)   --->   "%res_13 = add i16 %res_1340, i16 %add_ln58_33" [firmware/nnet_utils/nnet_dense_resource.h:58->firmware/nnet_utils/nnet_dense_resource.h:262->firmware/nnet_utils/nnet_dense_stream.h:24->firmware/nnet_utils/nnet_dense_stream.h:97]   --->   Operation 461 'add' 'res_13' <Predicate = true> <Delay = 2.07> <CoreInst = "Adder">   --->   Core 1 'Adder' <Latency = 0> <II = 1> <Delay = 2.07> <FuncUnit> <Opcode : 'add' 'sub'> <InPorts = 2> <OutPorts = 1>
ST_7 : Operation 462 [1/1] (2.07ns)   --->   "%res_14 = add i16 %res_1438, i16 %add_ln58_35" [firmware/nnet_utils/nnet_dense_resource.h:58->firmware/nnet_utils/nnet_dense_resource.h:262->firmware/nnet_utils/nnet_dense_stream.h:24->firmware/nnet_utils/nnet_dense_stream.h:97]   --->   Operation 462 'add' 'res_14' <Predicate = true> <Delay = 2.07> <CoreInst = "Adder">   --->   Core 1 'Adder' <Latency = 0> <II = 1> <Delay = 2.07> <FuncUnit> <Opcode : 'add' 'sub'> <InPorts = 2> <OutPorts = 1>
ST_7 : Operation 463 [1/1] (2.07ns)   --->   "%res_15 = add i16 %res_1536, i16 %add_ln58_37" [firmware/nnet_utils/nnet_dense_resource.h:58->firmware/nnet_utils/nnet_dense_resource.h:262->firmware/nnet_utils/nnet_dense_stream.h:24->firmware/nnet_utils/nnet_dense_stream.h:97]   --->   Operation 463 'add' 'res_15' <Predicate = true> <Delay = 2.07> <CoreInst = "Adder">   --->   Core 1 'Adder' <Latency = 0> <II = 1> <Delay = 2.07> <FuncUnit> <Opcode : 'add' 'sub'> <InPorts = 2> <OutPorts = 1>
ST_7 : Operation 464 [1/1] (2.07ns)   --->   "%res_16 = add i16 %res_1634, i16 %add_ln58_39" [firmware/nnet_utils/nnet_dense_resource.h:58->firmware/nnet_utils/nnet_dense_resource.h:262->firmware/nnet_utils/nnet_dense_stream.h:24->firmware/nnet_utils/nnet_dense_stream.h:97]   --->   Operation 464 'add' 'res_16' <Predicate = true> <Delay = 2.07> <CoreInst = "Adder">   --->   Core 1 'Adder' <Latency = 0> <II = 1> <Delay = 2.07> <FuncUnit> <Opcode : 'add' 'sub'> <InPorts = 2> <OutPorts = 1>
ST_7 : Operation 465 [1/1] (2.07ns)   --->   "%res_17 = add i16 %res_1732, i16 %add_ln58_41" [firmware/nnet_utils/nnet_dense_resource.h:58->firmware/nnet_utils/nnet_dense_resource.h:262->firmware/nnet_utils/nnet_dense_stream.h:24->firmware/nnet_utils/nnet_dense_stream.h:97]   --->   Operation 465 'add' 'res_17' <Predicate = true> <Delay = 2.07> <CoreInst = "Adder">   --->   Core 1 'Adder' <Latency = 0> <II = 1> <Delay = 2.07> <FuncUnit> <Opcode : 'add' 'sub'> <InPorts = 2> <OutPorts = 1>
ST_7 : Operation 466 [1/1] (2.07ns)   --->   "%res_18 = add i16 %res_1830, i16 %add_ln58_43" [firmware/nnet_utils/nnet_dense_resource.h:58->firmware/nnet_utils/nnet_dense_resource.h:262->firmware/nnet_utils/nnet_dense_stream.h:24->firmware/nnet_utils/nnet_dense_stream.h:97]   --->   Operation 466 'add' 'res_18' <Predicate = true> <Delay = 2.07> <CoreInst = "Adder">   --->   Core 1 'Adder' <Latency = 0> <II = 1> <Delay = 2.07> <FuncUnit> <Opcode : 'add' 'sub'> <InPorts = 2> <OutPorts = 1>
ST_7 : Operation 467 [1/1] (2.07ns)   --->   "%res_19 = add i16 %res_1928, i16 %add_ln58_45" [firmware/nnet_utils/nnet_dense_resource.h:58->firmware/nnet_utils/nnet_dense_resource.h:262->firmware/nnet_utils/nnet_dense_stream.h:24->firmware/nnet_utils/nnet_dense_stream.h:97]   --->   Operation 467 'add' 'res_19' <Predicate = true> <Delay = 2.07> <CoreInst = "Adder">   --->   Core 1 'Adder' <Latency = 0> <II = 1> <Delay = 2.07> <FuncUnit> <Opcode : 'add' 'sub'> <InPorts = 2> <OutPorts = 1>
ST_7 : Operation 468 [1/1] (2.07ns)   --->   "%res_20 = add i16 %res_2026, i16 %add_ln58_47" [firmware/nnet_utils/nnet_dense_resource.h:58->firmware/nnet_utils/nnet_dense_resource.h:262->firmware/nnet_utils/nnet_dense_stream.h:24->firmware/nnet_utils/nnet_dense_stream.h:97]   --->   Operation 468 'add' 'res_20' <Predicate = true> <Delay = 2.07> <CoreInst = "Adder">   --->   Core 1 'Adder' <Latency = 0> <II = 1> <Delay = 2.07> <FuncUnit> <Opcode : 'add' 'sub'> <InPorts = 2> <OutPorts = 1>
ST_7 : Operation 469 [1/1] (2.07ns)   --->   "%res_21 = add i16 %res_2124, i16 %add_ln58_49" [firmware/nnet_utils/nnet_dense_resource.h:58->firmware/nnet_utils/nnet_dense_resource.h:262->firmware/nnet_utils/nnet_dense_stream.h:24->firmware/nnet_utils/nnet_dense_stream.h:97]   --->   Operation 469 'add' 'res_21' <Predicate = true> <Delay = 2.07> <CoreInst = "Adder">   --->   Core 1 'Adder' <Latency = 0> <II = 1> <Delay = 2.07> <FuncUnit> <Opcode : 'add' 'sub'> <InPorts = 2> <OutPorts = 1>
ST_7 : Operation 470 [1/1] (2.07ns)   --->   "%res_22 = add i16 %res_2222, i16 %add_ln58_51" [firmware/nnet_utils/nnet_dense_resource.h:58->firmware/nnet_utils/nnet_dense_resource.h:262->firmware/nnet_utils/nnet_dense_stream.h:24->firmware/nnet_utils/nnet_dense_stream.h:97]   --->   Operation 470 'add' 'res_22' <Predicate = true> <Delay = 2.07> <CoreInst = "Adder">   --->   Core 1 'Adder' <Latency = 0> <II = 1> <Delay = 2.07> <FuncUnit> <Opcode : 'add' 'sub'> <InPorts = 2> <OutPorts = 1>
ST_7 : Operation 471 [1/1] (2.07ns)   --->   "%res_23 = add i16 %res_2320, i16 %add_ln58_53" [firmware/nnet_utils/nnet_dense_resource.h:58->firmware/nnet_utils/nnet_dense_resource.h:262->firmware/nnet_utils/nnet_dense_stream.h:24->firmware/nnet_utils/nnet_dense_stream.h:97]   --->   Operation 471 'add' 'res_23' <Predicate = true> <Delay = 2.07> <CoreInst = "Adder">   --->   Core 1 'Adder' <Latency = 0> <II = 1> <Delay = 2.07> <FuncUnit> <Opcode : 'add' 'sub'> <InPorts = 2> <OutPorts = 1>
ST_7 : Operation 472 [1/1] (2.07ns)   --->   "%res_24 = add i16 %res_2418, i16 %add_ln58_55" [firmware/nnet_utils/nnet_dense_resource.h:58->firmware/nnet_utils/nnet_dense_resource.h:262->firmware/nnet_utils/nnet_dense_stream.h:24->firmware/nnet_utils/nnet_dense_stream.h:97]   --->   Operation 472 'add' 'res_24' <Predicate = true> <Delay = 2.07> <CoreInst = "Adder">   --->   Core 1 'Adder' <Latency = 0> <II = 1> <Delay = 2.07> <FuncUnit> <Opcode : 'add' 'sub'> <InPorts = 2> <OutPorts = 1>
ST_7 : Operation 473 [1/1] (2.07ns)   --->   "%res_25 = add i16 %res_2516, i16 %add_ln58_57" [firmware/nnet_utils/nnet_dense_resource.h:58->firmware/nnet_utils/nnet_dense_resource.h:262->firmware/nnet_utils/nnet_dense_stream.h:24->firmware/nnet_utils/nnet_dense_stream.h:97]   --->   Operation 473 'add' 'res_25' <Predicate = true> <Delay = 2.07> <CoreInst = "Adder">   --->   Core 1 'Adder' <Latency = 0> <II = 1> <Delay = 2.07> <FuncUnit> <Opcode : 'add' 'sub'> <InPorts = 2> <OutPorts = 1>
ST_7 : Operation 474 [1/1] (2.07ns)   --->   "%res_26 = add i16 %res_2614, i16 %add_ln58_59" [firmware/nnet_utils/nnet_dense_resource.h:58->firmware/nnet_utils/nnet_dense_resource.h:262->firmware/nnet_utils/nnet_dense_stream.h:24->firmware/nnet_utils/nnet_dense_stream.h:97]   --->   Operation 474 'add' 'res_26' <Predicate = true> <Delay = 2.07> <CoreInst = "Adder">   --->   Core 1 'Adder' <Latency = 0> <II = 1> <Delay = 2.07> <FuncUnit> <Opcode : 'add' 'sub'> <InPorts = 2> <OutPorts = 1>
ST_7 : Operation 475 [1/1] (2.07ns)   --->   "%res_27 = add i16 %res_2712, i16 %add_ln58_61" [firmware/nnet_utils/nnet_dense_resource.h:58->firmware/nnet_utils/nnet_dense_resource.h:262->firmware/nnet_utils/nnet_dense_stream.h:24->firmware/nnet_utils/nnet_dense_stream.h:97]   --->   Operation 475 'add' 'res_27' <Predicate = true> <Delay = 2.07> <CoreInst = "Adder">   --->   Core 1 'Adder' <Latency = 0> <II = 1> <Delay = 2.07> <FuncUnit> <Opcode : 'add' 'sub'> <InPorts = 2> <OutPorts = 1>
ST_7 : Operation 476 [1/1] (2.07ns)   --->   "%res_28 = add i16 %res_2810, i16 %add_ln58_63" [firmware/nnet_utils/nnet_dense_resource.h:58->firmware/nnet_utils/nnet_dense_resource.h:262->firmware/nnet_utils/nnet_dense_stream.h:24->firmware/nnet_utils/nnet_dense_stream.h:97]   --->   Operation 476 'add' 'res_28' <Predicate = true> <Delay = 2.07> <CoreInst = "Adder">   --->   Core 1 'Adder' <Latency = 0> <II = 1> <Delay = 2.07> <FuncUnit> <Opcode : 'add' 'sub'> <InPorts = 2> <OutPorts = 1>
ST_7 : Operation 477 [1/1] (2.07ns)   --->   "%res_29 = add i16 %res_298, i16 %add_ln58_65" [firmware/nnet_utils/nnet_dense_resource.h:58->firmware/nnet_utils/nnet_dense_resource.h:262->firmware/nnet_utils/nnet_dense_stream.h:24->firmware/nnet_utils/nnet_dense_stream.h:97]   --->   Operation 477 'add' 'res_29' <Predicate = true> <Delay = 2.07> <CoreInst = "Adder">   --->   Core 1 'Adder' <Latency = 0> <II = 1> <Delay = 2.07> <FuncUnit> <Opcode : 'add' 'sub'> <InPorts = 2> <OutPorts = 1>
ST_7 : Operation 478 [1/1] (2.07ns)   --->   "%res_30 = add i16 %res_306, i16 %add_ln58_67" [firmware/nnet_utils/nnet_dense_resource.h:58->firmware/nnet_utils/nnet_dense_resource.h:262->firmware/nnet_utils/nnet_dense_stream.h:24->firmware/nnet_utils/nnet_dense_stream.h:97]   --->   Operation 478 'add' 'res_30' <Predicate = true> <Delay = 2.07> <CoreInst = "Adder">   --->   Core 1 'Adder' <Latency = 0> <II = 1> <Delay = 2.07> <FuncUnit> <Opcode : 'add' 'sub'> <InPorts = 2> <OutPorts = 1>
ST_7 : Operation 479 [1/1] (2.07ns)   --->   "%res_31 = add i16 %res_314, i16 %add_ln58_69" [firmware/nnet_utils/nnet_dense_resource.h:58->firmware/nnet_utils/nnet_dense_resource.h:262->firmware/nnet_utils/nnet_dense_stream.h:24->firmware/nnet_utils/nnet_dense_stream.h:97]   --->   Operation 479 'add' 'res_31' <Predicate = true> <Delay = 2.07> <CoreInst = "Adder">   --->   Core 1 'Adder' <Latency = 0> <II = 1> <Delay = 2.07> <FuncUnit> <Opcode : 'add' 'sub'> <InPorts = 2> <OutPorts = 1>

State 8 <SV = 7> <Delay = 1.82>
ST_8 : Operation 480 [1/1] (0.00ns)   --->   "%rend = specregionend i32 @_ssdm_op_SpecRegionEnd, void @nnet_KD_KD_dense_resource_MD_ap_fixed_MD_16_MC_AC_6_MC_AC_IC_ap_q_mode_JC_5_1, i32 %rbegin" [firmware/nnet_utils/nnet_dense_stream.h:53->firmware/nnet_utils/nnet_dense_stream.h:100]   --->   Operation 480 'specregionend' 'rend' <Predicate = (icmp_ln46)> <Delay = 0.00>
ST_8 : Operation 481 [1/1] (0.00ns)   --->   "%p_s = bitconcatenate i512 @_ssdm_op_BitConcatenate.i512.i16.i16.i16.i16.i16.i16.i16.i16.i16.i16.i16.i16.i16.i16.i16.i16.i16.i16.i16.i16.i16.i16.i16.i16.i16.i16.i16.i16.i16.i16.i16.i16, i16 %res_31, i16 %res_30, i16 %res_29, i16 %res_28, i16 %res_27, i16 %res_26, i16 %res_25, i16 %res_24, i16 %res_23, i16 %res_22, i16 %res_21, i16 %res_20, i16 %res_19, i16 %res_18, i16 %res_17, i16 %res_16, i16 %res_15, i16 %res_14, i16 %res_13, i16 %res_12, i16 %res_11, i16 %res_10, i16 %res_9, i16 %res_8, i16 %res_7, i16 %res_6, i16 %res_5, i16 %res_4, i16 %res_3, i16 %res_2, i16 %res_1, i16 %res" [firmware/nnet_utils/nnet_dense_stream.h:77->firmware/nnet_utils/nnet_dense_stream.h:100]   --->   Operation 481 'bitconcatenate' 'p_s' <Predicate = (icmp_ln46)> <Delay = 0.00>
ST_8 : Operation 482 [1/1] (1.82ns)   --->   "%write_ln77 = write void @_ssdm_op_Write.ap_fifo.volatile.i512P0A, i512 %layer2_out, i512 %p_s" [firmware/nnet_utils/nnet_dense_stream.h:77->firmware/nnet_utils/nnet_dense_stream.h:100]   --->   Operation 482 'write' 'write_ln77' <Predicate = (icmp_ln46)> <Delay = 1.82> <CoreInst = "FIFO_SRL">   --->   Core 81 'FIFO_SRL' <Latency = 0> <II = 1> <Delay = 3.63> <Storage> <Opcode : 'read' 'write' 'nbread' 'nbwrite'> <Ports = 0> <Width = 512> <Depth = 1> <FIFO>
ST_8 : Operation 483 [1/1] (0.00ns)   --->   "%return_ln101 = return void @_ssdm_op_Return" [firmware/nnet_utils/nnet_dense_stream.h:101]   --->   Operation 483 'return' 'return_ln101' <Predicate = (icmp_ln46)> <Delay = 0.00>


============================================================
+ Verbose Summary: Timing violations
============================================================
Target clock period: 5.000ns, clock uncertainty: 1.350ns.

 <State 1>: 1.588ns
The critical path consists of the following:
	multiplexor before 'phi' operation ('do_init') [9]  (1.588 ns)

 <State 2>: 3.254ns
The critical path consists of the following:
	'phi' operation ('w_index') with incoming values : ('w_index', firmware/nnet_utils/nnet_dense_resource.h:46->firmware/nnet_utils/nnet_dense_resource.h:262->firmware/nnet_utils/nnet_dense_stream.h:24->firmware/nnet_utils/nnet_dense_stream.h:97) [52]  (0.000 ns)
	'getelementptr' operation ('w2_66_addr', firmware/nnet_utils/nnet_dense_resource.h:59->firmware/nnet_utils/nnet_dense_resource.h:262->firmware/nnet_utils/nnet_dense_stream.h:24->firmware/nnet_utils/nnet_dense_stream.h:97) [84]  (0.000 ns)
	'load' operation ('w2_66_load', firmware/nnet_utils/nnet_dense_resource.h:59->firmware/nnet_utils/nnet_dense_resource.h:262->firmware/nnet_utils/nnet_dense_stream.h:24->firmware/nnet_utils/nnet_dense_stream.h:97) on array 'w2_66' [85]  (3.254 ns)

 <State 3>: 3.534ns
The critical path consists of the following:
	'phi' operation ('data_3172_rewind', firmware/nnet_utils/nnet_dense_stream.h:43->firmware/nnet_utils/nnet_dense_stream.h:93) with incoming values : ('data', firmware/nnet_utils/nnet_dense_stream.h:43->firmware/nnet_utils/nnet_dense_stream.h:93) [15]  (0.000 ns)
	multiplexor before 'phi' operation ('data') with incoming values : ('data', firmware/nnet_utils/nnet_dense_stream.h:43->firmware/nnet_utils/nnet_dense_stream.h:93) [74]  (1.588 ns)
	'phi' operation ('data') with incoming values : ('data', firmware/nnet_utils/nnet_dense_stream.h:43->firmware/nnet_utils/nnet_dense_stream.h:93) [74]  (0.000 ns)
	'mux' operation ('a', firmware/nnet_utils/nnet_dense_stream.h:43->firmware/nnet_utils/nnet_dense_stream.h:93) [83]  (1.946 ns)

 <State 4>: 3.349ns
The critical path consists of the following:
	'mul' operation ('mul_ln58', firmware/nnet_utils/nnet_dense_resource.h:58->firmware/nnet_utils/nnet_dense_resource.h:262->firmware/nnet_utils/nnet_dense_stream.h:24->firmware/nnet_utils/nnet_dense_stream.h:97) [89]  (3.349 ns)

 <State 5>: 3.349ns
The critical path consists of the following:
	'mul' operation ('mul_ln58', firmware/nnet_utils/nnet_dense_resource.h:58->firmware/nnet_utils/nnet_dense_resource.h:262->firmware/nnet_utils/nnet_dense_stream.h:24->firmware/nnet_utils/nnet_dense_stream.h:97) [89]  (3.349 ns)

 <State 6>: 2.077ns
The critical path consists of the following:
	'add' operation ('add_ln58', firmware/nnet_utils/nnet_dense_resource.h:58->firmware/nnet_utils/nnet_dense_resource.h:262->firmware/nnet_utils/nnet_dense_stream.h:24->firmware/nnet_utils/nnet_dense_stream.h:97) [97]  (2.077 ns)

 <State 7>: 2.077ns
The critical path consists of the following:
	'phi' operation ('res') with incoming values : ('res', firmware/nnet_utils/nnet_dense_resource.h:58->firmware/nnet_utils/nnet_dense_resource.h:262->firmware/nnet_utils/nnet_dense_stream.h:24->firmware/nnet_utils/nnet_dense_stream.h:97) [20]  (0.000 ns)
	'add' operation ('res', firmware/nnet_utils/nnet_dense_resource.h:58->firmware/nnet_utils/nnet_dense_resource.h:262->firmware/nnet_utils/nnet_dense_stream.h:24->firmware/nnet_utils/nnet_dense_stream.h:97) [98]  (2.077 ns)

 <State 8>: 1.825ns
The critical path consists of the following:
	fifo write operation ('write_ln77', firmware/nnet_utils/nnet_dense_stream.h:77->firmware/nnet_utils/nnet_dense_stream.h:100) on port 'layer2_out' (firmware/nnet_utils/nnet_dense_stream.h:77->firmware/nnet_utils/nnet_dense_stream.h:100) [415]  (1.825 ns)


============================================================
+ Verbose Summary: Binding
============================================================
N/A
* FSMD analyzer results:
  - Output states:
 - Input state : 
  - Chain level:
	State 1
	State 2
	State 3
	State 4
	State 5
	State 6
	State 7
	State 8


============================================================
+ Verbose Summary: Datapath Resource usage 
============================================================
N/A
