

================================================================
== Vitis HLS Report for 'dense_array_ap_fixed_32u_array_ap_fixed_16_6_5_3_0_32u_config6_s'
================================================================
* Date:           Mon Sep 21 23:26:27 2026

* Version:        2023.1.1 (Build 3869133 on Jun 15 2023)
* Project:        myproject_prj
* Solution:       solution1 (Vivado IP Flow Target)
* Product family: zynq
* Target device:  xc7z020-clg400-1


================================================================
== Performance Estimates
================================================================
+ Timing: 
    * Summary: 
    +--------+---------+----------+------------+
    |  Clock |  Target | Estimated| Uncertainty|
    +--------+---------+----------+------------+
    |ap_clk  |  5.00 ns|  3.415 ns|     1.35 ns|
    +--------+---------+----------+------------+

+ Latency: 
    * Summary: 
    +---------+---------+-----------+-----------+-----+-----+------------------------------------------+
    |  Latency (cycles) |   Latency (absolute)  |  Interval |                 Pipeline                 |
    |   min   |   max   |    min    |    max    | min | max |                   Type                   |
    +---------+---------+-----------+-----------+-----+-----+------------------------------------------+
    |       12|       13|  60.000 ns|  65.000 ns|    4|    4|  loop rewind stp(delay=0 clock cycles(s))|
    +---------+---------+-----------+-----------+-----+-----+------------------------------------------+

    + Detail: 
        * Instance: 
        N/A

        * Loop: 
        +-------------+---------+---------+----------+-----------+-----------+------+----------+
        |             |  Latency (cycles) | Iteration|  Initiation Interval  | Trip |          |
        |  Loop Name  |   min   |   max   |  Latency |  achieved |   target  | Count| Pipelined|
        +-------------+---------+---------+----------+-----------+-----------+------+----------+
        |- ReuseLoop  |       12|       12|        10|          1|          1|     4|       yes|
        +-------------+---------+---------+----------+-----------+-----------+------+----------+

============================================================
+ Verbose Summary: Synthesis Manager
============================================================
InlineROM: 1
ExposeGlobal: 0
============================================================
+ Verbose Summary: CDFG Model
============================================================
IsTopModel: 0
ResetActiveHigh: 1
IsCombinational: 2
IsDatapathOnly: 0
HasWiredReturn: 1
HasMFsm: 2
HasVarLatency: 1
IsPipeline: 0
IsRtlPipelined: 0
IsInstanceOverlapped: 0
IsDontTouch: 0
HasImplIP: 0
IsGatedGlobalClock: 0

+ Individual pipeline summary: 
  * Pipeline-0: initiation interval (II) = 1, depth = 10


============================================================
+ Verbose Summary: Schedule
============================================================
* Number of FSM states : 11
* Pipeline : 1
  Pipeline-0 : II = 1, D = 10, States = { 2 3 4 5 6 7 8 9 10 11 }
* Dataflow Pipeline: 0

* FSM state transitions: 
1 --> 2 
2 --> 3 
3 --> 4 
4 --> 5 
5 --> 6 
6 --> 7 
7 --> 8 
8 --> 9 
9 --> 10 
10 --> 11 
11 --> 2 

* FSM state operations: 

State 1 <SV = 0> <Delay = 1.58>
ST_1 : Operation 12 [1/1] (0.00ns)   --->   "%specinterface_ln0 = specinterface void @_ssdm_op_SpecInterface, i512 %layer6_out, void @empty_0, i32 0, i32 0, void @empty_7, i32 0, i32 0, void @empty_7, void @empty_7, void @empty_7, i32 0, i32 0, i32 0, i32 0, void @empty_7, void @empty_7, i32 4294967295, i32 0"   --->   Operation 12 'specinterface' 'specinterface_ln0' <Predicate = true> <Delay = 0.00>
ST_1 : Operation 13 [1/1] (0.00ns)   --->   "%specinterface_ln0 = specinterface void @_ssdm_op_SpecInterface, i512 %layer5_out, void @empty_0, i32 0, i32 0, void @empty_7, i32 0, i32 0, void @empty_7, void @empty_7, void @empty_7, i32 0, i32 0, i32 0, i32 0, void @empty_7, void @empty_7, i32 4294967295, i32 0"   --->   Operation 13 'specinterface' 'specinterface_ln0' <Predicate = true> <Delay = 0.00>
ST_1 : Operation 14 [1/1] (0.00ns)   --->   "%rbegin = specregionbegin i32 @_ssdm_op_SpecRegionBegin, void @nnet_KD_KD_dense_resource_MD_ap_fixed_MD_16_MC_AC_6_MC_AC_IC_ap_q_mode_JC_5_1" [firmware/nnet_utils/nnet_dense_stream.h:24->firmware/nnet_utils/nnet_dense_stream.h:97]   --->   Operation 14 'specregionbegin' 'rbegin' <Predicate = true> <Delay = 0.00>
ST_1 : Operation 15 [1/1] (1.58ns)   --->   "%br_ln46 = br void %rewind_header" [firmware/nnet_utils/nnet_dense_resource.h:46->firmware/nnet_utils/nnet_dense_resource.h:262->firmware/nnet_utils/nnet_dense_stream.h:24->firmware/nnet_utils/nnet_dense_stream.h:97]   --->   Operation 15 'br' 'br_ln46' <Predicate = true> <Delay = 1.58>

State 2 <SV = 1> <Delay = 1.56>
ST_2 : Operation 16 [1/1] (0.00ns)   --->   "%do_init = phi i1 1, void %nnet::dense_resource<ap_fixed<16, 6, (ap_q_mode)5, (ap_o_mode)3, 0>, ap_fixed<16, 6, (ap_q_mode)5, (ap_o_mode)3, 0>, config6>.region_begin, i1 0, void %for.body13.split.i.i, i1 1, void %nnet::dense_resource<ap_fixed<16, 6, (ap_q_mode)5, (ap_o_mode)3, 0>, ap_fixed<16, 6, (ap_q_mode)5, (ap_o_mode)3, 0>, config6>.region_end"   --->   Operation 16 'phi' 'do_init' <Predicate = true> <Delay = 0.00>
ST_2 : Operation 17 [1/1] (0.00ns)   --->   "%w_index67 = phi i2 0, void %nnet::dense_resource<ap_fixed<16, 6, (ap_q_mode)5, (ap_o_mode)3, 0>, ap_fixed<16, 6, (ap_q_mode)5, (ap_o_mode)3, 0>, config6>.region_begin, i2 %w_index, void %for.body13.split.i.i, i2 0, void %nnet::dense_resource<ap_fixed<16, 6, (ap_q_mode)5, (ap_o_mode)3, 0>, ap_fixed<16, 6, (ap_q_mode)5, (ap_o_mode)3, 0>, config6>.region_end"   --->   Operation 17 'phi' 'w_index67' <Predicate = true> <Delay = 0.00>
ST_2 : Operation 18 [1/1] (1.56ns)   --->   "%w_index = add i2 %w_index67, i2 1" [firmware/nnet_utils/nnet_dense_resource.h:46->firmware/nnet_utils/nnet_dense_resource.h:262->firmware/nnet_utils/nnet_dense_stream.h:24->firmware/nnet_utils/nnet_dense_stream.h:97]   --->   Operation 18 'add' 'w_index' <Predicate = true> <Delay = 1.56> <CoreInst = "Adder">   --->   Core 1 'Adder' <Latency = 0> <II = 1> <Delay = 1.56> <FuncUnit> <Opcode : 'add' 'sub'> <InPorts = 2> <OutPorts = 1>
ST_2 : Operation 19 [1/1] (1.56ns)   --->   "%icmp_ln46 = icmp_eq  i2 %w_index67, i2 3" [firmware/nnet_utils/nnet_dense_resource.h:46->firmware/nnet_utils/nnet_dense_resource.h:262->firmware/nnet_utils/nnet_dense_stream.h:24->firmware/nnet_utils/nnet_dense_stream.h:97]   --->   Operation 19 'icmp' 'icmp_ln46' <Predicate = true> <Delay = 1.56> <CoreInst = "Cmp">   --->   Core 9 'Cmp' <Latency = 0> <II = 1> <Delay = 1.56> <FuncUnit> <Opcode : 'icmp'> <InPorts = 2> <OutPorts = 1>
ST_2 : Operation 20 [1/1] (0.00ns)   --->   "%br_ln46 = br i1 %icmp_ln46, void %rewind_header, void %nnet::dense_resource<ap_fixed<16, 6, (ap_q_mode)5, (ap_o_mode)3, 0>, ap_fixed<16, 6, (ap_q_mode)5, (ap_o_mode)3, 0>, config6>.region_end" [firmware/nnet_utils/nnet_dense_resource.h:46->firmware/nnet_utils/nnet_dense_resource.h:262->firmware/nnet_utils/nnet_dense_stream.h:24->firmware/nnet_utils/nnet_dense_stream.h:97]   --->   Operation 20 'br' 'br_ln46' <Predicate = true> <Delay = 0.00>
ST_2 : Operation 21 [1/1] (0.00ns)   --->   "%br_ln101 = br void %rewind_header" [firmware/nnet_utils/nnet_dense_stream.h:101]   --->   Operation 21 'br' 'br_ln101' <Predicate = (icmp_ln46)> <Delay = 0.00>

State 3 <SV = 2> <Delay = 3.25>
ST_3 : Operation 22 [1/1] (0.00ns)   --->   "%specmemcore_ln0 = specmemcore void @_ssdm_op_SpecMemCore, i4090 %w6, i64 666, i64 38, i64 18446744073709551615"   --->   Operation 22 'specmemcore' 'specmemcore_ln0' <Predicate = (do_init)> <Delay = 0.00>
ST_3 : Operation 23 [1/1] (1.82ns)   --->   "%layer5_out_read = read i512 @_ssdm_op_Read.ap_fifo.volatile.i512P0A, i512 %layer5_out" [firmware/nnet_utils/nnet_dense_stream.h:43->firmware/nnet_utils/nnet_dense_stream.h:93]   --->   Operation 23 'read' 'layer5_out_read' <Predicate = (do_init)> <Delay = 1.82> <CoreInst = "FIFO_SRL">   --->   Core 81 'FIFO_SRL' <Latency = 0> <II = 1> <Delay = 3.63> <Storage> <Opcode : 'read' 'write' 'nbread' 'nbwrite'> <Ports = 0> <Width = 512> <Depth = 1> <FIFO>
ST_3 : Operation 24 [1/1] (0.00ns)   --->   "%data = trunc i512 %layer5_out_read" [firmware/nnet_utils/nnet_dense_stream.h:43->firmware/nnet_utils/nnet_dense_stream.h:93]   --->   Operation 24 'trunc' 'data' <Predicate = (do_init)> <Delay = 0.00>
ST_3 : Operation 25 [1/1] (0.00ns)   --->   "%data_148 = partselect i16 @_ssdm_op_PartSelect.i16.i512.i32.i32, i512 %layer5_out_read, i32 480, i32 495" [firmware/nnet_utils/nnet_dense_stream.h:43->firmware/nnet_utils/nnet_dense_stream.h:93]   --->   Operation 25 'partselect' 'data_148' <Predicate = (do_init)> <Delay = 0.00>
ST_3 : Operation 26 [1/1] (0.00ns)   --->   "%data_149 = partselect i16 @_ssdm_op_PartSelect.i16.i512.i32.i32, i512 %layer5_out_read, i32 496, i32 511" [firmware/nnet_utils/nnet_dense_stream.h:43->firmware/nnet_utils/nnet_dense_stream.h:93]   --->   Operation 26 'partselect' 'data_149' <Predicate = (do_init)> <Delay = 0.00>
ST_3 : Operation 27 [1/1] (0.00ns)   --->   "%data_150 = partselect i16 @_ssdm_op_PartSelect.i16.i512.i32.i32, i512 %layer5_out_read, i32 16, i32 31" [firmware/nnet_utils/nnet_dense_stream.h:43->firmware/nnet_utils/nnet_dense_stream.h:93]   --->   Operation 27 'partselect' 'data_150' <Predicate = (do_init)> <Delay = 0.00>
ST_3 : Operation 28 [1/1] (0.00ns)   --->   "%data_151 = partselect i16 @_ssdm_op_PartSelect.i16.i512.i32.i32, i512 %layer5_out_read, i32 32, i32 47" [firmware/nnet_utils/nnet_dense_stream.h:43->firmware/nnet_utils/nnet_dense_stream.h:93]   --->   Operation 28 'partselect' 'data_151' <Predicate = (do_init)> <Delay = 0.00>
ST_3 : Operation 29 [1/1] (0.00ns)   --->   "%data_152 = partselect i16 @_ssdm_op_PartSelect.i16.i512.i32.i32, i512 %layer5_out_read, i32 48, i32 63" [firmware/nnet_utils/nnet_dense_stream.h:43->firmware/nnet_utils/nnet_dense_stream.h:93]   --->   Operation 29 'partselect' 'data_152' <Predicate = (do_init)> <Delay = 0.00>
ST_3 : Operation 30 [1/1] (0.00ns)   --->   "%data_153 = partselect i16 @_ssdm_op_PartSelect.i16.i512.i32.i32, i512 %layer5_out_read, i32 64, i32 79" [firmware/nnet_utils/nnet_dense_stream.h:43->firmware/nnet_utils/nnet_dense_stream.h:93]   --->   Operation 30 'partselect' 'data_153' <Predicate = (do_init)> <Delay = 0.00>
ST_3 : Operation 31 [1/1] (0.00ns)   --->   "%data_154 = partselect i16 @_ssdm_op_PartSelect.i16.i512.i32.i32, i512 %layer5_out_read, i32 80, i32 95" [firmware/nnet_utils/nnet_dense_stream.h:43->firmware/nnet_utils/nnet_dense_stream.h:93]   --->   Operation 31 'partselect' 'data_154' <Predicate = (do_init)> <Delay = 0.00>
ST_3 : Operation 32 [1/1] (0.00ns)   --->   "%data_155 = partselect i16 @_ssdm_op_PartSelect.i16.i512.i32.i32, i512 %layer5_out_read, i32 96, i32 111" [firmware/nnet_utils/nnet_dense_stream.h:43->firmware/nnet_utils/nnet_dense_stream.h:93]   --->   Operation 32 'partselect' 'data_155' <Predicate = (do_init)> <Delay = 0.00>
ST_3 : Operation 33 [1/1] (0.00ns)   --->   "%data_156 = partselect i16 @_ssdm_op_PartSelect.i16.i512.i32.i32, i512 %layer5_out_read, i32 112, i32 127" [firmware/nnet_utils/nnet_dense_stream.h:43->firmware/nnet_utils/nnet_dense_stream.h:93]   --->   Operation 33 'partselect' 'data_156' <Predicate = (do_init)> <Delay = 0.00>
ST_3 : Operation 34 [1/1] (0.00ns)   --->   "%data_157 = partselect i16 @_ssdm_op_PartSelect.i16.i512.i32.i32, i512 %layer5_out_read, i32 128, i32 143" [firmware/nnet_utils/nnet_dense_stream.h:43->firmware/nnet_utils/nnet_dense_stream.h:93]   --->   Operation 34 'partselect' 'data_157' <Predicate = (do_init)> <Delay = 0.00>
ST_3 : Operation 35 [1/1] (0.00ns)   --->   "%data_158 = partselect i16 @_ssdm_op_PartSelect.i16.i512.i32.i32, i512 %layer5_out_read, i32 144, i32 159" [firmware/nnet_utils/nnet_dense_stream.h:43->firmware/nnet_utils/nnet_dense_stream.h:93]   --->   Operation 35 'partselect' 'data_158' <Predicate = (do_init)> <Delay = 0.00>
ST_3 : Operation 36 [1/1] (0.00ns)   --->   "%data_159 = partselect i16 @_ssdm_op_PartSelect.i16.i512.i32.i32, i512 %layer5_out_read, i32 160, i32 175" [firmware/nnet_utils/nnet_dense_stream.h:43->firmware/nnet_utils/nnet_dense_stream.h:93]   --->   Operation 36 'partselect' 'data_159' <Predicate = (do_init)> <Delay = 0.00>
ST_3 : Operation 37 [1/1] (0.00ns)   --->   "%data_160 = partselect i16 @_ssdm_op_PartSelect.i16.i512.i32.i32, i512 %layer5_out_read, i32 176, i32 191" [firmware/nnet_utils/nnet_dense_stream.h:43->firmware/nnet_utils/nnet_dense_stream.h:93]   --->   Operation 37 'partselect' 'data_160' <Predicate = (do_init)> <Delay = 0.00>
ST_3 : Operation 38 [1/1] (0.00ns)   --->   "%data_161 = partselect i16 @_ssdm_op_PartSelect.i16.i512.i32.i32, i512 %layer5_out_read, i32 192, i32 207" [firmware/nnet_utils/nnet_dense_stream.h:43->firmware/nnet_utils/nnet_dense_stream.h:93]   --->   Operation 38 'partselect' 'data_161' <Predicate = (do_init)> <Delay = 0.00>
ST_3 : Operation 39 [1/1] (0.00ns)   --->   "%data_162 = partselect i16 @_ssdm_op_PartSelect.i16.i512.i32.i32, i512 %layer5_out_read, i32 208, i32 223" [firmware/nnet_utils/nnet_dense_stream.h:43->firmware/nnet_utils/nnet_dense_stream.h:93]   --->   Operation 39 'partselect' 'data_162' <Predicate = (do_init)> <Delay = 0.00>
ST_3 : Operation 40 [1/1] (0.00ns)   --->   "%data_163 = partselect i16 @_ssdm_op_PartSelect.i16.i512.i32.i32, i512 %layer5_out_read, i32 224, i32 239" [firmware/nnet_utils/nnet_dense_stream.h:43->firmware/nnet_utils/nnet_dense_stream.h:93]   --->   Operation 40 'partselect' 'data_163' <Predicate = (do_init)> <Delay = 0.00>
ST_3 : Operation 41 [1/1] (0.00ns)   --->   "%data_164 = partselect i16 @_ssdm_op_PartSelect.i16.i512.i32.i32, i512 %layer5_out_read, i32 240, i32 255" [firmware/nnet_utils/nnet_dense_stream.h:43->firmware/nnet_utils/nnet_dense_stream.h:93]   --->   Operation 41 'partselect' 'data_164' <Predicate = (do_init)> <Delay = 0.00>
ST_3 : Operation 42 [1/1] (0.00ns)   --->   "%data_165 = partselect i16 @_ssdm_op_PartSelect.i16.i512.i32.i32, i512 %layer5_out_read, i32 256, i32 271" [firmware/nnet_utils/nnet_dense_stream.h:43->firmware/nnet_utils/nnet_dense_stream.h:93]   --->   Operation 42 'partselect' 'data_165' <Predicate = (do_init)> <Delay = 0.00>
ST_3 : Operation 43 [1/1] (0.00ns)   --->   "%data_166 = partselect i16 @_ssdm_op_PartSelect.i16.i512.i32.i32, i512 %layer5_out_read, i32 272, i32 287" [firmware/nnet_utils/nnet_dense_stream.h:43->firmware/nnet_utils/nnet_dense_stream.h:93]   --->   Operation 43 'partselect' 'data_166' <Predicate = (do_init)> <Delay = 0.00>
ST_3 : Operation 44 [1/1] (0.00ns)   --->   "%data_167 = partselect i16 @_ssdm_op_PartSelect.i16.i512.i32.i32, i512 %layer5_out_read, i32 288, i32 303" [firmware/nnet_utils/nnet_dense_stream.h:43->firmware/nnet_utils/nnet_dense_stream.h:93]   --->   Operation 44 'partselect' 'data_167' <Predicate = (do_init)> <Delay = 0.00>
ST_3 : Operation 45 [1/1] (0.00ns)   --->   "%data_168 = partselect i16 @_ssdm_op_PartSelect.i16.i512.i32.i32, i512 %layer5_out_read, i32 304, i32 319" [firmware/nnet_utils/nnet_dense_stream.h:43->firmware/nnet_utils/nnet_dense_stream.h:93]   --->   Operation 45 'partselect' 'data_168' <Predicate = (do_init)> <Delay = 0.00>
ST_3 : Operation 46 [1/1] (0.00ns)   --->   "%data_169 = partselect i16 @_ssdm_op_PartSelect.i16.i512.i32.i32, i512 %layer5_out_read, i32 320, i32 335" [firmware/nnet_utils/nnet_dense_stream.h:43->firmware/nnet_utils/nnet_dense_stream.h:93]   --->   Operation 46 'partselect' 'data_169' <Predicate = (do_init)> <Delay = 0.00>
ST_3 : Operation 47 [1/1] (0.00ns)   --->   "%data_170 = partselect i16 @_ssdm_op_PartSelect.i16.i512.i32.i32, i512 %layer5_out_read, i32 336, i32 351" [firmware/nnet_utils/nnet_dense_stream.h:43->firmware/nnet_utils/nnet_dense_stream.h:93]   --->   Operation 47 'partselect' 'data_170' <Predicate = (do_init)> <Delay = 0.00>
ST_3 : Operation 48 [1/1] (0.00ns)   --->   "%data_171 = partselect i16 @_ssdm_op_PartSelect.i16.i512.i32.i32, i512 %layer5_out_read, i32 352, i32 367" [firmware/nnet_utils/nnet_dense_stream.h:43->firmware/nnet_utils/nnet_dense_stream.h:93]   --->   Operation 48 'partselect' 'data_171' <Predicate = (do_init)> <Delay = 0.00>
ST_3 : Operation 49 [1/1] (0.00ns)   --->   "%data_172 = partselect i16 @_ssdm_op_PartSelect.i16.i512.i32.i32, i512 %layer5_out_read, i32 368, i32 383" [firmware/nnet_utils/nnet_dense_stream.h:43->firmware/nnet_utils/nnet_dense_stream.h:93]   --->   Operation 49 'partselect' 'data_172' <Predicate = (do_init)> <Delay = 0.00>
ST_3 : Operation 50 [1/1] (0.00ns)   --->   "%data_173 = partselect i16 @_ssdm_op_PartSelect.i16.i512.i32.i32, i512 %layer5_out_read, i32 384, i32 399" [firmware/nnet_utils/nnet_dense_stream.h:43->firmware/nnet_utils/nnet_dense_stream.h:93]   --->   Operation 50 'partselect' 'data_173' <Predicate = (do_init)> <Delay = 0.00>
ST_3 : Operation 51 [1/1] (0.00ns)   --->   "%data_174 = partselect i16 @_ssdm_op_PartSelect.i16.i512.i32.i32, i512 %layer5_out_read, i32 400, i32 415" [firmware/nnet_utils/nnet_dense_stream.h:43->firmware/nnet_utils/nnet_dense_stream.h:93]   --->   Operation 51 'partselect' 'data_174' <Predicate = (do_init)> <Delay = 0.00>
ST_3 : Operation 52 [1/1] (0.00ns)   --->   "%data_175 = partselect i16 @_ssdm_op_PartSelect.i16.i512.i32.i32, i512 %layer5_out_read, i32 416, i32 431" [firmware/nnet_utils/nnet_dense_stream.h:43->firmware/nnet_utils/nnet_dense_stream.h:93]   --->   Operation 52 'partselect' 'data_175' <Predicate = (do_init)> <Delay = 0.00>
ST_3 : Operation 53 [1/1] (0.00ns)   --->   "%data_176 = partselect i16 @_ssdm_op_PartSelect.i16.i512.i32.i32, i512 %layer5_out_read, i32 432, i32 447" [firmware/nnet_utils/nnet_dense_stream.h:43->firmware/nnet_utils/nnet_dense_stream.h:93]   --->   Operation 53 'partselect' 'data_176' <Predicate = (do_init)> <Delay = 0.00>
ST_3 : Operation 54 [1/1] (0.00ns)   --->   "%data_177 = partselect i16 @_ssdm_op_PartSelect.i16.i512.i32.i32, i512 %layer5_out_read, i32 448, i32 463" [firmware/nnet_utils/nnet_dense_stream.h:43->firmware/nnet_utils/nnet_dense_stream.h:93]   --->   Operation 54 'partselect' 'data_177' <Predicate = (do_init)> <Delay = 0.00>
ST_3 : Operation 55 [1/1] (0.00ns)   --->   "%data_178 = partselect i16 @_ssdm_op_PartSelect.i16.i512.i32.i32, i512 %layer5_out_read, i32 464, i32 479" [firmware/nnet_utils/nnet_dense_stream.h:43->firmware/nnet_utils/nnet_dense_stream.h:93]   --->   Operation 55 'partselect' 'data_178' <Predicate = (do_init)> <Delay = 0.00>
ST_3 : Operation 56 [1/1] (1.58ns)   --->   "%br_ln46 = br void %for.body13.split.i.i" [firmware/nnet_utils/nnet_dense_resource.h:46->firmware/nnet_utils/nnet_dense_resource.h:262->firmware/nnet_utils/nnet_dense_stream.h:24->firmware/nnet_utils/nnet_dense_stream.h:97]   --->   Operation 56 'br' 'br_ln46' <Predicate = (do_init)> <Delay = 1.58>
ST_3 : Operation 57 [1/1] (0.00ns)   --->   "%zext_ln46 = zext i2 %w_index67" [firmware/nnet_utils/nnet_dense_resource.h:46->firmware/nnet_utils/nnet_dense_resource.h:262->firmware/nnet_utils/nnet_dense_stream.h:24->firmware/nnet_utils/nnet_dense_stream.h:97]   --->   Operation 57 'zext' 'zext_ln46' <Predicate = true> <Delay = 0.00>
ST_3 : Operation 58 [1/1] (0.00ns)   --->   "%w6_addr = getelementptr i4090 %w6, i64 0, i64 %zext_ln46" [firmware/nnet_utils/nnet_dense_resource.h:59->firmware/nnet_utils/nnet_dense_resource.h:262->firmware/nnet_utils/nnet_dense_stream.h:24->firmware/nnet_utils/nnet_dense_stream.h:97]   --->   Operation 58 'getelementptr' 'w6_addr' <Predicate = true> <Delay = 0.00>
ST_3 : Operation 59 [2/2] (3.25ns)   --->   "%w6_load = load i2 %w6_addr" [firmware/nnet_utils/nnet_dense_resource.h:59->firmware/nnet_utils/nnet_dense_resource.h:262->firmware/nnet_utils/nnet_dense_stream.h:24->firmware/nnet_utils/nnet_dense_stream.h:97]   --->   Operation 59 'load' 'w6_load' <Predicate = true> <Delay = 3.25> <CoreInst = "ROM_nP_BRAM">   --->   Core 103 'ROM_nP_BRAM' <Latency = 1> <II = 1> <Delay = 3.25> <Storage> <Opcode : 'load'> <Ports = 0> <Width = 4090> <Depth = 4> <ROM>

State 4 <SV = 3> <Delay = 3.41>
ST_4 : Operation 60 [1/1] (0.00ns)   --->   "%data_116_rewind = phi i16 0, void %nnet::dense_resource<ap_fixed<16, 6, (ap_q_mode)5, (ap_o_mode)3, 0>, ap_fixed<16, 6, (ap_q_mode)5, (ap_o_mode)3, 0>, config6>.region_begin, i16 %data_116_phi, void %for.body13.split.i.i, i16 0, void %nnet::dense_resource<ap_fixed<16, 6, (ap_q_mode)5, (ap_o_mode)3, 0>, ap_fixed<16, 6, (ap_q_mode)5, (ap_o_mode)3, 0>, config6>.region_end" [firmware/nnet_utils/nnet_dense_stream.h:43->firmware/nnet_utils/nnet_dense_stream.h:93]   --->   Operation 60 'phi' 'data_116_rewind' <Predicate = true> <Delay = 0.00>
ST_4 : Operation 61 [1/1] (0.00ns)   --->   "%data_115_rewind = phi i16 0, void %nnet::dense_resource<ap_fixed<16, 6, (ap_q_mode)5, (ap_o_mode)3, 0>, ap_fixed<16, 6, (ap_q_mode)5, (ap_o_mode)3, 0>, config6>.region_begin, i16 %data_115_phi, void %for.body13.split.i.i, i16 0, void %nnet::dense_resource<ap_fixed<16, 6, (ap_q_mode)5, (ap_o_mode)3, 0>, ap_fixed<16, 6, (ap_q_mode)5, (ap_o_mode)3, 0>, config6>.region_end" [firmware/nnet_utils/nnet_dense_stream.h:43->firmware/nnet_utils/nnet_dense_stream.h:93]   --->   Operation 61 'phi' 'data_115_rewind' <Predicate = true> <Delay = 0.00>
ST_4 : Operation 62 [1/1] (0.00ns)   --->   "%data_114_rewind = phi i16 0, void %nnet::dense_resource<ap_fixed<16, 6, (ap_q_mode)5, (ap_o_mode)3, 0>, ap_fixed<16, 6, (ap_q_mode)5, (ap_o_mode)3, 0>, config6>.region_begin, i16 %data_114_phi, void %for.body13.split.i.i, i16 0, void %nnet::dense_resource<ap_fixed<16, 6, (ap_q_mode)5, (ap_o_mode)3, 0>, ap_fixed<16, 6, (ap_q_mode)5, (ap_o_mode)3, 0>, config6>.region_end" [firmware/nnet_utils/nnet_dense_stream.h:43->firmware/nnet_utils/nnet_dense_stream.h:93]   --->   Operation 62 'phi' 'data_114_rewind' <Predicate = true> <Delay = 0.00>
ST_4 : Operation 63 [1/1] (0.00ns)   --->   "%data_113_rewind = phi i16 0, void %nnet::dense_resource<ap_fixed<16, 6, (ap_q_mode)5, (ap_o_mode)3, 0>, ap_fixed<16, 6, (ap_q_mode)5, (ap_o_mode)3, 0>, config6>.region_begin, i16 %data_113_phi, void %for.body13.split.i.i, i16 0, void %nnet::dense_resource<ap_fixed<16, 6, (ap_q_mode)5, (ap_o_mode)3, 0>, ap_fixed<16, 6, (ap_q_mode)5, (ap_o_mode)3, 0>, config6>.region_end" [firmware/nnet_utils/nnet_dense_stream.h:43->firmware/nnet_utils/nnet_dense_stream.h:93]   --->   Operation 63 'phi' 'data_113_rewind' <Predicate = true> <Delay = 0.00>
ST_4 : Operation 64 [1/1] (0.00ns)   --->   "%data_112_rewind = phi i16 0, void %nnet::dense_resource<ap_fixed<16, 6, (ap_q_mode)5, (ap_o_mode)3, 0>, ap_fixed<16, 6, (ap_q_mode)5, (ap_o_mode)3, 0>, config6>.region_begin, i16 %data_112_phi, void %for.body13.split.i.i, i16 0, void %nnet::dense_resource<ap_fixed<16, 6, (ap_q_mode)5, (ap_o_mode)3, 0>, ap_fixed<16, 6, (ap_q_mode)5, (ap_o_mode)3, 0>, config6>.region_end" [firmware/nnet_utils/nnet_dense_stream.h:43->firmware/nnet_utils/nnet_dense_stream.h:93]   --->   Operation 64 'phi' 'data_112_rewind' <Predicate = true> <Delay = 0.00>
ST_4 : Operation 65 [1/1] (0.00ns)   --->   "%data_111_rewind = phi i16 0, void %nnet::dense_resource<ap_fixed<16, 6, (ap_q_mode)5, (ap_o_mode)3, 0>, ap_fixed<16, 6, (ap_q_mode)5, (ap_o_mode)3, 0>, config6>.region_begin, i16 %data_111_phi, void %for.body13.split.i.i, i16 0, void %nnet::dense_resource<ap_fixed<16, 6, (ap_q_mode)5, (ap_o_mode)3, 0>, ap_fixed<16, 6, (ap_q_mode)5, (ap_o_mode)3, 0>, config6>.region_end" [firmware/nnet_utils/nnet_dense_stream.h:43->firmware/nnet_utils/nnet_dense_stream.h:93]   --->   Operation 65 'phi' 'data_111_rewind' <Predicate = true> <Delay = 0.00>
ST_4 : Operation 66 [1/1] (0.00ns)   --->   "%data_110_rewind = phi i16 0, void %nnet::dense_resource<ap_fixed<16, 6, (ap_q_mode)5, (ap_o_mode)3, 0>, ap_fixed<16, 6, (ap_q_mode)5, (ap_o_mode)3, 0>, config6>.region_begin, i16 %data_110_phi, void %for.body13.split.i.i, i16 0, void %nnet::dense_resource<ap_fixed<16, 6, (ap_q_mode)5, (ap_o_mode)3, 0>, ap_fixed<16, 6, (ap_q_mode)5, (ap_o_mode)3, 0>, config6>.region_end" [firmware/nnet_utils/nnet_dense_stream.h:43->firmware/nnet_utils/nnet_dense_stream.h:93]   --->   Operation 66 'phi' 'data_110_rewind' <Predicate = true> <Delay = 0.00>
ST_4 : Operation 67 [1/1] (0.00ns)   --->   "%data_109_rewind = phi i16 0, void %nnet::dense_resource<ap_fixed<16, 6, (ap_q_mode)5, (ap_o_mode)3, 0>, ap_fixed<16, 6, (ap_q_mode)5, (ap_o_mode)3, 0>, config6>.region_begin, i16 %data_109_phi, void %for.body13.split.i.i, i16 0, void %nnet::dense_resource<ap_fixed<16, 6, (ap_q_mode)5, (ap_o_mode)3, 0>, ap_fixed<16, 6, (ap_q_mode)5, (ap_o_mode)3, 0>, config6>.region_end" [firmware/nnet_utils/nnet_dense_stream.h:43->firmware/nnet_utils/nnet_dense_stream.h:93]   --->   Operation 67 'phi' 'data_109_rewind' <Predicate = true> <Delay = 0.00>
ST_4 : Operation 68 [1/1] (0.00ns)   --->   "%data_108_rewind = phi i16 0, void %nnet::dense_resource<ap_fixed<16, 6, (ap_q_mode)5, (ap_o_mode)3, 0>, ap_fixed<16, 6, (ap_q_mode)5, (ap_o_mode)3, 0>, config6>.region_begin, i16 %data_108_phi, void %for.body13.split.i.i, i16 0, void %nnet::dense_resource<ap_fixed<16, 6, (ap_q_mode)5, (ap_o_mode)3, 0>, ap_fixed<16, 6, (ap_q_mode)5, (ap_o_mode)3, 0>, config6>.region_end" [firmware/nnet_utils/nnet_dense_stream.h:43->firmware/nnet_utils/nnet_dense_stream.h:93]   --->   Operation 68 'phi' 'data_108_rewind' <Predicate = true> <Delay = 0.00>
ST_4 : Operation 69 [1/1] (0.00ns)   --->   "%data_107_rewind = phi i16 0, void %nnet::dense_resource<ap_fixed<16, 6, (ap_q_mode)5, (ap_o_mode)3, 0>, ap_fixed<16, 6, (ap_q_mode)5, (ap_o_mode)3, 0>, config6>.region_begin, i16 %data_107_phi, void %for.body13.split.i.i, i16 0, void %nnet::dense_resource<ap_fixed<16, 6, (ap_q_mode)5, (ap_o_mode)3, 0>, ap_fixed<16, 6, (ap_q_mode)5, (ap_o_mode)3, 0>, config6>.region_end" [firmware/nnet_utils/nnet_dense_stream.h:43->firmware/nnet_utils/nnet_dense_stream.h:93]   --->   Operation 69 'phi' 'data_107_rewind' <Predicate = true> <Delay = 0.00>
ST_4 : Operation 70 [1/1] (0.00ns)   --->   "%data_106_rewind = phi i16 0, void %nnet::dense_resource<ap_fixed<16, 6, (ap_q_mode)5, (ap_o_mode)3, 0>, ap_fixed<16, 6, (ap_q_mode)5, (ap_o_mode)3, 0>, config6>.region_begin, i16 %data_106_phi, void %for.body13.split.i.i, i16 0, void %nnet::dense_resource<ap_fixed<16, 6, (ap_q_mode)5, (ap_o_mode)3, 0>, ap_fixed<16, 6, (ap_q_mode)5, (ap_o_mode)3, 0>, config6>.region_end" [firmware/nnet_utils/nnet_dense_stream.h:43->firmware/nnet_utils/nnet_dense_stream.h:93]   --->   Operation 70 'phi' 'data_106_rewind' <Predicate = true> <Delay = 0.00>
ST_4 : Operation 71 [1/1] (0.00ns)   --->   "%data_105_rewind = phi i16 0, void %nnet::dense_resource<ap_fixed<16, 6, (ap_q_mode)5, (ap_o_mode)3, 0>, ap_fixed<16, 6, (ap_q_mode)5, (ap_o_mode)3, 0>, config6>.region_begin, i16 %data_105_phi, void %for.body13.split.i.i, i16 0, void %nnet::dense_resource<ap_fixed<16, 6, (ap_q_mode)5, (ap_o_mode)3, 0>, ap_fixed<16, 6, (ap_q_mode)5, (ap_o_mode)3, 0>, config6>.region_end" [firmware/nnet_utils/nnet_dense_stream.h:43->firmware/nnet_utils/nnet_dense_stream.h:93]   --->   Operation 71 'phi' 'data_105_rewind' <Predicate = true> <Delay = 0.00>
ST_4 : Operation 72 [1/1] (0.00ns)   --->   "%data_104_rewind = phi i16 0, void %nnet::dense_resource<ap_fixed<16, 6, (ap_q_mode)5, (ap_o_mode)3, 0>, ap_fixed<16, 6, (ap_q_mode)5, (ap_o_mode)3, 0>, config6>.region_begin, i16 %data_104_phi, void %for.body13.split.i.i, i16 0, void %nnet::dense_resource<ap_fixed<16, 6, (ap_q_mode)5, (ap_o_mode)3, 0>, ap_fixed<16, 6, (ap_q_mode)5, (ap_o_mode)3, 0>, config6>.region_end" [firmware/nnet_utils/nnet_dense_stream.h:43->firmware/nnet_utils/nnet_dense_stream.h:93]   --->   Operation 72 'phi' 'data_104_rewind' <Predicate = true> <Delay = 0.00>
ST_4 : Operation 73 [1/1] (0.00ns)   --->   "%data_103_rewind = phi i16 0, void %nnet::dense_resource<ap_fixed<16, 6, (ap_q_mode)5, (ap_o_mode)3, 0>, ap_fixed<16, 6, (ap_q_mode)5, (ap_o_mode)3, 0>, config6>.region_begin, i16 %data_103_phi, void %for.body13.split.i.i, i16 0, void %nnet::dense_resource<ap_fixed<16, 6, (ap_q_mode)5, (ap_o_mode)3, 0>, ap_fixed<16, 6, (ap_q_mode)5, (ap_o_mode)3, 0>, config6>.region_end" [firmware/nnet_utils/nnet_dense_stream.h:43->firmware/nnet_utils/nnet_dense_stream.h:93]   --->   Operation 73 'phi' 'data_103_rewind' <Predicate = true> <Delay = 0.00>
ST_4 : Operation 74 [1/1] (0.00ns)   --->   "%data_102_rewind = phi i16 0, void %nnet::dense_resource<ap_fixed<16, 6, (ap_q_mode)5, (ap_o_mode)3, 0>, ap_fixed<16, 6, (ap_q_mode)5, (ap_o_mode)3, 0>, config6>.region_begin, i16 %data_102_phi, void %for.body13.split.i.i, i16 0, void %nnet::dense_resource<ap_fixed<16, 6, (ap_q_mode)5, (ap_o_mode)3, 0>, ap_fixed<16, 6, (ap_q_mode)5, (ap_o_mode)3, 0>, config6>.region_end" [firmware/nnet_utils/nnet_dense_stream.h:43->firmware/nnet_utils/nnet_dense_stream.h:93]   --->   Operation 74 'phi' 'data_102_rewind' <Predicate = true> <Delay = 0.00>
ST_4 : Operation 75 [1/1] (0.00ns)   --->   "%data_101_rewind = phi i16 0, void %nnet::dense_resource<ap_fixed<16, 6, (ap_q_mode)5, (ap_o_mode)3, 0>, ap_fixed<16, 6, (ap_q_mode)5, (ap_o_mode)3, 0>, config6>.region_begin, i16 %data_101_phi, void %for.body13.split.i.i, i16 0, void %nnet::dense_resource<ap_fixed<16, 6, (ap_q_mode)5, (ap_o_mode)3, 0>, ap_fixed<16, 6, (ap_q_mode)5, (ap_o_mode)3, 0>, config6>.region_end" [firmware/nnet_utils/nnet_dense_stream.h:43->firmware/nnet_utils/nnet_dense_stream.h:93]   --->   Operation 75 'phi' 'data_101_rewind' <Predicate = true> <Delay = 0.00>
ST_4 : Operation 76 [1/1] (0.00ns)   --->   "%data_100_rewind = phi i16 0, void %nnet::dense_resource<ap_fixed<16, 6, (ap_q_mode)5, (ap_o_mode)3, 0>, ap_fixed<16, 6, (ap_q_mode)5, (ap_o_mode)3, 0>, config6>.region_begin, i16 %data_100_phi, void %for.body13.split.i.i, i16 0, void %nnet::dense_resource<ap_fixed<16, 6, (ap_q_mode)5, (ap_o_mode)3, 0>, ap_fixed<16, 6, (ap_q_mode)5, (ap_o_mode)3, 0>, config6>.region_end" [firmware/nnet_utils/nnet_dense_stream.h:43->firmware/nnet_utils/nnet_dense_stream.h:93]   --->   Operation 76 'phi' 'data_100_rewind' <Predicate = true> <Delay = 0.00>
ST_4 : Operation 77 [1/1] (0.00ns)   --->   "%data_99_rewind = phi i16 0, void %nnet::dense_resource<ap_fixed<16, 6, (ap_q_mode)5, (ap_o_mode)3, 0>, ap_fixed<16, 6, (ap_q_mode)5, (ap_o_mode)3, 0>, config6>.region_begin, i16 %data_99_phi, void %for.body13.split.i.i, i16 0, void %nnet::dense_resource<ap_fixed<16, 6, (ap_q_mode)5, (ap_o_mode)3, 0>, ap_fixed<16, 6, (ap_q_mode)5, (ap_o_mode)3, 0>, config6>.region_end" [firmware/nnet_utils/nnet_dense_stream.h:43->firmware/nnet_utils/nnet_dense_stream.h:93]   --->   Operation 77 'phi' 'data_99_rewind' <Predicate = true> <Delay = 0.00>
ST_4 : Operation 78 [1/1] (0.00ns)   --->   "%data_98_rewind = phi i16 0, void %nnet::dense_resource<ap_fixed<16, 6, (ap_q_mode)5, (ap_o_mode)3, 0>, ap_fixed<16, 6, (ap_q_mode)5, (ap_o_mode)3, 0>, config6>.region_begin, i16 %data_98_phi, void %for.body13.split.i.i, i16 0, void %nnet::dense_resource<ap_fixed<16, 6, (ap_q_mode)5, (ap_o_mode)3, 0>, ap_fixed<16, 6, (ap_q_mode)5, (ap_o_mode)3, 0>, config6>.region_end" [firmware/nnet_utils/nnet_dense_stream.h:43->firmware/nnet_utils/nnet_dense_stream.h:93]   --->   Operation 78 'phi' 'data_98_rewind' <Predicate = true> <Delay = 0.00>
ST_4 : Operation 79 [1/1] (0.00ns)   --->   "%data_97_rewind = phi i16 0, void %nnet::dense_resource<ap_fixed<16, 6, (ap_q_mode)5, (ap_o_mode)3, 0>, ap_fixed<16, 6, (ap_q_mode)5, (ap_o_mode)3, 0>, config6>.region_begin, i16 %data_97_phi, void %for.body13.split.i.i, i16 0, void %nnet::dense_resource<ap_fixed<16, 6, (ap_q_mode)5, (ap_o_mode)3, 0>, ap_fixed<16, 6, (ap_q_mode)5, (ap_o_mode)3, 0>, config6>.region_end" [firmware/nnet_utils/nnet_dense_stream.h:43->firmware/nnet_utils/nnet_dense_stream.h:93]   --->   Operation 79 'phi' 'data_97_rewind' <Predicate = true> <Delay = 0.00>
ST_4 : Operation 80 [1/1] (0.00ns)   --->   "%data_96_rewind = phi i16 0, void %nnet::dense_resource<ap_fixed<16, 6, (ap_q_mode)5, (ap_o_mode)3, 0>, ap_fixed<16, 6, (ap_q_mode)5, (ap_o_mode)3, 0>, config6>.region_begin, i16 %data_96_phi, void %for.body13.split.i.i, i16 0, void %nnet::dense_resource<ap_fixed<16, 6, (ap_q_mode)5, (ap_o_mode)3, 0>, ap_fixed<16, 6, (ap_q_mode)5, (ap_o_mode)3, 0>, config6>.region_end" [firmware/nnet_utils/nnet_dense_stream.h:43->firmware/nnet_utils/nnet_dense_stream.h:93]   --->   Operation 80 'phi' 'data_96_rewind' <Predicate = true> <Delay = 0.00>
ST_4 : Operation 81 [1/1] (0.00ns)   --->   "%data_95_rewind = phi i16 0, void %nnet::dense_resource<ap_fixed<16, 6, (ap_q_mode)5, (ap_o_mode)3, 0>, ap_fixed<16, 6, (ap_q_mode)5, (ap_o_mode)3, 0>, config6>.region_begin, i16 %data_95_phi, void %for.body13.split.i.i, i16 0, void %nnet::dense_resource<ap_fixed<16, 6, (ap_q_mode)5, (ap_o_mode)3, 0>, ap_fixed<16, 6, (ap_q_mode)5, (ap_o_mode)3, 0>, config6>.region_end" [firmware/nnet_utils/nnet_dense_stream.h:43->firmware/nnet_utils/nnet_dense_stream.h:93]   --->   Operation 81 'phi' 'data_95_rewind' <Predicate = true> <Delay = 0.00>
ST_4 : Operation 82 [1/1] (0.00ns)   --->   "%data_94_rewind = phi i16 0, void %nnet::dense_resource<ap_fixed<16, 6, (ap_q_mode)5, (ap_o_mode)3, 0>, ap_fixed<16, 6, (ap_q_mode)5, (ap_o_mode)3, 0>, config6>.region_begin, i16 %data_94_phi, void %for.body13.split.i.i, i16 0, void %nnet::dense_resource<ap_fixed<16, 6, (ap_q_mode)5, (ap_o_mode)3, 0>, ap_fixed<16, 6, (ap_q_mode)5, (ap_o_mode)3, 0>, config6>.region_end" [firmware/nnet_utils/nnet_dense_stream.h:43->firmware/nnet_utils/nnet_dense_stream.h:93]   --->   Operation 82 'phi' 'data_94_rewind' <Predicate = true> <Delay = 0.00>
ST_4 : Operation 83 [1/1] (0.00ns)   --->   "%data_93_rewind = phi i16 0, void %nnet::dense_resource<ap_fixed<16, 6, (ap_q_mode)5, (ap_o_mode)3, 0>, ap_fixed<16, 6, (ap_q_mode)5, (ap_o_mode)3, 0>, config6>.region_begin, i16 %data_93_phi, void %for.body13.split.i.i, i16 0, void %nnet::dense_resource<ap_fixed<16, 6, (ap_q_mode)5, (ap_o_mode)3, 0>, ap_fixed<16, 6, (ap_q_mode)5, (ap_o_mode)3, 0>, config6>.region_end" [firmware/nnet_utils/nnet_dense_stream.h:43->firmware/nnet_utils/nnet_dense_stream.h:93]   --->   Operation 83 'phi' 'data_93_rewind' <Predicate = true> <Delay = 0.00>
ST_4 : Operation 84 [1/1] (0.00ns)   --->   "%data_92_rewind = phi i16 0, void %nnet::dense_resource<ap_fixed<16, 6, (ap_q_mode)5, (ap_o_mode)3, 0>, ap_fixed<16, 6, (ap_q_mode)5, (ap_o_mode)3, 0>, config6>.region_begin, i16 %data_92_phi, void %for.body13.split.i.i, i16 0, void %nnet::dense_resource<ap_fixed<16, 6, (ap_q_mode)5, (ap_o_mode)3, 0>, ap_fixed<16, 6, (ap_q_mode)5, (ap_o_mode)3, 0>, config6>.region_end" [firmware/nnet_utils/nnet_dense_stream.h:43->firmware/nnet_utils/nnet_dense_stream.h:93]   --->   Operation 84 'phi' 'data_92_rewind' <Predicate = true> <Delay = 0.00>
ST_4 : Operation 85 [1/1] (0.00ns)   --->   "%data_91_rewind = phi i16 0, void %nnet::dense_resource<ap_fixed<16, 6, (ap_q_mode)5, (ap_o_mode)3, 0>, ap_fixed<16, 6, (ap_q_mode)5, (ap_o_mode)3, 0>, config6>.region_begin, i16 %data_91_phi, void %for.body13.split.i.i, i16 0, void %nnet::dense_resource<ap_fixed<16, 6, (ap_q_mode)5, (ap_o_mode)3, 0>, ap_fixed<16, 6, (ap_q_mode)5, (ap_o_mode)3, 0>, config6>.region_end" [firmware/nnet_utils/nnet_dense_stream.h:43->firmware/nnet_utils/nnet_dense_stream.h:93]   --->   Operation 85 'phi' 'data_91_rewind' <Predicate = true> <Delay = 0.00>
ST_4 : Operation 86 [1/1] (0.00ns)   --->   "%data_90_rewind = phi i16 0, void %nnet::dense_resource<ap_fixed<16, 6, (ap_q_mode)5, (ap_o_mode)3, 0>, ap_fixed<16, 6, (ap_q_mode)5, (ap_o_mode)3, 0>, config6>.region_begin, i16 %data_90_phi, void %for.body13.split.i.i, i16 0, void %nnet::dense_resource<ap_fixed<16, 6, (ap_q_mode)5, (ap_o_mode)3, 0>, ap_fixed<16, 6, (ap_q_mode)5, (ap_o_mode)3, 0>, config6>.region_end" [firmware/nnet_utils/nnet_dense_stream.h:43->firmware/nnet_utils/nnet_dense_stream.h:93]   --->   Operation 86 'phi' 'data_90_rewind' <Predicate = true> <Delay = 0.00>
ST_4 : Operation 87 [1/1] (0.00ns)   --->   "%data_89_rewind = phi i16 0, void %nnet::dense_resource<ap_fixed<16, 6, (ap_q_mode)5, (ap_o_mode)3, 0>, ap_fixed<16, 6, (ap_q_mode)5, (ap_o_mode)3, 0>, config6>.region_begin, i16 %data_89_phi, void %for.body13.split.i.i, i16 0, void %nnet::dense_resource<ap_fixed<16, 6, (ap_q_mode)5, (ap_o_mode)3, 0>, ap_fixed<16, 6, (ap_q_mode)5, (ap_o_mode)3, 0>, config6>.region_end" [firmware/nnet_utils/nnet_dense_stream.h:43->firmware/nnet_utils/nnet_dense_stream.h:93]   --->   Operation 87 'phi' 'data_89_rewind' <Predicate = true> <Delay = 0.00>
ST_4 : Operation 88 [1/1] (0.00ns)   --->   "%data_117_rewind = phi i16 0, void %nnet::dense_resource<ap_fixed<16, 6, (ap_q_mode)5, (ap_o_mode)3, 0>, ap_fixed<16, 6, (ap_q_mode)5, (ap_o_mode)3, 0>, config6>.region_begin, i16 %data_117_phi, void %for.body13.split.i.i, i16 0, void %nnet::dense_resource<ap_fixed<16, 6, (ap_q_mode)5, (ap_o_mode)3, 0>, ap_fixed<16, 6, (ap_q_mode)5, (ap_o_mode)3, 0>, config6>.region_end" [firmware/nnet_utils/nnet_dense_stream.h:43->firmware/nnet_utils/nnet_dense_stream.h:93]   --->   Operation 88 'phi' 'data_117_rewind' <Predicate = true> <Delay = 0.00>
ST_4 : Operation 89 [1/1] (0.00ns)   --->   "%data_118_rewind = phi i16 0, void %nnet::dense_resource<ap_fixed<16, 6, (ap_q_mode)5, (ap_o_mode)3, 0>, ap_fixed<16, 6, (ap_q_mode)5, (ap_o_mode)3, 0>, config6>.region_begin, i16 %data_118_phi, void %for.body13.split.i.i, i16 0, void %nnet::dense_resource<ap_fixed<16, 6, (ap_q_mode)5, (ap_o_mode)3, 0>, ap_fixed<16, 6, (ap_q_mode)5, (ap_o_mode)3, 0>, config6>.region_end" [firmware/nnet_utils/nnet_dense_stream.h:43->firmware/nnet_utils/nnet_dense_stream.h:93]   --->   Operation 89 'phi' 'data_118_rewind' <Predicate = true> <Delay = 0.00>
ST_4 : Operation 90 [1/1] (0.00ns)   --->   "%data_119_rewind = phi i16 0, void %nnet::dense_resource<ap_fixed<16, 6, (ap_q_mode)5, (ap_o_mode)3, 0>, ap_fixed<16, 6, (ap_q_mode)5, (ap_o_mode)3, 0>, config6>.region_begin, i16 %data_119_phi, void %for.body13.split.i.i, i16 0, void %nnet::dense_resource<ap_fixed<16, 6, (ap_q_mode)5, (ap_o_mode)3, 0>, ap_fixed<16, 6, (ap_q_mode)5, (ap_o_mode)3, 0>, config6>.region_end" [firmware/nnet_utils/nnet_dense_stream.h:43->firmware/nnet_utils/nnet_dense_stream.h:93]   --->   Operation 90 'phi' 'data_119_rewind' <Predicate = true> <Delay = 0.00>
ST_4 : Operation 91 [1/1] (0.00ns)   --->   "%p_rewind = phi i16 0, void %nnet::dense_resource<ap_fixed<16, 6, (ap_q_mode)5, (ap_o_mode)3, 0>, ap_fixed<16, 6, (ap_q_mode)5, (ap_o_mode)3, 0>, config6>.region_begin, i16 %p_phi, void %for.body13.split.i.i, i16 0, void %nnet::dense_resource<ap_fixed<16, 6, (ap_q_mode)5, (ap_o_mode)3, 0>, ap_fixed<16, 6, (ap_q_mode)5, (ap_o_mode)3, 0>, config6>.region_end" [firmware/nnet_utils/nnet_dense_stream.h:43->firmware/nnet_utils/nnet_dense_stream.h:93]   --->   Operation 91 'phi' 'p_rewind' <Predicate = true> <Delay = 0.00>
ST_4 : Operation 92 [1/1] (1.58ns)   --->   "%br_ln0 = br i1 %do_init, void %for.body13.split.i.i, void %rewind_init"   --->   Operation 92 'br' 'br_ln0' <Predicate = true> <Delay = 1.58>
ST_4 : Operation 93 [1/1] (0.00ns)   --->   "%data_116_phi = phi i16 %data_178, void %rewind_init, i16 %data_116_rewind, void %rewind_header"   --->   Operation 93 'phi' 'data_116_phi' <Predicate = true> <Delay = 0.00>
ST_4 : Operation 94 [1/1] (0.00ns)   --->   "%data_115_phi = phi i16 %data_177, void %rewind_init, i16 %data_115_rewind, void %rewind_header"   --->   Operation 94 'phi' 'data_115_phi' <Predicate = true> <Delay = 0.00>
ST_4 : Operation 95 [1/1] (0.00ns)   --->   "%data_114_phi = phi i16 %data_176, void %rewind_init, i16 %data_114_rewind, void %rewind_header"   --->   Operation 95 'phi' 'data_114_phi' <Predicate = true> <Delay = 0.00>
ST_4 : Operation 96 [1/1] (0.00ns)   --->   "%data_113_phi = phi i16 %data_175, void %rewind_init, i16 %data_113_rewind, void %rewind_header"   --->   Operation 96 'phi' 'data_113_phi' <Predicate = true> <Delay = 0.00>
ST_4 : Operation 97 [1/1] (0.00ns)   --->   "%data_112_phi = phi i16 %data_174, void %rewind_init, i16 %data_112_rewind, void %rewind_header"   --->   Operation 97 'phi' 'data_112_phi' <Predicate = true> <Delay = 0.00>
ST_4 : Operation 98 [1/1] (0.00ns)   --->   "%data_111_phi = phi i16 %data_173, void %rewind_init, i16 %data_111_rewind, void %rewind_header"   --->   Operation 98 'phi' 'data_111_phi' <Predicate = true> <Delay = 0.00>
ST_4 : Operation 99 [1/1] (0.00ns)   --->   "%data_110_phi = phi i16 %data_172, void %rewind_init, i16 %data_110_rewind, void %rewind_header"   --->   Operation 99 'phi' 'data_110_phi' <Predicate = true> <Delay = 0.00>
ST_4 : Operation 100 [1/1] (0.00ns)   --->   "%data_109_phi = phi i16 %data_171, void %rewind_init, i16 %data_109_rewind, void %rewind_header"   --->   Operation 100 'phi' 'data_109_phi' <Predicate = true> <Delay = 0.00>
ST_4 : Operation 101 [1/1] (0.00ns)   --->   "%data_108_phi = phi i16 %data_170, void %rewind_init, i16 %data_108_rewind, void %rewind_header"   --->   Operation 101 'phi' 'data_108_phi' <Predicate = true> <Delay = 0.00>
ST_4 : Operation 102 [1/1] (0.00ns)   --->   "%data_107_phi = phi i16 %data_169, void %rewind_init, i16 %data_107_rewind, void %rewind_header"   --->   Operation 102 'phi' 'data_107_phi' <Predicate = true> <Delay = 0.00>
ST_4 : Operation 103 [1/1] (0.00ns)   --->   "%data_106_phi = phi i16 %data_168, void %rewind_init, i16 %data_106_rewind, void %rewind_header"   --->   Operation 103 'phi' 'data_106_phi' <Predicate = true> <Delay = 0.00>
ST_4 : Operation 104 [1/1] (0.00ns)   --->   "%data_105_phi = phi i16 %data_167, void %rewind_init, i16 %data_105_rewind, void %rewind_header"   --->   Operation 104 'phi' 'data_105_phi' <Predicate = true> <Delay = 0.00>
ST_4 : Operation 105 [1/1] (0.00ns)   --->   "%data_104_phi = phi i16 %data_166, void %rewind_init, i16 %data_104_rewind, void %rewind_header"   --->   Operation 105 'phi' 'data_104_phi' <Predicate = true> <Delay = 0.00>
ST_4 : Operation 106 [1/1] (0.00ns)   --->   "%data_103_phi = phi i16 %data_165, void %rewind_init, i16 %data_103_rewind, void %rewind_header"   --->   Operation 106 'phi' 'data_103_phi' <Predicate = true> <Delay = 0.00>
ST_4 : Operation 107 [1/1] (0.00ns)   --->   "%data_102_phi = phi i16 %data_164, void %rewind_init, i16 %data_102_rewind, void %rewind_header"   --->   Operation 107 'phi' 'data_102_phi' <Predicate = true> <Delay = 0.00>
ST_4 : Operation 108 [1/1] (0.00ns)   --->   "%data_101_phi = phi i16 %data_163, void %rewind_init, i16 %data_101_rewind, void %rewind_header"   --->   Operation 108 'phi' 'data_101_phi' <Predicate = true> <Delay = 0.00>
ST_4 : Operation 109 [1/1] (0.00ns)   --->   "%data_100_phi = phi i16 %data_162, void %rewind_init, i16 %data_100_rewind, void %rewind_header"   --->   Operation 109 'phi' 'data_100_phi' <Predicate = true> <Delay = 0.00>
ST_4 : Operation 110 [1/1] (0.00ns)   --->   "%data_99_phi = phi i16 %data_161, void %rewind_init, i16 %data_99_rewind, void %rewind_header"   --->   Operation 110 'phi' 'data_99_phi' <Predicate = true> <Delay = 0.00>
ST_4 : Operation 111 [1/1] (0.00ns)   --->   "%data_98_phi = phi i16 %data_160, void %rewind_init, i16 %data_98_rewind, void %rewind_header"   --->   Operation 111 'phi' 'data_98_phi' <Predicate = true> <Delay = 0.00>
ST_4 : Operation 112 [1/1] (0.00ns)   --->   "%data_97_phi = phi i16 %data_159, void %rewind_init, i16 %data_97_rewind, void %rewind_header"   --->   Operation 112 'phi' 'data_97_phi' <Predicate = true> <Delay = 0.00>
ST_4 : Operation 113 [1/1] (0.00ns)   --->   "%data_96_phi = phi i16 %data_158, void %rewind_init, i16 %data_96_rewind, void %rewind_header"   --->   Operation 113 'phi' 'data_96_phi' <Predicate = true> <Delay = 0.00>
ST_4 : Operation 114 [1/1] (0.00ns)   --->   "%data_95_phi = phi i16 %data_157, void %rewind_init, i16 %data_95_rewind, void %rewind_header"   --->   Operation 114 'phi' 'data_95_phi' <Predicate = true> <Delay = 0.00>
ST_4 : Operation 115 [1/1] (0.00ns)   --->   "%data_94_phi = phi i16 %data_156, void %rewind_init, i16 %data_94_rewind, void %rewind_header"   --->   Operation 115 'phi' 'data_94_phi' <Predicate = true> <Delay = 0.00>
ST_4 : Operation 116 [1/1] (0.00ns)   --->   "%data_93_phi = phi i16 %data_155, void %rewind_init, i16 %data_93_rewind, void %rewind_header"   --->   Operation 116 'phi' 'data_93_phi' <Predicate = true> <Delay = 0.00>
ST_4 : Operation 117 [1/1] (0.00ns)   --->   "%data_92_phi = phi i16 %data_154, void %rewind_init, i16 %data_92_rewind, void %rewind_header"   --->   Operation 117 'phi' 'data_92_phi' <Predicate = true> <Delay = 0.00>
ST_4 : Operation 118 [1/1] (0.00ns)   --->   "%data_91_phi = phi i16 %data_153, void %rewind_init, i16 %data_91_rewind, void %rewind_header"   --->   Operation 118 'phi' 'data_91_phi' <Predicate = true> <Delay = 0.00>
ST_4 : Operation 119 [1/1] (0.00ns)   --->   "%data_90_phi = phi i16 %data_152, void %rewind_init, i16 %data_90_rewind, void %rewind_header"   --->   Operation 119 'phi' 'data_90_phi' <Predicate = true> <Delay = 0.00>
ST_4 : Operation 120 [1/1] (0.00ns)   --->   "%data_89_phi = phi i16 %data_151, void %rewind_init, i16 %data_89_rewind, void %rewind_header"   --->   Operation 120 'phi' 'data_89_phi' <Predicate = true> <Delay = 0.00>
ST_4 : Operation 121 [1/1] (0.00ns)   --->   "%data_117_phi = phi i16 %data_150, void %rewind_init, i16 %data_117_rewind, void %rewind_header"   --->   Operation 121 'phi' 'data_117_phi' <Predicate = true> <Delay = 0.00>
ST_4 : Operation 122 [1/1] (0.00ns)   --->   "%data_118_phi = phi i16 %data_149, void %rewind_init, i16 %data_118_rewind, void %rewind_header"   --->   Operation 122 'phi' 'data_118_phi' <Predicate = true> <Delay = 0.00>
ST_4 : Operation 123 [1/1] (0.00ns)   --->   "%data_119_phi = phi i16 %data_148, void %rewind_init, i16 %data_119_rewind, void %rewind_header"   --->   Operation 123 'phi' 'data_119_phi' <Predicate = true> <Delay = 0.00>
ST_4 : Operation 124 [1/1] (0.00ns)   --->   "%p_phi = phi i16 %data, void %rewind_init, i16 %p_rewind, void %rewind_header"   --->   Operation 124 'phi' 'p_phi' <Predicate = true> <Delay = 0.00>
ST_4 : Operation 125 [1/1] (1.82ns)   --->   "%a = mux i16 @_ssdm_op_Mux.ap_auto.4i16.i2, i16 %p_phi, i16 %data_117_phi, i16 %data_89_phi, i16 %data_90_phi, i2 %w_index67" [firmware/nnet_utils/nnet_dense_stream.h:43->firmware/nnet_utils/nnet_dense_stream.h:93]   --->   Operation 125 'mux' 'a' <Predicate = true> <Delay = 1.82> <CoreInst = "Multiplexer">   --->   Core 76 'Multiplexer' <Latency = 0> <II = 1> <Delay = 1.82> <FuncUnit> <Opcode : 'mux'> <InPorts = 2> <OutPorts = 1>
ST_4 : Operation 126 [1/2] (3.25ns)   --->   "%w6_load = load i2 %w6_addr" [firmware/nnet_utils/nnet_dense_resource.h:59->firmware/nnet_utils/nnet_dense_resource.h:262->firmware/nnet_utils/nnet_dense_stream.h:24->firmware/nnet_utils/nnet_dense_stream.h:97]   --->   Operation 126 'load' 'w6_load' <Predicate = true> <Delay = 3.25> <CoreInst = "ROM_nP_BRAM">   --->   Core 103 'ROM_nP_BRAM' <Latency = 1> <II = 1> <Delay = 3.25> <Storage> <Opcode : 'load'> <Ports = 0> <Width = 4090> <Depth = 4> <ROM>
ST_4 : Operation 127 [1/1] (0.00ns)   --->   "%w = trunc i4090 %w6_load" [firmware/nnet_utils/nnet_dense_resource.h:59->firmware/nnet_utils/nnet_dense_resource.h:262->firmware/nnet_utils/nnet_dense_stream.h:24->firmware/nnet_utils/nnet_dense_stream.h:97]   --->   Operation 127 'trunc' 'w' <Predicate = true> <Delay = 0.00>
ST_4 : Operation 128 [1/1] (1.82ns)   --->   "%a_23 = mux i16 @_ssdm_op_Mux.ap_auto.4i16.i2, i16 %data_91_phi, i16 %data_92_phi, i16 %data_93_phi, i16 %data_94_phi, i2 %w_index67" [firmware/nnet_utils/nnet_dense_stream.h:43->firmware/nnet_utils/nnet_dense_stream.h:93]   --->   Operation 128 'mux' 'a_23' <Predicate = true> <Delay = 1.82> <CoreInst = "Multiplexer">   --->   Core 76 'Multiplexer' <Latency = 0> <II = 1> <Delay = 1.82> <FuncUnit> <Opcode : 'mux'> <InPorts = 2> <OutPorts = 1>
ST_4 : Operation 129 [1/1] (0.00ns)   --->   "%w_549 = partselect i16 @_ssdm_op_PartSelect.i16.i4090.i32.i32, i4090 %w6_load, i32 16, i32 31" [firmware/nnet_utils/nnet_dense_resource.h:59->firmware/nnet_utils/nnet_dense_resource.h:262->firmware/nnet_utils/nnet_dense_stream.h:24->firmware/nnet_utils/nnet_dense_stream.h:97]   --->   Operation 129 'partselect' 'w_549' <Predicate = true> <Delay = 0.00>
ST_4 : Operation 130 [1/1] (1.82ns)   --->   "%a_24 = mux i16 @_ssdm_op_Mux.ap_auto.4i16.i2, i16 %data_95_phi, i16 %data_96_phi, i16 %data_97_phi, i16 %data_98_phi, i2 %w_index67" [firmware/nnet_utils/nnet_dense_stream.h:43->firmware/nnet_utils/nnet_dense_stream.h:93]   --->   Operation 130 'mux' 'a_24' <Predicate = true> <Delay = 1.82> <CoreInst = "Multiplexer">   --->   Core 76 'Multiplexer' <Latency = 0> <II = 1> <Delay = 1.82> <FuncUnit> <Opcode : 'mux'> <InPorts = 2> <OutPorts = 1>
ST_4 : Operation 131 [1/1] (0.00ns)   --->   "%w_550 = partselect i16 @_ssdm_op_PartSelect.i16.i4090.i32.i32, i4090 %w6_load, i32 32, i32 47" [firmware/nnet_utils/nnet_dense_resource.h:59->firmware/nnet_utils/nnet_dense_resource.h:262->firmware/nnet_utils/nnet_dense_stream.h:24->firmware/nnet_utils/nnet_dense_stream.h:97]   --->   Operation 131 'partselect' 'w_550' <Predicate = true> <Delay = 0.00>
ST_4 : Operation 132 [1/1] (1.82ns)   --->   "%a_25 = mux i16 @_ssdm_op_Mux.ap_auto.4i16.i2, i16 %data_99_phi, i16 %data_100_phi, i16 %data_101_phi, i16 %data_102_phi, i2 %w_index67" [firmware/nnet_utils/nnet_dense_stream.h:43->firmware/nnet_utils/nnet_dense_stream.h:93]   --->   Operation 132 'mux' 'a_25' <Predicate = true> <Delay = 1.82> <CoreInst = "Multiplexer">   --->   Core 76 'Multiplexer' <Latency = 0> <II = 1> <Delay = 1.82> <FuncUnit> <Opcode : 'mux'> <InPorts = 2> <OutPorts = 1>
ST_4 : Operation 133 [1/1] (0.00ns)   --->   "%w_551 = partselect i16 @_ssdm_op_PartSelect.i16.i4090.i32.i32, i4090 %w6_load, i32 48, i32 63" [firmware/nnet_utils/nnet_dense_resource.h:59->firmware/nnet_utils/nnet_dense_resource.h:262->firmware/nnet_utils/nnet_dense_stream.h:24->firmware/nnet_utils/nnet_dense_stream.h:97]   --->   Operation 133 'partselect' 'w_551' <Predicate = true> <Delay = 0.00>
ST_4 : Operation 134 [1/1] (1.82ns)   --->   "%a_26 = mux i16 @_ssdm_op_Mux.ap_auto.4i16.i2, i16 %data_103_phi, i16 %data_104_phi, i16 %data_105_phi, i16 %data_106_phi, i2 %w_index67" [firmware/nnet_utils/nnet_dense_stream.h:43->firmware/nnet_utils/nnet_dense_stream.h:93]   --->   Operation 134 'mux' 'a_26' <Predicate = true> <Delay = 1.82> <CoreInst = "Multiplexer">   --->   Core 76 'Multiplexer' <Latency = 0> <II = 1> <Delay = 1.82> <FuncUnit> <Opcode : 'mux'> <InPorts = 2> <OutPorts = 1>
ST_4 : Operation 135 [1/1] (0.00ns)   --->   "%w_552 = partselect i16 @_ssdm_op_PartSelect.i16.i4090.i32.i32, i4090 %w6_load, i32 64, i32 79" [firmware/nnet_utils/nnet_dense_resource.h:59->firmware/nnet_utils/nnet_dense_resource.h:262->firmware/nnet_utils/nnet_dense_stream.h:24->firmware/nnet_utils/nnet_dense_stream.h:97]   --->   Operation 135 'partselect' 'w_552' <Predicate = true> <Delay = 0.00>
ST_4 : Operation 136 [1/1] (1.82ns)   --->   "%a_27 = mux i16 @_ssdm_op_Mux.ap_auto.4i16.i2, i16 %data_107_phi, i16 %data_108_phi, i16 %data_109_phi, i16 %data_110_phi, i2 %w_index67" [firmware/nnet_utils/nnet_dense_stream.h:43->firmware/nnet_utils/nnet_dense_stream.h:93]   --->   Operation 136 'mux' 'a_27' <Predicate = true> <Delay = 1.82> <CoreInst = "Multiplexer">   --->   Core 76 'Multiplexer' <Latency = 0> <II = 1> <Delay = 1.82> <FuncUnit> <Opcode : 'mux'> <InPorts = 2> <OutPorts = 1>
ST_4 : Operation 137 [1/1] (0.00ns)   --->   "%w_553 = partselect i16 @_ssdm_op_PartSelect.i16.i4090.i32.i32, i4090 %w6_load, i32 80, i32 95" [firmware/nnet_utils/nnet_dense_resource.h:59->firmware/nnet_utils/nnet_dense_resource.h:262->firmware/nnet_utils/nnet_dense_stream.h:24->firmware/nnet_utils/nnet_dense_stream.h:97]   --->   Operation 137 'partselect' 'w_553' <Predicate = true> <Delay = 0.00>
ST_4 : Operation 138 [1/1] (1.82ns)   --->   "%a_28 = mux i16 @_ssdm_op_Mux.ap_auto.4i16.i2, i16 %data_111_phi, i16 %data_112_phi, i16 %data_113_phi, i16 %data_114_phi, i2 %w_index67" [firmware/nnet_utils/nnet_dense_stream.h:43->firmware/nnet_utils/nnet_dense_stream.h:93]   --->   Operation 138 'mux' 'a_28' <Predicate = true> <Delay = 1.82> <CoreInst = "Multiplexer">   --->   Core 76 'Multiplexer' <Latency = 0> <II = 1> <Delay = 1.82> <FuncUnit> <Opcode : 'mux'> <InPorts = 2> <OutPorts = 1>
ST_4 : Operation 139 [1/1] (0.00ns)   --->   "%w_554 = partselect i16 @_ssdm_op_PartSelect.i16.i4090.i32.i32, i4090 %w6_load, i32 96, i32 111" [firmware/nnet_utils/nnet_dense_resource.h:59->firmware/nnet_utils/nnet_dense_resource.h:262->firmware/nnet_utils/nnet_dense_stream.h:24->firmware/nnet_utils/nnet_dense_stream.h:97]   --->   Operation 139 'partselect' 'w_554' <Predicate = true> <Delay = 0.00>
ST_4 : Operation 140 [1/1] (1.82ns)   --->   "%a_29 = mux i16 @_ssdm_op_Mux.ap_auto.4i16.i2, i16 %data_115_phi, i16 %data_116_phi, i16 %data_119_phi, i16 %data_118_phi, i2 %w_index67" [firmware/nnet_utils/nnet_dense_stream.h:43->firmware/nnet_utils/nnet_dense_stream.h:93]   --->   Operation 140 'mux' 'a_29' <Predicate = true> <Delay = 1.82> <CoreInst = "Multiplexer">   --->   Core 76 'Multiplexer' <Latency = 0> <II = 1> <Delay = 1.82> <FuncUnit> <Opcode : 'mux'> <InPorts = 2> <OutPorts = 1>
ST_4 : Operation 141 [1/1] (0.00ns)   --->   "%w_555 = partselect i16 @_ssdm_op_PartSelect.i16.i4090.i32.i32, i4090 %w6_load, i32 112, i32 127" [firmware/nnet_utils/nnet_dense_resource.h:59->firmware/nnet_utils/nnet_dense_resource.h:262->firmware/nnet_utils/nnet_dense_stream.h:24->firmware/nnet_utils/nnet_dense_stream.h:97]   --->   Operation 141 'partselect' 'w_555' <Predicate = true> <Delay = 0.00>
ST_4 : Operation 142 [1/1] (0.00ns)   --->   "%w_556 = partselect i16 @_ssdm_op_PartSelect.i16.i4090.i32.i32, i4090 %w6_load, i32 128, i32 143" [firmware/nnet_utils/nnet_dense_resource.h:59->firmware/nnet_utils/nnet_dense_resource.h:262->firmware/nnet_utils/nnet_dense_stream.h:24->firmware/nnet_utils/nnet_dense_stream.h:97]   --->   Operation 142 'partselect' 'w_556' <Predicate = true> <Delay = 0.00>
ST_4 : Operation 143 [1/1] (0.00ns)   --->   "%w_557 = partselect i16 @_ssdm_op_PartSelect.i16.i4090.i32.i32, i4090 %w6_load, i32 144, i32 159" [firmware/nnet_utils/nnet_dense_resource.h:59->firmware/nnet_utils/nnet_dense_resource.h:262->firmware/nnet_utils/nnet_dense_stream.h:24->firmware/nnet_utils/nnet_dense_stream.h:97]   --->   Operation 143 'partselect' 'w_557' <Predicate = true> <Delay = 0.00>
ST_4 : Operation 144 [1/1] (0.00ns)   --->   "%w_558 = partselect i16 @_ssdm_op_PartSelect.i16.i4090.i32.i32, i4090 %w6_load, i32 160, i32 175" [firmware/nnet_utils/nnet_dense_resource.h:59->firmware/nnet_utils/nnet_dense_resource.h:262->firmware/nnet_utils/nnet_dense_stream.h:24->firmware/nnet_utils/nnet_dense_stream.h:97]   --->   Operation 144 'partselect' 'w_558' <Predicate = true> <Delay = 0.00>
ST_4 : Operation 145 [1/1] (0.00ns)   --->   "%w_559 = partselect i16 @_ssdm_op_PartSelect.i16.i4090.i32.i32, i4090 %w6_load, i32 176, i32 191" [firmware/nnet_utils/nnet_dense_resource.h:59->firmware/nnet_utils/nnet_dense_resource.h:262->firmware/nnet_utils/nnet_dense_stream.h:24->firmware/nnet_utils/nnet_dense_stream.h:97]   --->   Operation 145 'partselect' 'w_559' <Predicate = true> <Delay = 0.00>
ST_4 : Operation 146 [1/1] (0.00ns)   --->   "%w_560 = partselect i16 @_ssdm_op_PartSelect.i16.i4090.i32.i32, i4090 %w6_load, i32 192, i32 207" [firmware/nnet_utils/nnet_dense_resource.h:59->firmware/nnet_utils/nnet_dense_resource.h:262->firmware/nnet_utils/nnet_dense_stream.h:24->firmware/nnet_utils/nnet_dense_stream.h:97]   --->   Operation 146 'partselect' 'w_560' <Predicate = true> <Delay = 0.00>
ST_4 : Operation 147 [1/1] (0.00ns)   --->   "%w_561 = partselect i16 @_ssdm_op_PartSelect.i16.i4090.i32.i32, i4090 %w6_load, i32 208, i32 223" [firmware/nnet_utils/nnet_dense_resource.h:59->firmware/nnet_utils/nnet_dense_resource.h:262->firmware/nnet_utils/nnet_dense_stream.h:24->firmware/nnet_utils/nnet_dense_stream.h:97]   --->   Operation 147 'partselect' 'w_561' <Predicate = true> <Delay = 0.00>
ST_4 : Operation 148 [1/1] (0.00ns)   --->   "%w_562 = partselect i16 @_ssdm_op_PartSelect.i16.i4090.i32.i32, i4090 %w6_load, i32 224, i32 239" [firmware/nnet_utils/nnet_dense_resource.h:59->firmware/nnet_utils/nnet_dense_resource.h:262->firmware/nnet_utils/nnet_dense_stream.h:24->firmware/nnet_utils/nnet_dense_stream.h:97]   --->   Operation 148 'partselect' 'w_562' <Predicate = true> <Delay = 0.00>
ST_4 : Operation 149 [1/1] (0.00ns)   --->   "%w_563 = partselect i16 @_ssdm_op_PartSelect.i16.i4090.i32.i32, i4090 %w6_load, i32 240, i32 255" [firmware/nnet_utils/nnet_dense_resource.h:59->firmware/nnet_utils/nnet_dense_resource.h:262->firmware/nnet_utils/nnet_dense_stream.h:24->firmware/nnet_utils/nnet_dense_stream.h:97]   --->   Operation 149 'partselect' 'w_563' <Predicate = true> <Delay = 0.00>
ST_4 : Operation 150 [1/1] (0.00ns)   --->   "%w_564 = partselect i16 @_ssdm_op_PartSelect.i16.i4090.i32.i32, i4090 %w6_load, i32 256, i32 271" [firmware/nnet_utils/nnet_dense_resource.h:59->firmware/nnet_utils/nnet_dense_resource.h:262->firmware/nnet_utils/nnet_dense_stream.h:24->firmware/nnet_utils/nnet_dense_stream.h:97]   --->   Operation 150 'partselect' 'w_564' <Predicate = true> <Delay = 0.00>
ST_4 : Operation 151 [1/1] (0.00ns)   --->   "%w_565 = partselect i16 @_ssdm_op_PartSelect.i16.i4090.i32.i32, i4090 %w6_load, i32 272, i32 287" [firmware/nnet_utils/nnet_dense_resource.h:59->firmware/nnet_utils/nnet_dense_resource.h:262->firmware/nnet_utils/nnet_dense_stream.h:24->firmware/nnet_utils/nnet_dense_stream.h:97]   --->   Operation 151 'partselect' 'w_565' <Predicate = true> <Delay = 0.00>
ST_4 : Operation 152 [1/1] (0.00ns)   --->   "%w_566 = partselect i16 @_ssdm_op_PartSelect.i16.i4090.i32.i32, i4090 %w6_load, i32 288, i32 303" [firmware/nnet_utils/nnet_dense_resource.h:59->firmware/nnet_utils/nnet_dense_resource.h:262->firmware/nnet_utils/nnet_dense_stream.h:24->firmware/nnet_utils/nnet_dense_stream.h:97]   --->   Operation 152 'partselect' 'w_566' <Predicate = true> <Delay = 0.00>
ST_4 : Operation 153 [1/1] (0.00ns)   --->   "%w_567 = partselect i16 @_ssdm_op_PartSelect.i16.i4090.i32.i32, i4090 %w6_load, i32 304, i32 319" [firmware/nnet_utils/nnet_dense_resource.h:59->firmware/nnet_utils/nnet_dense_resource.h:262->firmware/nnet_utils/nnet_dense_stream.h:24->firmware/nnet_utils/nnet_dense_stream.h:97]   --->   Operation 153 'partselect' 'w_567' <Predicate = true> <Delay = 0.00>
ST_4 : Operation 154 [1/1] (0.00ns)   --->   "%w_568 = partselect i16 @_ssdm_op_PartSelect.i16.i4090.i32.i32, i4090 %w6_load, i32 320, i32 335" [firmware/nnet_utils/nnet_dense_resource.h:59->firmware/nnet_utils/nnet_dense_resource.h:262->firmware/nnet_utils/nnet_dense_stream.h:24->firmware/nnet_utils/nnet_dense_stream.h:97]   --->   Operation 154 'partselect' 'w_568' <Predicate = true> <Delay = 0.00>
ST_4 : Operation 155 [1/1] (0.00ns)   --->   "%w_569 = partselect i16 @_ssdm_op_PartSelect.i16.i4090.i32.i32, i4090 %w6_load, i32 336, i32 351" [firmware/nnet_utils/nnet_dense_resource.h:59->firmware/nnet_utils/nnet_dense_resource.h:262->firmware/nnet_utils/nnet_dense_stream.h:24->firmware/nnet_utils/nnet_dense_stream.h:97]   --->   Operation 155 'partselect' 'w_569' <Predicate = true> <Delay = 0.00>
ST_4 : Operation 156 [1/1] (0.00ns)   --->   "%w_570 = partselect i16 @_ssdm_op_PartSelect.i16.i4090.i32.i32, i4090 %w6_load, i32 352, i32 367" [firmware/nnet_utils/nnet_dense_resource.h:59->firmware/nnet_utils/nnet_dense_resource.h:262->firmware/nnet_utils/nnet_dense_stream.h:24->firmware/nnet_utils/nnet_dense_stream.h:97]   --->   Operation 156 'partselect' 'w_570' <Predicate = true> <Delay = 0.00>
ST_4 : Operation 157 [1/1] (0.00ns)   --->   "%w_571 = partselect i16 @_ssdm_op_PartSelect.i16.i4090.i32.i32, i4090 %w6_load, i32 368, i32 383" [firmware/nnet_utils/nnet_dense_resource.h:59->firmware/nnet_utils/nnet_dense_resource.h:262->firmware/nnet_utils/nnet_dense_stream.h:24->firmware/nnet_utils/nnet_dense_stream.h:97]   --->   Operation 157 'partselect' 'w_571' <Predicate = true> <Delay = 0.00>
ST_4 : Operation 158 [1/1] (0.00ns)   --->   "%w_572 = partselect i16 @_ssdm_op_PartSelect.i16.i4090.i32.i32, i4090 %w6_load, i32 384, i32 399" [firmware/nnet_utils/nnet_dense_resource.h:59->firmware/nnet_utils/nnet_dense_resource.h:262->firmware/nnet_utils/nnet_dense_stream.h:24->firmware/nnet_utils/nnet_dense_stream.h:97]   --->   Operation 158 'partselect' 'w_572' <Predicate = true> <Delay = 0.00>
ST_4 : Operation 159 [1/1] (0.00ns)   --->   "%w_573 = partselect i16 @_ssdm_op_PartSelect.i16.i4090.i32.i32, i4090 %w6_load, i32 400, i32 415" [firmware/nnet_utils/nnet_dense_resource.h:59->firmware/nnet_utils/nnet_dense_resource.h:262->firmware/nnet_utils/nnet_dense_stream.h:24->firmware/nnet_utils/nnet_dense_stream.h:97]   --->   Operation 159 'partselect' 'w_573' <Predicate = true> <Delay = 0.00>
ST_4 : Operation 160 [1/1] (0.00ns)   --->   "%w_574 = partselect i16 @_ssdm_op_PartSelect.i16.i4090.i32.i32, i4090 %w6_load, i32 416, i32 431" [firmware/nnet_utils/nnet_dense_resource.h:59->firmware/nnet_utils/nnet_dense_resource.h:262->firmware/nnet_utils/nnet_dense_stream.h:24->firmware/nnet_utils/nnet_dense_stream.h:97]   --->   Operation 160 'partselect' 'w_574' <Predicate = true> <Delay = 0.00>
ST_4 : Operation 161 [1/1] (0.00ns)   --->   "%w_575 = partselect i16 @_ssdm_op_PartSelect.i16.i4090.i32.i32, i4090 %w6_load, i32 432, i32 447" [firmware/nnet_utils/nnet_dense_resource.h:59->firmware/nnet_utils/nnet_dense_resource.h:262->firmware/nnet_utils/nnet_dense_stream.h:24->firmware/nnet_utils/nnet_dense_stream.h:97]   --->   Operation 161 'partselect' 'w_575' <Predicate = true> <Delay = 0.00>
ST_4 : Operation 162 [1/1] (0.00ns)   --->   "%w_576 = partselect i16 @_ssdm_op_PartSelect.i16.i4090.i32.i32, i4090 %w6_load, i32 448, i32 463" [firmware/nnet_utils/nnet_dense_resource.h:59->firmware/nnet_utils/nnet_dense_resource.h:262->firmware/nnet_utils/nnet_dense_stream.h:24->firmware/nnet_utils/nnet_dense_stream.h:97]   --->   Operation 162 'partselect' 'w_576' <Predicate = true> <Delay = 0.00>
ST_4 : Operation 163 [1/1] (0.00ns)   --->   "%w_577 = partselect i16 @_ssdm_op_PartSelect.i16.i4090.i32.i32, i4090 %w6_load, i32 464, i32 479" [firmware/nnet_utils/nnet_dense_resource.h:59->firmware/nnet_utils/nnet_dense_resource.h:262->firmware/nnet_utils/nnet_dense_stream.h:24->firmware/nnet_utils/nnet_dense_stream.h:97]   --->   Operation 163 'partselect' 'w_577' <Predicate = true> <Delay = 0.00>
ST_4 : Operation 164 [1/1] (0.00ns)   --->   "%w_578 = partselect i16 @_ssdm_op_PartSelect.i16.i4090.i32.i32, i4090 %w6_load, i32 480, i32 495" [firmware/nnet_utils/nnet_dense_resource.h:59->firmware/nnet_utils/nnet_dense_resource.h:262->firmware/nnet_utils/nnet_dense_stream.h:24->firmware/nnet_utils/nnet_dense_stream.h:97]   --->   Operation 164 'partselect' 'w_578' <Predicate = true> <Delay = 0.00>
ST_4 : Operation 165 [1/1] (0.00ns)   --->   "%w_579 = partselect i16 @_ssdm_op_PartSelect.i16.i4090.i32.i32, i4090 %w6_load, i32 496, i32 511" [firmware/nnet_utils/nnet_dense_resource.h:59->firmware/nnet_utils/nnet_dense_resource.h:262->firmware/nnet_utils/nnet_dense_stream.h:24->firmware/nnet_utils/nnet_dense_stream.h:97]   --->   Operation 165 'partselect' 'w_579' <Predicate = true> <Delay = 0.00>
ST_4 : Operation 166 [1/1] (0.00ns)   --->   "%w_580 = partselect i16 @_ssdm_op_PartSelect.i16.i4090.i32.i32, i4090 %w6_load, i32 512, i32 527" [firmware/nnet_utils/nnet_dense_resource.h:59->firmware/nnet_utils/nnet_dense_resource.h:262->firmware/nnet_utils/nnet_dense_stream.h:24->firmware/nnet_utils/nnet_dense_stream.h:97]   --->   Operation 166 'partselect' 'w_580' <Predicate = true> <Delay = 0.00>
ST_4 : Operation 167 [1/1] (0.00ns)   --->   "%w_581 = partselect i16 @_ssdm_op_PartSelect.i16.i4090.i32.i32, i4090 %w6_load, i32 528, i32 543" [firmware/nnet_utils/nnet_dense_resource.h:59->firmware/nnet_utils/nnet_dense_resource.h:262->firmware/nnet_utils/nnet_dense_stream.h:24->firmware/nnet_utils/nnet_dense_stream.h:97]   --->   Operation 167 'partselect' 'w_581' <Predicate = true> <Delay = 0.00>
ST_4 : Operation 168 [1/1] (0.00ns)   --->   "%w_582 = partselect i16 @_ssdm_op_PartSelect.i16.i4090.i32.i32, i4090 %w6_load, i32 544, i32 559" [firmware/nnet_utils/nnet_dense_resource.h:59->firmware/nnet_utils/nnet_dense_resource.h:262->firmware/nnet_utils/nnet_dense_stream.h:24->firmware/nnet_utils/nnet_dense_stream.h:97]   --->   Operation 168 'partselect' 'w_582' <Predicate = true> <Delay = 0.00>
ST_4 : Operation 169 [1/1] (0.00ns)   --->   "%w_583 = partselect i16 @_ssdm_op_PartSelect.i16.i4090.i32.i32, i4090 %w6_load, i32 560, i32 575" [firmware/nnet_utils/nnet_dense_resource.h:59->firmware/nnet_utils/nnet_dense_resource.h:262->firmware/nnet_utils/nnet_dense_stream.h:24->firmware/nnet_utils/nnet_dense_stream.h:97]   --->   Operation 169 'partselect' 'w_583' <Predicate = true> <Delay = 0.00>
ST_4 : Operation 170 [1/1] (0.00ns)   --->   "%w_584 = partselect i16 @_ssdm_op_PartSelect.i16.i4090.i32.i32, i4090 %w6_load, i32 576, i32 591" [firmware/nnet_utils/nnet_dense_resource.h:59->firmware/nnet_utils/nnet_dense_resource.h:262->firmware/nnet_utils/nnet_dense_stream.h:24->firmware/nnet_utils/nnet_dense_stream.h:97]   --->   Operation 170 'partselect' 'w_584' <Predicate = true> <Delay = 0.00>
ST_4 : Operation 171 [1/1] (0.00ns)   --->   "%w_585 = partselect i16 @_ssdm_op_PartSelect.i16.i4090.i32.i32, i4090 %w6_load, i32 592, i32 607" [firmware/nnet_utils/nnet_dense_resource.h:59->firmware/nnet_utils/nnet_dense_resource.h:262->firmware/nnet_utils/nnet_dense_stream.h:24->firmware/nnet_utils/nnet_dense_stream.h:97]   --->   Operation 171 'partselect' 'w_585' <Predicate = true> <Delay = 0.00>
ST_4 : Operation 172 [1/1] (0.00ns)   --->   "%w_586 = partselect i16 @_ssdm_op_PartSelect.i16.i4090.i32.i32, i4090 %w6_load, i32 608, i32 623" [firmware/nnet_utils/nnet_dense_resource.h:59->firmware/nnet_utils/nnet_dense_resource.h:262->firmware/nnet_utils/nnet_dense_stream.h:24->firmware/nnet_utils/nnet_dense_stream.h:97]   --->   Operation 172 'partselect' 'w_586' <Predicate = true> <Delay = 0.00>
ST_4 : Operation 173 [1/1] (0.00ns)   --->   "%w_587 = partselect i16 @_ssdm_op_PartSelect.i16.i4090.i32.i32, i4090 %w6_load, i32 624, i32 639" [firmware/nnet_utils/nnet_dense_resource.h:59->firmware/nnet_utils/nnet_dense_resource.h:262->firmware/nnet_utils/nnet_dense_stream.h:24->firmware/nnet_utils/nnet_dense_stream.h:97]   --->   Operation 173 'partselect' 'w_587' <Predicate = true> <Delay = 0.00>
ST_4 : Operation 174 [1/1] (0.00ns)   --->   "%w_588 = partselect i16 @_ssdm_op_PartSelect.i16.i4090.i32.i32, i4090 %w6_load, i32 640, i32 655" [firmware/nnet_utils/nnet_dense_resource.h:59->firmware/nnet_utils/nnet_dense_resource.h:262->firmware/nnet_utils/nnet_dense_stream.h:24->firmware/nnet_utils/nnet_dense_stream.h:97]   --->   Operation 174 'partselect' 'w_588' <Predicate = true> <Delay = 0.00>
ST_4 : Operation 175 [1/1] (0.00ns)   --->   "%w_589 = partselect i16 @_ssdm_op_PartSelect.i16.i4090.i32.i32, i4090 %w6_load, i32 656, i32 671" [firmware/nnet_utils/nnet_dense_resource.h:59->firmware/nnet_utils/nnet_dense_resource.h:262->firmware/nnet_utils/nnet_dense_stream.h:24->firmware/nnet_utils/nnet_dense_stream.h:97]   --->   Operation 175 'partselect' 'w_589' <Predicate = true> <Delay = 0.00>
ST_4 : Operation 176 [1/1] (0.00ns)   --->   "%w_590 = partselect i16 @_ssdm_op_PartSelect.i16.i4090.i32.i32, i4090 %w6_load, i32 672, i32 687" [firmware/nnet_utils/nnet_dense_resource.h:59->firmware/nnet_utils/nnet_dense_resource.h:262->firmware/nnet_utils/nnet_dense_stream.h:24->firmware/nnet_utils/nnet_dense_stream.h:97]   --->   Operation 176 'partselect' 'w_590' <Predicate = true> <Delay = 0.00>
ST_4 : Operation 177 [1/1] (0.00ns)   --->   "%w_591 = partselect i16 @_ssdm_op_PartSelect.i16.i4090.i32.i32, i4090 %w6_load, i32 688, i32 703" [firmware/nnet_utils/nnet_dense_resource.h:59->firmware/nnet_utils/nnet_dense_resource.h:262->firmware/nnet_utils/nnet_dense_stream.h:24->firmware/nnet_utils/nnet_dense_stream.h:97]   --->   Operation 177 'partselect' 'w_591' <Predicate = true> <Delay = 0.00>
ST_4 : Operation 178 [1/1] (0.00ns)   --->   "%w_592 = partselect i16 @_ssdm_op_PartSelect.i16.i4090.i32.i32, i4090 %w6_load, i32 704, i32 719" [firmware/nnet_utils/nnet_dense_resource.h:59->firmware/nnet_utils/nnet_dense_resource.h:262->firmware/nnet_utils/nnet_dense_stream.h:24->firmware/nnet_utils/nnet_dense_stream.h:97]   --->   Operation 178 'partselect' 'w_592' <Predicate = true> <Delay = 0.00>
ST_4 : Operation 179 [1/1] (0.00ns)   --->   "%w_593 = partselect i16 @_ssdm_op_PartSelect.i16.i4090.i32.i32, i4090 %w6_load, i32 720, i32 735" [firmware/nnet_utils/nnet_dense_resource.h:59->firmware/nnet_utils/nnet_dense_resource.h:262->firmware/nnet_utils/nnet_dense_stream.h:24->firmware/nnet_utils/nnet_dense_stream.h:97]   --->   Operation 179 'partselect' 'w_593' <Predicate = true> <Delay = 0.00>
ST_4 : Operation 180 [1/1] (0.00ns)   --->   "%w_594 = partselect i16 @_ssdm_op_PartSelect.i16.i4090.i32.i32, i4090 %w6_load, i32 736, i32 751" [firmware/nnet_utils/nnet_dense_resource.h:59->firmware/nnet_utils/nnet_dense_resource.h:262->firmware/nnet_utils/nnet_dense_stream.h:24->firmware/nnet_utils/nnet_dense_stream.h:97]   --->   Operation 180 'partselect' 'w_594' <Predicate = true> <Delay = 0.00>
ST_4 : Operation 181 [1/1] (0.00ns)   --->   "%w_595 = partselect i16 @_ssdm_op_PartSelect.i16.i4090.i32.i32, i4090 %w6_load, i32 752, i32 767" [firmware/nnet_utils/nnet_dense_resource.h:59->firmware/nnet_utils/nnet_dense_resource.h:262->firmware/nnet_utils/nnet_dense_stream.h:24->firmware/nnet_utils/nnet_dense_stream.h:97]   --->   Operation 181 'partselect' 'w_595' <Predicate = true> <Delay = 0.00>
ST_4 : Operation 182 [1/1] (0.00ns)   --->   "%w_596 = partselect i16 @_ssdm_op_PartSelect.i16.i4090.i32.i32, i4090 %w6_load, i32 768, i32 783" [firmware/nnet_utils/nnet_dense_resource.h:59->firmware/nnet_utils/nnet_dense_resource.h:262->firmware/nnet_utils/nnet_dense_stream.h:24->firmware/nnet_utils/nnet_dense_stream.h:97]   --->   Operation 182 'partselect' 'w_596' <Predicate = true> <Delay = 0.00>
ST_4 : Operation 183 [1/1] (0.00ns)   --->   "%w_597 = partselect i16 @_ssdm_op_PartSelect.i16.i4090.i32.i32, i4090 %w6_load, i32 784, i32 799" [firmware/nnet_utils/nnet_dense_resource.h:59->firmware/nnet_utils/nnet_dense_resource.h:262->firmware/nnet_utils/nnet_dense_stream.h:24->firmware/nnet_utils/nnet_dense_stream.h:97]   --->   Operation 183 'partselect' 'w_597' <Predicate = true> <Delay = 0.00>
ST_4 : Operation 184 [1/1] (0.00ns)   --->   "%w_598 = partselect i16 @_ssdm_op_PartSelect.i16.i4090.i32.i32, i4090 %w6_load, i32 800, i32 815" [firmware/nnet_utils/nnet_dense_resource.h:59->firmware/nnet_utils/nnet_dense_resource.h:262->firmware/nnet_utils/nnet_dense_stream.h:24->firmware/nnet_utils/nnet_dense_stream.h:97]   --->   Operation 184 'partselect' 'w_598' <Predicate = true> <Delay = 0.00>
ST_4 : Operation 185 [1/1] (0.00ns)   --->   "%w_599 = partselect i16 @_ssdm_op_PartSelect.i16.i4090.i32.i32, i4090 %w6_load, i32 816, i32 831" [firmware/nnet_utils/nnet_dense_resource.h:59->firmware/nnet_utils/nnet_dense_resource.h:262->firmware/nnet_utils/nnet_dense_stream.h:24->firmware/nnet_utils/nnet_dense_stream.h:97]   --->   Operation 185 'partselect' 'w_599' <Predicate = true> <Delay = 0.00>
ST_4 : Operation 186 [1/1] (0.00ns)   --->   "%w_600 = partselect i16 @_ssdm_op_PartSelect.i16.i4090.i32.i32, i4090 %w6_load, i32 832, i32 847" [firmware/nnet_utils/nnet_dense_resource.h:59->firmware/nnet_utils/nnet_dense_resource.h:262->firmware/nnet_utils/nnet_dense_stream.h:24->firmware/nnet_utils/nnet_dense_stream.h:97]   --->   Operation 186 'partselect' 'w_600' <Predicate = true> <Delay = 0.00>
ST_4 : Operation 187 [1/1] (0.00ns)   --->   "%w_601 = partselect i16 @_ssdm_op_PartSelect.i16.i4090.i32.i32, i4090 %w6_load, i32 848, i32 863" [firmware/nnet_utils/nnet_dense_resource.h:59->firmware/nnet_utils/nnet_dense_resource.h:262->firmware/nnet_utils/nnet_dense_stream.h:24->firmware/nnet_utils/nnet_dense_stream.h:97]   --->   Operation 187 'partselect' 'w_601' <Predicate = true> <Delay = 0.00>
ST_4 : Operation 188 [1/1] (0.00ns)   --->   "%w_602 = partselect i16 @_ssdm_op_PartSelect.i16.i4090.i32.i32, i4090 %w6_load, i32 864, i32 879" [firmware/nnet_utils/nnet_dense_resource.h:59->firmware/nnet_utils/nnet_dense_resource.h:262->firmware/nnet_utils/nnet_dense_stream.h:24->firmware/nnet_utils/nnet_dense_stream.h:97]   --->   Operation 188 'partselect' 'w_602' <Predicate = true> <Delay = 0.00>
ST_4 : Operation 189 [1/1] (0.00ns)   --->   "%w_603 = partselect i16 @_ssdm_op_PartSelect.i16.i4090.i32.i32, i4090 %w6_load, i32 880, i32 895" [firmware/nnet_utils/nnet_dense_resource.h:59->firmware/nnet_utils/nnet_dense_resource.h:262->firmware/nnet_utils/nnet_dense_stream.h:24->firmware/nnet_utils/nnet_dense_stream.h:97]   --->   Operation 189 'partselect' 'w_603' <Predicate = true> <Delay = 0.00>
ST_4 : Operation 190 [1/1] (0.00ns)   --->   "%w_604 = partselect i16 @_ssdm_op_PartSelect.i16.i4090.i32.i32, i4090 %w6_load, i32 896, i32 911" [firmware/nnet_utils/nnet_dense_resource.h:59->firmware/nnet_utils/nnet_dense_resource.h:262->firmware/nnet_utils/nnet_dense_stream.h:24->firmware/nnet_utils/nnet_dense_stream.h:97]   --->   Operation 190 'partselect' 'w_604' <Predicate = true> <Delay = 0.00>
ST_4 : Operation 191 [1/1] (0.00ns)   --->   "%w_605 = partselect i16 @_ssdm_op_PartSelect.i16.i4090.i32.i32, i4090 %w6_load, i32 912, i32 927" [firmware/nnet_utils/nnet_dense_resource.h:59->firmware/nnet_utils/nnet_dense_resource.h:262->firmware/nnet_utils/nnet_dense_stream.h:24->firmware/nnet_utils/nnet_dense_stream.h:97]   --->   Operation 191 'partselect' 'w_605' <Predicate = true> <Delay = 0.00>
ST_4 : Operation 192 [1/1] (0.00ns)   --->   "%w_606 = partselect i16 @_ssdm_op_PartSelect.i16.i4090.i32.i32, i4090 %w6_load, i32 928, i32 943" [firmware/nnet_utils/nnet_dense_resource.h:59->firmware/nnet_utils/nnet_dense_resource.h:262->firmware/nnet_utils/nnet_dense_stream.h:24->firmware/nnet_utils/nnet_dense_stream.h:97]   --->   Operation 192 'partselect' 'w_606' <Predicate = true> <Delay = 0.00>
ST_4 : Operation 193 [1/1] (0.00ns)   --->   "%w_607 = partselect i16 @_ssdm_op_PartSelect.i16.i4090.i32.i32, i4090 %w6_load, i32 944, i32 959" [firmware/nnet_utils/nnet_dense_resource.h:59->firmware/nnet_utils/nnet_dense_resource.h:262->firmware/nnet_utils/nnet_dense_stream.h:24->firmware/nnet_utils/nnet_dense_stream.h:97]   --->   Operation 193 'partselect' 'w_607' <Predicate = true> <Delay = 0.00>
ST_4 : Operation 194 [1/1] (0.00ns)   --->   "%w_608 = partselect i16 @_ssdm_op_PartSelect.i16.i4090.i32.i32, i4090 %w6_load, i32 960, i32 975" [firmware/nnet_utils/nnet_dense_resource.h:59->firmware/nnet_utils/nnet_dense_resource.h:262->firmware/nnet_utils/nnet_dense_stream.h:24->firmware/nnet_utils/nnet_dense_stream.h:97]   --->   Operation 194 'partselect' 'w_608' <Predicate = true> <Delay = 0.00>
ST_4 : Operation 195 [1/1] (0.00ns)   --->   "%w_609 = partselect i16 @_ssdm_op_PartSelect.i16.i4090.i32.i32, i4090 %w6_load, i32 976, i32 991" [firmware/nnet_utils/nnet_dense_resource.h:59->firmware/nnet_utils/nnet_dense_resource.h:262->firmware/nnet_utils/nnet_dense_stream.h:24->firmware/nnet_utils/nnet_dense_stream.h:97]   --->   Operation 195 'partselect' 'w_609' <Predicate = true> <Delay = 0.00>
ST_4 : Operation 196 [1/1] (0.00ns)   --->   "%w_610 = partselect i16 @_ssdm_op_PartSelect.i16.i4090.i32.i32, i4090 %w6_load, i32 992, i32 1007" [firmware/nnet_utils/nnet_dense_resource.h:59->firmware/nnet_utils/nnet_dense_resource.h:262->firmware/nnet_utils/nnet_dense_stream.h:24->firmware/nnet_utils/nnet_dense_stream.h:97]   --->   Operation 196 'partselect' 'w_610' <Predicate = true> <Delay = 0.00>
ST_4 : Operation 197 [1/1] (0.00ns)   --->   "%w_611 = partselect i16 @_ssdm_op_PartSelect.i16.i4090.i32.i32, i4090 %w6_load, i32 1008, i32 1023" [firmware/nnet_utils/nnet_dense_resource.h:59->firmware/nnet_utils/nnet_dense_resource.h:262->firmware/nnet_utils/nnet_dense_stream.h:24->firmware/nnet_utils/nnet_dense_stream.h:97]   --->   Operation 197 'partselect' 'w_611' <Predicate = true> <Delay = 0.00>
ST_4 : Operation 198 [1/1] (0.00ns)   --->   "%w_612 = partselect i16 @_ssdm_op_PartSelect.i16.i4090.i32.i32, i4090 %w6_load, i32 1024, i32 1039" [firmware/nnet_utils/nnet_dense_resource.h:59->firmware/nnet_utils/nnet_dense_resource.h:262->firmware/nnet_utils/nnet_dense_stream.h:24->firmware/nnet_utils/nnet_dense_stream.h:97]   --->   Operation 198 'partselect' 'w_612' <Predicate = true> <Delay = 0.00>
ST_4 : Operation 199 [1/1] (0.00ns)   --->   "%w_613 = partselect i16 @_ssdm_op_PartSelect.i16.i4090.i32.i32, i4090 %w6_load, i32 1040, i32 1055" [firmware/nnet_utils/nnet_dense_resource.h:59->firmware/nnet_utils/nnet_dense_resource.h:262->firmware/nnet_utils/nnet_dense_stream.h:24->firmware/nnet_utils/nnet_dense_stream.h:97]   --->   Operation 199 'partselect' 'w_613' <Predicate = true> <Delay = 0.00>
ST_4 : Operation 200 [1/1] (0.00ns)   --->   "%w_614 = partselect i16 @_ssdm_op_PartSelect.i16.i4090.i32.i32, i4090 %w6_load, i32 1056, i32 1071" [firmware/nnet_utils/nnet_dense_resource.h:59->firmware/nnet_utils/nnet_dense_resource.h:262->firmware/nnet_utils/nnet_dense_stream.h:24->firmware/nnet_utils/nnet_dense_stream.h:97]   --->   Operation 200 'partselect' 'w_614' <Predicate = true> <Delay = 0.00>
ST_4 : Operation 201 [1/1] (0.00ns)   --->   "%w_615 = partselect i16 @_ssdm_op_PartSelect.i16.i4090.i32.i32, i4090 %w6_load, i32 1072, i32 1087" [firmware/nnet_utils/nnet_dense_resource.h:59->firmware/nnet_utils/nnet_dense_resource.h:262->firmware/nnet_utils/nnet_dense_stream.h:24->firmware/nnet_utils/nnet_dense_stream.h:97]   --->   Operation 201 'partselect' 'w_615' <Predicate = true> <Delay = 0.00>
ST_4 : Operation 202 [1/1] (0.00ns)   --->   "%w_616 = partselect i16 @_ssdm_op_PartSelect.i16.i4090.i32.i32, i4090 %w6_load, i32 1088, i32 1103" [firmware/nnet_utils/nnet_dense_resource.h:59->firmware/nnet_utils/nnet_dense_resource.h:262->firmware/nnet_utils/nnet_dense_stream.h:24->firmware/nnet_utils/nnet_dense_stream.h:97]   --->   Operation 202 'partselect' 'w_616' <Predicate = true> <Delay = 0.00>
ST_4 : Operation 203 [1/1] (0.00ns)   --->   "%w_617 = partselect i16 @_ssdm_op_PartSelect.i16.i4090.i32.i32, i4090 %w6_load, i32 1104, i32 1119" [firmware/nnet_utils/nnet_dense_resource.h:59->firmware/nnet_utils/nnet_dense_resource.h:262->firmware/nnet_utils/nnet_dense_stream.h:24->firmware/nnet_utils/nnet_dense_stream.h:97]   --->   Operation 203 'partselect' 'w_617' <Predicate = true> <Delay = 0.00>
ST_4 : Operation 204 [1/1] (0.00ns)   --->   "%w_618 = partselect i16 @_ssdm_op_PartSelect.i16.i4090.i32.i32, i4090 %w6_load, i32 1120, i32 1135" [firmware/nnet_utils/nnet_dense_resource.h:59->firmware/nnet_utils/nnet_dense_resource.h:262->firmware/nnet_utils/nnet_dense_stream.h:24->firmware/nnet_utils/nnet_dense_stream.h:97]   --->   Operation 204 'partselect' 'w_618' <Predicate = true> <Delay = 0.00>
ST_4 : Operation 205 [1/1] (0.00ns)   --->   "%w_619 = partselect i16 @_ssdm_op_PartSelect.i16.i4090.i32.i32, i4090 %w6_load, i32 1136, i32 1151" [firmware/nnet_utils/nnet_dense_resource.h:59->firmware/nnet_utils/nnet_dense_resource.h:262->firmware/nnet_utils/nnet_dense_stream.h:24->firmware/nnet_utils/nnet_dense_stream.h:97]   --->   Operation 205 'partselect' 'w_619' <Predicate = true> <Delay = 0.00>
ST_4 : Operation 206 [1/1] (0.00ns)   --->   "%w_620 = partselect i16 @_ssdm_op_PartSelect.i16.i4090.i32.i32, i4090 %w6_load, i32 1152, i32 1167" [firmware/nnet_utils/nnet_dense_resource.h:59->firmware/nnet_utils/nnet_dense_resource.h:262->firmware/nnet_utils/nnet_dense_stream.h:24->firmware/nnet_utils/nnet_dense_stream.h:97]   --->   Operation 206 'partselect' 'w_620' <Predicate = true> <Delay = 0.00>
ST_4 : Operation 207 [1/1] (0.00ns)   --->   "%w_621 = partselect i16 @_ssdm_op_PartSelect.i16.i4090.i32.i32, i4090 %w6_load, i32 1168, i32 1183" [firmware/nnet_utils/nnet_dense_resource.h:59->firmware/nnet_utils/nnet_dense_resource.h:262->firmware/nnet_utils/nnet_dense_stream.h:24->firmware/nnet_utils/nnet_dense_stream.h:97]   --->   Operation 207 'partselect' 'w_621' <Predicate = true> <Delay = 0.00>
ST_4 : Operation 208 [1/1] (0.00ns)   --->   "%w_622 = partselect i16 @_ssdm_op_PartSelect.i16.i4090.i32.i32, i4090 %w6_load, i32 1184, i32 1199" [firmware/nnet_utils/nnet_dense_resource.h:59->firmware/nnet_utils/nnet_dense_resource.h:262->firmware/nnet_utils/nnet_dense_stream.h:24->firmware/nnet_utils/nnet_dense_stream.h:97]   --->   Operation 208 'partselect' 'w_622' <Predicate = true> <Delay = 0.00>
ST_4 : Operation 209 [1/1] (0.00ns)   --->   "%w_623 = partselect i16 @_ssdm_op_PartSelect.i16.i4090.i32.i32, i4090 %w6_load, i32 1200, i32 1215" [firmware/nnet_utils/nnet_dense_resource.h:59->firmware/nnet_utils/nnet_dense_resource.h:262->firmware/nnet_utils/nnet_dense_stream.h:24->firmware/nnet_utils/nnet_dense_stream.h:97]   --->   Operation 209 'partselect' 'w_623' <Predicate = true> <Delay = 0.00>
ST_4 : Operation 210 [1/1] (0.00ns)   --->   "%w_624 = partselect i16 @_ssdm_op_PartSelect.i16.i4090.i32.i32, i4090 %w6_load, i32 1216, i32 1231" [firmware/nnet_utils/nnet_dense_resource.h:59->firmware/nnet_utils/nnet_dense_resource.h:262->firmware/nnet_utils/nnet_dense_stream.h:24->firmware/nnet_utils/nnet_dense_stream.h:97]   --->   Operation 210 'partselect' 'w_624' <Predicate = true> <Delay = 0.00>
ST_4 : Operation 211 [1/1] (0.00ns)   --->   "%w_625 = partselect i16 @_ssdm_op_PartSelect.i16.i4090.i32.i32, i4090 %w6_load, i32 1232, i32 1247" [firmware/nnet_utils/nnet_dense_resource.h:59->firmware/nnet_utils/nnet_dense_resource.h:262->firmware/nnet_utils/nnet_dense_stream.h:24->firmware/nnet_utils/nnet_dense_stream.h:97]   --->   Operation 211 'partselect' 'w_625' <Predicate = true> <Delay = 0.00>
ST_4 : Operation 212 [1/1] (0.00ns)   --->   "%w_626 = partselect i16 @_ssdm_op_PartSelect.i16.i4090.i32.i32, i4090 %w6_load, i32 1248, i32 1263" [firmware/nnet_utils/nnet_dense_resource.h:59->firmware/nnet_utils/nnet_dense_resource.h:262->firmware/nnet_utils/nnet_dense_stream.h:24->firmware/nnet_utils/nnet_dense_stream.h:97]   --->   Operation 212 'partselect' 'w_626' <Predicate = true> <Delay = 0.00>
ST_4 : Operation 213 [1/1] (0.00ns)   --->   "%w_627 = partselect i16 @_ssdm_op_PartSelect.i16.i4090.i32.i32, i4090 %w6_load, i32 1264, i32 1279" [firmware/nnet_utils/nnet_dense_resource.h:59->firmware/nnet_utils/nnet_dense_resource.h:262->firmware/nnet_utils/nnet_dense_stream.h:24->firmware/nnet_utils/nnet_dense_stream.h:97]   --->   Operation 213 'partselect' 'w_627' <Predicate = true> <Delay = 0.00>
ST_4 : Operation 214 [1/1] (0.00ns)   --->   "%w_628 = partselect i16 @_ssdm_op_PartSelect.i16.i4090.i32.i32, i4090 %w6_load, i32 1280, i32 1295" [firmware/nnet_utils/nnet_dense_resource.h:59->firmware/nnet_utils/nnet_dense_resource.h:262->firmware/nnet_utils/nnet_dense_stream.h:24->firmware/nnet_utils/nnet_dense_stream.h:97]   --->   Operation 214 'partselect' 'w_628' <Predicate = true> <Delay = 0.00>
ST_4 : Operation 215 [1/1] (0.00ns)   --->   "%w_629 = partselect i16 @_ssdm_op_PartSelect.i16.i4090.i32.i32, i4090 %w6_load, i32 1296, i32 1311" [firmware/nnet_utils/nnet_dense_resource.h:59->firmware/nnet_utils/nnet_dense_resource.h:262->firmware/nnet_utils/nnet_dense_stream.h:24->firmware/nnet_utils/nnet_dense_stream.h:97]   --->   Operation 215 'partselect' 'w_629' <Predicate = true> <Delay = 0.00>
ST_4 : Operation 216 [1/1] (0.00ns)   --->   "%w_630 = partselect i16 @_ssdm_op_PartSelect.i16.i4090.i32.i32, i4090 %w6_load, i32 1312, i32 1327" [firmware/nnet_utils/nnet_dense_resource.h:59->firmware/nnet_utils/nnet_dense_resource.h:262->firmware/nnet_utils/nnet_dense_stream.h:24->firmware/nnet_utils/nnet_dense_stream.h:97]   --->   Operation 216 'partselect' 'w_630' <Predicate = true> <Delay = 0.00>
ST_4 : Operation 217 [1/1] (0.00ns)   --->   "%w_631 = partselect i16 @_ssdm_op_PartSelect.i16.i4090.i32.i32, i4090 %w6_load, i32 1328, i32 1343" [firmware/nnet_utils/nnet_dense_resource.h:59->firmware/nnet_utils/nnet_dense_resource.h:262->firmware/nnet_utils/nnet_dense_stream.h:24->firmware/nnet_utils/nnet_dense_stream.h:97]   --->   Operation 217 'partselect' 'w_631' <Predicate = true> <Delay = 0.00>
ST_4 : Operation 218 [1/1] (0.00ns)   --->   "%w_632 = partselect i16 @_ssdm_op_PartSelect.i16.i4090.i32.i32, i4090 %w6_load, i32 1344, i32 1359" [firmware/nnet_utils/nnet_dense_resource.h:59->firmware/nnet_utils/nnet_dense_resource.h:262->firmware/nnet_utils/nnet_dense_stream.h:24->firmware/nnet_utils/nnet_dense_stream.h:97]   --->   Operation 218 'partselect' 'w_632' <Predicate = true> <Delay = 0.00>
ST_4 : Operation 219 [1/1] (0.00ns)   --->   "%w_633 = partselect i16 @_ssdm_op_PartSelect.i16.i4090.i32.i32, i4090 %w6_load, i32 1360, i32 1375" [firmware/nnet_utils/nnet_dense_resource.h:59->firmware/nnet_utils/nnet_dense_resource.h:262->firmware/nnet_utils/nnet_dense_stream.h:24->firmware/nnet_utils/nnet_dense_stream.h:97]   --->   Operation 219 'partselect' 'w_633' <Predicate = true> <Delay = 0.00>
ST_4 : Operation 220 [1/1] (0.00ns)   --->   "%w_634 = partselect i16 @_ssdm_op_PartSelect.i16.i4090.i32.i32, i4090 %w6_load, i32 1376, i32 1391" [firmware/nnet_utils/nnet_dense_resource.h:59->firmware/nnet_utils/nnet_dense_resource.h:262->firmware/nnet_utils/nnet_dense_stream.h:24->firmware/nnet_utils/nnet_dense_stream.h:97]   --->   Operation 220 'partselect' 'w_634' <Predicate = true> <Delay = 0.00>
ST_4 : Operation 221 [1/1] (0.00ns)   --->   "%w_635 = partselect i16 @_ssdm_op_PartSelect.i16.i4090.i32.i32, i4090 %w6_load, i32 1392, i32 1407" [firmware/nnet_utils/nnet_dense_resource.h:59->firmware/nnet_utils/nnet_dense_resource.h:262->firmware/nnet_utils/nnet_dense_stream.h:24->firmware/nnet_utils/nnet_dense_stream.h:97]   --->   Operation 221 'partselect' 'w_635' <Predicate = true> <Delay = 0.00>
ST_4 : Operation 222 [1/1] (0.00ns)   --->   "%w_636 = partselect i16 @_ssdm_op_PartSelect.i16.i4090.i32.i32, i4090 %w6_load, i32 1408, i32 1423" [firmware/nnet_utils/nnet_dense_resource.h:59->firmware/nnet_utils/nnet_dense_resource.h:262->firmware/nnet_utils/nnet_dense_stream.h:24->firmware/nnet_utils/nnet_dense_stream.h:97]   --->   Operation 222 'partselect' 'w_636' <Predicate = true> <Delay = 0.00>
ST_4 : Operation 223 [1/1] (0.00ns)   --->   "%w_637 = partselect i16 @_ssdm_op_PartSelect.i16.i4090.i32.i32, i4090 %w6_load, i32 1424, i32 1439" [firmware/nnet_utils/nnet_dense_resource.h:59->firmware/nnet_utils/nnet_dense_resource.h:262->firmware/nnet_utils/nnet_dense_stream.h:24->firmware/nnet_utils/nnet_dense_stream.h:97]   --->   Operation 223 'partselect' 'w_637' <Predicate = true> <Delay = 0.00>
ST_4 : Operation 224 [1/1] (0.00ns)   --->   "%w_638 = partselect i16 @_ssdm_op_PartSelect.i16.i4090.i32.i32, i4090 %w6_load, i32 1440, i32 1455" [firmware/nnet_utils/nnet_dense_resource.h:59->firmware/nnet_utils/nnet_dense_resource.h:262->firmware/nnet_utils/nnet_dense_stream.h:24->firmware/nnet_utils/nnet_dense_stream.h:97]   --->   Operation 224 'partselect' 'w_638' <Predicate = true> <Delay = 0.00>
ST_4 : Operation 225 [1/1] (0.00ns)   --->   "%w_639 = partselect i16 @_ssdm_op_PartSelect.i16.i4090.i32.i32, i4090 %w6_load, i32 1456, i32 1471" [firmware/nnet_utils/nnet_dense_resource.h:59->firmware/nnet_utils/nnet_dense_resource.h:262->firmware/nnet_utils/nnet_dense_stream.h:24->firmware/nnet_utils/nnet_dense_stream.h:97]   --->   Operation 225 'partselect' 'w_639' <Predicate = true> <Delay = 0.00>
ST_4 : Operation 226 [1/1] (0.00ns)   --->   "%w_640 = partselect i16 @_ssdm_op_PartSelect.i16.i4090.i32.i32, i4090 %w6_load, i32 1472, i32 1487" [firmware/nnet_utils/nnet_dense_resource.h:59->firmware/nnet_utils/nnet_dense_resource.h:262->firmware/nnet_utils/nnet_dense_stream.h:24->firmware/nnet_utils/nnet_dense_stream.h:97]   --->   Operation 226 'partselect' 'w_640' <Predicate = true> <Delay = 0.00>
ST_4 : Operation 227 [1/1] (0.00ns)   --->   "%w_641 = partselect i16 @_ssdm_op_PartSelect.i16.i4090.i32.i32, i4090 %w6_load, i32 1488, i32 1503" [firmware/nnet_utils/nnet_dense_resource.h:59->firmware/nnet_utils/nnet_dense_resource.h:262->firmware/nnet_utils/nnet_dense_stream.h:24->firmware/nnet_utils/nnet_dense_stream.h:97]   --->   Operation 227 'partselect' 'w_641' <Predicate = true> <Delay = 0.00>
ST_4 : Operation 228 [1/1] (0.00ns)   --->   "%w_642 = partselect i16 @_ssdm_op_PartSelect.i16.i4090.i32.i32, i4090 %w6_load, i32 1504, i32 1519" [firmware/nnet_utils/nnet_dense_resource.h:59->firmware/nnet_utils/nnet_dense_resource.h:262->firmware/nnet_utils/nnet_dense_stream.h:24->firmware/nnet_utils/nnet_dense_stream.h:97]   --->   Operation 228 'partselect' 'w_642' <Predicate = true> <Delay = 0.00>
ST_4 : Operation 229 [1/1] (0.00ns)   --->   "%w_643 = partselect i16 @_ssdm_op_PartSelect.i16.i4090.i32.i32, i4090 %w6_load, i32 1520, i32 1535" [firmware/nnet_utils/nnet_dense_resource.h:59->firmware/nnet_utils/nnet_dense_resource.h:262->firmware/nnet_utils/nnet_dense_stream.h:24->firmware/nnet_utils/nnet_dense_stream.h:97]   --->   Operation 229 'partselect' 'w_643' <Predicate = true> <Delay = 0.00>
ST_4 : Operation 230 [1/1] (0.00ns)   --->   "%w_644 = partselect i16 @_ssdm_op_PartSelect.i16.i4090.i32.i32, i4090 %w6_load, i32 1536, i32 1551" [firmware/nnet_utils/nnet_dense_resource.h:59->firmware/nnet_utils/nnet_dense_resource.h:262->firmware/nnet_utils/nnet_dense_stream.h:24->firmware/nnet_utils/nnet_dense_stream.h:97]   --->   Operation 230 'partselect' 'w_644' <Predicate = true> <Delay = 0.00>
ST_4 : Operation 231 [1/1] (0.00ns)   --->   "%w_645 = partselect i16 @_ssdm_op_PartSelect.i16.i4090.i32.i32, i4090 %w6_load, i32 1552, i32 1567" [firmware/nnet_utils/nnet_dense_resource.h:59->firmware/nnet_utils/nnet_dense_resource.h:262->firmware/nnet_utils/nnet_dense_stream.h:24->firmware/nnet_utils/nnet_dense_stream.h:97]   --->   Operation 231 'partselect' 'w_645' <Predicate = true> <Delay = 0.00>
ST_4 : Operation 232 [1/1] (0.00ns)   --->   "%w_646 = partselect i16 @_ssdm_op_PartSelect.i16.i4090.i32.i32, i4090 %w6_load, i32 1568, i32 1583" [firmware/nnet_utils/nnet_dense_resource.h:59->firmware/nnet_utils/nnet_dense_resource.h:262->firmware/nnet_utils/nnet_dense_stream.h:24->firmware/nnet_utils/nnet_dense_stream.h:97]   --->   Operation 232 'partselect' 'w_646' <Predicate = true> <Delay = 0.00>
ST_4 : Operation 233 [1/1] (0.00ns)   --->   "%w_647 = partselect i16 @_ssdm_op_PartSelect.i16.i4090.i32.i32, i4090 %w6_load, i32 1584, i32 1599" [firmware/nnet_utils/nnet_dense_resource.h:59->firmware/nnet_utils/nnet_dense_resource.h:262->firmware/nnet_utils/nnet_dense_stream.h:24->firmware/nnet_utils/nnet_dense_stream.h:97]   --->   Operation 233 'partselect' 'w_647' <Predicate = true> <Delay = 0.00>
ST_4 : Operation 234 [1/1] (0.00ns)   --->   "%w_648 = partselect i16 @_ssdm_op_PartSelect.i16.i4090.i32.i32, i4090 %w6_load, i32 1600, i32 1615" [firmware/nnet_utils/nnet_dense_resource.h:59->firmware/nnet_utils/nnet_dense_resource.h:262->firmware/nnet_utils/nnet_dense_stream.h:24->firmware/nnet_utils/nnet_dense_stream.h:97]   --->   Operation 234 'partselect' 'w_648' <Predicate = true> <Delay = 0.00>
ST_4 : Operation 235 [1/1] (0.00ns)   --->   "%w_649 = partselect i16 @_ssdm_op_PartSelect.i16.i4090.i32.i32, i4090 %w6_load, i32 1616, i32 1631" [firmware/nnet_utils/nnet_dense_resource.h:59->firmware/nnet_utils/nnet_dense_resource.h:262->firmware/nnet_utils/nnet_dense_stream.h:24->firmware/nnet_utils/nnet_dense_stream.h:97]   --->   Operation 235 'partselect' 'w_649' <Predicate = true> <Delay = 0.00>
ST_4 : Operation 236 [1/1] (0.00ns)   --->   "%w_650 = partselect i16 @_ssdm_op_PartSelect.i16.i4090.i32.i32, i4090 %w6_load, i32 1632, i32 1647" [firmware/nnet_utils/nnet_dense_resource.h:59->firmware/nnet_utils/nnet_dense_resource.h:262->firmware/nnet_utils/nnet_dense_stream.h:24->firmware/nnet_utils/nnet_dense_stream.h:97]   --->   Operation 236 'partselect' 'w_650' <Predicate = true> <Delay = 0.00>
ST_4 : Operation 237 [1/1] (0.00ns)   --->   "%w_651 = partselect i16 @_ssdm_op_PartSelect.i16.i4090.i32.i32, i4090 %w6_load, i32 1648, i32 1663" [firmware/nnet_utils/nnet_dense_resource.h:59->firmware/nnet_utils/nnet_dense_resource.h:262->firmware/nnet_utils/nnet_dense_stream.h:24->firmware/nnet_utils/nnet_dense_stream.h:97]   --->   Operation 237 'partselect' 'w_651' <Predicate = true> <Delay = 0.00>
ST_4 : Operation 238 [1/1] (0.00ns)   --->   "%w_652 = partselect i16 @_ssdm_op_PartSelect.i16.i4090.i32.i32, i4090 %w6_load, i32 1664, i32 1679" [firmware/nnet_utils/nnet_dense_resource.h:59->firmware/nnet_utils/nnet_dense_resource.h:262->firmware/nnet_utils/nnet_dense_stream.h:24->firmware/nnet_utils/nnet_dense_stream.h:97]   --->   Operation 238 'partselect' 'w_652' <Predicate = true> <Delay = 0.00>
ST_4 : Operation 239 [1/1] (0.00ns)   --->   "%w_653 = partselect i16 @_ssdm_op_PartSelect.i16.i4090.i32.i32, i4090 %w6_load, i32 1680, i32 1695" [firmware/nnet_utils/nnet_dense_resource.h:59->firmware/nnet_utils/nnet_dense_resource.h:262->firmware/nnet_utils/nnet_dense_stream.h:24->firmware/nnet_utils/nnet_dense_stream.h:97]   --->   Operation 239 'partselect' 'w_653' <Predicate = true> <Delay = 0.00>
ST_4 : Operation 240 [1/1] (0.00ns)   --->   "%w_654 = partselect i16 @_ssdm_op_PartSelect.i16.i4090.i32.i32, i4090 %w6_load, i32 1696, i32 1711" [firmware/nnet_utils/nnet_dense_resource.h:59->firmware/nnet_utils/nnet_dense_resource.h:262->firmware/nnet_utils/nnet_dense_stream.h:24->firmware/nnet_utils/nnet_dense_stream.h:97]   --->   Operation 240 'partselect' 'w_654' <Predicate = true> <Delay = 0.00>
ST_4 : Operation 241 [1/1] (0.00ns)   --->   "%w_655 = partselect i16 @_ssdm_op_PartSelect.i16.i4090.i32.i32, i4090 %w6_load, i32 1712, i32 1727" [firmware/nnet_utils/nnet_dense_resource.h:59->firmware/nnet_utils/nnet_dense_resource.h:262->firmware/nnet_utils/nnet_dense_stream.h:24->firmware/nnet_utils/nnet_dense_stream.h:97]   --->   Operation 241 'partselect' 'w_655' <Predicate = true> <Delay = 0.00>
ST_4 : Operation 242 [1/1] (0.00ns)   --->   "%w_656 = partselect i16 @_ssdm_op_PartSelect.i16.i4090.i32.i32, i4090 %w6_load, i32 1728, i32 1743" [firmware/nnet_utils/nnet_dense_resource.h:59->firmware/nnet_utils/nnet_dense_resource.h:262->firmware/nnet_utils/nnet_dense_stream.h:24->firmware/nnet_utils/nnet_dense_stream.h:97]   --->   Operation 242 'partselect' 'w_656' <Predicate = true> <Delay = 0.00>
ST_4 : Operation 243 [1/1] (0.00ns)   --->   "%w_657 = partselect i16 @_ssdm_op_PartSelect.i16.i4090.i32.i32, i4090 %w6_load, i32 1744, i32 1759" [firmware/nnet_utils/nnet_dense_resource.h:59->firmware/nnet_utils/nnet_dense_resource.h:262->firmware/nnet_utils/nnet_dense_stream.h:24->firmware/nnet_utils/nnet_dense_stream.h:97]   --->   Operation 243 'partselect' 'w_657' <Predicate = true> <Delay = 0.00>
ST_4 : Operation 244 [1/1] (0.00ns)   --->   "%w_658 = partselect i16 @_ssdm_op_PartSelect.i16.i4090.i32.i32, i4090 %w6_load, i32 1760, i32 1775" [firmware/nnet_utils/nnet_dense_resource.h:59->firmware/nnet_utils/nnet_dense_resource.h:262->firmware/nnet_utils/nnet_dense_stream.h:24->firmware/nnet_utils/nnet_dense_stream.h:97]   --->   Operation 244 'partselect' 'w_658' <Predicate = true> <Delay = 0.00>
ST_4 : Operation 245 [1/1] (0.00ns)   --->   "%w_659 = partselect i16 @_ssdm_op_PartSelect.i16.i4090.i32.i32, i4090 %w6_load, i32 1776, i32 1791" [firmware/nnet_utils/nnet_dense_resource.h:59->firmware/nnet_utils/nnet_dense_resource.h:262->firmware/nnet_utils/nnet_dense_stream.h:24->firmware/nnet_utils/nnet_dense_stream.h:97]   --->   Operation 245 'partselect' 'w_659' <Predicate = true> <Delay = 0.00>
ST_4 : Operation 246 [1/1] (0.00ns)   --->   "%w_660 = partselect i16 @_ssdm_op_PartSelect.i16.i4090.i32.i32, i4090 %w6_load, i32 1792, i32 1807" [firmware/nnet_utils/nnet_dense_resource.h:59->firmware/nnet_utils/nnet_dense_resource.h:262->firmware/nnet_utils/nnet_dense_stream.h:24->firmware/nnet_utils/nnet_dense_stream.h:97]   --->   Operation 246 'partselect' 'w_660' <Predicate = true> <Delay = 0.00>
ST_4 : Operation 247 [1/1] (0.00ns)   --->   "%w_661 = partselect i16 @_ssdm_op_PartSelect.i16.i4090.i32.i32, i4090 %w6_load, i32 1808, i32 1823" [firmware/nnet_utils/nnet_dense_resource.h:59->firmware/nnet_utils/nnet_dense_resource.h:262->firmware/nnet_utils/nnet_dense_stream.h:24->firmware/nnet_utils/nnet_dense_stream.h:97]   --->   Operation 247 'partselect' 'w_661' <Predicate = true> <Delay = 0.00>
ST_4 : Operation 248 [1/1] (0.00ns)   --->   "%w_662 = partselect i16 @_ssdm_op_PartSelect.i16.i4090.i32.i32, i4090 %w6_load, i32 1824, i32 1839" [firmware/nnet_utils/nnet_dense_resource.h:59->firmware/nnet_utils/nnet_dense_resource.h:262->firmware/nnet_utils/nnet_dense_stream.h:24->firmware/nnet_utils/nnet_dense_stream.h:97]   --->   Operation 248 'partselect' 'w_662' <Predicate = true> <Delay = 0.00>
ST_4 : Operation 249 [1/1] (0.00ns)   --->   "%w_663 = partselect i16 @_ssdm_op_PartSelect.i16.i4090.i32.i32, i4090 %w6_load, i32 1840, i32 1855" [firmware/nnet_utils/nnet_dense_resource.h:59->firmware/nnet_utils/nnet_dense_resource.h:262->firmware/nnet_utils/nnet_dense_stream.h:24->firmware/nnet_utils/nnet_dense_stream.h:97]   --->   Operation 249 'partselect' 'w_663' <Predicate = true> <Delay = 0.00>
ST_4 : Operation 250 [1/1] (0.00ns)   --->   "%w_664 = partselect i16 @_ssdm_op_PartSelect.i16.i4090.i32.i32, i4090 %w6_load, i32 1856, i32 1871" [firmware/nnet_utils/nnet_dense_resource.h:59->firmware/nnet_utils/nnet_dense_resource.h:262->firmware/nnet_utils/nnet_dense_stream.h:24->firmware/nnet_utils/nnet_dense_stream.h:97]   --->   Operation 250 'partselect' 'w_664' <Predicate = true> <Delay = 0.00>
ST_4 : Operation 251 [1/1] (0.00ns)   --->   "%w_665 = partselect i16 @_ssdm_op_PartSelect.i16.i4090.i32.i32, i4090 %w6_load, i32 1872, i32 1887" [firmware/nnet_utils/nnet_dense_resource.h:59->firmware/nnet_utils/nnet_dense_resource.h:262->firmware/nnet_utils/nnet_dense_stream.h:24->firmware/nnet_utils/nnet_dense_stream.h:97]   --->   Operation 251 'partselect' 'w_665' <Predicate = true> <Delay = 0.00>
ST_4 : Operation 252 [1/1] (0.00ns)   --->   "%w_666 = partselect i16 @_ssdm_op_PartSelect.i16.i4090.i32.i32, i4090 %w6_load, i32 1888, i32 1903" [firmware/nnet_utils/nnet_dense_resource.h:59->firmware/nnet_utils/nnet_dense_resource.h:262->firmware/nnet_utils/nnet_dense_stream.h:24->firmware/nnet_utils/nnet_dense_stream.h:97]   --->   Operation 252 'partselect' 'w_666' <Predicate = true> <Delay = 0.00>
ST_4 : Operation 253 [1/1] (0.00ns)   --->   "%w_667 = partselect i16 @_ssdm_op_PartSelect.i16.i4090.i32.i32, i4090 %w6_load, i32 1904, i32 1919" [firmware/nnet_utils/nnet_dense_resource.h:59->firmware/nnet_utils/nnet_dense_resource.h:262->firmware/nnet_utils/nnet_dense_stream.h:24->firmware/nnet_utils/nnet_dense_stream.h:97]   --->   Operation 253 'partselect' 'w_667' <Predicate = true> <Delay = 0.00>
ST_4 : Operation 254 [1/1] (0.00ns)   --->   "%w_668 = partselect i16 @_ssdm_op_PartSelect.i16.i4090.i32.i32, i4090 %w6_load, i32 1920, i32 1935" [firmware/nnet_utils/nnet_dense_resource.h:59->firmware/nnet_utils/nnet_dense_resource.h:262->firmware/nnet_utils/nnet_dense_stream.h:24->firmware/nnet_utils/nnet_dense_stream.h:97]   --->   Operation 254 'partselect' 'w_668' <Predicate = true> <Delay = 0.00>
ST_4 : Operation 255 [1/1] (0.00ns)   --->   "%w_669 = partselect i16 @_ssdm_op_PartSelect.i16.i4090.i32.i32, i4090 %w6_load, i32 1936, i32 1951" [firmware/nnet_utils/nnet_dense_resource.h:59->firmware/nnet_utils/nnet_dense_resource.h:262->firmware/nnet_utils/nnet_dense_stream.h:24->firmware/nnet_utils/nnet_dense_stream.h:97]   --->   Operation 255 'partselect' 'w_669' <Predicate = true> <Delay = 0.00>
ST_4 : Operation 256 [1/1] (0.00ns)   --->   "%w_670 = partselect i16 @_ssdm_op_PartSelect.i16.i4090.i32.i32, i4090 %w6_load, i32 1952, i32 1967" [firmware/nnet_utils/nnet_dense_resource.h:59->firmware/nnet_utils/nnet_dense_resource.h:262->firmware/nnet_utils/nnet_dense_stream.h:24->firmware/nnet_utils/nnet_dense_stream.h:97]   --->   Operation 256 'partselect' 'w_670' <Predicate = true> <Delay = 0.00>
ST_4 : Operation 257 [1/1] (0.00ns)   --->   "%w_671 = partselect i16 @_ssdm_op_PartSelect.i16.i4090.i32.i32, i4090 %w6_load, i32 1968, i32 1983" [firmware/nnet_utils/nnet_dense_resource.h:59->firmware/nnet_utils/nnet_dense_resource.h:262->firmware/nnet_utils/nnet_dense_stream.h:24->firmware/nnet_utils/nnet_dense_stream.h:97]   --->   Operation 257 'partselect' 'w_671' <Predicate = true> <Delay = 0.00>
ST_4 : Operation 258 [1/1] (0.00ns)   --->   "%w_672 = partselect i16 @_ssdm_op_PartSelect.i16.i4090.i32.i32, i4090 %w6_load, i32 1984, i32 1999" [firmware/nnet_utils/nnet_dense_resource.h:59->firmware/nnet_utils/nnet_dense_resource.h:262->firmware/nnet_utils/nnet_dense_stream.h:24->firmware/nnet_utils/nnet_dense_stream.h:97]   --->   Operation 258 'partselect' 'w_672' <Predicate = true> <Delay = 0.00>
ST_4 : Operation 259 [1/1] (0.00ns)   --->   "%w_673 = partselect i16 @_ssdm_op_PartSelect.i16.i4090.i32.i32, i4090 %w6_load, i32 2000, i32 2015" [firmware/nnet_utils/nnet_dense_resource.h:59->firmware/nnet_utils/nnet_dense_resource.h:262->firmware/nnet_utils/nnet_dense_stream.h:24->firmware/nnet_utils/nnet_dense_stream.h:97]   --->   Operation 259 'partselect' 'w_673' <Predicate = true> <Delay = 0.00>
ST_4 : Operation 260 [1/1] (0.00ns)   --->   "%w_674 = partselect i16 @_ssdm_op_PartSelect.i16.i4090.i32.i32, i4090 %w6_load, i32 2016, i32 2031" [firmware/nnet_utils/nnet_dense_resource.h:59->firmware/nnet_utils/nnet_dense_resource.h:262->firmware/nnet_utils/nnet_dense_stream.h:24->firmware/nnet_utils/nnet_dense_stream.h:97]   --->   Operation 260 'partselect' 'w_674' <Predicate = true> <Delay = 0.00>
ST_4 : Operation 261 [1/1] (0.00ns)   --->   "%w_675 = partselect i16 @_ssdm_op_PartSelect.i16.i4090.i32.i32, i4090 %w6_load, i32 2032, i32 2047" [firmware/nnet_utils/nnet_dense_resource.h:59->firmware/nnet_utils/nnet_dense_resource.h:262->firmware/nnet_utils/nnet_dense_stream.h:24->firmware/nnet_utils/nnet_dense_stream.h:97]   --->   Operation 261 'partselect' 'w_675' <Predicate = true> <Delay = 0.00>
ST_4 : Operation 262 [1/1] (0.00ns)   --->   "%w_676 = partselect i16 @_ssdm_op_PartSelect.i16.i4090.i32.i32, i4090 %w6_load, i32 2048, i32 2063" [firmware/nnet_utils/nnet_dense_resource.h:59->firmware/nnet_utils/nnet_dense_resource.h:262->firmware/nnet_utils/nnet_dense_stream.h:24->firmware/nnet_utils/nnet_dense_stream.h:97]   --->   Operation 262 'partselect' 'w_676' <Predicate = true> <Delay = 0.00>
ST_4 : Operation 263 [1/1] (0.00ns)   --->   "%w_677 = partselect i16 @_ssdm_op_PartSelect.i16.i4090.i32.i32, i4090 %w6_load, i32 2064, i32 2079" [firmware/nnet_utils/nnet_dense_resource.h:59->firmware/nnet_utils/nnet_dense_resource.h:262->firmware/nnet_utils/nnet_dense_stream.h:24->firmware/nnet_utils/nnet_dense_stream.h:97]   --->   Operation 263 'partselect' 'w_677' <Predicate = true> <Delay = 0.00>
ST_4 : Operation 264 [1/1] (0.00ns)   --->   "%w_678 = partselect i16 @_ssdm_op_PartSelect.i16.i4090.i32.i32, i4090 %w6_load, i32 2080, i32 2095" [firmware/nnet_utils/nnet_dense_resource.h:59->firmware/nnet_utils/nnet_dense_resource.h:262->firmware/nnet_utils/nnet_dense_stream.h:24->firmware/nnet_utils/nnet_dense_stream.h:97]   --->   Operation 264 'partselect' 'w_678' <Predicate = true> <Delay = 0.00>
ST_4 : Operation 265 [1/1] (0.00ns)   --->   "%w_679 = partselect i16 @_ssdm_op_PartSelect.i16.i4090.i32.i32, i4090 %w6_load, i32 2096, i32 2111" [firmware/nnet_utils/nnet_dense_resource.h:59->firmware/nnet_utils/nnet_dense_resource.h:262->firmware/nnet_utils/nnet_dense_stream.h:24->firmware/nnet_utils/nnet_dense_stream.h:97]   --->   Operation 265 'partselect' 'w_679' <Predicate = true> <Delay = 0.00>
ST_4 : Operation 266 [1/1] (0.00ns)   --->   "%w_680 = partselect i16 @_ssdm_op_PartSelect.i16.i4090.i32.i32, i4090 %w6_load, i32 2112, i32 2127" [firmware/nnet_utils/nnet_dense_resource.h:59->firmware/nnet_utils/nnet_dense_resource.h:262->firmware/nnet_utils/nnet_dense_stream.h:24->firmware/nnet_utils/nnet_dense_stream.h:97]   --->   Operation 266 'partselect' 'w_680' <Predicate = true> <Delay = 0.00>
ST_4 : Operation 267 [1/1] (0.00ns)   --->   "%w_681 = partselect i16 @_ssdm_op_PartSelect.i16.i4090.i32.i32, i4090 %w6_load, i32 2128, i32 2143" [firmware/nnet_utils/nnet_dense_resource.h:59->firmware/nnet_utils/nnet_dense_resource.h:262->firmware/nnet_utils/nnet_dense_stream.h:24->firmware/nnet_utils/nnet_dense_stream.h:97]   --->   Operation 267 'partselect' 'w_681' <Predicate = true> <Delay = 0.00>
ST_4 : Operation 268 [1/1] (0.00ns)   --->   "%w_682 = partselect i16 @_ssdm_op_PartSelect.i16.i4090.i32.i32, i4090 %w6_load, i32 2144, i32 2159" [firmware/nnet_utils/nnet_dense_resource.h:59->firmware/nnet_utils/nnet_dense_resource.h:262->firmware/nnet_utils/nnet_dense_stream.h:24->firmware/nnet_utils/nnet_dense_stream.h:97]   --->   Operation 268 'partselect' 'w_682' <Predicate = true> <Delay = 0.00>
ST_4 : Operation 269 [1/1] (0.00ns)   --->   "%w_683 = partselect i16 @_ssdm_op_PartSelect.i16.i4090.i32.i32, i4090 %w6_load, i32 2160, i32 2175" [firmware/nnet_utils/nnet_dense_resource.h:59->firmware/nnet_utils/nnet_dense_resource.h:262->firmware/nnet_utils/nnet_dense_stream.h:24->firmware/nnet_utils/nnet_dense_stream.h:97]   --->   Operation 269 'partselect' 'w_683' <Predicate = true> <Delay = 0.00>
ST_4 : Operation 270 [1/1] (0.00ns)   --->   "%w_684 = partselect i16 @_ssdm_op_PartSelect.i16.i4090.i32.i32, i4090 %w6_load, i32 2176, i32 2191" [firmware/nnet_utils/nnet_dense_resource.h:59->firmware/nnet_utils/nnet_dense_resource.h:262->firmware/nnet_utils/nnet_dense_stream.h:24->firmware/nnet_utils/nnet_dense_stream.h:97]   --->   Operation 270 'partselect' 'w_684' <Predicate = true> <Delay = 0.00>
ST_4 : Operation 271 [1/1] (0.00ns)   --->   "%w_685 = partselect i16 @_ssdm_op_PartSelect.i16.i4090.i32.i32, i4090 %w6_load, i32 2192, i32 2207" [firmware/nnet_utils/nnet_dense_resource.h:59->firmware/nnet_utils/nnet_dense_resource.h:262->firmware/nnet_utils/nnet_dense_stream.h:24->firmware/nnet_utils/nnet_dense_stream.h:97]   --->   Operation 271 'partselect' 'w_685' <Predicate = true> <Delay = 0.00>
ST_4 : Operation 272 [1/1] (0.00ns)   --->   "%w_686 = partselect i16 @_ssdm_op_PartSelect.i16.i4090.i32.i32, i4090 %w6_load, i32 2208, i32 2223" [firmware/nnet_utils/nnet_dense_resource.h:59->firmware/nnet_utils/nnet_dense_resource.h:262->firmware/nnet_utils/nnet_dense_stream.h:24->firmware/nnet_utils/nnet_dense_stream.h:97]   --->   Operation 272 'partselect' 'w_686' <Predicate = true> <Delay = 0.00>
ST_4 : Operation 273 [1/1] (0.00ns)   --->   "%w_687 = partselect i16 @_ssdm_op_PartSelect.i16.i4090.i32.i32, i4090 %w6_load, i32 2224, i32 2239" [firmware/nnet_utils/nnet_dense_resource.h:59->firmware/nnet_utils/nnet_dense_resource.h:262->firmware/nnet_utils/nnet_dense_stream.h:24->firmware/nnet_utils/nnet_dense_stream.h:97]   --->   Operation 273 'partselect' 'w_687' <Predicate = true> <Delay = 0.00>
ST_4 : Operation 274 [1/1] (0.00ns)   --->   "%w_688 = partselect i16 @_ssdm_op_PartSelect.i16.i4090.i32.i32, i4090 %w6_load, i32 2240, i32 2255" [firmware/nnet_utils/nnet_dense_resource.h:59->firmware/nnet_utils/nnet_dense_resource.h:262->firmware/nnet_utils/nnet_dense_stream.h:24->firmware/nnet_utils/nnet_dense_stream.h:97]   --->   Operation 274 'partselect' 'w_688' <Predicate = true> <Delay = 0.00>
ST_4 : Operation 275 [1/1] (0.00ns)   --->   "%w_689 = partselect i16 @_ssdm_op_PartSelect.i16.i4090.i32.i32, i4090 %w6_load, i32 2256, i32 2271" [firmware/nnet_utils/nnet_dense_resource.h:59->firmware/nnet_utils/nnet_dense_resource.h:262->firmware/nnet_utils/nnet_dense_stream.h:24->firmware/nnet_utils/nnet_dense_stream.h:97]   --->   Operation 275 'partselect' 'w_689' <Predicate = true> <Delay = 0.00>
ST_4 : Operation 276 [1/1] (0.00ns)   --->   "%w_690 = partselect i16 @_ssdm_op_PartSelect.i16.i4090.i32.i32, i4090 %w6_load, i32 2272, i32 2287" [firmware/nnet_utils/nnet_dense_resource.h:59->firmware/nnet_utils/nnet_dense_resource.h:262->firmware/nnet_utils/nnet_dense_stream.h:24->firmware/nnet_utils/nnet_dense_stream.h:97]   --->   Operation 276 'partselect' 'w_690' <Predicate = true> <Delay = 0.00>
ST_4 : Operation 277 [1/1] (0.00ns)   --->   "%w_691 = partselect i16 @_ssdm_op_PartSelect.i16.i4090.i32.i32, i4090 %w6_load, i32 2288, i32 2303" [firmware/nnet_utils/nnet_dense_resource.h:59->firmware/nnet_utils/nnet_dense_resource.h:262->firmware/nnet_utils/nnet_dense_stream.h:24->firmware/nnet_utils/nnet_dense_stream.h:97]   --->   Operation 277 'partselect' 'w_691' <Predicate = true> <Delay = 0.00>
ST_4 : Operation 278 [1/1] (0.00ns)   --->   "%w_692 = partselect i16 @_ssdm_op_PartSelect.i16.i4090.i32.i32, i4090 %w6_load, i32 2304, i32 2319" [firmware/nnet_utils/nnet_dense_resource.h:59->firmware/nnet_utils/nnet_dense_resource.h:262->firmware/nnet_utils/nnet_dense_stream.h:24->firmware/nnet_utils/nnet_dense_stream.h:97]   --->   Operation 278 'partselect' 'w_692' <Predicate = true> <Delay = 0.00>
ST_4 : Operation 279 [1/1] (0.00ns)   --->   "%w_693 = partselect i16 @_ssdm_op_PartSelect.i16.i4090.i32.i32, i4090 %w6_load, i32 2320, i32 2335" [firmware/nnet_utils/nnet_dense_resource.h:59->firmware/nnet_utils/nnet_dense_resource.h:262->firmware/nnet_utils/nnet_dense_stream.h:24->firmware/nnet_utils/nnet_dense_stream.h:97]   --->   Operation 279 'partselect' 'w_693' <Predicate = true> <Delay = 0.00>
ST_4 : Operation 280 [1/1] (0.00ns)   --->   "%w_694 = partselect i16 @_ssdm_op_PartSelect.i16.i4090.i32.i32, i4090 %w6_load, i32 2336, i32 2351" [firmware/nnet_utils/nnet_dense_resource.h:59->firmware/nnet_utils/nnet_dense_resource.h:262->firmware/nnet_utils/nnet_dense_stream.h:24->firmware/nnet_utils/nnet_dense_stream.h:97]   --->   Operation 280 'partselect' 'w_694' <Predicate = true> <Delay = 0.00>
ST_4 : Operation 281 [1/1] (0.00ns)   --->   "%w_695 = partselect i16 @_ssdm_op_PartSelect.i16.i4090.i32.i32, i4090 %w6_load, i32 2352, i32 2367" [firmware/nnet_utils/nnet_dense_resource.h:59->firmware/nnet_utils/nnet_dense_resource.h:262->firmware/nnet_utils/nnet_dense_stream.h:24->firmware/nnet_utils/nnet_dense_stream.h:97]   --->   Operation 281 'partselect' 'w_695' <Predicate = true> <Delay = 0.00>
ST_4 : Operation 282 [1/1] (0.00ns)   --->   "%w_696 = partselect i16 @_ssdm_op_PartSelect.i16.i4090.i32.i32, i4090 %w6_load, i32 2368, i32 2383" [firmware/nnet_utils/nnet_dense_resource.h:59->firmware/nnet_utils/nnet_dense_resource.h:262->firmware/nnet_utils/nnet_dense_stream.h:24->firmware/nnet_utils/nnet_dense_stream.h:97]   --->   Operation 282 'partselect' 'w_696' <Predicate = true> <Delay = 0.00>
ST_4 : Operation 283 [1/1] (0.00ns)   --->   "%w_697 = partselect i16 @_ssdm_op_PartSelect.i16.i4090.i32.i32, i4090 %w6_load, i32 2384, i32 2399" [firmware/nnet_utils/nnet_dense_resource.h:59->firmware/nnet_utils/nnet_dense_resource.h:262->firmware/nnet_utils/nnet_dense_stream.h:24->firmware/nnet_utils/nnet_dense_stream.h:97]   --->   Operation 283 'partselect' 'w_697' <Predicate = true> <Delay = 0.00>
ST_4 : Operation 284 [1/1] (0.00ns)   --->   "%w_698 = partselect i16 @_ssdm_op_PartSelect.i16.i4090.i32.i32, i4090 %w6_load, i32 2400, i32 2415" [firmware/nnet_utils/nnet_dense_resource.h:59->firmware/nnet_utils/nnet_dense_resource.h:262->firmware/nnet_utils/nnet_dense_stream.h:24->firmware/nnet_utils/nnet_dense_stream.h:97]   --->   Operation 284 'partselect' 'w_698' <Predicate = true> <Delay = 0.00>
ST_4 : Operation 285 [1/1] (0.00ns)   --->   "%w_699 = partselect i16 @_ssdm_op_PartSelect.i16.i4090.i32.i32, i4090 %w6_load, i32 2416, i32 2431" [firmware/nnet_utils/nnet_dense_resource.h:59->firmware/nnet_utils/nnet_dense_resource.h:262->firmware/nnet_utils/nnet_dense_stream.h:24->firmware/nnet_utils/nnet_dense_stream.h:97]   --->   Operation 285 'partselect' 'w_699' <Predicate = true> <Delay = 0.00>
ST_4 : Operation 286 [1/1] (0.00ns)   --->   "%w_700 = partselect i16 @_ssdm_op_PartSelect.i16.i4090.i32.i32, i4090 %w6_load, i32 2432, i32 2447" [firmware/nnet_utils/nnet_dense_resource.h:59->firmware/nnet_utils/nnet_dense_resource.h:262->firmware/nnet_utils/nnet_dense_stream.h:24->firmware/nnet_utils/nnet_dense_stream.h:97]   --->   Operation 286 'partselect' 'w_700' <Predicate = true> <Delay = 0.00>
ST_4 : Operation 287 [1/1] (0.00ns)   --->   "%w_701 = partselect i16 @_ssdm_op_PartSelect.i16.i4090.i32.i32, i4090 %w6_load, i32 2448, i32 2463" [firmware/nnet_utils/nnet_dense_resource.h:59->firmware/nnet_utils/nnet_dense_resource.h:262->firmware/nnet_utils/nnet_dense_stream.h:24->firmware/nnet_utils/nnet_dense_stream.h:97]   --->   Operation 287 'partselect' 'w_701' <Predicate = true> <Delay = 0.00>
ST_4 : Operation 288 [1/1] (0.00ns)   --->   "%w_702 = partselect i16 @_ssdm_op_PartSelect.i16.i4090.i32.i32, i4090 %w6_load, i32 2464, i32 2479" [firmware/nnet_utils/nnet_dense_resource.h:59->firmware/nnet_utils/nnet_dense_resource.h:262->firmware/nnet_utils/nnet_dense_stream.h:24->firmware/nnet_utils/nnet_dense_stream.h:97]   --->   Operation 288 'partselect' 'w_702' <Predicate = true> <Delay = 0.00>
ST_4 : Operation 289 [1/1] (0.00ns)   --->   "%w_703 = partselect i16 @_ssdm_op_PartSelect.i16.i4090.i32.i32, i4090 %w6_load, i32 2480, i32 2495" [firmware/nnet_utils/nnet_dense_resource.h:59->firmware/nnet_utils/nnet_dense_resource.h:262->firmware/nnet_utils/nnet_dense_stream.h:24->firmware/nnet_utils/nnet_dense_stream.h:97]   --->   Operation 289 'partselect' 'w_703' <Predicate = true> <Delay = 0.00>
ST_4 : Operation 290 [1/1] (0.00ns)   --->   "%w_704 = partselect i16 @_ssdm_op_PartSelect.i16.i4090.i32.i32, i4090 %w6_load, i32 2496, i32 2511" [firmware/nnet_utils/nnet_dense_resource.h:59->firmware/nnet_utils/nnet_dense_resource.h:262->firmware/nnet_utils/nnet_dense_stream.h:24->firmware/nnet_utils/nnet_dense_stream.h:97]   --->   Operation 290 'partselect' 'w_704' <Predicate = true> <Delay = 0.00>
ST_4 : Operation 291 [1/1] (0.00ns)   --->   "%w_705 = partselect i16 @_ssdm_op_PartSelect.i16.i4090.i32.i32, i4090 %w6_load, i32 2512, i32 2527" [firmware/nnet_utils/nnet_dense_resource.h:59->firmware/nnet_utils/nnet_dense_resource.h:262->firmware/nnet_utils/nnet_dense_stream.h:24->firmware/nnet_utils/nnet_dense_stream.h:97]   --->   Operation 291 'partselect' 'w_705' <Predicate = true> <Delay = 0.00>
ST_4 : Operation 292 [1/1] (0.00ns)   --->   "%w_706 = partselect i16 @_ssdm_op_PartSelect.i16.i4090.i32.i32, i4090 %w6_load, i32 2528, i32 2543" [firmware/nnet_utils/nnet_dense_resource.h:59->firmware/nnet_utils/nnet_dense_resource.h:262->firmware/nnet_utils/nnet_dense_stream.h:24->firmware/nnet_utils/nnet_dense_stream.h:97]   --->   Operation 292 'partselect' 'w_706' <Predicate = true> <Delay = 0.00>
ST_4 : Operation 293 [1/1] (0.00ns)   --->   "%w_707 = partselect i16 @_ssdm_op_PartSelect.i16.i4090.i32.i32, i4090 %w6_load, i32 2544, i32 2559" [firmware/nnet_utils/nnet_dense_resource.h:59->firmware/nnet_utils/nnet_dense_resource.h:262->firmware/nnet_utils/nnet_dense_stream.h:24->firmware/nnet_utils/nnet_dense_stream.h:97]   --->   Operation 293 'partselect' 'w_707' <Predicate = true> <Delay = 0.00>
ST_4 : Operation 294 [1/1] (0.00ns)   --->   "%w_708 = partselect i16 @_ssdm_op_PartSelect.i16.i4090.i32.i32, i4090 %w6_load, i32 2560, i32 2575" [firmware/nnet_utils/nnet_dense_resource.h:59->firmware/nnet_utils/nnet_dense_resource.h:262->firmware/nnet_utils/nnet_dense_stream.h:24->firmware/nnet_utils/nnet_dense_stream.h:97]   --->   Operation 294 'partselect' 'w_708' <Predicate = true> <Delay = 0.00>
ST_4 : Operation 295 [1/1] (0.00ns)   --->   "%w_709 = partselect i16 @_ssdm_op_PartSelect.i16.i4090.i32.i32, i4090 %w6_load, i32 2576, i32 2591" [firmware/nnet_utils/nnet_dense_resource.h:59->firmware/nnet_utils/nnet_dense_resource.h:262->firmware/nnet_utils/nnet_dense_stream.h:24->firmware/nnet_utils/nnet_dense_stream.h:97]   --->   Operation 295 'partselect' 'w_709' <Predicate = true> <Delay = 0.00>
ST_4 : Operation 296 [1/1] (0.00ns)   --->   "%w_710 = partselect i16 @_ssdm_op_PartSelect.i16.i4090.i32.i32, i4090 %w6_load, i32 2592, i32 2607" [firmware/nnet_utils/nnet_dense_resource.h:59->firmware/nnet_utils/nnet_dense_resource.h:262->firmware/nnet_utils/nnet_dense_stream.h:24->firmware/nnet_utils/nnet_dense_stream.h:97]   --->   Operation 296 'partselect' 'w_710' <Predicate = true> <Delay = 0.00>
ST_4 : Operation 297 [1/1] (0.00ns)   --->   "%w_711 = partselect i16 @_ssdm_op_PartSelect.i16.i4090.i32.i32, i4090 %w6_load, i32 2608, i32 2623" [firmware/nnet_utils/nnet_dense_resource.h:59->firmware/nnet_utils/nnet_dense_resource.h:262->firmware/nnet_utils/nnet_dense_stream.h:24->firmware/nnet_utils/nnet_dense_stream.h:97]   --->   Operation 297 'partselect' 'w_711' <Predicate = true> <Delay = 0.00>
ST_4 : Operation 298 [1/1] (0.00ns)   --->   "%w_712 = partselect i16 @_ssdm_op_PartSelect.i16.i4090.i32.i32, i4090 %w6_load, i32 2624, i32 2639" [firmware/nnet_utils/nnet_dense_resource.h:59->firmware/nnet_utils/nnet_dense_resource.h:262->firmware/nnet_utils/nnet_dense_stream.h:24->firmware/nnet_utils/nnet_dense_stream.h:97]   --->   Operation 298 'partselect' 'w_712' <Predicate = true> <Delay = 0.00>
ST_4 : Operation 299 [1/1] (0.00ns)   --->   "%w_713 = partselect i16 @_ssdm_op_PartSelect.i16.i4090.i32.i32, i4090 %w6_load, i32 2640, i32 2655" [firmware/nnet_utils/nnet_dense_resource.h:59->firmware/nnet_utils/nnet_dense_resource.h:262->firmware/nnet_utils/nnet_dense_stream.h:24->firmware/nnet_utils/nnet_dense_stream.h:97]   --->   Operation 299 'partselect' 'w_713' <Predicate = true> <Delay = 0.00>
ST_4 : Operation 300 [1/1] (0.00ns)   --->   "%w_714 = partselect i16 @_ssdm_op_PartSelect.i16.i4090.i32.i32, i4090 %w6_load, i32 2656, i32 2671" [firmware/nnet_utils/nnet_dense_resource.h:59->firmware/nnet_utils/nnet_dense_resource.h:262->firmware/nnet_utils/nnet_dense_stream.h:24->firmware/nnet_utils/nnet_dense_stream.h:97]   --->   Operation 300 'partselect' 'w_714' <Predicate = true> <Delay = 0.00>
ST_4 : Operation 301 [1/1] (0.00ns)   --->   "%w_715 = partselect i16 @_ssdm_op_PartSelect.i16.i4090.i32.i32, i4090 %w6_load, i32 2672, i32 2687" [firmware/nnet_utils/nnet_dense_resource.h:59->firmware/nnet_utils/nnet_dense_resource.h:262->firmware/nnet_utils/nnet_dense_stream.h:24->firmware/nnet_utils/nnet_dense_stream.h:97]   --->   Operation 301 'partselect' 'w_715' <Predicate = true> <Delay = 0.00>
ST_4 : Operation 302 [1/1] (0.00ns)   --->   "%w_716 = partselect i16 @_ssdm_op_PartSelect.i16.i4090.i32.i32, i4090 %w6_load, i32 2688, i32 2703" [firmware/nnet_utils/nnet_dense_resource.h:59->firmware/nnet_utils/nnet_dense_resource.h:262->firmware/nnet_utils/nnet_dense_stream.h:24->firmware/nnet_utils/nnet_dense_stream.h:97]   --->   Operation 302 'partselect' 'w_716' <Predicate = true> <Delay = 0.00>
ST_4 : Operation 303 [1/1] (0.00ns)   --->   "%w_717 = partselect i16 @_ssdm_op_PartSelect.i16.i4090.i32.i32, i4090 %w6_load, i32 2704, i32 2719" [firmware/nnet_utils/nnet_dense_resource.h:59->firmware/nnet_utils/nnet_dense_resource.h:262->firmware/nnet_utils/nnet_dense_stream.h:24->firmware/nnet_utils/nnet_dense_stream.h:97]   --->   Operation 303 'partselect' 'w_717' <Predicate = true> <Delay = 0.00>
ST_4 : Operation 304 [1/1] (0.00ns)   --->   "%w_718 = partselect i16 @_ssdm_op_PartSelect.i16.i4090.i32.i32, i4090 %w6_load, i32 2720, i32 2735" [firmware/nnet_utils/nnet_dense_resource.h:59->firmware/nnet_utils/nnet_dense_resource.h:262->firmware/nnet_utils/nnet_dense_stream.h:24->firmware/nnet_utils/nnet_dense_stream.h:97]   --->   Operation 304 'partselect' 'w_718' <Predicate = true> <Delay = 0.00>
ST_4 : Operation 305 [1/1] (0.00ns)   --->   "%w_719 = partselect i16 @_ssdm_op_PartSelect.i16.i4090.i32.i32, i4090 %w6_load, i32 2736, i32 2751" [firmware/nnet_utils/nnet_dense_resource.h:59->firmware/nnet_utils/nnet_dense_resource.h:262->firmware/nnet_utils/nnet_dense_stream.h:24->firmware/nnet_utils/nnet_dense_stream.h:97]   --->   Operation 305 'partselect' 'w_719' <Predicate = true> <Delay = 0.00>
ST_4 : Operation 306 [1/1] (0.00ns)   --->   "%w_720 = partselect i16 @_ssdm_op_PartSelect.i16.i4090.i32.i32, i4090 %w6_load, i32 2752, i32 2767" [firmware/nnet_utils/nnet_dense_resource.h:59->firmware/nnet_utils/nnet_dense_resource.h:262->firmware/nnet_utils/nnet_dense_stream.h:24->firmware/nnet_utils/nnet_dense_stream.h:97]   --->   Operation 306 'partselect' 'w_720' <Predicate = true> <Delay = 0.00>
ST_4 : Operation 307 [1/1] (0.00ns)   --->   "%w_721 = partselect i16 @_ssdm_op_PartSelect.i16.i4090.i32.i32, i4090 %w6_load, i32 2768, i32 2783" [firmware/nnet_utils/nnet_dense_resource.h:59->firmware/nnet_utils/nnet_dense_resource.h:262->firmware/nnet_utils/nnet_dense_stream.h:24->firmware/nnet_utils/nnet_dense_stream.h:97]   --->   Operation 307 'partselect' 'w_721' <Predicate = true> <Delay = 0.00>
ST_4 : Operation 308 [1/1] (0.00ns)   --->   "%w_722 = partselect i16 @_ssdm_op_PartSelect.i16.i4090.i32.i32, i4090 %w6_load, i32 2784, i32 2799" [firmware/nnet_utils/nnet_dense_resource.h:59->firmware/nnet_utils/nnet_dense_resource.h:262->firmware/nnet_utils/nnet_dense_stream.h:24->firmware/nnet_utils/nnet_dense_stream.h:97]   --->   Operation 308 'partselect' 'w_722' <Predicate = true> <Delay = 0.00>
ST_4 : Operation 309 [1/1] (0.00ns)   --->   "%w_723 = partselect i16 @_ssdm_op_PartSelect.i16.i4090.i32.i32, i4090 %w6_load, i32 2800, i32 2815" [firmware/nnet_utils/nnet_dense_resource.h:59->firmware/nnet_utils/nnet_dense_resource.h:262->firmware/nnet_utils/nnet_dense_stream.h:24->firmware/nnet_utils/nnet_dense_stream.h:97]   --->   Operation 309 'partselect' 'w_723' <Predicate = true> <Delay = 0.00>
ST_4 : Operation 310 [1/1] (0.00ns)   --->   "%w_724 = partselect i16 @_ssdm_op_PartSelect.i16.i4090.i32.i32, i4090 %w6_load, i32 2816, i32 2831" [firmware/nnet_utils/nnet_dense_resource.h:59->firmware/nnet_utils/nnet_dense_resource.h:262->firmware/nnet_utils/nnet_dense_stream.h:24->firmware/nnet_utils/nnet_dense_stream.h:97]   --->   Operation 310 'partselect' 'w_724' <Predicate = true> <Delay = 0.00>
ST_4 : Operation 311 [1/1] (0.00ns)   --->   "%w_725 = partselect i16 @_ssdm_op_PartSelect.i16.i4090.i32.i32, i4090 %w6_load, i32 2832, i32 2847" [firmware/nnet_utils/nnet_dense_resource.h:59->firmware/nnet_utils/nnet_dense_resource.h:262->firmware/nnet_utils/nnet_dense_stream.h:24->firmware/nnet_utils/nnet_dense_stream.h:97]   --->   Operation 311 'partselect' 'w_725' <Predicate = true> <Delay = 0.00>
ST_4 : Operation 312 [1/1] (0.00ns)   --->   "%w_726 = partselect i16 @_ssdm_op_PartSelect.i16.i4090.i32.i32, i4090 %w6_load, i32 2848, i32 2863" [firmware/nnet_utils/nnet_dense_resource.h:59->firmware/nnet_utils/nnet_dense_resource.h:262->firmware/nnet_utils/nnet_dense_stream.h:24->firmware/nnet_utils/nnet_dense_stream.h:97]   --->   Operation 312 'partselect' 'w_726' <Predicate = true> <Delay = 0.00>
ST_4 : Operation 313 [1/1] (0.00ns)   --->   "%w_727 = partselect i16 @_ssdm_op_PartSelect.i16.i4090.i32.i32, i4090 %w6_load, i32 2864, i32 2879" [firmware/nnet_utils/nnet_dense_resource.h:59->firmware/nnet_utils/nnet_dense_resource.h:262->firmware/nnet_utils/nnet_dense_stream.h:24->firmware/nnet_utils/nnet_dense_stream.h:97]   --->   Operation 313 'partselect' 'w_727' <Predicate = true> <Delay = 0.00>
ST_4 : Operation 314 [1/1] (0.00ns)   --->   "%w_728 = partselect i16 @_ssdm_op_PartSelect.i16.i4090.i32.i32, i4090 %w6_load, i32 2880, i32 2895" [firmware/nnet_utils/nnet_dense_resource.h:59->firmware/nnet_utils/nnet_dense_resource.h:262->firmware/nnet_utils/nnet_dense_stream.h:24->firmware/nnet_utils/nnet_dense_stream.h:97]   --->   Operation 314 'partselect' 'w_728' <Predicate = true> <Delay = 0.00>
ST_4 : Operation 315 [1/1] (0.00ns)   --->   "%w_729 = partselect i16 @_ssdm_op_PartSelect.i16.i4090.i32.i32, i4090 %w6_load, i32 2896, i32 2911" [firmware/nnet_utils/nnet_dense_resource.h:59->firmware/nnet_utils/nnet_dense_resource.h:262->firmware/nnet_utils/nnet_dense_stream.h:24->firmware/nnet_utils/nnet_dense_stream.h:97]   --->   Operation 315 'partselect' 'w_729' <Predicate = true> <Delay = 0.00>
ST_4 : Operation 316 [1/1] (0.00ns)   --->   "%w_730 = partselect i16 @_ssdm_op_PartSelect.i16.i4090.i32.i32, i4090 %w6_load, i32 2912, i32 2927" [firmware/nnet_utils/nnet_dense_resource.h:59->firmware/nnet_utils/nnet_dense_resource.h:262->firmware/nnet_utils/nnet_dense_stream.h:24->firmware/nnet_utils/nnet_dense_stream.h:97]   --->   Operation 316 'partselect' 'w_730' <Predicate = true> <Delay = 0.00>
ST_4 : Operation 317 [1/1] (0.00ns)   --->   "%w_731 = partselect i16 @_ssdm_op_PartSelect.i16.i4090.i32.i32, i4090 %w6_load, i32 2928, i32 2943" [firmware/nnet_utils/nnet_dense_resource.h:59->firmware/nnet_utils/nnet_dense_resource.h:262->firmware/nnet_utils/nnet_dense_stream.h:24->firmware/nnet_utils/nnet_dense_stream.h:97]   --->   Operation 317 'partselect' 'w_731' <Predicate = true> <Delay = 0.00>
ST_4 : Operation 318 [1/1] (0.00ns)   --->   "%w_732 = partselect i16 @_ssdm_op_PartSelect.i16.i4090.i32.i32, i4090 %w6_load, i32 2944, i32 2959" [firmware/nnet_utils/nnet_dense_resource.h:59->firmware/nnet_utils/nnet_dense_resource.h:262->firmware/nnet_utils/nnet_dense_stream.h:24->firmware/nnet_utils/nnet_dense_stream.h:97]   --->   Operation 318 'partselect' 'w_732' <Predicate = true> <Delay = 0.00>
ST_4 : Operation 319 [1/1] (0.00ns)   --->   "%w_733 = partselect i16 @_ssdm_op_PartSelect.i16.i4090.i32.i32, i4090 %w6_load, i32 2960, i32 2975" [firmware/nnet_utils/nnet_dense_resource.h:59->firmware/nnet_utils/nnet_dense_resource.h:262->firmware/nnet_utils/nnet_dense_stream.h:24->firmware/nnet_utils/nnet_dense_stream.h:97]   --->   Operation 319 'partselect' 'w_733' <Predicate = true> <Delay = 0.00>
ST_4 : Operation 320 [1/1] (0.00ns)   --->   "%w_734 = partselect i16 @_ssdm_op_PartSelect.i16.i4090.i32.i32, i4090 %w6_load, i32 2976, i32 2991" [firmware/nnet_utils/nnet_dense_resource.h:59->firmware/nnet_utils/nnet_dense_resource.h:262->firmware/nnet_utils/nnet_dense_stream.h:24->firmware/nnet_utils/nnet_dense_stream.h:97]   --->   Operation 320 'partselect' 'w_734' <Predicate = true> <Delay = 0.00>
ST_4 : Operation 321 [1/1] (0.00ns)   --->   "%w_735 = partselect i16 @_ssdm_op_PartSelect.i16.i4090.i32.i32, i4090 %w6_load, i32 2992, i32 3007" [firmware/nnet_utils/nnet_dense_resource.h:59->firmware/nnet_utils/nnet_dense_resource.h:262->firmware/nnet_utils/nnet_dense_stream.h:24->firmware/nnet_utils/nnet_dense_stream.h:97]   --->   Operation 321 'partselect' 'w_735' <Predicate = true> <Delay = 0.00>
ST_4 : Operation 322 [1/1] (0.00ns)   --->   "%w_736 = partselect i16 @_ssdm_op_PartSelect.i16.i4090.i32.i32, i4090 %w6_load, i32 3008, i32 3023" [firmware/nnet_utils/nnet_dense_resource.h:59->firmware/nnet_utils/nnet_dense_resource.h:262->firmware/nnet_utils/nnet_dense_stream.h:24->firmware/nnet_utils/nnet_dense_stream.h:97]   --->   Operation 322 'partselect' 'w_736' <Predicate = true> <Delay = 0.00>
ST_4 : Operation 323 [1/1] (0.00ns)   --->   "%w_737 = partselect i16 @_ssdm_op_PartSelect.i16.i4090.i32.i32, i4090 %w6_load, i32 3024, i32 3039" [firmware/nnet_utils/nnet_dense_resource.h:59->firmware/nnet_utils/nnet_dense_resource.h:262->firmware/nnet_utils/nnet_dense_stream.h:24->firmware/nnet_utils/nnet_dense_stream.h:97]   --->   Operation 323 'partselect' 'w_737' <Predicate = true> <Delay = 0.00>
ST_4 : Operation 324 [1/1] (0.00ns)   --->   "%w_738 = partselect i16 @_ssdm_op_PartSelect.i16.i4090.i32.i32, i4090 %w6_load, i32 3040, i32 3055" [firmware/nnet_utils/nnet_dense_resource.h:59->firmware/nnet_utils/nnet_dense_resource.h:262->firmware/nnet_utils/nnet_dense_stream.h:24->firmware/nnet_utils/nnet_dense_stream.h:97]   --->   Operation 324 'partselect' 'w_738' <Predicate = true> <Delay = 0.00>
ST_4 : Operation 325 [1/1] (0.00ns)   --->   "%w_739 = partselect i16 @_ssdm_op_PartSelect.i16.i4090.i32.i32, i4090 %w6_load, i32 3056, i32 3071" [firmware/nnet_utils/nnet_dense_resource.h:59->firmware/nnet_utils/nnet_dense_resource.h:262->firmware/nnet_utils/nnet_dense_stream.h:24->firmware/nnet_utils/nnet_dense_stream.h:97]   --->   Operation 325 'partselect' 'w_739' <Predicate = true> <Delay = 0.00>
ST_4 : Operation 326 [1/1] (0.00ns)   --->   "%w_740 = partselect i16 @_ssdm_op_PartSelect.i16.i4090.i32.i32, i4090 %w6_load, i32 3072, i32 3087" [firmware/nnet_utils/nnet_dense_resource.h:59->firmware/nnet_utils/nnet_dense_resource.h:262->firmware/nnet_utils/nnet_dense_stream.h:24->firmware/nnet_utils/nnet_dense_stream.h:97]   --->   Operation 326 'partselect' 'w_740' <Predicate = true> <Delay = 0.00>
ST_4 : Operation 327 [1/1] (0.00ns)   --->   "%w_741 = partselect i16 @_ssdm_op_PartSelect.i16.i4090.i32.i32, i4090 %w6_load, i32 3088, i32 3103" [firmware/nnet_utils/nnet_dense_resource.h:59->firmware/nnet_utils/nnet_dense_resource.h:262->firmware/nnet_utils/nnet_dense_stream.h:24->firmware/nnet_utils/nnet_dense_stream.h:97]   --->   Operation 327 'partselect' 'w_741' <Predicate = true> <Delay = 0.00>
ST_4 : Operation 328 [1/1] (0.00ns)   --->   "%w_742 = partselect i16 @_ssdm_op_PartSelect.i16.i4090.i32.i32, i4090 %w6_load, i32 3104, i32 3119" [firmware/nnet_utils/nnet_dense_resource.h:59->firmware/nnet_utils/nnet_dense_resource.h:262->firmware/nnet_utils/nnet_dense_stream.h:24->firmware/nnet_utils/nnet_dense_stream.h:97]   --->   Operation 328 'partselect' 'w_742' <Predicate = true> <Delay = 0.00>
ST_4 : Operation 329 [1/1] (0.00ns)   --->   "%w_743 = partselect i16 @_ssdm_op_PartSelect.i16.i4090.i32.i32, i4090 %w6_load, i32 3120, i32 3135" [firmware/nnet_utils/nnet_dense_resource.h:59->firmware/nnet_utils/nnet_dense_resource.h:262->firmware/nnet_utils/nnet_dense_stream.h:24->firmware/nnet_utils/nnet_dense_stream.h:97]   --->   Operation 329 'partselect' 'w_743' <Predicate = true> <Delay = 0.00>
ST_4 : Operation 330 [1/1] (0.00ns)   --->   "%w_744 = partselect i16 @_ssdm_op_PartSelect.i16.i4090.i32.i32, i4090 %w6_load, i32 3136, i32 3151" [firmware/nnet_utils/nnet_dense_resource.h:59->firmware/nnet_utils/nnet_dense_resource.h:262->firmware/nnet_utils/nnet_dense_stream.h:24->firmware/nnet_utils/nnet_dense_stream.h:97]   --->   Operation 330 'partselect' 'w_744' <Predicate = true> <Delay = 0.00>
ST_4 : Operation 331 [1/1] (0.00ns)   --->   "%w_745 = partselect i16 @_ssdm_op_PartSelect.i16.i4090.i32.i32, i4090 %w6_load, i32 3152, i32 3167" [firmware/nnet_utils/nnet_dense_resource.h:59->firmware/nnet_utils/nnet_dense_resource.h:262->firmware/nnet_utils/nnet_dense_stream.h:24->firmware/nnet_utils/nnet_dense_stream.h:97]   --->   Operation 331 'partselect' 'w_745' <Predicate = true> <Delay = 0.00>
ST_4 : Operation 332 [1/1] (0.00ns)   --->   "%w_746 = partselect i16 @_ssdm_op_PartSelect.i16.i4090.i32.i32, i4090 %w6_load, i32 3168, i32 3183" [firmware/nnet_utils/nnet_dense_resource.h:59->firmware/nnet_utils/nnet_dense_resource.h:262->firmware/nnet_utils/nnet_dense_stream.h:24->firmware/nnet_utils/nnet_dense_stream.h:97]   --->   Operation 332 'partselect' 'w_746' <Predicate = true> <Delay = 0.00>
ST_4 : Operation 333 [1/1] (0.00ns)   --->   "%w_747 = partselect i16 @_ssdm_op_PartSelect.i16.i4090.i32.i32, i4090 %w6_load, i32 3184, i32 3199" [firmware/nnet_utils/nnet_dense_resource.h:59->firmware/nnet_utils/nnet_dense_resource.h:262->firmware/nnet_utils/nnet_dense_stream.h:24->firmware/nnet_utils/nnet_dense_stream.h:97]   --->   Operation 333 'partselect' 'w_747' <Predicate = true> <Delay = 0.00>
ST_4 : Operation 334 [1/1] (0.00ns)   --->   "%w_748 = partselect i16 @_ssdm_op_PartSelect.i16.i4090.i32.i32, i4090 %w6_load, i32 3200, i32 3215" [firmware/nnet_utils/nnet_dense_resource.h:59->firmware/nnet_utils/nnet_dense_resource.h:262->firmware/nnet_utils/nnet_dense_stream.h:24->firmware/nnet_utils/nnet_dense_stream.h:97]   --->   Operation 334 'partselect' 'w_748' <Predicate = true> <Delay = 0.00>
ST_4 : Operation 335 [1/1] (0.00ns)   --->   "%w_749 = partselect i16 @_ssdm_op_PartSelect.i16.i4090.i32.i32, i4090 %w6_load, i32 3216, i32 3231" [firmware/nnet_utils/nnet_dense_resource.h:59->firmware/nnet_utils/nnet_dense_resource.h:262->firmware/nnet_utils/nnet_dense_stream.h:24->firmware/nnet_utils/nnet_dense_stream.h:97]   --->   Operation 335 'partselect' 'w_749' <Predicate = true> <Delay = 0.00>
ST_4 : Operation 336 [1/1] (0.00ns)   --->   "%w_750 = partselect i16 @_ssdm_op_PartSelect.i16.i4090.i32.i32, i4090 %w6_load, i32 3232, i32 3247" [firmware/nnet_utils/nnet_dense_resource.h:59->firmware/nnet_utils/nnet_dense_resource.h:262->firmware/nnet_utils/nnet_dense_stream.h:24->firmware/nnet_utils/nnet_dense_stream.h:97]   --->   Operation 336 'partselect' 'w_750' <Predicate = true> <Delay = 0.00>
ST_4 : Operation 337 [1/1] (0.00ns)   --->   "%w_751 = partselect i16 @_ssdm_op_PartSelect.i16.i4090.i32.i32, i4090 %w6_load, i32 3248, i32 3263" [firmware/nnet_utils/nnet_dense_resource.h:59->firmware/nnet_utils/nnet_dense_resource.h:262->firmware/nnet_utils/nnet_dense_stream.h:24->firmware/nnet_utils/nnet_dense_stream.h:97]   --->   Operation 337 'partselect' 'w_751' <Predicate = true> <Delay = 0.00>
ST_4 : Operation 338 [1/1] (0.00ns)   --->   "%w_752 = partselect i16 @_ssdm_op_PartSelect.i16.i4090.i32.i32, i4090 %w6_load, i32 3264, i32 3279" [firmware/nnet_utils/nnet_dense_resource.h:59->firmware/nnet_utils/nnet_dense_resource.h:262->firmware/nnet_utils/nnet_dense_stream.h:24->firmware/nnet_utils/nnet_dense_stream.h:97]   --->   Operation 338 'partselect' 'w_752' <Predicate = true> <Delay = 0.00>
ST_4 : Operation 339 [1/1] (0.00ns)   --->   "%w_753 = partselect i16 @_ssdm_op_PartSelect.i16.i4090.i32.i32, i4090 %w6_load, i32 3280, i32 3295" [firmware/nnet_utils/nnet_dense_resource.h:59->firmware/nnet_utils/nnet_dense_resource.h:262->firmware/nnet_utils/nnet_dense_stream.h:24->firmware/nnet_utils/nnet_dense_stream.h:97]   --->   Operation 339 'partselect' 'w_753' <Predicate = true> <Delay = 0.00>
ST_4 : Operation 340 [1/1] (0.00ns)   --->   "%w_754 = partselect i16 @_ssdm_op_PartSelect.i16.i4090.i32.i32, i4090 %w6_load, i32 3296, i32 3311" [firmware/nnet_utils/nnet_dense_resource.h:59->firmware/nnet_utils/nnet_dense_resource.h:262->firmware/nnet_utils/nnet_dense_stream.h:24->firmware/nnet_utils/nnet_dense_stream.h:97]   --->   Operation 340 'partselect' 'w_754' <Predicate = true> <Delay = 0.00>
ST_4 : Operation 341 [1/1] (0.00ns)   --->   "%w_755 = partselect i16 @_ssdm_op_PartSelect.i16.i4090.i32.i32, i4090 %w6_load, i32 3312, i32 3327" [firmware/nnet_utils/nnet_dense_resource.h:59->firmware/nnet_utils/nnet_dense_resource.h:262->firmware/nnet_utils/nnet_dense_stream.h:24->firmware/nnet_utils/nnet_dense_stream.h:97]   --->   Operation 341 'partselect' 'w_755' <Predicate = true> <Delay = 0.00>
ST_4 : Operation 342 [1/1] (0.00ns)   --->   "%w_756 = partselect i16 @_ssdm_op_PartSelect.i16.i4090.i32.i32, i4090 %w6_load, i32 3328, i32 3343" [firmware/nnet_utils/nnet_dense_resource.h:59->firmware/nnet_utils/nnet_dense_resource.h:262->firmware/nnet_utils/nnet_dense_stream.h:24->firmware/nnet_utils/nnet_dense_stream.h:97]   --->   Operation 342 'partselect' 'w_756' <Predicate = true> <Delay = 0.00>
ST_4 : Operation 343 [1/1] (0.00ns)   --->   "%w_757 = partselect i16 @_ssdm_op_PartSelect.i16.i4090.i32.i32, i4090 %w6_load, i32 3344, i32 3359" [firmware/nnet_utils/nnet_dense_resource.h:59->firmware/nnet_utils/nnet_dense_resource.h:262->firmware/nnet_utils/nnet_dense_stream.h:24->firmware/nnet_utils/nnet_dense_stream.h:97]   --->   Operation 343 'partselect' 'w_757' <Predicate = true> <Delay = 0.00>
ST_4 : Operation 344 [1/1] (0.00ns)   --->   "%w_758 = partselect i16 @_ssdm_op_PartSelect.i16.i4090.i32.i32, i4090 %w6_load, i32 3360, i32 3375" [firmware/nnet_utils/nnet_dense_resource.h:59->firmware/nnet_utils/nnet_dense_resource.h:262->firmware/nnet_utils/nnet_dense_stream.h:24->firmware/nnet_utils/nnet_dense_stream.h:97]   --->   Operation 344 'partselect' 'w_758' <Predicate = true> <Delay = 0.00>
ST_4 : Operation 345 [1/1] (0.00ns)   --->   "%w_759 = partselect i16 @_ssdm_op_PartSelect.i16.i4090.i32.i32, i4090 %w6_load, i32 3376, i32 3391" [firmware/nnet_utils/nnet_dense_resource.h:59->firmware/nnet_utils/nnet_dense_resource.h:262->firmware/nnet_utils/nnet_dense_stream.h:24->firmware/nnet_utils/nnet_dense_stream.h:97]   --->   Operation 345 'partselect' 'w_759' <Predicate = true> <Delay = 0.00>
ST_4 : Operation 346 [1/1] (0.00ns)   --->   "%w_760 = partselect i16 @_ssdm_op_PartSelect.i16.i4090.i32.i32, i4090 %w6_load, i32 3392, i32 3407" [firmware/nnet_utils/nnet_dense_resource.h:59->firmware/nnet_utils/nnet_dense_resource.h:262->firmware/nnet_utils/nnet_dense_stream.h:24->firmware/nnet_utils/nnet_dense_stream.h:97]   --->   Operation 346 'partselect' 'w_760' <Predicate = true> <Delay = 0.00>
ST_4 : Operation 347 [1/1] (0.00ns)   --->   "%w_761 = partselect i16 @_ssdm_op_PartSelect.i16.i4090.i32.i32, i4090 %w6_load, i32 3408, i32 3423" [firmware/nnet_utils/nnet_dense_resource.h:59->firmware/nnet_utils/nnet_dense_resource.h:262->firmware/nnet_utils/nnet_dense_stream.h:24->firmware/nnet_utils/nnet_dense_stream.h:97]   --->   Operation 347 'partselect' 'w_761' <Predicate = true> <Delay = 0.00>
ST_4 : Operation 348 [1/1] (0.00ns)   --->   "%w_762 = partselect i16 @_ssdm_op_PartSelect.i16.i4090.i32.i32, i4090 %w6_load, i32 3424, i32 3439" [firmware/nnet_utils/nnet_dense_resource.h:59->firmware/nnet_utils/nnet_dense_resource.h:262->firmware/nnet_utils/nnet_dense_stream.h:24->firmware/nnet_utils/nnet_dense_stream.h:97]   --->   Operation 348 'partselect' 'w_762' <Predicate = true> <Delay = 0.00>
ST_4 : Operation 349 [1/1] (0.00ns)   --->   "%w_763 = partselect i16 @_ssdm_op_PartSelect.i16.i4090.i32.i32, i4090 %w6_load, i32 3440, i32 3455" [firmware/nnet_utils/nnet_dense_resource.h:59->firmware/nnet_utils/nnet_dense_resource.h:262->firmware/nnet_utils/nnet_dense_stream.h:24->firmware/nnet_utils/nnet_dense_stream.h:97]   --->   Operation 349 'partselect' 'w_763' <Predicate = true> <Delay = 0.00>
ST_4 : Operation 350 [1/1] (0.00ns)   --->   "%w_764 = partselect i16 @_ssdm_op_PartSelect.i16.i4090.i32.i32, i4090 %w6_load, i32 3456, i32 3471" [firmware/nnet_utils/nnet_dense_resource.h:59->firmware/nnet_utils/nnet_dense_resource.h:262->firmware/nnet_utils/nnet_dense_stream.h:24->firmware/nnet_utils/nnet_dense_stream.h:97]   --->   Operation 350 'partselect' 'w_764' <Predicate = true> <Delay = 0.00>
ST_4 : Operation 351 [1/1] (0.00ns)   --->   "%w_765 = partselect i16 @_ssdm_op_PartSelect.i16.i4090.i32.i32, i4090 %w6_load, i32 3472, i32 3487" [firmware/nnet_utils/nnet_dense_resource.h:59->firmware/nnet_utils/nnet_dense_resource.h:262->firmware/nnet_utils/nnet_dense_stream.h:24->firmware/nnet_utils/nnet_dense_stream.h:97]   --->   Operation 351 'partselect' 'w_765' <Predicate = true> <Delay = 0.00>
ST_4 : Operation 352 [1/1] (0.00ns)   --->   "%w_766 = partselect i16 @_ssdm_op_PartSelect.i16.i4090.i32.i32, i4090 %w6_load, i32 3488, i32 3503" [firmware/nnet_utils/nnet_dense_resource.h:59->firmware/nnet_utils/nnet_dense_resource.h:262->firmware/nnet_utils/nnet_dense_stream.h:24->firmware/nnet_utils/nnet_dense_stream.h:97]   --->   Operation 352 'partselect' 'w_766' <Predicate = true> <Delay = 0.00>
ST_4 : Operation 353 [1/1] (0.00ns)   --->   "%w_767 = partselect i16 @_ssdm_op_PartSelect.i16.i4090.i32.i32, i4090 %w6_load, i32 3504, i32 3519" [firmware/nnet_utils/nnet_dense_resource.h:59->firmware/nnet_utils/nnet_dense_resource.h:262->firmware/nnet_utils/nnet_dense_stream.h:24->firmware/nnet_utils/nnet_dense_stream.h:97]   --->   Operation 353 'partselect' 'w_767' <Predicate = true> <Delay = 0.00>
ST_4 : Operation 354 [1/1] (0.00ns)   --->   "%w_768 = partselect i16 @_ssdm_op_PartSelect.i16.i4090.i32.i32, i4090 %w6_load, i32 3520, i32 3535" [firmware/nnet_utils/nnet_dense_resource.h:59->firmware/nnet_utils/nnet_dense_resource.h:262->firmware/nnet_utils/nnet_dense_stream.h:24->firmware/nnet_utils/nnet_dense_stream.h:97]   --->   Operation 354 'partselect' 'w_768' <Predicate = true> <Delay = 0.00>
ST_4 : Operation 355 [1/1] (0.00ns)   --->   "%w_769 = partselect i16 @_ssdm_op_PartSelect.i16.i4090.i32.i32, i4090 %w6_load, i32 3536, i32 3551" [firmware/nnet_utils/nnet_dense_resource.h:59->firmware/nnet_utils/nnet_dense_resource.h:262->firmware/nnet_utils/nnet_dense_stream.h:24->firmware/nnet_utils/nnet_dense_stream.h:97]   --->   Operation 355 'partselect' 'w_769' <Predicate = true> <Delay = 0.00>
ST_4 : Operation 356 [1/1] (0.00ns)   --->   "%w_770 = partselect i16 @_ssdm_op_PartSelect.i16.i4090.i32.i32, i4090 %w6_load, i32 3552, i32 3567" [firmware/nnet_utils/nnet_dense_resource.h:59->firmware/nnet_utils/nnet_dense_resource.h:262->firmware/nnet_utils/nnet_dense_stream.h:24->firmware/nnet_utils/nnet_dense_stream.h:97]   --->   Operation 356 'partselect' 'w_770' <Predicate = true> <Delay = 0.00>
ST_4 : Operation 357 [1/1] (0.00ns)   --->   "%w_771 = partselect i16 @_ssdm_op_PartSelect.i16.i4090.i32.i32, i4090 %w6_load, i32 3568, i32 3583" [firmware/nnet_utils/nnet_dense_resource.h:59->firmware/nnet_utils/nnet_dense_resource.h:262->firmware/nnet_utils/nnet_dense_stream.h:24->firmware/nnet_utils/nnet_dense_stream.h:97]   --->   Operation 357 'partselect' 'w_771' <Predicate = true> <Delay = 0.00>
ST_4 : Operation 358 [1/1] (0.00ns)   --->   "%w_772 = partselect i16 @_ssdm_op_PartSelect.i16.i4090.i32.i32, i4090 %w6_load, i32 3584, i32 3599" [firmware/nnet_utils/nnet_dense_resource.h:59->firmware/nnet_utils/nnet_dense_resource.h:262->firmware/nnet_utils/nnet_dense_stream.h:24->firmware/nnet_utils/nnet_dense_stream.h:97]   --->   Operation 358 'partselect' 'w_772' <Predicate = true> <Delay = 0.00>
ST_4 : Operation 359 [1/1] (0.00ns)   --->   "%w_773 = partselect i16 @_ssdm_op_PartSelect.i16.i4090.i32.i32, i4090 %w6_load, i32 3600, i32 3615" [firmware/nnet_utils/nnet_dense_resource.h:59->firmware/nnet_utils/nnet_dense_resource.h:262->firmware/nnet_utils/nnet_dense_stream.h:24->firmware/nnet_utils/nnet_dense_stream.h:97]   --->   Operation 359 'partselect' 'w_773' <Predicate = true> <Delay = 0.00>
ST_4 : Operation 360 [1/1] (0.00ns)   --->   "%w_774 = partselect i16 @_ssdm_op_PartSelect.i16.i4090.i32.i32, i4090 %w6_load, i32 3616, i32 3631" [firmware/nnet_utils/nnet_dense_resource.h:59->firmware/nnet_utils/nnet_dense_resource.h:262->firmware/nnet_utils/nnet_dense_stream.h:24->firmware/nnet_utils/nnet_dense_stream.h:97]   --->   Operation 360 'partselect' 'w_774' <Predicate = true> <Delay = 0.00>
ST_4 : Operation 361 [1/1] (0.00ns)   --->   "%w_775 = partselect i16 @_ssdm_op_PartSelect.i16.i4090.i32.i32, i4090 %w6_load, i32 3632, i32 3647" [firmware/nnet_utils/nnet_dense_resource.h:59->firmware/nnet_utils/nnet_dense_resource.h:262->firmware/nnet_utils/nnet_dense_stream.h:24->firmware/nnet_utils/nnet_dense_stream.h:97]   --->   Operation 361 'partselect' 'w_775' <Predicate = true> <Delay = 0.00>
ST_4 : Operation 362 [1/1] (0.00ns)   --->   "%w_776 = partselect i16 @_ssdm_op_PartSelect.i16.i4090.i32.i32, i4090 %w6_load, i32 3648, i32 3663" [firmware/nnet_utils/nnet_dense_resource.h:59->firmware/nnet_utils/nnet_dense_resource.h:262->firmware/nnet_utils/nnet_dense_stream.h:24->firmware/nnet_utils/nnet_dense_stream.h:97]   --->   Operation 362 'partselect' 'w_776' <Predicate = true> <Delay = 0.00>
ST_4 : Operation 363 [1/1] (0.00ns)   --->   "%w_777 = partselect i16 @_ssdm_op_PartSelect.i16.i4090.i32.i32, i4090 %w6_load, i32 3664, i32 3679" [firmware/nnet_utils/nnet_dense_resource.h:59->firmware/nnet_utils/nnet_dense_resource.h:262->firmware/nnet_utils/nnet_dense_stream.h:24->firmware/nnet_utils/nnet_dense_stream.h:97]   --->   Operation 363 'partselect' 'w_777' <Predicate = true> <Delay = 0.00>
ST_4 : Operation 364 [1/1] (0.00ns)   --->   "%w_778 = partselect i16 @_ssdm_op_PartSelect.i16.i4090.i32.i32, i4090 %w6_load, i32 3680, i32 3695" [firmware/nnet_utils/nnet_dense_resource.h:59->firmware/nnet_utils/nnet_dense_resource.h:262->firmware/nnet_utils/nnet_dense_stream.h:24->firmware/nnet_utils/nnet_dense_stream.h:97]   --->   Operation 364 'partselect' 'w_778' <Predicate = true> <Delay = 0.00>
ST_4 : Operation 365 [1/1] (0.00ns)   --->   "%w_779 = partselect i16 @_ssdm_op_PartSelect.i16.i4090.i32.i32, i4090 %w6_load, i32 3696, i32 3711" [firmware/nnet_utils/nnet_dense_resource.h:59->firmware/nnet_utils/nnet_dense_resource.h:262->firmware/nnet_utils/nnet_dense_stream.h:24->firmware/nnet_utils/nnet_dense_stream.h:97]   --->   Operation 365 'partselect' 'w_779' <Predicate = true> <Delay = 0.00>
ST_4 : Operation 366 [1/1] (0.00ns)   --->   "%w_780 = partselect i16 @_ssdm_op_PartSelect.i16.i4090.i32.i32, i4090 %w6_load, i32 3712, i32 3727" [firmware/nnet_utils/nnet_dense_resource.h:59->firmware/nnet_utils/nnet_dense_resource.h:262->firmware/nnet_utils/nnet_dense_stream.h:24->firmware/nnet_utils/nnet_dense_stream.h:97]   --->   Operation 366 'partselect' 'w_780' <Predicate = true> <Delay = 0.00>
ST_4 : Operation 367 [1/1] (0.00ns)   --->   "%w_781 = partselect i16 @_ssdm_op_PartSelect.i16.i4090.i32.i32, i4090 %w6_load, i32 3728, i32 3743" [firmware/nnet_utils/nnet_dense_resource.h:59->firmware/nnet_utils/nnet_dense_resource.h:262->firmware/nnet_utils/nnet_dense_stream.h:24->firmware/nnet_utils/nnet_dense_stream.h:97]   --->   Operation 367 'partselect' 'w_781' <Predicate = true> <Delay = 0.00>
ST_4 : Operation 368 [1/1] (0.00ns)   --->   "%w_782 = partselect i16 @_ssdm_op_PartSelect.i16.i4090.i32.i32, i4090 %w6_load, i32 3744, i32 3759" [firmware/nnet_utils/nnet_dense_resource.h:59->firmware/nnet_utils/nnet_dense_resource.h:262->firmware/nnet_utils/nnet_dense_stream.h:24->firmware/nnet_utils/nnet_dense_stream.h:97]   --->   Operation 368 'partselect' 'w_782' <Predicate = true> <Delay = 0.00>
ST_4 : Operation 369 [1/1] (0.00ns)   --->   "%w_783 = partselect i16 @_ssdm_op_PartSelect.i16.i4090.i32.i32, i4090 %w6_load, i32 3760, i32 3775" [firmware/nnet_utils/nnet_dense_resource.h:59->firmware/nnet_utils/nnet_dense_resource.h:262->firmware/nnet_utils/nnet_dense_stream.h:24->firmware/nnet_utils/nnet_dense_stream.h:97]   --->   Operation 369 'partselect' 'w_783' <Predicate = true> <Delay = 0.00>
ST_4 : Operation 370 [1/1] (0.00ns)   --->   "%w_784 = partselect i16 @_ssdm_op_PartSelect.i16.i4090.i32.i32, i4090 %w6_load, i32 3776, i32 3791" [firmware/nnet_utils/nnet_dense_resource.h:59->firmware/nnet_utils/nnet_dense_resource.h:262->firmware/nnet_utils/nnet_dense_stream.h:24->firmware/nnet_utils/nnet_dense_stream.h:97]   --->   Operation 370 'partselect' 'w_784' <Predicate = true> <Delay = 0.00>
ST_4 : Operation 371 [1/1] (0.00ns)   --->   "%w_785 = partselect i16 @_ssdm_op_PartSelect.i16.i4090.i32.i32, i4090 %w6_load, i32 3792, i32 3807" [firmware/nnet_utils/nnet_dense_resource.h:59->firmware/nnet_utils/nnet_dense_resource.h:262->firmware/nnet_utils/nnet_dense_stream.h:24->firmware/nnet_utils/nnet_dense_stream.h:97]   --->   Operation 371 'partselect' 'w_785' <Predicate = true> <Delay = 0.00>
ST_4 : Operation 372 [1/1] (0.00ns)   --->   "%w_786 = partselect i16 @_ssdm_op_PartSelect.i16.i4090.i32.i32, i4090 %w6_load, i32 3808, i32 3823" [firmware/nnet_utils/nnet_dense_resource.h:59->firmware/nnet_utils/nnet_dense_resource.h:262->firmware/nnet_utils/nnet_dense_stream.h:24->firmware/nnet_utils/nnet_dense_stream.h:97]   --->   Operation 372 'partselect' 'w_786' <Predicate = true> <Delay = 0.00>
ST_4 : Operation 373 [1/1] (0.00ns)   --->   "%w_787 = partselect i16 @_ssdm_op_PartSelect.i16.i4090.i32.i32, i4090 %w6_load, i32 3824, i32 3839" [firmware/nnet_utils/nnet_dense_resource.h:59->firmware/nnet_utils/nnet_dense_resource.h:262->firmware/nnet_utils/nnet_dense_stream.h:24->firmware/nnet_utils/nnet_dense_stream.h:97]   --->   Operation 373 'partselect' 'w_787' <Predicate = true> <Delay = 0.00>
ST_4 : Operation 374 [1/1] (0.00ns)   --->   "%w_788 = partselect i16 @_ssdm_op_PartSelect.i16.i4090.i32.i32, i4090 %w6_load, i32 3840, i32 3855" [firmware/nnet_utils/nnet_dense_resource.h:59->firmware/nnet_utils/nnet_dense_resource.h:262->firmware/nnet_utils/nnet_dense_stream.h:24->firmware/nnet_utils/nnet_dense_stream.h:97]   --->   Operation 374 'partselect' 'w_788' <Predicate = true> <Delay = 0.00>
ST_4 : Operation 375 [1/1] (0.00ns)   --->   "%w_789 = partselect i16 @_ssdm_op_PartSelect.i16.i4090.i32.i32, i4090 %w6_load, i32 3856, i32 3871" [firmware/nnet_utils/nnet_dense_resource.h:59->firmware/nnet_utils/nnet_dense_resource.h:262->firmware/nnet_utils/nnet_dense_stream.h:24->firmware/nnet_utils/nnet_dense_stream.h:97]   --->   Operation 375 'partselect' 'w_789' <Predicate = true> <Delay = 0.00>
ST_4 : Operation 376 [1/1] (0.00ns)   --->   "%w_790 = partselect i16 @_ssdm_op_PartSelect.i16.i4090.i32.i32, i4090 %w6_load, i32 3872, i32 3887" [firmware/nnet_utils/nnet_dense_resource.h:59->firmware/nnet_utils/nnet_dense_resource.h:262->firmware/nnet_utils/nnet_dense_stream.h:24->firmware/nnet_utils/nnet_dense_stream.h:97]   --->   Operation 376 'partselect' 'w_790' <Predicate = true> <Delay = 0.00>
ST_4 : Operation 377 [1/1] (0.00ns)   --->   "%w_791 = partselect i16 @_ssdm_op_PartSelect.i16.i4090.i32.i32, i4090 %w6_load, i32 3888, i32 3903" [firmware/nnet_utils/nnet_dense_resource.h:59->firmware/nnet_utils/nnet_dense_resource.h:262->firmware/nnet_utils/nnet_dense_stream.h:24->firmware/nnet_utils/nnet_dense_stream.h:97]   --->   Operation 377 'partselect' 'w_791' <Predicate = true> <Delay = 0.00>
ST_4 : Operation 378 [1/1] (0.00ns)   --->   "%w_792 = partselect i16 @_ssdm_op_PartSelect.i16.i4090.i32.i32, i4090 %w6_load, i32 3904, i32 3919" [firmware/nnet_utils/nnet_dense_resource.h:59->firmware/nnet_utils/nnet_dense_resource.h:262->firmware/nnet_utils/nnet_dense_stream.h:24->firmware/nnet_utils/nnet_dense_stream.h:97]   --->   Operation 378 'partselect' 'w_792' <Predicate = true> <Delay = 0.00>
ST_4 : Operation 379 [1/1] (0.00ns)   --->   "%w_793 = partselect i16 @_ssdm_op_PartSelect.i16.i4090.i32.i32, i4090 %w6_load, i32 3920, i32 3935" [firmware/nnet_utils/nnet_dense_resource.h:59->firmware/nnet_utils/nnet_dense_resource.h:262->firmware/nnet_utils/nnet_dense_stream.h:24->firmware/nnet_utils/nnet_dense_stream.h:97]   --->   Operation 379 'partselect' 'w_793' <Predicate = true> <Delay = 0.00>
ST_4 : Operation 380 [1/1] (0.00ns)   --->   "%w_794 = partselect i16 @_ssdm_op_PartSelect.i16.i4090.i32.i32, i4090 %w6_load, i32 3936, i32 3951" [firmware/nnet_utils/nnet_dense_resource.h:59->firmware/nnet_utils/nnet_dense_resource.h:262->firmware/nnet_utils/nnet_dense_stream.h:24->firmware/nnet_utils/nnet_dense_stream.h:97]   --->   Operation 380 'partselect' 'w_794' <Predicate = true> <Delay = 0.00>
ST_4 : Operation 381 [1/1] (0.00ns)   --->   "%w_795 = partselect i16 @_ssdm_op_PartSelect.i16.i4090.i32.i32, i4090 %w6_load, i32 3952, i32 3967" [firmware/nnet_utils/nnet_dense_resource.h:59->firmware/nnet_utils/nnet_dense_resource.h:262->firmware/nnet_utils/nnet_dense_stream.h:24->firmware/nnet_utils/nnet_dense_stream.h:97]   --->   Operation 381 'partselect' 'w_795' <Predicate = true> <Delay = 0.00>
ST_4 : Operation 382 [1/1] (0.00ns)   --->   "%w_796 = partselect i16 @_ssdm_op_PartSelect.i16.i4090.i32.i32, i4090 %w6_load, i32 3968, i32 3983" [firmware/nnet_utils/nnet_dense_resource.h:59->firmware/nnet_utils/nnet_dense_resource.h:262->firmware/nnet_utils/nnet_dense_stream.h:24->firmware/nnet_utils/nnet_dense_stream.h:97]   --->   Operation 382 'partselect' 'w_796' <Predicate = true> <Delay = 0.00>
ST_4 : Operation 383 [1/1] (0.00ns)   --->   "%w_797 = partselect i16 @_ssdm_op_PartSelect.i16.i4090.i32.i32, i4090 %w6_load, i32 3984, i32 3999" [firmware/nnet_utils/nnet_dense_resource.h:59->firmware/nnet_utils/nnet_dense_resource.h:262->firmware/nnet_utils/nnet_dense_stream.h:24->firmware/nnet_utils/nnet_dense_stream.h:97]   --->   Operation 383 'partselect' 'w_797' <Predicate = true> <Delay = 0.00>
ST_4 : Operation 384 [1/1] (0.00ns)   --->   "%w_798 = partselect i16 @_ssdm_op_PartSelect.i16.i4090.i32.i32, i4090 %w6_load, i32 4000, i32 4015" [firmware/nnet_utils/nnet_dense_resource.h:59->firmware/nnet_utils/nnet_dense_resource.h:262->firmware/nnet_utils/nnet_dense_stream.h:24->firmware/nnet_utils/nnet_dense_stream.h:97]   --->   Operation 384 'partselect' 'w_798' <Predicate = true> <Delay = 0.00>
ST_4 : Operation 385 [1/1] (0.00ns)   --->   "%w_799 = partselect i16 @_ssdm_op_PartSelect.i16.i4090.i32.i32, i4090 %w6_load, i32 4016, i32 4031" [firmware/nnet_utils/nnet_dense_resource.h:59->firmware/nnet_utils/nnet_dense_resource.h:262->firmware/nnet_utils/nnet_dense_stream.h:24->firmware/nnet_utils/nnet_dense_stream.h:97]   --->   Operation 385 'partselect' 'w_799' <Predicate = true> <Delay = 0.00>
ST_4 : Operation 386 [1/1] (0.00ns)   --->   "%w_800 = partselect i16 @_ssdm_op_PartSelect.i16.i4090.i32.i32, i4090 %w6_load, i32 4032, i32 4047" [firmware/nnet_utils/nnet_dense_resource.h:59->firmware/nnet_utils/nnet_dense_resource.h:262->firmware/nnet_utils/nnet_dense_stream.h:24->firmware/nnet_utils/nnet_dense_stream.h:97]   --->   Operation 386 'partselect' 'w_800' <Predicate = true> <Delay = 0.00>
ST_4 : Operation 387 [1/1] (0.00ns)   --->   "%w_801 = partselect i16 @_ssdm_op_PartSelect.i16.i4090.i32.i32, i4090 %w6_load, i32 4048, i32 4063" [firmware/nnet_utils/nnet_dense_resource.h:59->firmware/nnet_utils/nnet_dense_resource.h:262->firmware/nnet_utils/nnet_dense_stream.h:24->firmware/nnet_utils/nnet_dense_stream.h:97]   --->   Operation 387 'partselect' 'w_801' <Predicate = true> <Delay = 0.00>
ST_4 : Operation 388 [1/1] (0.00ns)   --->   "%w_802 = partselect i16 @_ssdm_op_PartSelect.i16.i4090.i32.i32, i4090 %w6_load, i32 4064, i32 4079" [firmware/nnet_utils/nnet_dense_resource.h:59->firmware/nnet_utils/nnet_dense_resource.h:262->firmware/nnet_utils/nnet_dense_stream.h:24->firmware/nnet_utils/nnet_dense_stream.h:97]   --->   Operation 388 'partselect' 'w_802' <Predicate = true> <Delay = 0.00>
ST_4 : Operation 389 [1/1] (0.00ns)   --->   "%tmp = partselect i10 @_ssdm_op_PartSelect.i10.i4090.i32.i32, i4090 %w6_load, i32 4080, i32 4089" [firmware/nnet_utils/nnet_dense_resource.h:59->firmware/nnet_utils/nnet_dense_resource.h:262->firmware/nnet_utils/nnet_dense_stream.h:24->firmware/nnet_utils/nnet_dense_stream.h:97]   --->   Operation 389 'partselect' 'tmp' <Predicate = true> <Delay = 0.00>

State 5 <SV = 4> <Delay = 3.34>
ST_5 : Operation 390 [1/1] (0.00ns)   --->   "%sext_ln73 = sext i16 %w" [firmware/nnet_utils/nnet_mult.h:73->firmware/nnet_utils/nnet_dense_resource.h:59->firmware/nnet_utils/nnet_dense_resource.h:262->firmware/nnet_utils/nnet_dense_stream.h:24->firmware/nnet_utils/nnet_dense_stream.h:97]   --->   Operation 390 'sext' 'sext_ln73' <Predicate = true> <Delay = 0.00>
ST_5 : Operation 391 [1/1] (0.00ns)   --->   "%sext_ln73_574 = sext i16 %a" [firmware/nnet_utils/nnet_mult.h:73->firmware/nnet_utils/nnet_dense_resource.h:59->firmware/nnet_utils/nnet_dense_resource.h:262->firmware/nnet_utils/nnet_dense_stream.h:24->firmware/nnet_utils/nnet_dense_stream.h:97]   --->   Operation 391 'sext' 'sext_ln73_574' <Predicate = true> <Delay = 0.00>
ST_5 : Operation 392 [2/2] (3.34ns)   --->   "%mul_ln58 = mul i26 %sext_ln73, i26 %sext_ln73_574" [firmware/nnet_utils/nnet_dense_resource.h:58->firmware/nnet_utils/nnet_dense_resource.h:262->firmware/nnet_utils/nnet_dense_stream.h:24->firmware/nnet_utils/nnet_dense_stream.h:97]   --->   Operation 392 'mul' 'mul_ln58' <Predicate = true> <Delay = 3.34> <CoreInst = "Multiplier">   --->   Core 3 'Multiplier' <Latency = 1> <II = 1> <Delay = 3.34> <FuncUnit> <Opcode : 'mul'> <InPorts = 2> <OutPorts = 1>
ST_5 : Operation 393 [1/1] (0.00ns)   --->   "%sext_ln73_575 = sext i16 %w_549" [firmware/nnet_utils/nnet_mult.h:73->firmware/nnet_utils/nnet_dense_resource.h:59->firmware/nnet_utils/nnet_dense_resource.h:262->firmware/nnet_utils/nnet_dense_stream.h:24->firmware/nnet_utils/nnet_dense_stream.h:97]   --->   Operation 393 'sext' 'sext_ln73_575' <Predicate = true> <Delay = 0.00>
ST_5 : Operation 394 [1/1] (0.00ns)   --->   "%sext_ln73_576 = sext i16 %a_23" [firmware/nnet_utils/nnet_mult.h:73->firmware/nnet_utils/nnet_dense_resource.h:59->firmware/nnet_utils/nnet_dense_resource.h:262->firmware/nnet_utils/nnet_dense_stream.h:24->firmware/nnet_utils/nnet_dense_stream.h:97]   --->   Operation 394 'sext' 'sext_ln73_576' <Predicate = true> <Delay = 0.00>
ST_5 : Operation 395 [2/2] (3.34ns)   --->   "%mul_ln58_551 = mul i26 %sext_ln73_575, i26 %sext_ln73_576" [firmware/nnet_utils/nnet_dense_resource.h:58->firmware/nnet_utils/nnet_dense_resource.h:262->firmware/nnet_utils/nnet_dense_stream.h:24->firmware/nnet_utils/nnet_dense_stream.h:97]   --->   Operation 395 'mul' 'mul_ln58_551' <Predicate = true> <Delay = 3.34> <CoreInst = "Multiplier">   --->   Core 3 'Multiplier' <Latency = 1> <II = 1> <Delay = 3.34> <FuncUnit> <Opcode : 'mul'> <InPorts = 2> <OutPorts = 1>
ST_5 : Operation 396 [1/1] (0.00ns)   --->   "%sext_ln73_577 = sext i16 %w_550" [firmware/nnet_utils/nnet_mult.h:73->firmware/nnet_utils/nnet_dense_resource.h:59->firmware/nnet_utils/nnet_dense_resource.h:262->firmware/nnet_utils/nnet_dense_stream.h:24->firmware/nnet_utils/nnet_dense_stream.h:97]   --->   Operation 396 'sext' 'sext_ln73_577' <Predicate = true> <Delay = 0.00>
ST_5 : Operation 397 [1/1] (0.00ns)   --->   "%sext_ln73_578 = sext i16 %a_24" [firmware/nnet_utils/nnet_mult.h:73->firmware/nnet_utils/nnet_dense_resource.h:59->firmware/nnet_utils/nnet_dense_resource.h:262->firmware/nnet_utils/nnet_dense_stream.h:24->firmware/nnet_utils/nnet_dense_stream.h:97]   --->   Operation 397 'sext' 'sext_ln73_578' <Predicate = true> <Delay = 0.00>
ST_5 : Operation 398 [2/2] (3.34ns)   --->   "%mul_ln58_552 = mul i26 %sext_ln73_577, i26 %sext_ln73_578" [firmware/nnet_utils/nnet_dense_resource.h:58->firmware/nnet_utils/nnet_dense_resource.h:262->firmware/nnet_utils/nnet_dense_stream.h:24->firmware/nnet_utils/nnet_dense_stream.h:97]   --->   Operation 398 'mul' 'mul_ln58_552' <Predicate = true> <Delay = 3.34> <CoreInst = "Multiplier">   --->   Core 3 'Multiplier' <Latency = 1> <II = 1> <Delay = 3.34> <FuncUnit> <Opcode : 'mul'> <InPorts = 2> <OutPorts = 1>
ST_5 : Operation 399 [1/1] (0.00ns)   --->   "%sext_ln73_579 = sext i16 %w_551" [firmware/nnet_utils/nnet_mult.h:73->firmware/nnet_utils/nnet_dense_resource.h:59->firmware/nnet_utils/nnet_dense_resource.h:262->firmware/nnet_utils/nnet_dense_stream.h:24->firmware/nnet_utils/nnet_dense_stream.h:97]   --->   Operation 399 'sext' 'sext_ln73_579' <Predicate = true> <Delay = 0.00>
ST_5 : Operation 400 [1/1] (0.00ns)   --->   "%sext_ln73_580 = sext i16 %a_25" [firmware/nnet_utils/nnet_mult.h:73->firmware/nnet_utils/nnet_dense_resource.h:59->firmware/nnet_utils/nnet_dense_resource.h:262->firmware/nnet_utils/nnet_dense_stream.h:24->firmware/nnet_utils/nnet_dense_stream.h:97]   --->   Operation 400 'sext' 'sext_ln73_580' <Predicate = true> <Delay = 0.00>
ST_5 : Operation 401 [2/2] (3.34ns)   --->   "%mul_ln58_553 = mul i26 %sext_ln73_579, i26 %sext_ln73_580" [firmware/nnet_utils/nnet_dense_resource.h:58->firmware/nnet_utils/nnet_dense_resource.h:262->firmware/nnet_utils/nnet_dense_stream.h:24->firmware/nnet_utils/nnet_dense_stream.h:97]   --->   Operation 401 'mul' 'mul_ln58_553' <Predicate = true> <Delay = 3.34> <CoreInst = "Multiplier">   --->   Core 3 'Multiplier' <Latency = 1> <II = 1> <Delay = 3.34> <FuncUnit> <Opcode : 'mul'> <InPorts = 2> <OutPorts = 1>
ST_5 : Operation 402 [1/1] (0.00ns)   --->   "%sext_ln73_581 = sext i16 %w_552" [firmware/nnet_utils/nnet_mult.h:73->firmware/nnet_utils/nnet_dense_resource.h:59->firmware/nnet_utils/nnet_dense_resource.h:262->firmware/nnet_utils/nnet_dense_stream.h:24->firmware/nnet_utils/nnet_dense_stream.h:97]   --->   Operation 402 'sext' 'sext_ln73_581' <Predicate = true> <Delay = 0.00>
ST_5 : Operation 403 [1/1] (0.00ns)   --->   "%sext_ln73_582 = sext i16 %a_26" [firmware/nnet_utils/nnet_mult.h:73->firmware/nnet_utils/nnet_dense_resource.h:59->firmware/nnet_utils/nnet_dense_resource.h:262->firmware/nnet_utils/nnet_dense_stream.h:24->firmware/nnet_utils/nnet_dense_stream.h:97]   --->   Operation 403 'sext' 'sext_ln73_582' <Predicate = true> <Delay = 0.00>
ST_5 : Operation 404 [2/2] (3.34ns)   --->   "%mul_ln58_554 = mul i26 %sext_ln73_581, i26 %sext_ln73_582" [firmware/nnet_utils/nnet_dense_resource.h:58->firmware/nnet_utils/nnet_dense_resource.h:262->firmware/nnet_utils/nnet_dense_stream.h:24->firmware/nnet_utils/nnet_dense_stream.h:97]   --->   Operation 404 'mul' 'mul_ln58_554' <Predicate = true> <Delay = 3.34> <CoreInst = "Multiplier">   --->   Core 3 'Multiplier' <Latency = 1> <II = 1> <Delay = 3.34> <FuncUnit> <Opcode : 'mul'> <InPorts = 2> <OutPorts = 1>
ST_5 : Operation 405 [1/1] (0.00ns)   --->   "%sext_ln73_583 = sext i16 %w_553" [firmware/nnet_utils/nnet_mult.h:73->firmware/nnet_utils/nnet_dense_resource.h:59->firmware/nnet_utils/nnet_dense_resource.h:262->firmware/nnet_utils/nnet_dense_stream.h:24->firmware/nnet_utils/nnet_dense_stream.h:97]   --->   Operation 405 'sext' 'sext_ln73_583' <Predicate = true> <Delay = 0.00>
ST_5 : Operation 406 [1/1] (0.00ns)   --->   "%sext_ln73_584 = sext i16 %a_27" [firmware/nnet_utils/nnet_mult.h:73->firmware/nnet_utils/nnet_dense_resource.h:59->firmware/nnet_utils/nnet_dense_resource.h:262->firmware/nnet_utils/nnet_dense_stream.h:24->firmware/nnet_utils/nnet_dense_stream.h:97]   --->   Operation 406 'sext' 'sext_ln73_584' <Predicate = true> <Delay = 0.00>
ST_5 : Operation 407 [2/2] (3.34ns)   --->   "%mul_ln58_555 = mul i26 %sext_ln73_583, i26 %sext_ln73_584" [firmware/nnet_utils/nnet_dense_resource.h:58->firmware/nnet_utils/nnet_dense_resource.h:262->firmware/nnet_utils/nnet_dense_stream.h:24->firmware/nnet_utils/nnet_dense_stream.h:97]   --->   Operation 407 'mul' 'mul_ln58_555' <Predicate = true> <Delay = 3.34> <CoreInst = "Multiplier">   --->   Core 3 'Multiplier' <Latency = 1> <II = 1> <Delay = 3.34> <FuncUnit> <Opcode : 'mul'> <InPorts = 2> <OutPorts = 1>
ST_5 : Operation 408 [1/1] (0.00ns)   --->   "%sext_ln73_585 = sext i16 %w_554" [firmware/nnet_utils/nnet_mult.h:73->firmware/nnet_utils/nnet_dense_resource.h:59->firmware/nnet_utils/nnet_dense_resource.h:262->firmware/nnet_utils/nnet_dense_stream.h:24->firmware/nnet_utils/nnet_dense_stream.h:97]   --->   Operation 408 'sext' 'sext_ln73_585' <Predicate = true> <Delay = 0.00>
ST_5 : Operation 409 [1/1] (0.00ns)   --->   "%sext_ln73_586 = sext i16 %a_28" [firmware/nnet_utils/nnet_mult.h:73->firmware/nnet_utils/nnet_dense_resource.h:59->firmware/nnet_utils/nnet_dense_resource.h:262->firmware/nnet_utils/nnet_dense_stream.h:24->firmware/nnet_utils/nnet_dense_stream.h:97]   --->   Operation 409 'sext' 'sext_ln73_586' <Predicate = true> <Delay = 0.00>
ST_5 : Operation 410 [2/2] (3.34ns)   --->   "%mul_ln58_556 = mul i26 %sext_ln73_585, i26 %sext_ln73_586" [firmware/nnet_utils/nnet_dense_resource.h:58->firmware/nnet_utils/nnet_dense_resource.h:262->firmware/nnet_utils/nnet_dense_stream.h:24->firmware/nnet_utils/nnet_dense_stream.h:97]   --->   Operation 410 'mul' 'mul_ln58_556' <Predicate = true> <Delay = 3.34> <CoreInst = "Multiplier">   --->   Core 3 'Multiplier' <Latency = 1> <II = 1> <Delay = 3.34> <FuncUnit> <Opcode : 'mul'> <InPorts = 2> <OutPorts = 1>
ST_5 : Operation 411 [1/1] (0.00ns)   --->   "%sext_ln73_587 = sext i16 %w_555" [firmware/nnet_utils/nnet_mult.h:73->firmware/nnet_utils/nnet_dense_resource.h:59->firmware/nnet_utils/nnet_dense_resource.h:262->firmware/nnet_utils/nnet_dense_stream.h:24->firmware/nnet_utils/nnet_dense_stream.h:97]   --->   Operation 411 'sext' 'sext_ln73_587' <Predicate = true> <Delay = 0.00>
ST_5 : Operation 412 [1/1] (0.00ns)   --->   "%sext_ln73_588 = sext i16 %a_29" [firmware/nnet_utils/nnet_mult.h:73->firmware/nnet_utils/nnet_dense_resource.h:59->firmware/nnet_utils/nnet_dense_resource.h:262->firmware/nnet_utils/nnet_dense_stream.h:24->firmware/nnet_utils/nnet_dense_stream.h:97]   --->   Operation 412 'sext' 'sext_ln73_588' <Predicate = true> <Delay = 0.00>
ST_5 : Operation 413 [2/2] (3.34ns)   --->   "%mul_ln58_557 = mul i26 %sext_ln73_587, i26 %sext_ln73_588" [firmware/nnet_utils/nnet_dense_resource.h:58->firmware/nnet_utils/nnet_dense_resource.h:262->firmware/nnet_utils/nnet_dense_stream.h:24->firmware/nnet_utils/nnet_dense_stream.h:97]   --->   Operation 413 'mul' 'mul_ln58_557' <Predicate = true> <Delay = 3.34> <CoreInst = "Multiplier">   --->   Core 3 'Multiplier' <Latency = 1> <II = 1> <Delay = 3.34> <FuncUnit> <Opcode : 'mul'> <InPorts = 2> <OutPorts = 1>
ST_5 : Operation 414 [1/1] (0.00ns)   --->   "%sext_ln73_589 = sext i16 %w_556" [firmware/nnet_utils/nnet_mult.h:73->firmware/nnet_utils/nnet_dense_resource.h:59->firmware/nnet_utils/nnet_dense_resource.h:262->firmware/nnet_utils/nnet_dense_stream.h:24->firmware/nnet_utils/nnet_dense_stream.h:97]   --->   Operation 414 'sext' 'sext_ln73_589' <Predicate = true> <Delay = 0.00>
ST_5 : Operation 415 [2/2] (3.34ns)   --->   "%mul_ln58_558 = mul i26 %sext_ln73_589, i26 %sext_ln73_574" [firmware/nnet_utils/nnet_dense_resource.h:58->firmware/nnet_utils/nnet_dense_resource.h:262->firmware/nnet_utils/nnet_dense_stream.h:24->firmware/nnet_utils/nnet_dense_stream.h:97]   --->   Operation 415 'mul' 'mul_ln58_558' <Predicate = true> <Delay = 3.34> <CoreInst = "Multiplier">   --->   Core 3 'Multiplier' <Latency = 1> <II = 1> <Delay = 3.34> <FuncUnit> <Opcode : 'mul'> <InPorts = 2> <OutPorts = 1>
ST_5 : Operation 416 [1/1] (0.00ns)   --->   "%sext_ln73_590 = sext i16 %w_557" [firmware/nnet_utils/nnet_mult.h:73->firmware/nnet_utils/nnet_dense_resource.h:59->firmware/nnet_utils/nnet_dense_resource.h:262->firmware/nnet_utils/nnet_dense_stream.h:24->firmware/nnet_utils/nnet_dense_stream.h:97]   --->   Operation 416 'sext' 'sext_ln73_590' <Predicate = true> <Delay = 0.00>
ST_5 : Operation 417 [2/2] (3.34ns)   --->   "%mul_ln58_559 = mul i26 %sext_ln73_590, i26 %sext_ln73_576" [firmware/nnet_utils/nnet_dense_resource.h:58->firmware/nnet_utils/nnet_dense_resource.h:262->firmware/nnet_utils/nnet_dense_stream.h:24->firmware/nnet_utils/nnet_dense_stream.h:97]   --->   Operation 417 'mul' 'mul_ln58_559' <Predicate = true> <Delay = 3.34> <CoreInst = "Multiplier">   --->   Core 3 'Multiplier' <Latency = 1> <II = 1> <Delay = 3.34> <FuncUnit> <Opcode : 'mul'> <InPorts = 2> <OutPorts = 1>
ST_5 : Operation 418 [1/1] (0.00ns)   --->   "%sext_ln73_591 = sext i16 %w_558" [firmware/nnet_utils/nnet_mult.h:73->firmware/nnet_utils/nnet_dense_resource.h:59->firmware/nnet_utils/nnet_dense_resource.h:262->firmware/nnet_utils/nnet_dense_stream.h:24->firmware/nnet_utils/nnet_dense_stream.h:97]   --->   Operation 418 'sext' 'sext_ln73_591' <Predicate = true> <Delay = 0.00>
ST_5 : Operation 419 [2/2] (3.34ns)   --->   "%mul_ln58_560 = mul i26 %sext_ln73_591, i26 %sext_ln73_578" [firmware/nnet_utils/nnet_dense_resource.h:58->firmware/nnet_utils/nnet_dense_resource.h:262->firmware/nnet_utils/nnet_dense_stream.h:24->firmware/nnet_utils/nnet_dense_stream.h:97]   --->   Operation 419 'mul' 'mul_ln58_560' <Predicate = true> <Delay = 3.34> <CoreInst = "Multiplier">   --->   Core 3 'Multiplier' <Latency = 1> <II = 1> <Delay = 3.34> <FuncUnit> <Opcode : 'mul'> <InPorts = 2> <OutPorts = 1>
ST_5 : Operation 420 [1/1] (0.00ns)   --->   "%sext_ln73_592 = sext i16 %w_559" [firmware/nnet_utils/nnet_mult.h:73->firmware/nnet_utils/nnet_dense_resource.h:59->firmware/nnet_utils/nnet_dense_resource.h:262->firmware/nnet_utils/nnet_dense_stream.h:24->firmware/nnet_utils/nnet_dense_stream.h:97]   --->   Operation 420 'sext' 'sext_ln73_592' <Predicate = true> <Delay = 0.00>
ST_5 : Operation 421 [2/2] (3.34ns)   --->   "%mul_ln58_561 = mul i26 %sext_ln73_592, i26 %sext_ln73_580" [firmware/nnet_utils/nnet_dense_resource.h:58->firmware/nnet_utils/nnet_dense_resource.h:262->firmware/nnet_utils/nnet_dense_stream.h:24->firmware/nnet_utils/nnet_dense_stream.h:97]   --->   Operation 421 'mul' 'mul_ln58_561' <Predicate = true> <Delay = 3.34> <CoreInst = "Multiplier">   --->   Core 3 'Multiplier' <Latency = 1> <II = 1> <Delay = 3.34> <FuncUnit> <Opcode : 'mul'> <InPorts = 2> <OutPorts = 1>
ST_5 : Operation 422 [1/1] (0.00ns)   --->   "%sext_ln73_593 = sext i16 %w_560" [firmware/nnet_utils/nnet_mult.h:73->firmware/nnet_utils/nnet_dense_resource.h:59->firmware/nnet_utils/nnet_dense_resource.h:262->firmware/nnet_utils/nnet_dense_stream.h:24->firmware/nnet_utils/nnet_dense_stream.h:97]   --->   Operation 422 'sext' 'sext_ln73_593' <Predicate = true> <Delay = 0.00>
ST_5 : Operation 423 [2/2] (3.34ns)   --->   "%mul_ln58_562 = mul i26 %sext_ln73_593, i26 %sext_ln73_582" [firmware/nnet_utils/nnet_dense_resource.h:58->firmware/nnet_utils/nnet_dense_resource.h:262->firmware/nnet_utils/nnet_dense_stream.h:24->firmware/nnet_utils/nnet_dense_stream.h:97]   --->   Operation 423 'mul' 'mul_ln58_562' <Predicate = true> <Delay = 3.34> <CoreInst = "Multiplier">   --->   Core 3 'Multiplier' <Latency = 1> <II = 1> <Delay = 3.34> <FuncUnit> <Opcode : 'mul'> <InPorts = 2> <OutPorts = 1>
ST_5 : Operation 424 [1/1] (0.00ns)   --->   "%sext_ln73_594 = sext i16 %w_561" [firmware/nnet_utils/nnet_mult.h:73->firmware/nnet_utils/nnet_dense_resource.h:59->firmware/nnet_utils/nnet_dense_resource.h:262->firmware/nnet_utils/nnet_dense_stream.h:24->firmware/nnet_utils/nnet_dense_stream.h:97]   --->   Operation 424 'sext' 'sext_ln73_594' <Predicate = true> <Delay = 0.00>
ST_5 : Operation 425 [2/2] (3.34ns)   --->   "%mul_ln58_563 = mul i26 %sext_ln73_594, i26 %sext_ln73_584" [firmware/nnet_utils/nnet_dense_resource.h:58->firmware/nnet_utils/nnet_dense_resource.h:262->firmware/nnet_utils/nnet_dense_stream.h:24->firmware/nnet_utils/nnet_dense_stream.h:97]   --->   Operation 425 'mul' 'mul_ln58_563' <Predicate = true> <Delay = 3.34> <CoreInst = "Multiplier">   --->   Core 3 'Multiplier' <Latency = 1> <II = 1> <Delay = 3.34> <FuncUnit> <Opcode : 'mul'> <InPorts = 2> <OutPorts = 1>
ST_5 : Operation 426 [1/1] (0.00ns)   --->   "%sext_ln73_595 = sext i16 %w_562" [firmware/nnet_utils/nnet_mult.h:73->firmware/nnet_utils/nnet_dense_resource.h:59->firmware/nnet_utils/nnet_dense_resource.h:262->firmware/nnet_utils/nnet_dense_stream.h:24->firmware/nnet_utils/nnet_dense_stream.h:97]   --->   Operation 426 'sext' 'sext_ln73_595' <Predicate = true> <Delay = 0.00>
ST_5 : Operation 427 [2/2] (3.34ns)   --->   "%mul_ln58_564 = mul i26 %sext_ln73_595, i26 %sext_ln73_586" [firmware/nnet_utils/nnet_dense_resource.h:58->firmware/nnet_utils/nnet_dense_resource.h:262->firmware/nnet_utils/nnet_dense_stream.h:24->firmware/nnet_utils/nnet_dense_stream.h:97]   --->   Operation 427 'mul' 'mul_ln58_564' <Predicate = true> <Delay = 3.34> <CoreInst = "Multiplier">   --->   Core 3 'Multiplier' <Latency = 1> <II = 1> <Delay = 3.34> <FuncUnit> <Opcode : 'mul'> <InPorts = 2> <OutPorts = 1>
ST_5 : Operation 428 [1/1] (0.00ns)   --->   "%sext_ln73_596 = sext i16 %w_563" [firmware/nnet_utils/nnet_mult.h:73->firmware/nnet_utils/nnet_dense_resource.h:59->firmware/nnet_utils/nnet_dense_resource.h:262->firmware/nnet_utils/nnet_dense_stream.h:24->firmware/nnet_utils/nnet_dense_stream.h:97]   --->   Operation 428 'sext' 'sext_ln73_596' <Predicate = true> <Delay = 0.00>
ST_5 : Operation 429 [2/2] (3.34ns)   --->   "%mul_ln58_565 = mul i26 %sext_ln73_596, i26 %sext_ln73_588" [firmware/nnet_utils/nnet_dense_resource.h:58->firmware/nnet_utils/nnet_dense_resource.h:262->firmware/nnet_utils/nnet_dense_stream.h:24->firmware/nnet_utils/nnet_dense_stream.h:97]   --->   Operation 429 'mul' 'mul_ln58_565' <Predicate = true> <Delay = 3.34> <CoreInst = "Multiplier">   --->   Core 3 'Multiplier' <Latency = 1> <II = 1> <Delay = 3.34> <FuncUnit> <Opcode : 'mul'> <InPorts = 2> <OutPorts = 1>
ST_5 : Operation 430 [1/1] (0.00ns)   --->   "%sext_ln73_597 = sext i16 %w_564" [firmware/nnet_utils/nnet_mult.h:73->firmware/nnet_utils/nnet_dense_resource.h:59->firmware/nnet_utils/nnet_dense_resource.h:262->firmware/nnet_utils/nnet_dense_stream.h:24->firmware/nnet_utils/nnet_dense_stream.h:97]   --->   Operation 430 'sext' 'sext_ln73_597' <Predicate = true> <Delay = 0.00>
ST_5 : Operation 431 [2/2] (3.34ns)   --->   "%mul_ln58_566 = mul i26 %sext_ln73_597, i26 %sext_ln73_574" [firmware/nnet_utils/nnet_dense_resource.h:58->firmware/nnet_utils/nnet_dense_resource.h:262->firmware/nnet_utils/nnet_dense_stream.h:24->firmware/nnet_utils/nnet_dense_stream.h:97]   --->   Operation 431 'mul' 'mul_ln58_566' <Predicate = true> <Delay = 3.34> <CoreInst = "Multiplier">   --->   Core 3 'Multiplier' <Latency = 1> <II = 1> <Delay = 3.34> <FuncUnit> <Opcode : 'mul'> <InPorts = 2> <OutPorts = 1>
ST_5 : Operation 432 [1/1] (0.00ns)   --->   "%sext_ln73_598 = sext i16 %w_565" [firmware/nnet_utils/nnet_mult.h:73->firmware/nnet_utils/nnet_dense_resource.h:59->firmware/nnet_utils/nnet_dense_resource.h:262->firmware/nnet_utils/nnet_dense_stream.h:24->firmware/nnet_utils/nnet_dense_stream.h:97]   --->   Operation 432 'sext' 'sext_ln73_598' <Predicate = true> <Delay = 0.00>
ST_5 : Operation 433 [2/2] (3.34ns)   --->   "%mul_ln58_567 = mul i26 %sext_ln73_598, i26 %sext_ln73_576" [firmware/nnet_utils/nnet_dense_resource.h:58->firmware/nnet_utils/nnet_dense_resource.h:262->firmware/nnet_utils/nnet_dense_stream.h:24->firmware/nnet_utils/nnet_dense_stream.h:97]   --->   Operation 433 'mul' 'mul_ln58_567' <Predicate = true> <Delay = 3.34> <CoreInst = "Multiplier">   --->   Core 3 'Multiplier' <Latency = 1> <II = 1> <Delay = 3.34> <FuncUnit> <Opcode : 'mul'> <InPorts = 2> <OutPorts = 1>
ST_5 : Operation 434 [1/1] (0.00ns)   --->   "%sext_ln73_599 = sext i16 %w_566" [firmware/nnet_utils/nnet_mult.h:73->firmware/nnet_utils/nnet_dense_resource.h:59->firmware/nnet_utils/nnet_dense_resource.h:262->firmware/nnet_utils/nnet_dense_stream.h:24->firmware/nnet_utils/nnet_dense_stream.h:97]   --->   Operation 434 'sext' 'sext_ln73_599' <Predicate = true> <Delay = 0.00>
ST_5 : Operation 435 [2/2] (3.34ns)   --->   "%mul_ln58_568 = mul i26 %sext_ln73_599, i26 %sext_ln73_578" [firmware/nnet_utils/nnet_dense_resource.h:58->firmware/nnet_utils/nnet_dense_resource.h:262->firmware/nnet_utils/nnet_dense_stream.h:24->firmware/nnet_utils/nnet_dense_stream.h:97]   --->   Operation 435 'mul' 'mul_ln58_568' <Predicate = true> <Delay = 3.34> <CoreInst = "Multiplier">   --->   Core 3 'Multiplier' <Latency = 1> <II = 1> <Delay = 3.34> <FuncUnit> <Opcode : 'mul'> <InPorts = 2> <OutPorts = 1>
ST_5 : Operation 436 [1/1] (0.00ns)   --->   "%sext_ln73_600 = sext i16 %w_567" [firmware/nnet_utils/nnet_mult.h:73->firmware/nnet_utils/nnet_dense_resource.h:59->firmware/nnet_utils/nnet_dense_resource.h:262->firmware/nnet_utils/nnet_dense_stream.h:24->firmware/nnet_utils/nnet_dense_stream.h:97]   --->   Operation 436 'sext' 'sext_ln73_600' <Predicate = true> <Delay = 0.00>
ST_5 : Operation 437 [2/2] (3.34ns)   --->   "%mul_ln58_569 = mul i26 %sext_ln73_600, i26 %sext_ln73_580" [firmware/nnet_utils/nnet_dense_resource.h:58->firmware/nnet_utils/nnet_dense_resource.h:262->firmware/nnet_utils/nnet_dense_stream.h:24->firmware/nnet_utils/nnet_dense_stream.h:97]   --->   Operation 437 'mul' 'mul_ln58_569' <Predicate = true> <Delay = 3.34> <CoreInst = "Multiplier">   --->   Core 3 'Multiplier' <Latency = 1> <II = 1> <Delay = 3.34> <FuncUnit> <Opcode : 'mul'> <InPorts = 2> <OutPorts = 1>
ST_5 : Operation 438 [1/1] (0.00ns)   --->   "%sext_ln73_601 = sext i16 %w_568" [firmware/nnet_utils/nnet_mult.h:73->firmware/nnet_utils/nnet_dense_resource.h:59->firmware/nnet_utils/nnet_dense_resource.h:262->firmware/nnet_utils/nnet_dense_stream.h:24->firmware/nnet_utils/nnet_dense_stream.h:97]   --->   Operation 438 'sext' 'sext_ln73_601' <Predicate = true> <Delay = 0.00>
ST_5 : Operation 439 [2/2] (3.34ns)   --->   "%mul_ln58_570 = mul i26 %sext_ln73_601, i26 %sext_ln73_582" [firmware/nnet_utils/nnet_dense_resource.h:58->firmware/nnet_utils/nnet_dense_resource.h:262->firmware/nnet_utils/nnet_dense_stream.h:24->firmware/nnet_utils/nnet_dense_stream.h:97]   --->   Operation 439 'mul' 'mul_ln58_570' <Predicate = true> <Delay = 3.34> <CoreInst = "Multiplier">   --->   Core 3 'Multiplier' <Latency = 1> <II = 1> <Delay = 3.34> <FuncUnit> <Opcode : 'mul'> <InPorts = 2> <OutPorts = 1>
ST_5 : Operation 440 [1/1] (0.00ns)   --->   "%sext_ln73_602 = sext i16 %w_569" [firmware/nnet_utils/nnet_mult.h:73->firmware/nnet_utils/nnet_dense_resource.h:59->firmware/nnet_utils/nnet_dense_resource.h:262->firmware/nnet_utils/nnet_dense_stream.h:24->firmware/nnet_utils/nnet_dense_stream.h:97]   --->   Operation 440 'sext' 'sext_ln73_602' <Predicate = true> <Delay = 0.00>
ST_5 : Operation 441 [2/2] (3.34ns)   --->   "%mul_ln58_571 = mul i26 %sext_ln73_602, i26 %sext_ln73_584" [firmware/nnet_utils/nnet_dense_resource.h:58->firmware/nnet_utils/nnet_dense_resource.h:262->firmware/nnet_utils/nnet_dense_stream.h:24->firmware/nnet_utils/nnet_dense_stream.h:97]   --->   Operation 441 'mul' 'mul_ln58_571' <Predicate = true> <Delay = 3.34> <CoreInst = "Multiplier">   --->   Core 3 'Multiplier' <Latency = 1> <II = 1> <Delay = 3.34> <FuncUnit> <Opcode : 'mul'> <InPorts = 2> <OutPorts = 1>
ST_5 : Operation 442 [1/1] (0.00ns)   --->   "%sext_ln73_603 = sext i16 %w_570" [firmware/nnet_utils/nnet_mult.h:73->firmware/nnet_utils/nnet_dense_resource.h:59->firmware/nnet_utils/nnet_dense_resource.h:262->firmware/nnet_utils/nnet_dense_stream.h:24->firmware/nnet_utils/nnet_dense_stream.h:97]   --->   Operation 442 'sext' 'sext_ln73_603' <Predicate = true> <Delay = 0.00>
ST_5 : Operation 443 [2/2] (3.34ns)   --->   "%mul_ln58_572 = mul i26 %sext_ln73_603, i26 %sext_ln73_586" [firmware/nnet_utils/nnet_dense_resource.h:58->firmware/nnet_utils/nnet_dense_resource.h:262->firmware/nnet_utils/nnet_dense_stream.h:24->firmware/nnet_utils/nnet_dense_stream.h:97]   --->   Operation 443 'mul' 'mul_ln58_572' <Predicate = true> <Delay = 3.34> <CoreInst = "Multiplier">   --->   Core 3 'Multiplier' <Latency = 1> <II = 1> <Delay = 3.34> <FuncUnit> <Opcode : 'mul'> <InPorts = 2> <OutPorts = 1>
ST_5 : Operation 444 [1/1] (0.00ns)   --->   "%sext_ln73_604 = sext i16 %w_571" [firmware/nnet_utils/nnet_mult.h:73->firmware/nnet_utils/nnet_dense_resource.h:59->firmware/nnet_utils/nnet_dense_resource.h:262->firmware/nnet_utils/nnet_dense_stream.h:24->firmware/nnet_utils/nnet_dense_stream.h:97]   --->   Operation 444 'sext' 'sext_ln73_604' <Predicate = true> <Delay = 0.00>
ST_5 : Operation 445 [2/2] (3.34ns)   --->   "%mul_ln58_573 = mul i26 %sext_ln73_604, i26 %sext_ln73_588" [firmware/nnet_utils/nnet_dense_resource.h:58->firmware/nnet_utils/nnet_dense_resource.h:262->firmware/nnet_utils/nnet_dense_stream.h:24->firmware/nnet_utils/nnet_dense_stream.h:97]   --->   Operation 445 'mul' 'mul_ln58_573' <Predicate = true> <Delay = 3.34> <CoreInst = "Multiplier">   --->   Core 3 'Multiplier' <Latency = 1> <II = 1> <Delay = 3.34> <FuncUnit> <Opcode : 'mul'> <InPorts = 2> <OutPorts = 1>
ST_5 : Operation 446 [1/1] (0.00ns)   --->   "%sext_ln73_605 = sext i16 %w_572" [firmware/nnet_utils/nnet_mult.h:73->firmware/nnet_utils/nnet_dense_resource.h:59->firmware/nnet_utils/nnet_dense_resource.h:262->firmware/nnet_utils/nnet_dense_stream.h:24->firmware/nnet_utils/nnet_dense_stream.h:97]   --->   Operation 446 'sext' 'sext_ln73_605' <Predicate = true> <Delay = 0.00>
ST_5 : Operation 447 [2/2] (3.34ns)   --->   "%mul_ln58_574 = mul i26 %sext_ln73_605, i26 %sext_ln73_574" [firmware/nnet_utils/nnet_dense_resource.h:58->firmware/nnet_utils/nnet_dense_resource.h:262->firmware/nnet_utils/nnet_dense_stream.h:24->firmware/nnet_utils/nnet_dense_stream.h:97]   --->   Operation 447 'mul' 'mul_ln58_574' <Predicate = true> <Delay = 3.34> <CoreInst = "Multiplier">   --->   Core 3 'Multiplier' <Latency = 1> <II = 1> <Delay = 3.34> <FuncUnit> <Opcode : 'mul'> <InPorts = 2> <OutPorts = 1>
ST_5 : Operation 448 [1/1] (0.00ns)   --->   "%sext_ln73_606 = sext i16 %w_573" [firmware/nnet_utils/nnet_mult.h:73->firmware/nnet_utils/nnet_dense_resource.h:59->firmware/nnet_utils/nnet_dense_resource.h:262->firmware/nnet_utils/nnet_dense_stream.h:24->firmware/nnet_utils/nnet_dense_stream.h:97]   --->   Operation 448 'sext' 'sext_ln73_606' <Predicate = true> <Delay = 0.00>
ST_5 : Operation 449 [2/2] (3.34ns)   --->   "%mul_ln58_575 = mul i26 %sext_ln73_606, i26 %sext_ln73_576" [firmware/nnet_utils/nnet_dense_resource.h:58->firmware/nnet_utils/nnet_dense_resource.h:262->firmware/nnet_utils/nnet_dense_stream.h:24->firmware/nnet_utils/nnet_dense_stream.h:97]   --->   Operation 449 'mul' 'mul_ln58_575' <Predicate = true> <Delay = 3.34> <CoreInst = "Multiplier">   --->   Core 3 'Multiplier' <Latency = 1> <II = 1> <Delay = 3.34> <FuncUnit> <Opcode : 'mul'> <InPorts = 2> <OutPorts = 1>
ST_5 : Operation 450 [1/1] (0.00ns)   --->   "%sext_ln73_607 = sext i16 %w_574" [firmware/nnet_utils/nnet_mult.h:73->firmware/nnet_utils/nnet_dense_resource.h:59->firmware/nnet_utils/nnet_dense_resource.h:262->firmware/nnet_utils/nnet_dense_stream.h:24->firmware/nnet_utils/nnet_dense_stream.h:97]   --->   Operation 450 'sext' 'sext_ln73_607' <Predicate = true> <Delay = 0.00>
ST_5 : Operation 451 [2/2] (3.34ns)   --->   "%mul_ln58_576 = mul i26 %sext_ln73_607, i26 %sext_ln73_578" [firmware/nnet_utils/nnet_dense_resource.h:58->firmware/nnet_utils/nnet_dense_resource.h:262->firmware/nnet_utils/nnet_dense_stream.h:24->firmware/nnet_utils/nnet_dense_stream.h:97]   --->   Operation 451 'mul' 'mul_ln58_576' <Predicate = true> <Delay = 3.34> <CoreInst = "Multiplier">   --->   Core 3 'Multiplier' <Latency = 1> <II = 1> <Delay = 3.34> <FuncUnit> <Opcode : 'mul'> <InPorts = 2> <OutPorts = 1>
ST_5 : Operation 452 [1/1] (0.00ns)   --->   "%sext_ln73_608 = sext i16 %w_575" [firmware/nnet_utils/nnet_mult.h:73->firmware/nnet_utils/nnet_dense_resource.h:59->firmware/nnet_utils/nnet_dense_resource.h:262->firmware/nnet_utils/nnet_dense_stream.h:24->firmware/nnet_utils/nnet_dense_stream.h:97]   --->   Operation 452 'sext' 'sext_ln73_608' <Predicate = true> <Delay = 0.00>
ST_5 : Operation 453 [2/2] (3.34ns)   --->   "%mul_ln58_577 = mul i26 %sext_ln73_608, i26 %sext_ln73_580" [firmware/nnet_utils/nnet_dense_resource.h:58->firmware/nnet_utils/nnet_dense_resource.h:262->firmware/nnet_utils/nnet_dense_stream.h:24->firmware/nnet_utils/nnet_dense_stream.h:97]   --->   Operation 453 'mul' 'mul_ln58_577' <Predicate = true> <Delay = 3.34> <CoreInst = "Multiplier">   --->   Core 3 'Multiplier' <Latency = 1> <II = 1> <Delay = 3.34> <FuncUnit> <Opcode : 'mul'> <InPorts = 2> <OutPorts = 1>
ST_5 : Operation 454 [1/1] (0.00ns)   --->   "%sext_ln73_609 = sext i16 %w_576" [firmware/nnet_utils/nnet_mult.h:73->firmware/nnet_utils/nnet_dense_resource.h:59->firmware/nnet_utils/nnet_dense_resource.h:262->firmware/nnet_utils/nnet_dense_stream.h:24->firmware/nnet_utils/nnet_dense_stream.h:97]   --->   Operation 454 'sext' 'sext_ln73_609' <Predicate = true> <Delay = 0.00>
ST_5 : Operation 455 [2/2] (3.34ns)   --->   "%mul_ln58_578 = mul i26 %sext_ln73_609, i26 %sext_ln73_582" [firmware/nnet_utils/nnet_dense_resource.h:58->firmware/nnet_utils/nnet_dense_resource.h:262->firmware/nnet_utils/nnet_dense_stream.h:24->firmware/nnet_utils/nnet_dense_stream.h:97]   --->   Operation 455 'mul' 'mul_ln58_578' <Predicate = true> <Delay = 3.34> <CoreInst = "Multiplier">   --->   Core 3 'Multiplier' <Latency = 1> <II = 1> <Delay = 3.34> <FuncUnit> <Opcode : 'mul'> <InPorts = 2> <OutPorts = 1>
ST_5 : Operation 456 [1/1] (0.00ns)   --->   "%sext_ln73_610 = sext i16 %w_577" [firmware/nnet_utils/nnet_mult.h:73->firmware/nnet_utils/nnet_dense_resource.h:59->firmware/nnet_utils/nnet_dense_resource.h:262->firmware/nnet_utils/nnet_dense_stream.h:24->firmware/nnet_utils/nnet_dense_stream.h:97]   --->   Operation 456 'sext' 'sext_ln73_610' <Predicate = true> <Delay = 0.00>
ST_5 : Operation 457 [2/2] (3.34ns)   --->   "%mul_ln58_579 = mul i26 %sext_ln73_610, i26 %sext_ln73_584" [firmware/nnet_utils/nnet_dense_resource.h:58->firmware/nnet_utils/nnet_dense_resource.h:262->firmware/nnet_utils/nnet_dense_stream.h:24->firmware/nnet_utils/nnet_dense_stream.h:97]   --->   Operation 457 'mul' 'mul_ln58_579' <Predicate = true> <Delay = 3.34> <CoreInst = "Multiplier">   --->   Core 3 'Multiplier' <Latency = 1> <II = 1> <Delay = 3.34> <FuncUnit> <Opcode : 'mul'> <InPorts = 2> <OutPorts = 1>
ST_5 : Operation 458 [1/1] (0.00ns)   --->   "%sext_ln73_611 = sext i16 %w_578" [firmware/nnet_utils/nnet_mult.h:73->firmware/nnet_utils/nnet_dense_resource.h:59->firmware/nnet_utils/nnet_dense_resource.h:262->firmware/nnet_utils/nnet_dense_stream.h:24->firmware/nnet_utils/nnet_dense_stream.h:97]   --->   Operation 458 'sext' 'sext_ln73_611' <Predicate = true> <Delay = 0.00>
ST_5 : Operation 459 [2/2] (3.34ns)   --->   "%mul_ln58_580 = mul i26 %sext_ln73_611, i26 %sext_ln73_586" [firmware/nnet_utils/nnet_dense_resource.h:58->firmware/nnet_utils/nnet_dense_resource.h:262->firmware/nnet_utils/nnet_dense_stream.h:24->firmware/nnet_utils/nnet_dense_stream.h:97]   --->   Operation 459 'mul' 'mul_ln58_580' <Predicate = true> <Delay = 3.34> <CoreInst = "Multiplier">   --->   Core 3 'Multiplier' <Latency = 1> <II = 1> <Delay = 3.34> <FuncUnit> <Opcode : 'mul'> <InPorts = 2> <OutPorts = 1>
ST_5 : Operation 460 [1/1] (0.00ns)   --->   "%sext_ln73_612 = sext i16 %w_579" [firmware/nnet_utils/nnet_mult.h:73->firmware/nnet_utils/nnet_dense_resource.h:59->firmware/nnet_utils/nnet_dense_resource.h:262->firmware/nnet_utils/nnet_dense_stream.h:24->firmware/nnet_utils/nnet_dense_stream.h:97]   --->   Operation 460 'sext' 'sext_ln73_612' <Predicate = true> <Delay = 0.00>
ST_5 : Operation 461 [2/2] (3.34ns)   --->   "%mul_ln58_581 = mul i26 %sext_ln73_612, i26 %sext_ln73_588" [firmware/nnet_utils/nnet_dense_resource.h:58->firmware/nnet_utils/nnet_dense_resource.h:262->firmware/nnet_utils/nnet_dense_stream.h:24->firmware/nnet_utils/nnet_dense_stream.h:97]   --->   Operation 461 'mul' 'mul_ln58_581' <Predicate = true> <Delay = 3.34> <CoreInst = "Multiplier">   --->   Core 3 'Multiplier' <Latency = 1> <II = 1> <Delay = 3.34> <FuncUnit> <Opcode : 'mul'> <InPorts = 2> <OutPorts = 1>
ST_5 : Operation 462 [1/1] (0.00ns)   --->   "%sext_ln73_613 = sext i16 %w_580" [firmware/nnet_utils/nnet_mult.h:73->firmware/nnet_utils/nnet_dense_resource.h:59->firmware/nnet_utils/nnet_dense_resource.h:262->firmware/nnet_utils/nnet_dense_stream.h:24->firmware/nnet_utils/nnet_dense_stream.h:97]   --->   Operation 462 'sext' 'sext_ln73_613' <Predicate = true> <Delay = 0.00>
ST_5 : Operation 463 [2/2] (3.34ns)   --->   "%mul_ln58_582 = mul i26 %sext_ln73_613, i26 %sext_ln73_574" [firmware/nnet_utils/nnet_dense_resource.h:58->firmware/nnet_utils/nnet_dense_resource.h:262->firmware/nnet_utils/nnet_dense_stream.h:24->firmware/nnet_utils/nnet_dense_stream.h:97]   --->   Operation 463 'mul' 'mul_ln58_582' <Predicate = true> <Delay = 3.34> <CoreInst = "Multiplier">   --->   Core 3 'Multiplier' <Latency = 1> <II = 1> <Delay = 3.34> <FuncUnit> <Opcode : 'mul'> <InPorts = 2> <OutPorts = 1>
ST_5 : Operation 464 [1/1] (0.00ns)   --->   "%sext_ln73_614 = sext i16 %w_581" [firmware/nnet_utils/nnet_mult.h:73->firmware/nnet_utils/nnet_dense_resource.h:59->firmware/nnet_utils/nnet_dense_resource.h:262->firmware/nnet_utils/nnet_dense_stream.h:24->firmware/nnet_utils/nnet_dense_stream.h:97]   --->   Operation 464 'sext' 'sext_ln73_614' <Predicate = true> <Delay = 0.00>
ST_5 : Operation 465 [2/2] (3.34ns)   --->   "%mul_ln58_583 = mul i26 %sext_ln73_614, i26 %sext_ln73_576" [firmware/nnet_utils/nnet_dense_resource.h:58->firmware/nnet_utils/nnet_dense_resource.h:262->firmware/nnet_utils/nnet_dense_stream.h:24->firmware/nnet_utils/nnet_dense_stream.h:97]   --->   Operation 465 'mul' 'mul_ln58_583' <Predicate = true> <Delay = 3.34> <CoreInst = "Multiplier">   --->   Core 3 'Multiplier' <Latency = 1> <II = 1> <Delay = 3.34> <FuncUnit> <Opcode : 'mul'> <InPorts = 2> <OutPorts = 1>
ST_5 : Operation 466 [1/1] (0.00ns)   --->   "%sext_ln73_615 = sext i16 %w_582" [firmware/nnet_utils/nnet_mult.h:73->firmware/nnet_utils/nnet_dense_resource.h:59->firmware/nnet_utils/nnet_dense_resource.h:262->firmware/nnet_utils/nnet_dense_stream.h:24->firmware/nnet_utils/nnet_dense_stream.h:97]   --->   Operation 466 'sext' 'sext_ln73_615' <Predicate = true> <Delay = 0.00>
ST_5 : Operation 467 [2/2] (3.34ns)   --->   "%mul_ln58_584 = mul i26 %sext_ln73_615, i26 %sext_ln73_578" [firmware/nnet_utils/nnet_dense_resource.h:58->firmware/nnet_utils/nnet_dense_resource.h:262->firmware/nnet_utils/nnet_dense_stream.h:24->firmware/nnet_utils/nnet_dense_stream.h:97]   --->   Operation 467 'mul' 'mul_ln58_584' <Predicate = true> <Delay = 3.34> <CoreInst = "Multiplier">   --->   Core 3 'Multiplier' <Latency = 1> <II = 1> <Delay = 3.34> <FuncUnit> <Opcode : 'mul'> <InPorts = 2> <OutPorts = 1>
ST_5 : Operation 468 [1/1] (0.00ns)   --->   "%sext_ln73_616 = sext i16 %w_583" [firmware/nnet_utils/nnet_mult.h:73->firmware/nnet_utils/nnet_dense_resource.h:59->firmware/nnet_utils/nnet_dense_resource.h:262->firmware/nnet_utils/nnet_dense_stream.h:24->firmware/nnet_utils/nnet_dense_stream.h:97]   --->   Operation 468 'sext' 'sext_ln73_616' <Predicate = true> <Delay = 0.00>
ST_5 : Operation 469 [2/2] (3.34ns)   --->   "%mul_ln58_585 = mul i26 %sext_ln73_616, i26 %sext_ln73_580" [firmware/nnet_utils/nnet_dense_resource.h:58->firmware/nnet_utils/nnet_dense_resource.h:262->firmware/nnet_utils/nnet_dense_stream.h:24->firmware/nnet_utils/nnet_dense_stream.h:97]   --->   Operation 469 'mul' 'mul_ln58_585' <Predicate = true> <Delay = 3.34> <CoreInst = "Multiplier">   --->   Core 3 'Multiplier' <Latency = 1> <II = 1> <Delay = 3.34> <FuncUnit> <Opcode : 'mul'> <InPorts = 2> <OutPorts = 1>
ST_5 : Operation 470 [1/1] (0.00ns)   --->   "%sext_ln73_617 = sext i16 %w_584" [firmware/nnet_utils/nnet_mult.h:73->firmware/nnet_utils/nnet_dense_resource.h:59->firmware/nnet_utils/nnet_dense_resource.h:262->firmware/nnet_utils/nnet_dense_stream.h:24->firmware/nnet_utils/nnet_dense_stream.h:97]   --->   Operation 470 'sext' 'sext_ln73_617' <Predicate = true> <Delay = 0.00>
ST_5 : Operation 471 [2/2] (3.34ns)   --->   "%mul_ln58_586 = mul i26 %sext_ln73_617, i26 %sext_ln73_582" [firmware/nnet_utils/nnet_dense_resource.h:58->firmware/nnet_utils/nnet_dense_resource.h:262->firmware/nnet_utils/nnet_dense_stream.h:24->firmware/nnet_utils/nnet_dense_stream.h:97]   --->   Operation 471 'mul' 'mul_ln58_586' <Predicate = true> <Delay = 3.34> <CoreInst = "Multiplier">   --->   Core 3 'Multiplier' <Latency = 1> <II = 1> <Delay = 3.34> <FuncUnit> <Opcode : 'mul'> <InPorts = 2> <OutPorts = 1>
ST_5 : Operation 472 [1/1] (0.00ns)   --->   "%sext_ln73_618 = sext i16 %w_585" [firmware/nnet_utils/nnet_mult.h:73->firmware/nnet_utils/nnet_dense_resource.h:59->firmware/nnet_utils/nnet_dense_resource.h:262->firmware/nnet_utils/nnet_dense_stream.h:24->firmware/nnet_utils/nnet_dense_stream.h:97]   --->   Operation 472 'sext' 'sext_ln73_618' <Predicate = true> <Delay = 0.00>
ST_5 : Operation 473 [2/2] (3.34ns)   --->   "%mul_ln58_587 = mul i26 %sext_ln73_618, i26 %sext_ln73_584" [firmware/nnet_utils/nnet_dense_resource.h:58->firmware/nnet_utils/nnet_dense_resource.h:262->firmware/nnet_utils/nnet_dense_stream.h:24->firmware/nnet_utils/nnet_dense_stream.h:97]   --->   Operation 473 'mul' 'mul_ln58_587' <Predicate = true> <Delay = 3.34> <CoreInst = "Multiplier">   --->   Core 3 'Multiplier' <Latency = 1> <II = 1> <Delay = 3.34> <FuncUnit> <Opcode : 'mul'> <InPorts = 2> <OutPorts = 1>
ST_5 : Operation 474 [1/1] (0.00ns)   --->   "%sext_ln73_619 = sext i16 %w_586" [firmware/nnet_utils/nnet_mult.h:73->firmware/nnet_utils/nnet_dense_resource.h:59->firmware/nnet_utils/nnet_dense_resource.h:262->firmware/nnet_utils/nnet_dense_stream.h:24->firmware/nnet_utils/nnet_dense_stream.h:97]   --->   Operation 474 'sext' 'sext_ln73_619' <Predicate = true> <Delay = 0.00>
ST_5 : Operation 475 [2/2] (3.34ns)   --->   "%mul_ln58_588 = mul i26 %sext_ln73_619, i26 %sext_ln73_586" [firmware/nnet_utils/nnet_dense_resource.h:58->firmware/nnet_utils/nnet_dense_resource.h:262->firmware/nnet_utils/nnet_dense_stream.h:24->firmware/nnet_utils/nnet_dense_stream.h:97]   --->   Operation 475 'mul' 'mul_ln58_588' <Predicate = true> <Delay = 3.34> <CoreInst = "Multiplier">   --->   Core 3 'Multiplier' <Latency = 1> <II = 1> <Delay = 3.34> <FuncUnit> <Opcode : 'mul'> <InPorts = 2> <OutPorts = 1>
ST_5 : Operation 476 [1/1] (0.00ns)   --->   "%sext_ln73_620 = sext i16 %w_587" [firmware/nnet_utils/nnet_mult.h:73->firmware/nnet_utils/nnet_dense_resource.h:59->firmware/nnet_utils/nnet_dense_resource.h:262->firmware/nnet_utils/nnet_dense_stream.h:24->firmware/nnet_utils/nnet_dense_stream.h:97]   --->   Operation 476 'sext' 'sext_ln73_620' <Predicate = true> <Delay = 0.00>
ST_5 : Operation 477 [2/2] (3.34ns)   --->   "%mul_ln58_589 = mul i26 %sext_ln73_620, i26 %sext_ln73_588" [firmware/nnet_utils/nnet_dense_resource.h:58->firmware/nnet_utils/nnet_dense_resource.h:262->firmware/nnet_utils/nnet_dense_stream.h:24->firmware/nnet_utils/nnet_dense_stream.h:97]   --->   Operation 477 'mul' 'mul_ln58_589' <Predicate = true> <Delay = 3.34> <CoreInst = "Multiplier">   --->   Core 3 'Multiplier' <Latency = 1> <II = 1> <Delay = 3.34> <FuncUnit> <Opcode : 'mul'> <InPorts = 2> <OutPorts = 1>
ST_5 : Operation 478 [1/1] (0.00ns)   --->   "%sext_ln73_621 = sext i16 %w_588" [firmware/nnet_utils/nnet_mult.h:73->firmware/nnet_utils/nnet_dense_resource.h:59->firmware/nnet_utils/nnet_dense_resource.h:262->firmware/nnet_utils/nnet_dense_stream.h:24->firmware/nnet_utils/nnet_dense_stream.h:97]   --->   Operation 478 'sext' 'sext_ln73_621' <Predicate = true> <Delay = 0.00>
ST_5 : Operation 479 [2/2] (3.34ns)   --->   "%mul_ln58_590 = mul i26 %sext_ln73_621, i26 %sext_ln73_574" [firmware/nnet_utils/nnet_dense_resource.h:58->firmware/nnet_utils/nnet_dense_resource.h:262->firmware/nnet_utils/nnet_dense_stream.h:24->firmware/nnet_utils/nnet_dense_stream.h:97]   --->   Operation 479 'mul' 'mul_ln58_590' <Predicate = true> <Delay = 3.34> <CoreInst = "Multiplier">   --->   Core 3 'Multiplier' <Latency = 1> <II = 1> <Delay = 3.34> <FuncUnit> <Opcode : 'mul'> <InPorts = 2> <OutPorts = 1>
ST_5 : Operation 480 [1/1] (0.00ns)   --->   "%sext_ln73_622 = sext i16 %w_589" [firmware/nnet_utils/nnet_mult.h:73->firmware/nnet_utils/nnet_dense_resource.h:59->firmware/nnet_utils/nnet_dense_resource.h:262->firmware/nnet_utils/nnet_dense_stream.h:24->firmware/nnet_utils/nnet_dense_stream.h:97]   --->   Operation 480 'sext' 'sext_ln73_622' <Predicate = true> <Delay = 0.00>
ST_5 : Operation 481 [2/2] (3.34ns)   --->   "%mul_ln58_591 = mul i26 %sext_ln73_622, i26 %sext_ln73_576" [firmware/nnet_utils/nnet_dense_resource.h:58->firmware/nnet_utils/nnet_dense_resource.h:262->firmware/nnet_utils/nnet_dense_stream.h:24->firmware/nnet_utils/nnet_dense_stream.h:97]   --->   Operation 481 'mul' 'mul_ln58_591' <Predicate = true> <Delay = 3.34> <CoreInst = "Multiplier">   --->   Core 3 'Multiplier' <Latency = 1> <II = 1> <Delay = 3.34> <FuncUnit> <Opcode : 'mul'> <InPorts = 2> <OutPorts = 1>
ST_5 : Operation 482 [1/1] (0.00ns)   --->   "%sext_ln73_623 = sext i16 %w_590" [firmware/nnet_utils/nnet_mult.h:73->firmware/nnet_utils/nnet_dense_resource.h:59->firmware/nnet_utils/nnet_dense_resource.h:262->firmware/nnet_utils/nnet_dense_stream.h:24->firmware/nnet_utils/nnet_dense_stream.h:97]   --->   Operation 482 'sext' 'sext_ln73_623' <Predicate = true> <Delay = 0.00>
ST_5 : Operation 483 [2/2] (3.34ns)   --->   "%mul_ln58_592 = mul i26 %sext_ln73_623, i26 %sext_ln73_578" [firmware/nnet_utils/nnet_dense_resource.h:58->firmware/nnet_utils/nnet_dense_resource.h:262->firmware/nnet_utils/nnet_dense_stream.h:24->firmware/nnet_utils/nnet_dense_stream.h:97]   --->   Operation 483 'mul' 'mul_ln58_592' <Predicate = true> <Delay = 3.34> <CoreInst = "Multiplier">   --->   Core 3 'Multiplier' <Latency = 1> <II = 1> <Delay = 3.34> <FuncUnit> <Opcode : 'mul'> <InPorts = 2> <OutPorts = 1>
ST_5 : Operation 484 [1/1] (0.00ns)   --->   "%sext_ln73_624 = sext i16 %w_591" [firmware/nnet_utils/nnet_mult.h:73->firmware/nnet_utils/nnet_dense_resource.h:59->firmware/nnet_utils/nnet_dense_resource.h:262->firmware/nnet_utils/nnet_dense_stream.h:24->firmware/nnet_utils/nnet_dense_stream.h:97]   --->   Operation 484 'sext' 'sext_ln73_624' <Predicate = true> <Delay = 0.00>
ST_5 : Operation 485 [2/2] (3.34ns)   --->   "%mul_ln58_593 = mul i26 %sext_ln73_624, i26 %sext_ln73_580" [firmware/nnet_utils/nnet_dense_resource.h:58->firmware/nnet_utils/nnet_dense_resource.h:262->firmware/nnet_utils/nnet_dense_stream.h:24->firmware/nnet_utils/nnet_dense_stream.h:97]   --->   Operation 485 'mul' 'mul_ln58_593' <Predicate = true> <Delay = 3.34> <CoreInst = "Multiplier">   --->   Core 3 'Multiplier' <Latency = 1> <II = 1> <Delay = 3.34> <FuncUnit> <Opcode : 'mul'> <InPorts = 2> <OutPorts = 1>
ST_5 : Operation 486 [1/1] (0.00ns)   --->   "%sext_ln73_625 = sext i16 %w_592" [firmware/nnet_utils/nnet_mult.h:73->firmware/nnet_utils/nnet_dense_resource.h:59->firmware/nnet_utils/nnet_dense_resource.h:262->firmware/nnet_utils/nnet_dense_stream.h:24->firmware/nnet_utils/nnet_dense_stream.h:97]   --->   Operation 486 'sext' 'sext_ln73_625' <Predicate = true> <Delay = 0.00>
ST_5 : Operation 487 [2/2] (3.34ns)   --->   "%mul_ln58_594 = mul i26 %sext_ln73_625, i26 %sext_ln73_582" [firmware/nnet_utils/nnet_dense_resource.h:58->firmware/nnet_utils/nnet_dense_resource.h:262->firmware/nnet_utils/nnet_dense_stream.h:24->firmware/nnet_utils/nnet_dense_stream.h:97]   --->   Operation 487 'mul' 'mul_ln58_594' <Predicate = true> <Delay = 3.34> <CoreInst = "Multiplier">   --->   Core 3 'Multiplier' <Latency = 1> <II = 1> <Delay = 3.34> <FuncUnit> <Opcode : 'mul'> <InPorts = 2> <OutPorts = 1>
ST_5 : Operation 488 [1/1] (0.00ns)   --->   "%sext_ln73_626 = sext i16 %w_593" [firmware/nnet_utils/nnet_mult.h:73->firmware/nnet_utils/nnet_dense_resource.h:59->firmware/nnet_utils/nnet_dense_resource.h:262->firmware/nnet_utils/nnet_dense_stream.h:24->firmware/nnet_utils/nnet_dense_stream.h:97]   --->   Operation 488 'sext' 'sext_ln73_626' <Predicate = true> <Delay = 0.00>
ST_5 : Operation 489 [2/2] (3.34ns)   --->   "%mul_ln58_595 = mul i26 %sext_ln73_626, i26 %sext_ln73_584" [firmware/nnet_utils/nnet_dense_resource.h:58->firmware/nnet_utils/nnet_dense_resource.h:262->firmware/nnet_utils/nnet_dense_stream.h:24->firmware/nnet_utils/nnet_dense_stream.h:97]   --->   Operation 489 'mul' 'mul_ln58_595' <Predicate = true> <Delay = 3.34> <CoreInst = "Multiplier">   --->   Core 3 'Multiplier' <Latency = 1> <II = 1> <Delay = 3.34> <FuncUnit> <Opcode : 'mul'> <InPorts = 2> <OutPorts = 1>
ST_5 : Operation 490 [1/1] (0.00ns)   --->   "%sext_ln73_627 = sext i16 %w_594" [firmware/nnet_utils/nnet_mult.h:73->firmware/nnet_utils/nnet_dense_resource.h:59->firmware/nnet_utils/nnet_dense_resource.h:262->firmware/nnet_utils/nnet_dense_stream.h:24->firmware/nnet_utils/nnet_dense_stream.h:97]   --->   Operation 490 'sext' 'sext_ln73_627' <Predicate = true> <Delay = 0.00>
ST_5 : Operation 491 [2/2] (3.34ns)   --->   "%mul_ln58_596 = mul i26 %sext_ln73_627, i26 %sext_ln73_586" [firmware/nnet_utils/nnet_dense_resource.h:58->firmware/nnet_utils/nnet_dense_resource.h:262->firmware/nnet_utils/nnet_dense_stream.h:24->firmware/nnet_utils/nnet_dense_stream.h:97]   --->   Operation 491 'mul' 'mul_ln58_596' <Predicate = true> <Delay = 3.34> <CoreInst = "Multiplier">   --->   Core 3 'Multiplier' <Latency = 1> <II = 1> <Delay = 3.34> <FuncUnit> <Opcode : 'mul'> <InPorts = 2> <OutPorts = 1>
ST_5 : Operation 492 [1/1] (0.00ns)   --->   "%sext_ln73_628 = sext i16 %w_595" [firmware/nnet_utils/nnet_mult.h:73->firmware/nnet_utils/nnet_dense_resource.h:59->firmware/nnet_utils/nnet_dense_resource.h:262->firmware/nnet_utils/nnet_dense_stream.h:24->firmware/nnet_utils/nnet_dense_stream.h:97]   --->   Operation 492 'sext' 'sext_ln73_628' <Predicate = true> <Delay = 0.00>
ST_5 : Operation 493 [2/2] (3.34ns)   --->   "%mul_ln58_597 = mul i26 %sext_ln73_628, i26 %sext_ln73_588" [firmware/nnet_utils/nnet_dense_resource.h:58->firmware/nnet_utils/nnet_dense_resource.h:262->firmware/nnet_utils/nnet_dense_stream.h:24->firmware/nnet_utils/nnet_dense_stream.h:97]   --->   Operation 493 'mul' 'mul_ln58_597' <Predicate = true> <Delay = 3.34> <CoreInst = "Multiplier">   --->   Core 3 'Multiplier' <Latency = 1> <II = 1> <Delay = 3.34> <FuncUnit> <Opcode : 'mul'> <InPorts = 2> <OutPorts = 1>
ST_5 : Operation 494 [1/1] (0.00ns)   --->   "%sext_ln73_629 = sext i16 %w_596" [firmware/nnet_utils/nnet_mult.h:73->firmware/nnet_utils/nnet_dense_resource.h:59->firmware/nnet_utils/nnet_dense_resource.h:262->firmware/nnet_utils/nnet_dense_stream.h:24->firmware/nnet_utils/nnet_dense_stream.h:97]   --->   Operation 494 'sext' 'sext_ln73_629' <Predicate = true> <Delay = 0.00>
ST_5 : Operation 495 [2/2] (3.34ns)   --->   "%mul_ln58_598 = mul i26 %sext_ln73_629, i26 %sext_ln73_574" [firmware/nnet_utils/nnet_dense_resource.h:58->firmware/nnet_utils/nnet_dense_resource.h:262->firmware/nnet_utils/nnet_dense_stream.h:24->firmware/nnet_utils/nnet_dense_stream.h:97]   --->   Operation 495 'mul' 'mul_ln58_598' <Predicate = true> <Delay = 3.34> <CoreInst = "Multiplier">   --->   Core 3 'Multiplier' <Latency = 1> <II = 1> <Delay = 3.34> <FuncUnit> <Opcode : 'mul'> <InPorts = 2> <OutPorts = 1>
ST_5 : Operation 496 [1/1] (0.00ns)   --->   "%sext_ln73_630 = sext i16 %w_597" [firmware/nnet_utils/nnet_mult.h:73->firmware/nnet_utils/nnet_dense_resource.h:59->firmware/nnet_utils/nnet_dense_resource.h:262->firmware/nnet_utils/nnet_dense_stream.h:24->firmware/nnet_utils/nnet_dense_stream.h:97]   --->   Operation 496 'sext' 'sext_ln73_630' <Predicate = true> <Delay = 0.00>
ST_5 : Operation 497 [2/2] (3.34ns)   --->   "%mul_ln58_599 = mul i26 %sext_ln73_630, i26 %sext_ln73_576" [firmware/nnet_utils/nnet_dense_resource.h:58->firmware/nnet_utils/nnet_dense_resource.h:262->firmware/nnet_utils/nnet_dense_stream.h:24->firmware/nnet_utils/nnet_dense_stream.h:97]   --->   Operation 497 'mul' 'mul_ln58_599' <Predicate = true> <Delay = 3.34> <CoreInst = "Multiplier">   --->   Core 3 'Multiplier' <Latency = 1> <II = 1> <Delay = 3.34> <FuncUnit> <Opcode : 'mul'> <InPorts = 2> <OutPorts = 1>
ST_5 : Operation 498 [1/1] (0.00ns)   --->   "%sext_ln73_631 = sext i16 %w_598" [firmware/nnet_utils/nnet_mult.h:73->firmware/nnet_utils/nnet_dense_resource.h:59->firmware/nnet_utils/nnet_dense_resource.h:262->firmware/nnet_utils/nnet_dense_stream.h:24->firmware/nnet_utils/nnet_dense_stream.h:97]   --->   Operation 498 'sext' 'sext_ln73_631' <Predicate = true> <Delay = 0.00>
ST_5 : Operation 499 [2/2] (3.34ns)   --->   "%mul_ln58_600 = mul i26 %sext_ln73_631, i26 %sext_ln73_578" [firmware/nnet_utils/nnet_dense_resource.h:58->firmware/nnet_utils/nnet_dense_resource.h:262->firmware/nnet_utils/nnet_dense_stream.h:24->firmware/nnet_utils/nnet_dense_stream.h:97]   --->   Operation 499 'mul' 'mul_ln58_600' <Predicate = true> <Delay = 3.34> <CoreInst = "Multiplier">   --->   Core 3 'Multiplier' <Latency = 1> <II = 1> <Delay = 3.34> <FuncUnit> <Opcode : 'mul'> <InPorts = 2> <OutPorts = 1>
ST_5 : Operation 500 [1/1] (0.00ns)   --->   "%sext_ln73_632 = sext i16 %w_599" [firmware/nnet_utils/nnet_mult.h:73->firmware/nnet_utils/nnet_dense_resource.h:59->firmware/nnet_utils/nnet_dense_resource.h:262->firmware/nnet_utils/nnet_dense_stream.h:24->firmware/nnet_utils/nnet_dense_stream.h:97]   --->   Operation 500 'sext' 'sext_ln73_632' <Predicate = true> <Delay = 0.00>
ST_5 : Operation 501 [2/2] (3.34ns)   --->   "%mul_ln58_601 = mul i26 %sext_ln73_632, i26 %sext_ln73_580" [firmware/nnet_utils/nnet_dense_resource.h:58->firmware/nnet_utils/nnet_dense_resource.h:262->firmware/nnet_utils/nnet_dense_stream.h:24->firmware/nnet_utils/nnet_dense_stream.h:97]   --->   Operation 501 'mul' 'mul_ln58_601' <Predicate = true> <Delay = 3.34> <CoreInst = "Multiplier">   --->   Core 3 'Multiplier' <Latency = 1> <II = 1> <Delay = 3.34> <FuncUnit> <Opcode : 'mul'> <InPorts = 2> <OutPorts = 1>
ST_5 : Operation 502 [1/1] (0.00ns)   --->   "%sext_ln73_633 = sext i16 %w_600" [firmware/nnet_utils/nnet_mult.h:73->firmware/nnet_utils/nnet_dense_resource.h:59->firmware/nnet_utils/nnet_dense_resource.h:262->firmware/nnet_utils/nnet_dense_stream.h:24->firmware/nnet_utils/nnet_dense_stream.h:97]   --->   Operation 502 'sext' 'sext_ln73_633' <Predicate = true> <Delay = 0.00>
ST_5 : Operation 503 [2/2] (3.34ns)   --->   "%mul_ln58_602 = mul i26 %sext_ln73_633, i26 %sext_ln73_582" [firmware/nnet_utils/nnet_dense_resource.h:58->firmware/nnet_utils/nnet_dense_resource.h:262->firmware/nnet_utils/nnet_dense_stream.h:24->firmware/nnet_utils/nnet_dense_stream.h:97]   --->   Operation 503 'mul' 'mul_ln58_602' <Predicate = true> <Delay = 3.34> <CoreInst = "Multiplier">   --->   Core 3 'Multiplier' <Latency = 1> <II = 1> <Delay = 3.34> <FuncUnit> <Opcode : 'mul'> <InPorts = 2> <OutPorts = 1>
ST_5 : Operation 504 [1/1] (0.00ns)   --->   "%sext_ln73_634 = sext i16 %w_601" [firmware/nnet_utils/nnet_mult.h:73->firmware/nnet_utils/nnet_dense_resource.h:59->firmware/nnet_utils/nnet_dense_resource.h:262->firmware/nnet_utils/nnet_dense_stream.h:24->firmware/nnet_utils/nnet_dense_stream.h:97]   --->   Operation 504 'sext' 'sext_ln73_634' <Predicate = true> <Delay = 0.00>
ST_5 : Operation 505 [2/2] (3.34ns)   --->   "%mul_ln58_603 = mul i26 %sext_ln73_634, i26 %sext_ln73_584" [firmware/nnet_utils/nnet_dense_resource.h:58->firmware/nnet_utils/nnet_dense_resource.h:262->firmware/nnet_utils/nnet_dense_stream.h:24->firmware/nnet_utils/nnet_dense_stream.h:97]   --->   Operation 505 'mul' 'mul_ln58_603' <Predicate = true> <Delay = 3.34> <CoreInst = "Multiplier">   --->   Core 3 'Multiplier' <Latency = 1> <II = 1> <Delay = 3.34> <FuncUnit> <Opcode : 'mul'> <InPorts = 2> <OutPorts = 1>
ST_5 : Operation 506 [1/1] (0.00ns)   --->   "%sext_ln73_635 = sext i16 %w_602" [firmware/nnet_utils/nnet_mult.h:73->firmware/nnet_utils/nnet_dense_resource.h:59->firmware/nnet_utils/nnet_dense_resource.h:262->firmware/nnet_utils/nnet_dense_stream.h:24->firmware/nnet_utils/nnet_dense_stream.h:97]   --->   Operation 506 'sext' 'sext_ln73_635' <Predicate = true> <Delay = 0.00>
ST_5 : Operation 507 [2/2] (3.34ns)   --->   "%mul_ln58_604 = mul i26 %sext_ln73_635, i26 %sext_ln73_586" [firmware/nnet_utils/nnet_dense_resource.h:58->firmware/nnet_utils/nnet_dense_resource.h:262->firmware/nnet_utils/nnet_dense_stream.h:24->firmware/nnet_utils/nnet_dense_stream.h:97]   --->   Operation 507 'mul' 'mul_ln58_604' <Predicate = true> <Delay = 3.34> <CoreInst = "Multiplier">   --->   Core 3 'Multiplier' <Latency = 1> <II = 1> <Delay = 3.34> <FuncUnit> <Opcode : 'mul'> <InPorts = 2> <OutPorts = 1>
ST_5 : Operation 508 [1/1] (0.00ns)   --->   "%sext_ln73_636 = sext i16 %w_603" [firmware/nnet_utils/nnet_mult.h:73->firmware/nnet_utils/nnet_dense_resource.h:59->firmware/nnet_utils/nnet_dense_resource.h:262->firmware/nnet_utils/nnet_dense_stream.h:24->firmware/nnet_utils/nnet_dense_stream.h:97]   --->   Operation 508 'sext' 'sext_ln73_636' <Predicate = true> <Delay = 0.00>
ST_5 : Operation 509 [2/2] (3.34ns)   --->   "%mul_ln58_605 = mul i26 %sext_ln73_636, i26 %sext_ln73_588" [firmware/nnet_utils/nnet_dense_resource.h:58->firmware/nnet_utils/nnet_dense_resource.h:262->firmware/nnet_utils/nnet_dense_stream.h:24->firmware/nnet_utils/nnet_dense_stream.h:97]   --->   Operation 509 'mul' 'mul_ln58_605' <Predicate = true> <Delay = 3.34> <CoreInst = "Multiplier">   --->   Core 3 'Multiplier' <Latency = 1> <II = 1> <Delay = 3.34> <FuncUnit> <Opcode : 'mul'> <InPorts = 2> <OutPorts = 1>
ST_5 : Operation 510 [1/1] (0.00ns)   --->   "%sext_ln73_637 = sext i16 %w_604" [firmware/nnet_utils/nnet_mult.h:73->firmware/nnet_utils/nnet_dense_resource.h:59->firmware/nnet_utils/nnet_dense_resource.h:262->firmware/nnet_utils/nnet_dense_stream.h:24->firmware/nnet_utils/nnet_dense_stream.h:97]   --->   Operation 510 'sext' 'sext_ln73_637' <Predicate = true> <Delay = 0.00>
ST_5 : Operation 511 [2/2] (3.34ns)   --->   "%mul_ln58_606 = mul i26 %sext_ln73_637, i26 %sext_ln73_574" [firmware/nnet_utils/nnet_dense_resource.h:58->firmware/nnet_utils/nnet_dense_resource.h:262->firmware/nnet_utils/nnet_dense_stream.h:24->firmware/nnet_utils/nnet_dense_stream.h:97]   --->   Operation 511 'mul' 'mul_ln58_606' <Predicate = true> <Delay = 3.34> <CoreInst = "Multiplier">   --->   Core 3 'Multiplier' <Latency = 1> <II = 1> <Delay = 3.34> <FuncUnit> <Opcode : 'mul'> <InPorts = 2> <OutPorts = 1>
ST_5 : Operation 512 [1/1] (0.00ns)   --->   "%sext_ln73_638 = sext i16 %w_605" [firmware/nnet_utils/nnet_mult.h:73->firmware/nnet_utils/nnet_dense_resource.h:59->firmware/nnet_utils/nnet_dense_resource.h:262->firmware/nnet_utils/nnet_dense_stream.h:24->firmware/nnet_utils/nnet_dense_stream.h:97]   --->   Operation 512 'sext' 'sext_ln73_638' <Predicate = true> <Delay = 0.00>
ST_5 : Operation 513 [2/2] (3.34ns)   --->   "%mul_ln58_607 = mul i26 %sext_ln73_638, i26 %sext_ln73_576" [firmware/nnet_utils/nnet_dense_resource.h:58->firmware/nnet_utils/nnet_dense_resource.h:262->firmware/nnet_utils/nnet_dense_stream.h:24->firmware/nnet_utils/nnet_dense_stream.h:97]   --->   Operation 513 'mul' 'mul_ln58_607' <Predicate = true> <Delay = 3.34> <CoreInst = "Multiplier">   --->   Core 3 'Multiplier' <Latency = 1> <II = 1> <Delay = 3.34> <FuncUnit> <Opcode : 'mul'> <InPorts = 2> <OutPorts = 1>
ST_5 : Operation 514 [1/1] (0.00ns)   --->   "%sext_ln73_639 = sext i16 %w_606" [firmware/nnet_utils/nnet_mult.h:73->firmware/nnet_utils/nnet_dense_resource.h:59->firmware/nnet_utils/nnet_dense_resource.h:262->firmware/nnet_utils/nnet_dense_stream.h:24->firmware/nnet_utils/nnet_dense_stream.h:97]   --->   Operation 514 'sext' 'sext_ln73_639' <Predicate = true> <Delay = 0.00>
ST_5 : Operation 515 [2/2] (3.34ns)   --->   "%mul_ln58_608 = mul i26 %sext_ln73_639, i26 %sext_ln73_578" [firmware/nnet_utils/nnet_dense_resource.h:58->firmware/nnet_utils/nnet_dense_resource.h:262->firmware/nnet_utils/nnet_dense_stream.h:24->firmware/nnet_utils/nnet_dense_stream.h:97]   --->   Operation 515 'mul' 'mul_ln58_608' <Predicate = true> <Delay = 3.34> <CoreInst = "Multiplier">   --->   Core 3 'Multiplier' <Latency = 1> <II = 1> <Delay = 3.34> <FuncUnit> <Opcode : 'mul'> <InPorts = 2> <OutPorts = 1>
ST_5 : Operation 516 [1/1] (0.00ns)   --->   "%sext_ln73_640 = sext i16 %w_607" [firmware/nnet_utils/nnet_mult.h:73->firmware/nnet_utils/nnet_dense_resource.h:59->firmware/nnet_utils/nnet_dense_resource.h:262->firmware/nnet_utils/nnet_dense_stream.h:24->firmware/nnet_utils/nnet_dense_stream.h:97]   --->   Operation 516 'sext' 'sext_ln73_640' <Predicate = true> <Delay = 0.00>
ST_5 : Operation 517 [2/2] (3.34ns)   --->   "%mul_ln58_609 = mul i26 %sext_ln73_640, i26 %sext_ln73_580" [firmware/nnet_utils/nnet_dense_resource.h:58->firmware/nnet_utils/nnet_dense_resource.h:262->firmware/nnet_utils/nnet_dense_stream.h:24->firmware/nnet_utils/nnet_dense_stream.h:97]   --->   Operation 517 'mul' 'mul_ln58_609' <Predicate = true> <Delay = 3.34> <CoreInst = "Multiplier">   --->   Core 3 'Multiplier' <Latency = 1> <II = 1> <Delay = 3.34> <FuncUnit> <Opcode : 'mul'> <InPorts = 2> <OutPorts = 1>
ST_5 : Operation 518 [1/1] (0.00ns)   --->   "%sext_ln73_641 = sext i16 %w_608" [firmware/nnet_utils/nnet_mult.h:73->firmware/nnet_utils/nnet_dense_resource.h:59->firmware/nnet_utils/nnet_dense_resource.h:262->firmware/nnet_utils/nnet_dense_stream.h:24->firmware/nnet_utils/nnet_dense_stream.h:97]   --->   Operation 518 'sext' 'sext_ln73_641' <Predicate = true> <Delay = 0.00>
ST_5 : Operation 519 [2/2] (3.34ns)   --->   "%mul_ln58_610 = mul i26 %sext_ln73_641, i26 %sext_ln73_582" [firmware/nnet_utils/nnet_dense_resource.h:58->firmware/nnet_utils/nnet_dense_resource.h:262->firmware/nnet_utils/nnet_dense_stream.h:24->firmware/nnet_utils/nnet_dense_stream.h:97]   --->   Operation 519 'mul' 'mul_ln58_610' <Predicate = true> <Delay = 3.34> <CoreInst = "Multiplier">   --->   Core 3 'Multiplier' <Latency = 1> <II = 1> <Delay = 3.34> <FuncUnit> <Opcode : 'mul'> <InPorts = 2> <OutPorts = 1>
ST_5 : Operation 520 [1/1] (0.00ns)   --->   "%sext_ln73_642 = sext i16 %w_609" [firmware/nnet_utils/nnet_mult.h:73->firmware/nnet_utils/nnet_dense_resource.h:59->firmware/nnet_utils/nnet_dense_resource.h:262->firmware/nnet_utils/nnet_dense_stream.h:24->firmware/nnet_utils/nnet_dense_stream.h:97]   --->   Operation 520 'sext' 'sext_ln73_642' <Predicate = true> <Delay = 0.00>
ST_5 : Operation 521 [2/2] (3.34ns)   --->   "%mul_ln58_611 = mul i26 %sext_ln73_642, i26 %sext_ln73_584" [firmware/nnet_utils/nnet_dense_resource.h:58->firmware/nnet_utils/nnet_dense_resource.h:262->firmware/nnet_utils/nnet_dense_stream.h:24->firmware/nnet_utils/nnet_dense_stream.h:97]   --->   Operation 521 'mul' 'mul_ln58_611' <Predicate = true> <Delay = 3.34> <CoreInst = "Multiplier">   --->   Core 3 'Multiplier' <Latency = 1> <II = 1> <Delay = 3.34> <FuncUnit> <Opcode : 'mul'> <InPorts = 2> <OutPorts = 1>
ST_5 : Operation 522 [1/1] (0.00ns)   --->   "%sext_ln73_643 = sext i16 %w_610" [firmware/nnet_utils/nnet_mult.h:73->firmware/nnet_utils/nnet_dense_resource.h:59->firmware/nnet_utils/nnet_dense_resource.h:262->firmware/nnet_utils/nnet_dense_stream.h:24->firmware/nnet_utils/nnet_dense_stream.h:97]   --->   Operation 522 'sext' 'sext_ln73_643' <Predicate = true> <Delay = 0.00>
ST_5 : Operation 523 [2/2] (3.34ns)   --->   "%mul_ln58_612 = mul i26 %sext_ln73_643, i26 %sext_ln73_586" [firmware/nnet_utils/nnet_dense_resource.h:58->firmware/nnet_utils/nnet_dense_resource.h:262->firmware/nnet_utils/nnet_dense_stream.h:24->firmware/nnet_utils/nnet_dense_stream.h:97]   --->   Operation 523 'mul' 'mul_ln58_612' <Predicate = true> <Delay = 3.34> <CoreInst = "Multiplier">   --->   Core 3 'Multiplier' <Latency = 1> <II = 1> <Delay = 3.34> <FuncUnit> <Opcode : 'mul'> <InPorts = 2> <OutPorts = 1>
ST_5 : Operation 524 [1/1] (0.00ns)   --->   "%sext_ln73_644 = sext i16 %w_611" [firmware/nnet_utils/nnet_mult.h:73->firmware/nnet_utils/nnet_dense_resource.h:59->firmware/nnet_utils/nnet_dense_resource.h:262->firmware/nnet_utils/nnet_dense_stream.h:24->firmware/nnet_utils/nnet_dense_stream.h:97]   --->   Operation 524 'sext' 'sext_ln73_644' <Predicate = true> <Delay = 0.00>
ST_5 : Operation 525 [2/2] (3.34ns)   --->   "%mul_ln58_613 = mul i26 %sext_ln73_644, i26 %sext_ln73_588" [firmware/nnet_utils/nnet_dense_resource.h:58->firmware/nnet_utils/nnet_dense_resource.h:262->firmware/nnet_utils/nnet_dense_stream.h:24->firmware/nnet_utils/nnet_dense_stream.h:97]   --->   Operation 525 'mul' 'mul_ln58_613' <Predicate = true> <Delay = 3.34> <CoreInst = "Multiplier">   --->   Core 3 'Multiplier' <Latency = 1> <II = 1> <Delay = 3.34> <FuncUnit> <Opcode : 'mul'> <InPorts = 2> <OutPorts = 1>
ST_5 : Operation 526 [1/1] (0.00ns)   --->   "%sext_ln73_645 = sext i16 %w_612" [firmware/nnet_utils/nnet_mult.h:73->firmware/nnet_utils/nnet_dense_resource.h:59->firmware/nnet_utils/nnet_dense_resource.h:262->firmware/nnet_utils/nnet_dense_stream.h:24->firmware/nnet_utils/nnet_dense_stream.h:97]   --->   Operation 526 'sext' 'sext_ln73_645' <Predicate = true> <Delay = 0.00>
ST_5 : Operation 527 [2/2] (3.34ns)   --->   "%mul_ln58_614 = mul i26 %sext_ln73_645, i26 %sext_ln73_574" [firmware/nnet_utils/nnet_dense_resource.h:58->firmware/nnet_utils/nnet_dense_resource.h:262->firmware/nnet_utils/nnet_dense_stream.h:24->firmware/nnet_utils/nnet_dense_stream.h:97]   --->   Operation 527 'mul' 'mul_ln58_614' <Predicate = true> <Delay = 3.34> <CoreInst = "Multiplier">   --->   Core 3 'Multiplier' <Latency = 1> <II = 1> <Delay = 3.34> <FuncUnit> <Opcode : 'mul'> <InPorts = 2> <OutPorts = 1>
ST_5 : Operation 528 [1/1] (0.00ns)   --->   "%sext_ln73_646 = sext i16 %w_613" [firmware/nnet_utils/nnet_mult.h:73->firmware/nnet_utils/nnet_dense_resource.h:59->firmware/nnet_utils/nnet_dense_resource.h:262->firmware/nnet_utils/nnet_dense_stream.h:24->firmware/nnet_utils/nnet_dense_stream.h:97]   --->   Operation 528 'sext' 'sext_ln73_646' <Predicate = true> <Delay = 0.00>
ST_5 : Operation 529 [2/2] (3.34ns)   --->   "%mul_ln58_615 = mul i26 %sext_ln73_646, i26 %sext_ln73_576" [firmware/nnet_utils/nnet_dense_resource.h:58->firmware/nnet_utils/nnet_dense_resource.h:262->firmware/nnet_utils/nnet_dense_stream.h:24->firmware/nnet_utils/nnet_dense_stream.h:97]   --->   Operation 529 'mul' 'mul_ln58_615' <Predicate = true> <Delay = 3.34> <CoreInst = "Multiplier">   --->   Core 3 'Multiplier' <Latency = 1> <II = 1> <Delay = 3.34> <FuncUnit> <Opcode : 'mul'> <InPorts = 2> <OutPorts = 1>
ST_5 : Operation 530 [1/1] (0.00ns)   --->   "%sext_ln73_647 = sext i16 %w_614" [firmware/nnet_utils/nnet_mult.h:73->firmware/nnet_utils/nnet_dense_resource.h:59->firmware/nnet_utils/nnet_dense_resource.h:262->firmware/nnet_utils/nnet_dense_stream.h:24->firmware/nnet_utils/nnet_dense_stream.h:97]   --->   Operation 530 'sext' 'sext_ln73_647' <Predicate = true> <Delay = 0.00>
ST_5 : Operation 531 [2/2] (3.34ns)   --->   "%mul_ln58_616 = mul i26 %sext_ln73_647, i26 %sext_ln73_578" [firmware/nnet_utils/nnet_dense_resource.h:58->firmware/nnet_utils/nnet_dense_resource.h:262->firmware/nnet_utils/nnet_dense_stream.h:24->firmware/nnet_utils/nnet_dense_stream.h:97]   --->   Operation 531 'mul' 'mul_ln58_616' <Predicate = true> <Delay = 3.34> <CoreInst = "Multiplier">   --->   Core 3 'Multiplier' <Latency = 1> <II = 1> <Delay = 3.34> <FuncUnit> <Opcode : 'mul'> <InPorts = 2> <OutPorts = 1>
ST_5 : Operation 532 [1/1] (0.00ns)   --->   "%sext_ln73_648 = sext i16 %w_615" [firmware/nnet_utils/nnet_mult.h:73->firmware/nnet_utils/nnet_dense_resource.h:59->firmware/nnet_utils/nnet_dense_resource.h:262->firmware/nnet_utils/nnet_dense_stream.h:24->firmware/nnet_utils/nnet_dense_stream.h:97]   --->   Operation 532 'sext' 'sext_ln73_648' <Predicate = true> <Delay = 0.00>
ST_5 : Operation 533 [2/2] (3.34ns)   --->   "%mul_ln58_617 = mul i26 %sext_ln73_648, i26 %sext_ln73_580" [firmware/nnet_utils/nnet_dense_resource.h:58->firmware/nnet_utils/nnet_dense_resource.h:262->firmware/nnet_utils/nnet_dense_stream.h:24->firmware/nnet_utils/nnet_dense_stream.h:97]   --->   Operation 533 'mul' 'mul_ln58_617' <Predicate = true> <Delay = 3.34> <CoreInst = "Multiplier">   --->   Core 3 'Multiplier' <Latency = 1> <II = 1> <Delay = 3.34> <FuncUnit> <Opcode : 'mul'> <InPorts = 2> <OutPorts = 1>
ST_5 : Operation 534 [1/1] (0.00ns)   --->   "%sext_ln73_649 = sext i16 %w_616" [firmware/nnet_utils/nnet_mult.h:73->firmware/nnet_utils/nnet_dense_resource.h:59->firmware/nnet_utils/nnet_dense_resource.h:262->firmware/nnet_utils/nnet_dense_stream.h:24->firmware/nnet_utils/nnet_dense_stream.h:97]   --->   Operation 534 'sext' 'sext_ln73_649' <Predicate = true> <Delay = 0.00>
ST_5 : Operation 535 [2/2] (3.34ns)   --->   "%mul_ln58_618 = mul i26 %sext_ln73_649, i26 %sext_ln73_582" [firmware/nnet_utils/nnet_dense_resource.h:58->firmware/nnet_utils/nnet_dense_resource.h:262->firmware/nnet_utils/nnet_dense_stream.h:24->firmware/nnet_utils/nnet_dense_stream.h:97]   --->   Operation 535 'mul' 'mul_ln58_618' <Predicate = true> <Delay = 3.34> <CoreInst = "Multiplier">   --->   Core 3 'Multiplier' <Latency = 1> <II = 1> <Delay = 3.34> <FuncUnit> <Opcode : 'mul'> <InPorts = 2> <OutPorts = 1>
ST_5 : Operation 536 [1/1] (0.00ns)   --->   "%sext_ln73_650 = sext i16 %w_617" [firmware/nnet_utils/nnet_mult.h:73->firmware/nnet_utils/nnet_dense_resource.h:59->firmware/nnet_utils/nnet_dense_resource.h:262->firmware/nnet_utils/nnet_dense_stream.h:24->firmware/nnet_utils/nnet_dense_stream.h:97]   --->   Operation 536 'sext' 'sext_ln73_650' <Predicate = true> <Delay = 0.00>
ST_5 : Operation 537 [2/2] (3.34ns)   --->   "%mul_ln58_619 = mul i26 %sext_ln73_650, i26 %sext_ln73_584" [firmware/nnet_utils/nnet_dense_resource.h:58->firmware/nnet_utils/nnet_dense_resource.h:262->firmware/nnet_utils/nnet_dense_stream.h:24->firmware/nnet_utils/nnet_dense_stream.h:97]   --->   Operation 537 'mul' 'mul_ln58_619' <Predicate = true> <Delay = 3.34> <CoreInst = "Multiplier">   --->   Core 3 'Multiplier' <Latency = 1> <II = 1> <Delay = 3.34> <FuncUnit> <Opcode : 'mul'> <InPorts = 2> <OutPorts = 1>
ST_5 : Operation 538 [1/1] (0.00ns)   --->   "%sext_ln73_651 = sext i16 %w_618" [firmware/nnet_utils/nnet_mult.h:73->firmware/nnet_utils/nnet_dense_resource.h:59->firmware/nnet_utils/nnet_dense_resource.h:262->firmware/nnet_utils/nnet_dense_stream.h:24->firmware/nnet_utils/nnet_dense_stream.h:97]   --->   Operation 538 'sext' 'sext_ln73_651' <Predicate = true> <Delay = 0.00>
ST_5 : Operation 539 [2/2] (3.34ns)   --->   "%mul_ln58_620 = mul i26 %sext_ln73_651, i26 %sext_ln73_586" [firmware/nnet_utils/nnet_dense_resource.h:58->firmware/nnet_utils/nnet_dense_resource.h:262->firmware/nnet_utils/nnet_dense_stream.h:24->firmware/nnet_utils/nnet_dense_stream.h:97]   --->   Operation 539 'mul' 'mul_ln58_620' <Predicate = true> <Delay = 3.34> <CoreInst = "Multiplier">   --->   Core 3 'Multiplier' <Latency = 1> <II = 1> <Delay = 3.34> <FuncUnit> <Opcode : 'mul'> <InPorts = 2> <OutPorts = 1>
ST_5 : Operation 540 [1/1] (0.00ns)   --->   "%sext_ln73_652 = sext i16 %w_619" [firmware/nnet_utils/nnet_mult.h:73->firmware/nnet_utils/nnet_dense_resource.h:59->firmware/nnet_utils/nnet_dense_resource.h:262->firmware/nnet_utils/nnet_dense_stream.h:24->firmware/nnet_utils/nnet_dense_stream.h:97]   --->   Operation 540 'sext' 'sext_ln73_652' <Predicate = true> <Delay = 0.00>
ST_5 : Operation 541 [2/2] (3.34ns)   --->   "%mul_ln58_621 = mul i26 %sext_ln73_652, i26 %sext_ln73_588" [firmware/nnet_utils/nnet_dense_resource.h:58->firmware/nnet_utils/nnet_dense_resource.h:262->firmware/nnet_utils/nnet_dense_stream.h:24->firmware/nnet_utils/nnet_dense_stream.h:97]   --->   Operation 541 'mul' 'mul_ln58_621' <Predicate = true> <Delay = 3.34> <CoreInst = "Multiplier">   --->   Core 3 'Multiplier' <Latency = 1> <II = 1> <Delay = 3.34> <FuncUnit> <Opcode : 'mul'> <InPorts = 2> <OutPorts = 1>
ST_5 : Operation 542 [1/1] (0.00ns)   --->   "%sext_ln73_653 = sext i16 %w_620" [firmware/nnet_utils/nnet_mult.h:73->firmware/nnet_utils/nnet_dense_resource.h:59->firmware/nnet_utils/nnet_dense_resource.h:262->firmware/nnet_utils/nnet_dense_stream.h:24->firmware/nnet_utils/nnet_dense_stream.h:97]   --->   Operation 542 'sext' 'sext_ln73_653' <Predicate = true> <Delay = 0.00>
ST_5 : Operation 543 [2/2] (3.34ns)   --->   "%mul_ln58_622 = mul i26 %sext_ln73_653, i26 %sext_ln73_574" [firmware/nnet_utils/nnet_dense_resource.h:58->firmware/nnet_utils/nnet_dense_resource.h:262->firmware/nnet_utils/nnet_dense_stream.h:24->firmware/nnet_utils/nnet_dense_stream.h:97]   --->   Operation 543 'mul' 'mul_ln58_622' <Predicate = true> <Delay = 3.34> <CoreInst = "Multiplier">   --->   Core 3 'Multiplier' <Latency = 1> <II = 1> <Delay = 3.34> <FuncUnit> <Opcode : 'mul'> <InPorts = 2> <OutPorts = 1>
ST_5 : Operation 544 [1/1] (0.00ns)   --->   "%sext_ln73_654 = sext i16 %w_621" [firmware/nnet_utils/nnet_mult.h:73->firmware/nnet_utils/nnet_dense_resource.h:59->firmware/nnet_utils/nnet_dense_resource.h:262->firmware/nnet_utils/nnet_dense_stream.h:24->firmware/nnet_utils/nnet_dense_stream.h:97]   --->   Operation 544 'sext' 'sext_ln73_654' <Predicate = true> <Delay = 0.00>
ST_5 : Operation 545 [2/2] (3.34ns)   --->   "%mul_ln58_623 = mul i26 %sext_ln73_654, i26 %sext_ln73_576" [firmware/nnet_utils/nnet_dense_resource.h:58->firmware/nnet_utils/nnet_dense_resource.h:262->firmware/nnet_utils/nnet_dense_stream.h:24->firmware/nnet_utils/nnet_dense_stream.h:97]   --->   Operation 545 'mul' 'mul_ln58_623' <Predicate = true> <Delay = 3.34> <CoreInst = "Multiplier">   --->   Core 3 'Multiplier' <Latency = 1> <II = 1> <Delay = 3.34> <FuncUnit> <Opcode : 'mul'> <InPorts = 2> <OutPorts = 1>
ST_5 : Operation 546 [1/1] (0.00ns)   --->   "%sext_ln73_655 = sext i16 %w_622" [firmware/nnet_utils/nnet_mult.h:73->firmware/nnet_utils/nnet_dense_resource.h:59->firmware/nnet_utils/nnet_dense_resource.h:262->firmware/nnet_utils/nnet_dense_stream.h:24->firmware/nnet_utils/nnet_dense_stream.h:97]   --->   Operation 546 'sext' 'sext_ln73_655' <Predicate = true> <Delay = 0.00>
ST_5 : Operation 547 [2/2] (3.34ns)   --->   "%mul_ln58_624 = mul i26 %sext_ln73_655, i26 %sext_ln73_578" [firmware/nnet_utils/nnet_dense_resource.h:58->firmware/nnet_utils/nnet_dense_resource.h:262->firmware/nnet_utils/nnet_dense_stream.h:24->firmware/nnet_utils/nnet_dense_stream.h:97]   --->   Operation 547 'mul' 'mul_ln58_624' <Predicate = true> <Delay = 3.34> <CoreInst = "Multiplier">   --->   Core 3 'Multiplier' <Latency = 1> <II = 1> <Delay = 3.34> <FuncUnit> <Opcode : 'mul'> <InPorts = 2> <OutPorts = 1>
ST_5 : Operation 548 [1/1] (0.00ns)   --->   "%sext_ln73_656 = sext i16 %w_623" [firmware/nnet_utils/nnet_mult.h:73->firmware/nnet_utils/nnet_dense_resource.h:59->firmware/nnet_utils/nnet_dense_resource.h:262->firmware/nnet_utils/nnet_dense_stream.h:24->firmware/nnet_utils/nnet_dense_stream.h:97]   --->   Operation 548 'sext' 'sext_ln73_656' <Predicate = true> <Delay = 0.00>
ST_5 : Operation 549 [2/2] (3.34ns)   --->   "%mul_ln58_625 = mul i26 %sext_ln73_656, i26 %sext_ln73_580" [firmware/nnet_utils/nnet_dense_resource.h:58->firmware/nnet_utils/nnet_dense_resource.h:262->firmware/nnet_utils/nnet_dense_stream.h:24->firmware/nnet_utils/nnet_dense_stream.h:97]   --->   Operation 549 'mul' 'mul_ln58_625' <Predicate = true> <Delay = 3.34> <CoreInst = "Multiplier">   --->   Core 3 'Multiplier' <Latency = 1> <II = 1> <Delay = 3.34> <FuncUnit> <Opcode : 'mul'> <InPorts = 2> <OutPorts = 1>
ST_5 : Operation 550 [1/1] (0.00ns)   --->   "%sext_ln73_657 = sext i16 %w_624" [firmware/nnet_utils/nnet_mult.h:73->firmware/nnet_utils/nnet_dense_resource.h:59->firmware/nnet_utils/nnet_dense_resource.h:262->firmware/nnet_utils/nnet_dense_stream.h:24->firmware/nnet_utils/nnet_dense_stream.h:97]   --->   Operation 550 'sext' 'sext_ln73_657' <Predicate = true> <Delay = 0.00>
ST_5 : Operation 551 [2/2] (3.34ns)   --->   "%mul_ln58_626 = mul i26 %sext_ln73_657, i26 %sext_ln73_582" [firmware/nnet_utils/nnet_dense_resource.h:58->firmware/nnet_utils/nnet_dense_resource.h:262->firmware/nnet_utils/nnet_dense_stream.h:24->firmware/nnet_utils/nnet_dense_stream.h:97]   --->   Operation 551 'mul' 'mul_ln58_626' <Predicate = true> <Delay = 3.34> <CoreInst = "Multiplier">   --->   Core 3 'Multiplier' <Latency = 1> <II = 1> <Delay = 3.34> <FuncUnit> <Opcode : 'mul'> <InPorts = 2> <OutPorts = 1>
ST_5 : Operation 552 [1/1] (0.00ns)   --->   "%sext_ln73_658 = sext i16 %w_625" [firmware/nnet_utils/nnet_mult.h:73->firmware/nnet_utils/nnet_dense_resource.h:59->firmware/nnet_utils/nnet_dense_resource.h:262->firmware/nnet_utils/nnet_dense_stream.h:24->firmware/nnet_utils/nnet_dense_stream.h:97]   --->   Operation 552 'sext' 'sext_ln73_658' <Predicate = true> <Delay = 0.00>
ST_5 : Operation 553 [2/2] (3.34ns)   --->   "%mul_ln58_627 = mul i26 %sext_ln73_658, i26 %sext_ln73_584" [firmware/nnet_utils/nnet_dense_resource.h:58->firmware/nnet_utils/nnet_dense_resource.h:262->firmware/nnet_utils/nnet_dense_stream.h:24->firmware/nnet_utils/nnet_dense_stream.h:97]   --->   Operation 553 'mul' 'mul_ln58_627' <Predicate = true> <Delay = 3.34> <CoreInst = "Multiplier">   --->   Core 3 'Multiplier' <Latency = 1> <II = 1> <Delay = 3.34> <FuncUnit> <Opcode : 'mul'> <InPorts = 2> <OutPorts = 1>
ST_5 : Operation 554 [1/1] (0.00ns)   --->   "%sext_ln73_659 = sext i16 %w_626" [firmware/nnet_utils/nnet_mult.h:73->firmware/nnet_utils/nnet_dense_resource.h:59->firmware/nnet_utils/nnet_dense_resource.h:262->firmware/nnet_utils/nnet_dense_stream.h:24->firmware/nnet_utils/nnet_dense_stream.h:97]   --->   Operation 554 'sext' 'sext_ln73_659' <Predicate = true> <Delay = 0.00>
ST_5 : Operation 555 [2/2] (3.34ns)   --->   "%mul_ln58_628 = mul i26 %sext_ln73_659, i26 %sext_ln73_586" [firmware/nnet_utils/nnet_dense_resource.h:58->firmware/nnet_utils/nnet_dense_resource.h:262->firmware/nnet_utils/nnet_dense_stream.h:24->firmware/nnet_utils/nnet_dense_stream.h:97]   --->   Operation 555 'mul' 'mul_ln58_628' <Predicate = true> <Delay = 3.34> <CoreInst = "Multiplier">   --->   Core 3 'Multiplier' <Latency = 1> <II = 1> <Delay = 3.34> <FuncUnit> <Opcode : 'mul'> <InPorts = 2> <OutPorts = 1>
ST_5 : Operation 556 [1/1] (0.00ns)   --->   "%sext_ln73_660 = sext i16 %w_627" [firmware/nnet_utils/nnet_mult.h:73->firmware/nnet_utils/nnet_dense_resource.h:59->firmware/nnet_utils/nnet_dense_resource.h:262->firmware/nnet_utils/nnet_dense_stream.h:24->firmware/nnet_utils/nnet_dense_stream.h:97]   --->   Operation 556 'sext' 'sext_ln73_660' <Predicate = true> <Delay = 0.00>
ST_5 : Operation 557 [2/2] (3.34ns)   --->   "%mul_ln58_629 = mul i26 %sext_ln73_660, i26 %sext_ln73_588" [firmware/nnet_utils/nnet_dense_resource.h:58->firmware/nnet_utils/nnet_dense_resource.h:262->firmware/nnet_utils/nnet_dense_stream.h:24->firmware/nnet_utils/nnet_dense_stream.h:97]   --->   Operation 557 'mul' 'mul_ln58_629' <Predicate = true> <Delay = 3.34> <CoreInst = "Multiplier">   --->   Core 3 'Multiplier' <Latency = 1> <II = 1> <Delay = 3.34> <FuncUnit> <Opcode : 'mul'> <InPorts = 2> <OutPorts = 1>
ST_5 : Operation 558 [1/1] (0.00ns)   --->   "%sext_ln73_661 = sext i16 %w_628" [firmware/nnet_utils/nnet_mult.h:73->firmware/nnet_utils/nnet_dense_resource.h:59->firmware/nnet_utils/nnet_dense_resource.h:262->firmware/nnet_utils/nnet_dense_stream.h:24->firmware/nnet_utils/nnet_dense_stream.h:97]   --->   Operation 558 'sext' 'sext_ln73_661' <Predicate = true> <Delay = 0.00>
ST_5 : Operation 559 [2/2] (3.34ns)   --->   "%mul_ln58_630 = mul i26 %sext_ln73_661, i26 %sext_ln73_574" [firmware/nnet_utils/nnet_dense_resource.h:58->firmware/nnet_utils/nnet_dense_resource.h:262->firmware/nnet_utils/nnet_dense_stream.h:24->firmware/nnet_utils/nnet_dense_stream.h:97]   --->   Operation 559 'mul' 'mul_ln58_630' <Predicate = true> <Delay = 3.34> <CoreInst = "Multiplier">   --->   Core 3 'Multiplier' <Latency = 1> <II = 1> <Delay = 3.34> <FuncUnit> <Opcode : 'mul'> <InPorts = 2> <OutPorts = 1>
ST_5 : Operation 560 [1/1] (0.00ns)   --->   "%sext_ln73_662 = sext i16 %w_629" [firmware/nnet_utils/nnet_mult.h:73->firmware/nnet_utils/nnet_dense_resource.h:59->firmware/nnet_utils/nnet_dense_resource.h:262->firmware/nnet_utils/nnet_dense_stream.h:24->firmware/nnet_utils/nnet_dense_stream.h:97]   --->   Operation 560 'sext' 'sext_ln73_662' <Predicate = true> <Delay = 0.00>
ST_5 : Operation 561 [2/2] (3.34ns)   --->   "%mul_ln58_631 = mul i26 %sext_ln73_662, i26 %sext_ln73_576" [firmware/nnet_utils/nnet_dense_resource.h:58->firmware/nnet_utils/nnet_dense_resource.h:262->firmware/nnet_utils/nnet_dense_stream.h:24->firmware/nnet_utils/nnet_dense_stream.h:97]   --->   Operation 561 'mul' 'mul_ln58_631' <Predicate = true> <Delay = 3.34> <CoreInst = "Multiplier">   --->   Core 3 'Multiplier' <Latency = 1> <II = 1> <Delay = 3.34> <FuncUnit> <Opcode : 'mul'> <InPorts = 2> <OutPorts = 1>
ST_5 : Operation 562 [1/1] (0.00ns)   --->   "%sext_ln73_663 = sext i16 %w_630" [firmware/nnet_utils/nnet_mult.h:73->firmware/nnet_utils/nnet_dense_resource.h:59->firmware/nnet_utils/nnet_dense_resource.h:262->firmware/nnet_utils/nnet_dense_stream.h:24->firmware/nnet_utils/nnet_dense_stream.h:97]   --->   Operation 562 'sext' 'sext_ln73_663' <Predicate = true> <Delay = 0.00>
ST_5 : Operation 563 [2/2] (3.34ns)   --->   "%mul_ln58_632 = mul i26 %sext_ln73_663, i26 %sext_ln73_578" [firmware/nnet_utils/nnet_dense_resource.h:58->firmware/nnet_utils/nnet_dense_resource.h:262->firmware/nnet_utils/nnet_dense_stream.h:24->firmware/nnet_utils/nnet_dense_stream.h:97]   --->   Operation 563 'mul' 'mul_ln58_632' <Predicate = true> <Delay = 3.34> <CoreInst = "Multiplier">   --->   Core 3 'Multiplier' <Latency = 1> <II = 1> <Delay = 3.34> <FuncUnit> <Opcode : 'mul'> <InPorts = 2> <OutPorts = 1>
ST_5 : Operation 564 [1/1] (0.00ns)   --->   "%sext_ln73_664 = sext i16 %w_631" [firmware/nnet_utils/nnet_mult.h:73->firmware/nnet_utils/nnet_dense_resource.h:59->firmware/nnet_utils/nnet_dense_resource.h:262->firmware/nnet_utils/nnet_dense_stream.h:24->firmware/nnet_utils/nnet_dense_stream.h:97]   --->   Operation 564 'sext' 'sext_ln73_664' <Predicate = true> <Delay = 0.00>
ST_5 : Operation 565 [2/2] (3.34ns)   --->   "%mul_ln58_633 = mul i26 %sext_ln73_664, i26 %sext_ln73_580" [firmware/nnet_utils/nnet_dense_resource.h:58->firmware/nnet_utils/nnet_dense_resource.h:262->firmware/nnet_utils/nnet_dense_stream.h:24->firmware/nnet_utils/nnet_dense_stream.h:97]   --->   Operation 565 'mul' 'mul_ln58_633' <Predicate = true> <Delay = 3.34> <CoreInst = "Multiplier">   --->   Core 3 'Multiplier' <Latency = 1> <II = 1> <Delay = 3.34> <FuncUnit> <Opcode : 'mul'> <InPorts = 2> <OutPorts = 1>
ST_5 : Operation 566 [1/1] (0.00ns)   --->   "%sext_ln73_665 = sext i16 %w_632" [firmware/nnet_utils/nnet_mult.h:73->firmware/nnet_utils/nnet_dense_resource.h:59->firmware/nnet_utils/nnet_dense_resource.h:262->firmware/nnet_utils/nnet_dense_stream.h:24->firmware/nnet_utils/nnet_dense_stream.h:97]   --->   Operation 566 'sext' 'sext_ln73_665' <Predicate = true> <Delay = 0.00>
ST_5 : Operation 567 [2/2] (3.34ns)   --->   "%mul_ln58_634 = mul i26 %sext_ln73_665, i26 %sext_ln73_582" [firmware/nnet_utils/nnet_dense_resource.h:58->firmware/nnet_utils/nnet_dense_resource.h:262->firmware/nnet_utils/nnet_dense_stream.h:24->firmware/nnet_utils/nnet_dense_stream.h:97]   --->   Operation 567 'mul' 'mul_ln58_634' <Predicate = true> <Delay = 3.34> <CoreInst = "Multiplier">   --->   Core 3 'Multiplier' <Latency = 1> <II = 1> <Delay = 3.34> <FuncUnit> <Opcode : 'mul'> <InPorts = 2> <OutPorts = 1>
ST_5 : Operation 568 [1/1] (0.00ns)   --->   "%sext_ln73_666 = sext i16 %w_633" [firmware/nnet_utils/nnet_mult.h:73->firmware/nnet_utils/nnet_dense_resource.h:59->firmware/nnet_utils/nnet_dense_resource.h:262->firmware/nnet_utils/nnet_dense_stream.h:24->firmware/nnet_utils/nnet_dense_stream.h:97]   --->   Operation 568 'sext' 'sext_ln73_666' <Predicate = true> <Delay = 0.00>
ST_5 : Operation 569 [2/2] (3.34ns)   --->   "%mul_ln58_635 = mul i26 %sext_ln73_666, i26 %sext_ln73_584" [firmware/nnet_utils/nnet_dense_resource.h:58->firmware/nnet_utils/nnet_dense_resource.h:262->firmware/nnet_utils/nnet_dense_stream.h:24->firmware/nnet_utils/nnet_dense_stream.h:97]   --->   Operation 569 'mul' 'mul_ln58_635' <Predicate = true> <Delay = 3.34> <CoreInst = "Multiplier">   --->   Core 3 'Multiplier' <Latency = 1> <II = 1> <Delay = 3.34> <FuncUnit> <Opcode : 'mul'> <InPorts = 2> <OutPorts = 1>
ST_5 : Operation 570 [1/1] (0.00ns)   --->   "%sext_ln73_667 = sext i16 %w_634" [firmware/nnet_utils/nnet_mult.h:73->firmware/nnet_utils/nnet_dense_resource.h:59->firmware/nnet_utils/nnet_dense_resource.h:262->firmware/nnet_utils/nnet_dense_stream.h:24->firmware/nnet_utils/nnet_dense_stream.h:97]   --->   Operation 570 'sext' 'sext_ln73_667' <Predicate = true> <Delay = 0.00>
ST_5 : Operation 571 [2/2] (3.34ns)   --->   "%mul_ln58_636 = mul i26 %sext_ln73_667, i26 %sext_ln73_586" [firmware/nnet_utils/nnet_dense_resource.h:58->firmware/nnet_utils/nnet_dense_resource.h:262->firmware/nnet_utils/nnet_dense_stream.h:24->firmware/nnet_utils/nnet_dense_stream.h:97]   --->   Operation 571 'mul' 'mul_ln58_636' <Predicate = true> <Delay = 3.34> <CoreInst = "Multiplier">   --->   Core 3 'Multiplier' <Latency = 1> <II = 1> <Delay = 3.34> <FuncUnit> <Opcode : 'mul'> <InPorts = 2> <OutPorts = 1>
ST_5 : Operation 572 [1/1] (0.00ns)   --->   "%sext_ln73_668 = sext i16 %w_635" [firmware/nnet_utils/nnet_mult.h:73->firmware/nnet_utils/nnet_dense_resource.h:59->firmware/nnet_utils/nnet_dense_resource.h:262->firmware/nnet_utils/nnet_dense_stream.h:24->firmware/nnet_utils/nnet_dense_stream.h:97]   --->   Operation 572 'sext' 'sext_ln73_668' <Predicate = true> <Delay = 0.00>
ST_5 : Operation 573 [2/2] (3.34ns)   --->   "%mul_ln58_637 = mul i26 %sext_ln73_668, i26 %sext_ln73_588" [firmware/nnet_utils/nnet_dense_resource.h:58->firmware/nnet_utils/nnet_dense_resource.h:262->firmware/nnet_utils/nnet_dense_stream.h:24->firmware/nnet_utils/nnet_dense_stream.h:97]   --->   Operation 573 'mul' 'mul_ln58_637' <Predicate = true> <Delay = 3.34> <CoreInst = "Multiplier">   --->   Core 3 'Multiplier' <Latency = 1> <II = 1> <Delay = 3.34> <FuncUnit> <Opcode : 'mul'> <InPorts = 2> <OutPorts = 1>
ST_5 : Operation 574 [1/1] (0.00ns)   --->   "%sext_ln73_669 = sext i16 %w_636" [firmware/nnet_utils/nnet_mult.h:73->firmware/nnet_utils/nnet_dense_resource.h:59->firmware/nnet_utils/nnet_dense_resource.h:262->firmware/nnet_utils/nnet_dense_stream.h:24->firmware/nnet_utils/nnet_dense_stream.h:97]   --->   Operation 574 'sext' 'sext_ln73_669' <Predicate = true> <Delay = 0.00>
ST_5 : Operation 575 [2/2] (3.34ns)   --->   "%mul_ln58_638 = mul i26 %sext_ln73_669, i26 %sext_ln73_574" [firmware/nnet_utils/nnet_dense_resource.h:58->firmware/nnet_utils/nnet_dense_resource.h:262->firmware/nnet_utils/nnet_dense_stream.h:24->firmware/nnet_utils/nnet_dense_stream.h:97]   --->   Operation 575 'mul' 'mul_ln58_638' <Predicate = true> <Delay = 3.34> <CoreInst = "Multiplier">   --->   Core 3 'Multiplier' <Latency = 1> <II = 1> <Delay = 3.34> <FuncUnit> <Opcode : 'mul'> <InPorts = 2> <OutPorts = 1>
ST_5 : Operation 576 [1/1] (0.00ns)   --->   "%sext_ln73_670 = sext i16 %w_637" [firmware/nnet_utils/nnet_mult.h:73->firmware/nnet_utils/nnet_dense_resource.h:59->firmware/nnet_utils/nnet_dense_resource.h:262->firmware/nnet_utils/nnet_dense_stream.h:24->firmware/nnet_utils/nnet_dense_stream.h:97]   --->   Operation 576 'sext' 'sext_ln73_670' <Predicate = true> <Delay = 0.00>
ST_5 : Operation 577 [2/2] (3.34ns)   --->   "%mul_ln58_639 = mul i26 %sext_ln73_670, i26 %sext_ln73_576" [firmware/nnet_utils/nnet_dense_resource.h:58->firmware/nnet_utils/nnet_dense_resource.h:262->firmware/nnet_utils/nnet_dense_stream.h:24->firmware/nnet_utils/nnet_dense_stream.h:97]   --->   Operation 577 'mul' 'mul_ln58_639' <Predicate = true> <Delay = 3.34> <CoreInst = "Multiplier">   --->   Core 3 'Multiplier' <Latency = 1> <II = 1> <Delay = 3.34> <FuncUnit> <Opcode : 'mul'> <InPorts = 2> <OutPorts = 1>
ST_5 : Operation 578 [1/1] (0.00ns)   --->   "%sext_ln73_671 = sext i16 %w_638" [firmware/nnet_utils/nnet_mult.h:73->firmware/nnet_utils/nnet_dense_resource.h:59->firmware/nnet_utils/nnet_dense_resource.h:262->firmware/nnet_utils/nnet_dense_stream.h:24->firmware/nnet_utils/nnet_dense_stream.h:97]   --->   Operation 578 'sext' 'sext_ln73_671' <Predicate = true> <Delay = 0.00>
ST_5 : Operation 579 [2/2] (3.34ns)   --->   "%mul_ln58_640 = mul i26 %sext_ln73_671, i26 %sext_ln73_578" [firmware/nnet_utils/nnet_dense_resource.h:58->firmware/nnet_utils/nnet_dense_resource.h:262->firmware/nnet_utils/nnet_dense_stream.h:24->firmware/nnet_utils/nnet_dense_stream.h:97]   --->   Operation 579 'mul' 'mul_ln58_640' <Predicate = true> <Delay = 3.34> <CoreInst = "Multiplier">   --->   Core 3 'Multiplier' <Latency = 1> <II = 1> <Delay = 3.34> <FuncUnit> <Opcode : 'mul'> <InPorts = 2> <OutPorts = 1>
ST_5 : Operation 580 [1/1] (0.00ns)   --->   "%sext_ln73_672 = sext i16 %w_639" [firmware/nnet_utils/nnet_mult.h:73->firmware/nnet_utils/nnet_dense_resource.h:59->firmware/nnet_utils/nnet_dense_resource.h:262->firmware/nnet_utils/nnet_dense_stream.h:24->firmware/nnet_utils/nnet_dense_stream.h:97]   --->   Operation 580 'sext' 'sext_ln73_672' <Predicate = true> <Delay = 0.00>
ST_5 : Operation 581 [2/2] (3.34ns)   --->   "%mul_ln58_641 = mul i26 %sext_ln73_672, i26 %sext_ln73_580" [firmware/nnet_utils/nnet_dense_resource.h:58->firmware/nnet_utils/nnet_dense_resource.h:262->firmware/nnet_utils/nnet_dense_stream.h:24->firmware/nnet_utils/nnet_dense_stream.h:97]   --->   Operation 581 'mul' 'mul_ln58_641' <Predicate = true> <Delay = 3.34> <CoreInst = "Multiplier">   --->   Core 3 'Multiplier' <Latency = 1> <II = 1> <Delay = 3.34> <FuncUnit> <Opcode : 'mul'> <InPorts = 2> <OutPorts = 1>
ST_5 : Operation 582 [1/1] (0.00ns)   --->   "%sext_ln73_673 = sext i16 %w_640" [firmware/nnet_utils/nnet_mult.h:73->firmware/nnet_utils/nnet_dense_resource.h:59->firmware/nnet_utils/nnet_dense_resource.h:262->firmware/nnet_utils/nnet_dense_stream.h:24->firmware/nnet_utils/nnet_dense_stream.h:97]   --->   Operation 582 'sext' 'sext_ln73_673' <Predicate = true> <Delay = 0.00>
ST_5 : Operation 583 [2/2] (3.34ns)   --->   "%mul_ln58_642 = mul i26 %sext_ln73_673, i26 %sext_ln73_582" [firmware/nnet_utils/nnet_dense_resource.h:58->firmware/nnet_utils/nnet_dense_resource.h:262->firmware/nnet_utils/nnet_dense_stream.h:24->firmware/nnet_utils/nnet_dense_stream.h:97]   --->   Operation 583 'mul' 'mul_ln58_642' <Predicate = true> <Delay = 3.34> <CoreInst = "Multiplier">   --->   Core 3 'Multiplier' <Latency = 1> <II = 1> <Delay = 3.34> <FuncUnit> <Opcode : 'mul'> <InPorts = 2> <OutPorts = 1>
ST_5 : Operation 584 [1/1] (0.00ns)   --->   "%sext_ln73_674 = sext i16 %w_641" [firmware/nnet_utils/nnet_mult.h:73->firmware/nnet_utils/nnet_dense_resource.h:59->firmware/nnet_utils/nnet_dense_resource.h:262->firmware/nnet_utils/nnet_dense_stream.h:24->firmware/nnet_utils/nnet_dense_stream.h:97]   --->   Operation 584 'sext' 'sext_ln73_674' <Predicate = true> <Delay = 0.00>
ST_5 : Operation 585 [2/2] (3.34ns)   --->   "%mul_ln58_643 = mul i26 %sext_ln73_674, i26 %sext_ln73_584" [firmware/nnet_utils/nnet_dense_resource.h:58->firmware/nnet_utils/nnet_dense_resource.h:262->firmware/nnet_utils/nnet_dense_stream.h:24->firmware/nnet_utils/nnet_dense_stream.h:97]   --->   Operation 585 'mul' 'mul_ln58_643' <Predicate = true> <Delay = 3.34> <CoreInst = "Multiplier">   --->   Core 3 'Multiplier' <Latency = 1> <II = 1> <Delay = 3.34> <FuncUnit> <Opcode : 'mul'> <InPorts = 2> <OutPorts = 1>
ST_5 : Operation 586 [1/1] (0.00ns)   --->   "%sext_ln73_675 = sext i16 %w_642" [firmware/nnet_utils/nnet_mult.h:73->firmware/nnet_utils/nnet_dense_resource.h:59->firmware/nnet_utils/nnet_dense_resource.h:262->firmware/nnet_utils/nnet_dense_stream.h:24->firmware/nnet_utils/nnet_dense_stream.h:97]   --->   Operation 586 'sext' 'sext_ln73_675' <Predicate = true> <Delay = 0.00>
ST_5 : Operation 587 [2/2] (3.34ns)   --->   "%mul_ln58_644 = mul i26 %sext_ln73_675, i26 %sext_ln73_586" [firmware/nnet_utils/nnet_dense_resource.h:58->firmware/nnet_utils/nnet_dense_resource.h:262->firmware/nnet_utils/nnet_dense_stream.h:24->firmware/nnet_utils/nnet_dense_stream.h:97]   --->   Operation 587 'mul' 'mul_ln58_644' <Predicate = true> <Delay = 3.34> <CoreInst = "Multiplier">   --->   Core 3 'Multiplier' <Latency = 1> <II = 1> <Delay = 3.34> <FuncUnit> <Opcode : 'mul'> <InPorts = 2> <OutPorts = 1>
ST_5 : Operation 588 [1/1] (0.00ns)   --->   "%sext_ln73_676 = sext i16 %w_643" [firmware/nnet_utils/nnet_mult.h:73->firmware/nnet_utils/nnet_dense_resource.h:59->firmware/nnet_utils/nnet_dense_resource.h:262->firmware/nnet_utils/nnet_dense_stream.h:24->firmware/nnet_utils/nnet_dense_stream.h:97]   --->   Operation 588 'sext' 'sext_ln73_676' <Predicate = true> <Delay = 0.00>
ST_5 : Operation 589 [2/2] (3.34ns)   --->   "%mul_ln58_645 = mul i26 %sext_ln73_676, i26 %sext_ln73_588" [firmware/nnet_utils/nnet_dense_resource.h:58->firmware/nnet_utils/nnet_dense_resource.h:262->firmware/nnet_utils/nnet_dense_stream.h:24->firmware/nnet_utils/nnet_dense_stream.h:97]   --->   Operation 589 'mul' 'mul_ln58_645' <Predicate = true> <Delay = 3.34> <CoreInst = "Multiplier">   --->   Core 3 'Multiplier' <Latency = 1> <II = 1> <Delay = 3.34> <FuncUnit> <Opcode : 'mul'> <InPorts = 2> <OutPorts = 1>
ST_5 : Operation 590 [1/1] (0.00ns)   --->   "%sext_ln73_677 = sext i16 %w_644" [firmware/nnet_utils/nnet_mult.h:73->firmware/nnet_utils/nnet_dense_resource.h:59->firmware/nnet_utils/nnet_dense_resource.h:262->firmware/nnet_utils/nnet_dense_stream.h:24->firmware/nnet_utils/nnet_dense_stream.h:97]   --->   Operation 590 'sext' 'sext_ln73_677' <Predicate = true> <Delay = 0.00>
ST_5 : Operation 591 [2/2] (3.34ns)   --->   "%mul_ln58_646 = mul i26 %sext_ln73_677, i26 %sext_ln73_574" [firmware/nnet_utils/nnet_dense_resource.h:58->firmware/nnet_utils/nnet_dense_resource.h:262->firmware/nnet_utils/nnet_dense_stream.h:24->firmware/nnet_utils/nnet_dense_stream.h:97]   --->   Operation 591 'mul' 'mul_ln58_646' <Predicate = true> <Delay = 3.34> <CoreInst = "Multiplier">   --->   Core 3 'Multiplier' <Latency = 1> <II = 1> <Delay = 3.34> <FuncUnit> <Opcode : 'mul'> <InPorts = 2> <OutPorts = 1>
ST_5 : Operation 592 [1/1] (0.00ns)   --->   "%sext_ln73_678 = sext i16 %w_645" [firmware/nnet_utils/nnet_mult.h:73->firmware/nnet_utils/nnet_dense_resource.h:59->firmware/nnet_utils/nnet_dense_resource.h:262->firmware/nnet_utils/nnet_dense_stream.h:24->firmware/nnet_utils/nnet_dense_stream.h:97]   --->   Operation 592 'sext' 'sext_ln73_678' <Predicate = true> <Delay = 0.00>
ST_5 : Operation 593 [2/2] (3.34ns)   --->   "%mul_ln58_647 = mul i26 %sext_ln73_678, i26 %sext_ln73_576" [firmware/nnet_utils/nnet_dense_resource.h:58->firmware/nnet_utils/nnet_dense_resource.h:262->firmware/nnet_utils/nnet_dense_stream.h:24->firmware/nnet_utils/nnet_dense_stream.h:97]   --->   Operation 593 'mul' 'mul_ln58_647' <Predicate = true> <Delay = 3.34> <CoreInst = "Multiplier">   --->   Core 3 'Multiplier' <Latency = 1> <II = 1> <Delay = 3.34> <FuncUnit> <Opcode : 'mul'> <InPorts = 2> <OutPorts = 1>
ST_5 : Operation 594 [1/1] (0.00ns)   --->   "%sext_ln73_679 = sext i16 %w_646" [firmware/nnet_utils/nnet_mult.h:73->firmware/nnet_utils/nnet_dense_resource.h:59->firmware/nnet_utils/nnet_dense_resource.h:262->firmware/nnet_utils/nnet_dense_stream.h:24->firmware/nnet_utils/nnet_dense_stream.h:97]   --->   Operation 594 'sext' 'sext_ln73_679' <Predicate = true> <Delay = 0.00>
ST_5 : Operation 595 [2/2] (3.34ns)   --->   "%mul_ln58_648 = mul i26 %sext_ln73_679, i26 %sext_ln73_578" [firmware/nnet_utils/nnet_dense_resource.h:58->firmware/nnet_utils/nnet_dense_resource.h:262->firmware/nnet_utils/nnet_dense_stream.h:24->firmware/nnet_utils/nnet_dense_stream.h:97]   --->   Operation 595 'mul' 'mul_ln58_648' <Predicate = true> <Delay = 3.34> <CoreInst = "Multiplier">   --->   Core 3 'Multiplier' <Latency = 1> <II = 1> <Delay = 3.34> <FuncUnit> <Opcode : 'mul'> <InPorts = 2> <OutPorts = 1>
ST_5 : Operation 596 [1/1] (0.00ns)   --->   "%sext_ln73_680 = sext i16 %w_647" [firmware/nnet_utils/nnet_mult.h:73->firmware/nnet_utils/nnet_dense_resource.h:59->firmware/nnet_utils/nnet_dense_resource.h:262->firmware/nnet_utils/nnet_dense_stream.h:24->firmware/nnet_utils/nnet_dense_stream.h:97]   --->   Operation 596 'sext' 'sext_ln73_680' <Predicate = true> <Delay = 0.00>
ST_5 : Operation 597 [2/2] (3.34ns)   --->   "%mul_ln58_649 = mul i26 %sext_ln73_680, i26 %sext_ln73_580" [firmware/nnet_utils/nnet_dense_resource.h:58->firmware/nnet_utils/nnet_dense_resource.h:262->firmware/nnet_utils/nnet_dense_stream.h:24->firmware/nnet_utils/nnet_dense_stream.h:97]   --->   Operation 597 'mul' 'mul_ln58_649' <Predicate = true> <Delay = 3.34> <CoreInst = "Multiplier">   --->   Core 3 'Multiplier' <Latency = 1> <II = 1> <Delay = 3.34> <FuncUnit> <Opcode : 'mul'> <InPorts = 2> <OutPorts = 1>
ST_5 : Operation 598 [1/1] (0.00ns)   --->   "%sext_ln73_681 = sext i16 %w_648" [firmware/nnet_utils/nnet_mult.h:73->firmware/nnet_utils/nnet_dense_resource.h:59->firmware/nnet_utils/nnet_dense_resource.h:262->firmware/nnet_utils/nnet_dense_stream.h:24->firmware/nnet_utils/nnet_dense_stream.h:97]   --->   Operation 598 'sext' 'sext_ln73_681' <Predicate = true> <Delay = 0.00>
ST_5 : Operation 599 [2/2] (3.34ns)   --->   "%mul_ln58_650 = mul i26 %sext_ln73_681, i26 %sext_ln73_582" [firmware/nnet_utils/nnet_dense_resource.h:58->firmware/nnet_utils/nnet_dense_resource.h:262->firmware/nnet_utils/nnet_dense_stream.h:24->firmware/nnet_utils/nnet_dense_stream.h:97]   --->   Operation 599 'mul' 'mul_ln58_650' <Predicate = true> <Delay = 3.34> <CoreInst = "Multiplier">   --->   Core 3 'Multiplier' <Latency = 1> <II = 1> <Delay = 3.34> <FuncUnit> <Opcode : 'mul'> <InPorts = 2> <OutPorts = 1>
ST_5 : Operation 600 [1/1] (0.00ns)   --->   "%sext_ln73_682 = sext i16 %w_649" [firmware/nnet_utils/nnet_mult.h:73->firmware/nnet_utils/nnet_dense_resource.h:59->firmware/nnet_utils/nnet_dense_resource.h:262->firmware/nnet_utils/nnet_dense_stream.h:24->firmware/nnet_utils/nnet_dense_stream.h:97]   --->   Operation 600 'sext' 'sext_ln73_682' <Predicate = true> <Delay = 0.00>
ST_5 : Operation 601 [2/2] (3.34ns)   --->   "%mul_ln58_651 = mul i26 %sext_ln73_682, i26 %sext_ln73_584" [firmware/nnet_utils/nnet_dense_resource.h:58->firmware/nnet_utils/nnet_dense_resource.h:262->firmware/nnet_utils/nnet_dense_stream.h:24->firmware/nnet_utils/nnet_dense_stream.h:97]   --->   Operation 601 'mul' 'mul_ln58_651' <Predicate = true> <Delay = 3.34> <CoreInst = "Multiplier">   --->   Core 3 'Multiplier' <Latency = 1> <II = 1> <Delay = 3.34> <FuncUnit> <Opcode : 'mul'> <InPorts = 2> <OutPorts = 1>
ST_5 : Operation 602 [1/1] (0.00ns)   --->   "%sext_ln73_683 = sext i16 %w_650" [firmware/nnet_utils/nnet_mult.h:73->firmware/nnet_utils/nnet_dense_resource.h:59->firmware/nnet_utils/nnet_dense_resource.h:262->firmware/nnet_utils/nnet_dense_stream.h:24->firmware/nnet_utils/nnet_dense_stream.h:97]   --->   Operation 602 'sext' 'sext_ln73_683' <Predicate = true> <Delay = 0.00>
ST_5 : Operation 603 [2/2] (3.34ns)   --->   "%mul_ln58_652 = mul i26 %sext_ln73_683, i26 %sext_ln73_586" [firmware/nnet_utils/nnet_dense_resource.h:58->firmware/nnet_utils/nnet_dense_resource.h:262->firmware/nnet_utils/nnet_dense_stream.h:24->firmware/nnet_utils/nnet_dense_stream.h:97]   --->   Operation 603 'mul' 'mul_ln58_652' <Predicate = true> <Delay = 3.34> <CoreInst = "Multiplier">   --->   Core 3 'Multiplier' <Latency = 1> <II = 1> <Delay = 3.34> <FuncUnit> <Opcode : 'mul'> <InPorts = 2> <OutPorts = 1>
ST_5 : Operation 604 [1/1] (0.00ns)   --->   "%sext_ln73_684 = sext i16 %w_651" [firmware/nnet_utils/nnet_mult.h:73->firmware/nnet_utils/nnet_dense_resource.h:59->firmware/nnet_utils/nnet_dense_resource.h:262->firmware/nnet_utils/nnet_dense_stream.h:24->firmware/nnet_utils/nnet_dense_stream.h:97]   --->   Operation 604 'sext' 'sext_ln73_684' <Predicate = true> <Delay = 0.00>
ST_5 : Operation 605 [2/2] (3.34ns)   --->   "%mul_ln58_653 = mul i26 %sext_ln73_684, i26 %sext_ln73_588" [firmware/nnet_utils/nnet_dense_resource.h:58->firmware/nnet_utils/nnet_dense_resource.h:262->firmware/nnet_utils/nnet_dense_stream.h:24->firmware/nnet_utils/nnet_dense_stream.h:97]   --->   Operation 605 'mul' 'mul_ln58_653' <Predicate = true> <Delay = 3.34> <CoreInst = "Multiplier">   --->   Core 3 'Multiplier' <Latency = 1> <II = 1> <Delay = 3.34> <FuncUnit> <Opcode : 'mul'> <InPorts = 2> <OutPorts = 1>
ST_5 : Operation 606 [1/1] (0.00ns)   --->   "%sext_ln73_685 = sext i16 %w_652" [firmware/nnet_utils/nnet_mult.h:73->firmware/nnet_utils/nnet_dense_resource.h:59->firmware/nnet_utils/nnet_dense_resource.h:262->firmware/nnet_utils/nnet_dense_stream.h:24->firmware/nnet_utils/nnet_dense_stream.h:97]   --->   Operation 606 'sext' 'sext_ln73_685' <Predicate = true> <Delay = 0.00>
ST_5 : Operation 607 [2/2] (3.34ns)   --->   "%mul_ln58_654 = mul i26 %sext_ln73_685, i26 %sext_ln73_574" [firmware/nnet_utils/nnet_dense_resource.h:58->firmware/nnet_utils/nnet_dense_resource.h:262->firmware/nnet_utils/nnet_dense_stream.h:24->firmware/nnet_utils/nnet_dense_stream.h:97]   --->   Operation 607 'mul' 'mul_ln58_654' <Predicate = true> <Delay = 3.34> <CoreInst = "Multiplier">   --->   Core 3 'Multiplier' <Latency = 1> <II = 1> <Delay = 3.34> <FuncUnit> <Opcode : 'mul'> <InPorts = 2> <OutPorts = 1>
ST_5 : Operation 608 [1/1] (0.00ns)   --->   "%sext_ln73_686 = sext i16 %w_653" [firmware/nnet_utils/nnet_mult.h:73->firmware/nnet_utils/nnet_dense_resource.h:59->firmware/nnet_utils/nnet_dense_resource.h:262->firmware/nnet_utils/nnet_dense_stream.h:24->firmware/nnet_utils/nnet_dense_stream.h:97]   --->   Operation 608 'sext' 'sext_ln73_686' <Predicate = true> <Delay = 0.00>
ST_5 : Operation 609 [2/2] (3.34ns)   --->   "%mul_ln58_655 = mul i26 %sext_ln73_686, i26 %sext_ln73_576" [firmware/nnet_utils/nnet_dense_resource.h:58->firmware/nnet_utils/nnet_dense_resource.h:262->firmware/nnet_utils/nnet_dense_stream.h:24->firmware/nnet_utils/nnet_dense_stream.h:97]   --->   Operation 609 'mul' 'mul_ln58_655' <Predicate = true> <Delay = 3.34> <CoreInst = "Multiplier">   --->   Core 3 'Multiplier' <Latency = 1> <II = 1> <Delay = 3.34> <FuncUnit> <Opcode : 'mul'> <InPorts = 2> <OutPorts = 1>
ST_5 : Operation 610 [1/1] (0.00ns)   --->   "%sext_ln73_687 = sext i16 %w_654" [firmware/nnet_utils/nnet_mult.h:73->firmware/nnet_utils/nnet_dense_resource.h:59->firmware/nnet_utils/nnet_dense_resource.h:262->firmware/nnet_utils/nnet_dense_stream.h:24->firmware/nnet_utils/nnet_dense_stream.h:97]   --->   Operation 610 'sext' 'sext_ln73_687' <Predicate = true> <Delay = 0.00>
ST_5 : Operation 611 [2/2] (3.34ns)   --->   "%mul_ln58_656 = mul i26 %sext_ln73_687, i26 %sext_ln73_578" [firmware/nnet_utils/nnet_dense_resource.h:58->firmware/nnet_utils/nnet_dense_resource.h:262->firmware/nnet_utils/nnet_dense_stream.h:24->firmware/nnet_utils/nnet_dense_stream.h:97]   --->   Operation 611 'mul' 'mul_ln58_656' <Predicate = true> <Delay = 3.34> <CoreInst = "Multiplier">   --->   Core 3 'Multiplier' <Latency = 1> <II = 1> <Delay = 3.34> <FuncUnit> <Opcode : 'mul'> <InPorts = 2> <OutPorts = 1>
ST_5 : Operation 612 [1/1] (0.00ns)   --->   "%sext_ln73_688 = sext i16 %w_655" [firmware/nnet_utils/nnet_mult.h:73->firmware/nnet_utils/nnet_dense_resource.h:59->firmware/nnet_utils/nnet_dense_resource.h:262->firmware/nnet_utils/nnet_dense_stream.h:24->firmware/nnet_utils/nnet_dense_stream.h:97]   --->   Operation 612 'sext' 'sext_ln73_688' <Predicate = true> <Delay = 0.00>
ST_5 : Operation 613 [2/2] (3.34ns)   --->   "%mul_ln58_657 = mul i26 %sext_ln73_688, i26 %sext_ln73_580" [firmware/nnet_utils/nnet_dense_resource.h:58->firmware/nnet_utils/nnet_dense_resource.h:262->firmware/nnet_utils/nnet_dense_stream.h:24->firmware/nnet_utils/nnet_dense_stream.h:97]   --->   Operation 613 'mul' 'mul_ln58_657' <Predicate = true> <Delay = 3.34> <CoreInst = "Multiplier">   --->   Core 3 'Multiplier' <Latency = 1> <II = 1> <Delay = 3.34> <FuncUnit> <Opcode : 'mul'> <InPorts = 2> <OutPorts = 1>
ST_5 : Operation 614 [1/1] (0.00ns)   --->   "%sext_ln73_689 = sext i16 %w_656" [firmware/nnet_utils/nnet_mult.h:73->firmware/nnet_utils/nnet_dense_resource.h:59->firmware/nnet_utils/nnet_dense_resource.h:262->firmware/nnet_utils/nnet_dense_stream.h:24->firmware/nnet_utils/nnet_dense_stream.h:97]   --->   Operation 614 'sext' 'sext_ln73_689' <Predicate = true> <Delay = 0.00>
ST_5 : Operation 615 [2/2] (3.34ns)   --->   "%mul_ln58_658 = mul i26 %sext_ln73_689, i26 %sext_ln73_582" [firmware/nnet_utils/nnet_dense_resource.h:58->firmware/nnet_utils/nnet_dense_resource.h:262->firmware/nnet_utils/nnet_dense_stream.h:24->firmware/nnet_utils/nnet_dense_stream.h:97]   --->   Operation 615 'mul' 'mul_ln58_658' <Predicate = true> <Delay = 3.34> <CoreInst = "Multiplier">   --->   Core 3 'Multiplier' <Latency = 1> <II = 1> <Delay = 3.34> <FuncUnit> <Opcode : 'mul'> <InPorts = 2> <OutPorts = 1>
ST_5 : Operation 616 [1/1] (0.00ns)   --->   "%sext_ln73_690 = sext i16 %w_657" [firmware/nnet_utils/nnet_mult.h:73->firmware/nnet_utils/nnet_dense_resource.h:59->firmware/nnet_utils/nnet_dense_resource.h:262->firmware/nnet_utils/nnet_dense_stream.h:24->firmware/nnet_utils/nnet_dense_stream.h:97]   --->   Operation 616 'sext' 'sext_ln73_690' <Predicate = true> <Delay = 0.00>
ST_5 : Operation 617 [2/2] (3.34ns)   --->   "%mul_ln58_659 = mul i26 %sext_ln73_690, i26 %sext_ln73_584" [firmware/nnet_utils/nnet_dense_resource.h:58->firmware/nnet_utils/nnet_dense_resource.h:262->firmware/nnet_utils/nnet_dense_stream.h:24->firmware/nnet_utils/nnet_dense_stream.h:97]   --->   Operation 617 'mul' 'mul_ln58_659' <Predicate = true> <Delay = 3.34> <CoreInst = "Multiplier">   --->   Core 3 'Multiplier' <Latency = 1> <II = 1> <Delay = 3.34> <FuncUnit> <Opcode : 'mul'> <InPorts = 2> <OutPorts = 1>
ST_5 : Operation 618 [1/1] (0.00ns)   --->   "%sext_ln73_691 = sext i16 %w_658" [firmware/nnet_utils/nnet_mult.h:73->firmware/nnet_utils/nnet_dense_resource.h:59->firmware/nnet_utils/nnet_dense_resource.h:262->firmware/nnet_utils/nnet_dense_stream.h:24->firmware/nnet_utils/nnet_dense_stream.h:97]   --->   Operation 618 'sext' 'sext_ln73_691' <Predicate = true> <Delay = 0.00>
ST_5 : Operation 619 [2/2] (3.34ns)   --->   "%mul_ln58_660 = mul i26 %sext_ln73_691, i26 %sext_ln73_586" [firmware/nnet_utils/nnet_dense_resource.h:58->firmware/nnet_utils/nnet_dense_resource.h:262->firmware/nnet_utils/nnet_dense_stream.h:24->firmware/nnet_utils/nnet_dense_stream.h:97]   --->   Operation 619 'mul' 'mul_ln58_660' <Predicate = true> <Delay = 3.34> <CoreInst = "Multiplier">   --->   Core 3 'Multiplier' <Latency = 1> <II = 1> <Delay = 3.34> <FuncUnit> <Opcode : 'mul'> <InPorts = 2> <OutPorts = 1>
ST_5 : Operation 620 [1/1] (0.00ns)   --->   "%sext_ln73_692 = sext i16 %w_659" [firmware/nnet_utils/nnet_mult.h:73->firmware/nnet_utils/nnet_dense_resource.h:59->firmware/nnet_utils/nnet_dense_resource.h:262->firmware/nnet_utils/nnet_dense_stream.h:24->firmware/nnet_utils/nnet_dense_stream.h:97]   --->   Operation 620 'sext' 'sext_ln73_692' <Predicate = true> <Delay = 0.00>
ST_5 : Operation 621 [2/2] (3.34ns)   --->   "%mul_ln58_661 = mul i26 %sext_ln73_692, i26 %sext_ln73_588" [firmware/nnet_utils/nnet_dense_resource.h:58->firmware/nnet_utils/nnet_dense_resource.h:262->firmware/nnet_utils/nnet_dense_stream.h:24->firmware/nnet_utils/nnet_dense_stream.h:97]   --->   Operation 621 'mul' 'mul_ln58_661' <Predicate = true> <Delay = 3.34> <CoreInst = "Multiplier">   --->   Core 3 'Multiplier' <Latency = 1> <II = 1> <Delay = 3.34> <FuncUnit> <Opcode : 'mul'> <InPorts = 2> <OutPorts = 1>
ST_5 : Operation 622 [1/1] (0.00ns)   --->   "%sext_ln73_693 = sext i16 %w_660" [firmware/nnet_utils/nnet_mult.h:73->firmware/nnet_utils/nnet_dense_resource.h:59->firmware/nnet_utils/nnet_dense_resource.h:262->firmware/nnet_utils/nnet_dense_stream.h:24->firmware/nnet_utils/nnet_dense_stream.h:97]   --->   Operation 622 'sext' 'sext_ln73_693' <Predicate = true> <Delay = 0.00>
ST_5 : Operation 623 [2/2] (3.34ns)   --->   "%mul_ln58_662 = mul i26 %sext_ln73_693, i26 %sext_ln73_574" [firmware/nnet_utils/nnet_dense_resource.h:58->firmware/nnet_utils/nnet_dense_resource.h:262->firmware/nnet_utils/nnet_dense_stream.h:24->firmware/nnet_utils/nnet_dense_stream.h:97]   --->   Operation 623 'mul' 'mul_ln58_662' <Predicate = true> <Delay = 3.34> <CoreInst = "Multiplier">   --->   Core 3 'Multiplier' <Latency = 1> <II = 1> <Delay = 3.34> <FuncUnit> <Opcode : 'mul'> <InPorts = 2> <OutPorts = 1>
ST_5 : Operation 624 [1/1] (0.00ns)   --->   "%sext_ln73_694 = sext i16 %w_661" [firmware/nnet_utils/nnet_mult.h:73->firmware/nnet_utils/nnet_dense_resource.h:59->firmware/nnet_utils/nnet_dense_resource.h:262->firmware/nnet_utils/nnet_dense_stream.h:24->firmware/nnet_utils/nnet_dense_stream.h:97]   --->   Operation 624 'sext' 'sext_ln73_694' <Predicate = true> <Delay = 0.00>
ST_5 : Operation 625 [2/2] (3.34ns)   --->   "%mul_ln58_663 = mul i26 %sext_ln73_694, i26 %sext_ln73_576" [firmware/nnet_utils/nnet_dense_resource.h:58->firmware/nnet_utils/nnet_dense_resource.h:262->firmware/nnet_utils/nnet_dense_stream.h:24->firmware/nnet_utils/nnet_dense_stream.h:97]   --->   Operation 625 'mul' 'mul_ln58_663' <Predicate = true> <Delay = 3.34> <CoreInst = "Multiplier">   --->   Core 3 'Multiplier' <Latency = 1> <II = 1> <Delay = 3.34> <FuncUnit> <Opcode : 'mul'> <InPorts = 2> <OutPorts = 1>
ST_5 : Operation 626 [1/1] (0.00ns)   --->   "%sext_ln73_695 = sext i16 %w_662" [firmware/nnet_utils/nnet_mult.h:73->firmware/nnet_utils/nnet_dense_resource.h:59->firmware/nnet_utils/nnet_dense_resource.h:262->firmware/nnet_utils/nnet_dense_stream.h:24->firmware/nnet_utils/nnet_dense_stream.h:97]   --->   Operation 626 'sext' 'sext_ln73_695' <Predicate = true> <Delay = 0.00>
ST_5 : Operation 627 [2/2] (3.34ns)   --->   "%mul_ln58_664 = mul i26 %sext_ln73_695, i26 %sext_ln73_578" [firmware/nnet_utils/nnet_dense_resource.h:58->firmware/nnet_utils/nnet_dense_resource.h:262->firmware/nnet_utils/nnet_dense_stream.h:24->firmware/nnet_utils/nnet_dense_stream.h:97]   --->   Operation 627 'mul' 'mul_ln58_664' <Predicate = true> <Delay = 3.34> <CoreInst = "Multiplier">   --->   Core 3 'Multiplier' <Latency = 1> <II = 1> <Delay = 3.34> <FuncUnit> <Opcode : 'mul'> <InPorts = 2> <OutPorts = 1>
ST_5 : Operation 628 [1/1] (0.00ns)   --->   "%sext_ln73_696 = sext i16 %w_663" [firmware/nnet_utils/nnet_mult.h:73->firmware/nnet_utils/nnet_dense_resource.h:59->firmware/nnet_utils/nnet_dense_resource.h:262->firmware/nnet_utils/nnet_dense_stream.h:24->firmware/nnet_utils/nnet_dense_stream.h:97]   --->   Operation 628 'sext' 'sext_ln73_696' <Predicate = true> <Delay = 0.00>
ST_5 : Operation 629 [2/2] (3.34ns)   --->   "%mul_ln58_665 = mul i26 %sext_ln73_696, i26 %sext_ln73_580" [firmware/nnet_utils/nnet_dense_resource.h:58->firmware/nnet_utils/nnet_dense_resource.h:262->firmware/nnet_utils/nnet_dense_stream.h:24->firmware/nnet_utils/nnet_dense_stream.h:97]   --->   Operation 629 'mul' 'mul_ln58_665' <Predicate = true> <Delay = 3.34> <CoreInst = "Multiplier">   --->   Core 3 'Multiplier' <Latency = 1> <II = 1> <Delay = 3.34> <FuncUnit> <Opcode : 'mul'> <InPorts = 2> <OutPorts = 1>
ST_5 : Operation 630 [1/1] (0.00ns)   --->   "%sext_ln73_697 = sext i16 %w_664" [firmware/nnet_utils/nnet_mult.h:73->firmware/nnet_utils/nnet_dense_resource.h:59->firmware/nnet_utils/nnet_dense_resource.h:262->firmware/nnet_utils/nnet_dense_stream.h:24->firmware/nnet_utils/nnet_dense_stream.h:97]   --->   Operation 630 'sext' 'sext_ln73_697' <Predicate = true> <Delay = 0.00>
ST_5 : Operation 631 [2/2] (3.34ns)   --->   "%mul_ln58_666 = mul i26 %sext_ln73_697, i26 %sext_ln73_582" [firmware/nnet_utils/nnet_dense_resource.h:58->firmware/nnet_utils/nnet_dense_resource.h:262->firmware/nnet_utils/nnet_dense_stream.h:24->firmware/nnet_utils/nnet_dense_stream.h:97]   --->   Operation 631 'mul' 'mul_ln58_666' <Predicate = true> <Delay = 3.34> <CoreInst = "Multiplier">   --->   Core 3 'Multiplier' <Latency = 1> <II = 1> <Delay = 3.34> <FuncUnit> <Opcode : 'mul'> <InPorts = 2> <OutPorts = 1>
ST_5 : Operation 632 [1/1] (0.00ns)   --->   "%sext_ln73_698 = sext i16 %w_665" [firmware/nnet_utils/nnet_mult.h:73->firmware/nnet_utils/nnet_dense_resource.h:59->firmware/nnet_utils/nnet_dense_resource.h:262->firmware/nnet_utils/nnet_dense_stream.h:24->firmware/nnet_utils/nnet_dense_stream.h:97]   --->   Operation 632 'sext' 'sext_ln73_698' <Predicate = true> <Delay = 0.00>
ST_5 : Operation 633 [2/2] (3.34ns)   --->   "%mul_ln58_667 = mul i26 %sext_ln73_698, i26 %sext_ln73_584" [firmware/nnet_utils/nnet_dense_resource.h:58->firmware/nnet_utils/nnet_dense_resource.h:262->firmware/nnet_utils/nnet_dense_stream.h:24->firmware/nnet_utils/nnet_dense_stream.h:97]   --->   Operation 633 'mul' 'mul_ln58_667' <Predicate = true> <Delay = 3.34> <CoreInst = "Multiplier">   --->   Core 3 'Multiplier' <Latency = 1> <II = 1> <Delay = 3.34> <FuncUnit> <Opcode : 'mul'> <InPorts = 2> <OutPorts = 1>
ST_5 : Operation 634 [1/1] (0.00ns)   --->   "%sext_ln73_699 = sext i16 %w_666" [firmware/nnet_utils/nnet_mult.h:73->firmware/nnet_utils/nnet_dense_resource.h:59->firmware/nnet_utils/nnet_dense_resource.h:262->firmware/nnet_utils/nnet_dense_stream.h:24->firmware/nnet_utils/nnet_dense_stream.h:97]   --->   Operation 634 'sext' 'sext_ln73_699' <Predicate = true> <Delay = 0.00>
ST_5 : Operation 635 [2/2] (3.34ns)   --->   "%mul_ln58_668 = mul i26 %sext_ln73_699, i26 %sext_ln73_586" [firmware/nnet_utils/nnet_dense_resource.h:58->firmware/nnet_utils/nnet_dense_resource.h:262->firmware/nnet_utils/nnet_dense_stream.h:24->firmware/nnet_utils/nnet_dense_stream.h:97]   --->   Operation 635 'mul' 'mul_ln58_668' <Predicate = true> <Delay = 3.34> <CoreInst = "Multiplier">   --->   Core 3 'Multiplier' <Latency = 1> <II = 1> <Delay = 3.34> <FuncUnit> <Opcode : 'mul'> <InPorts = 2> <OutPorts = 1>
ST_5 : Operation 636 [1/1] (0.00ns)   --->   "%sext_ln73_700 = sext i16 %w_667" [firmware/nnet_utils/nnet_mult.h:73->firmware/nnet_utils/nnet_dense_resource.h:59->firmware/nnet_utils/nnet_dense_resource.h:262->firmware/nnet_utils/nnet_dense_stream.h:24->firmware/nnet_utils/nnet_dense_stream.h:97]   --->   Operation 636 'sext' 'sext_ln73_700' <Predicate = true> <Delay = 0.00>
ST_5 : Operation 637 [2/2] (3.34ns)   --->   "%mul_ln58_669 = mul i26 %sext_ln73_700, i26 %sext_ln73_588" [firmware/nnet_utils/nnet_dense_resource.h:58->firmware/nnet_utils/nnet_dense_resource.h:262->firmware/nnet_utils/nnet_dense_stream.h:24->firmware/nnet_utils/nnet_dense_stream.h:97]   --->   Operation 637 'mul' 'mul_ln58_669' <Predicate = true> <Delay = 3.34> <CoreInst = "Multiplier">   --->   Core 3 'Multiplier' <Latency = 1> <II = 1> <Delay = 3.34> <FuncUnit> <Opcode : 'mul'> <InPorts = 2> <OutPorts = 1>
ST_5 : Operation 638 [1/1] (0.00ns)   --->   "%sext_ln73_701 = sext i16 %w_668" [firmware/nnet_utils/nnet_mult.h:73->firmware/nnet_utils/nnet_dense_resource.h:59->firmware/nnet_utils/nnet_dense_resource.h:262->firmware/nnet_utils/nnet_dense_stream.h:24->firmware/nnet_utils/nnet_dense_stream.h:97]   --->   Operation 638 'sext' 'sext_ln73_701' <Predicate = true> <Delay = 0.00>
ST_5 : Operation 639 [2/2] (3.34ns)   --->   "%mul_ln58_670 = mul i26 %sext_ln73_701, i26 %sext_ln73_574" [firmware/nnet_utils/nnet_dense_resource.h:58->firmware/nnet_utils/nnet_dense_resource.h:262->firmware/nnet_utils/nnet_dense_stream.h:24->firmware/nnet_utils/nnet_dense_stream.h:97]   --->   Operation 639 'mul' 'mul_ln58_670' <Predicate = true> <Delay = 3.34> <CoreInst = "Multiplier">   --->   Core 3 'Multiplier' <Latency = 1> <II = 1> <Delay = 3.34> <FuncUnit> <Opcode : 'mul'> <InPorts = 2> <OutPorts = 1>
ST_5 : Operation 640 [1/1] (0.00ns)   --->   "%sext_ln73_702 = sext i16 %w_669" [firmware/nnet_utils/nnet_mult.h:73->firmware/nnet_utils/nnet_dense_resource.h:59->firmware/nnet_utils/nnet_dense_resource.h:262->firmware/nnet_utils/nnet_dense_stream.h:24->firmware/nnet_utils/nnet_dense_stream.h:97]   --->   Operation 640 'sext' 'sext_ln73_702' <Predicate = true> <Delay = 0.00>
ST_5 : Operation 641 [2/2] (3.34ns)   --->   "%mul_ln58_671 = mul i26 %sext_ln73_702, i26 %sext_ln73_576" [firmware/nnet_utils/nnet_dense_resource.h:58->firmware/nnet_utils/nnet_dense_resource.h:262->firmware/nnet_utils/nnet_dense_stream.h:24->firmware/nnet_utils/nnet_dense_stream.h:97]   --->   Operation 641 'mul' 'mul_ln58_671' <Predicate = true> <Delay = 3.34> <CoreInst = "Multiplier">   --->   Core 3 'Multiplier' <Latency = 1> <II = 1> <Delay = 3.34> <FuncUnit> <Opcode : 'mul'> <InPorts = 2> <OutPorts = 1>
ST_5 : Operation 642 [1/1] (0.00ns)   --->   "%sext_ln73_703 = sext i16 %w_670" [firmware/nnet_utils/nnet_mult.h:73->firmware/nnet_utils/nnet_dense_resource.h:59->firmware/nnet_utils/nnet_dense_resource.h:262->firmware/nnet_utils/nnet_dense_stream.h:24->firmware/nnet_utils/nnet_dense_stream.h:97]   --->   Operation 642 'sext' 'sext_ln73_703' <Predicate = true> <Delay = 0.00>
ST_5 : Operation 643 [2/2] (3.34ns)   --->   "%mul_ln58_672 = mul i26 %sext_ln73_703, i26 %sext_ln73_578" [firmware/nnet_utils/nnet_dense_resource.h:58->firmware/nnet_utils/nnet_dense_resource.h:262->firmware/nnet_utils/nnet_dense_stream.h:24->firmware/nnet_utils/nnet_dense_stream.h:97]   --->   Operation 643 'mul' 'mul_ln58_672' <Predicate = true> <Delay = 3.34> <CoreInst = "Multiplier">   --->   Core 3 'Multiplier' <Latency = 1> <II = 1> <Delay = 3.34> <FuncUnit> <Opcode : 'mul'> <InPorts = 2> <OutPorts = 1>
ST_5 : Operation 644 [1/1] (0.00ns)   --->   "%sext_ln73_704 = sext i16 %w_671" [firmware/nnet_utils/nnet_mult.h:73->firmware/nnet_utils/nnet_dense_resource.h:59->firmware/nnet_utils/nnet_dense_resource.h:262->firmware/nnet_utils/nnet_dense_stream.h:24->firmware/nnet_utils/nnet_dense_stream.h:97]   --->   Operation 644 'sext' 'sext_ln73_704' <Predicate = true> <Delay = 0.00>
ST_5 : Operation 645 [2/2] (3.34ns)   --->   "%mul_ln58_673 = mul i26 %sext_ln73_704, i26 %sext_ln73_580" [firmware/nnet_utils/nnet_dense_resource.h:58->firmware/nnet_utils/nnet_dense_resource.h:262->firmware/nnet_utils/nnet_dense_stream.h:24->firmware/nnet_utils/nnet_dense_stream.h:97]   --->   Operation 645 'mul' 'mul_ln58_673' <Predicate = true> <Delay = 3.34> <CoreInst = "Multiplier">   --->   Core 3 'Multiplier' <Latency = 1> <II = 1> <Delay = 3.34> <FuncUnit> <Opcode : 'mul'> <InPorts = 2> <OutPorts = 1>
ST_5 : Operation 646 [1/1] (0.00ns)   --->   "%sext_ln73_705 = sext i16 %w_672" [firmware/nnet_utils/nnet_mult.h:73->firmware/nnet_utils/nnet_dense_resource.h:59->firmware/nnet_utils/nnet_dense_resource.h:262->firmware/nnet_utils/nnet_dense_stream.h:24->firmware/nnet_utils/nnet_dense_stream.h:97]   --->   Operation 646 'sext' 'sext_ln73_705' <Predicate = true> <Delay = 0.00>
ST_5 : Operation 647 [2/2] (3.34ns)   --->   "%mul_ln58_674 = mul i26 %sext_ln73_705, i26 %sext_ln73_582" [firmware/nnet_utils/nnet_dense_resource.h:58->firmware/nnet_utils/nnet_dense_resource.h:262->firmware/nnet_utils/nnet_dense_stream.h:24->firmware/nnet_utils/nnet_dense_stream.h:97]   --->   Operation 647 'mul' 'mul_ln58_674' <Predicate = true> <Delay = 3.34> <CoreInst = "Multiplier">   --->   Core 3 'Multiplier' <Latency = 1> <II = 1> <Delay = 3.34> <FuncUnit> <Opcode : 'mul'> <InPorts = 2> <OutPorts = 1>
ST_5 : Operation 648 [1/1] (0.00ns)   --->   "%sext_ln73_706 = sext i16 %w_673" [firmware/nnet_utils/nnet_mult.h:73->firmware/nnet_utils/nnet_dense_resource.h:59->firmware/nnet_utils/nnet_dense_resource.h:262->firmware/nnet_utils/nnet_dense_stream.h:24->firmware/nnet_utils/nnet_dense_stream.h:97]   --->   Operation 648 'sext' 'sext_ln73_706' <Predicate = true> <Delay = 0.00>
ST_5 : Operation 649 [2/2] (3.34ns)   --->   "%mul_ln58_675 = mul i26 %sext_ln73_706, i26 %sext_ln73_584" [firmware/nnet_utils/nnet_dense_resource.h:58->firmware/nnet_utils/nnet_dense_resource.h:262->firmware/nnet_utils/nnet_dense_stream.h:24->firmware/nnet_utils/nnet_dense_stream.h:97]   --->   Operation 649 'mul' 'mul_ln58_675' <Predicate = true> <Delay = 3.34> <CoreInst = "Multiplier">   --->   Core 3 'Multiplier' <Latency = 1> <II = 1> <Delay = 3.34> <FuncUnit> <Opcode : 'mul'> <InPorts = 2> <OutPorts = 1>
ST_5 : Operation 650 [1/1] (0.00ns)   --->   "%sext_ln73_707 = sext i16 %w_674" [firmware/nnet_utils/nnet_mult.h:73->firmware/nnet_utils/nnet_dense_resource.h:59->firmware/nnet_utils/nnet_dense_resource.h:262->firmware/nnet_utils/nnet_dense_stream.h:24->firmware/nnet_utils/nnet_dense_stream.h:97]   --->   Operation 650 'sext' 'sext_ln73_707' <Predicate = true> <Delay = 0.00>
ST_5 : Operation 651 [2/2] (3.34ns)   --->   "%mul_ln58_676 = mul i26 %sext_ln73_707, i26 %sext_ln73_586" [firmware/nnet_utils/nnet_dense_resource.h:58->firmware/nnet_utils/nnet_dense_resource.h:262->firmware/nnet_utils/nnet_dense_stream.h:24->firmware/nnet_utils/nnet_dense_stream.h:97]   --->   Operation 651 'mul' 'mul_ln58_676' <Predicate = true> <Delay = 3.34> <CoreInst = "Multiplier">   --->   Core 3 'Multiplier' <Latency = 1> <II = 1> <Delay = 3.34> <FuncUnit> <Opcode : 'mul'> <InPorts = 2> <OutPorts = 1>
ST_5 : Operation 652 [1/1] (0.00ns)   --->   "%sext_ln73_708 = sext i16 %w_675" [firmware/nnet_utils/nnet_mult.h:73->firmware/nnet_utils/nnet_dense_resource.h:59->firmware/nnet_utils/nnet_dense_resource.h:262->firmware/nnet_utils/nnet_dense_stream.h:24->firmware/nnet_utils/nnet_dense_stream.h:97]   --->   Operation 652 'sext' 'sext_ln73_708' <Predicate = true> <Delay = 0.00>
ST_5 : Operation 653 [2/2] (3.34ns)   --->   "%mul_ln58_677 = mul i26 %sext_ln73_708, i26 %sext_ln73_588" [firmware/nnet_utils/nnet_dense_resource.h:58->firmware/nnet_utils/nnet_dense_resource.h:262->firmware/nnet_utils/nnet_dense_stream.h:24->firmware/nnet_utils/nnet_dense_stream.h:97]   --->   Operation 653 'mul' 'mul_ln58_677' <Predicate = true> <Delay = 3.34> <CoreInst = "Multiplier">   --->   Core 3 'Multiplier' <Latency = 1> <II = 1> <Delay = 3.34> <FuncUnit> <Opcode : 'mul'> <InPorts = 2> <OutPorts = 1>
ST_5 : Operation 654 [1/1] (0.00ns)   --->   "%sext_ln73_709 = sext i16 %w_676" [firmware/nnet_utils/nnet_mult.h:73->firmware/nnet_utils/nnet_dense_resource.h:59->firmware/nnet_utils/nnet_dense_resource.h:262->firmware/nnet_utils/nnet_dense_stream.h:24->firmware/nnet_utils/nnet_dense_stream.h:97]   --->   Operation 654 'sext' 'sext_ln73_709' <Predicate = true> <Delay = 0.00>
ST_5 : Operation 655 [2/2] (3.34ns)   --->   "%mul_ln58_678 = mul i26 %sext_ln73_709, i26 %sext_ln73_574" [firmware/nnet_utils/nnet_dense_resource.h:58->firmware/nnet_utils/nnet_dense_resource.h:262->firmware/nnet_utils/nnet_dense_stream.h:24->firmware/nnet_utils/nnet_dense_stream.h:97]   --->   Operation 655 'mul' 'mul_ln58_678' <Predicate = true> <Delay = 3.34> <CoreInst = "Multiplier">   --->   Core 3 'Multiplier' <Latency = 1> <II = 1> <Delay = 3.34> <FuncUnit> <Opcode : 'mul'> <InPorts = 2> <OutPorts = 1>
ST_5 : Operation 656 [1/1] (0.00ns)   --->   "%sext_ln73_710 = sext i16 %w_677" [firmware/nnet_utils/nnet_mult.h:73->firmware/nnet_utils/nnet_dense_resource.h:59->firmware/nnet_utils/nnet_dense_resource.h:262->firmware/nnet_utils/nnet_dense_stream.h:24->firmware/nnet_utils/nnet_dense_stream.h:97]   --->   Operation 656 'sext' 'sext_ln73_710' <Predicate = true> <Delay = 0.00>
ST_5 : Operation 657 [2/2] (3.34ns)   --->   "%mul_ln58_679 = mul i26 %sext_ln73_710, i26 %sext_ln73_576" [firmware/nnet_utils/nnet_dense_resource.h:58->firmware/nnet_utils/nnet_dense_resource.h:262->firmware/nnet_utils/nnet_dense_stream.h:24->firmware/nnet_utils/nnet_dense_stream.h:97]   --->   Operation 657 'mul' 'mul_ln58_679' <Predicate = true> <Delay = 3.34> <CoreInst = "Multiplier">   --->   Core 3 'Multiplier' <Latency = 1> <II = 1> <Delay = 3.34> <FuncUnit> <Opcode : 'mul'> <InPorts = 2> <OutPorts = 1>
ST_5 : Operation 658 [1/1] (0.00ns)   --->   "%sext_ln73_711 = sext i16 %w_678" [firmware/nnet_utils/nnet_mult.h:73->firmware/nnet_utils/nnet_dense_resource.h:59->firmware/nnet_utils/nnet_dense_resource.h:262->firmware/nnet_utils/nnet_dense_stream.h:24->firmware/nnet_utils/nnet_dense_stream.h:97]   --->   Operation 658 'sext' 'sext_ln73_711' <Predicate = true> <Delay = 0.00>
ST_5 : Operation 659 [2/2] (3.34ns)   --->   "%mul_ln58_680 = mul i26 %sext_ln73_711, i26 %sext_ln73_578" [firmware/nnet_utils/nnet_dense_resource.h:58->firmware/nnet_utils/nnet_dense_resource.h:262->firmware/nnet_utils/nnet_dense_stream.h:24->firmware/nnet_utils/nnet_dense_stream.h:97]   --->   Operation 659 'mul' 'mul_ln58_680' <Predicate = true> <Delay = 3.34> <CoreInst = "Multiplier">   --->   Core 3 'Multiplier' <Latency = 1> <II = 1> <Delay = 3.34> <FuncUnit> <Opcode : 'mul'> <InPorts = 2> <OutPorts = 1>
ST_5 : Operation 660 [1/1] (0.00ns)   --->   "%sext_ln73_712 = sext i16 %w_679" [firmware/nnet_utils/nnet_mult.h:73->firmware/nnet_utils/nnet_dense_resource.h:59->firmware/nnet_utils/nnet_dense_resource.h:262->firmware/nnet_utils/nnet_dense_stream.h:24->firmware/nnet_utils/nnet_dense_stream.h:97]   --->   Operation 660 'sext' 'sext_ln73_712' <Predicate = true> <Delay = 0.00>
ST_5 : Operation 661 [2/2] (3.34ns)   --->   "%mul_ln58_681 = mul i26 %sext_ln73_712, i26 %sext_ln73_580" [firmware/nnet_utils/nnet_dense_resource.h:58->firmware/nnet_utils/nnet_dense_resource.h:262->firmware/nnet_utils/nnet_dense_stream.h:24->firmware/nnet_utils/nnet_dense_stream.h:97]   --->   Operation 661 'mul' 'mul_ln58_681' <Predicate = true> <Delay = 3.34> <CoreInst = "Multiplier">   --->   Core 3 'Multiplier' <Latency = 1> <II = 1> <Delay = 3.34> <FuncUnit> <Opcode : 'mul'> <InPorts = 2> <OutPorts = 1>
ST_5 : Operation 662 [1/1] (0.00ns)   --->   "%sext_ln73_713 = sext i16 %w_680" [firmware/nnet_utils/nnet_mult.h:73->firmware/nnet_utils/nnet_dense_resource.h:59->firmware/nnet_utils/nnet_dense_resource.h:262->firmware/nnet_utils/nnet_dense_stream.h:24->firmware/nnet_utils/nnet_dense_stream.h:97]   --->   Operation 662 'sext' 'sext_ln73_713' <Predicate = true> <Delay = 0.00>
ST_5 : Operation 663 [2/2] (3.34ns)   --->   "%mul_ln58_682 = mul i26 %sext_ln73_713, i26 %sext_ln73_582" [firmware/nnet_utils/nnet_dense_resource.h:58->firmware/nnet_utils/nnet_dense_resource.h:262->firmware/nnet_utils/nnet_dense_stream.h:24->firmware/nnet_utils/nnet_dense_stream.h:97]   --->   Operation 663 'mul' 'mul_ln58_682' <Predicate = true> <Delay = 3.34> <CoreInst = "Multiplier">   --->   Core 3 'Multiplier' <Latency = 1> <II = 1> <Delay = 3.34> <FuncUnit> <Opcode : 'mul'> <InPorts = 2> <OutPorts = 1>
ST_5 : Operation 664 [1/1] (0.00ns)   --->   "%sext_ln73_714 = sext i16 %w_681" [firmware/nnet_utils/nnet_mult.h:73->firmware/nnet_utils/nnet_dense_resource.h:59->firmware/nnet_utils/nnet_dense_resource.h:262->firmware/nnet_utils/nnet_dense_stream.h:24->firmware/nnet_utils/nnet_dense_stream.h:97]   --->   Operation 664 'sext' 'sext_ln73_714' <Predicate = true> <Delay = 0.00>
ST_5 : Operation 665 [2/2] (3.34ns)   --->   "%mul_ln58_683 = mul i26 %sext_ln73_714, i26 %sext_ln73_584" [firmware/nnet_utils/nnet_dense_resource.h:58->firmware/nnet_utils/nnet_dense_resource.h:262->firmware/nnet_utils/nnet_dense_stream.h:24->firmware/nnet_utils/nnet_dense_stream.h:97]   --->   Operation 665 'mul' 'mul_ln58_683' <Predicate = true> <Delay = 3.34> <CoreInst = "Multiplier">   --->   Core 3 'Multiplier' <Latency = 1> <II = 1> <Delay = 3.34> <FuncUnit> <Opcode : 'mul'> <InPorts = 2> <OutPorts = 1>
ST_5 : Operation 666 [1/1] (0.00ns)   --->   "%sext_ln73_715 = sext i16 %w_682" [firmware/nnet_utils/nnet_mult.h:73->firmware/nnet_utils/nnet_dense_resource.h:59->firmware/nnet_utils/nnet_dense_resource.h:262->firmware/nnet_utils/nnet_dense_stream.h:24->firmware/nnet_utils/nnet_dense_stream.h:97]   --->   Operation 666 'sext' 'sext_ln73_715' <Predicate = true> <Delay = 0.00>
ST_5 : Operation 667 [2/2] (3.34ns)   --->   "%mul_ln58_684 = mul i26 %sext_ln73_715, i26 %sext_ln73_586" [firmware/nnet_utils/nnet_dense_resource.h:58->firmware/nnet_utils/nnet_dense_resource.h:262->firmware/nnet_utils/nnet_dense_stream.h:24->firmware/nnet_utils/nnet_dense_stream.h:97]   --->   Operation 667 'mul' 'mul_ln58_684' <Predicate = true> <Delay = 3.34> <CoreInst = "Multiplier">   --->   Core 3 'Multiplier' <Latency = 1> <II = 1> <Delay = 3.34> <FuncUnit> <Opcode : 'mul'> <InPorts = 2> <OutPorts = 1>
ST_5 : Operation 668 [1/1] (0.00ns)   --->   "%sext_ln73_716 = sext i16 %w_683" [firmware/nnet_utils/nnet_mult.h:73->firmware/nnet_utils/nnet_dense_resource.h:59->firmware/nnet_utils/nnet_dense_resource.h:262->firmware/nnet_utils/nnet_dense_stream.h:24->firmware/nnet_utils/nnet_dense_stream.h:97]   --->   Operation 668 'sext' 'sext_ln73_716' <Predicate = true> <Delay = 0.00>
ST_5 : Operation 669 [2/2] (3.34ns)   --->   "%mul_ln58_685 = mul i26 %sext_ln73_716, i26 %sext_ln73_588" [firmware/nnet_utils/nnet_dense_resource.h:58->firmware/nnet_utils/nnet_dense_resource.h:262->firmware/nnet_utils/nnet_dense_stream.h:24->firmware/nnet_utils/nnet_dense_stream.h:97]   --->   Operation 669 'mul' 'mul_ln58_685' <Predicate = true> <Delay = 3.34> <CoreInst = "Multiplier">   --->   Core 3 'Multiplier' <Latency = 1> <II = 1> <Delay = 3.34> <FuncUnit> <Opcode : 'mul'> <InPorts = 2> <OutPorts = 1>
ST_5 : Operation 670 [1/1] (0.00ns)   --->   "%sext_ln73_717 = sext i16 %w_684" [firmware/nnet_utils/nnet_mult.h:73->firmware/nnet_utils/nnet_dense_resource.h:59->firmware/nnet_utils/nnet_dense_resource.h:262->firmware/nnet_utils/nnet_dense_stream.h:24->firmware/nnet_utils/nnet_dense_stream.h:97]   --->   Operation 670 'sext' 'sext_ln73_717' <Predicate = true> <Delay = 0.00>
ST_5 : Operation 671 [2/2] (3.34ns)   --->   "%mul_ln58_686 = mul i26 %sext_ln73_717, i26 %sext_ln73_574" [firmware/nnet_utils/nnet_dense_resource.h:58->firmware/nnet_utils/nnet_dense_resource.h:262->firmware/nnet_utils/nnet_dense_stream.h:24->firmware/nnet_utils/nnet_dense_stream.h:97]   --->   Operation 671 'mul' 'mul_ln58_686' <Predicate = true> <Delay = 3.34> <CoreInst = "Multiplier">   --->   Core 3 'Multiplier' <Latency = 1> <II = 1> <Delay = 3.34> <FuncUnit> <Opcode : 'mul'> <InPorts = 2> <OutPorts = 1>
ST_5 : Operation 672 [1/1] (0.00ns)   --->   "%sext_ln73_718 = sext i16 %w_685" [firmware/nnet_utils/nnet_mult.h:73->firmware/nnet_utils/nnet_dense_resource.h:59->firmware/nnet_utils/nnet_dense_resource.h:262->firmware/nnet_utils/nnet_dense_stream.h:24->firmware/nnet_utils/nnet_dense_stream.h:97]   --->   Operation 672 'sext' 'sext_ln73_718' <Predicate = true> <Delay = 0.00>
ST_5 : Operation 673 [2/2] (3.34ns)   --->   "%mul_ln58_687 = mul i26 %sext_ln73_718, i26 %sext_ln73_576" [firmware/nnet_utils/nnet_dense_resource.h:58->firmware/nnet_utils/nnet_dense_resource.h:262->firmware/nnet_utils/nnet_dense_stream.h:24->firmware/nnet_utils/nnet_dense_stream.h:97]   --->   Operation 673 'mul' 'mul_ln58_687' <Predicate = true> <Delay = 3.34> <CoreInst = "Multiplier">   --->   Core 3 'Multiplier' <Latency = 1> <II = 1> <Delay = 3.34> <FuncUnit> <Opcode : 'mul'> <InPorts = 2> <OutPorts = 1>
ST_5 : Operation 674 [1/1] (0.00ns)   --->   "%sext_ln73_719 = sext i16 %w_686" [firmware/nnet_utils/nnet_mult.h:73->firmware/nnet_utils/nnet_dense_resource.h:59->firmware/nnet_utils/nnet_dense_resource.h:262->firmware/nnet_utils/nnet_dense_stream.h:24->firmware/nnet_utils/nnet_dense_stream.h:97]   --->   Operation 674 'sext' 'sext_ln73_719' <Predicate = true> <Delay = 0.00>
ST_5 : Operation 675 [2/2] (3.34ns)   --->   "%mul_ln58_688 = mul i26 %sext_ln73_719, i26 %sext_ln73_578" [firmware/nnet_utils/nnet_dense_resource.h:58->firmware/nnet_utils/nnet_dense_resource.h:262->firmware/nnet_utils/nnet_dense_stream.h:24->firmware/nnet_utils/nnet_dense_stream.h:97]   --->   Operation 675 'mul' 'mul_ln58_688' <Predicate = true> <Delay = 3.34> <CoreInst = "Multiplier">   --->   Core 3 'Multiplier' <Latency = 1> <II = 1> <Delay = 3.34> <FuncUnit> <Opcode : 'mul'> <InPorts = 2> <OutPorts = 1>
ST_5 : Operation 676 [1/1] (0.00ns)   --->   "%sext_ln73_720 = sext i16 %w_687" [firmware/nnet_utils/nnet_mult.h:73->firmware/nnet_utils/nnet_dense_resource.h:59->firmware/nnet_utils/nnet_dense_resource.h:262->firmware/nnet_utils/nnet_dense_stream.h:24->firmware/nnet_utils/nnet_dense_stream.h:97]   --->   Operation 676 'sext' 'sext_ln73_720' <Predicate = true> <Delay = 0.00>
ST_5 : Operation 677 [2/2] (3.34ns)   --->   "%mul_ln58_689 = mul i26 %sext_ln73_720, i26 %sext_ln73_580" [firmware/nnet_utils/nnet_dense_resource.h:58->firmware/nnet_utils/nnet_dense_resource.h:262->firmware/nnet_utils/nnet_dense_stream.h:24->firmware/nnet_utils/nnet_dense_stream.h:97]   --->   Operation 677 'mul' 'mul_ln58_689' <Predicate = true> <Delay = 3.34> <CoreInst = "Multiplier">   --->   Core 3 'Multiplier' <Latency = 1> <II = 1> <Delay = 3.34> <FuncUnit> <Opcode : 'mul'> <InPorts = 2> <OutPorts = 1>
ST_5 : Operation 678 [1/1] (0.00ns)   --->   "%sext_ln73_721 = sext i16 %w_688" [firmware/nnet_utils/nnet_mult.h:73->firmware/nnet_utils/nnet_dense_resource.h:59->firmware/nnet_utils/nnet_dense_resource.h:262->firmware/nnet_utils/nnet_dense_stream.h:24->firmware/nnet_utils/nnet_dense_stream.h:97]   --->   Operation 678 'sext' 'sext_ln73_721' <Predicate = true> <Delay = 0.00>
ST_5 : Operation 679 [2/2] (3.34ns)   --->   "%mul_ln58_690 = mul i26 %sext_ln73_721, i26 %sext_ln73_582" [firmware/nnet_utils/nnet_dense_resource.h:58->firmware/nnet_utils/nnet_dense_resource.h:262->firmware/nnet_utils/nnet_dense_stream.h:24->firmware/nnet_utils/nnet_dense_stream.h:97]   --->   Operation 679 'mul' 'mul_ln58_690' <Predicate = true> <Delay = 3.34> <CoreInst = "Multiplier">   --->   Core 3 'Multiplier' <Latency = 1> <II = 1> <Delay = 3.34> <FuncUnit> <Opcode : 'mul'> <InPorts = 2> <OutPorts = 1>
ST_5 : Operation 680 [1/1] (0.00ns)   --->   "%sext_ln73_722 = sext i16 %w_689" [firmware/nnet_utils/nnet_mult.h:73->firmware/nnet_utils/nnet_dense_resource.h:59->firmware/nnet_utils/nnet_dense_resource.h:262->firmware/nnet_utils/nnet_dense_stream.h:24->firmware/nnet_utils/nnet_dense_stream.h:97]   --->   Operation 680 'sext' 'sext_ln73_722' <Predicate = true> <Delay = 0.00>
ST_5 : Operation 681 [2/2] (3.34ns)   --->   "%mul_ln58_691 = mul i26 %sext_ln73_722, i26 %sext_ln73_584" [firmware/nnet_utils/nnet_dense_resource.h:58->firmware/nnet_utils/nnet_dense_resource.h:262->firmware/nnet_utils/nnet_dense_stream.h:24->firmware/nnet_utils/nnet_dense_stream.h:97]   --->   Operation 681 'mul' 'mul_ln58_691' <Predicate = true> <Delay = 3.34> <CoreInst = "Multiplier">   --->   Core 3 'Multiplier' <Latency = 1> <II = 1> <Delay = 3.34> <FuncUnit> <Opcode : 'mul'> <InPorts = 2> <OutPorts = 1>
ST_5 : Operation 682 [1/1] (0.00ns)   --->   "%sext_ln73_723 = sext i16 %w_690" [firmware/nnet_utils/nnet_mult.h:73->firmware/nnet_utils/nnet_dense_resource.h:59->firmware/nnet_utils/nnet_dense_resource.h:262->firmware/nnet_utils/nnet_dense_stream.h:24->firmware/nnet_utils/nnet_dense_stream.h:97]   --->   Operation 682 'sext' 'sext_ln73_723' <Predicate = true> <Delay = 0.00>
ST_5 : Operation 683 [2/2] (3.34ns)   --->   "%mul_ln58_692 = mul i26 %sext_ln73_723, i26 %sext_ln73_586" [firmware/nnet_utils/nnet_dense_resource.h:58->firmware/nnet_utils/nnet_dense_resource.h:262->firmware/nnet_utils/nnet_dense_stream.h:24->firmware/nnet_utils/nnet_dense_stream.h:97]   --->   Operation 683 'mul' 'mul_ln58_692' <Predicate = true> <Delay = 3.34> <CoreInst = "Multiplier">   --->   Core 3 'Multiplier' <Latency = 1> <II = 1> <Delay = 3.34> <FuncUnit> <Opcode : 'mul'> <InPorts = 2> <OutPorts = 1>
ST_5 : Operation 684 [1/1] (0.00ns)   --->   "%sext_ln73_724 = sext i16 %w_691" [firmware/nnet_utils/nnet_mult.h:73->firmware/nnet_utils/nnet_dense_resource.h:59->firmware/nnet_utils/nnet_dense_resource.h:262->firmware/nnet_utils/nnet_dense_stream.h:24->firmware/nnet_utils/nnet_dense_stream.h:97]   --->   Operation 684 'sext' 'sext_ln73_724' <Predicate = true> <Delay = 0.00>
ST_5 : Operation 685 [2/2] (3.34ns)   --->   "%mul_ln58_693 = mul i26 %sext_ln73_724, i26 %sext_ln73_588" [firmware/nnet_utils/nnet_dense_resource.h:58->firmware/nnet_utils/nnet_dense_resource.h:262->firmware/nnet_utils/nnet_dense_stream.h:24->firmware/nnet_utils/nnet_dense_stream.h:97]   --->   Operation 685 'mul' 'mul_ln58_693' <Predicate = true> <Delay = 3.34> <CoreInst = "Multiplier">   --->   Core 3 'Multiplier' <Latency = 1> <II = 1> <Delay = 3.34> <FuncUnit> <Opcode : 'mul'> <InPorts = 2> <OutPorts = 1>
ST_5 : Operation 686 [1/1] (0.00ns)   --->   "%sext_ln73_725 = sext i16 %w_692" [firmware/nnet_utils/nnet_mult.h:73->firmware/nnet_utils/nnet_dense_resource.h:59->firmware/nnet_utils/nnet_dense_resource.h:262->firmware/nnet_utils/nnet_dense_stream.h:24->firmware/nnet_utils/nnet_dense_stream.h:97]   --->   Operation 686 'sext' 'sext_ln73_725' <Predicate = true> <Delay = 0.00>
ST_5 : Operation 687 [2/2] (3.34ns)   --->   "%mul_ln58_694 = mul i26 %sext_ln73_725, i26 %sext_ln73_574" [firmware/nnet_utils/nnet_dense_resource.h:58->firmware/nnet_utils/nnet_dense_resource.h:262->firmware/nnet_utils/nnet_dense_stream.h:24->firmware/nnet_utils/nnet_dense_stream.h:97]   --->   Operation 687 'mul' 'mul_ln58_694' <Predicate = true> <Delay = 3.34> <CoreInst = "Multiplier">   --->   Core 3 'Multiplier' <Latency = 1> <II = 1> <Delay = 3.34> <FuncUnit> <Opcode : 'mul'> <InPorts = 2> <OutPorts = 1>
ST_5 : Operation 688 [1/1] (0.00ns)   --->   "%sext_ln73_726 = sext i16 %w_693" [firmware/nnet_utils/nnet_mult.h:73->firmware/nnet_utils/nnet_dense_resource.h:59->firmware/nnet_utils/nnet_dense_resource.h:262->firmware/nnet_utils/nnet_dense_stream.h:24->firmware/nnet_utils/nnet_dense_stream.h:97]   --->   Operation 688 'sext' 'sext_ln73_726' <Predicate = true> <Delay = 0.00>
ST_5 : Operation 689 [2/2] (3.34ns)   --->   "%mul_ln58_695 = mul i26 %sext_ln73_726, i26 %sext_ln73_576" [firmware/nnet_utils/nnet_dense_resource.h:58->firmware/nnet_utils/nnet_dense_resource.h:262->firmware/nnet_utils/nnet_dense_stream.h:24->firmware/nnet_utils/nnet_dense_stream.h:97]   --->   Operation 689 'mul' 'mul_ln58_695' <Predicate = true> <Delay = 3.34> <CoreInst = "Multiplier">   --->   Core 3 'Multiplier' <Latency = 1> <II = 1> <Delay = 3.34> <FuncUnit> <Opcode : 'mul'> <InPorts = 2> <OutPorts = 1>
ST_5 : Operation 690 [1/1] (0.00ns)   --->   "%sext_ln73_727 = sext i16 %w_694" [firmware/nnet_utils/nnet_mult.h:73->firmware/nnet_utils/nnet_dense_resource.h:59->firmware/nnet_utils/nnet_dense_resource.h:262->firmware/nnet_utils/nnet_dense_stream.h:24->firmware/nnet_utils/nnet_dense_stream.h:97]   --->   Operation 690 'sext' 'sext_ln73_727' <Predicate = true> <Delay = 0.00>
ST_5 : Operation 691 [2/2] (3.34ns)   --->   "%mul_ln58_696 = mul i26 %sext_ln73_727, i26 %sext_ln73_578" [firmware/nnet_utils/nnet_dense_resource.h:58->firmware/nnet_utils/nnet_dense_resource.h:262->firmware/nnet_utils/nnet_dense_stream.h:24->firmware/nnet_utils/nnet_dense_stream.h:97]   --->   Operation 691 'mul' 'mul_ln58_696' <Predicate = true> <Delay = 3.34> <CoreInst = "Multiplier">   --->   Core 3 'Multiplier' <Latency = 1> <II = 1> <Delay = 3.34> <FuncUnit> <Opcode : 'mul'> <InPorts = 2> <OutPorts = 1>
ST_5 : Operation 692 [1/1] (0.00ns)   --->   "%sext_ln73_728 = sext i16 %w_695" [firmware/nnet_utils/nnet_mult.h:73->firmware/nnet_utils/nnet_dense_resource.h:59->firmware/nnet_utils/nnet_dense_resource.h:262->firmware/nnet_utils/nnet_dense_stream.h:24->firmware/nnet_utils/nnet_dense_stream.h:97]   --->   Operation 692 'sext' 'sext_ln73_728' <Predicate = true> <Delay = 0.00>
ST_5 : Operation 693 [2/2] (3.34ns)   --->   "%mul_ln58_697 = mul i26 %sext_ln73_728, i26 %sext_ln73_580" [firmware/nnet_utils/nnet_dense_resource.h:58->firmware/nnet_utils/nnet_dense_resource.h:262->firmware/nnet_utils/nnet_dense_stream.h:24->firmware/nnet_utils/nnet_dense_stream.h:97]   --->   Operation 693 'mul' 'mul_ln58_697' <Predicate = true> <Delay = 3.34> <CoreInst = "Multiplier">   --->   Core 3 'Multiplier' <Latency = 1> <II = 1> <Delay = 3.34> <FuncUnit> <Opcode : 'mul'> <InPorts = 2> <OutPorts = 1>
ST_5 : Operation 694 [1/1] (0.00ns)   --->   "%sext_ln73_729 = sext i16 %w_696" [firmware/nnet_utils/nnet_mult.h:73->firmware/nnet_utils/nnet_dense_resource.h:59->firmware/nnet_utils/nnet_dense_resource.h:262->firmware/nnet_utils/nnet_dense_stream.h:24->firmware/nnet_utils/nnet_dense_stream.h:97]   --->   Operation 694 'sext' 'sext_ln73_729' <Predicate = true> <Delay = 0.00>
ST_5 : Operation 695 [2/2] (3.34ns)   --->   "%mul_ln58_698 = mul i26 %sext_ln73_729, i26 %sext_ln73_582" [firmware/nnet_utils/nnet_dense_resource.h:58->firmware/nnet_utils/nnet_dense_resource.h:262->firmware/nnet_utils/nnet_dense_stream.h:24->firmware/nnet_utils/nnet_dense_stream.h:97]   --->   Operation 695 'mul' 'mul_ln58_698' <Predicate = true> <Delay = 3.34> <CoreInst = "Multiplier">   --->   Core 3 'Multiplier' <Latency = 1> <II = 1> <Delay = 3.34> <FuncUnit> <Opcode : 'mul'> <InPorts = 2> <OutPorts = 1>
ST_5 : Operation 696 [1/1] (0.00ns)   --->   "%sext_ln73_730 = sext i16 %w_697" [firmware/nnet_utils/nnet_mult.h:73->firmware/nnet_utils/nnet_dense_resource.h:59->firmware/nnet_utils/nnet_dense_resource.h:262->firmware/nnet_utils/nnet_dense_stream.h:24->firmware/nnet_utils/nnet_dense_stream.h:97]   --->   Operation 696 'sext' 'sext_ln73_730' <Predicate = true> <Delay = 0.00>
ST_5 : Operation 697 [2/2] (3.34ns)   --->   "%mul_ln58_699 = mul i26 %sext_ln73_730, i26 %sext_ln73_584" [firmware/nnet_utils/nnet_dense_resource.h:58->firmware/nnet_utils/nnet_dense_resource.h:262->firmware/nnet_utils/nnet_dense_stream.h:24->firmware/nnet_utils/nnet_dense_stream.h:97]   --->   Operation 697 'mul' 'mul_ln58_699' <Predicate = true> <Delay = 3.34> <CoreInst = "Multiplier">   --->   Core 3 'Multiplier' <Latency = 1> <II = 1> <Delay = 3.34> <FuncUnit> <Opcode : 'mul'> <InPorts = 2> <OutPorts = 1>
ST_5 : Operation 698 [1/1] (0.00ns)   --->   "%sext_ln73_731 = sext i16 %w_698" [firmware/nnet_utils/nnet_mult.h:73->firmware/nnet_utils/nnet_dense_resource.h:59->firmware/nnet_utils/nnet_dense_resource.h:262->firmware/nnet_utils/nnet_dense_stream.h:24->firmware/nnet_utils/nnet_dense_stream.h:97]   --->   Operation 698 'sext' 'sext_ln73_731' <Predicate = true> <Delay = 0.00>
ST_5 : Operation 699 [2/2] (3.34ns)   --->   "%mul_ln58_700 = mul i26 %sext_ln73_731, i26 %sext_ln73_586" [firmware/nnet_utils/nnet_dense_resource.h:58->firmware/nnet_utils/nnet_dense_resource.h:262->firmware/nnet_utils/nnet_dense_stream.h:24->firmware/nnet_utils/nnet_dense_stream.h:97]   --->   Operation 699 'mul' 'mul_ln58_700' <Predicate = true> <Delay = 3.34> <CoreInst = "Multiplier">   --->   Core 3 'Multiplier' <Latency = 1> <II = 1> <Delay = 3.34> <FuncUnit> <Opcode : 'mul'> <InPorts = 2> <OutPorts = 1>
ST_5 : Operation 700 [1/1] (0.00ns)   --->   "%sext_ln73_732 = sext i16 %w_699" [firmware/nnet_utils/nnet_mult.h:73->firmware/nnet_utils/nnet_dense_resource.h:59->firmware/nnet_utils/nnet_dense_resource.h:262->firmware/nnet_utils/nnet_dense_stream.h:24->firmware/nnet_utils/nnet_dense_stream.h:97]   --->   Operation 700 'sext' 'sext_ln73_732' <Predicate = true> <Delay = 0.00>
ST_5 : Operation 701 [2/2] (3.34ns)   --->   "%mul_ln58_701 = mul i26 %sext_ln73_732, i26 %sext_ln73_588" [firmware/nnet_utils/nnet_dense_resource.h:58->firmware/nnet_utils/nnet_dense_resource.h:262->firmware/nnet_utils/nnet_dense_stream.h:24->firmware/nnet_utils/nnet_dense_stream.h:97]   --->   Operation 701 'mul' 'mul_ln58_701' <Predicate = true> <Delay = 3.34> <CoreInst = "Multiplier">   --->   Core 3 'Multiplier' <Latency = 1> <II = 1> <Delay = 3.34> <FuncUnit> <Opcode : 'mul'> <InPorts = 2> <OutPorts = 1>
ST_5 : Operation 702 [1/1] (0.00ns)   --->   "%sext_ln73_733 = sext i16 %w_700" [firmware/nnet_utils/nnet_mult.h:73->firmware/nnet_utils/nnet_dense_resource.h:59->firmware/nnet_utils/nnet_dense_resource.h:262->firmware/nnet_utils/nnet_dense_stream.h:24->firmware/nnet_utils/nnet_dense_stream.h:97]   --->   Operation 702 'sext' 'sext_ln73_733' <Predicate = true> <Delay = 0.00>
ST_5 : Operation 703 [2/2] (3.34ns)   --->   "%mul_ln58_702 = mul i26 %sext_ln73_733, i26 %sext_ln73_574" [firmware/nnet_utils/nnet_dense_resource.h:58->firmware/nnet_utils/nnet_dense_resource.h:262->firmware/nnet_utils/nnet_dense_stream.h:24->firmware/nnet_utils/nnet_dense_stream.h:97]   --->   Operation 703 'mul' 'mul_ln58_702' <Predicate = true> <Delay = 3.34> <CoreInst = "Multiplier">   --->   Core 3 'Multiplier' <Latency = 1> <II = 1> <Delay = 3.34> <FuncUnit> <Opcode : 'mul'> <InPorts = 2> <OutPorts = 1>
ST_5 : Operation 704 [1/1] (0.00ns)   --->   "%sext_ln73_734 = sext i16 %w_701" [firmware/nnet_utils/nnet_mult.h:73->firmware/nnet_utils/nnet_dense_resource.h:59->firmware/nnet_utils/nnet_dense_resource.h:262->firmware/nnet_utils/nnet_dense_stream.h:24->firmware/nnet_utils/nnet_dense_stream.h:97]   --->   Operation 704 'sext' 'sext_ln73_734' <Predicate = true> <Delay = 0.00>
ST_5 : Operation 705 [2/2] (3.34ns)   --->   "%mul_ln58_703 = mul i26 %sext_ln73_734, i26 %sext_ln73_576" [firmware/nnet_utils/nnet_dense_resource.h:58->firmware/nnet_utils/nnet_dense_resource.h:262->firmware/nnet_utils/nnet_dense_stream.h:24->firmware/nnet_utils/nnet_dense_stream.h:97]   --->   Operation 705 'mul' 'mul_ln58_703' <Predicate = true> <Delay = 3.34> <CoreInst = "Multiplier">   --->   Core 3 'Multiplier' <Latency = 1> <II = 1> <Delay = 3.34> <FuncUnit> <Opcode : 'mul'> <InPorts = 2> <OutPorts = 1>
ST_5 : Operation 706 [1/1] (0.00ns)   --->   "%sext_ln73_735 = sext i16 %w_702" [firmware/nnet_utils/nnet_mult.h:73->firmware/nnet_utils/nnet_dense_resource.h:59->firmware/nnet_utils/nnet_dense_resource.h:262->firmware/nnet_utils/nnet_dense_stream.h:24->firmware/nnet_utils/nnet_dense_stream.h:97]   --->   Operation 706 'sext' 'sext_ln73_735' <Predicate = true> <Delay = 0.00>
ST_5 : Operation 707 [2/2] (3.34ns)   --->   "%mul_ln58_704 = mul i26 %sext_ln73_735, i26 %sext_ln73_578" [firmware/nnet_utils/nnet_dense_resource.h:58->firmware/nnet_utils/nnet_dense_resource.h:262->firmware/nnet_utils/nnet_dense_stream.h:24->firmware/nnet_utils/nnet_dense_stream.h:97]   --->   Operation 707 'mul' 'mul_ln58_704' <Predicate = true> <Delay = 3.34> <CoreInst = "Multiplier">   --->   Core 3 'Multiplier' <Latency = 1> <II = 1> <Delay = 3.34> <FuncUnit> <Opcode : 'mul'> <InPorts = 2> <OutPorts = 1>
ST_5 : Operation 708 [1/1] (0.00ns)   --->   "%sext_ln73_736 = sext i16 %w_703" [firmware/nnet_utils/nnet_mult.h:73->firmware/nnet_utils/nnet_dense_resource.h:59->firmware/nnet_utils/nnet_dense_resource.h:262->firmware/nnet_utils/nnet_dense_stream.h:24->firmware/nnet_utils/nnet_dense_stream.h:97]   --->   Operation 708 'sext' 'sext_ln73_736' <Predicate = true> <Delay = 0.00>
ST_5 : Operation 709 [2/2] (3.34ns)   --->   "%mul_ln58_705 = mul i26 %sext_ln73_736, i26 %sext_ln73_580" [firmware/nnet_utils/nnet_dense_resource.h:58->firmware/nnet_utils/nnet_dense_resource.h:262->firmware/nnet_utils/nnet_dense_stream.h:24->firmware/nnet_utils/nnet_dense_stream.h:97]   --->   Operation 709 'mul' 'mul_ln58_705' <Predicate = true> <Delay = 3.34> <CoreInst = "Multiplier">   --->   Core 3 'Multiplier' <Latency = 1> <II = 1> <Delay = 3.34> <FuncUnit> <Opcode : 'mul'> <InPorts = 2> <OutPorts = 1>
ST_5 : Operation 710 [1/1] (0.00ns)   --->   "%sext_ln73_737 = sext i16 %w_704" [firmware/nnet_utils/nnet_mult.h:73->firmware/nnet_utils/nnet_dense_resource.h:59->firmware/nnet_utils/nnet_dense_resource.h:262->firmware/nnet_utils/nnet_dense_stream.h:24->firmware/nnet_utils/nnet_dense_stream.h:97]   --->   Operation 710 'sext' 'sext_ln73_737' <Predicate = true> <Delay = 0.00>
ST_5 : Operation 711 [2/2] (3.34ns)   --->   "%mul_ln58_706 = mul i26 %sext_ln73_737, i26 %sext_ln73_582" [firmware/nnet_utils/nnet_dense_resource.h:58->firmware/nnet_utils/nnet_dense_resource.h:262->firmware/nnet_utils/nnet_dense_stream.h:24->firmware/nnet_utils/nnet_dense_stream.h:97]   --->   Operation 711 'mul' 'mul_ln58_706' <Predicate = true> <Delay = 3.34> <CoreInst = "Multiplier">   --->   Core 3 'Multiplier' <Latency = 1> <II = 1> <Delay = 3.34> <FuncUnit> <Opcode : 'mul'> <InPorts = 2> <OutPorts = 1>
ST_5 : Operation 712 [1/1] (0.00ns)   --->   "%sext_ln73_738 = sext i16 %w_705" [firmware/nnet_utils/nnet_mult.h:73->firmware/nnet_utils/nnet_dense_resource.h:59->firmware/nnet_utils/nnet_dense_resource.h:262->firmware/nnet_utils/nnet_dense_stream.h:24->firmware/nnet_utils/nnet_dense_stream.h:97]   --->   Operation 712 'sext' 'sext_ln73_738' <Predicate = true> <Delay = 0.00>
ST_5 : Operation 713 [2/2] (3.34ns)   --->   "%mul_ln58_707 = mul i26 %sext_ln73_738, i26 %sext_ln73_584" [firmware/nnet_utils/nnet_dense_resource.h:58->firmware/nnet_utils/nnet_dense_resource.h:262->firmware/nnet_utils/nnet_dense_stream.h:24->firmware/nnet_utils/nnet_dense_stream.h:97]   --->   Operation 713 'mul' 'mul_ln58_707' <Predicate = true> <Delay = 3.34> <CoreInst = "Multiplier">   --->   Core 3 'Multiplier' <Latency = 1> <II = 1> <Delay = 3.34> <FuncUnit> <Opcode : 'mul'> <InPorts = 2> <OutPorts = 1>
ST_5 : Operation 714 [1/1] (0.00ns)   --->   "%sext_ln73_739 = sext i16 %w_706" [firmware/nnet_utils/nnet_mult.h:73->firmware/nnet_utils/nnet_dense_resource.h:59->firmware/nnet_utils/nnet_dense_resource.h:262->firmware/nnet_utils/nnet_dense_stream.h:24->firmware/nnet_utils/nnet_dense_stream.h:97]   --->   Operation 714 'sext' 'sext_ln73_739' <Predicate = true> <Delay = 0.00>
ST_5 : Operation 715 [2/2] (3.34ns)   --->   "%mul_ln58_708 = mul i26 %sext_ln73_739, i26 %sext_ln73_586" [firmware/nnet_utils/nnet_dense_resource.h:58->firmware/nnet_utils/nnet_dense_resource.h:262->firmware/nnet_utils/nnet_dense_stream.h:24->firmware/nnet_utils/nnet_dense_stream.h:97]   --->   Operation 715 'mul' 'mul_ln58_708' <Predicate = true> <Delay = 3.34> <CoreInst = "Multiplier">   --->   Core 3 'Multiplier' <Latency = 1> <II = 1> <Delay = 3.34> <FuncUnit> <Opcode : 'mul'> <InPorts = 2> <OutPorts = 1>
ST_5 : Operation 716 [1/1] (0.00ns)   --->   "%sext_ln73_740 = sext i16 %w_707" [firmware/nnet_utils/nnet_mult.h:73->firmware/nnet_utils/nnet_dense_resource.h:59->firmware/nnet_utils/nnet_dense_resource.h:262->firmware/nnet_utils/nnet_dense_stream.h:24->firmware/nnet_utils/nnet_dense_stream.h:97]   --->   Operation 716 'sext' 'sext_ln73_740' <Predicate = true> <Delay = 0.00>
ST_5 : Operation 717 [2/2] (3.34ns)   --->   "%mul_ln58_709 = mul i26 %sext_ln73_740, i26 %sext_ln73_588" [firmware/nnet_utils/nnet_dense_resource.h:58->firmware/nnet_utils/nnet_dense_resource.h:262->firmware/nnet_utils/nnet_dense_stream.h:24->firmware/nnet_utils/nnet_dense_stream.h:97]   --->   Operation 717 'mul' 'mul_ln58_709' <Predicate = true> <Delay = 3.34> <CoreInst = "Multiplier">   --->   Core 3 'Multiplier' <Latency = 1> <II = 1> <Delay = 3.34> <FuncUnit> <Opcode : 'mul'> <InPorts = 2> <OutPorts = 1>
ST_5 : Operation 718 [1/1] (0.00ns)   --->   "%sext_ln73_741 = sext i16 %w_708" [firmware/nnet_utils/nnet_mult.h:73->firmware/nnet_utils/nnet_dense_resource.h:59->firmware/nnet_utils/nnet_dense_resource.h:262->firmware/nnet_utils/nnet_dense_stream.h:24->firmware/nnet_utils/nnet_dense_stream.h:97]   --->   Operation 718 'sext' 'sext_ln73_741' <Predicate = true> <Delay = 0.00>
ST_5 : Operation 719 [2/2] (3.34ns)   --->   "%mul_ln58_710 = mul i26 %sext_ln73_741, i26 %sext_ln73_574" [firmware/nnet_utils/nnet_dense_resource.h:58->firmware/nnet_utils/nnet_dense_resource.h:262->firmware/nnet_utils/nnet_dense_stream.h:24->firmware/nnet_utils/nnet_dense_stream.h:97]   --->   Operation 719 'mul' 'mul_ln58_710' <Predicate = true> <Delay = 3.34> <CoreInst = "Multiplier">   --->   Core 3 'Multiplier' <Latency = 1> <II = 1> <Delay = 3.34> <FuncUnit> <Opcode : 'mul'> <InPorts = 2> <OutPorts = 1>
ST_5 : Operation 720 [1/1] (0.00ns)   --->   "%sext_ln73_742 = sext i16 %w_709" [firmware/nnet_utils/nnet_mult.h:73->firmware/nnet_utils/nnet_dense_resource.h:59->firmware/nnet_utils/nnet_dense_resource.h:262->firmware/nnet_utils/nnet_dense_stream.h:24->firmware/nnet_utils/nnet_dense_stream.h:97]   --->   Operation 720 'sext' 'sext_ln73_742' <Predicate = true> <Delay = 0.00>
ST_5 : Operation 721 [2/2] (3.34ns)   --->   "%mul_ln58_711 = mul i26 %sext_ln73_742, i26 %sext_ln73_576" [firmware/nnet_utils/nnet_dense_resource.h:58->firmware/nnet_utils/nnet_dense_resource.h:262->firmware/nnet_utils/nnet_dense_stream.h:24->firmware/nnet_utils/nnet_dense_stream.h:97]   --->   Operation 721 'mul' 'mul_ln58_711' <Predicate = true> <Delay = 3.34> <CoreInst = "Multiplier">   --->   Core 3 'Multiplier' <Latency = 1> <II = 1> <Delay = 3.34> <FuncUnit> <Opcode : 'mul'> <InPorts = 2> <OutPorts = 1>
ST_5 : Operation 722 [1/1] (0.00ns)   --->   "%sext_ln73_743 = sext i16 %w_710" [firmware/nnet_utils/nnet_mult.h:73->firmware/nnet_utils/nnet_dense_resource.h:59->firmware/nnet_utils/nnet_dense_resource.h:262->firmware/nnet_utils/nnet_dense_stream.h:24->firmware/nnet_utils/nnet_dense_stream.h:97]   --->   Operation 722 'sext' 'sext_ln73_743' <Predicate = true> <Delay = 0.00>
ST_5 : Operation 723 [2/2] (3.34ns)   --->   "%mul_ln58_712 = mul i26 %sext_ln73_743, i26 %sext_ln73_578" [firmware/nnet_utils/nnet_dense_resource.h:58->firmware/nnet_utils/nnet_dense_resource.h:262->firmware/nnet_utils/nnet_dense_stream.h:24->firmware/nnet_utils/nnet_dense_stream.h:97]   --->   Operation 723 'mul' 'mul_ln58_712' <Predicate = true> <Delay = 3.34> <CoreInst = "Multiplier">   --->   Core 3 'Multiplier' <Latency = 1> <II = 1> <Delay = 3.34> <FuncUnit> <Opcode : 'mul'> <InPorts = 2> <OutPorts = 1>
ST_5 : Operation 724 [1/1] (0.00ns)   --->   "%sext_ln73_744 = sext i16 %w_711" [firmware/nnet_utils/nnet_mult.h:73->firmware/nnet_utils/nnet_dense_resource.h:59->firmware/nnet_utils/nnet_dense_resource.h:262->firmware/nnet_utils/nnet_dense_stream.h:24->firmware/nnet_utils/nnet_dense_stream.h:97]   --->   Operation 724 'sext' 'sext_ln73_744' <Predicate = true> <Delay = 0.00>
ST_5 : Operation 725 [2/2] (3.34ns)   --->   "%mul_ln58_713 = mul i26 %sext_ln73_744, i26 %sext_ln73_580" [firmware/nnet_utils/nnet_dense_resource.h:58->firmware/nnet_utils/nnet_dense_resource.h:262->firmware/nnet_utils/nnet_dense_stream.h:24->firmware/nnet_utils/nnet_dense_stream.h:97]   --->   Operation 725 'mul' 'mul_ln58_713' <Predicate = true> <Delay = 3.34> <CoreInst = "Multiplier">   --->   Core 3 'Multiplier' <Latency = 1> <II = 1> <Delay = 3.34> <FuncUnit> <Opcode : 'mul'> <InPorts = 2> <OutPorts = 1>
ST_5 : Operation 726 [1/1] (0.00ns)   --->   "%sext_ln73_745 = sext i16 %w_712" [firmware/nnet_utils/nnet_mult.h:73->firmware/nnet_utils/nnet_dense_resource.h:59->firmware/nnet_utils/nnet_dense_resource.h:262->firmware/nnet_utils/nnet_dense_stream.h:24->firmware/nnet_utils/nnet_dense_stream.h:97]   --->   Operation 726 'sext' 'sext_ln73_745' <Predicate = true> <Delay = 0.00>
ST_5 : Operation 727 [2/2] (3.34ns)   --->   "%mul_ln58_714 = mul i26 %sext_ln73_745, i26 %sext_ln73_582" [firmware/nnet_utils/nnet_dense_resource.h:58->firmware/nnet_utils/nnet_dense_resource.h:262->firmware/nnet_utils/nnet_dense_stream.h:24->firmware/nnet_utils/nnet_dense_stream.h:97]   --->   Operation 727 'mul' 'mul_ln58_714' <Predicate = true> <Delay = 3.34> <CoreInst = "Multiplier">   --->   Core 3 'Multiplier' <Latency = 1> <II = 1> <Delay = 3.34> <FuncUnit> <Opcode : 'mul'> <InPorts = 2> <OutPorts = 1>
ST_5 : Operation 728 [1/1] (0.00ns)   --->   "%sext_ln73_746 = sext i16 %w_713" [firmware/nnet_utils/nnet_mult.h:73->firmware/nnet_utils/nnet_dense_resource.h:59->firmware/nnet_utils/nnet_dense_resource.h:262->firmware/nnet_utils/nnet_dense_stream.h:24->firmware/nnet_utils/nnet_dense_stream.h:97]   --->   Operation 728 'sext' 'sext_ln73_746' <Predicate = true> <Delay = 0.00>
ST_5 : Operation 729 [2/2] (3.34ns)   --->   "%mul_ln58_715 = mul i26 %sext_ln73_746, i26 %sext_ln73_584" [firmware/nnet_utils/nnet_dense_resource.h:58->firmware/nnet_utils/nnet_dense_resource.h:262->firmware/nnet_utils/nnet_dense_stream.h:24->firmware/nnet_utils/nnet_dense_stream.h:97]   --->   Operation 729 'mul' 'mul_ln58_715' <Predicate = true> <Delay = 3.34> <CoreInst = "Multiplier">   --->   Core 3 'Multiplier' <Latency = 1> <II = 1> <Delay = 3.34> <FuncUnit> <Opcode : 'mul'> <InPorts = 2> <OutPorts = 1>
ST_5 : Operation 730 [1/1] (0.00ns)   --->   "%sext_ln73_747 = sext i16 %w_714" [firmware/nnet_utils/nnet_mult.h:73->firmware/nnet_utils/nnet_dense_resource.h:59->firmware/nnet_utils/nnet_dense_resource.h:262->firmware/nnet_utils/nnet_dense_stream.h:24->firmware/nnet_utils/nnet_dense_stream.h:97]   --->   Operation 730 'sext' 'sext_ln73_747' <Predicate = true> <Delay = 0.00>
ST_5 : Operation 731 [2/2] (3.34ns)   --->   "%mul_ln58_716 = mul i26 %sext_ln73_747, i26 %sext_ln73_586" [firmware/nnet_utils/nnet_dense_resource.h:58->firmware/nnet_utils/nnet_dense_resource.h:262->firmware/nnet_utils/nnet_dense_stream.h:24->firmware/nnet_utils/nnet_dense_stream.h:97]   --->   Operation 731 'mul' 'mul_ln58_716' <Predicate = true> <Delay = 3.34> <CoreInst = "Multiplier">   --->   Core 3 'Multiplier' <Latency = 1> <II = 1> <Delay = 3.34> <FuncUnit> <Opcode : 'mul'> <InPorts = 2> <OutPorts = 1>
ST_5 : Operation 732 [1/1] (0.00ns)   --->   "%sext_ln73_748 = sext i16 %w_715" [firmware/nnet_utils/nnet_mult.h:73->firmware/nnet_utils/nnet_dense_resource.h:59->firmware/nnet_utils/nnet_dense_resource.h:262->firmware/nnet_utils/nnet_dense_stream.h:24->firmware/nnet_utils/nnet_dense_stream.h:97]   --->   Operation 732 'sext' 'sext_ln73_748' <Predicate = true> <Delay = 0.00>
ST_5 : Operation 733 [2/2] (3.34ns)   --->   "%mul_ln58_717 = mul i26 %sext_ln73_748, i26 %sext_ln73_588" [firmware/nnet_utils/nnet_dense_resource.h:58->firmware/nnet_utils/nnet_dense_resource.h:262->firmware/nnet_utils/nnet_dense_stream.h:24->firmware/nnet_utils/nnet_dense_stream.h:97]   --->   Operation 733 'mul' 'mul_ln58_717' <Predicate = true> <Delay = 3.34> <CoreInst = "Multiplier">   --->   Core 3 'Multiplier' <Latency = 1> <II = 1> <Delay = 3.34> <FuncUnit> <Opcode : 'mul'> <InPorts = 2> <OutPorts = 1>
ST_5 : Operation 734 [1/1] (0.00ns)   --->   "%sext_ln73_749 = sext i16 %w_716" [firmware/nnet_utils/nnet_mult.h:73->firmware/nnet_utils/nnet_dense_resource.h:59->firmware/nnet_utils/nnet_dense_resource.h:262->firmware/nnet_utils/nnet_dense_stream.h:24->firmware/nnet_utils/nnet_dense_stream.h:97]   --->   Operation 734 'sext' 'sext_ln73_749' <Predicate = true> <Delay = 0.00>
ST_5 : Operation 735 [2/2] (3.34ns)   --->   "%mul_ln58_718 = mul i26 %sext_ln73_749, i26 %sext_ln73_574" [firmware/nnet_utils/nnet_dense_resource.h:58->firmware/nnet_utils/nnet_dense_resource.h:262->firmware/nnet_utils/nnet_dense_stream.h:24->firmware/nnet_utils/nnet_dense_stream.h:97]   --->   Operation 735 'mul' 'mul_ln58_718' <Predicate = true> <Delay = 3.34> <CoreInst = "Multiplier">   --->   Core 3 'Multiplier' <Latency = 1> <II = 1> <Delay = 3.34> <FuncUnit> <Opcode : 'mul'> <InPorts = 2> <OutPorts = 1>
ST_5 : Operation 736 [1/1] (0.00ns)   --->   "%sext_ln73_750 = sext i16 %w_717" [firmware/nnet_utils/nnet_mult.h:73->firmware/nnet_utils/nnet_dense_resource.h:59->firmware/nnet_utils/nnet_dense_resource.h:262->firmware/nnet_utils/nnet_dense_stream.h:24->firmware/nnet_utils/nnet_dense_stream.h:97]   --->   Operation 736 'sext' 'sext_ln73_750' <Predicate = true> <Delay = 0.00>
ST_5 : Operation 737 [2/2] (3.34ns)   --->   "%mul_ln58_719 = mul i26 %sext_ln73_750, i26 %sext_ln73_576" [firmware/nnet_utils/nnet_dense_resource.h:58->firmware/nnet_utils/nnet_dense_resource.h:262->firmware/nnet_utils/nnet_dense_stream.h:24->firmware/nnet_utils/nnet_dense_stream.h:97]   --->   Operation 737 'mul' 'mul_ln58_719' <Predicate = true> <Delay = 3.34> <CoreInst = "Multiplier">   --->   Core 3 'Multiplier' <Latency = 1> <II = 1> <Delay = 3.34> <FuncUnit> <Opcode : 'mul'> <InPorts = 2> <OutPorts = 1>
ST_5 : Operation 738 [1/1] (0.00ns)   --->   "%sext_ln73_751 = sext i16 %w_718" [firmware/nnet_utils/nnet_mult.h:73->firmware/nnet_utils/nnet_dense_resource.h:59->firmware/nnet_utils/nnet_dense_resource.h:262->firmware/nnet_utils/nnet_dense_stream.h:24->firmware/nnet_utils/nnet_dense_stream.h:97]   --->   Operation 738 'sext' 'sext_ln73_751' <Predicate = true> <Delay = 0.00>
ST_5 : Operation 739 [2/2] (3.34ns)   --->   "%mul_ln58_720 = mul i26 %sext_ln73_751, i26 %sext_ln73_578" [firmware/nnet_utils/nnet_dense_resource.h:58->firmware/nnet_utils/nnet_dense_resource.h:262->firmware/nnet_utils/nnet_dense_stream.h:24->firmware/nnet_utils/nnet_dense_stream.h:97]   --->   Operation 739 'mul' 'mul_ln58_720' <Predicate = true> <Delay = 3.34> <CoreInst = "Multiplier">   --->   Core 3 'Multiplier' <Latency = 1> <II = 1> <Delay = 3.34> <FuncUnit> <Opcode : 'mul'> <InPorts = 2> <OutPorts = 1>
ST_5 : Operation 740 [1/1] (0.00ns)   --->   "%sext_ln73_752 = sext i16 %w_719" [firmware/nnet_utils/nnet_mult.h:73->firmware/nnet_utils/nnet_dense_resource.h:59->firmware/nnet_utils/nnet_dense_resource.h:262->firmware/nnet_utils/nnet_dense_stream.h:24->firmware/nnet_utils/nnet_dense_stream.h:97]   --->   Operation 740 'sext' 'sext_ln73_752' <Predicate = true> <Delay = 0.00>
ST_5 : Operation 741 [2/2] (3.34ns)   --->   "%mul_ln58_721 = mul i26 %sext_ln73_752, i26 %sext_ln73_580" [firmware/nnet_utils/nnet_dense_resource.h:58->firmware/nnet_utils/nnet_dense_resource.h:262->firmware/nnet_utils/nnet_dense_stream.h:24->firmware/nnet_utils/nnet_dense_stream.h:97]   --->   Operation 741 'mul' 'mul_ln58_721' <Predicate = true> <Delay = 3.34> <CoreInst = "Multiplier">   --->   Core 3 'Multiplier' <Latency = 1> <II = 1> <Delay = 3.34> <FuncUnit> <Opcode : 'mul'> <InPorts = 2> <OutPorts = 1>
ST_5 : Operation 742 [1/1] (0.00ns)   --->   "%sext_ln73_753 = sext i16 %w_720" [firmware/nnet_utils/nnet_mult.h:73->firmware/nnet_utils/nnet_dense_resource.h:59->firmware/nnet_utils/nnet_dense_resource.h:262->firmware/nnet_utils/nnet_dense_stream.h:24->firmware/nnet_utils/nnet_dense_stream.h:97]   --->   Operation 742 'sext' 'sext_ln73_753' <Predicate = true> <Delay = 0.00>
ST_5 : Operation 743 [2/2] (3.34ns)   --->   "%mul_ln58_722 = mul i26 %sext_ln73_753, i26 %sext_ln73_582" [firmware/nnet_utils/nnet_dense_resource.h:58->firmware/nnet_utils/nnet_dense_resource.h:262->firmware/nnet_utils/nnet_dense_stream.h:24->firmware/nnet_utils/nnet_dense_stream.h:97]   --->   Operation 743 'mul' 'mul_ln58_722' <Predicate = true> <Delay = 3.34> <CoreInst = "Multiplier">   --->   Core 3 'Multiplier' <Latency = 1> <II = 1> <Delay = 3.34> <FuncUnit> <Opcode : 'mul'> <InPorts = 2> <OutPorts = 1>
ST_5 : Operation 744 [1/1] (0.00ns)   --->   "%sext_ln73_754 = sext i16 %w_721" [firmware/nnet_utils/nnet_mult.h:73->firmware/nnet_utils/nnet_dense_resource.h:59->firmware/nnet_utils/nnet_dense_resource.h:262->firmware/nnet_utils/nnet_dense_stream.h:24->firmware/nnet_utils/nnet_dense_stream.h:97]   --->   Operation 744 'sext' 'sext_ln73_754' <Predicate = true> <Delay = 0.00>
ST_5 : Operation 745 [2/2] (3.34ns)   --->   "%mul_ln58_723 = mul i26 %sext_ln73_754, i26 %sext_ln73_584" [firmware/nnet_utils/nnet_dense_resource.h:58->firmware/nnet_utils/nnet_dense_resource.h:262->firmware/nnet_utils/nnet_dense_stream.h:24->firmware/nnet_utils/nnet_dense_stream.h:97]   --->   Operation 745 'mul' 'mul_ln58_723' <Predicate = true> <Delay = 3.34> <CoreInst = "Multiplier">   --->   Core 3 'Multiplier' <Latency = 1> <II = 1> <Delay = 3.34> <FuncUnit> <Opcode : 'mul'> <InPorts = 2> <OutPorts = 1>
ST_5 : Operation 746 [1/1] (0.00ns)   --->   "%sext_ln73_755 = sext i16 %w_722" [firmware/nnet_utils/nnet_mult.h:73->firmware/nnet_utils/nnet_dense_resource.h:59->firmware/nnet_utils/nnet_dense_resource.h:262->firmware/nnet_utils/nnet_dense_stream.h:24->firmware/nnet_utils/nnet_dense_stream.h:97]   --->   Operation 746 'sext' 'sext_ln73_755' <Predicate = true> <Delay = 0.00>
ST_5 : Operation 747 [2/2] (3.34ns)   --->   "%mul_ln58_724 = mul i26 %sext_ln73_755, i26 %sext_ln73_586" [firmware/nnet_utils/nnet_dense_resource.h:58->firmware/nnet_utils/nnet_dense_resource.h:262->firmware/nnet_utils/nnet_dense_stream.h:24->firmware/nnet_utils/nnet_dense_stream.h:97]   --->   Operation 747 'mul' 'mul_ln58_724' <Predicate = true> <Delay = 3.34> <CoreInst = "Multiplier">   --->   Core 3 'Multiplier' <Latency = 1> <II = 1> <Delay = 3.34> <FuncUnit> <Opcode : 'mul'> <InPorts = 2> <OutPorts = 1>
ST_5 : Operation 748 [1/1] (0.00ns)   --->   "%sext_ln73_756 = sext i16 %w_723" [firmware/nnet_utils/nnet_mult.h:73->firmware/nnet_utils/nnet_dense_resource.h:59->firmware/nnet_utils/nnet_dense_resource.h:262->firmware/nnet_utils/nnet_dense_stream.h:24->firmware/nnet_utils/nnet_dense_stream.h:97]   --->   Operation 748 'sext' 'sext_ln73_756' <Predicate = true> <Delay = 0.00>
ST_5 : Operation 749 [2/2] (3.34ns)   --->   "%mul_ln58_725 = mul i26 %sext_ln73_756, i26 %sext_ln73_588" [firmware/nnet_utils/nnet_dense_resource.h:58->firmware/nnet_utils/nnet_dense_resource.h:262->firmware/nnet_utils/nnet_dense_stream.h:24->firmware/nnet_utils/nnet_dense_stream.h:97]   --->   Operation 749 'mul' 'mul_ln58_725' <Predicate = true> <Delay = 3.34> <CoreInst = "Multiplier">   --->   Core 3 'Multiplier' <Latency = 1> <II = 1> <Delay = 3.34> <FuncUnit> <Opcode : 'mul'> <InPorts = 2> <OutPorts = 1>
ST_5 : Operation 750 [1/1] (0.00ns)   --->   "%sext_ln73_757 = sext i16 %w_724" [firmware/nnet_utils/nnet_mult.h:73->firmware/nnet_utils/nnet_dense_resource.h:59->firmware/nnet_utils/nnet_dense_resource.h:262->firmware/nnet_utils/nnet_dense_stream.h:24->firmware/nnet_utils/nnet_dense_stream.h:97]   --->   Operation 750 'sext' 'sext_ln73_757' <Predicate = true> <Delay = 0.00>
ST_5 : Operation 751 [2/2] (3.34ns)   --->   "%mul_ln58_726 = mul i26 %sext_ln73_757, i26 %sext_ln73_574" [firmware/nnet_utils/nnet_dense_resource.h:58->firmware/nnet_utils/nnet_dense_resource.h:262->firmware/nnet_utils/nnet_dense_stream.h:24->firmware/nnet_utils/nnet_dense_stream.h:97]   --->   Operation 751 'mul' 'mul_ln58_726' <Predicate = true> <Delay = 3.34> <CoreInst = "Multiplier">   --->   Core 3 'Multiplier' <Latency = 1> <II = 1> <Delay = 3.34> <FuncUnit> <Opcode : 'mul'> <InPorts = 2> <OutPorts = 1>
ST_5 : Operation 752 [1/1] (0.00ns)   --->   "%sext_ln73_758 = sext i16 %w_725" [firmware/nnet_utils/nnet_mult.h:73->firmware/nnet_utils/nnet_dense_resource.h:59->firmware/nnet_utils/nnet_dense_resource.h:262->firmware/nnet_utils/nnet_dense_stream.h:24->firmware/nnet_utils/nnet_dense_stream.h:97]   --->   Operation 752 'sext' 'sext_ln73_758' <Predicate = true> <Delay = 0.00>
ST_5 : Operation 753 [2/2] (3.34ns)   --->   "%mul_ln58_727 = mul i26 %sext_ln73_758, i26 %sext_ln73_576" [firmware/nnet_utils/nnet_dense_resource.h:58->firmware/nnet_utils/nnet_dense_resource.h:262->firmware/nnet_utils/nnet_dense_stream.h:24->firmware/nnet_utils/nnet_dense_stream.h:97]   --->   Operation 753 'mul' 'mul_ln58_727' <Predicate = true> <Delay = 3.34> <CoreInst = "Multiplier">   --->   Core 3 'Multiplier' <Latency = 1> <II = 1> <Delay = 3.34> <FuncUnit> <Opcode : 'mul'> <InPorts = 2> <OutPorts = 1>
ST_5 : Operation 754 [1/1] (0.00ns)   --->   "%sext_ln73_759 = sext i16 %w_726" [firmware/nnet_utils/nnet_mult.h:73->firmware/nnet_utils/nnet_dense_resource.h:59->firmware/nnet_utils/nnet_dense_resource.h:262->firmware/nnet_utils/nnet_dense_stream.h:24->firmware/nnet_utils/nnet_dense_stream.h:97]   --->   Operation 754 'sext' 'sext_ln73_759' <Predicate = true> <Delay = 0.00>
ST_5 : Operation 755 [2/2] (3.34ns)   --->   "%mul_ln58_728 = mul i26 %sext_ln73_759, i26 %sext_ln73_578" [firmware/nnet_utils/nnet_dense_resource.h:58->firmware/nnet_utils/nnet_dense_resource.h:262->firmware/nnet_utils/nnet_dense_stream.h:24->firmware/nnet_utils/nnet_dense_stream.h:97]   --->   Operation 755 'mul' 'mul_ln58_728' <Predicate = true> <Delay = 3.34> <CoreInst = "Multiplier">   --->   Core 3 'Multiplier' <Latency = 1> <II = 1> <Delay = 3.34> <FuncUnit> <Opcode : 'mul'> <InPorts = 2> <OutPorts = 1>
ST_5 : Operation 756 [1/1] (0.00ns)   --->   "%sext_ln73_760 = sext i16 %w_727" [firmware/nnet_utils/nnet_mult.h:73->firmware/nnet_utils/nnet_dense_resource.h:59->firmware/nnet_utils/nnet_dense_resource.h:262->firmware/nnet_utils/nnet_dense_stream.h:24->firmware/nnet_utils/nnet_dense_stream.h:97]   --->   Operation 756 'sext' 'sext_ln73_760' <Predicate = true> <Delay = 0.00>
ST_5 : Operation 757 [2/2] (3.34ns)   --->   "%mul_ln58_729 = mul i26 %sext_ln73_760, i26 %sext_ln73_580" [firmware/nnet_utils/nnet_dense_resource.h:58->firmware/nnet_utils/nnet_dense_resource.h:262->firmware/nnet_utils/nnet_dense_stream.h:24->firmware/nnet_utils/nnet_dense_stream.h:97]   --->   Operation 757 'mul' 'mul_ln58_729' <Predicate = true> <Delay = 3.34> <CoreInst = "Multiplier">   --->   Core 3 'Multiplier' <Latency = 1> <II = 1> <Delay = 3.34> <FuncUnit> <Opcode : 'mul'> <InPorts = 2> <OutPorts = 1>
ST_5 : Operation 758 [1/1] (0.00ns)   --->   "%sext_ln73_761 = sext i16 %w_728" [firmware/nnet_utils/nnet_mult.h:73->firmware/nnet_utils/nnet_dense_resource.h:59->firmware/nnet_utils/nnet_dense_resource.h:262->firmware/nnet_utils/nnet_dense_stream.h:24->firmware/nnet_utils/nnet_dense_stream.h:97]   --->   Operation 758 'sext' 'sext_ln73_761' <Predicate = true> <Delay = 0.00>
ST_5 : Operation 759 [2/2] (3.34ns)   --->   "%mul_ln58_730 = mul i26 %sext_ln73_761, i26 %sext_ln73_582" [firmware/nnet_utils/nnet_dense_resource.h:58->firmware/nnet_utils/nnet_dense_resource.h:262->firmware/nnet_utils/nnet_dense_stream.h:24->firmware/nnet_utils/nnet_dense_stream.h:97]   --->   Operation 759 'mul' 'mul_ln58_730' <Predicate = true> <Delay = 3.34> <CoreInst = "Multiplier">   --->   Core 3 'Multiplier' <Latency = 1> <II = 1> <Delay = 3.34> <FuncUnit> <Opcode : 'mul'> <InPorts = 2> <OutPorts = 1>
ST_5 : Operation 760 [1/1] (0.00ns)   --->   "%sext_ln73_762 = sext i16 %w_729" [firmware/nnet_utils/nnet_mult.h:73->firmware/nnet_utils/nnet_dense_resource.h:59->firmware/nnet_utils/nnet_dense_resource.h:262->firmware/nnet_utils/nnet_dense_stream.h:24->firmware/nnet_utils/nnet_dense_stream.h:97]   --->   Operation 760 'sext' 'sext_ln73_762' <Predicate = true> <Delay = 0.00>
ST_5 : Operation 761 [2/2] (3.34ns)   --->   "%mul_ln58_731 = mul i26 %sext_ln73_762, i26 %sext_ln73_584" [firmware/nnet_utils/nnet_dense_resource.h:58->firmware/nnet_utils/nnet_dense_resource.h:262->firmware/nnet_utils/nnet_dense_stream.h:24->firmware/nnet_utils/nnet_dense_stream.h:97]   --->   Operation 761 'mul' 'mul_ln58_731' <Predicate = true> <Delay = 3.34> <CoreInst = "Multiplier">   --->   Core 3 'Multiplier' <Latency = 1> <II = 1> <Delay = 3.34> <FuncUnit> <Opcode : 'mul'> <InPorts = 2> <OutPorts = 1>
ST_5 : Operation 762 [1/1] (0.00ns)   --->   "%sext_ln73_763 = sext i16 %w_730" [firmware/nnet_utils/nnet_mult.h:73->firmware/nnet_utils/nnet_dense_resource.h:59->firmware/nnet_utils/nnet_dense_resource.h:262->firmware/nnet_utils/nnet_dense_stream.h:24->firmware/nnet_utils/nnet_dense_stream.h:97]   --->   Operation 762 'sext' 'sext_ln73_763' <Predicate = true> <Delay = 0.00>
ST_5 : Operation 763 [2/2] (3.34ns)   --->   "%mul_ln58_732 = mul i26 %sext_ln73_763, i26 %sext_ln73_586" [firmware/nnet_utils/nnet_dense_resource.h:58->firmware/nnet_utils/nnet_dense_resource.h:262->firmware/nnet_utils/nnet_dense_stream.h:24->firmware/nnet_utils/nnet_dense_stream.h:97]   --->   Operation 763 'mul' 'mul_ln58_732' <Predicate = true> <Delay = 3.34> <CoreInst = "Multiplier">   --->   Core 3 'Multiplier' <Latency = 1> <II = 1> <Delay = 3.34> <FuncUnit> <Opcode : 'mul'> <InPorts = 2> <OutPorts = 1>
ST_5 : Operation 764 [1/1] (0.00ns)   --->   "%sext_ln73_764 = sext i16 %w_731" [firmware/nnet_utils/nnet_mult.h:73->firmware/nnet_utils/nnet_dense_resource.h:59->firmware/nnet_utils/nnet_dense_resource.h:262->firmware/nnet_utils/nnet_dense_stream.h:24->firmware/nnet_utils/nnet_dense_stream.h:97]   --->   Operation 764 'sext' 'sext_ln73_764' <Predicate = true> <Delay = 0.00>
ST_5 : Operation 765 [2/2] (3.34ns)   --->   "%mul_ln58_733 = mul i26 %sext_ln73_764, i26 %sext_ln73_588" [firmware/nnet_utils/nnet_dense_resource.h:58->firmware/nnet_utils/nnet_dense_resource.h:262->firmware/nnet_utils/nnet_dense_stream.h:24->firmware/nnet_utils/nnet_dense_stream.h:97]   --->   Operation 765 'mul' 'mul_ln58_733' <Predicate = true> <Delay = 3.34> <CoreInst = "Multiplier">   --->   Core 3 'Multiplier' <Latency = 1> <II = 1> <Delay = 3.34> <FuncUnit> <Opcode : 'mul'> <InPorts = 2> <OutPorts = 1>
ST_5 : Operation 766 [1/1] (0.00ns)   --->   "%sext_ln73_765 = sext i16 %w_732" [firmware/nnet_utils/nnet_mult.h:73->firmware/nnet_utils/nnet_dense_resource.h:59->firmware/nnet_utils/nnet_dense_resource.h:262->firmware/nnet_utils/nnet_dense_stream.h:24->firmware/nnet_utils/nnet_dense_stream.h:97]   --->   Operation 766 'sext' 'sext_ln73_765' <Predicate = true> <Delay = 0.00>
ST_5 : Operation 767 [2/2] (3.34ns)   --->   "%mul_ln58_734 = mul i26 %sext_ln73_765, i26 %sext_ln73_574" [firmware/nnet_utils/nnet_dense_resource.h:58->firmware/nnet_utils/nnet_dense_resource.h:262->firmware/nnet_utils/nnet_dense_stream.h:24->firmware/nnet_utils/nnet_dense_stream.h:97]   --->   Operation 767 'mul' 'mul_ln58_734' <Predicate = true> <Delay = 3.34> <CoreInst = "Multiplier">   --->   Core 3 'Multiplier' <Latency = 1> <II = 1> <Delay = 3.34> <FuncUnit> <Opcode : 'mul'> <InPorts = 2> <OutPorts = 1>
ST_5 : Operation 768 [1/1] (0.00ns)   --->   "%sext_ln73_766 = sext i16 %w_733" [firmware/nnet_utils/nnet_mult.h:73->firmware/nnet_utils/nnet_dense_resource.h:59->firmware/nnet_utils/nnet_dense_resource.h:262->firmware/nnet_utils/nnet_dense_stream.h:24->firmware/nnet_utils/nnet_dense_stream.h:97]   --->   Operation 768 'sext' 'sext_ln73_766' <Predicate = true> <Delay = 0.00>
ST_5 : Operation 769 [2/2] (3.34ns)   --->   "%mul_ln58_735 = mul i26 %sext_ln73_766, i26 %sext_ln73_576" [firmware/nnet_utils/nnet_dense_resource.h:58->firmware/nnet_utils/nnet_dense_resource.h:262->firmware/nnet_utils/nnet_dense_stream.h:24->firmware/nnet_utils/nnet_dense_stream.h:97]   --->   Operation 769 'mul' 'mul_ln58_735' <Predicate = true> <Delay = 3.34> <CoreInst = "Multiplier">   --->   Core 3 'Multiplier' <Latency = 1> <II = 1> <Delay = 3.34> <FuncUnit> <Opcode : 'mul'> <InPorts = 2> <OutPorts = 1>
ST_5 : Operation 770 [1/1] (0.00ns)   --->   "%sext_ln73_767 = sext i16 %w_734" [firmware/nnet_utils/nnet_mult.h:73->firmware/nnet_utils/nnet_dense_resource.h:59->firmware/nnet_utils/nnet_dense_resource.h:262->firmware/nnet_utils/nnet_dense_stream.h:24->firmware/nnet_utils/nnet_dense_stream.h:97]   --->   Operation 770 'sext' 'sext_ln73_767' <Predicate = true> <Delay = 0.00>
ST_5 : Operation 771 [2/2] (3.34ns)   --->   "%mul_ln58_736 = mul i26 %sext_ln73_767, i26 %sext_ln73_578" [firmware/nnet_utils/nnet_dense_resource.h:58->firmware/nnet_utils/nnet_dense_resource.h:262->firmware/nnet_utils/nnet_dense_stream.h:24->firmware/nnet_utils/nnet_dense_stream.h:97]   --->   Operation 771 'mul' 'mul_ln58_736' <Predicate = true> <Delay = 3.34> <CoreInst = "Multiplier">   --->   Core 3 'Multiplier' <Latency = 1> <II = 1> <Delay = 3.34> <FuncUnit> <Opcode : 'mul'> <InPorts = 2> <OutPorts = 1>
ST_5 : Operation 772 [1/1] (0.00ns)   --->   "%sext_ln73_768 = sext i16 %w_735" [firmware/nnet_utils/nnet_mult.h:73->firmware/nnet_utils/nnet_dense_resource.h:59->firmware/nnet_utils/nnet_dense_resource.h:262->firmware/nnet_utils/nnet_dense_stream.h:24->firmware/nnet_utils/nnet_dense_stream.h:97]   --->   Operation 772 'sext' 'sext_ln73_768' <Predicate = true> <Delay = 0.00>
ST_5 : Operation 773 [2/2] (3.34ns)   --->   "%mul_ln58_737 = mul i26 %sext_ln73_768, i26 %sext_ln73_580" [firmware/nnet_utils/nnet_dense_resource.h:58->firmware/nnet_utils/nnet_dense_resource.h:262->firmware/nnet_utils/nnet_dense_stream.h:24->firmware/nnet_utils/nnet_dense_stream.h:97]   --->   Operation 773 'mul' 'mul_ln58_737' <Predicate = true> <Delay = 3.34> <CoreInst = "Multiplier">   --->   Core 3 'Multiplier' <Latency = 1> <II = 1> <Delay = 3.34> <FuncUnit> <Opcode : 'mul'> <InPorts = 2> <OutPorts = 1>
ST_5 : Operation 774 [1/1] (0.00ns)   --->   "%sext_ln73_769 = sext i16 %w_736" [firmware/nnet_utils/nnet_mult.h:73->firmware/nnet_utils/nnet_dense_resource.h:59->firmware/nnet_utils/nnet_dense_resource.h:262->firmware/nnet_utils/nnet_dense_stream.h:24->firmware/nnet_utils/nnet_dense_stream.h:97]   --->   Operation 774 'sext' 'sext_ln73_769' <Predicate = true> <Delay = 0.00>
ST_5 : Operation 775 [2/2] (3.34ns)   --->   "%mul_ln58_738 = mul i26 %sext_ln73_769, i26 %sext_ln73_582" [firmware/nnet_utils/nnet_dense_resource.h:58->firmware/nnet_utils/nnet_dense_resource.h:262->firmware/nnet_utils/nnet_dense_stream.h:24->firmware/nnet_utils/nnet_dense_stream.h:97]   --->   Operation 775 'mul' 'mul_ln58_738' <Predicate = true> <Delay = 3.34> <CoreInst = "Multiplier">   --->   Core 3 'Multiplier' <Latency = 1> <II = 1> <Delay = 3.34> <FuncUnit> <Opcode : 'mul'> <InPorts = 2> <OutPorts = 1>
ST_5 : Operation 776 [1/1] (0.00ns)   --->   "%sext_ln73_770 = sext i16 %w_737" [firmware/nnet_utils/nnet_mult.h:73->firmware/nnet_utils/nnet_dense_resource.h:59->firmware/nnet_utils/nnet_dense_resource.h:262->firmware/nnet_utils/nnet_dense_stream.h:24->firmware/nnet_utils/nnet_dense_stream.h:97]   --->   Operation 776 'sext' 'sext_ln73_770' <Predicate = true> <Delay = 0.00>
ST_5 : Operation 777 [2/2] (3.34ns)   --->   "%mul_ln58_739 = mul i26 %sext_ln73_770, i26 %sext_ln73_584" [firmware/nnet_utils/nnet_dense_resource.h:58->firmware/nnet_utils/nnet_dense_resource.h:262->firmware/nnet_utils/nnet_dense_stream.h:24->firmware/nnet_utils/nnet_dense_stream.h:97]   --->   Operation 777 'mul' 'mul_ln58_739' <Predicate = true> <Delay = 3.34> <CoreInst = "Multiplier">   --->   Core 3 'Multiplier' <Latency = 1> <II = 1> <Delay = 3.34> <FuncUnit> <Opcode : 'mul'> <InPorts = 2> <OutPorts = 1>
ST_5 : Operation 778 [1/1] (0.00ns)   --->   "%sext_ln73_771 = sext i16 %w_738" [firmware/nnet_utils/nnet_mult.h:73->firmware/nnet_utils/nnet_dense_resource.h:59->firmware/nnet_utils/nnet_dense_resource.h:262->firmware/nnet_utils/nnet_dense_stream.h:24->firmware/nnet_utils/nnet_dense_stream.h:97]   --->   Operation 778 'sext' 'sext_ln73_771' <Predicate = true> <Delay = 0.00>
ST_5 : Operation 779 [2/2] (3.34ns)   --->   "%mul_ln58_740 = mul i26 %sext_ln73_771, i26 %sext_ln73_586" [firmware/nnet_utils/nnet_dense_resource.h:58->firmware/nnet_utils/nnet_dense_resource.h:262->firmware/nnet_utils/nnet_dense_stream.h:24->firmware/nnet_utils/nnet_dense_stream.h:97]   --->   Operation 779 'mul' 'mul_ln58_740' <Predicate = true> <Delay = 3.34> <CoreInst = "Multiplier">   --->   Core 3 'Multiplier' <Latency = 1> <II = 1> <Delay = 3.34> <FuncUnit> <Opcode : 'mul'> <InPorts = 2> <OutPorts = 1>
ST_5 : Operation 780 [1/1] (0.00ns)   --->   "%sext_ln73_772 = sext i16 %w_739" [firmware/nnet_utils/nnet_mult.h:73->firmware/nnet_utils/nnet_dense_resource.h:59->firmware/nnet_utils/nnet_dense_resource.h:262->firmware/nnet_utils/nnet_dense_stream.h:24->firmware/nnet_utils/nnet_dense_stream.h:97]   --->   Operation 780 'sext' 'sext_ln73_772' <Predicate = true> <Delay = 0.00>
ST_5 : Operation 781 [2/2] (3.34ns)   --->   "%mul_ln58_741 = mul i26 %sext_ln73_772, i26 %sext_ln73_588" [firmware/nnet_utils/nnet_dense_resource.h:58->firmware/nnet_utils/nnet_dense_resource.h:262->firmware/nnet_utils/nnet_dense_stream.h:24->firmware/nnet_utils/nnet_dense_stream.h:97]   --->   Operation 781 'mul' 'mul_ln58_741' <Predicate = true> <Delay = 3.34> <CoreInst = "Multiplier">   --->   Core 3 'Multiplier' <Latency = 1> <II = 1> <Delay = 3.34> <FuncUnit> <Opcode : 'mul'> <InPorts = 2> <OutPorts = 1>
ST_5 : Operation 782 [1/1] (0.00ns)   --->   "%sext_ln73_773 = sext i16 %w_740" [firmware/nnet_utils/nnet_mult.h:73->firmware/nnet_utils/nnet_dense_resource.h:59->firmware/nnet_utils/nnet_dense_resource.h:262->firmware/nnet_utils/nnet_dense_stream.h:24->firmware/nnet_utils/nnet_dense_stream.h:97]   --->   Operation 782 'sext' 'sext_ln73_773' <Predicate = true> <Delay = 0.00>
ST_5 : Operation 783 [2/2] (3.34ns)   --->   "%mul_ln58_742 = mul i26 %sext_ln73_773, i26 %sext_ln73_574" [firmware/nnet_utils/nnet_dense_resource.h:58->firmware/nnet_utils/nnet_dense_resource.h:262->firmware/nnet_utils/nnet_dense_stream.h:24->firmware/nnet_utils/nnet_dense_stream.h:97]   --->   Operation 783 'mul' 'mul_ln58_742' <Predicate = true> <Delay = 3.34> <CoreInst = "Multiplier">   --->   Core 3 'Multiplier' <Latency = 1> <II = 1> <Delay = 3.34> <FuncUnit> <Opcode : 'mul'> <InPorts = 2> <OutPorts = 1>
ST_5 : Operation 784 [1/1] (0.00ns)   --->   "%sext_ln73_774 = sext i16 %w_741" [firmware/nnet_utils/nnet_mult.h:73->firmware/nnet_utils/nnet_dense_resource.h:59->firmware/nnet_utils/nnet_dense_resource.h:262->firmware/nnet_utils/nnet_dense_stream.h:24->firmware/nnet_utils/nnet_dense_stream.h:97]   --->   Operation 784 'sext' 'sext_ln73_774' <Predicate = true> <Delay = 0.00>
ST_5 : Operation 785 [2/2] (3.34ns)   --->   "%mul_ln58_743 = mul i26 %sext_ln73_774, i26 %sext_ln73_576" [firmware/nnet_utils/nnet_dense_resource.h:58->firmware/nnet_utils/nnet_dense_resource.h:262->firmware/nnet_utils/nnet_dense_stream.h:24->firmware/nnet_utils/nnet_dense_stream.h:97]   --->   Operation 785 'mul' 'mul_ln58_743' <Predicate = true> <Delay = 3.34> <CoreInst = "Multiplier">   --->   Core 3 'Multiplier' <Latency = 1> <II = 1> <Delay = 3.34> <FuncUnit> <Opcode : 'mul'> <InPorts = 2> <OutPorts = 1>
ST_5 : Operation 786 [1/1] (0.00ns)   --->   "%sext_ln73_775 = sext i16 %w_742" [firmware/nnet_utils/nnet_mult.h:73->firmware/nnet_utils/nnet_dense_resource.h:59->firmware/nnet_utils/nnet_dense_resource.h:262->firmware/nnet_utils/nnet_dense_stream.h:24->firmware/nnet_utils/nnet_dense_stream.h:97]   --->   Operation 786 'sext' 'sext_ln73_775' <Predicate = true> <Delay = 0.00>
ST_5 : Operation 787 [2/2] (3.34ns)   --->   "%mul_ln58_744 = mul i26 %sext_ln73_775, i26 %sext_ln73_578" [firmware/nnet_utils/nnet_dense_resource.h:58->firmware/nnet_utils/nnet_dense_resource.h:262->firmware/nnet_utils/nnet_dense_stream.h:24->firmware/nnet_utils/nnet_dense_stream.h:97]   --->   Operation 787 'mul' 'mul_ln58_744' <Predicate = true> <Delay = 3.34> <CoreInst = "Multiplier">   --->   Core 3 'Multiplier' <Latency = 1> <II = 1> <Delay = 3.34> <FuncUnit> <Opcode : 'mul'> <InPorts = 2> <OutPorts = 1>
ST_5 : Operation 788 [1/1] (0.00ns)   --->   "%sext_ln73_776 = sext i16 %w_743" [firmware/nnet_utils/nnet_mult.h:73->firmware/nnet_utils/nnet_dense_resource.h:59->firmware/nnet_utils/nnet_dense_resource.h:262->firmware/nnet_utils/nnet_dense_stream.h:24->firmware/nnet_utils/nnet_dense_stream.h:97]   --->   Operation 788 'sext' 'sext_ln73_776' <Predicate = true> <Delay = 0.00>
ST_5 : Operation 789 [2/2] (3.34ns)   --->   "%mul_ln58_745 = mul i26 %sext_ln73_776, i26 %sext_ln73_580" [firmware/nnet_utils/nnet_dense_resource.h:58->firmware/nnet_utils/nnet_dense_resource.h:262->firmware/nnet_utils/nnet_dense_stream.h:24->firmware/nnet_utils/nnet_dense_stream.h:97]   --->   Operation 789 'mul' 'mul_ln58_745' <Predicate = true> <Delay = 3.34> <CoreInst = "Multiplier">   --->   Core 3 'Multiplier' <Latency = 1> <II = 1> <Delay = 3.34> <FuncUnit> <Opcode : 'mul'> <InPorts = 2> <OutPorts = 1>
ST_5 : Operation 790 [1/1] (0.00ns)   --->   "%sext_ln73_777 = sext i16 %w_744" [firmware/nnet_utils/nnet_mult.h:73->firmware/nnet_utils/nnet_dense_resource.h:59->firmware/nnet_utils/nnet_dense_resource.h:262->firmware/nnet_utils/nnet_dense_stream.h:24->firmware/nnet_utils/nnet_dense_stream.h:97]   --->   Operation 790 'sext' 'sext_ln73_777' <Predicate = true> <Delay = 0.00>
ST_5 : Operation 791 [2/2] (3.34ns)   --->   "%mul_ln58_746 = mul i26 %sext_ln73_777, i26 %sext_ln73_582" [firmware/nnet_utils/nnet_dense_resource.h:58->firmware/nnet_utils/nnet_dense_resource.h:262->firmware/nnet_utils/nnet_dense_stream.h:24->firmware/nnet_utils/nnet_dense_stream.h:97]   --->   Operation 791 'mul' 'mul_ln58_746' <Predicate = true> <Delay = 3.34> <CoreInst = "Multiplier">   --->   Core 3 'Multiplier' <Latency = 1> <II = 1> <Delay = 3.34> <FuncUnit> <Opcode : 'mul'> <InPorts = 2> <OutPorts = 1>
ST_5 : Operation 792 [1/1] (0.00ns)   --->   "%sext_ln73_778 = sext i16 %w_745" [firmware/nnet_utils/nnet_mult.h:73->firmware/nnet_utils/nnet_dense_resource.h:59->firmware/nnet_utils/nnet_dense_resource.h:262->firmware/nnet_utils/nnet_dense_stream.h:24->firmware/nnet_utils/nnet_dense_stream.h:97]   --->   Operation 792 'sext' 'sext_ln73_778' <Predicate = true> <Delay = 0.00>
ST_5 : Operation 793 [2/2] (3.34ns)   --->   "%mul_ln58_747 = mul i26 %sext_ln73_778, i26 %sext_ln73_584" [firmware/nnet_utils/nnet_dense_resource.h:58->firmware/nnet_utils/nnet_dense_resource.h:262->firmware/nnet_utils/nnet_dense_stream.h:24->firmware/nnet_utils/nnet_dense_stream.h:97]   --->   Operation 793 'mul' 'mul_ln58_747' <Predicate = true> <Delay = 3.34> <CoreInst = "Multiplier">   --->   Core 3 'Multiplier' <Latency = 1> <II = 1> <Delay = 3.34> <FuncUnit> <Opcode : 'mul'> <InPorts = 2> <OutPorts = 1>
ST_5 : Operation 794 [1/1] (0.00ns)   --->   "%sext_ln73_779 = sext i16 %w_746" [firmware/nnet_utils/nnet_mult.h:73->firmware/nnet_utils/nnet_dense_resource.h:59->firmware/nnet_utils/nnet_dense_resource.h:262->firmware/nnet_utils/nnet_dense_stream.h:24->firmware/nnet_utils/nnet_dense_stream.h:97]   --->   Operation 794 'sext' 'sext_ln73_779' <Predicate = true> <Delay = 0.00>
ST_5 : Operation 795 [2/2] (3.34ns)   --->   "%mul_ln58_748 = mul i26 %sext_ln73_779, i26 %sext_ln73_586" [firmware/nnet_utils/nnet_dense_resource.h:58->firmware/nnet_utils/nnet_dense_resource.h:262->firmware/nnet_utils/nnet_dense_stream.h:24->firmware/nnet_utils/nnet_dense_stream.h:97]   --->   Operation 795 'mul' 'mul_ln58_748' <Predicate = true> <Delay = 3.34> <CoreInst = "Multiplier">   --->   Core 3 'Multiplier' <Latency = 1> <II = 1> <Delay = 3.34> <FuncUnit> <Opcode : 'mul'> <InPorts = 2> <OutPorts = 1>
ST_5 : Operation 796 [1/1] (0.00ns)   --->   "%sext_ln73_780 = sext i16 %w_747" [firmware/nnet_utils/nnet_mult.h:73->firmware/nnet_utils/nnet_dense_resource.h:59->firmware/nnet_utils/nnet_dense_resource.h:262->firmware/nnet_utils/nnet_dense_stream.h:24->firmware/nnet_utils/nnet_dense_stream.h:97]   --->   Operation 796 'sext' 'sext_ln73_780' <Predicate = true> <Delay = 0.00>
ST_5 : Operation 797 [2/2] (3.34ns)   --->   "%mul_ln58_749 = mul i26 %sext_ln73_780, i26 %sext_ln73_588" [firmware/nnet_utils/nnet_dense_resource.h:58->firmware/nnet_utils/nnet_dense_resource.h:262->firmware/nnet_utils/nnet_dense_stream.h:24->firmware/nnet_utils/nnet_dense_stream.h:97]   --->   Operation 797 'mul' 'mul_ln58_749' <Predicate = true> <Delay = 3.34> <CoreInst = "Multiplier">   --->   Core 3 'Multiplier' <Latency = 1> <II = 1> <Delay = 3.34> <FuncUnit> <Opcode : 'mul'> <InPorts = 2> <OutPorts = 1>
ST_5 : Operation 798 [1/1] (0.00ns)   --->   "%sext_ln73_781 = sext i16 %w_748" [firmware/nnet_utils/nnet_mult.h:73->firmware/nnet_utils/nnet_dense_resource.h:59->firmware/nnet_utils/nnet_dense_resource.h:262->firmware/nnet_utils/nnet_dense_stream.h:24->firmware/nnet_utils/nnet_dense_stream.h:97]   --->   Operation 798 'sext' 'sext_ln73_781' <Predicate = true> <Delay = 0.00>
ST_5 : Operation 799 [2/2] (3.34ns)   --->   "%mul_ln58_750 = mul i26 %sext_ln73_781, i26 %sext_ln73_574" [firmware/nnet_utils/nnet_dense_resource.h:58->firmware/nnet_utils/nnet_dense_resource.h:262->firmware/nnet_utils/nnet_dense_stream.h:24->firmware/nnet_utils/nnet_dense_stream.h:97]   --->   Operation 799 'mul' 'mul_ln58_750' <Predicate = true> <Delay = 3.34> <CoreInst = "Multiplier">   --->   Core 3 'Multiplier' <Latency = 1> <II = 1> <Delay = 3.34> <FuncUnit> <Opcode : 'mul'> <InPorts = 2> <OutPorts = 1>
ST_5 : Operation 800 [1/1] (0.00ns)   --->   "%sext_ln73_782 = sext i16 %w_749" [firmware/nnet_utils/nnet_mult.h:73->firmware/nnet_utils/nnet_dense_resource.h:59->firmware/nnet_utils/nnet_dense_resource.h:262->firmware/nnet_utils/nnet_dense_stream.h:24->firmware/nnet_utils/nnet_dense_stream.h:97]   --->   Operation 800 'sext' 'sext_ln73_782' <Predicate = true> <Delay = 0.00>
ST_5 : Operation 801 [2/2] (3.34ns)   --->   "%mul_ln58_751 = mul i26 %sext_ln73_782, i26 %sext_ln73_576" [firmware/nnet_utils/nnet_dense_resource.h:58->firmware/nnet_utils/nnet_dense_resource.h:262->firmware/nnet_utils/nnet_dense_stream.h:24->firmware/nnet_utils/nnet_dense_stream.h:97]   --->   Operation 801 'mul' 'mul_ln58_751' <Predicate = true> <Delay = 3.34> <CoreInst = "Multiplier">   --->   Core 3 'Multiplier' <Latency = 1> <II = 1> <Delay = 3.34> <FuncUnit> <Opcode : 'mul'> <InPorts = 2> <OutPorts = 1>
ST_5 : Operation 802 [1/1] (0.00ns)   --->   "%sext_ln73_783 = sext i16 %w_750" [firmware/nnet_utils/nnet_mult.h:73->firmware/nnet_utils/nnet_dense_resource.h:59->firmware/nnet_utils/nnet_dense_resource.h:262->firmware/nnet_utils/nnet_dense_stream.h:24->firmware/nnet_utils/nnet_dense_stream.h:97]   --->   Operation 802 'sext' 'sext_ln73_783' <Predicate = true> <Delay = 0.00>
ST_5 : Operation 803 [2/2] (3.34ns)   --->   "%mul_ln58_752 = mul i26 %sext_ln73_783, i26 %sext_ln73_578" [firmware/nnet_utils/nnet_dense_resource.h:58->firmware/nnet_utils/nnet_dense_resource.h:262->firmware/nnet_utils/nnet_dense_stream.h:24->firmware/nnet_utils/nnet_dense_stream.h:97]   --->   Operation 803 'mul' 'mul_ln58_752' <Predicate = true> <Delay = 3.34> <CoreInst = "Multiplier">   --->   Core 3 'Multiplier' <Latency = 1> <II = 1> <Delay = 3.34> <FuncUnit> <Opcode : 'mul'> <InPorts = 2> <OutPorts = 1>
ST_5 : Operation 804 [1/1] (0.00ns)   --->   "%sext_ln73_784 = sext i16 %w_751" [firmware/nnet_utils/nnet_mult.h:73->firmware/nnet_utils/nnet_dense_resource.h:59->firmware/nnet_utils/nnet_dense_resource.h:262->firmware/nnet_utils/nnet_dense_stream.h:24->firmware/nnet_utils/nnet_dense_stream.h:97]   --->   Operation 804 'sext' 'sext_ln73_784' <Predicate = true> <Delay = 0.00>
ST_5 : Operation 805 [2/2] (3.34ns)   --->   "%mul_ln58_753 = mul i26 %sext_ln73_784, i26 %sext_ln73_580" [firmware/nnet_utils/nnet_dense_resource.h:58->firmware/nnet_utils/nnet_dense_resource.h:262->firmware/nnet_utils/nnet_dense_stream.h:24->firmware/nnet_utils/nnet_dense_stream.h:97]   --->   Operation 805 'mul' 'mul_ln58_753' <Predicate = true> <Delay = 3.34> <CoreInst = "Multiplier">   --->   Core 3 'Multiplier' <Latency = 1> <II = 1> <Delay = 3.34> <FuncUnit> <Opcode : 'mul'> <InPorts = 2> <OutPorts = 1>
ST_5 : Operation 806 [1/1] (0.00ns)   --->   "%sext_ln73_785 = sext i16 %w_752" [firmware/nnet_utils/nnet_mult.h:73->firmware/nnet_utils/nnet_dense_resource.h:59->firmware/nnet_utils/nnet_dense_resource.h:262->firmware/nnet_utils/nnet_dense_stream.h:24->firmware/nnet_utils/nnet_dense_stream.h:97]   --->   Operation 806 'sext' 'sext_ln73_785' <Predicate = true> <Delay = 0.00>
ST_5 : Operation 807 [2/2] (3.34ns)   --->   "%mul_ln58_754 = mul i26 %sext_ln73_785, i26 %sext_ln73_582" [firmware/nnet_utils/nnet_dense_resource.h:58->firmware/nnet_utils/nnet_dense_resource.h:262->firmware/nnet_utils/nnet_dense_stream.h:24->firmware/nnet_utils/nnet_dense_stream.h:97]   --->   Operation 807 'mul' 'mul_ln58_754' <Predicate = true> <Delay = 3.34> <CoreInst = "Multiplier">   --->   Core 3 'Multiplier' <Latency = 1> <II = 1> <Delay = 3.34> <FuncUnit> <Opcode : 'mul'> <InPorts = 2> <OutPorts = 1>
ST_5 : Operation 808 [1/1] (0.00ns)   --->   "%sext_ln73_786 = sext i16 %w_753" [firmware/nnet_utils/nnet_mult.h:73->firmware/nnet_utils/nnet_dense_resource.h:59->firmware/nnet_utils/nnet_dense_resource.h:262->firmware/nnet_utils/nnet_dense_stream.h:24->firmware/nnet_utils/nnet_dense_stream.h:97]   --->   Operation 808 'sext' 'sext_ln73_786' <Predicate = true> <Delay = 0.00>
ST_5 : Operation 809 [2/2] (3.34ns)   --->   "%mul_ln58_755 = mul i26 %sext_ln73_786, i26 %sext_ln73_584" [firmware/nnet_utils/nnet_dense_resource.h:58->firmware/nnet_utils/nnet_dense_resource.h:262->firmware/nnet_utils/nnet_dense_stream.h:24->firmware/nnet_utils/nnet_dense_stream.h:97]   --->   Operation 809 'mul' 'mul_ln58_755' <Predicate = true> <Delay = 3.34> <CoreInst = "Multiplier">   --->   Core 3 'Multiplier' <Latency = 1> <II = 1> <Delay = 3.34> <FuncUnit> <Opcode : 'mul'> <InPorts = 2> <OutPorts = 1>
ST_5 : Operation 810 [1/1] (0.00ns)   --->   "%sext_ln73_787 = sext i16 %w_754" [firmware/nnet_utils/nnet_mult.h:73->firmware/nnet_utils/nnet_dense_resource.h:59->firmware/nnet_utils/nnet_dense_resource.h:262->firmware/nnet_utils/nnet_dense_stream.h:24->firmware/nnet_utils/nnet_dense_stream.h:97]   --->   Operation 810 'sext' 'sext_ln73_787' <Predicate = true> <Delay = 0.00>
ST_5 : Operation 811 [2/2] (3.34ns)   --->   "%mul_ln58_756 = mul i26 %sext_ln73_787, i26 %sext_ln73_586" [firmware/nnet_utils/nnet_dense_resource.h:58->firmware/nnet_utils/nnet_dense_resource.h:262->firmware/nnet_utils/nnet_dense_stream.h:24->firmware/nnet_utils/nnet_dense_stream.h:97]   --->   Operation 811 'mul' 'mul_ln58_756' <Predicate = true> <Delay = 3.34> <CoreInst = "Multiplier">   --->   Core 3 'Multiplier' <Latency = 1> <II = 1> <Delay = 3.34> <FuncUnit> <Opcode : 'mul'> <InPorts = 2> <OutPorts = 1>
ST_5 : Operation 812 [1/1] (0.00ns)   --->   "%sext_ln73_788 = sext i16 %w_755" [firmware/nnet_utils/nnet_mult.h:73->firmware/nnet_utils/nnet_dense_resource.h:59->firmware/nnet_utils/nnet_dense_resource.h:262->firmware/nnet_utils/nnet_dense_stream.h:24->firmware/nnet_utils/nnet_dense_stream.h:97]   --->   Operation 812 'sext' 'sext_ln73_788' <Predicate = true> <Delay = 0.00>
ST_5 : Operation 813 [2/2] (3.34ns)   --->   "%mul_ln58_757 = mul i26 %sext_ln73_788, i26 %sext_ln73_588" [firmware/nnet_utils/nnet_dense_resource.h:58->firmware/nnet_utils/nnet_dense_resource.h:262->firmware/nnet_utils/nnet_dense_stream.h:24->firmware/nnet_utils/nnet_dense_stream.h:97]   --->   Operation 813 'mul' 'mul_ln58_757' <Predicate = true> <Delay = 3.34> <CoreInst = "Multiplier">   --->   Core 3 'Multiplier' <Latency = 1> <II = 1> <Delay = 3.34> <FuncUnit> <Opcode : 'mul'> <InPorts = 2> <OutPorts = 1>
ST_5 : Operation 814 [1/1] (0.00ns)   --->   "%sext_ln73_789 = sext i16 %w_756" [firmware/nnet_utils/nnet_mult.h:73->firmware/nnet_utils/nnet_dense_resource.h:59->firmware/nnet_utils/nnet_dense_resource.h:262->firmware/nnet_utils/nnet_dense_stream.h:24->firmware/nnet_utils/nnet_dense_stream.h:97]   --->   Operation 814 'sext' 'sext_ln73_789' <Predicate = true> <Delay = 0.00>
ST_5 : Operation 815 [2/2] (3.34ns)   --->   "%mul_ln58_758 = mul i26 %sext_ln73_789, i26 %sext_ln73_574" [firmware/nnet_utils/nnet_dense_resource.h:58->firmware/nnet_utils/nnet_dense_resource.h:262->firmware/nnet_utils/nnet_dense_stream.h:24->firmware/nnet_utils/nnet_dense_stream.h:97]   --->   Operation 815 'mul' 'mul_ln58_758' <Predicate = true> <Delay = 3.34> <CoreInst = "Multiplier">   --->   Core 3 'Multiplier' <Latency = 1> <II = 1> <Delay = 3.34> <FuncUnit> <Opcode : 'mul'> <InPorts = 2> <OutPorts = 1>
ST_5 : Operation 816 [1/1] (0.00ns)   --->   "%sext_ln73_790 = sext i16 %w_757" [firmware/nnet_utils/nnet_mult.h:73->firmware/nnet_utils/nnet_dense_resource.h:59->firmware/nnet_utils/nnet_dense_resource.h:262->firmware/nnet_utils/nnet_dense_stream.h:24->firmware/nnet_utils/nnet_dense_stream.h:97]   --->   Operation 816 'sext' 'sext_ln73_790' <Predicate = true> <Delay = 0.00>
ST_5 : Operation 817 [2/2] (3.34ns)   --->   "%mul_ln58_759 = mul i26 %sext_ln73_790, i26 %sext_ln73_576" [firmware/nnet_utils/nnet_dense_resource.h:58->firmware/nnet_utils/nnet_dense_resource.h:262->firmware/nnet_utils/nnet_dense_stream.h:24->firmware/nnet_utils/nnet_dense_stream.h:97]   --->   Operation 817 'mul' 'mul_ln58_759' <Predicate = true> <Delay = 3.34> <CoreInst = "Multiplier">   --->   Core 3 'Multiplier' <Latency = 1> <II = 1> <Delay = 3.34> <FuncUnit> <Opcode : 'mul'> <InPorts = 2> <OutPorts = 1>
ST_5 : Operation 818 [1/1] (0.00ns)   --->   "%sext_ln73_791 = sext i16 %w_758" [firmware/nnet_utils/nnet_mult.h:73->firmware/nnet_utils/nnet_dense_resource.h:59->firmware/nnet_utils/nnet_dense_resource.h:262->firmware/nnet_utils/nnet_dense_stream.h:24->firmware/nnet_utils/nnet_dense_stream.h:97]   --->   Operation 818 'sext' 'sext_ln73_791' <Predicate = true> <Delay = 0.00>
ST_5 : Operation 819 [2/2] (3.34ns)   --->   "%mul_ln58_760 = mul i26 %sext_ln73_791, i26 %sext_ln73_578" [firmware/nnet_utils/nnet_dense_resource.h:58->firmware/nnet_utils/nnet_dense_resource.h:262->firmware/nnet_utils/nnet_dense_stream.h:24->firmware/nnet_utils/nnet_dense_stream.h:97]   --->   Operation 819 'mul' 'mul_ln58_760' <Predicate = true> <Delay = 3.34> <CoreInst = "Multiplier">   --->   Core 3 'Multiplier' <Latency = 1> <II = 1> <Delay = 3.34> <FuncUnit> <Opcode : 'mul'> <InPorts = 2> <OutPorts = 1>
ST_5 : Operation 820 [1/1] (0.00ns)   --->   "%sext_ln73_792 = sext i16 %w_759" [firmware/nnet_utils/nnet_mult.h:73->firmware/nnet_utils/nnet_dense_resource.h:59->firmware/nnet_utils/nnet_dense_resource.h:262->firmware/nnet_utils/nnet_dense_stream.h:24->firmware/nnet_utils/nnet_dense_stream.h:97]   --->   Operation 820 'sext' 'sext_ln73_792' <Predicate = true> <Delay = 0.00>
ST_5 : Operation 821 [2/2] (3.34ns)   --->   "%mul_ln58_761 = mul i26 %sext_ln73_792, i26 %sext_ln73_580" [firmware/nnet_utils/nnet_dense_resource.h:58->firmware/nnet_utils/nnet_dense_resource.h:262->firmware/nnet_utils/nnet_dense_stream.h:24->firmware/nnet_utils/nnet_dense_stream.h:97]   --->   Operation 821 'mul' 'mul_ln58_761' <Predicate = true> <Delay = 3.34> <CoreInst = "Multiplier">   --->   Core 3 'Multiplier' <Latency = 1> <II = 1> <Delay = 3.34> <FuncUnit> <Opcode : 'mul'> <InPorts = 2> <OutPorts = 1>
ST_5 : Operation 822 [1/1] (0.00ns)   --->   "%sext_ln73_793 = sext i16 %w_760" [firmware/nnet_utils/nnet_mult.h:73->firmware/nnet_utils/nnet_dense_resource.h:59->firmware/nnet_utils/nnet_dense_resource.h:262->firmware/nnet_utils/nnet_dense_stream.h:24->firmware/nnet_utils/nnet_dense_stream.h:97]   --->   Operation 822 'sext' 'sext_ln73_793' <Predicate = true> <Delay = 0.00>
ST_5 : Operation 823 [2/2] (3.34ns)   --->   "%mul_ln58_762 = mul i26 %sext_ln73_793, i26 %sext_ln73_582" [firmware/nnet_utils/nnet_dense_resource.h:58->firmware/nnet_utils/nnet_dense_resource.h:262->firmware/nnet_utils/nnet_dense_stream.h:24->firmware/nnet_utils/nnet_dense_stream.h:97]   --->   Operation 823 'mul' 'mul_ln58_762' <Predicate = true> <Delay = 3.34> <CoreInst = "Multiplier">   --->   Core 3 'Multiplier' <Latency = 1> <II = 1> <Delay = 3.34> <FuncUnit> <Opcode : 'mul'> <InPorts = 2> <OutPorts = 1>
ST_5 : Operation 824 [1/1] (0.00ns)   --->   "%sext_ln73_794 = sext i16 %w_761" [firmware/nnet_utils/nnet_mult.h:73->firmware/nnet_utils/nnet_dense_resource.h:59->firmware/nnet_utils/nnet_dense_resource.h:262->firmware/nnet_utils/nnet_dense_stream.h:24->firmware/nnet_utils/nnet_dense_stream.h:97]   --->   Operation 824 'sext' 'sext_ln73_794' <Predicate = true> <Delay = 0.00>
ST_5 : Operation 825 [2/2] (3.34ns)   --->   "%mul_ln58_763 = mul i26 %sext_ln73_794, i26 %sext_ln73_584" [firmware/nnet_utils/nnet_dense_resource.h:58->firmware/nnet_utils/nnet_dense_resource.h:262->firmware/nnet_utils/nnet_dense_stream.h:24->firmware/nnet_utils/nnet_dense_stream.h:97]   --->   Operation 825 'mul' 'mul_ln58_763' <Predicate = true> <Delay = 3.34> <CoreInst = "Multiplier">   --->   Core 3 'Multiplier' <Latency = 1> <II = 1> <Delay = 3.34> <FuncUnit> <Opcode : 'mul'> <InPorts = 2> <OutPorts = 1>
ST_5 : Operation 826 [1/1] (0.00ns)   --->   "%sext_ln73_795 = sext i16 %w_762" [firmware/nnet_utils/nnet_mult.h:73->firmware/nnet_utils/nnet_dense_resource.h:59->firmware/nnet_utils/nnet_dense_resource.h:262->firmware/nnet_utils/nnet_dense_stream.h:24->firmware/nnet_utils/nnet_dense_stream.h:97]   --->   Operation 826 'sext' 'sext_ln73_795' <Predicate = true> <Delay = 0.00>
ST_5 : Operation 827 [2/2] (3.34ns)   --->   "%mul_ln58_764 = mul i26 %sext_ln73_795, i26 %sext_ln73_586" [firmware/nnet_utils/nnet_dense_resource.h:58->firmware/nnet_utils/nnet_dense_resource.h:262->firmware/nnet_utils/nnet_dense_stream.h:24->firmware/nnet_utils/nnet_dense_stream.h:97]   --->   Operation 827 'mul' 'mul_ln58_764' <Predicate = true> <Delay = 3.34> <CoreInst = "Multiplier">   --->   Core 3 'Multiplier' <Latency = 1> <II = 1> <Delay = 3.34> <FuncUnit> <Opcode : 'mul'> <InPorts = 2> <OutPorts = 1>
ST_5 : Operation 828 [1/1] (0.00ns)   --->   "%sext_ln73_796 = sext i16 %w_763" [firmware/nnet_utils/nnet_mult.h:73->firmware/nnet_utils/nnet_dense_resource.h:59->firmware/nnet_utils/nnet_dense_resource.h:262->firmware/nnet_utils/nnet_dense_stream.h:24->firmware/nnet_utils/nnet_dense_stream.h:97]   --->   Operation 828 'sext' 'sext_ln73_796' <Predicate = true> <Delay = 0.00>
ST_5 : Operation 829 [2/2] (3.34ns)   --->   "%mul_ln58_765 = mul i26 %sext_ln73_796, i26 %sext_ln73_588" [firmware/nnet_utils/nnet_dense_resource.h:58->firmware/nnet_utils/nnet_dense_resource.h:262->firmware/nnet_utils/nnet_dense_stream.h:24->firmware/nnet_utils/nnet_dense_stream.h:97]   --->   Operation 829 'mul' 'mul_ln58_765' <Predicate = true> <Delay = 3.34> <CoreInst = "Multiplier">   --->   Core 3 'Multiplier' <Latency = 1> <II = 1> <Delay = 3.34> <FuncUnit> <Opcode : 'mul'> <InPorts = 2> <OutPorts = 1>
ST_5 : Operation 830 [1/1] (0.00ns)   --->   "%sext_ln73_797 = sext i16 %w_764" [firmware/nnet_utils/nnet_mult.h:73->firmware/nnet_utils/nnet_dense_resource.h:59->firmware/nnet_utils/nnet_dense_resource.h:262->firmware/nnet_utils/nnet_dense_stream.h:24->firmware/nnet_utils/nnet_dense_stream.h:97]   --->   Operation 830 'sext' 'sext_ln73_797' <Predicate = true> <Delay = 0.00>
ST_5 : Operation 831 [2/2] (3.34ns)   --->   "%mul_ln58_766 = mul i26 %sext_ln73_797, i26 %sext_ln73_574" [firmware/nnet_utils/nnet_dense_resource.h:58->firmware/nnet_utils/nnet_dense_resource.h:262->firmware/nnet_utils/nnet_dense_stream.h:24->firmware/nnet_utils/nnet_dense_stream.h:97]   --->   Operation 831 'mul' 'mul_ln58_766' <Predicate = true> <Delay = 3.34> <CoreInst = "Multiplier">   --->   Core 3 'Multiplier' <Latency = 1> <II = 1> <Delay = 3.34> <FuncUnit> <Opcode : 'mul'> <InPorts = 2> <OutPorts = 1>
ST_5 : Operation 832 [1/1] (0.00ns)   --->   "%sext_ln73_798 = sext i16 %w_765" [firmware/nnet_utils/nnet_mult.h:73->firmware/nnet_utils/nnet_dense_resource.h:59->firmware/nnet_utils/nnet_dense_resource.h:262->firmware/nnet_utils/nnet_dense_stream.h:24->firmware/nnet_utils/nnet_dense_stream.h:97]   --->   Operation 832 'sext' 'sext_ln73_798' <Predicate = true> <Delay = 0.00>
ST_5 : Operation 833 [2/2] (3.34ns)   --->   "%mul_ln58_767 = mul i26 %sext_ln73_798, i26 %sext_ln73_576" [firmware/nnet_utils/nnet_dense_resource.h:58->firmware/nnet_utils/nnet_dense_resource.h:262->firmware/nnet_utils/nnet_dense_stream.h:24->firmware/nnet_utils/nnet_dense_stream.h:97]   --->   Operation 833 'mul' 'mul_ln58_767' <Predicate = true> <Delay = 3.34> <CoreInst = "Multiplier">   --->   Core 3 'Multiplier' <Latency = 1> <II = 1> <Delay = 3.34> <FuncUnit> <Opcode : 'mul'> <InPorts = 2> <OutPorts = 1>
ST_5 : Operation 834 [1/1] (0.00ns)   --->   "%sext_ln73_799 = sext i16 %w_766" [firmware/nnet_utils/nnet_mult.h:73->firmware/nnet_utils/nnet_dense_resource.h:59->firmware/nnet_utils/nnet_dense_resource.h:262->firmware/nnet_utils/nnet_dense_stream.h:24->firmware/nnet_utils/nnet_dense_stream.h:97]   --->   Operation 834 'sext' 'sext_ln73_799' <Predicate = true> <Delay = 0.00>
ST_5 : Operation 835 [2/2] (3.34ns)   --->   "%mul_ln58_768 = mul i26 %sext_ln73_799, i26 %sext_ln73_578" [firmware/nnet_utils/nnet_dense_resource.h:58->firmware/nnet_utils/nnet_dense_resource.h:262->firmware/nnet_utils/nnet_dense_stream.h:24->firmware/nnet_utils/nnet_dense_stream.h:97]   --->   Operation 835 'mul' 'mul_ln58_768' <Predicate = true> <Delay = 3.34> <CoreInst = "Multiplier">   --->   Core 3 'Multiplier' <Latency = 1> <II = 1> <Delay = 3.34> <FuncUnit> <Opcode : 'mul'> <InPorts = 2> <OutPorts = 1>
ST_5 : Operation 836 [1/1] (0.00ns)   --->   "%sext_ln73_800 = sext i16 %w_767" [firmware/nnet_utils/nnet_mult.h:73->firmware/nnet_utils/nnet_dense_resource.h:59->firmware/nnet_utils/nnet_dense_resource.h:262->firmware/nnet_utils/nnet_dense_stream.h:24->firmware/nnet_utils/nnet_dense_stream.h:97]   --->   Operation 836 'sext' 'sext_ln73_800' <Predicate = true> <Delay = 0.00>
ST_5 : Operation 837 [2/2] (3.34ns)   --->   "%mul_ln58_769 = mul i26 %sext_ln73_800, i26 %sext_ln73_580" [firmware/nnet_utils/nnet_dense_resource.h:58->firmware/nnet_utils/nnet_dense_resource.h:262->firmware/nnet_utils/nnet_dense_stream.h:24->firmware/nnet_utils/nnet_dense_stream.h:97]   --->   Operation 837 'mul' 'mul_ln58_769' <Predicate = true> <Delay = 3.34> <CoreInst = "Multiplier">   --->   Core 3 'Multiplier' <Latency = 1> <II = 1> <Delay = 3.34> <FuncUnit> <Opcode : 'mul'> <InPorts = 2> <OutPorts = 1>
ST_5 : Operation 838 [1/1] (0.00ns)   --->   "%sext_ln73_801 = sext i16 %w_768" [firmware/nnet_utils/nnet_mult.h:73->firmware/nnet_utils/nnet_dense_resource.h:59->firmware/nnet_utils/nnet_dense_resource.h:262->firmware/nnet_utils/nnet_dense_stream.h:24->firmware/nnet_utils/nnet_dense_stream.h:97]   --->   Operation 838 'sext' 'sext_ln73_801' <Predicate = true> <Delay = 0.00>
ST_5 : Operation 839 [2/2] (3.34ns)   --->   "%mul_ln58_770 = mul i26 %sext_ln73_801, i26 %sext_ln73_582" [firmware/nnet_utils/nnet_dense_resource.h:58->firmware/nnet_utils/nnet_dense_resource.h:262->firmware/nnet_utils/nnet_dense_stream.h:24->firmware/nnet_utils/nnet_dense_stream.h:97]   --->   Operation 839 'mul' 'mul_ln58_770' <Predicate = true> <Delay = 3.34> <CoreInst = "Multiplier">   --->   Core 3 'Multiplier' <Latency = 1> <II = 1> <Delay = 3.34> <FuncUnit> <Opcode : 'mul'> <InPorts = 2> <OutPorts = 1>
ST_5 : Operation 840 [1/1] (0.00ns)   --->   "%sext_ln73_802 = sext i16 %w_769" [firmware/nnet_utils/nnet_mult.h:73->firmware/nnet_utils/nnet_dense_resource.h:59->firmware/nnet_utils/nnet_dense_resource.h:262->firmware/nnet_utils/nnet_dense_stream.h:24->firmware/nnet_utils/nnet_dense_stream.h:97]   --->   Operation 840 'sext' 'sext_ln73_802' <Predicate = true> <Delay = 0.00>
ST_5 : Operation 841 [2/2] (3.34ns)   --->   "%mul_ln58_771 = mul i26 %sext_ln73_802, i26 %sext_ln73_584" [firmware/nnet_utils/nnet_dense_resource.h:58->firmware/nnet_utils/nnet_dense_resource.h:262->firmware/nnet_utils/nnet_dense_stream.h:24->firmware/nnet_utils/nnet_dense_stream.h:97]   --->   Operation 841 'mul' 'mul_ln58_771' <Predicate = true> <Delay = 3.34> <CoreInst = "Multiplier">   --->   Core 3 'Multiplier' <Latency = 1> <II = 1> <Delay = 3.34> <FuncUnit> <Opcode : 'mul'> <InPorts = 2> <OutPorts = 1>
ST_5 : Operation 842 [1/1] (0.00ns)   --->   "%sext_ln73_803 = sext i16 %w_770" [firmware/nnet_utils/nnet_mult.h:73->firmware/nnet_utils/nnet_dense_resource.h:59->firmware/nnet_utils/nnet_dense_resource.h:262->firmware/nnet_utils/nnet_dense_stream.h:24->firmware/nnet_utils/nnet_dense_stream.h:97]   --->   Operation 842 'sext' 'sext_ln73_803' <Predicate = true> <Delay = 0.00>
ST_5 : Operation 843 [2/2] (3.34ns)   --->   "%mul_ln58_772 = mul i26 %sext_ln73_803, i26 %sext_ln73_586" [firmware/nnet_utils/nnet_dense_resource.h:58->firmware/nnet_utils/nnet_dense_resource.h:262->firmware/nnet_utils/nnet_dense_stream.h:24->firmware/nnet_utils/nnet_dense_stream.h:97]   --->   Operation 843 'mul' 'mul_ln58_772' <Predicate = true> <Delay = 3.34> <CoreInst = "Multiplier">   --->   Core 3 'Multiplier' <Latency = 1> <II = 1> <Delay = 3.34> <FuncUnit> <Opcode : 'mul'> <InPorts = 2> <OutPorts = 1>
ST_5 : Operation 844 [1/1] (0.00ns)   --->   "%sext_ln73_804 = sext i16 %w_771" [firmware/nnet_utils/nnet_mult.h:73->firmware/nnet_utils/nnet_dense_resource.h:59->firmware/nnet_utils/nnet_dense_resource.h:262->firmware/nnet_utils/nnet_dense_stream.h:24->firmware/nnet_utils/nnet_dense_stream.h:97]   --->   Operation 844 'sext' 'sext_ln73_804' <Predicate = true> <Delay = 0.00>
ST_5 : Operation 845 [2/2] (3.34ns)   --->   "%mul_ln58_773 = mul i26 %sext_ln73_804, i26 %sext_ln73_588" [firmware/nnet_utils/nnet_dense_resource.h:58->firmware/nnet_utils/nnet_dense_resource.h:262->firmware/nnet_utils/nnet_dense_stream.h:24->firmware/nnet_utils/nnet_dense_stream.h:97]   --->   Operation 845 'mul' 'mul_ln58_773' <Predicate = true> <Delay = 3.34> <CoreInst = "Multiplier">   --->   Core 3 'Multiplier' <Latency = 1> <II = 1> <Delay = 3.34> <FuncUnit> <Opcode : 'mul'> <InPorts = 2> <OutPorts = 1>
ST_5 : Operation 846 [1/1] (0.00ns)   --->   "%sext_ln73_805 = sext i16 %w_772" [firmware/nnet_utils/nnet_mult.h:73->firmware/nnet_utils/nnet_dense_resource.h:59->firmware/nnet_utils/nnet_dense_resource.h:262->firmware/nnet_utils/nnet_dense_stream.h:24->firmware/nnet_utils/nnet_dense_stream.h:97]   --->   Operation 846 'sext' 'sext_ln73_805' <Predicate = true> <Delay = 0.00>
ST_5 : Operation 847 [2/2] (3.34ns)   --->   "%mul_ln58_774 = mul i26 %sext_ln73_805, i26 %sext_ln73_574" [firmware/nnet_utils/nnet_dense_resource.h:58->firmware/nnet_utils/nnet_dense_resource.h:262->firmware/nnet_utils/nnet_dense_stream.h:24->firmware/nnet_utils/nnet_dense_stream.h:97]   --->   Operation 847 'mul' 'mul_ln58_774' <Predicate = true> <Delay = 3.34> <CoreInst = "Multiplier">   --->   Core 3 'Multiplier' <Latency = 1> <II = 1> <Delay = 3.34> <FuncUnit> <Opcode : 'mul'> <InPorts = 2> <OutPorts = 1>
ST_5 : Operation 848 [1/1] (0.00ns)   --->   "%sext_ln73_806 = sext i16 %w_773" [firmware/nnet_utils/nnet_mult.h:73->firmware/nnet_utils/nnet_dense_resource.h:59->firmware/nnet_utils/nnet_dense_resource.h:262->firmware/nnet_utils/nnet_dense_stream.h:24->firmware/nnet_utils/nnet_dense_stream.h:97]   --->   Operation 848 'sext' 'sext_ln73_806' <Predicate = true> <Delay = 0.00>
ST_5 : Operation 849 [2/2] (3.34ns)   --->   "%mul_ln58_775 = mul i26 %sext_ln73_806, i26 %sext_ln73_576" [firmware/nnet_utils/nnet_dense_resource.h:58->firmware/nnet_utils/nnet_dense_resource.h:262->firmware/nnet_utils/nnet_dense_stream.h:24->firmware/nnet_utils/nnet_dense_stream.h:97]   --->   Operation 849 'mul' 'mul_ln58_775' <Predicate = true> <Delay = 3.34> <CoreInst = "Multiplier">   --->   Core 3 'Multiplier' <Latency = 1> <II = 1> <Delay = 3.34> <FuncUnit> <Opcode : 'mul'> <InPorts = 2> <OutPorts = 1>
ST_5 : Operation 850 [1/1] (0.00ns)   --->   "%sext_ln73_807 = sext i16 %w_774" [firmware/nnet_utils/nnet_mult.h:73->firmware/nnet_utils/nnet_dense_resource.h:59->firmware/nnet_utils/nnet_dense_resource.h:262->firmware/nnet_utils/nnet_dense_stream.h:24->firmware/nnet_utils/nnet_dense_stream.h:97]   --->   Operation 850 'sext' 'sext_ln73_807' <Predicate = true> <Delay = 0.00>
ST_5 : Operation 851 [2/2] (3.34ns)   --->   "%mul_ln58_776 = mul i26 %sext_ln73_807, i26 %sext_ln73_578" [firmware/nnet_utils/nnet_dense_resource.h:58->firmware/nnet_utils/nnet_dense_resource.h:262->firmware/nnet_utils/nnet_dense_stream.h:24->firmware/nnet_utils/nnet_dense_stream.h:97]   --->   Operation 851 'mul' 'mul_ln58_776' <Predicate = true> <Delay = 3.34> <CoreInst = "Multiplier">   --->   Core 3 'Multiplier' <Latency = 1> <II = 1> <Delay = 3.34> <FuncUnit> <Opcode : 'mul'> <InPorts = 2> <OutPorts = 1>
ST_5 : Operation 852 [1/1] (0.00ns)   --->   "%sext_ln73_808 = sext i16 %w_775" [firmware/nnet_utils/nnet_mult.h:73->firmware/nnet_utils/nnet_dense_resource.h:59->firmware/nnet_utils/nnet_dense_resource.h:262->firmware/nnet_utils/nnet_dense_stream.h:24->firmware/nnet_utils/nnet_dense_stream.h:97]   --->   Operation 852 'sext' 'sext_ln73_808' <Predicate = true> <Delay = 0.00>
ST_5 : Operation 853 [2/2] (3.34ns)   --->   "%mul_ln58_777 = mul i26 %sext_ln73_808, i26 %sext_ln73_580" [firmware/nnet_utils/nnet_dense_resource.h:58->firmware/nnet_utils/nnet_dense_resource.h:262->firmware/nnet_utils/nnet_dense_stream.h:24->firmware/nnet_utils/nnet_dense_stream.h:97]   --->   Operation 853 'mul' 'mul_ln58_777' <Predicate = true> <Delay = 3.34> <CoreInst = "Multiplier">   --->   Core 3 'Multiplier' <Latency = 1> <II = 1> <Delay = 3.34> <FuncUnit> <Opcode : 'mul'> <InPorts = 2> <OutPorts = 1>
ST_5 : Operation 854 [1/1] (0.00ns)   --->   "%sext_ln73_809 = sext i16 %w_776" [firmware/nnet_utils/nnet_mult.h:73->firmware/nnet_utils/nnet_dense_resource.h:59->firmware/nnet_utils/nnet_dense_resource.h:262->firmware/nnet_utils/nnet_dense_stream.h:24->firmware/nnet_utils/nnet_dense_stream.h:97]   --->   Operation 854 'sext' 'sext_ln73_809' <Predicate = true> <Delay = 0.00>
ST_5 : Operation 855 [2/2] (3.34ns)   --->   "%mul_ln58_778 = mul i26 %sext_ln73_809, i26 %sext_ln73_582" [firmware/nnet_utils/nnet_dense_resource.h:58->firmware/nnet_utils/nnet_dense_resource.h:262->firmware/nnet_utils/nnet_dense_stream.h:24->firmware/nnet_utils/nnet_dense_stream.h:97]   --->   Operation 855 'mul' 'mul_ln58_778' <Predicate = true> <Delay = 3.34> <CoreInst = "Multiplier">   --->   Core 3 'Multiplier' <Latency = 1> <II = 1> <Delay = 3.34> <FuncUnit> <Opcode : 'mul'> <InPorts = 2> <OutPorts = 1>
ST_5 : Operation 856 [1/1] (0.00ns)   --->   "%sext_ln73_810 = sext i16 %w_777" [firmware/nnet_utils/nnet_mult.h:73->firmware/nnet_utils/nnet_dense_resource.h:59->firmware/nnet_utils/nnet_dense_resource.h:262->firmware/nnet_utils/nnet_dense_stream.h:24->firmware/nnet_utils/nnet_dense_stream.h:97]   --->   Operation 856 'sext' 'sext_ln73_810' <Predicate = true> <Delay = 0.00>
ST_5 : Operation 857 [2/2] (3.34ns)   --->   "%mul_ln58_779 = mul i26 %sext_ln73_810, i26 %sext_ln73_584" [firmware/nnet_utils/nnet_dense_resource.h:58->firmware/nnet_utils/nnet_dense_resource.h:262->firmware/nnet_utils/nnet_dense_stream.h:24->firmware/nnet_utils/nnet_dense_stream.h:97]   --->   Operation 857 'mul' 'mul_ln58_779' <Predicate = true> <Delay = 3.34> <CoreInst = "Multiplier">   --->   Core 3 'Multiplier' <Latency = 1> <II = 1> <Delay = 3.34> <FuncUnit> <Opcode : 'mul'> <InPorts = 2> <OutPorts = 1>
ST_5 : Operation 858 [1/1] (0.00ns)   --->   "%sext_ln73_811 = sext i16 %w_778" [firmware/nnet_utils/nnet_mult.h:73->firmware/nnet_utils/nnet_dense_resource.h:59->firmware/nnet_utils/nnet_dense_resource.h:262->firmware/nnet_utils/nnet_dense_stream.h:24->firmware/nnet_utils/nnet_dense_stream.h:97]   --->   Operation 858 'sext' 'sext_ln73_811' <Predicate = true> <Delay = 0.00>
ST_5 : Operation 859 [2/2] (3.34ns)   --->   "%mul_ln58_780 = mul i26 %sext_ln73_811, i26 %sext_ln73_586" [firmware/nnet_utils/nnet_dense_resource.h:58->firmware/nnet_utils/nnet_dense_resource.h:262->firmware/nnet_utils/nnet_dense_stream.h:24->firmware/nnet_utils/nnet_dense_stream.h:97]   --->   Operation 859 'mul' 'mul_ln58_780' <Predicate = true> <Delay = 3.34> <CoreInst = "Multiplier">   --->   Core 3 'Multiplier' <Latency = 1> <II = 1> <Delay = 3.34> <FuncUnit> <Opcode : 'mul'> <InPorts = 2> <OutPorts = 1>
ST_5 : Operation 860 [1/1] (0.00ns)   --->   "%sext_ln73_812 = sext i16 %w_779" [firmware/nnet_utils/nnet_mult.h:73->firmware/nnet_utils/nnet_dense_resource.h:59->firmware/nnet_utils/nnet_dense_resource.h:262->firmware/nnet_utils/nnet_dense_stream.h:24->firmware/nnet_utils/nnet_dense_stream.h:97]   --->   Operation 860 'sext' 'sext_ln73_812' <Predicate = true> <Delay = 0.00>
ST_5 : Operation 861 [2/2] (3.34ns)   --->   "%mul_ln58_781 = mul i26 %sext_ln73_812, i26 %sext_ln73_588" [firmware/nnet_utils/nnet_dense_resource.h:58->firmware/nnet_utils/nnet_dense_resource.h:262->firmware/nnet_utils/nnet_dense_stream.h:24->firmware/nnet_utils/nnet_dense_stream.h:97]   --->   Operation 861 'mul' 'mul_ln58_781' <Predicate = true> <Delay = 3.34> <CoreInst = "Multiplier">   --->   Core 3 'Multiplier' <Latency = 1> <II = 1> <Delay = 3.34> <FuncUnit> <Opcode : 'mul'> <InPorts = 2> <OutPorts = 1>
ST_5 : Operation 862 [1/1] (0.00ns)   --->   "%sext_ln73_813 = sext i16 %w_780" [firmware/nnet_utils/nnet_mult.h:73->firmware/nnet_utils/nnet_dense_resource.h:59->firmware/nnet_utils/nnet_dense_resource.h:262->firmware/nnet_utils/nnet_dense_stream.h:24->firmware/nnet_utils/nnet_dense_stream.h:97]   --->   Operation 862 'sext' 'sext_ln73_813' <Predicate = true> <Delay = 0.00>
ST_5 : Operation 863 [2/2] (3.34ns)   --->   "%mul_ln58_782 = mul i26 %sext_ln73_813, i26 %sext_ln73_574" [firmware/nnet_utils/nnet_dense_resource.h:58->firmware/nnet_utils/nnet_dense_resource.h:262->firmware/nnet_utils/nnet_dense_stream.h:24->firmware/nnet_utils/nnet_dense_stream.h:97]   --->   Operation 863 'mul' 'mul_ln58_782' <Predicate = true> <Delay = 3.34> <CoreInst = "Multiplier">   --->   Core 3 'Multiplier' <Latency = 1> <II = 1> <Delay = 3.34> <FuncUnit> <Opcode : 'mul'> <InPorts = 2> <OutPorts = 1>
ST_5 : Operation 864 [1/1] (0.00ns)   --->   "%sext_ln73_814 = sext i16 %w_781" [firmware/nnet_utils/nnet_mult.h:73->firmware/nnet_utils/nnet_dense_resource.h:59->firmware/nnet_utils/nnet_dense_resource.h:262->firmware/nnet_utils/nnet_dense_stream.h:24->firmware/nnet_utils/nnet_dense_stream.h:97]   --->   Operation 864 'sext' 'sext_ln73_814' <Predicate = true> <Delay = 0.00>
ST_5 : Operation 865 [2/2] (3.34ns)   --->   "%mul_ln58_783 = mul i26 %sext_ln73_814, i26 %sext_ln73_576" [firmware/nnet_utils/nnet_dense_resource.h:58->firmware/nnet_utils/nnet_dense_resource.h:262->firmware/nnet_utils/nnet_dense_stream.h:24->firmware/nnet_utils/nnet_dense_stream.h:97]   --->   Operation 865 'mul' 'mul_ln58_783' <Predicate = true> <Delay = 3.34> <CoreInst = "Multiplier">   --->   Core 3 'Multiplier' <Latency = 1> <II = 1> <Delay = 3.34> <FuncUnit> <Opcode : 'mul'> <InPorts = 2> <OutPorts = 1>
ST_5 : Operation 866 [1/1] (0.00ns)   --->   "%sext_ln73_815 = sext i16 %w_782" [firmware/nnet_utils/nnet_mult.h:73->firmware/nnet_utils/nnet_dense_resource.h:59->firmware/nnet_utils/nnet_dense_resource.h:262->firmware/nnet_utils/nnet_dense_stream.h:24->firmware/nnet_utils/nnet_dense_stream.h:97]   --->   Operation 866 'sext' 'sext_ln73_815' <Predicate = true> <Delay = 0.00>
ST_5 : Operation 867 [2/2] (3.34ns)   --->   "%mul_ln58_784 = mul i26 %sext_ln73_815, i26 %sext_ln73_578" [firmware/nnet_utils/nnet_dense_resource.h:58->firmware/nnet_utils/nnet_dense_resource.h:262->firmware/nnet_utils/nnet_dense_stream.h:24->firmware/nnet_utils/nnet_dense_stream.h:97]   --->   Operation 867 'mul' 'mul_ln58_784' <Predicate = true> <Delay = 3.34> <CoreInst = "Multiplier">   --->   Core 3 'Multiplier' <Latency = 1> <II = 1> <Delay = 3.34> <FuncUnit> <Opcode : 'mul'> <InPorts = 2> <OutPorts = 1>
ST_5 : Operation 868 [1/1] (0.00ns)   --->   "%sext_ln73_816 = sext i16 %w_783" [firmware/nnet_utils/nnet_mult.h:73->firmware/nnet_utils/nnet_dense_resource.h:59->firmware/nnet_utils/nnet_dense_resource.h:262->firmware/nnet_utils/nnet_dense_stream.h:24->firmware/nnet_utils/nnet_dense_stream.h:97]   --->   Operation 868 'sext' 'sext_ln73_816' <Predicate = true> <Delay = 0.00>
ST_5 : Operation 869 [2/2] (3.34ns)   --->   "%mul_ln58_785 = mul i26 %sext_ln73_816, i26 %sext_ln73_580" [firmware/nnet_utils/nnet_dense_resource.h:58->firmware/nnet_utils/nnet_dense_resource.h:262->firmware/nnet_utils/nnet_dense_stream.h:24->firmware/nnet_utils/nnet_dense_stream.h:97]   --->   Operation 869 'mul' 'mul_ln58_785' <Predicate = true> <Delay = 3.34> <CoreInst = "Multiplier">   --->   Core 3 'Multiplier' <Latency = 1> <II = 1> <Delay = 3.34> <FuncUnit> <Opcode : 'mul'> <InPorts = 2> <OutPorts = 1>
ST_5 : Operation 870 [1/1] (0.00ns)   --->   "%sext_ln73_817 = sext i16 %w_784" [firmware/nnet_utils/nnet_mult.h:73->firmware/nnet_utils/nnet_dense_resource.h:59->firmware/nnet_utils/nnet_dense_resource.h:262->firmware/nnet_utils/nnet_dense_stream.h:24->firmware/nnet_utils/nnet_dense_stream.h:97]   --->   Operation 870 'sext' 'sext_ln73_817' <Predicate = true> <Delay = 0.00>
ST_5 : Operation 871 [2/2] (3.34ns)   --->   "%mul_ln58_786 = mul i26 %sext_ln73_817, i26 %sext_ln73_582" [firmware/nnet_utils/nnet_dense_resource.h:58->firmware/nnet_utils/nnet_dense_resource.h:262->firmware/nnet_utils/nnet_dense_stream.h:24->firmware/nnet_utils/nnet_dense_stream.h:97]   --->   Operation 871 'mul' 'mul_ln58_786' <Predicate = true> <Delay = 3.34> <CoreInst = "Multiplier">   --->   Core 3 'Multiplier' <Latency = 1> <II = 1> <Delay = 3.34> <FuncUnit> <Opcode : 'mul'> <InPorts = 2> <OutPorts = 1>
ST_5 : Operation 872 [1/1] (0.00ns)   --->   "%sext_ln73_818 = sext i16 %w_785" [firmware/nnet_utils/nnet_mult.h:73->firmware/nnet_utils/nnet_dense_resource.h:59->firmware/nnet_utils/nnet_dense_resource.h:262->firmware/nnet_utils/nnet_dense_stream.h:24->firmware/nnet_utils/nnet_dense_stream.h:97]   --->   Operation 872 'sext' 'sext_ln73_818' <Predicate = true> <Delay = 0.00>
ST_5 : Operation 873 [2/2] (3.34ns)   --->   "%mul_ln58_787 = mul i26 %sext_ln73_818, i26 %sext_ln73_584" [firmware/nnet_utils/nnet_dense_resource.h:58->firmware/nnet_utils/nnet_dense_resource.h:262->firmware/nnet_utils/nnet_dense_stream.h:24->firmware/nnet_utils/nnet_dense_stream.h:97]   --->   Operation 873 'mul' 'mul_ln58_787' <Predicate = true> <Delay = 3.34> <CoreInst = "Multiplier">   --->   Core 3 'Multiplier' <Latency = 1> <II = 1> <Delay = 3.34> <FuncUnit> <Opcode : 'mul'> <InPorts = 2> <OutPorts = 1>
ST_5 : Operation 874 [1/1] (0.00ns)   --->   "%sext_ln73_819 = sext i16 %w_786" [firmware/nnet_utils/nnet_mult.h:73->firmware/nnet_utils/nnet_dense_resource.h:59->firmware/nnet_utils/nnet_dense_resource.h:262->firmware/nnet_utils/nnet_dense_stream.h:24->firmware/nnet_utils/nnet_dense_stream.h:97]   --->   Operation 874 'sext' 'sext_ln73_819' <Predicate = true> <Delay = 0.00>
ST_5 : Operation 875 [2/2] (3.34ns)   --->   "%mul_ln58_788 = mul i26 %sext_ln73_819, i26 %sext_ln73_586" [firmware/nnet_utils/nnet_dense_resource.h:58->firmware/nnet_utils/nnet_dense_resource.h:262->firmware/nnet_utils/nnet_dense_stream.h:24->firmware/nnet_utils/nnet_dense_stream.h:97]   --->   Operation 875 'mul' 'mul_ln58_788' <Predicate = true> <Delay = 3.34> <CoreInst = "Multiplier">   --->   Core 3 'Multiplier' <Latency = 1> <II = 1> <Delay = 3.34> <FuncUnit> <Opcode : 'mul'> <InPorts = 2> <OutPorts = 1>
ST_5 : Operation 876 [1/1] (0.00ns)   --->   "%sext_ln73_820 = sext i16 %w_787" [firmware/nnet_utils/nnet_mult.h:73->firmware/nnet_utils/nnet_dense_resource.h:59->firmware/nnet_utils/nnet_dense_resource.h:262->firmware/nnet_utils/nnet_dense_stream.h:24->firmware/nnet_utils/nnet_dense_stream.h:97]   --->   Operation 876 'sext' 'sext_ln73_820' <Predicate = true> <Delay = 0.00>
ST_5 : Operation 877 [2/2] (3.34ns)   --->   "%mul_ln58_789 = mul i26 %sext_ln73_820, i26 %sext_ln73_588" [firmware/nnet_utils/nnet_dense_resource.h:58->firmware/nnet_utils/nnet_dense_resource.h:262->firmware/nnet_utils/nnet_dense_stream.h:24->firmware/nnet_utils/nnet_dense_stream.h:97]   --->   Operation 877 'mul' 'mul_ln58_789' <Predicate = true> <Delay = 3.34> <CoreInst = "Multiplier">   --->   Core 3 'Multiplier' <Latency = 1> <II = 1> <Delay = 3.34> <FuncUnit> <Opcode : 'mul'> <InPorts = 2> <OutPorts = 1>
ST_5 : Operation 878 [1/1] (0.00ns)   --->   "%sext_ln73_821 = sext i16 %w_788" [firmware/nnet_utils/nnet_mult.h:73->firmware/nnet_utils/nnet_dense_resource.h:59->firmware/nnet_utils/nnet_dense_resource.h:262->firmware/nnet_utils/nnet_dense_stream.h:24->firmware/nnet_utils/nnet_dense_stream.h:97]   --->   Operation 878 'sext' 'sext_ln73_821' <Predicate = true> <Delay = 0.00>
ST_5 : Operation 879 [2/2] (3.34ns)   --->   "%mul_ln58_790 = mul i26 %sext_ln73_821, i26 %sext_ln73_574" [firmware/nnet_utils/nnet_dense_resource.h:58->firmware/nnet_utils/nnet_dense_resource.h:262->firmware/nnet_utils/nnet_dense_stream.h:24->firmware/nnet_utils/nnet_dense_stream.h:97]   --->   Operation 879 'mul' 'mul_ln58_790' <Predicate = true> <Delay = 3.34> <CoreInst = "Multiplier">   --->   Core 3 'Multiplier' <Latency = 1> <II = 1> <Delay = 3.34> <FuncUnit> <Opcode : 'mul'> <InPorts = 2> <OutPorts = 1>
ST_5 : Operation 880 [1/1] (0.00ns)   --->   "%sext_ln73_822 = sext i16 %w_789" [firmware/nnet_utils/nnet_mult.h:73->firmware/nnet_utils/nnet_dense_resource.h:59->firmware/nnet_utils/nnet_dense_resource.h:262->firmware/nnet_utils/nnet_dense_stream.h:24->firmware/nnet_utils/nnet_dense_stream.h:97]   --->   Operation 880 'sext' 'sext_ln73_822' <Predicate = true> <Delay = 0.00>
ST_5 : Operation 881 [2/2] (3.34ns)   --->   "%mul_ln58_791 = mul i26 %sext_ln73_822, i26 %sext_ln73_576" [firmware/nnet_utils/nnet_dense_resource.h:58->firmware/nnet_utils/nnet_dense_resource.h:262->firmware/nnet_utils/nnet_dense_stream.h:24->firmware/nnet_utils/nnet_dense_stream.h:97]   --->   Operation 881 'mul' 'mul_ln58_791' <Predicate = true> <Delay = 3.34> <CoreInst = "Multiplier">   --->   Core 3 'Multiplier' <Latency = 1> <II = 1> <Delay = 3.34> <FuncUnit> <Opcode : 'mul'> <InPorts = 2> <OutPorts = 1>
ST_5 : Operation 882 [1/1] (0.00ns)   --->   "%sext_ln73_823 = sext i16 %w_790" [firmware/nnet_utils/nnet_mult.h:73->firmware/nnet_utils/nnet_dense_resource.h:59->firmware/nnet_utils/nnet_dense_resource.h:262->firmware/nnet_utils/nnet_dense_stream.h:24->firmware/nnet_utils/nnet_dense_stream.h:97]   --->   Operation 882 'sext' 'sext_ln73_823' <Predicate = true> <Delay = 0.00>
ST_5 : Operation 883 [2/2] (3.34ns)   --->   "%mul_ln58_792 = mul i26 %sext_ln73_823, i26 %sext_ln73_578" [firmware/nnet_utils/nnet_dense_resource.h:58->firmware/nnet_utils/nnet_dense_resource.h:262->firmware/nnet_utils/nnet_dense_stream.h:24->firmware/nnet_utils/nnet_dense_stream.h:97]   --->   Operation 883 'mul' 'mul_ln58_792' <Predicate = true> <Delay = 3.34> <CoreInst = "Multiplier">   --->   Core 3 'Multiplier' <Latency = 1> <II = 1> <Delay = 3.34> <FuncUnit> <Opcode : 'mul'> <InPorts = 2> <OutPorts = 1>
ST_5 : Operation 884 [1/1] (0.00ns)   --->   "%sext_ln73_824 = sext i16 %w_791" [firmware/nnet_utils/nnet_mult.h:73->firmware/nnet_utils/nnet_dense_resource.h:59->firmware/nnet_utils/nnet_dense_resource.h:262->firmware/nnet_utils/nnet_dense_stream.h:24->firmware/nnet_utils/nnet_dense_stream.h:97]   --->   Operation 884 'sext' 'sext_ln73_824' <Predicate = true> <Delay = 0.00>
ST_5 : Operation 885 [2/2] (3.34ns)   --->   "%mul_ln58_793 = mul i26 %sext_ln73_824, i26 %sext_ln73_580" [firmware/nnet_utils/nnet_dense_resource.h:58->firmware/nnet_utils/nnet_dense_resource.h:262->firmware/nnet_utils/nnet_dense_stream.h:24->firmware/nnet_utils/nnet_dense_stream.h:97]   --->   Operation 885 'mul' 'mul_ln58_793' <Predicate = true> <Delay = 3.34> <CoreInst = "Multiplier">   --->   Core 3 'Multiplier' <Latency = 1> <II = 1> <Delay = 3.34> <FuncUnit> <Opcode : 'mul'> <InPorts = 2> <OutPorts = 1>
ST_5 : Operation 886 [1/1] (0.00ns)   --->   "%sext_ln73_825 = sext i16 %w_792" [firmware/nnet_utils/nnet_mult.h:73->firmware/nnet_utils/nnet_dense_resource.h:59->firmware/nnet_utils/nnet_dense_resource.h:262->firmware/nnet_utils/nnet_dense_stream.h:24->firmware/nnet_utils/nnet_dense_stream.h:97]   --->   Operation 886 'sext' 'sext_ln73_825' <Predicate = true> <Delay = 0.00>
ST_5 : Operation 887 [2/2] (3.34ns)   --->   "%mul_ln58_794 = mul i26 %sext_ln73_825, i26 %sext_ln73_582" [firmware/nnet_utils/nnet_dense_resource.h:58->firmware/nnet_utils/nnet_dense_resource.h:262->firmware/nnet_utils/nnet_dense_stream.h:24->firmware/nnet_utils/nnet_dense_stream.h:97]   --->   Operation 887 'mul' 'mul_ln58_794' <Predicate = true> <Delay = 3.34> <CoreInst = "Multiplier">   --->   Core 3 'Multiplier' <Latency = 1> <II = 1> <Delay = 3.34> <FuncUnit> <Opcode : 'mul'> <InPorts = 2> <OutPorts = 1>
ST_5 : Operation 888 [1/1] (0.00ns)   --->   "%sext_ln73_826 = sext i16 %w_793" [firmware/nnet_utils/nnet_mult.h:73->firmware/nnet_utils/nnet_dense_resource.h:59->firmware/nnet_utils/nnet_dense_resource.h:262->firmware/nnet_utils/nnet_dense_stream.h:24->firmware/nnet_utils/nnet_dense_stream.h:97]   --->   Operation 888 'sext' 'sext_ln73_826' <Predicate = true> <Delay = 0.00>
ST_5 : Operation 889 [2/2] (3.34ns)   --->   "%mul_ln58_795 = mul i26 %sext_ln73_826, i26 %sext_ln73_584" [firmware/nnet_utils/nnet_dense_resource.h:58->firmware/nnet_utils/nnet_dense_resource.h:262->firmware/nnet_utils/nnet_dense_stream.h:24->firmware/nnet_utils/nnet_dense_stream.h:97]   --->   Operation 889 'mul' 'mul_ln58_795' <Predicate = true> <Delay = 3.34> <CoreInst = "Multiplier">   --->   Core 3 'Multiplier' <Latency = 1> <II = 1> <Delay = 3.34> <FuncUnit> <Opcode : 'mul'> <InPorts = 2> <OutPorts = 1>
ST_5 : Operation 890 [1/1] (0.00ns)   --->   "%sext_ln73_827 = sext i16 %w_794" [firmware/nnet_utils/nnet_mult.h:73->firmware/nnet_utils/nnet_dense_resource.h:59->firmware/nnet_utils/nnet_dense_resource.h:262->firmware/nnet_utils/nnet_dense_stream.h:24->firmware/nnet_utils/nnet_dense_stream.h:97]   --->   Operation 890 'sext' 'sext_ln73_827' <Predicate = true> <Delay = 0.00>
ST_5 : Operation 891 [2/2] (3.34ns)   --->   "%mul_ln58_796 = mul i26 %sext_ln73_827, i26 %sext_ln73_586" [firmware/nnet_utils/nnet_dense_resource.h:58->firmware/nnet_utils/nnet_dense_resource.h:262->firmware/nnet_utils/nnet_dense_stream.h:24->firmware/nnet_utils/nnet_dense_stream.h:97]   --->   Operation 891 'mul' 'mul_ln58_796' <Predicate = true> <Delay = 3.34> <CoreInst = "Multiplier">   --->   Core 3 'Multiplier' <Latency = 1> <II = 1> <Delay = 3.34> <FuncUnit> <Opcode : 'mul'> <InPorts = 2> <OutPorts = 1>
ST_5 : Operation 892 [1/1] (0.00ns)   --->   "%sext_ln73_828 = sext i16 %w_795" [firmware/nnet_utils/nnet_mult.h:73->firmware/nnet_utils/nnet_dense_resource.h:59->firmware/nnet_utils/nnet_dense_resource.h:262->firmware/nnet_utils/nnet_dense_stream.h:24->firmware/nnet_utils/nnet_dense_stream.h:97]   --->   Operation 892 'sext' 'sext_ln73_828' <Predicate = true> <Delay = 0.00>
ST_5 : Operation 893 [2/2] (3.34ns)   --->   "%mul_ln58_797 = mul i26 %sext_ln73_828, i26 %sext_ln73_588" [firmware/nnet_utils/nnet_dense_resource.h:58->firmware/nnet_utils/nnet_dense_resource.h:262->firmware/nnet_utils/nnet_dense_stream.h:24->firmware/nnet_utils/nnet_dense_stream.h:97]   --->   Operation 893 'mul' 'mul_ln58_797' <Predicate = true> <Delay = 3.34> <CoreInst = "Multiplier">   --->   Core 3 'Multiplier' <Latency = 1> <II = 1> <Delay = 3.34> <FuncUnit> <Opcode : 'mul'> <InPorts = 2> <OutPorts = 1>
ST_5 : Operation 894 [1/1] (0.00ns)   --->   "%sext_ln73_829 = sext i16 %w_796" [firmware/nnet_utils/nnet_mult.h:73->firmware/nnet_utils/nnet_dense_resource.h:59->firmware/nnet_utils/nnet_dense_resource.h:262->firmware/nnet_utils/nnet_dense_stream.h:24->firmware/nnet_utils/nnet_dense_stream.h:97]   --->   Operation 894 'sext' 'sext_ln73_829' <Predicate = true> <Delay = 0.00>
ST_5 : Operation 895 [2/2] (3.34ns)   --->   "%mul_ln58_798 = mul i26 %sext_ln73_829, i26 %sext_ln73_574" [firmware/nnet_utils/nnet_dense_resource.h:58->firmware/nnet_utils/nnet_dense_resource.h:262->firmware/nnet_utils/nnet_dense_stream.h:24->firmware/nnet_utils/nnet_dense_stream.h:97]   --->   Operation 895 'mul' 'mul_ln58_798' <Predicate = true> <Delay = 3.34> <CoreInst = "Multiplier">   --->   Core 3 'Multiplier' <Latency = 1> <II = 1> <Delay = 3.34> <FuncUnit> <Opcode : 'mul'> <InPorts = 2> <OutPorts = 1>
ST_5 : Operation 896 [1/1] (0.00ns)   --->   "%sext_ln73_830 = sext i16 %w_797" [firmware/nnet_utils/nnet_mult.h:73->firmware/nnet_utils/nnet_dense_resource.h:59->firmware/nnet_utils/nnet_dense_resource.h:262->firmware/nnet_utils/nnet_dense_stream.h:24->firmware/nnet_utils/nnet_dense_stream.h:97]   --->   Operation 896 'sext' 'sext_ln73_830' <Predicate = true> <Delay = 0.00>
ST_5 : Operation 897 [2/2] (3.34ns)   --->   "%mul_ln58_799 = mul i26 %sext_ln73_830, i26 %sext_ln73_576" [firmware/nnet_utils/nnet_dense_resource.h:58->firmware/nnet_utils/nnet_dense_resource.h:262->firmware/nnet_utils/nnet_dense_stream.h:24->firmware/nnet_utils/nnet_dense_stream.h:97]   --->   Operation 897 'mul' 'mul_ln58_799' <Predicate = true> <Delay = 3.34> <CoreInst = "Multiplier">   --->   Core 3 'Multiplier' <Latency = 1> <II = 1> <Delay = 3.34> <FuncUnit> <Opcode : 'mul'> <InPorts = 2> <OutPorts = 1>
ST_5 : Operation 898 [1/1] (0.00ns)   --->   "%sext_ln73_831 = sext i16 %w_798" [firmware/nnet_utils/nnet_mult.h:73->firmware/nnet_utils/nnet_dense_resource.h:59->firmware/nnet_utils/nnet_dense_resource.h:262->firmware/nnet_utils/nnet_dense_stream.h:24->firmware/nnet_utils/nnet_dense_stream.h:97]   --->   Operation 898 'sext' 'sext_ln73_831' <Predicate = true> <Delay = 0.00>
ST_5 : Operation 899 [2/2] (3.34ns)   --->   "%mul_ln58_800 = mul i26 %sext_ln73_831, i26 %sext_ln73_578" [firmware/nnet_utils/nnet_dense_resource.h:58->firmware/nnet_utils/nnet_dense_resource.h:262->firmware/nnet_utils/nnet_dense_stream.h:24->firmware/nnet_utils/nnet_dense_stream.h:97]   --->   Operation 899 'mul' 'mul_ln58_800' <Predicate = true> <Delay = 3.34> <CoreInst = "Multiplier">   --->   Core 3 'Multiplier' <Latency = 1> <II = 1> <Delay = 3.34> <FuncUnit> <Opcode : 'mul'> <InPorts = 2> <OutPorts = 1>
ST_5 : Operation 900 [1/1] (0.00ns)   --->   "%sext_ln73_832 = sext i16 %w_799" [firmware/nnet_utils/nnet_mult.h:73->firmware/nnet_utils/nnet_dense_resource.h:59->firmware/nnet_utils/nnet_dense_resource.h:262->firmware/nnet_utils/nnet_dense_stream.h:24->firmware/nnet_utils/nnet_dense_stream.h:97]   --->   Operation 900 'sext' 'sext_ln73_832' <Predicate = true> <Delay = 0.00>
ST_5 : Operation 901 [2/2] (3.34ns)   --->   "%mul_ln58_801 = mul i26 %sext_ln73_832, i26 %sext_ln73_580" [firmware/nnet_utils/nnet_dense_resource.h:58->firmware/nnet_utils/nnet_dense_resource.h:262->firmware/nnet_utils/nnet_dense_stream.h:24->firmware/nnet_utils/nnet_dense_stream.h:97]   --->   Operation 901 'mul' 'mul_ln58_801' <Predicate = true> <Delay = 3.34> <CoreInst = "Multiplier">   --->   Core 3 'Multiplier' <Latency = 1> <II = 1> <Delay = 3.34> <FuncUnit> <Opcode : 'mul'> <InPorts = 2> <OutPorts = 1>
ST_5 : Operation 902 [1/1] (0.00ns)   --->   "%sext_ln73_833 = sext i16 %w_800" [firmware/nnet_utils/nnet_mult.h:73->firmware/nnet_utils/nnet_dense_resource.h:59->firmware/nnet_utils/nnet_dense_resource.h:262->firmware/nnet_utils/nnet_dense_stream.h:24->firmware/nnet_utils/nnet_dense_stream.h:97]   --->   Operation 902 'sext' 'sext_ln73_833' <Predicate = true> <Delay = 0.00>
ST_5 : Operation 903 [2/2] (3.34ns)   --->   "%mul_ln58_802 = mul i26 %sext_ln73_833, i26 %sext_ln73_582" [firmware/nnet_utils/nnet_dense_resource.h:58->firmware/nnet_utils/nnet_dense_resource.h:262->firmware/nnet_utils/nnet_dense_stream.h:24->firmware/nnet_utils/nnet_dense_stream.h:97]   --->   Operation 903 'mul' 'mul_ln58_802' <Predicate = true> <Delay = 3.34> <CoreInst = "Multiplier">   --->   Core 3 'Multiplier' <Latency = 1> <II = 1> <Delay = 3.34> <FuncUnit> <Opcode : 'mul'> <InPorts = 2> <OutPorts = 1>
ST_5 : Operation 904 [1/1] (0.00ns)   --->   "%sext_ln73_834 = sext i16 %w_801" [firmware/nnet_utils/nnet_mult.h:73->firmware/nnet_utils/nnet_dense_resource.h:59->firmware/nnet_utils/nnet_dense_resource.h:262->firmware/nnet_utils/nnet_dense_stream.h:24->firmware/nnet_utils/nnet_dense_stream.h:97]   --->   Operation 904 'sext' 'sext_ln73_834' <Predicate = true> <Delay = 0.00>
ST_5 : Operation 905 [2/2] (3.34ns)   --->   "%mul_ln58_803 = mul i26 %sext_ln73_834, i26 %sext_ln73_584" [firmware/nnet_utils/nnet_dense_resource.h:58->firmware/nnet_utils/nnet_dense_resource.h:262->firmware/nnet_utils/nnet_dense_stream.h:24->firmware/nnet_utils/nnet_dense_stream.h:97]   --->   Operation 905 'mul' 'mul_ln58_803' <Predicate = true> <Delay = 3.34> <CoreInst = "Multiplier">   --->   Core 3 'Multiplier' <Latency = 1> <II = 1> <Delay = 3.34> <FuncUnit> <Opcode : 'mul'> <InPorts = 2> <OutPorts = 1>
ST_5 : Operation 906 [1/1] (0.00ns)   --->   "%sext_ln73_835 = sext i16 %w_802" [firmware/nnet_utils/nnet_mult.h:73->firmware/nnet_utils/nnet_dense_resource.h:59->firmware/nnet_utils/nnet_dense_resource.h:262->firmware/nnet_utils/nnet_dense_stream.h:24->firmware/nnet_utils/nnet_dense_stream.h:97]   --->   Operation 906 'sext' 'sext_ln73_835' <Predicate = true> <Delay = 0.00>
ST_5 : Operation 907 [2/2] (3.34ns)   --->   "%mul_ln58_804 = mul i26 %sext_ln73_835, i26 %sext_ln73_586" [firmware/nnet_utils/nnet_dense_resource.h:58->firmware/nnet_utils/nnet_dense_resource.h:262->firmware/nnet_utils/nnet_dense_stream.h:24->firmware/nnet_utils/nnet_dense_stream.h:97]   --->   Operation 907 'mul' 'mul_ln58_804' <Predicate = true> <Delay = 3.34> <CoreInst = "Multiplier">   --->   Core 3 'Multiplier' <Latency = 1> <II = 1> <Delay = 3.34> <FuncUnit> <Opcode : 'mul'> <InPorts = 2> <OutPorts = 1>
ST_5 : Operation 908 [1/1] (0.00ns)   --->   "%sext_ln73_836 = sext i10 %tmp" [firmware/nnet_utils/nnet_mult.h:73->firmware/nnet_utils/nnet_dense_resource.h:59->firmware/nnet_utils/nnet_dense_resource.h:262->firmware/nnet_utils/nnet_dense_stream.h:24->firmware/nnet_utils/nnet_dense_stream.h:97]   --->   Operation 908 'sext' 'sext_ln73_836' <Predicate = true> <Delay = 0.00>
ST_5 : Operation 909 [2/2] (3.34ns)   --->   "%mul_ln58_805 = mul i26 %sext_ln73_588, i26 %sext_ln73_836" [firmware/nnet_utils/nnet_dense_resource.h:58->firmware/nnet_utils/nnet_dense_resource.h:262->firmware/nnet_utils/nnet_dense_stream.h:24->firmware/nnet_utils/nnet_dense_stream.h:97]   --->   Operation 909 'mul' 'mul_ln58_805' <Predicate = true> <Delay = 3.34> <CoreInst = "Multiplier">   --->   Core 3 'Multiplier' <Latency = 1> <II = 1> <Delay = 3.34> <FuncUnit> <Opcode : 'mul'> <InPorts = 2> <OutPorts = 1>

State 6 <SV = 5> <Delay = 3.34>
ST_6 : Operation 910 [1/2] (3.34ns)   --->   "%mul_ln58 = mul i26 %sext_ln73, i26 %sext_ln73_574" [firmware/nnet_utils/nnet_dense_resource.h:58->firmware/nnet_utils/nnet_dense_resource.h:262->firmware/nnet_utils/nnet_dense_stream.h:24->firmware/nnet_utils/nnet_dense_stream.h:97]   --->   Operation 910 'mul' 'mul_ln58' <Predicate = true> <Delay = 3.34> <CoreInst = "Multiplier">   --->   Core 3 'Multiplier' <Latency = 1> <II = 1> <Delay = 3.34> <FuncUnit> <Opcode : 'mul'> <InPorts = 2> <OutPorts = 1>
ST_6 : Operation 911 [1/1] (0.00ns)   --->   "%trunc_ln6 = partselect i16 @_ssdm_op_PartSelect.i16.i26.i32.i32, i26 %mul_ln58, i32 10, i32 25" [firmware/nnet_utils/nnet_dense_resource.h:58->firmware/nnet_utils/nnet_dense_resource.h:262->firmware/nnet_utils/nnet_dense_stream.h:24->firmware/nnet_utils/nnet_dense_stream.h:97]   --->   Operation 911 'partselect' 'trunc_ln6' <Predicate = true> <Delay = 0.00>
ST_6 : Operation 912 [1/2] (3.34ns)   --->   "%mul_ln58_551 = mul i26 %sext_ln73_575, i26 %sext_ln73_576" [firmware/nnet_utils/nnet_dense_resource.h:58->firmware/nnet_utils/nnet_dense_resource.h:262->firmware/nnet_utils/nnet_dense_stream.h:24->firmware/nnet_utils/nnet_dense_stream.h:97]   --->   Operation 912 'mul' 'mul_ln58_551' <Predicate = true> <Delay = 3.34> <CoreInst = "Multiplier">   --->   Core 3 'Multiplier' <Latency = 1> <II = 1> <Delay = 3.34> <FuncUnit> <Opcode : 'mul'> <InPorts = 2> <OutPorts = 1>
ST_6 : Operation 913 [1/1] (0.00ns)   --->   "%trunc_ln58_s = partselect i16 @_ssdm_op_PartSelect.i16.i26.i32.i32, i26 %mul_ln58_551, i32 10, i32 25" [firmware/nnet_utils/nnet_dense_resource.h:58->firmware/nnet_utils/nnet_dense_resource.h:262->firmware/nnet_utils/nnet_dense_stream.h:24->firmware/nnet_utils/nnet_dense_stream.h:97]   --->   Operation 913 'partselect' 'trunc_ln58_s' <Predicate = true> <Delay = 0.00>
ST_6 : Operation 914 [1/2] (3.34ns)   --->   "%mul_ln58_552 = mul i26 %sext_ln73_577, i26 %sext_ln73_578" [firmware/nnet_utils/nnet_dense_resource.h:58->firmware/nnet_utils/nnet_dense_resource.h:262->firmware/nnet_utils/nnet_dense_stream.h:24->firmware/nnet_utils/nnet_dense_stream.h:97]   --->   Operation 914 'mul' 'mul_ln58_552' <Predicate = true> <Delay = 3.34> <CoreInst = "Multiplier">   --->   Core 3 'Multiplier' <Latency = 1> <II = 1> <Delay = 3.34> <FuncUnit> <Opcode : 'mul'> <InPorts = 2> <OutPorts = 1>
ST_6 : Operation 915 [1/1] (0.00ns)   --->   "%trunc_ln58_549 = partselect i16 @_ssdm_op_PartSelect.i16.i26.i32.i32, i26 %mul_ln58_552, i32 10, i32 25" [firmware/nnet_utils/nnet_dense_resource.h:58->firmware/nnet_utils/nnet_dense_resource.h:262->firmware/nnet_utils/nnet_dense_stream.h:24->firmware/nnet_utils/nnet_dense_stream.h:97]   --->   Operation 915 'partselect' 'trunc_ln58_549' <Predicate = true> <Delay = 0.00>
ST_6 : Operation 916 [1/2] (3.34ns)   --->   "%mul_ln58_553 = mul i26 %sext_ln73_579, i26 %sext_ln73_580" [firmware/nnet_utils/nnet_dense_resource.h:58->firmware/nnet_utils/nnet_dense_resource.h:262->firmware/nnet_utils/nnet_dense_stream.h:24->firmware/nnet_utils/nnet_dense_stream.h:97]   --->   Operation 916 'mul' 'mul_ln58_553' <Predicate = true> <Delay = 3.34> <CoreInst = "Multiplier">   --->   Core 3 'Multiplier' <Latency = 1> <II = 1> <Delay = 3.34> <FuncUnit> <Opcode : 'mul'> <InPorts = 2> <OutPorts = 1>
ST_6 : Operation 917 [1/1] (0.00ns)   --->   "%trunc_ln58_550 = partselect i16 @_ssdm_op_PartSelect.i16.i26.i32.i32, i26 %mul_ln58_553, i32 10, i32 25" [firmware/nnet_utils/nnet_dense_resource.h:58->firmware/nnet_utils/nnet_dense_resource.h:262->firmware/nnet_utils/nnet_dense_stream.h:24->firmware/nnet_utils/nnet_dense_stream.h:97]   --->   Operation 917 'partselect' 'trunc_ln58_550' <Predicate = true> <Delay = 0.00>
ST_6 : Operation 918 [1/2] (3.34ns)   --->   "%mul_ln58_554 = mul i26 %sext_ln73_581, i26 %sext_ln73_582" [firmware/nnet_utils/nnet_dense_resource.h:58->firmware/nnet_utils/nnet_dense_resource.h:262->firmware/nnet_utils/nnet_dense_stream.h:24->firmware/nnet_utils/nnet_dense_stream.h:97]   --->   Operation 918 'mul' 'mul_ln58_554' <Predicate = true> <Delay = 3.34> <CoreInst = "Multiplier">   --->   Core 3 'Multiplier' <Latency = 1> <II = 1> <Delay = 3.34> <FuncUnit> <Opcode : 'mul'> <InPorts = 2> <OutPorts = 1>
ST_6 : Operation 919 [1/1] (0.00ns)   --->   "%trunc_ln58_551 = partselect i16 @_ssdm_op_PartSelect.i16.i26.i32.i32, i26 %mul_ln58_554, i32 10, i32 25" [firmware/nnet_utils/nnet_dense_resource.h:58->firmware/nnet_utils/nnet_dense_resource.h:262->firmware/nnet_utils/nnet_dense_stream.h:24->firmware/nnet_utils/nnet_dense_stream.h:97]   --->   Operation 919 'partselect' 'trunc_ln58_551' <Predicate = true> <Delay = 0.00>
ST_6 : Operation 920 [1/2] (3.34ns)   --->   "%mul_ln58_555 = mul i26 %sext_ln73_583, i26 %sext_ln73_584" [firmware/nnet_utils/nnet_dense_resource.h:58->firmware/nnet_utils/nnet_dense_resource.h:262->firmware/nnet_utils/nnet_dense_stream.h:24->firmware/nnet_utils/nnet_dense_stream.h:97]   --->   Operation 920 'mul' 'mul_ln58_555' <Predicate = true> <Delay = 3.34> <CoreInst = "Multiplier">   --->   Core 3 'Multiplier' <Latency = 1> <II = 1> <Delay = 3.34> <FuncUnit> <Opcode : 'mul'> <InPorts = 2> <OutPorts = 1>
ST_6 : Operation 921 [1/1] (0.00ns)   --->   "%trunc_ln58_552 = partselect i16 @_ssdm_op_PartSelect.i16.i26.i32.i32, i26 %mul_ln58_555, i32 10, i32 25" [firmware/nnet_utils/nnet_dense_resource.h:58->firmware/nnet_utils/nnet_dense_resource.h:262->firmware/nnet_utils/nnet_dense_stream.h:24->firmware/nnet_utils/nnet_dense_stream.h:97]   --->   Operation 921 'partselect' 'trunc_ln58_552' <Predicate = true> <Delay = 0.00>
ST_6 : Operation 922 [1/2] (3.34ns)   --->   "%mul_ln58_556 = mul i26 %sext_ln73_585, i26 %sext_ln73_586" [firmware/nnet_utils/nnet_dense_resource.h:58->firmware/nnet_utils/nnet_dense_resource.h:262->firmware/nnet_utils/nnet_dense_stream.h:24->firmware/nnet_utils/nnet_dense_stream.h:97]   --->   Operation 922 'mul' 'mul_ln58_556' <Predicate = true> <Delay = 3.34> <CoreInst = "Multiplier">   --->   Core 3 'Multiplier' <Latency = 1> <II = 1> <Delay = 3.34> <FuncUnit> <Opcode : 'mul'> <InPorts = 2> <OutPorts = 1>
ST_6 : Operation 923 [1/1] (0.00ns)   --->   "%trunc_ln58_553 = partselect i16 @_ssdm_op_PartSelect.i16.i26.i32.i32, i26 %mul_ln58_556, i32 10, i32 25" [firmware/nnet_utils/nnet_dense_resource.h:58->firmware/nnet_utils/nnet_dense_resource.h:262->firmware/nnet_utils/nnet_dense_stream.h:24->firmware/nnet_utils/nnet_dense_stream.h:97]   --->   Operation 923 'partselect' 'trunc_ln58_553' <Predicate = true> <Delay = 0.00>
ST_6 : Operation 924 [1/2] (3.34ns)   --->   "%mul_ln58_557 = mul i26 %sext_ln73_587, i26 %sext_ln73_588" [firmware/nnet_utils/nnet_dense_resource.h:58->firmware/nnet_utils/nnet_dense_resource.h:262->firmware/nnet_utils/nnet_dense_stream.h:24->firmware/nnet_utils/nnet_dense_stream.h:97]   --->   Operation 924 'mul' 'mul_ln58_557' <Predicate = true> <Delay = 3.34> <CoreInst = "Multiplier">   --->   Core 3 'Multiplier' <Latency = 1> <II = 1> <Delay = 3.34> <FuncUnit> <Opcode : 'mul'> <InPorts = 2> <OutPorts = 1>
ST_6 : Operation 925 [1/1] (0.00ns)   --->   "%trunc_ln58_554 = partselect i16 @_ssdm_op_PartSelect.i16.i26.i32.i32, i26 %mul_ln58_557, i32 10, i32 25" [firmware/nnet_utils/nnet_dense_resource.h:58->firmware/nnet_utils/nnet_dense_resource.h:262->firmware/nnet_utils/nnet_dense_stream.h:24->firmware/nnet_utils/nnet_dense_stream.h:97]   --->   Operation 925 'partselect' 'trunc_ln58_554' <Predicate = true> <Delay = 0.00>
ST_6 : Operation 926 [1/2] (3.34ns)   --->   "%mul_ln58_558 = mul i26 %sext_ln73_589, i26 %sext_ln73_574" [firmware/nnet_utils/nnet_dense_resource.h:58->firmware/nnet_utils/nnet_dense_resource.h:262->firmware/nnet_utils/nnet_dense_stream.h:24->firmware/nnet_utils/nnet_dense_stream.h:97]   --->   Operation 926 'mul' 'mul_ln58_558' <Predicate = true> <Delay = 3.34> <CoreInst = "Multiplier">   --->   Core 3 'Multiplier' <Latency = 1> <II = 1> <Delay = 3.34> <FuncUnit> <Opcode : 'mul'> <InPorts = 2> <OutPorts = 1>
ST_6 : Operation 927 [1/1] (0.00ns)   --->   "%trunc_ln58_555 = partselect i16 @_ssdm_op_PartSelect.i16.i26.i32.i32, i26 %mul_ln58_558, i32 10, i32 25" [firmware/nnet_utils/nnet_dense_resource.h:58->firmware/nnet_utils/nnet_dense_resource.h:262->firmware/nnet_utils/nnet_dense_stream.h:24->firmware/nnet_utils/nnet_dense_stream.h:97]   --->   Operation 927 'partselect' 'trunc_ln58_555' <Predicate = true> <Delay = 0.00>
ST_6 : Operation 928 [1/2] (3.34ns)   --->   "%mul_ln58_559 = mul i26 %sext_ln73_590, i26 %sext_ln73_576" [firmware/nnet_utils/nnet_dense_resource.h:58->firmware/nnet_utils/nnet_dense_resource.h:262->firmware/nnet_utils/nnet_dense_stream.h:24->firmware/nnet_utils/nnet_dense_stream.h:97]   --->   Operation 928 'mul' 'mul_ln58_559' <Predicate = true> <Delay = 3.34> <CoreInst = "Multiplier">   --->   Core 3 'Multiplier' <Latency = 1> <II = 1> <Delay = 3.34> <FuncUnit> <Opcode : 'mul'> <InPorts = 2> <OutPorts = 1>
ST_6 : Operation 929 [1/1] (0.00ns)   --->   "%trunc_ln58_556 = partselect i16 @_ssdm_op_PartSelect.i16.i26.i32.i32, i26 %mul_ln58_559, i32 10, i32 25" [firmware/nnet_utils/nnet_dense_resource.h:58->firmware/nnet_utils/nnet_dense_resource.h:262->firmware/nnet_utils/nnet_dense_stream.h:24->firmware/nnet_utils/nnet_dense_stream.h:97]   --->   Operation 929 'partselect' 'trunc_ln58_556' <Predicate = true> <Delay = 0.00>
ST_6 : Operation 930 [1/2] (3.34ns)   --->   "%mul_ln58_560 = mul i26 %sext_ln73_591, i26 %sext_ln73_578" [firmware/nnet_utils/nnet_dense_resource.h:58->firmware/nnet_utils/nnet_dense_resource.h:262->firmware/nnet_utils/nnet_dense_stream.h:24->firmware/nnet_utils/nnet_dense_stream.h:97]   --->   Operation 930 'mul' 'mul_ln58_560' <Predicate = true> <Delay = 3.34> <CoreInst = "Multiplier">   --->   Core 3 'Multiplier' <Latency = 1> <II = 1> <Delay = 3.34> <FuncUnit> <Opcode : 'mul'> <InPorts = 2> <OutPorts = 1>
ST_6 : Operation 931 [1/1] (0.00ns)   --->   "%trunc_ln58_557 = partselect i16 @_ssdm_op_PartSelect.i16.i26.i32.i32, i26 %mul_ln58_560, i32 10, i32 25" [firmware/nnet_utils/nnet_dense_resource.h:58->firmware/nnet_utils/nnet_dense_resource.h:262->firmware/nnet_utils/nnet_dense_stream.h:24->firmware/nnet_utils/nnet_dense_stream.h:97]   --->   Operation 931 'partselect' 'trunc_ln58_557' <Predicate = true> <Delay = 0.00>
ST_6 : Operation 932 [1/2] (3.34ns)   --->   "%mul_ln58_561 = mul i26 %sext_ln73_592, i26 %sext_ln73_580" [firmware/nnet_utils/nnet_dense_resource.h:58->firmware/nnet_utils/nnet_dense_resource.h:262->firmware/nnet_utils/nnet_dense_stream.h:24->firmware/nnet_utils/nnet_dense_stream.h:97]   --->   Operation 932 'mul' 'mul_ln58_561' <Predicate = true> <Delay = 3.34> <CoreInst = "Multiplier">   --->   Core 3 'Multiplier' <Latency = 1> <II = 1> <Delay = 3.34> <FuncUnit> <Opcode : 'mul'> <InPorts = 2> <OutPorts = 1>
ST_6 : Operation 933 [1/1] (0.00ns)   --->   "%trunc_ln58_558 = partselect i16 @_ssdm_op_PartSelect.i16.i26.i32.i32, i26 %mul_ln58_561, i32 10, i32 25" [firmware/nnet_utils/nnet_dense_resource.h:58->firmware/nnet_utils/nnet_dense_resource.h:262->firmware/nnet_utils/nnet_dense_stream.h:24->firmware/nnet_utils/nnet_dense_stream.h:97]   --->   Operation 933 'partselect' 'trunc_ln58_558' <Predicate = true> <Delay = 0.00>
ST_6 : Operation 934 [1/2] (3.34ns)   --->   "%mul_ln58_562 = mul i26 %sext_ln73_593, i26 %sext_ln73_582" [firmware/nnet_utils/nnet_dense_resource.h:58->firmware/nnet_utils/nnet_dense_resource.h:262->firmware/nnet_utils/nnet_dense_stream.h:24->firmware/nnet_utils/nnet_dense_stream.h:97]   --->   Operation 934 'mul' 'mul_ln58_562' <Predicate = true> <Delay = 3.34> <CoreInst = "Multiplier">   --->   Core 3 'Multiplier' <Latency = 1> <II = 1> <Delay = 3.34> <FuncUnit> <Opcode : 'mul'> <InPorts = 2> <OutPorts = 1>
ST_6 : Operation 935 [1/1] (0.00ns)   --->   "%trunc_ln58_559 = partselect i16 @_ssdm_op_PartSelect.i16.i26.i32.i32, i26 %mul_ln58_562, i32 10, i32 25" [firmware/nnet_utils/nnet_dense_resource.h:58->firmware/nnet_utils/nnet_dense_resource.h:262->firmware/nnet_utils/nnet_dense_stream.h:24->firmware/nnet_utils/nnet_dense_stream.h:97]   --->   Operation 935 'partselect' 'trunc_ln58_559' <Predicate = true> <Delay = 0.00>
ST_6 : Operation 936 [1/2] (3.34ns)   --->   "%mul_ln58_563 = mul i26 %sext_ln73_594, i26 %sext_ln73_584" [firmware/nnet_utils/nnet_dense_resource.h:58->firmware/nnet_utils/nnet_dense_resource.h:262->firmware/nnet_utils/nnet_dense_stream.h:24->firmware/nnet_utils/nnet_dense_stream.h:97]   --->   Operation 936 'mul' 'mul_ln58_563' <Predicate = true> <Delay = 3.34> <CoreInst = "Multiplier">   --->   Core 3 'Multiplier' <Latency = 1> <II = 1> <Delay = 3.34> <FuncUnit> <Opcode : 'mul'> <InPorts = 2> <OutPorts = 1>
ST_6 : Operation 937 [1/1] (0.00ns)   --->   "%trunc_ln58_560 = partselect i16 @_ssdm_op_PartSelect.i16.i26.i32.i32, i26 %mul_ln58_563, i32 10, i32 25" [firmware/nnet_utils/nnet_dense_resource.h:58->firmware/nnet_utils/nnet_dense_resource.h:262->firmware/nnet_utils/nnet_dense_stream.h:24->firmware/nnet_utils/nnet_dense_stream.h:97]   --->   Operation 937 'partselect' 'trunc_ln58_560' <Predicate = true> <Delay = 0.00>
ST_6 : Operation 938 [1/2] (3.34ns)   --->   "%mul_ln58_564 = mul i26 %sext_ln73_595, i26 %sext_ln73_586" [firmware/nnet_utils/nnet_dense_resource.h:58->firmware/nnet_utils/nnet_dense_resource.h:262->firmware/nnet_utils/nnet_dense_stream.h:24->firmware/nnet_utils/nnet_dense_stream.h:97]   --->   Operation 938 'mul' 'mul_ln58_564' <Predicate = true> <Delay = 3.34> <CoreInst = "Multiplier">   --->   Core 3 'Multiplier' <Latency = 1> <II = 1> <Delay = 3.34> <FuncUnit> <Opcode : 'mul'> <InPorts = 2> <OutPorts = 1>
ST_6 : Operation 939 [1/1] (0.00ns)   --->   "%trunc_ln58_561 = partselect i16 @_ssdm_op_PartSelect.i16.i26.i32.i32, i26 %mul_ln58_564, i32 10, i32 25" [firmware/nnet_utils/nnet_dense_resource.h:58->firmware/nnet_utils/nnet_dense_resource.h:262->firmware/nnet_utils/nnet_dense_stream.h:24->firmware/nnet_utils/nnet_dense_stream.h:97]   --->   Operation 939 'partselect' 'trunc_ln58_561' <Predicate = true> <Delay = 0.00>
ST_6 : Operation 940 [1/2] (3.34ns)   --->   "%mul_ln58_565 = mul i26 %sext_ln73_596, i26 %sext_ln73_588" [firmware/nnet_utils/nnet_dense_resource.h:58->firmware/nnet_utils/nnet_dense_resource.h:262->firmware/nnet_utils/nnet_dense_stream.h:24->firmware/nnet_utils/nnet_dense_stream.h:97]   --->   Operation 940 'mul' 'mul_ln58_565' <Predicate = true> <Delay = 3.34> <CoreInst = "Multiplier">   --->   Core 3 'Multiplier' <Latency = 1> <II = 1> <Delay = 3.34> <FuncUnit> <Opcode : 'mul'> <InPorts = 2> <OutPorts = 1>
ST_6 : Operation 941 [1/1] (0.00ns)   --->   "%trunc_ln58_562 = partselect i16 @_ssdm_op_PartSelect.i16.i26.i32.i32, i26 %mul_ln58_565, i32 10, i32 25" [firmware/nnet_utils/nnet_dense_resource.h:58->firmware/nnet_utils/nnet_dense_resource.h:262->firmware/nnet_utils/nnet_dense_stream.h:24->firmware/nnet_utils/nnet_dense_stream.h:97]   --->   Operation 941 'partselect' 'trunc_ln58_562' <Predicate = true> <Delay = 0.00>
ST_6 : Operation 942 [1/2] (3.34ns)   --->   "%mul_ln58_566 = mul i26 %sext_ln73_597, i26 %sext_ln73_574" [firmware/nnet_utils/nnet_dense_resource.h:58->firmware/nnet_utils/nnet_dense_resource.h:262->firmware/nnet_utils/nnet_dense_stream.h:24->firmware/nnet_utils/nnet_dense_stream.h:97]   --->   Operation 942 'mul' 'mul_ln58_566' <Predicate = true> <Delay = 3.34> <CoreInst = "Multiplier">   --->   Core 3 'Multiplier' <Latency = 1> <II = 1> <Delay = 3.34> <FuncUnit> <Opcode : 'mul'> <InPorts = 2> <OutPorts = 1>
ST_6 : Operation 943 [1/1] (0.00ns)   --->   "%trunc_ln58_563 = partselect i16 @_ssdm_op_PartSelect.i16.i26.i32.i32, i26 %mul_ln58_566, i32 10, i32 25" [firmware/nnet_utils/nnet_dense_resource.h:58->firmware/nnet_utils/nnet_dense_resource.h:262->firmware/nnet_utils/nnet_dense_stream.h:24->firmware/nnet_utils/nnet_dense_stream.h:97]   --->   Operation 943 'partselect' 'trunc_ln58_563' <Predicate = true> <Delay = 0.00>
ST_6 : Operation 944 [1/2] (3.34ns)   --->   "%mul_ln58_567 = mul i26 %sext_ln73_598, i26 %sext_ln73_576" [firmware/nnet_utils/nnet_dense_resource.h:58->firmware/nnet_utils/nnet_dense_resource.h:262->firmware/nnet_utils/nnet_dense_stream.h:24->firmware/nnet_utils/nnet_dense_stream.h:97]   --->   Operation 944 'mul' 'mul_ln58_567' <Predicate = true> <Delay = 3.34> <CoreInst = "Multiplier">   --->   Core 3 'Multiplier' <Latency = 1> <II = 1> <Delay = 3.34> <FuncUnit> <Opcode : 'mul'> <InPorts = 2> <OutPorts = 1>
ST_6 : Operation 945 [1/1] (0.00ns)   --->   "%trunc_ln58_564 = partselect i16 @_ssdm_op_PartSelect.i16.i26.i32.i32, i26 %mul_ln58_567, i32 10, i32 25" [firmware/nnet_utils/nnet_dense_resource.h:58->firmware/nnet_utils/nnet_dense_resource.h:262->firmware/nnet_utils/nnet_dense_stream.h:24->firmware/nnet_utils/nnet_dense_stream.h:97]   --->   Operation 945 'partselect' 'trunc_ln58_564' <Predicate = true> <Delay = 0.00>
ST_6 : Operation 946 [1/2] (3.34ns)   --->   "%mul_ln58_568 = mul i26 %sext_ln73_599, i26 %sext_ln73_578" [firmware/nnet_utils/nnet_dense_resource.h:58->firmware/nnet_utils/nnet_dense_resource.h:262->firmware/nnet_utils/nnet_dense_stream.h:24->firmware/nnet_utils/nnet_dense_stream.h:97]   --->   Operation 946 'mul' 'mul_ln58_568' <Predicate = true> <Delay = 3.34> <CoreInst = "Multiplier">   --->   Core 3 'Multiplier' <Latency = 1> <II = 1> <Delay = 3.34> <FuncUnit> <Opcode : 'mul'> <InPorts = 2> <OutPorts = 1>
ST_6 : Operation 947 [1/1] (0.00ns)   --->   "%trunc_ln58_565 = partselect i16 @_ssdm_op_PartSelect.i16.i26.i32.i32, i26 %mul_ln58_568, i32 10, i32 25" [firmware/nnet_utils/nnet_dense_resource.h:58->firmware/nnet_utils/nnet_dense_resource.h:262->firmware/nnet_utils/nnet_dense_stream.h:24->firmware/nnet_utils/nnet_dense_stream.h:97]   --->   Operation 947 'partselect' 'trunc_ln58_565' <Predicate = true> <Delay = 0.00>
ST_6 : Operation 948 [1/2] (3.34ns)   --->   "%mul_ln58_569 = mul i26 %sext_ln73_600, i26 %sext_ln73_580" [firmware/nnet_utils/nnet_dense_resource.h:58->firmware/nnet_utils/nnet_dense_resource.h:262->firmware/nnet_utils/nnet_dense_stream.h:24->firmware/nnet_utils/nnet_dense_stream.h:97]   --->   Operation 948 'mul' 'mul_ln58_569' <Predicate = true> <Delay = 3.34> <CoreInst = "Multiplier">   --->   Core 3 'Multiplier' <Latency = 1> <II = 1> <Delay = 3.34> <FuncUnit> <Opcode : 'mul'> <InPorts = 2> <OutPorts = 1>
ST_6 : Operation 949 [1/1] (0.00ns)   --->   "%trunc_ln58_566 = partselect i16 @_ssdm_op_PartSelect.i16.i26.i32.i32, i26 %mul_ln58_569, i32 10, i32 25" [firmware/nnet_utils/nnet_dense_resource.h:58->firmware/nnet_utils/nnet_dense_resource.h:262->firmware/nnet_utils/nnet_dense_stream.h:24->firmware/nnet_utils/nnet_dense_stream.h:97]   --->   Operation 949 'partselect' 'trunc_ln58_566' <Predicate = true> <Delay = 0.00>
ST_6 : Operation 950 [1/2] (3.34ns)   --->   "%mul_ln58_570 = mul i26 %sext_ln73_601, i26 %sext_ln73_582" [firmware/nnet_utils/nnet_dense_resource.h:58->firmware/nnet_utils/nnet_dense_resource.h:262->firmware/nnet_utils/nnet_dense_stream.h:24->firmware/nnet_utils/nnet_dense_stream.h:97]   --->   Operation 950 'mul' 'mul_ln58_570' <Predicate = true> <Delay = 3.34> <CoreInst = "Multiplier">   --->   Core 3 'Multiplier' <Latency = 1> <II = 1> <Delay = 3.34> <FuncUnit> <Opcode : 'mul'> <InPorts = 2> <OutPorts = 1>
ST_6 : Operation 951 [1/1] (0.00ns)   --->   "%trunc_ln58_567 = partselect i16 @_ssdm_op_PartSelect.i16.i26.i32.i32, i26 %mul_ln58_570, i32 10, i32 25" [firmware/nnet_utils/nnet_dense_resource.h:58->firmware/nnet_utils/nnet_dense_resource.h:262->firmware/nnet_utils/nnet_dense_stream.h:24->firmware/nnet_utils/nnet_dense_stream.h:97]   --->   Operation 951 'partselect' 'trunc_ln58_567' <Predicate = true> <Delay = 0.00>
ST_6 : Operation 952 [1/2] (3.34ns)   --->   "%mul_ln58_571 = mul i26 %sext_ln73_602, i26 %sext_ln73_584" [firmware/nnet_utils/nnet_dense_resource.h:58->firmware/nnet_utils/nnet_dense_resource.h:262->firmware/nnet_utils/nnet_dense_stream.h:24->firmware/nnet_utils/nnet_dense_stream.h:97]   --->   Operation 952 'mul' 'mul_ln58_571' <Predicate = true> <Delay = 3.34> <CoreInst = "Multiplier">   --->   Core 3 'Multiplier' <Latency = 1> <II = 1> <Delay = 3.34> <FuncUnit> <Opcode : 'mul'> <InPorts = 2> <OutPorts = 1>
ST_6 : Operation 953 [1/1] (0.00ns)   --->   "%trunc_ln58_568 = partselect i16 @_ssdm_op_PartSelect.i16.i26.i32.i32, i26 %mul_ln58_571, i32 10, i32 25" [firmware/nnet_utils/nnet_dense_resource.h:58->firmware/nnet_utils/nnet_dense_resource.h:262->firmware/nnet_utils/nnet_dense_stream.h:24->firmware/nnet_utils/nnet_dense_stream.h:97]   --->   Operation 953 'partselect' 'trunc_ln58_568' <Predicate = true> <Delay = 0.00>
ST_6 : Operation 954 [1/2] (3.34ns)   --->   "%mul_ln58_572 = mul i26 %sext_ln73_603, i26 %sext_ln73_586" [firmware/nnet_utils/nnet_dense_resource.h:58->firmware/nnet_utils/nnet_dense_resource.h:262->firmware/nnet_utils/nnet_dense_stream.h:24->firmware/nnet_utils/nnet_dense_stream.h:97]   --->   Operation 954 'mul' 'mul_ln58_572' <Predicate = true> <Delay = 3.34> <CoreInst = "Multiplier">   --->   Core 3 'Multiplier' <Latency = 1> <II = 1> <Delay = 3.34> <FuncUnit> <Opcode : 'mul'> <InPorts = 2> <OutPorts = 1>
ST_6 : Operation 955 [1/1] (0.00ns)   --->   "%trunc_ln58_569 = partselect i16 @_ssdm_op_PartSelect.i16.i26.i32.i32, i26 %mul_ln58_572, i32 10, i32 25" [firmware/nnet_utils/nnet_dense_resource.h:58->firmware/nnet_utils/nnet_dense_resource.h:262->firmware/nnet_utils/nnet_dense_stream.h:24->firmware/nnet_utils/nnet_dense_stream.h:97]   --->   Operation 955 'partselect' 'trunc_ln58_569' <Predicate = true> <Delay = 0.00>
ST_6 : Operation 956 [1/2] (3.34ns)   --->   "%mul_ln58_573 = mul i26 %sext_ln73_604, i26 %sext_ln73_588" [firmware/nnet_utils/nnet_dense_resource.h:58->firmware/nnet_utils/nnet_dense_resource.h:262->firmware/nnet_utils/nnet_dense_stream.h:24->firmware/nnet_utils/nnet_dense_stream.h:97]   --->   Operation 956 'mul' 'mul_ln58_573' <Predicate = true> <Delay = 3.34> <CoreInst = "Multiplier">   --->   Core 3 'Multiplier' <Latency = 1> <II = 1> <Delay = 3.34> <FuncUnit> <Opcode : 'mul'> <InPorts = 2> <OutPorts = 1>
ST_6 : Operation 957 [1/1] (0.00ns)   --->   "%trunc_ln58_570 = partselect i16 @_ssdm_op_PartSelect.i16.i26.i32.i32, i26 %mul_ln58_573, i32 10, i32 25" [firmware/nnet_utils/nnet_dense_resource.h:58->firmware/nnet_utils/nnet_dense_resource.h:262->firmware/nnet_utils/nnet_dense_stream.h:24->firmware/nnet_utils/nnet_dense_stream.h:97]   --->   Operation 957 'partselect' 'trunc_ln58_570' <Predicate = true> <Delay = 0.00>
ST_6 : Operation 958 [1/2] (3.34ns)   --->   "%mul_ln58_574 = mul i26 %sext_ln73_605, i26 %sext_ln73_574" [firmware/nnet_utils/nnet_dense_resource.h:58->firmware/nnet_utils/nnet_dense_resource.h:262->firmware/nnet_utils/nnet_dense_stream.h:24->firmware/nnet_utils/nnet_dense_stream.h:97]   --->   Operation 958 'mul' 'mul_ln58_574' <Predicate = true> <Delay = 3.34> <CoreInst = "Multiplier">   --->   Core 3 'Multiplier' <Latency = 1> <II = 1> <Delay = 3.34> <FuncUnit> <Opcode : 'mul'> <InPorts = 2> <OutPorts = 1>
ST_6 : Operation 959 [1/1] (0.00ns)   --->   "%trunc_ln58_571 = partselect i16 @_ssdm_op_PartSelect.i16.i26.i32.i32, i26 %mul_ln58_574, i32 10, i32 25" [firmware/nnet_utils/nnet_dense_resource.h:58->firmware/nnet_utils/nnet_dense_resource.h:262->firmware/nnet_utils/nnet_dense_stream.h:24->firmware/nnet_utils/nnet_dense_stream.h:97]   --->   Operation 959 'partselect' 'trunc_ln58_571' <Predicate = true> <Delay = 0.00>
ST_6 : Operation 960 [1/2] (3.34ns)   --->   "%mul_ln58_575 = mul i26 %sext_ln73_606, i26 %sext_ln73_576" [firmware/nnet_utils/nnet_dense_resource.h:58->firmware/nnet_utils/nnet_dense_resource.h:262->firmware/nnet_utils/nnet_dense_stream.h:24->firmware/nnet_utils/nnet_dense_stream.h:97]   --->   Operation 960 'mul' 'mul_ln58_575' <Predicate = true> <Delay = 3.34> <CoreInst = "Multiplier">   --->   Core 3 'Multiplier' <Latency = 1> <II = 1> <Delay = 3.34> <FuncUnit> <Opcode : 'mul'> <InPorts = 2> <OutPorts = 1>
ST_6 : Operation 961 [1/1] (0.00ns)   --->   "%trunc_ln58_572 = partselect i16 @_ssdm_op_PartSelect.i16.i26.i32.i32, i26 %mul_ln58_575, i32 10, i32 25" [firmware/nnet_utils/nnet_dense_resource.h:58->firmware/nnet_utils/nnet_dense_resource.h:262->firmware/nnet_utils/nnet_dense_stream.h:24->firmware/nnet_utils/nnet_dense_stream.h:97]   --->   Operation 961 'partselect' 'trunc_ln58_572' <Predicate = true> <Delay = 0.00>
ST_6 : Operation 962 [1/2] (3.34ns)   --->   "%mul_ln58_576 = mul i26 %sext_ln73_607, i26 %sext_ln73_578" [firmware/nnet_utils/nnet_dense_resource.h:58->firmware/nnet_utils/nnet_dense_resource.h:262->firmware/nnet_utils/nnet_dense_stream.h:24->firmware/nnet_utils/nnet_dense_stream.h:97]   --->   Operation 962 'mul' 'mul_ln58_576' <Predicate = true> <Delay = 3.34> <CoreInst = "Multiplier">   --->   Core 3 'Multiplier' <Latency = 1> <II = 1> <Delay = 3.34> <FuncUnit> <Opcode : 'mul'> <InPorts = 2> <OutPorts = 1>
ST_6 : Operation 963 [1/1] (0.00ns)   --->   "%trunc_ln58_573 = partselect i16 @_ssdm_op_PartSelect.i16.i26.i32.i32, i26 %mul_ln58_576, i32 10, i32 25" [firmware/nnet_utils/nnet_dense_resource.h:58->firmware/nnet_utils/nnet_dense_resource.h:262->firmware/nnet_utils/nnet_dense_stream.h:24->firmware/nnet_utils/nnet_dense_stream.h:97]   --->   Operation 963 'partselect' 'trunc_ln58_573' <Predicate = true> <Delay = 0.00>
ST_6 : Operation 964 [1/2] (3.34ns)   --->   "%mul_ln58_577 = mul i26 %sext_ln73_608, i26 %sext_ln73_580" [firmware/nnet_utils/nnet_dense_resource.h:58->firmware/nnet_utils/nnet_dense_resource.h:262->firmware/nnet_utils/nnet_dense_stream.h:24->firmware/nnet_utils/nnet_dense_stream.h:97]   --->   Operation 964 'mul' 'mul_ln58_577' <Predicate = true> <Delay = 3.34> <CoreInst = "Multiplier">   --->   Core 3 'Multiplier' <Latency = 1> <II = 1> <Delay = 3.34> <FuncUnit> <Opcode : 'mul'> <InPorts = 2> <OutPorts = 1>
ST_6 : Operation 965 [1/1] (0.00ns)   --->   "%trunc_ln58_574 = partselect i16 @_ssdm_op_PartSelect.i16.i26.i32.i32, i26 %mul_ln58_577, i32 10, i32 25" [firmware/nnet_utils/nnet_dense_resource.h:58->firmware/nnet_utils/nnet_dense_resource.h:262->firmware/nnet_utils/nnet_dense_stream.h:24->firmware/nnet_utils/nnet_dense_stream.h:97]   --->   Operation 965 'partselect' 'trunc_ln58_574' <Predicate = true> <Delay = 0.00>
ST_6 : Operation 966 [1/2] (3.34ns)   --->   "%mul_ln58_578 = mul i26 %sext_ln73_609, i26 %sext_ln73_582" [firmware/nnet_utils/nnet_dense_resource.h:58->firmware/nnet_utils/nnet_dense_resource.h:262->firmware/nnet_utils/nnet_dense_stream.h:24->firmware/nnet_utils/nnet_dense_stream.h:97]   --->   Operation 966 'mul' 'mul_ln58_578' <Predicate = true> <Delay = 3.34> <CoreInst = "Multiplier">   --->   Core 3 'Multiplier' <Latency = 1> <II = 1> <Delay = 3.34> <FuncUnit> <Opcode : 'mul'> <InPorts = 2> <OutPorts = 1>
ST_6 : Operation 967 [1/1] (0.00ns)   --->   "%trunc_ln58_575 = partselect i16 @_ssdm_op_PartSelect.i16.i26.i32.i32, i26 %mul_ln58_578, i32 10, i32 25" [firmware/nnet_utils/nnet_dense_resource.h:58->firmware/nnet_utils/nnet_dense_resource.h:262->firmware/nnet_utils/nnet_dense_stream.h:24->firmware/nnet_utils/nnet_dense_stream.h:97]   --->   Operation 967 'partselect' 'trunc_ln58_575' <Predicate = true> <Delay = 0.00>
ST_6 : Operation 968 [1/2] (3.34ns)   --->   "%mul_ln58_579 = mul i26 %sext_ln73_610, i26 %sext_ln73_584" [firmware/nnet_utils/nnet_dense_resource.h:58->firmware/nnet_utils/nnet_dense_resource.h:262->firmware/nnet_utils/nnet_dense_stream.h:24->firmware/nnet_utils/nnet_dense_stream.h:97]   --->   Operation 968 'mul' 'mul_ln58_579' <Predicate = true> <Delay = 3.34> <CoreInst = "Multiplier">   --->   Core 3 'Multiplier' <Latency = 1> <II = 1> <Delay = 3.34> <FuncUnit> <Opcode : 'mul'> <InPorts = 2> <OutPorts = 1>
ST_6 : Operation 969 [1/1] (0.00ns)   --->   "%trunc_ln58_576 = partselect i16 @_ssdm_op_PartSelect.i16.i26.i32.i32, i26 %mul_ln58_579, i32 10, i32 25" [firmware/nnet_utils/nnet_dense_resource.h:58->firmware/nnet_utils/nnet_dense_resource.h:262->firmware/nnet_utils/nnet_dense_stream.h:24->firmware/nnet_utils/nnet_dense_stream.h:97]   --->   Operation 969 'partselect' 'trunc_ln58_576' <Predicate = true> <Delay = 0.00>
ST_6 : Operation 970 [1/2] (3.34ns)   --->   "%mul_ln58_580 = mul i26 %sext_ln73_611, i26 %sext_ln73_586" [firmware/nnet_utils/nnet_dense_resource.h:58->firmware/nnet_utils/nnet_dense_resource.h:262->firmware/nnet_utils/nnet_dense_stream.h:24->firmware/nnet_utils/nnet_dense_stream.h:97]   --->   Operation 970 'mul' 'mul_ln58_580' <Predicate = true> <Delay = 3.34> <CoreInst = "Multiplier">   --->   Core 3 'Multiplier' <Latency = 1> <II = 1> <Delay = 3.34> <FuncUnit> <Opcode : 'mul'> <InPorts = 2> <OutPorts = 1>
ST_6 : Operation 971 [1/1] (0.00ns)   --->   "%trunc_ln58_577 = partselect i16 @_ssdm_op_PartSelect.i16.i26.i32.i32, i26 %mul_ln58_580, i32 10, i32 25" [firmware/nnet_utils/nnet_dense_resource.h:58->firmware/nnet_utils/nnet_dense_resource.h:262->firmware/nnet_utils/nnet_dense_stream.h:24->firmware/nnet_utils/nnet_dense_stream.h:97]   --->   Operation 971 'partselect' 'trunc_ln58_577' <Predicate = true> <Delay = 0.00>
ST_6 : Operation 972 [1/2] (3.34ns)   --->   "%mul_ln58_581 = mul i26 %sext_ln73_612, i26 %sext_ln73_588" [firmware/nnet_utils/nnet_dense_resource.h:58->firmware/nnet_utils/nnet_dense_resource.h:262->firmware/nnet_utils/nnet_dense_stream.h:24->firmware/nnet_utils/nnet_dense_stream.h:97]   --->   Operation 972 'mul' 'mul_ln58_581' <Predicate = true> <Delay = 3.34> <CoreInst = "Multiplier">   --->   Core 3 'Multiplier' <Latency = 1> <II = 1> <Delay = 3.34> <FuncUnit> <Opcode : 'mul'> <InPorts = 2> <OutPorts = 1>
ST_6 : Operation 973 [1/1] (0.00ns)   --->   "%trunc_ln58_578 = partselect i16 @_ssdm_op_PartSelect.i16.i26.i32.i32, i26 %mul_ln58_581, i32 10, i32 25" [firmware/nnet_utils/nnet_dense_resource.h:58->firmware/nnet_utils/nnet_dense_resource.h:262->firmware/nnet_utils/nnet_dense_stream.h:24->firmware/nnet_utils/nnet_dense_stream.h:97]   --->   Operation 973 'partselect' 'trunc_ln58_578' <Predicate = true> <Delay = 0.00>
ST_6 : Operation 974 [1/2] (3.34ns)   --->   "%mul_ln58_582 = mul i26 %sext_ln73_613, i26 %sext_ln73_574" [firmware/nnet_utils/nnet_dense_resource.h:58->firmware/nnet_utils/nnet_dense_resource.h:262->firmware/nnet_utils/nnet_dense_stream.h:24->firmware/nnet_utils/nnet_dense_stream.h:97]   --->   Operation 974 'mul' 'mul_ln58_582' <Predicate = true> <Delay = 3.34> <CoreInst = "Multiplier">   --->   Core 3 'Multiplier' <Latency = 1> <II = 1> <Delay = 3.34> <FuncUnit> <Opcode : 'mul'> <InPorts = 2> <OutPorts = 1>
ST_6 : Operation 975 [1/1] (0.00ns)   --->   "%trunc_ln58_579 = partselect i16 @_ssdm_op_PartSelect.i16.i26.i32.i32, i26 %mul_ln58_582, i32 10, i32 25" [firmware/nnet_utils/nnet_dense_resource.h:58->firmware/nnet_utils/nnet_dense_resource.h:262->firmware/nnet_utils/nnet_dense_stream.h:24->firmware/nnet_utils/nnet_dense_stream.h:97]   --->   Operation 975 'partselect' 'trunc_ln58_579' <Predicate = true> <Delay = 0.00>
ST_6 : Operation 976 [1/2] (3.34ns)   --->   "%mul_ln58_583 = mul i26 %sext_ln73_614, i26 %sext_ln73_576" [firmware/nnet_utils/nnet_dense_resource.h:58->firmware/nnet_utils/nnet_dense_resource.h:262->firmware/nnet_utils/nnet_dense_stream.h:24->firmware/nnet_utils/nnet_dense_stream.h:97]   --->   Operation 976 'mul' 'mul_ln58_583' <Predicate = true> <Delay = 3.34> <CoreInst = "Multiplier">   --->   Core 3 'Multiplier' <Latency = 1> <II = 1> <Delay = 3.34> <FuncUnit> <Opcode : 'mul'> <InPorts = 2> <OutPorts = 1>
ST_6 : Operation 977 [1/1] (0.00ns)   --->   "%trunc_ln58_580 = partselect i16 @_ssdm_op_PartSelect.i16.i26.i32.i32, i26 %mul_ln58_583, i32 10, i32 25" [firmware/nnet_utils/nnet_dense_resource.h:58->firmware/nnet_utils/nnet_dense_resource.h:262->firmware/nnet_utils/nnet_dense_stream.h:24->firmware/nnet_utils/nnet_dense_stream.h:97]   --->   Operation 977 'partselect' 'trunc_ln58_580' <Predicate = true> <Delay = 0.00>
ST_6 : Operation 978 [1/2] (3.34ns)   --->   "%mul_ln58_584 = mul i26 %sext_ln73_615, i26 %sext_ln73_578" [firmware/nnet_utils/nnet_dense_resource.h:58->firmware/nnet_utils/nnet_dense_resource.h:262->firmware/nnet_utils/nnet_dense_stream.h:24->firmware/nnet_utils/nnet_dense_stream.h:97]   --->   Operation 978 'mul' 'mul_ln58_584' <Predicate = true> <Delay = 3.34> <CoreInst = "Multiplier">   --->   Core 3 'Multiplier' <Latency = 1> <II = 1> <Delay = 3.34> <FuncUnit> <Opcode : 'mul'> <InPorts = 2> <OutPorts = 1>
ST_6 : Operation 979 [1/1] (0.00ns)   --->   "%trunc_ln58_581 = partselect i16 @_ssdm_op_PartSelect.i16.i26.i32.i32, i26 %mul_ln58_584, i32 10, i32 25" [firmware/nnet_utils/nnet_dense_resource.h:58->firmware/nnet_utils/nnet_dense_resource.h:262->firmware/nnet_utils/nnet_dense_stream.h:24->firmware/nnet_utils/nnet_dense_stream.h:97]   --->   Operation 979 'partselect' 'trunc_ln58_581' <Predicate = true> <Delay = 0.00>
ST_6 : Operation 980 [1/2] (3.34ns)   --->   "%mul_ln58_585 = mul i26 %sext_ln73_616, i26 %sext_ln73_580" [firmware/nnet_utils/nnet_dense_resource.h:58->firmware/nnet_utils/nnet_dense_resource.h:262->firmware/nnet_utils/nnet_dense_stream.h:24->firmware/nnet_utils/nnet_dense_stream.h:97]   --->   Operation 980 'mul' 'mul_ln58_585' <Predicate = true> <Delay = 3.34> <CoreInst = "Multiplier">   --->   Core 3 'Multiplier' <Latency = 1> <II = 1> <Delay = 3.34> <FuncUnit> <Opcode : 'mul'> <InPorts = 2> <OutPorts = 1>
ST_6 : Operation 981 [1/1] (0.00ns)   --->   "%trunc_ln58_582 = partselect i16 @_ssdm_op_PartSelect.i16.i26.i32.i32, i26 %mul_ln58_585, i32 10, i32 25" [firmware/nnet_utils/nnet_dense_resource.h:58->firmware/nnet_utils/nnet_dense_resource.h:262->firmware/nnet_utils/nnet_dense_stream.h:24->firmware/nnet_utils/nnet_dense_stream.h:97]   --->   Operation 981 'partselect' 'trunc_ln58_582' <Predicate = true> <Delay = 0.00>
ST_6 : Operation 982 [1/2] (3.34ns)   --->   "%mul_ln58_586 = mul i26 %sext_ln73_617, i26 %sext_ln73_582" [firmware/nnet_utils/nnet_dense_resource.h:58->firmware/nnet_utils/nnet_dense_resource.h:262->firmware/nnet_utils/nnet_dense_stream.h:24->firmware/nnet_utils/nnet_dense_stream.h:97]   --->   Operation 982 'mul' 'mul_ln58_586' <Predicate = true> <Delay = 3.34> <CoreInst = "Multiplier">   --->   Core 3 'Multiplier' <Latency = 1> <II = 1> <Delay = 3.34> <FuncUnit> <Opcode : 'mul'> <InPorts = 2> <OutPorts = 1>
ST_6 : Operation 983 [1/1] (0.00ns)   --->   "%trunc_ln58_583 = partselect i16 @_ssdm_op_PartSelect.i16.i26.i32.i32, i26 %mul_ln58_586, i32 10, i32 25" [firmware/nnet_utils/nnet_dense_resource.h:58->firmware/nnet_utils/nnet_dense_resource.h:262->firmware/nnet_utils/nnet_dense_stream.h:24->firmware/nnet_utils/nnet_dense_stream.h:97]   --->   Operation 983 'partselect' 'trunc_ln58_583' <Predicate = true> <Delay = 0.00>
ST_6 : Operation 984 [1/2] (3.34ns)   --->   "%mul_ln58_587 = mul i26 %sext_ln73_618, i26 %sext_ln73_584" [firmware/nnet_utils/nnet_dense_resource.h:58->firmware/nnet_utils/nnet_dense_resource.h:262->firmware/nnet_utils/nnet_dense_stream.h:24->firmware/nnet_utils/nnet_dense_stream.h:97]   --->   Operation 984 'mul' 'mul_ln58_587' <Predicate = true> <Delay = 3.34> <CoreInst = "Multiplier">   --->   Core 3 'Multiplier' <Latency = 1> <II = 1> <Delay = 3.34> <FuncUnit> <Opcode : 'mul'> <InPorts = 2> <OutPorts = 1>
ST_6 : Operation 985 [1/1] (0.00ns)   --->   "%trunc_ln58_584 = partselect i16 @_ssdm_op_PartSelect.i16.i26.i32.i32, i26 %mul_ln58_587, i32 10, i32 25" [firmware/nnet_utils/nnet_dense_resource.h:58->firmware/nnet_utils/nnet_dense_resource.h:262->firmware/nnet_utils/nnet_dense_stream.h:24->firmware/nnet_utils/nnet_dense_stream.h:97]   --->   Operation 985 'partselect' 'trunc_ln58_584' <Predicate = true> <Delay = 0.00>
ST_6 : Operation 986 [1/2] (3.34ns)   --->   "%mul_ln58_588 = mul i26 %sext_ln73_619, i26 %sext_ln73_586" [firmware/nnet_utils/nnet_dense_resource.h:58->firmware/nnet_utils/nnet_dense_resource.h:262->firmware/nnet_utils/nnet_dense_stream.h:24->firmware/nnet_utils/nnet_dense_stream.h:97]   --->   Operation 986 'mul' 'mul_ln58_588' <Predicate = true> <Delay = 3.34> <CoreInst = "Multiplier">   --->   Core 3 'Multiplier' <Latency = 1> <II = 1> <Delay = 3.34> <FuncUnit> <Opcode : 'mul'> <InPorts = 2> <OutPorts = 1>
ST_6 : Operation 987 [1/1] (0.00ns)   --->   "%trunc_ln58_585 = partselect i16 @_ssdm_op_PartSelect.i16.i26.i32.i32, i26 %mul_ln58_588, i32 10, i32 25" [firmware/nnet_utils/nnet_dense_resource.h:58->firmware/nnet_utils/nnet_dense_resource.h:262->firmware/nnet_utils/nnet_dense_stream.h:24->firmware/nnet_utils/nnet_dense_stream.h:97]   --->   Operation 987 'partselect' 'trunc_ln58_585' <Predicate = true> <Delay = 0.00>
ST_6 : Operation 988 [1/2] (3.34ns)   --->   "%mul_ln58_589 = mul i26 %sext_ln73_620, i26 %sext_ln73_588" [firmware/nnet_utils/nnet_dense_resource.h:58->firmware/nnet_utils/nnet_dense_resource.h:262->firmware/nnet_utils/nnet_dense_stream.h:24->firmware/nnet_utils/nnet_dense_stream.h:97]   --->   Operation 988 'mul' 'mul_ln58_589' <Predicate = true> <Delay = 3.34> <CoreInst = "Multiplier">   --->   Core 3 'Multiplier' <Latency = 1> <II = 1> <Delay = 3.34> <FuncUnit> <Opcode : 'mul'> <InPorts = 2> <OutPorts = 1>
ST_6 : Operation 989 [1/1] (0.00ns)   --->   "%trunc_ln58_586 = partselect i16 @_ssdm_op_PartSelect.i16.i26.i32.i32, i26 %mul_ln58_589, i32 10, i32 25" [firmware/nnet_utils/nnet_dense_resource.h:58->firmware/nnet_utils/nnet_dense_resource.h:262->firmware/nnet_utils/nnet_dense_stream.h:24->firmware/nnet_utils/nnet_dense_stream.h:97]   --->   Operation 989 'partselect' 'trunc_ln58_586' <Predicate = true> <Delay = 0.00>
ST_6 : Operation 990 [1/2] (3.34ns)   --->   "%mul_ln58_590 = mul i26 %sext_ln73_621, i26 %sext_ln73_574" [firmware/nnet_utils/nnet_dense_resource.h:58->firmware/nnet_utils/nnet_dense_resource.h:262->firmware/nnet_utils/nnet_dense_stream.h:24->firmware/nnet_utils/nnet_dense_stream.h:97]   --->   Operation 990 'mul' 'mul_ln58_590' <Predicate = true> <Delay = 3.34> <CoreInst = "Multiplier">   --->   Core 3 'Multiplier' <Latency = 1> <II = 1> <Delay = 3.34> <FuncUnit> <Opcode : 'mul'> <InPorts = 2> <OutPorts = 1>
ST_6 : Operation 991 [1/1] (0.00ns)   --->   "%trunc_ln58_587 = partselect i16 @_ssdm_op_PartSelect.i16.i26.i32.i32, i26 %mul_ln58_590, i32 10, i32 25" [firmware/nnet_utils/nnet_dense_resource.h:58->firmware/nnet_utils/nnet_dense_resource.h:262->firmware/nnet_utils/nnet_dense_stream.h:24->firmware/nnet_utils/nnet_dense_stream.h:97]   --->   Operation 991 'partselect' 'trunc_ln58_587' <Predicate = true> <Delay = 0.00>
ST_6 : Operation 992 [1/2] (3.34ns)   --->   "%mul_ln58_591 = mul i26 %sext_ln73_622, i26 %sext_ln73_576" [firmware/nnet_utils/nnet_dense_resource.h:58->firmware/nnet_utils/nnet_dense_resource.h:262->firmware/nnet_utils/nnet_dense_stream.h:24->firmware/nnet_utils/nnet_dense_stream.h:97]   --->   Operation 992 'mul' 'mul_ln58_591' <Predicate = true> <Delay = 3.34> <CoreInst = "Multiplier">   --->   Core 3 'Multiplier' <Latency = 1> <II = 1> <Delay = 3.34> <FuncUnit> <Opcode : 'mul'> <InPorts = 2> <OutPorts = 1>
ST_6 : Operation 993 [1/1] (0.00ns)   --->   "%trunc_ln58_588 = partselect i16 @_ssdm_op_PartSelect.i16.i26.i32.i32, i26 %mul_ln58_591, i32 10, i32 25" [firmware/nnet_utils/nnet_dense_resource.h:58->firmware/nnet_utils/nnet_dense_resource.h:262->firmware/nnet_utils/nnet_dense_stream.h:24->firmware/nnet_utils/nnet_dense_stream.h:97]   --->   Operation 993 'partselect' 'trunc_ln58_588' <Predicate = true> <Delay = 0.00>
ST_6 : Operation 994 [1/2] (3.34ns)   --->   "%mul_ln58_592 = mul i26 %sext_ln73_623, i26 %sext_ln73_578" [firmware/nnet_utils/nnet_dense_resource.h:58->firmware/nnet_utils/nnet_dense_resource.h:262->firmware/nnet_utils/nnet_dense_stream.h:24->firmware/nnet_utils/nnet_dense_stream.h:97]   --->   Operation 994 'mul' 'mul_ln58_592' <Predicate = true> <Delay = 3.34> <CoreInst = "Multiplier">   --->   Core 3 'Multiplier' <Latency = 1> <II = 1> <Delay = 3.34> <FuncUnit> <Opcode : 'mul'> <InPorts = 2> <OutPorts = 1>
ST_6 : Operation 995 [1/1] (0.00ns)   --->   "%trunc_ln58_589 = partselect i16 @_ssdm_op_PartSelect.i16.i26.i32.i32, i26 %mul_ln58_592, i32 10, i32 25" [firmware/nnet_utils/nnet_dense_resource.h:58->firmware/nnet_utils/nnet_dense_resource.h:262->firmware/nnet_utils/nnet_dense_stream.h:24->firmware/nnet_utils/nnet_dense_stream.h:97]   --->   Operation 995 'partselect' 'trunc_ln58_589' <Predicate = true> <Delay = 0.00>
ST_6 : Operation 996 [1/2] (3.34ns)   --->   "%mul_ln58_593 = mul i26 %sext_ln73_624, i26 %sext_ln73_580" [firmware/nnet_utils/nnet_dense_resource.h:58->firmware/nnet_utils/nnet_dense_resource.h:262->firmware/nnet_utils/nnet_dense_stream.h:24->firmware/nnet_utils/nnet_dense_stream.h:97]   --->   Operation 996 'mul' 'mul_ln58_593' <Predicate = true> <Delay = 3.34> <CoreInst = "Multiplier">   --->   Core 3 'Multiplier' <Latency = 1> <II = 1> <Delay = 3.34> <FuncUnit> <Opcode : 'mul'> <InPorts = 2> <OutPorts = 1>
ST_6 : Operation 997 [1/1] (0.00ns)   --->   "%trunc_ln58_590 = partselect i16 @_ssdm_op_PartSelect.i16.i26.i32.i32, i26 %mul_ln58_593, i32 10, i32 25" [firmware/nnet_utils/nnet_dense_resource.h:58->firmware/nnet_utils/nnet_dense_resource.h:262->firmware/nnet_utils/nnet_dense_stream.h:24->firmware/nnet_utils/nnet_dense_stream.h:97]   --->   Operation 997 'partselect' 'trunc_ln58_590' <Predicate = true> <Delay = 0.00>
ST_6 : Operation 998 [1/2] (3.34ns)   --->   "%mul_ln58_594 = mul i26 %sext_ln73_625, i26 %sext_ln73_582" [firmware/nnet_utils/nnet_dense_resource.h:58->firmware/nnet_utils/nnet_dense_resource.h:262->firmware/nnet_utils/nnet_dense_stream.h:24->firmware/nnet_utils/nnet_dense_stream.h:97]   --->   Operation 998 'mul' 'mul_ln58_594' <Predicate = true> <Delay = 3.34> <CoreInst = "Multiplier">   --->   Core 3 'Multiplier' <Latency = 1> <II = 1> <Delay = 3.34> <FuncUnit> <Opcode : 'mul'> <InPorts = 2> <OutPorts = 1>
ST_6 : Operation 999 [1/1] (0.00ns)   --->   "%trunc_ln58_591 = partselect i16 @_ssdm_op_PartSelect.i16.i26.i32.i32, i26 %mul_ln58_594, i32 10, i32 25" [firmware/nnet_utils/nnet_dense_resource.h:58->firmware/nnet_utils/nnet_dense_resource.h:262->firmware/nnet_utils/nnet_dense_stream.h:24->firmware/nnet_utils/nnet_dense_stream.h:97]   --->   Operation 999 'partselect' 'trunc_ln58_591' <Predicate = true> <Delay = 0.00>
ST_6 : Operation 1000 [1/2] (3.34ns)   --->   "%mul_ln58_595 = mul i26 %sext_ln73_626, i26 %sext_ln73_584" [firmware/nnet_utils/nnet_dense_resource.h:58->firmware/nnet_utils/nnet_dense_resource.h:262->firmware/nnet_utils/nnet_dense_stream.h:24->firmware/nnet_utils/nnet_dense_stream.h:97]   --->   Operation 1000 'mul' 'mul_ln58_595' <Predicate = true> <Delay = 3.34> <CoreInst = "Multiplier">   --->   Core 3 'Multiplier' <Latency = 1> <II = 1> <Delay = 3.34> <FuncUnit> <Opcode : 'mul'> <InPorts = 2> <OutPorts = 1>
ST_6 : Operation 1001 [1/1] (0.00ns)   --->   "%trunc_ln58_592 = partselect i16 @_ssdm_op_PartSelect.i16.i26.i32.i32, i26 %mul_ln58_595, i32 10, i32 25" [firmware/nnet_utils/nnet_dense_resource.h:58->firmware/nnet_utils/nnet_dense_resource.h:262->firmware/nnet_utils/nnet_dense_stream.h:24->firmware/nnet_utils/nnet_dense_stream.h:97]   --->   Operation 1001 'partselect' 'trunc_ln58_592' <Predicate = true> <Delay = 0.00>
ST_6 : Operation 1002 [1/2] (3.34ns)   --->   "%mul_ln58_596 = mul i26 %sext_ln73_627, i26 %sext_ln73_586" [firmware/nnet_utils/nnet_dense_resource.h:58->firmware/nnet_utils/nnet_dense_resource.h:262->firmware/nnet_utils/nnet_dense_stream.h:24->firmware/nnet_utils/nnet_dense_stream.h:97]   --->   Operation 1002 'mul' 'mul_ln58_596' <Predicate = true> <Delay = 3.34> <CoreInst = "Multiplier">   --->   Core 3 'Multiplier' <Latency = 1> <II = 1> <Delay = 3.34> <FuncUnit> <Opcode : 'mul'> <InPorts = 2> <OutPorts = 1>
ST_6 : Operation 1003 [1/1] (0.00ns)   --->   "%trunc_ln58_593 = partselect i16 @_ssdm_op_PartSelect.i16.i26.i32.i32, i26 %mul_ln58_596, i32 10, i32 25" [firmware/nnet_utils/nnet_dense_resource.h:58->firmware/nnet_utils/nnet_dense_resource.h:262->firmware/nnet_utils/nnet_dense_stream.h:24->firmware/nnet_utils/nnet_dense_stream.h:97]   --->   Operation 1003 'partselect' 'trunc_ln58_593' <Predicate = true> <Delay = 0.00>
ST_6 : Operation 1004 [1/2] (3.34ns)   --->   "%mul_ln58_597 = mul i26 %sext_ln73_628, i26 %sext_ln73_588" [firmware/nnet_utils/nnet_dense_resource.h:58->firmware/nnet_utils/nnet_dense_resource.h:262->firmware/nnet_utils/nnet_dense_stream.h:24->firmware/nnet_utils/nnet_dense_stream.h:97]   --->   Operation 1004 'mul' 'mul_ln58_597' <Predicate = true> <Delay = 3.34> <CoreInst = "Multiplier">   --->   Core 3 'Multiplier' <Latency = 1> <II = 1> <Delay = 3.34> <FuncUnit> <Opcode : 'mul'> <InPorts = 2> <OutPorts = 1>
ST_6 : Operation 1005 [1/1] (0.00ns)   --->   "%trunc_ln58_594 = partselect i16 @_ssdm_op_PartSelect.i16.i26.i32.i32, i26 %mul_ln58_597, i32 10, i32 25" [firmware/nnet_utils/nnet_dense_resource.h:58->firmware/nnet_utils/nnet_dense_resource.h:262->firmware/nnet_utils/nnet_dense_stream.h:24->firmware/nnet_utils/nnet_dense_stream.h:97]   --->   Operation 1005 'partselect' 'trunc_ln58_594' <Predicate = true> <Delay = 0.00>
ST_6 : Operation 1006 [1/2] (3.34ns)   --->   "%mul_ln58_598 = mul i26 %sext_ln73_629, i26 %sext_ln73_574" [firmware/nnet_utils/nnet_dense_resource.h:58->firmware/nnet_utils/nnet_dense_resource.h:262->firmware/nnet_utils/nnet_dense_stream.h:24->firmware/nnet_utils/nnet_dense_stream.h:97]   --->   Operation 1006 'mul' 'mul_ln58_598' <Predicate = true> <Delay = 3.34> <CoreInst = "Multiplier">   --->   Core 3 'Multiplier' <Latency = 1> <II = 1> <Delay = 3.34> <FuncUnit> <Opcode : 'mul'> <InPorts = 2> <OutPorts = 1>
ST_6 : Operation 1007 [1/1] (0.00ns)   --->   "%trunc_ln58_595 = partselect i16 @_ssdm_op_PartSelect.i16.i26.i32.i32, i26 %mul_ln58_598, i32 10, i32 25" [firmware/nnet_utils/nnet_dense_resource.h:58->firmware/nnet_utils/nnet_dense_resource.h:262->firmware/nnet_utils/nnet_dense_stream.h:24->firmware/nnet_utils/nnet_dense_stream.h:97]   --->   Operation 1007 'partselect' 'trunc_ln58_595' <Predicate = true> <Delay = 0.00>
ST_6 : Operation 1008 [1/2] (3.34ns)   --->   "%mul_ln58_599 = mul i26 %sext_ln73_630, i26 %sext_ln73_576" [firmware/nnet_utils/nnet_dense_resource.h:58->firmware/nnet_utils/nnet_dense_resource.h:262->firmware/nnet_utils/nnet_dense_stream.h:24->firmware/nnet_utils/nnet_dense_stream.h:97]   --->   Operation 1008 'mul' 'mul_ln58_599' <Predicate = true> <Delay = 3.34> <CoreInst = "Multiplier">   --->   Core 3 'Multiplier' <Latency = 1> <II = 1> <Delay = 3.34> <FuncUnit> <Opcode : 'mul'> <InPorts = 2> <OutPorts = 1>
ST_6 : Operation 1009 [1/1] (0.00ns)   --->   "%trunc_ln58_596 = partselect i16 @_ssdm_op_PartSelect.i16.i26.i32.i32, i26 %mul_ln58_599, i32 10, i32 25" [firmware/nnet_utils/nnet_dense_resource.h:58->firmware/nnet_utils/nnet_dense_resource.h:262->firmware/nnet_utils/nnet_dense_stream.h:24->firmware/nnet_utils/nnet_dense_stream.h:97]   --->   Operation 1009 'partselect' 'trunc_ln58_596' <Predicate = true> <Delay = 0.00>
ST_6 : Operation 1010 [1/2] (3.34ns)   --->   "%mul_ln58_600 = mul i26 %sext_ln73_631, i26 %sext_ln73_578" [firmware/nnet_utils/nnet_dense_resource.h:58->firmware/nnet_utils/nnet_dense_resource.h:262->firmware/nnet_utils/nnet_dense_stream.h:24->firmware/nnet_utils/nnet_dense_stream.h:97]   --->   Operation 1010 'mul' 'mul_ln58_600' <Predicate = true> <Delay = 3.34> <CoreInst = "Multiplier">   --->   Core 3 'Multiplier' <Latency = 1> <II = 1> <Delay = 3.34> <FuncUnit> <Opcode : 'mul'> <InPorts = 2> <OutPorts = 1>
ST_6 : Operation 1011 [1/1] (0.00ns)   --->   "%trunc_ln58_597 = partselect i16 @_ssdm_op_PartSelect.i16.i26.i32.i32, i26 %mul_ln58_600, i32 10, i32 25" [firmware/nnet_utils/nnet_dense_resource.h:58->firmware/nnet_utils/nnet_dense_resource.h:262->firmware/nnet_utils/nnet_dense_stream.h:24->firmware/nnet_utils/nnet_dense_stream.h:97]   --->   Operation 1011 'partselect' 'trunc_ln58_597' <Predicate = true> <Delay = 0.00>
ST_6 : Operation 1012 [1/2] (3.34ns)   --->   "%mul_ln58_601 = mul i26 %sext_ln73_632, i26 %sext_ln73_580" [firmware/nnet_utils/nnet_dense_resource.h:58->firmware/nnet_utils/nnet_dense_resource.h:262->firmware/nnet_utils/nnet_dense_stream.h:24->firmware/nnet_utils/nnet_dense_stream.h:97]   --->   Operation 1012 'mul' 'mul_ln58_601' <Predicate = true> <Delay = 3.34> <CoreInst = "Multiplier">   --->   Core 3 'Multiplier' <Latency = 1> <II = 1> <Delay = 3.34> <FuncUnit> <Opcode : 'mul'> <InPorts = 2> <OutPorts = 1>
ST_6 : Operation 1013 [1/1] (0.00ns)   --->   "%trunc_ln58_598 = partselect i16 @_ssdm_op_PartSelect.i16.i26.i32.i32, i26 %mul_ln58_601, i32 10, i32 25" [firmware/nnet_utils/nnet_dense_resource.h:58->firmware/nnet_utils/nnet_dense_resource.h:262->firmware/nnet_utils/nnet_dense_stream.h:24->firmware/nnet_utils/nnet_dense_stream.h:97]   --->   Operation 1013 'partselect' 'trunc_ln58_598' <Predicate = true> <Delay = 0.00>
ST_6 : Operation 1014 [1/2] (3.34ns)   --->   "%mul_ln58_602 = mul i26 %sext_ln73_633, i26 %sext_ln73_582" [firmware/nnet_utils/nnet_dense_resource.h:58->firmware/nnet_utils/nnet_dense_resource.h:262->firmware/nnet_utils/nnet_dense_stream.h:24->firmware/nnet_utils/nnet_dense_stream.h:97]   --->   Operation 1014 'mul' 'mul_ln58_602' <Predicate = true> <Delay = 3.34> <CoreInst = "Multiplier">   --->   Core 3 'Multiplier' <Latency = 1> <II = 1> <Delay = 3.34> <FuncUnit> <Opcode : 'mul'> <InPorts = 2> <OutPorts = 1>
ST_6 : Operation 1015 [1/1] (0.00ns)   --->   "%trunc_ln58_599 = partselect i16 @_ssdm_op_PartSelect.i16.i26.i32.i32, i26 %mul_ln58_602, i32 10, i32 25" [firmware/nnet_utils/nnet_dense_resource.h:58->firmware/nnet_utils/nnet_dense_resource.h:262->firmware/nnet_utils/nnet_dense_stream.h:24->firmware/nnet_utils/nnet_dense_stream.h:97]   --->   Operation 1015 'partselect' 'trunc_ln58_599' <Predicate = true> <Delay = 0.00>
ST_6 : Operation 1016 [1/2] (3.34ns)   --->   "%mul_ln58_603 = mul i26 %sext_ln73_634, i26 %sext_ln73_584" [firmware/nnet_utils/nnet_dense_resource.h:58->firmware/nnet_utils/nnet_dense_resource.h:262->firmware/nnet_utils/nnet_dense_stream.h:24->firmware/nnet_utils/nnet_dense_stream.h:97]   --->   Operation 1016 'mul' 'mul_ln58_603' <Predicate = true> <Delay = 3.34> <CoreInst = "Multiplier">   --->   Core 3 'Multiplier' <Latency = 1> <II = 1> <Delay = 3.34> <FuncUnit> <Opcode : 'mul'> <InPorts = 2> <OutPorts = 1>
ST_6 : Operation 1017 [1/1] (0.00ns)   --->   "%trunc_ln58_600 = partselect i16 @_ssdm_op_PartSelect.i16.i26.i32.i32, i26 %mul_ln58_603, i32 10, i32 25" [firmware/nnet_utils/nnet_dense_resource.h:58->firmware/nnet_utils/nnet_dense_resource.h:262->firmware/nnet_utils/nnet_dense_stream.h:24->firmware/nnet_utils/nnet_dense_stream.h:97]   --->   Operation 1017 'partselect' 'trunc_ln58_600' <Predicate = true> <Delay = 0.00>
ST_6 : Operation 1018 [1/2] (3.34ns)   --->   "%mul_ln58_604 = mul i26 %sext_ln73_635, i26 %sext_ln73_586" [firmware/nnet_utils/nnet_dense_resource.h:58->firmware/nnet_utils/nnet_dense_resource.h:262->firmware/nnet_utils/nnet_dense_stream.h:24->firmware/nnet_utils/nnet_dense_stream.h:97]   --->   Operation 1018 'mul' 'mul_ln58_604' <Predicate = true> <Delay = 3.34> <CoreInst = "Multiplier">   --->   Core 3 'Multiplier' <Latency = 1> <II = 1> <Delay = 3.34> <FuncUnit> <Opcode : 'mul'> <InPorts = 2> <OutPorts = 1>
ST_6 : Operation 1019 [1/1] (0.00ns)   --->   "%trunc_ln58_601 = partselect i16 @_ssdm_op_PartSelect.i16.i26.i32.i32, i26 %mul_ln58_604, i32 10, i32 25" [firmware/nnet_utils/nnet_dense_resource.h:58->firmware/nnet_utils/nnet_dense_resource.h:262->firmware/nnet_utils/nnet_dense_stream.h:24->firmware/nnet_utils/nnet_dense_stream.h:97]   --->   Operation 1019 'partselect' 'trunc_ln58_601' <Predicate = true> <Delay = 0.00>
ST_6 : Operation 1020 [1/2] (3.34ns)   --->   "%mul_ln58_605 = mul i26 %sext_ln73_636, i26 %sext_ln73_588" [firmware/nnet_utils/nnet_dense_resource.h:58->firmware/nnet_utils/nnet_dense_resource.h:262->firmware/nnet_utils/nnet_dense_stream.h:24->firmware/nnet_utils/nnet_dense_stream.h:97]   --->   Operation 1020 'mul' 'mul_ln58_605' <Predicate = true> <Delay = 3.34> <CoreInst = "Multiplier">   --->   Core 3 'Multiplier' <Latency = 1> <II = 1> <Delay = 3.34> <FuncUnit> <Opcode : 'mul'> <InPorts = 2> <OutPorts = 1>
ST_6 : Operation 1021 [1/1] (0.00ns)   --->   "%trunc_ln58_602 = partselect i16 @_ssdm_op_PartSelect.i16.i26.i32.i32, i26 %mul_ln58_605, i32 10, i32 25" [firmware/nnet_utils/nnet_dense_resource.h:58->firmware/nnet_utils/nnet_dense_resource.h:262->firmware/nnet_utils/nnet_dense_stream.h:24->firmware/nnet_utils/nnet_dense_stream.h:97]   --->   Operation 1021 'partselect' 'trunc_ln58_602' <Predicate = true> <Delay = 0.00>
ST_6 : Operation 1022 [1/2] (3.34ns)   --->   "%mul_ln58_606 = mul i26 %sext_ln73_637, i26 %sext_ln73_574" [firmware/nnet_utils/nnet_dense_resource.h:58->firmware/nnet_utils/nnet_dense_resource.h:262->firmware/nnet_utils/nnet_dense_stream.h:24->firmware/nnet_utils/nnet_dense_stream.h:97]   --->   Operation 1022 'mul' 'mul_ln58_606' <Predicate = true> <Delay = 3.34> <CoreInst = "Multiplier">   --->   Core 3 'Multiplier' <Latency = 1> <II = 1> <Delay = 3.34> <FuncUnit> <Opcode : 'mul'> <InPorts = 2> <OutPorts = 1>
ST_6 : Operation 1023 [1/1] (0.00ns)   --->   "%trunc_ln58_603 = partselect i16 @_ssdm_op_PartSelect.i16.i26.i32.i32, i26 %mul_ln58_606, i32 10, i32 25" [firmware/nnet_utils/nnet_dense_resource.h:58->firmware/nnet_utils/nnet_dense_resource.h:262->firmware/nnet_utils/nnet_dense_stream.h:24->firmware/nnet_utils/nnet_dense_stream.h:97]   --->   Operation 1023 'partselect' 'trunc_ln58_603' <Predicate = true> <Delay = 0.00>
ST_6 : Operation 1024 [1/2] (3.34ns)   --->   "%mul_ln58_607 = mul i26 %sext_ln73_638, i26 %sext_ln73_576" [firmware/nnet_utils/nnet_dense_resource.h:58->firmware/nnet_utils/nnet_dense_resource.h:262->firmware/nnet_utils/nnet_dense_stream.h:24->firmware/nnet_utils/nnet_dense_stream.h:97]   --->   Operation 1024 'mul' 'mul_ln58_607' <Predicate = true> <Delay = 3.34> <CoreInst = "Multiplier">   --->   Core 3 'Multiplier' <Latency = 1> <II = 1> <Delay = 3.34> <FuncUnit> <Opcode : 'mul'> <InPorts = 2> <OutPorts = 1>
ST_6 : Operation 1025 [1/1] (0.00ns)   --->   "%trunc_ln58_604 = partselect i16 @_ssdm_op_PartSelect.i16.i26.i32.i32, i26 %mul_ln58_607, i32 10, i32 25" [firmware/nnet_utils/nnet_dense_resource.h:58->firmware/nnet_utils/nnet_dense_resource.h:262->firmware/nnet_utils/nnet_dense_stream.h:24->firmware/nnet_utils/nnet_dense_stream.h:97]   --->   Operation 1025 'partselect' 'trunc_ln58_604' <Predicate = true> <Delay = 0.00>
ST_6 : Operation 1026 [1/2] (3.34ns)   --->   "%mul_ln58_608 = mul i26 %sext_ln73_639, i26 %sext_ln73_578" [firmware/nnet_utils/nnet_dense_resource.h:58->firmware/nnet_utils/nnet_dense_resource.h:262->firmware/nnet_utils/nnet_dense_stream.h:24->firmware/nnet_utils/nnet_dense_stream.h:97]   --->   Operation 1026 'mul' 'mul_ln58_608' <Predicate = true> <Delay = 3.34> <CoreInst = "Multiplier">   --->   Core 3 'Multiplier' <Latency = 1> <II = 1> <Delay = 3.34> <FuncUnit> <Opcode : 'mul'> <InPorts = 2> <OutPorts = 1>
ST_6 : Operation 1027 [1/1] (0.00ns)   --->   "%trunc_ln58_605 = partselect i16 @_ssdm_op_PartSelect.i16.i26.i32.i32, i26 %mul_ln58_608, i32 10, i32 25" [firmware/nnet_utils/nnet_dense_resource.h:58->firmware/nnet_utils/nnet_dense_resource.h:262->firmware/nnet_utils/nnet_dense_stream.h:24->firmware/nnet_utils/nnet_dense_stream.h:97]   --->   Operation 1027 'partselect' 'trunc_ln58_605' <Predicate = true> <Delay = 0.00>
ST_6 : Operation 1028 [1/2] (3.34ns)   --->   "%mul_ln58_609 = mul i26 %sext_ln73_640, i26 %sext_ln73_580" [firmware/nnet_utils/nnet_dense_resource.h:58->firmware/nnet_utils/nnet_dense_resource.h:262->firmware/nnet_utils/nnet_dense_stream.h:24->firmware/nnet_utils/nnet_dense_stream.h:97]   --->   Operation 1028 'mul' 'mul_ln58_609' <Predicate = true> <Delay = 3.34> <CoreInst = "Multiplier">   --->   Core 3 'Multiplier' <Latency = 1> <II = 1> <Delay = 3.34> <FuncUnit> <Opcode : 'mul'> <InPorts = 2> <OutPorts = 1>
ST_6 : Operation 1029 [1/1] (0.00ns)   --->   "%trunc_ln58_606 = partselect i16 @_ssdm_op_PartSelect.i16.i26.i32.i32, i26 %mul_ln58_609, i32 10, i32 25" [firmware/nnet_utils/nnet_dense_resource.h:58->firmware/nnet_utils/nnet_dense_resource.h:262->firmware/nnet_utils/nnet_dense_stream.h:24->firmware/nnet_utils/nnet_dense_stream.h:97]   --->   Operation 1029 'partselect' 'trunc_ln58_606' <Predicate = true> <Delay = 0.00>
ST_6 : Operation 1030 [1/2] (3.34ns)   --->   "%mul_ln58_610 = mul i26 %sext_ln73_641, i26 %sext_ln73_582" [firmware/nnet_utils/nnet_dense_resource.h:58->firmware/nnet_utils/nnet_dense_resource.h:262->firmware/nnet_utils/nnet_dense_stream.h:24->firmware/nnet_utils/nnet_dense_stream.h:97]   --->   Operation 1030 'mul' 'mul_ln58_610' <Predicate = true> <Delay = 3.34> <CoreInst = "Multiplier">   --->   Core 3 'Multiplier' <Latency = 1> <II = 1> <Delay = 3.34> <FuncUnit> <Opcode : 'mul'> <InPorts = 2> <OutPorts = 1>
ST_6 : Operation 1031 [1/1] (0.00ns)   --->   "%trunc_ln58_607 = partselect i16 @_ssdm_op_PartSelect.i16.i26.i32.i32, i26 %mul_ln58_610, i32 10, i32 25" [firmware/nnet_utils/nnet_dense_resource.h:58->firmware/nnet_utils/nnet_dense_resource.h:262->firmware/nnet_utils/nnet_dense_stream.h:24->firmware/nnet_utils/nnet_dense_stream.h:97]   --->   Operation 1031 'partselect' 'trunc_ln58_607' <Predicate = true> <Delay = 0.00>
ST_6 : Operation 1032 [1/2] (3.34ns)   --->   "%mul_ln58_611 = mul i26 %sext_ln73_642, i26 %sext_ln73_584" [firmware/nnet_utils/nnet_dense_resource.h:58->firmware/nnet_utils/nnet_dense_resource.h:262->firmware/nnet_utils/nnet_dense_stream.h:24->firmware/nnet_utils/nnet_dense_stream.h:97]   --->   Operation 1032 'mul' 'mul_ln58_611' <Predicate = true> <Delay = 3.34> <CoreInst = "Multiplier">   --->   Core 3 'Multiplier' <Latency = 1> <II = 1> <Delay = 3.34> <FuncUnit> <Opcode : 'mul'> <InPorts = 2> <OutPorts = 1>
ST_6 : Operation 1033 [1/1] (0.00ns)   --->   "%trunc_ln58_608 = partselect i16 @_ssdm_op_PartSelect.i16.i26.i32.i32, i26 %mul_ln58_611, i32 10, i32 25" [firmware/nnet_utils/nnet_dense_resource.h:58->firmware/nnet_utils/nnet_dense_resource.h:262->firmware/nnet_utils/nnet_dense_stream.h:24->firmware/nnet_utils/nnet_dense_stream.h:97]   --->   Operation 1033 'partselect' 'trunc_ln58_608' <Predicate = true> <Delay = 0.00>
ST_6 : Operation 1034 [1/2] (3.34ns)   --->   "%mul_ln58_612 = mul i26 %sext_ln73_643, i26 %sext_ln73_586" [firmware/nnet_utils/nnet_dense_resource.h:58->firmware/nnet_utils/nnet_dense_resource.h:262->firmware/nnet_utils/nnet_dense_stream.h:24->firmware/nnet_utils/nnet_dense_stream.h:97]   --->   Operation 1034 'mul' 'mul_ln58_612' <Predicate = true> <Delay = 3.34> <CoreInst = "Multiplier">   --->   Core 3 'Multiplier' <Latency = 1> <II = 1> <Delay = 3.34> <FuncUnit> <Opcode : 'mul'> <InPorts = 2> <OutPorts = 1>
ST_6 : Operation 1035 [1/1] (0.00ns)   --->   "%trunc_ln58_609 = partselect i16 @_ssdm_op_PartSelect.i16.i26.i32.i32, i26 %mul_ln58_612, i32 10, i32 25" [firmware/nnet_utils/nnet_dense_resource.h:58->firmware/nnet_utils/nnet_dense_resource.h:262->firmware/nnet_utils/nnet_dense_stream.h:24->firmware/nnet_utils/nnet_dense_stream.h:97]   --->   Operation 1035 'partselect' 'trunc_ln58_609' <Predicate = true> <Delay = 0.00>
ST_6 : Operation 1036 [1/2] (3.34ns)   --->   "%mul_ln58_613 = mul i26 %sext_ln73_644, i26 %sext_ln73_588" [firmware/nnet_utils/nnet_dense_resource.h:58->firmware/nnet_utils/nnet_dense_resource.h:262->firmware/nnet_utils/nnet_dense_stream.h:24->firmware/nnet_utils/nnet_dense_stream.h:97]   --->   Operation 1036 'mul' 'mul_ln58_613' <Predicate = true> <Delay = 3.34> <CoreInst = "Multiplier">   --->   Core 3 'Multiplier' <Latency = 1> <II = 1> <Delay = 3.34> <FuncUnit> <Opcode : 'mul'> <InPorts = 2> <OutPorts = 1>
ST_6 : Operation 1037 [1/1] (0.00ns)   --->   "%trunc_ln58_610 = partselect i16 @_ssdm_op_PartSelect.i16.i26.i32.i32, i26 %mul_ln58_613, i32 10, i32 25" [firmware/nnet_utils/nnet_dense_resource.h:58->firmware/nnet_utils/nnet_dense_resource.h:262->firmware/nnet_utils/nnet_dense_stream.h:24->firmware/nnet_utils/nnet_dense_stream.h:97]   --->   Operation 1037 'partselect' 'trunc_ln58_610' <Predicate = true> <Delay = 0.00>
ST_6 : Operation 1038 [1/2] (3.34ns)   --->   "%mul_ln58_614 = mul i26 %sext_ln73_645, i26 %sext_ln73_574" [firmware/nnet_utils/nnet_dense_resource.h:58->firmware/nnet_utils/nnet_dense_resource.h:262->firmware/nnet_utils/nnet_dense_stream.h:24->firmware/nnet_utils/nnet_dense_stream.h:97]   --->   Operation 1038 'mul' 'mul_ln58_614' <Predicate = true> <Delay = 3.34> <CoreInst = "Multiplier">   --->   Core 3 'Multiplier' <Latency = 1> <II = 1> <Delay = 3.34> <FuncUnit> <Opcode : 'mul'> <InPorts = 2> <OutPorts = 1>
ST_6 : Operation 1039 [1/1] (0.00ns)   --->   "%trunc_ln58_611 = partselect i16 @_ssdm_op_PartSelect.i16.i26.i32.i32, i26 %mul_ln58_614, i32 10, i32 25" [firmware/nnet_utils/nnet_dense_resource.h:58->firmware/nnet_utils/nnet_dense_resource.h:262->firmware/nnet_utils/nnet_dense_stream.h:24->firmware/nnet_utils/nnet_dense_stream.h:97]   --->   Operation 1039 'partselect' 'trunc_ln58_611' <Predicate = true> <Delay = 0.00>
ST_6 : Operation 1040 [1/2] (3.34ns)   --->   "%mul_ln58_615 = mul i26 %sext_ln73_646, i26 %sext_ln73_576" [firmware/nnet_utils/nnet_dense_resource.h:58->firmware/nnet_utils/nnet_dense_resource.h:262->firmware/nnet_utils/nnet_dense_stream.h:24->firmware/nnet_utils/nnet_dense_stream.h:97]   --->   Operation 1040 'mul' 'mul_ln58_615' <Predicate = true> <Delay = 3.34> <CoreInst = "Multiplier">   --->   Core 3 'Multiplier' <Latency = 1> <II = 1> <Delay = 3.34> <FuncUnit> <Opcode : 'mul'> <InPorts = 2> <OutPorts = 1>
ST_6 : Operation 1041 [1/1] (0.00ns)   --->   "%trunc_ln58_612 = partselect i16 @_ssdm_op_PartSelect.i16.i26.i32.i32, i26 %mul_ln58_615, i32 10, i32 25" [firmware/nnet_utils/nnet_dense_resource.h:58->firmware/nnet_utils/nnet_dense_resource.h:262->firmware/nnet_utils/nnet_dense_stream.h:24->firmware/nnet_utils/nnet_dense_stream.h:97]   --->   Operation 1041 'partselect' 'trunc_ln58_612' <Predicate = true> <Delay = 0.00>
ST_6 : Operation 1042 [1/2] (3.34ns)   --->   "%mul_ln58_616 = mul i26 %sext_ln73_647, i26 %sext_ln73_578" [firmware/nnet_utils/nnet_dense_resource.h:58->firmware/nnet_utils/nnet_dense_resource.h:262->firmware/nnet_utils/nnet_dense_stream.h:24->firmware/nnet_utils/nnet_dense_stream.h:97]   --->   Operation 1042 'mul' 'mul_ln58_616' <Predicate = true> <Delay = 3.34> <CoreInst = "Multiplier">   --->   Core 3 'Multiplier' <Latency = 1> <II = 1> <Delay = 3.34> <FuncUnit> <Opcode : 'mul'> <InPorts = 2> <OutPorts = 1>
ST_6 : Operation 1043 [1/1] (0.00ns)   --->   "%trunc_ln58_613 = partselect i16 @_ssdm_op_PartSelect.i16.i26.i32.i32, i26 %mul_ln58_616, i32 10, i32 25" [firmware/nnet_utils/nnet_dense_resource.h:58->firmware/nnet_utils/nnet_dense_resource.h:262->firmware/nnet_utils/nnet_dense_stream.h:24->firmware/nnet_utils/nnet_dense_stream.h:97]   --->   Operation 1043 'partselect' 'trunc_ln58_613' <Predicate = true> <Delay = 0.00>
ST_6 : Operation 1044 [1/2] (3.34ns)   --->   "%mul_ln58_617 = mul i26 %sext_ln73_648, i26 %sext_ln73_580" [firmware/nnet_utils/nnet_dense_resource.h:58->firmware/nnet_utils/nnet_dense_resource.h:262->firmware/nnet_utils/nnet_dense_stream.h:24->firmware/nnet_utils/nnet_dense_stream.h:97]   --->   Operation 1044 'mul' 'mul_ln58_617' <Predicate = true> <Delay = 3.34> <CoreInst = "Multiplier">   --->   Core 3 'Multiplier' <Latency = 1> <II = 1> <Delay = 3.34> <FuncUnit> <Opcode : 'mul'> <InPorts = 2> <OutPorts = 1>
ST_6 : Operation 1045 [1/1] (0.00ns)   --->   "%trunc_ln58_614 = partselect i16 @_ssdm_op_PartSelect.i16.i26.i32.i32, i26 %mul_ln58_617, i32 10, i32 25" [firmware/nnet_utils/nnet_dense_resource.h:58->firmware/nnet_utils/nnet_dense_resource.h:262->firmware/nnet_utils/nnet_dense_stream.h:24->firmware/nnet_utils/nnet_dense_stream.h:97]   --->   Operation 1045 'partselect' 'trunc_ln58_614' <Predicate = true> <Delay = 0.00>
ST_6 : Operation 1046 [1/2] (3.34ns)   --->   "%mul_ln58_618 = mul i26 %sext_ln73_649, i26 %sext_ln73_582" [firmware/nnet_utils/nnet_dense_resource.h:58->firmware/nnet_utils/nnet_dense_resource.h:262->firmware/nnet_utils/nnet_dense_stream.h:24->firmware/nnet_utils/nnet_dense_stream.h:97]   --->   Operation 1046 'mul' 'mul_ln58_618' <Predicate = true> <Delay = 3.34> <CoreInst = "Multiplier">   --->   Core 3 'Multiplier' <Latency = 1> <II = 1> <Delay = 3.34> <FuncUnit> <Opcode : 'mul'> <InPorts = 2> <OutPorts = 1>
ST_6 : Operation 1047 [1/1] (0.00ns)   --->   "%trunc_ln58_615 = partselect i16 @_ssdm_op_PartSelect.i16.i26.i32.i32, i26 %mul_ln58_618, i32 10, i32 25" [firmware/nnet_utils/nnet_dense_resource.h:58->firmware/nnet_utils/nnet_dense_resource.h:262->firmware/nnet_utils/nnet_dense_stream.h:24->firmware/nnet_utils/nnet_dense_stream.h:97]   --->   Operation 1047 'partselect' 'trunc_ln58_615' <Predicate = true> <Delay = 0.00>
ST_6 : Operation 1048 [1/2] (3.34ns)   --->   "%mul_ln58_619 = mul i26 %sext_ln73_650, i26 %sext_ln73_584" [firmware/nnet_utils/nnet_dense_resource.h:58->firmware/nnet_utils/nnet_dense_resource.h:262->firmware/nnet_utils/nnet_dense_stream.h:24->firmware/nnet_utils/nnet_dense_stream.h:97]   --->   Operation 1048 'mul' 'mul_ln58_619' <Predicate = true> <Delay = 3.34> <CoreInst = "Multiplier">   --->   Core 3 'Multiplier' <Latency = 1> <II = 1> <Delay = 3.34> <FuncUnit> <Opcode : 'mul'> <InPorts = 2> <OutPorts = 1>
ST_6 : Operation 1049 [1/1] (0.00ns)   --->   "%trunc_ln58_616 = partselect i16 @_ssdm_op_PartSelect.i16.i26.i32.i32, i26 %mul_ln58_619, i32 10, i32 25" [firmware/nnet_utils/nnet_dense_resource.h:58->firmware/nnet_utils/nnet_dense_resource.h:262->firmware/nnet_utils/nnet_dense_stream.h:24->firmware/nnet_utils/nnet_dense_stream.h:97]   --->   Operation 1049 'partselect' 'trunc_ln58_616' <Predicate = true> <Delay = 0.00>
ST_6 : Operation 1050 [1/2] (3.34ns)   --->   "%mul_ln58_620 = mul i26 %sext_ln73_651, i26 %sext_ln73_586" [firmware/nnet_utils/nnet_dense_resource.h:58->firmware/nnet_utils/nnet_dense_resource.h:262->firmware/nnet_utils/nnet_dense_stream.h:24->firmware/nnet_utils/nnet_dense_stream.h:97]   --->   Operation 1050 'mul' 'mul_ln58_620' <Predicate = true> <Delay = 3.34> <CoreInst = "Multiplier">   --->   Core 3 'Multiplier' <Latency = 1> <II = 1> <Delay = 3.34> <FuncUnit> <Opcode : 'mul'> <InPorts = 2> <OutPorts = 1>
ST_6 : Operation 1051 [1/1] (0.00ns)   --->   "%trunc_ln58_617 = partselect i16 @_ssdm_op_PartSelect.i16.i26.i32.i32, i26 %mul_ln58_620, i32 10, i32 25" [firmware/nnet_utils/nnet_dense_resource.h:58->firmware/nnet_utils/nnet_dense_resource.h:262->firmware/nnet_utils/nnet_dense_stream.h:24->firmware/nnet_utils/nnet_dense_stream.h:97]   --->   Operation 1051 'partselect' 'trunc_ln58_617' <Predicate = true> <Delay = 0.00>
ST_6 : Operation 1052 [1/2] (3.34ns)   --->   "%mul_ln58_621 = mul i26 %sext_ln73_652, i26 %sext_ln73_588" [firmware/nnet_utils/nnet_dense_resource.h:58->firmware/nnet_utils/nnet_dense_resource.h:262->firmware/nnet_utils/nnet_dense_stream.h:24->firmware/nnet_utils/nnet_dense_stream.h:97]   --->   Operation 1052 'mul' 'mul_ln58_621' <Predicate = true> <Delay = 3.34> <CoreInst = "Multiplier">   --->   Core 3 'Multiplier' <Latency = 1> <II = 1> <Delay = 3.34> <FuncUnit> <Opcode : 'mul'> <InPorts = 2> <OutPorts = 1>
ST_6 : Operation 1053 [1/1] (0.00ns)   --->   "%trunc_ln58_618 = partselect i16 @_ssdm_op_PartSelect.i16.i26.i32.i32, i26 %mul_ln58_621, i32 10, i32 25" [firmware/nnet_utils/nnet_dense_resource.h:58->firmware/nnet_utils/nnet_dense_resource.h:262->firmware/nnet_utils/nnet_dense_stream.h:24->firmware/nnet_utils/nnet_dense_stream.h:97]   --->   Operation 1053 'partselect' 'trunc_ln58_618' <Predicate = true> <Delay = 0.00>
ST_6 : Operation 1054 [1/2] (3.34ns)   --->   "%mul_ln58_622 = mul i26 %sext_ln73_653, i26 %sext_ln73_574" [firmware/nnet_utils/nnet_dense_resource.h:58->firmware/nnet_utils/nnet_dense_resource.h:262->firmware/nnet_utils/nnet_dense_stream.h:24->firmware/nnet_utils/nnet_dense_stream.h:97]   --->   Operation 1054 'mul' 'mul_ln58_622' <Predicate = true> <Delay = 3.34> <CoreInst = "Multiplier">   --->   Core 3 'Multiplier' <Latency = 1> <II = 1> <Delay = 3.34> <FuncUnit> <Opcode : 'mul'> <InPorts = 2> <OutPorts = 1>
ST_6 : Operation 1055 [1/1] (0.00ns)   --->   "%trunc_ln58_619 = partselect i16 @_ssdm_op_PartSelect.i16.i26.i32.i32, i26 %mul_ln58_622, i32 10, i32 25" [firmware/nnet_utils/nnet_dense_resource.h:58->firmware/nnet_utils/nnet_dense_resource.h:262->firmware/nnet_utils/nnet_dense_stream.h:24->firmware/nnet_utils/nnet_dense_stream.h:97]   --->   Operation 1055 'partselect' 'trunc_ln58_619' <Predicate = true> <Delay = 0.00>
ST_6 : Operation 1056 [1/2] (3.34ns)   --->   "%mul_ln58_623 = mul i26 %sext_ln73_654, i26 %sext_ln73_576" [firmware/nnet_utils/nnet_dense_resource.h:58->firmware/nnet_utils/nnet_dense_resource.h:262->firmware/nnet_utils/nnet_dense_stream.h:24->firmware/nnet_utils/nnet_dense_stream.h:97]   --->   Operation 1056 'mul' 'mul_ln58_623' <Predicate = true> <Delay = 3.34> <CoreInst = "Multiplier">   --->   Core 3 'Multiplier' <Latency = 1> <II = 1> <Delay = 3.34> <FuncUnit> <Opcode : 'mul'> <InPorts = 2> <OutPorts = 1>
ST_6 : Operation 1057 [1/1] (0.00ns)   --->   "%trunc_ln58_620 = partselect i16 @_ssdm_op_PartSelect.i16.i26.i32.i32, i26 %mul_ln58_623, i32 10, i32 25" [firmware/nnet_utils/nnet_dense_resource.h:58->firmware/nnet_utils/nnet_dense_resource.h:262->firmware/nnet_utils/nnet_dense_stream.h:24->firmware/nnet_utils/nnet_dense_stream.h:97]   --->   Operation 1057 'partselect' 'trunc_ln58_620' <Predicate = true> <Delay = 0.00>
ST_6 : Operation 1058 [1/2] (3.34ns)   --->   "%mul_ln58_624 = mul i26 %sext_ln73_655, i26 %sext_ln73_578" [firmware/nnet_utils/nnet_dense_resource.h:58->firmware/nnet_utils/nnet_dense_resource.h:262->firmware/nnet_utils/nnet_dense_stream.h:24->firmware/nnet_utils/nnet_dense_stream.h:97]   --->   Operation 1058 'mul' 'mul_ln58_624' <Predicate = true> <Delay = 3.34> <CoreInst = "Multiplier">   --->   Core 3 'Multiplier' <Latency = 1> <II = 1> <Delay = 3.34> <FuncUnit> <Opcode : 'mul'> <InPorts = 2> <OutPorts = 1>
ST_6 : Operation 1059 [1/1] (0.00ns)   --->   "%trunc_ln58_621 = partselect i16 @_ssdm_op_PartSelect.i16.i26.i32.i32, i26 %mul_ln58_624, i32 10, i32 25" [firmware/nnet_utils/nnet_dense_resource.h:58->firmware/nnet_utils/nnet_dense_resource.h:262->firmware/nnet_utils/nnet_dense_stream.h:24->firmware/nnet_utils/nnet_dense_stream.h:97]   --->   Operation 1059 'partselect' 'trunc_ln58_621' <Predicate = true> <Delay = 0.00>
ST_6 : Operation 1060 [1/2] (3.34ns)   --->   "%mul_ln58_625 = mul i26 %sext_ln73_656, i26 %sext_ln73_580" [firmware/nnet_utils/nnet_dense_resource.h:58->firmware/nnet_utils/nnet_dense_resource.h:262->firmware/nnet_utils/nnet_dense_stream.h:24->firmware/nnet_utils/nnet_dense_stream.h:97]   --->   Operation 1060 'mul' 'mul_ln58_625' <Predicate = true> <Delay = 3.34> <CoreInst = "Multiplier">   --->   Core 3 'Multiplier' <Latency = 1> <II = 1> <Delay = 3.34> <FuncUnit> <Opcode : 'mul'> <InPorts = 2> <OutPorts = 1>
ST_6 : Operation 1061 [1/1] (0.00ns)   --->   "%trunc_ln58_622 = partselect i16 @_ssdm_op_PartSelect.i16.i26.i32.i32, i26 %mul_ln58_625, i32 10, i32 25" [firmware/nnet_utils/nnet_dense_resource.h:58->firmware/nnet_utils/nnet_dense_resource.h:262->firmware/nnet_utils/nnet_dense_stream.h:24->firmware/nnet_utils/nnet_dense_stream.h:97]   --->   Operation 1061 'partselect' 'trunc_ln58_622' <Predicate = true> <Delay = 0.00>
ST_6 : Operation 1062 [1/2] (3.34ns)   --->   "%mul_ln58_626 = mul i26 %sext_ln73_657, i26 %sext_ln73_582" [firmware/nnet_utils/nnet_dense_resource.h:58->firmware/nnet_utils/nnet_dense_resource.h:262->firmware/nnet_utils/nnet_dense_stream.h:24->firmware/nnet_utils/nnet_dense_stream.h:97]   --->   Operation 1062 'mul' 'mul_ln58_626' <Predicate = true> <Delay = 3.34> <CoreInst = "Multiplier">   --->   Core 3 'Multiplier' <Latency = 1> <II = 1> <Delay = 3.34> <FuncUnit> <Opcode : 'mul'> <InPorts = 2> <OutPorts = 1>
ST_6 : Operation 1063 [1/1] (0.00ns)   --->   "%trunc_ln58_623 = partselect i16 @_ssdm_op_PartSelect.i16.i26.i32.i32, i26 %mul_ln58_626, i32 10, i32 25" [firmware/nnet_utils/nnet_dense_resource.h:58->firmware/nnet_utils/nnet_dense_resource.h:262->firmware/nnet_utils/nnet_dense_stream.h:24->firmware/nnet_utils/nnet_dense_stream.h:97]   --->   Operation 1063 'partselect' 'trunc_ln58_623' <Predicate = true> <Delay = 0.00>
ST_6 : Operation 1064 [1/2] (3.34ns)   --->   "%mul_ln58_627 = mul i26 %sext_ln73_658, i26 %sext_ln73_584" [firmware/nnet_utils/nnet_dense_resource.h:58->firmware/nnet_utils/nnet_dense_resource.h:262->firmware/nnet_utils/nnet_dense_stream.h:24->firmware/nnet_utils/nnet_dense_stream.h:97]   --->   Operation 1064 'mul' 'mul_ln58_627' <Predicate = true> <Delay = 3.34> <CoreInst = "Multiplier">   --->   Core 3 'Multiplier' <Latency = 1> <II = 1> <Delay = 3.34> <FuncUnit> <Opcode : 'mul'> <InPorts = 2> <OutPorts = 1>
ST_6 : Operation 1065 [1/1] (0.00ns)   --->   "%trunc_ln58_624 = partselect i16 @_ssdm_op_PartSelect.i16.i26.i32.i32, i26 %mul_ln58_627, i32 10, i32 25" [firmware/nnet_utils/nnet_dense_resource.h:58->firmware/nnet_utils/nnet_dense_resource.h:262->firmware/nnet_utils/nnet_dense_stream.h:24->firmware/nnet_utils/nnet_dense_stream.h:97]   --->   Operation 1065 'partselect' 'trunc_ln58_624' <Predicate = true> <Delay = 0.00>
ST_6 : Operation 1066 [1/2] (3.34ns)   --->   "%mul_ln58_628 = mul i26 %sext_ln73_659, i26 %sext_ln73_586" [firmware/nnet_utils/nnet_dense_resource.h:58->firmware/nnet_utils/nnet_dense_resource.h:262->firmware/nnet_utils/nnet_dense_stream.h:24->firmware/nnet_utils/nnet_dense_stream.h:97]   --->   Operation 1066 'mul' 'mul_ln58_628' <Predicate = true> <Delay = 3.34> <CoreInst = "Multiplier">   --->   Core 3 'Multiplier' <Latency = 1> <II = 1> <Delay = 3.34> <FuncUnit> <Opcode : 'mul'> <InPorts = 2> <OutPorts = 1>
ST_6 : Operation 1067 [1/1] (0.00ns)   --->   "%trunc_ln58_625 = partselect i16 @_ssdm_op_PartSelect.i16.i26.i32.i32, i26 %mul_ln58_628, i32 10, i32 25" [firmware/nnet_utils/nnet_dense_resource.h:58->firmware/nnet_utils/nnet_dense_resource.h:262->firmware/nnet_utils/nnet_dense_stream.h:24->firmware/nnet_utils/nnet_dense_stream.h:97]   --->   Operation 1067 'partselect' 'trunc_ln58_625' <Predicate = true> <Delay = 0.00>
ST_6 : Operation 1068 [1/2] (3.34ns)   --->   "%mul_ln58_629 = mul i26 %sext_ln73_660, i26 %sext_ln73_588" [firmware/nnet_utils/nnet_dense_resource.h:58->firmware/nnet_utils/nnet_dense_resource.h:262->firmware/nnet_utils/nnet_dense_stream.h:24->firmware/nnet_utils/nnet_dense_stream.h:97]   --->   Operation 1068 'mul' 'mul_ln58_629' <Predicate = true> <Delay = 3.34> <CoreInst = "Multiplier">   --->   Core 3 'Multiplier' <Latency = 1> <II = 1> <Delay = 3.34> <FuncUnit> <Opcode : 'mul'> <InPorts = 2> <OutPorts = 1>
ST_6 : Operation 1069 [1/1] (0.00ns)   --->   "%trunc_ln58_626 = partselect i16 @_ssdm_op_PartSelect.i16.i26.i32.i32, i26 %mul_ln58_629, i32 10, i32 25" [firmware/nnet_utils/nnet_dense_resource.h:58->firmware/nnet_utils/nnet_dense_resource.h:262->firmware/nnet_utils/nnet_dense_stream.h:24->firmware/nnet_utils/nnet_dense_stream.h:97]   --->   Operation 1069 'partselect' 'trunc_ln58_626' <Predicate = true> <Delay = 0.00>
ST_6 : Operation 1070 [1/2] (3.34ns)   --->   "%mul_ln58_630 = mul i26 %sext_ln73_661, i26 %sext_ln73_574" [firmware/nnet_utils/nnet_dense_resource.h:58->firmware/nnet_utils/nnet_dense_resource.h:262->firmware/nnet_utils/nnet_dense_stream.h:24->firmware/nnet_utils/nnet_dense_stream.h:97]   --->   Operation 1070 'mul' 'mul_ln58_630' <Predicate = true> <Delay = 3.34> <CoreInst = "Multiplier">   --->   Core 3 'Multiplier' <Latency = 1> <II = 1> <Delay = 3.34> <FuncUnit> <Opcode : 'mul'> <InPorts = 2> <OutPorts = 1>
ST_6 : Operation 1071 [1/1] (0.00ns)   --->   "%trunc_ln58_627 = partselect i16 @_ssdm_op_PartSelect.i16.i26.i32.i32, i26 %mul_ln58_630, i32 10, i32 25" [firmware/nnet_utils/nnet_dense_resource.h:58->firmware/nnet_utils/nnet_dense_resource.h:262->firmware/nnet_utils/nnet_dense_stream.h:24->firmware/nnet_utils/nnet_dense_stream.h:97]   --->   Operation 1071 'partselect' 'trunc_ln58_627' <Predicate = true> <Delay = 0.00>
ST_6 : Operation 1072 [1/2] (3.34ns)   --->   "%mul_ln58_631 = mul i26 %sext_ln73_662, i26 %sext_ln73_576" [firmware/nnet_utils/nnet_dense_resource.h:58->firmware/nnet_utils/nnet_dense_resource.h:262->firmware/nnet_utils/nnet_dense_stream.h:24->firmware/nnet_utils/nnet_dense_stream.h:97]   --->   Operation 1072 'mul' 'mul_ln58_631' <Predicate = true> <Delay = 3.34> <CoreInst = "Multiplier">   --->   Core 3 'Multiplier' <Latency = 1> <II = 1> <Delay = 3.34> <FuncUnit> <Opcode : 'mul'> <InPorts = 2> <OutPorts = 1>
ST_6 : Operation 1073 [1/1] (0.00ns)   --->   "%trunc_ln58_628 = partselect i16 @_ssdm_op_PartSelect.i16.i26.i32.i32, i26 %mul_ln58_631, i32 10, i32 25" [firmware/nnet_utils/nnet_dense_resource.h:58->firmware/nnet_utils/nnet_dense_resource.h:262->firmware/nnet_utils/nnet_dense_stream.h:24->firmware/nnet_utils/nnet_dense_stream.h:97]   --->   Operation 1073 'partselect' 'trunc_ln58_628' <Predicate = true> <Delay = 0.00>
ST_6 : Operation 1074 [1/2] (3.34ns)   --->   "%mul_ln58_632 = mul i26 %sext_ln73_663, i26 %sext_ln73_578" [firmware/nnet_utils/nnet_dense_resource.h:58->firmware/nnet_utils/nnet_dense_resource.h:262->firmware/nnet_utils/nnet_dense_stream.h:24->firmware/nnet_utils/nnet_dense_stream.h:97]   --->   Operation 1074 'mul' 'mul_ln58_632' <Predicate = true> <Delay = 3.34> <CoreInst = "Multiplier">   --->   Core 3 'Multiplier' <Latency = 1> <II = 1> <Delay = 3.34> <FuncUnit> <Opcode : 'mul'> <InPorts = 2> <OutPorts = 1>
ST_6 : Operation 1075 [1/1] (0.00ns)   --->   "%trunc_ln58_629 = partselect i16 @_ssdm_op_PartSelect.i16.i26.i32.i32, i26 %mul_ln58_632, i32 10, i32 25" [firmware/nnet_utils/nnet_dense_resource.h:58->firmware/nnet_utils/nnet_dense_resource.h:262->firmware/nnet_utils/nnet_dense_stream.h:24->firmware/nnet_utils/nnet_dense_stream.h:97]   --->   Operation 1075 'partselect' 'trunc_ln58_629' <Predicate = true> <Delay = 0.00>
ST_6 : Operation 1076 [1/2] (3.34ns)   --->   "%mul_ln58_633 = mul i26 %sext_ln73_664, i26 %sext_ln73_580" [firmware/nnet_utils/nnet_dense_resource.h:58->firmware/nnet_utils/nnet_dense_resource.h:262->firmware/nnet_utils/nnet_dense_stream.h:24->firmware/nnet_utils/nnet_dense_stream.h:97]   --->   Operation 1076 'mul' 'mul_ln58_633' <Predicate = true> <Delay = 3.34> <CoreInst = "Multiplier">   --->   Core 3 'Multiplier' <Latency = 1> <II = 1> <Delay = 3.34> <FuncUnit> <Opcode : 'mul'> <InPorts = 2> <OutPorts = 1>
ST_6 : Operation 1077 [1/1] (0.00ns)   --->   "%trunc_ln58_630 = partselect i16 @_ssdm_op_PartSelect.i16.i26.i32.i32, i26 %mul_ln58_633, i32 10, i32 25" [firmware/nnet_utils/nnet_dense_resource.h:58->firmware/nnet_utils/nnet_dense_resource.h:262->firmware/nnet_utils/nnet_dense_stream.h:24->firmware/nnet_utils/nnet_dense_stream.h:97]   --->   Operation 1077 'partselect' 'trunc_ln58_630' <Predicate = true> <Delay = 0.00>
ST_6 : Operation 1078 [1/2] (3.34ns)   --->   "%mul_ln58_634 = mul i26 %sext_ln73_665, i26 %sext_ln73_582" [firmware/nnet_utils/nnet_dense_resource.h:58->firmware/nnet_utils/nnet_dense_resource.h:262->firmware/nnet_utils/nnet_dense_stream.h:24->firmware/nnet_utils/nnet_dense_stream.h:97]   --->   Operation 1078 'mul' 'mul_ln58_634' <Predicate = true> <Delay = 3.34> <CoreInst = "Multiplier">   --->   Core 3 'Multiplier' <Latency = 1> <II = 1> <Delay = 3.34> <FuncUnit> <Opcode : 'mul'> <InPorts = 2> <OutPorts = 1>
ST_6 : Operation 1079 [1/1] (0.00ns)   --->   "%trunc_ln58_631 = partselect i16 @_ssdm_op_PartSelect.i16.i26.i32.i32, i26 %mul_ln58_634, i32 10, i32 25" [firmware/nnet_utils/nnet_dense_resource.h:58->firmware/nnet_utils/nnet_dense_resource.h:262->firmware/nnet_utils/nnet_dense_stream.h:24->firmware/nnet_utils/nnet_dense_stream.h:97]   --->   Operation 1079 'partselect' 'trunc_ln58_631' <Predicate = true> <Delay = 0.00>
ST_6 : Operation 1080 [1/2] (3.34ns)   --->   "%mul_ln58_635 = mul i26 %sext_ln73_666, i26 %sext_ln73_584" [firmware/nnet_utils/nnet_dense_resource.h:58->firmware/nnet_utils/nnet_dense_resource.h:262->firmware/nnet_utils/nnet_dense_stream.h:24->firmware/nnet_utils/nnet_dense_stream.h:97]   --->   Operation 1080 'mul' 'mul_ln58_635' <Predicate = true> <Delay = 3.34> <CoreInst = "Multiplier">   --->   Core 3 'Multiplier' <Latency = 1> <II = 1> <Delay = 3.34> <FuncUnit> <Opcode : 'mul'> <InPorts = 2> <OutPorts = 1>
ST_6 : Operation 1081 [1/1] (0.00ns)   --->   "%trunc_ln58_632 = partselect i16 @_ssdm_op_PartSelect.i16.i26.i32.i32, i26 %mul_ln58_635, i32 10, i32 25" [firmware/nnet_utils/nnet_dense_resource.h:58->firmware/nnet_utils/nnet_dense_resource.h:262->firmware/nnet_utils/nnet_dense_stream.h:24->firmware/nnet_utils/nnet_dense_stream.h:97]   --->   Operation 1081 'partselect' 'trunc_ln58_632' <Predicate = true> <Delay = 0.00>
ST_6 : Operation 1082 [1/2] (3.34ns)   --->   "%mul_ln58_636 = mul i26 %sext_ln73_667, i26 %sext_ln73_586" [firmware/nnet_utils/nnet_dense_resource.h:58->firmware/nnet_utils/nnet_dense_resource.h:262->firmware/nnet_utils/nnet_dense_stream.h:24->firmware/nnet_utils/nnet_dense_stream.h:97]   --->   Operation 1082 'mul' 'mul_ln58_636' <Predicate = true> <Delay = 3.34> <CoreInst = "Multiplier">   --->   Core 3 'Multiplier' <Latency = 1> <II = 1> <Delay = 3.34> <FuncUnit> <Opcode : 'mul'> <InPorts = 2> <OutPorts = 1>
ST_6 : Operation 1083 [1/1] (0.00ns)   --->   "%trunc_ln58_633 = partselect i16 @_ssdm_op_PartSelect.i16.i26.i32.i32, i26 %mul_ln58_636, i32 10, i32 25" [firmware/nnet_utils/nnet_dense_resource.h:58->firmware/nnet_utils/nnet_dense_resource.h:262->firmware/nnet_utils/nnet_dense_stream.h:24->firmware/nnet_utils/nnet_dense_stream.h:97]   --->   Operation 1083 'partselect' 'trunc_ln58_633' <Predicate = true> <Delay = 0.00>
ST_6 : Operation 1084 [1/2] (3.34ns)   --->   "%mul_ln58_637 = mul i26 %sext_ln73_668, i26 %sext_ln73_588" [firmware/nnet_utils/nnet_dense_resource.h:58->firmware/nnet_utils/nnet_dense_resource.h:262->firmware/nnet_utils/nnet_dense_stream.h:24->firmware/nnet_utils/nnet_dense_stream.h:97]   --->   Operation 1084 'mul' 'mul_ln58_637' <Predicate = true> <Delay = 3.34> <CoreInst = "Multiplier">   --->   Core 3 'Multiplier' <Latency = 1> <II = 1> <Delay = 3.34> <FuncUnit> <Opcode : 'mul'> <InPorts = 2> <OutPorts = 1>
ST_6 : Operation 1085 [1/1] (0.00ns)   --->   "%trunc_ln58_634 = partselect i16 @_ssdm_op_PartSelect.i16.i26.i32.i32, i26 %mul_ln58_637, i32 10, i32 25" [firmware/nnet_utils/nnet_dense_resource.h:58->firmware/nnet_utils/nnet_dense_resource.h:262->firmware/nnet_utils/nnet_dense_stream.h:24->firmware/nnet_utils/nnet_dense_stream.h:97]   --->   Operation 1085 'partselect' 'trunc_ln58_634' <Predicate = true> <Delay = 0.00>
ST_6 : Operation 1086 [1/2] (3.34ns)   --->   "%mul_ln58_638 = mul i26 %sext_ln73_669, i26 %sext_ln73_574" [firmware/nnet_utils/nnet_dense_resource.h:58->firmware/nnet_utils/nnet_dense_resource.h:262->firmware/nnet_utils/nnet_dense_stream.h:24->firmware/nnet_utils/nnet_dense_stream.h:97]   --->   Operation 1086 'mul' 'mul_ln58_638' <Predicate = true> <Delay = 3.34> <CoreInst = "Multiplier">   --->   Core 3 'Multiplier' <Latency = 1> <II = 1> <Delay = 3.34> <FuncUnit> <Opcode : 'mul'> <InPorts = 2> <OutPorts = 1>
ST_6 : Operation 1087 [1/1] (0.00ns)   --->   "%trunc_ln58_635 = partselect i16 @_ssdm_op_PartSelect.i16.i26.i32.i32, i26 %mul_ln58_638, i32 10, i32 25" [firmware/nnet_utils/nnet_dense_resource.h:58->firmware/nnet_utils/nnet_dense_resource.h:262->firmware/nnet_utils/nnet_dense_stream.h:24->firmware/nnet_utils/nnet_dense_stream.h:97]   --->   Operation 1087 'partselect' 'trunc_ln58_635' <Predicate = true> <Delay = 0.00>
ST_6 : Operation 1088 [1/2] (3.34ns)   --->   "%mul_ln58_639 = mul i26 %sext_ln73_670, i26 %sext_ln73_576" [firmware/nnet_utils/nnet_dense_resource.h:58->firmware/nnet_utils/nnet_dense_resource.h:262->firmware/nnet_utils/nnet_dense_stream.h:24->firmware/nnet_utils/nnet_dense_stream.h:97]   --->   Operation 1088 'mul' 'mul_ln58_639' <Predicate = true> <Delay = 3.34> <CoreInst = "Multiplier">   --->   Core 3 'Multiplier' <Latency = 1> <II = 1> <Delay = 3.34> <FuncUnit> <Opcode : 'mul'> <InPorts = 2> <OutPorts = 1>
ST_6 : Operation 1089 [1/1] (0.00ns)   --->   "%trunc_ln58_636 = partselect i16 @_ssdm_op_PartSelect.i16.i26.i32.i32, i26 %mul_ln58_639, i32 10, i32 25" [firmware/nnet_utils/nnet_dense_resource.h:58->firmware/nnet_utils/nnet_dense_resource.h:262->firmware/nnet_utils/nnet_dense_stream.h:24->firmware/nnet_utils/nnet_dense_stream.h:97]   --->   Operation 1089 'partselect' 'trunc_ln58_636' <Predicate = true> <Delay = 0.00>
ST_6 : Operation 1090 [1/2] (3.34ns)   --->   "%mul_ln58_640 = mul i26 %sext_ln73_671, i26 %sext_ln73_578" [firmware/nnet_utils/nnet_dense_resource.h:58->firmware/nnet_utils/nnet_dense_resource.h:262->firmware/nnet_utils/nnet_dense_stream.h:24->firmware/nnet_utils/nnet_dense_stream.h:97]   --->   Operation 1090 'mul' 'mul_ln58_640' <Predicate = true> <Delay = 3.34> <CoreInst = "Multiplier">   --->   Core 3 'Multiplier' <Latency = 1> <II = 1> <Delay = 3.34> <FuncUnit> <Opcode : 'mul'> <InPorts = 2> <OutPorts = 1>
ST_6 : Operation 1091 [1/1] (0.00ns)   --->   "%trunc_ln58_637 = partselect i16 @_ssdm_op_PartSelect.i16.i26.i32.i32, i26 %mul_ln58_640, i32 10, i32 25" [firmware/nnet_utils/nnet_dense_resource.h:58->firmware/nnet_utils/nnet_dense_resource.h:262->firmware/nnet_utils/nnet_dense_stream.h:24->firmware/nnet_utils/nnet_dense_stream.h:97]   --->   Operation 1091 'partselect' 'trunc_ln58_637' <Predicate = true> <Delay = 0.00>
ST_6 : Operation 1092 [1/2] (3.34ns)   --->   "%mul_ln58_641 = mul i26 %sext_ln73_672, i26 %sext_ln73_580" [firmware/nnet_utils/nnet_dense_resource.h:58->firmware/nnet_utils/nnet_dense_resource.h:262->firmware/nnet_utils/nnet_dense_stream.h:24->firmware/nnet_utils/nnet_dense_stream.h:97]   --->   Operation 1092 'mul' 'mul_ln58_641' <Predicate = true> <Delay = 3.34> <CoreInst = "Multiplier">   --->   Core 3 'Multiplier' <Latency = 1> <II = 1> <Delay = 3.34> <FuncUnit> <Opcode : 'mul'> <InPorts = 2> <OutPorts = 1>
ST_6 : Operation 1093 [1/1] (0.00ns)   --->   "%trunc_ln58_638 = partselect i16 @_ssdm_op_PartSelect.i16.i26.i32.i32, i26 %mul_ln58_641, i32 10, i32 25" [firmware/nnet_utils/nnet_dense_resource.h:58->firmware/nnet_utils/nnet_dense_resource.h:262->firmware/nnet_utils/nnet_dense_stream.h:24->firmware/nnet_utils/nnet_dense_stream.h:97]   --->   Operation 1093 'partselect' 'trunc_ln58_638' <Predicate = true> <Delay = 0.00>
ST_6 : Operation 1094 [1/2] (3.34ns)   --->   "%mul_ln58_642 = mul i26 %sext_ln73_673, i26 %sext_ln73_582" [firmware/nnet_utils/nnet_dense_resource.h:58->firmware/nnet_utils/nnet_dense_resource.h:262->firmware/nnet_utils/nnet_dense_stream.h:24->firmware/nnet_utils/nnet_dense_stream.h:97]   --->   Operation 1094 'mul' 'mul_ln58_642' <Predicate = true> <Delay = 3.34> <CoreInst = "Multiplier">   --->   Core 3 'Multiplier' <Latency = 1> <II = 1> <Delay = 3.34> <FuncUnit> <Opcode : 'mul'> <InPorts = 2> <OutPorts = 1>
ST_6 : Operation 1095 [1/1] (0.00ns)   --->   "%trunc_ln58_639 = partselect i16 @_ssdm_op_PartSelect.i16.i26.i32.i32, i26 %mul_ln58_642, i32 10, i32 25" [firmware/nnet_utils/nnet_dense_resource.h:58->firmware/nnet_utils/nnet_dense_resource.h:262->firmware/nnet_utils/nnet_dense_stream.h:24->firmware/nnet_utils/nnet_dense_stream.h:97]   --->   Operation 1095 'partselect' 'trunc_ln58_639' <Predicate = true> <Delay = 0.00>
ST_6 : Operation 1096 [1/2] (3.34ns)   --->   "%mul_ln58_643 = mul i26 %sext_ln73_674, i26 %sext_ln73_584" [firmware/nnet_utils/nnet_dense_resource.h:58->firmware/nnet_utils/nnet_dense_resource.h:262->firmware/nnet_utils/nnet_dense_stream.h:24->firmware/nnet_utils/nnet_dense_stream.h:97]   --->   Operation 1096 'mul' 'mul_ln58_643' <Predicate = true> <Delay = 3.34> <CoreInst = "Multiplier">   --->   Core 3 'Multiplier' <Latency = 1> <II = 1> <Delay = 3.34> <FuncUnit> <Opcode : 'mul'> <InPorts = 2> <OutPorts = 1>
ST_6 : Operation 1097 [1/1] (0.00ns)   --->   "%trunc_ln58_640 = partselect i16 @_ssdm_op_PartSelect.i16.i26.i32.i32, i26 %mul_ln58_643, i32 10, i32 25" [firmware/nnet_utils/nnet_dense_resource.h:58->firmware/nnet_utils/nnet_dense_resource.h:262->firmware/nnet_utils/nnet_dense_stream.h:24->firmware/nnet_utils/nnet_dense_stream.h:97]   --->   Operation 1097 'partselect' 'trunc_ln58_640' <Predicate = true> <Delay = 0.00>
ST_6 : Operation 1098 [1/2] (3.34ns)   --->   "%mul_ln58_644 = mul i26 %sext_ln73_675, i26 %sext_ln73_586" [firmware/nnet_utils/nnet_dense_resource.h:58->firmware/nnet_utils/nnet_dense_resource.h:262->firmware/nnet_utils/nnet_dense_stream.h:24->firmware/nnet_utils/nnet_dense_stream.h:97]   --->   Operation 1098 'mul' 'mul_ln58_644' <Predicate = true> <Delay = 3.34> <CoreInst = "Multiplier">   --->   Core 3 'Multiplier' <Latency = 1> <II = 1> <Delay = 3.34> <FuncUnit> <Opcode : 'mul'> <InPorts = 2> <OutPorts = 1>
ST_6 : Operation 1099 [1/1] (0.00ns)   --->   "%trunc_ln58_641 = partselect i16 @_ssdm_op_PartSelect.i16.i26.i32.i32, i26 %mul_ln58_644, i32 10, i32 25" [firmware/nnet_utils/nnet_dense_resource.h:58->firmware/nnet_utils/nnet_dense_resource.h:262->firmware/nnet_utils/nnet_dense_stream.h:24->firmware/nnet_utils/nnet_dense_stream.h:97]   --->   Operation 1099 'partselect' 'trunc_ln58_641' <Predicate = true> <Delay = 0.00>
ST_6 : Operation 1100 [1/2] (3.34ns)   --->   "%mul_ln58_645 = mul i26 %sext_ln73_676, i26 %sext_ln73_588" [firmware/nnet_utils/nnet_dense_resource.h:58->firmware/nnet_utils/nnet_dense_resource.h:262->firmware/nnet_utils/nnet_dense_stream.h:24->firmware/nnet_utils/nnet_dense_stream.h:97]   --->   Operation 1100 'mul' 'mul_ln58_645' <Predicate = true> <Delay = 3.34> <CoreInst = "Multiplier">   --->   Core 3 'Multiplier' <Latency = 1> <II = 1> <Delay = 3.34> <FuncUnit> <Opcode : 'mul'> <InPorts = 2> <OutPorts = 1>
ST_6 : Operation 1101 [1/1] (0.00ns)   --->   "%trunc_ln58_642 = partselect i16 @_ssdm_op_PartSelect.i16.i26.i32.i32, i26 %mul_ln58_645, i32 10, i32 25" [firmware/nnet_utils/nnet_dense_resource.h:58->firmware/nnet_utils/nnet_dense_resource.h:262->firmware/nnet_utils/nnet_dense_stream.h:24->firmware/nnet_utils/nnet_dense_stream.h:97]   --->   Operation 1101 'partselect' 'trunc_ln58_642' <Predicate = true> <Delay = 0.00>
ST_6 : Operation 1102 [1/2] (3.34ns)   --->   "%mul_ln58_646 = mul i26 %sext_ln73_677, i26 %sext_ln73_574" [firmware/nnet_utils/nnet_dense_resource.h:58->firmware/nnet_utils/nnet_dense_resource.h:262->firmware/nnet_utils/nnet_dense_stream.h:24->firmware/nnet_utils/nnet_dense_stream.h:97]   --->   Operation 1102 'mul' 'mul_ln58_646' <Predicate = true> <Delay = 3.34> <CoreInst = "Multiplier">   --->   Core 3 'Multiplier' <Latency = 1> <II = 1> <Delay = 3.34> <FuncUnit> <Opcode : 'mul'> <InPorts = 2> <OutPorts = 1>
ST_6 : Operation 1103 [1/1] (0.00ns)   --->   "%trunc_ln58_643 = partselect i16 @_ssdm_op_PartSelect.i16.i26.i32.i32, i26 %mul_ln58_646, i32 10, i32 25" [firmware/nnet_utils/nnet_dense_resource.h:58->firmware/nnet_utils/nnet_dense_resource.h:262->firmware/nnet_utils/nnet_dense_stream.h:24->firmware/nnet_utils/nnet_dense_stream.h:97]   --->   Operation 1103 'partselect' 'trunc_ln58_643' <Predicate = true> <Delay = 0.00>
ST_6 : Operation 1104 [1/2] (3.34ns)   --->   "%mul_ln58_647 = mul i26 %sext_ln73_678, i26 %sext_ln73_576" [firmware/nnet_utils/nnet_dense_resource.h:58->firmware/nnet_utils/nnet_dense_resource.h:262->firmware/nnet_utils/nnet_dense_stream.h:24->firmware/nnet_utils/nnet_dense_stream.h:97]   --->   Operation 1104 'mul' 'mul_ln58_647' <Predicate = true> <Delay = 3.34> <CoreInst = "Multiplier">   --->   Core 3 'Multiplier' <Latency = 1> <II = 1> <Delay = 3.34> <FuncUnit> <Opcode : 'mul'> <InPorts = 2> <OutPorts = 1>
ST_6 : Operation 1105 [1/1] (0.00ns)   --->   "%trunc_ln58_644 = partselect i16 @_ssdm_op_PartSelect.i16.i26.i32.i32, i26 %mul_ln58_647, i32 10, i32 25" [firmware/nnet_utils/nnet_dense_resource.h:58->firmware/nnet_utils/nnet_dense_resource.h:262->firmware/nnet_utils/nnet_dense_stream.h:24->firmware/nnet_utils/nnet_dense_stream.h:97]   --->   Operation 1105 'partselect' 'trunc_ln58_644' <Predicate = true> <Delay = 0.00>
ST_6 : Operation 1106 [1/2] (3.34ns)   --->   "%mul_ln58_648 = mul i26 %sext_ln73_679, i26 %sext_ln73_578" [firmware/nnet_utils/nnet_dense_resource.h:58->firmware/nnet_utils/nnet_dense_resource.h:262->firmware/nnet_utils/nnet_dense_stream.h:24->firmware/nnet_utils/nnet_dense_stream.h:97]   --->   Operation 1106 'mul' 'mul_ln58_648' <Predicate = true> <Delay = 3.34> <CoreInst = "Multiplier">   --->   Core 3 'Multiplier' <Latency = 1> <II = 1> <Delay = 3.34> <FuncUnit> <Opcode : 'mul'> <InPorts = 2> <OutPorts = 1>
ST_6 : Operation 1107 [1/1] (0.00ns)   --->   "%trunc_ln58_645 = partselect i16 @_ssdm_op_PartSelect.i16.i26.i32.i32, i26 %mul_ln58_648, i32 10, i32 25" [firmware/nnet_utils/nnet_dense_resource.h:58->firmware/nnet_utils/nnet_dense_resource.h:262->firmware/nnet_utils/nnet_dense_stream.h:24->firmware/nnet_utils/nnet_dense_stream.h:97]   --->   Operation 1107 'partselect' 'trunc_ln58_645' <Predicate = true> <Delay = 0.00>
ST_6 : Operation 1108 [1/2] (3.34ns)   --->   "%mul_ln58_649 = mul i26 %sext_ln73_680, i26 %sext_ln73_580" [firmware/nnet_utils/nnet_dense_resource.h:58->firmware/nnet_utils/nnet_dense_resource.h:262->firmware/nnet_utils/nnet_dense_stream.h:24->firmware/nnet_utils/nnet_dense_stream.h:97]   --->   Operation 1108 'mul' 'mul_ln58_649' <Predicate = true> <Delay = 3.34> <CoreInst = "Multiplier">   --->   Core 3 'Multiplier' <Latency = 1> <II = 1> <Delay = 3.34> <FuncUnit> <Opcode : 'mul'> <InPorts = 2> <OutPorts = 1>
ST_6 : Operation 1109 [1/1] (0.00ns)   --->   "%trunc_ln58_646 = partselect i16 @_ssdm_op_PartSelect.i16.i26.i32.i32, i26 %mul_ln58_649, i32 10, i32 25" [firmware/nnet_utils/nnet_dense_resource.h:58->firmware/nnet_utils/nnet_dense_resource.h:262->firmware/nnet_utils/nnet_dense_stream.h:24->firmware/nnet_utils/nnet_dense_stream.h:97]   --->   Operation 1109 'partselect' 'trunc_ln58_646' <Predicate = true> <Delay = 0.00>
ST_6 : Operation 1110 [1/2] (3.34ns)   --->   "%mul_ln58_650 = mul i26 %sext_ln73_681, i26 %sext_ln73_582" [firmware/nnet_utils/nnet_dense_resource.h:58->firmware/nnet_utils/nnet_dense_resource.h:262->firmware/nnet_utils/nnet_dense_stream.h:24->firmware/nnet_utils/nnet_dense_stream.h:97]   --->   Operation 1110 'mul' 'mul_ln58_650' <Predicate = true> <Delay = 3.34> <CoreInst = "Multiplier">   --->   Core 3 'Multiplier' <Latency = 1> <II = 1> <Delay = 3.34> <FuncUnit> <Opcode : 'mul'> <InPorts = 2> <OutPorts = 1>
ST_6 : Operation 1111 [1/1] (0.00ns)   --->   "%trunc_ln58_647 = partselect i16 @_ssdm_op_PartSelect.i16.i26.i32.i32, i26 %mul_ln58_650, i32 10, i32 25" [firmware/nnet_utils/nnet_dense_resource.h:58->firmware/nnet_utils/nnet_dense_resource.h:262->firmware/nnet_utils/nnet_dense_stream.h:24->firmware/nnet_utils/nnet_dense_stream.h:97]   --->   Operation 1111 'partselect' 'trunc_ln58_647' <Predicate = true> <Delay = 0.00>
ST_6 : Operation 1112 [1/2] (3.34ns)   --->   "%mul_ln58_651 = mul i26 %sext_ln73_682, i26 %sext_ln73_584" [firmware/nnet_utils/nnet_dense_resource.h:58->firmware/nnet_utils/nnet_dense_resource.h:262->firmware/nnet_utils/nnet_dense_stream.h:24->firmware/nnet_utils/nnet_dense_stream.h:97]   --->   Operation 1112 'mul' 'mul_ln58_651' <Predicate = true> <Delay = 3.34> <CoreInst = "Multiplier">   --->   Core 3 'Multiplier' <Latency = 1> <II = 1> <Delay = 3.34> <FuncUnit> <Opcode : 'mul'> <InPorts = 2> <OutPorts = 1>
ST_6 : Operation 1113 [1/1] (0.00ns)   --->   "%trunc_ln58_648 = partselect i16 @_ssdm_op_PartSelect.i16.i26.i32.i32, i26 %mul_ln58_651, i32 10, i32 25" [firmware/nnet_utils/nnet_dense_resource.h:58->firmware/nnet_utils/nnet_dense_resource.h:262->firmware/nnet_utils/nnet_dense_stream.h:24->firmware/nnet_utils/nnet_dense_stream.h:97]   --->   Operation 1113 'partselect' 'trunc_ln58_648' <Predicate = true> <Delay = 0.00>
ST_6 : Operation 1114 [1/2] (3.34ns)   --->   "%mul_ln58_652 = mul i26 %sext_ln73_683, i26 %sext_ln73_586" [firmware/nnet_utils/nnet_dense_resource.h:58->firmware/nnet_utils/nnet_dense_resource.h:262->firmware/nnet_utils/nnet_dense_stream.h:24->firmware/nnet_utils/nnet_dense_stream.h:97]   --->   Operation 1114 'mul' 'mul_ln58_652' <Predicate = true> <Delay = 3.34> <CoreInst = "Multiplier">   --->   Core 3 'Multiplier' <Latency = 1> <II = 1> <Delay = 3.34> <FuncUnit> <Opcode : 'mul'> <InPorts = 2> <OutPorts = 1>
ST_6 : Operation 1115 [1/1] (0.00ns)   --->   "%trunc_ln58_649 = partselect i16 @_ssdm_op_PartSelect.i16.i26.i32.i32, i26 %mul_ln58_652, i32 10, i32 25" [firmware/nnet_utils/nnet_dense_resource.h:58->firmware/nnet_utils/nnet_dense_resource.h:262->firmware/nnet_utils/nnet_dense_stream.h:24->firmware/nnet_utils/nnet_dense_stream.h:97]   --->   Operation 1115 'partselect' 'trunc_ln58_649' <Predicate = true> <Delay = 0.00>
ST_6 : Operation 1116 [1/2] (3.34ns)   --->   "%mul_ln58_653 = mul i26 %sext_ln73_684, i26 %sext_ln73_588" [firmware/nnet_utils/nnet_dense_resource.h:58->firmware/nnet_utils/nnet_dense_resource.h:262->firmware/nnet_utils/nnet_dense_stream.h:24->firmware/nnet_utils/nnet_dense_stream.h:97]   --->   Operation 1116 'mul' 'mul_ln58_653' <Predicate = true> <Delay = 3.34> <CoreInst = "Multiplier">   --->   Core 3 'Multiplier' <Latency = 1> <II = 1> <Delay = 3.34> <FuncUnit> <Opcode : 'mul'> <InPorts = 2> <OutPorts = 1>
ST_6 : Operation 1117 [1/1] (0.00ns)   --->   "%trunc_ln58_650 = partselect i16 @_ssdm_op_PartSelect.i16.i26.i32.i32, i26 %mul_ln58_653, i32 10, i32 25" [firmware/nnet_utils/nnet_dense_resource.h:58->firmware/nnet_utils/nnet_dense_resource.h:262->firmware/nnet_utils/nnet_dense_stream.h:24->firmware/nnet_utils/nnet_dense_stream.h:97]   --->   Operation 1117 'partselect' 'trunc_ln58_650' <Predicate = true> <Delay = 0.00>
ST_6 : Operation 1118 [1/2] (3.34ns)   --->   "%mul_ln58_654 = mul i26 %sext_ln73_685, i26 %sext_ln73_574" [firmware/nnet_utils/nnet_dense_resource.h:58->firmware/nnet_utils/nnet_dense_resource.h:262->firmware/nnet_utils/nnet_dense_stream.h:24->firmware/nnet_utils/nnet_dense_stream.h:97]   --->   Operation 1118 'mul' 'mul_ln58_654' <Predicate = true> <Delay = 3.34> <CoreInst = "Multiplier">   --->   Core 3 'Multiplier' <Latency = 1> <II = 1> <Delay = 3.34> <FuncUnit> <Opcode : 'mul'> <InPorts = 2> <OutPorts = 1>
ST_6 : Operation 1119 [1/1] (0.00ns)   --->   "%trunc_ln58_651 = partselect i16 @_ssdm_op_PartSelect.i16.i26.i32.i32, i26 %mul_ln58_654, i32 10, i32 25" [firmware/nnet_utils/nnet_dense_resource.h:58->firmware/nnet_utils/nnet_dense_resource.h:262->firmware/nnet_utils/nnet_dense_stream.h:24->firmware/nnet_utils/nnet_dense_stream.h:97]   --->   Operation 1119 'partselect' 'trunc_ln58_651' <Predicate = true> <Delay = 0.00>
ST_6 : Operation 1120 [1/2] (3.34ns)   --->   "%mul_ln58_655 = mul i26 %sext_ln73_686, i26 %sext_ln73_576" [firmware/nnet_utils/nnet_dense_resource.h:58->firmware/nnet_utils/nnet_dense_resource.h:262->firmware/nnet_utils/nnet_dense_stream.h:24->firmware/nnet_utils/nnet_dense_stream.h:97]   --->   Operation 1120 'mul' 'mul_ln58_655' <Predicate = true> <Delay = 3.34> <CoreInst = "Multiplier">   --->   Core 3 'Multiplier' <Latency = 1> <II = 1> <Delay = 3.34> <FuncUnit> <Opcode : 'mul'> <InPorts = 2> <OutPorts = 1>
ST_6 : Operation 1121 [1/1] (0.00ns)   --->   "%trunc_ln58_652 = partselect i16 @_ssdm_op_PartSelect.i16.i26.i32.i32, i26 %mul_ln58_655, i32 10, i32 25" [firmware/nnet_utils/nnet_dense_resource.h:58->firmware/nnet_utils/nnet_dense_resource.h:262->firmware/nnet_utils/nnet_dense_stream.h:24->firmware/nnet_utils/nnet_dense_stream.h:97]   --->   Operation 1121 'partselect' 'trunc_ln58_652' <Predicate = true> <Delay = 0.00>
ST_6 : Operation 1122 [1/2] (3.34ns)   --->   "%mul_ln58_656 = mul i26 %sext_ln73_687, i26 %sext_ln73_578" [firmware/nnet_utils/nnet_dense_resource.h:58->firmware/nnet_utils/nnet_dense_resource.h:262->firmware/nnet_utils/nnet_dense_stream.h:24->firmware/nnet_utils/nnet_dense_stream.h:97]   --->   Operation 1122 'mul' 'mul_ln58_656' <Predicate = true> <Delay = 3.34> <CoreInst = "Multiplier">   --->   Core 3 'Multiplier' <Latency = 1> <II = 1> <Delay = 3.34> <FuncUnit> <Opcode : 'mul'> <InPorts = 2> <OutPorts = 1>
ST_6 : Operation 1123 [1/1] (0.00ns)   --->   "%trunc_ln58_653 = partselect i16 @_ssdm_op_PartSelect.i16.i26.i32.i32, i26 %mul_ln58_656, i32 10, i32 25" [firmware/nnet_utils/nnet_dense_resource.h:58->firmware/nnet_utils/nnet_dense_resource.h:262->firmware/nnet_utils/nnet_dense_stream.h:24->firmware/nnet_utils/nnet_dense_stream.h:97]   --->   Operation 1123 'partselect' 'trunc_ln58_653' <Predicate = true> <Delay = 0.00>
ST_6 : Operation 1124 [1/2] (3.34ns)   --->   "%mul_ln58_657 = mul i26 %sext_ln73_688, i26 %sext_ln73_580" [firmware/nnet_utils/nnet_dense_resource.h:58->firmware/nnet_utils/nnet_dense_resource.h:262->firmware/nnet_utils/nnet_dense_stream.h:24->firmware/nnet_utils/nnet_dense_stream.h:97]   --->   Operation 1124 'mul' 'mul_ln58_657' <Predicate = true> <Delay = 3.34> <CoreInst = "Multiplier">   --->   Core 3 'Multiplier' <Latency = 1> <II = 1> <Delay = 3.34> <FuncUnit> <Opcode : 'mul'> <InPorts = 2> <OutPorts = 1>
ST_6 : Operation 1125 [1/1] (0.00ns)   --->   "%trunc_ln58_654 = partselect i16 @_ssdm_op_PartSelect.i16.i26.i32.i32, i26 %mul_ln58_657, i32 10, i32 25" [firmware/nnet_utils/nnet_dense_resource.h:58->firmware/nnet_utils/nnet_dense_resource.h:262->firmware/nnet_utils/nnet_dense_stream.h:24->firmware/nnet_utils/nnet_dense_stream.h:97]   --->   Operation 1125 'partselect' 'trunc_ln58_654' <Predicate = true> <Delay = 0.00>
ST_6 : Operation 1126 [1/2] (3.34ns)   --->   "%mul_ln58_658 = mul i26 %sext_ln73_689, i26 %sext_ln73_582" [firmware/nnet_utils/nnet_dense_resource.h:58->firmware/nnet_utils/nnet_dense_resource.h:262->firmware/nnet_utils/nnet_dense_stream.h:24->firmware/nnet_utils/nnet_dense_stream.h:97]   --->   Operation 1126 'mul' 'mul_ln58_658' <Predicate = true> <Delay = 3.34> <CoreInst = "Multiplier">   --->   Core 3 'Multiplier' <Latency = 1> <II = 1> <Delay = 3.34> <FuncUnit> <Opcode : 'mul'> <InPorts = 2> <OutPorts = 1>
ST_6 : Operation 1127 [1/1] (0.00ns)   --->   "%trunc_ln58_655 = partselect i16 @_ssdm_op_PartSelect.i16.i26.i32.i32, i26 %mul_ln58_658, i32 10, i32 25" [firmware/nnet_utils/nnet_dense_resource.h:58->firmware/nnet_utils/nnet_dense_resource.h:262->firmware/nnet_utils/nnet_dense_stream.h:24->firmware/nnet_utils/nnet_dense_stream.h:97]   --->   Operation 1127 'partselect' 'trunc_ln58_655' <Predicate = true> <Delay = 0.00>
ST_6 : Operation 1128 [1/2] (3.34ns)   --->   "%mul_ln58_659 = mul i26 %sext_ln73_690, i26 %sext_ln73_584" [firmware/nnet_utils/nnet_dense_resource.h:58->firmware/nnet_utils/nnet_dense_resource.h:262->firmware/nnet_utils/nnet_dense_stream.h:24->firmware/nnet_utils/nnet_dense_stream.h:97]   --->   Operation 1128 'mul' 'mul_ln58_659' <Predicate = true> <Delay = 3.34> <CoreInst = "Multiplier">   --->   Core 3 'Multiplier' <Latency = 1> <II = 1> <Delay = 3.34> <FuncUnit> <Opcode : 'mul'> <InPorts = 2> <OutPorts = 1>
ST_6 : Operation 1129 [1/1] (0.00ns)   --->   "%trunc_ln58_656 = partselect i16 @_ssdm_op_PartSelect.i16.i26.i32.i32, i26 %mul_ln58_659, i32 10, i32 25" [firmware/nnet_utils/nnet_dense_resource.h:58->firmware/nnet_utils/nnet_dense_resource.h:262->firmware/nnet_utils/nnet_dense_stream.h:24->firmware/nnet_utils/nnet_dense_stream.h:97]   --->   Operation 1129 'partselect' 'trunc_ln58_656' <Predicate = true> <Delay = 0.00>
ST_6 : Operation 1130 [1/2] (3.34ns)   --->   "%mul_ln58_660 = mul i26 %sext_ln73_691, i26 %sext_ln73_586" [firmware/nnet_utils/nnet_dense_resource.h:58->firmware/nnet_utils/nnet_dense_resource.h:262->firmware/nnet_utils/nnet_dense_stream.h:24->firmware/nnet_utils/nnet_dense_stream.h:97]   --->   Operation 1130 'mul' 'mul_ln58_660' <Predicate = true> <Delay = 3.34> <CoreInst = "Multiplier">   --->   Core 3 'Multiplier' <Latency = 1> <II = 1> <Delay = 3.34> <FuncUnit> <Opcode : 'mul'> <InPorts = 2> <OutPorts = 1>
ST_6 : Operation 1131 [1/1] (0.00ns)   --->   "%trunc_ln58_657 = partselect i16 @_ssdm_op_PartSelect.i16.i26.i32.i32, i26 %mul_ln58_660, i32 10, i32 25" [firmware/nnet_utils/nnet_dense_resource.h:58->firmware/nnet_utils/nnet_dense_resource.h:262->firmware/nnet_utils/nnet_dense_stream.h:24->firmware/nnet_utils/nnet_dense_stream.h:97]   --->   Operation 1131 'partselect' 'trunc_ln58_657' <Predicate = true> <Delay = 0.00>
ST_6 : Operation 1132 [1/2] (3.34ns)   --->   "%mul_ln58_661 = mul i26 %sext_ln73_692, i26 %sext_ln73_588" [firmware/nnet_utils/nnet_dense_resource.h:58->firmware/nnet_utils/nnet_dense_resource.h:262->firmware/nnet_utils/nnet_dense_stream.h:24->firmware/nnet_utils/nnet_dense_stream.h:97]   --->   Operation 1132 'mul' 'mul_ln58_661' <Predicate = true> <Delay = 3.34> <CoreInst = "Multiplier">   --->   Core 3 'Multiplier' <Latency = 1> <II = 1> <Delay = 3.34> <FuncUnit> <Opcode : 'mul'> <InPorts = 2> <OutPorts = 1>
ST_6 : Operation 1133 [1/1] (0.00ns)   --->   "%trunc_ln58_658 = partselect i16 @_ssdm_op_PartSelect.i16.i26.i32.i32, i26 %mul_ln58_661, i32 10, i32 25" [firmware/nnet_utils/nnet_dense_resource.h:58->firmware/nnet_utils/nnet_dense_resource.h:262->firmware/nnet_utils/nnet_dense_stream.h:24->firmware/nnet_utils/nnet_dense_stream.h:97]   --->   Operation 1133 'partselect' 'trunc_ln58_658' <Predicate = true> <Delay = 0.00>
ST_6 : Operation 1134 [1/2] (3.34ns)   --->   "%mul_ln58_662 = mul i26 %sext_ln73_693, i26 %sext_ln73_574" [firmware/nnet_utils/nnet_dense_resource.h:58->firmware/nnet_utils/nnet_dense_resource.h:262->firmware/nnet_utils/nnet_dense_stream.h:24->firmware/nnet_utils/nnet_dense_stream.h:97]   --->   Operation 1134 'mul' 'mul_ln58_662' <Predicate = true> <Delay = 3.34> <CoreInst = "Multiplier">   --->   Core 3 'Multiplier' <Latency = 1> <II = 1> <Delay = 3.34> <FuncUnit> <Opcode : 'mul'> <InPorts = 2> <OutPorts = 1>
ST_6 : Operation 1135 [1/1] (0.00ns)   --->   "%trunc_ln58_659 = partselect i16 @_ssdm_op_PartSelect.i16.i26.i32.i32, i26 %mul_ln58_662, i32 10, i32 25" [firmware/nnet_utils/nnet_dense_resource.h:58->firmware/nnet_utils/nnet_dense_resource.h:262->firmware/nnet_utils/nnet_dense_stream.h:24->firmware/nnet_utils/nnet_dense_stream.h:97]   --->   Operation 1135 'partselect' 'trunc_ln58_659' <Predicate = true> <Delay = 0.00>
ST_6 : Operation 1136 [1/2] (3.34ns)   --->   "%mul_ln58_663 = mul i26 %sext_ln73_694, i26 %sext_ln73_576" [firmware/nnet_utils/nnet_dense_resource.h:58->firmware/nnet_utils/nnet_dense_resource.h:262->firmware/nnet_utils/nnet_dense_stream.h:24->firmware/nnet_utils/nnet_dense_stream.h:97]   --->   Operation 1136 'mul' 'mul_ln58_663' <Predicate = true> <Delay = 3.34> <CoreInst = "Multiplier">   --->   Core 3 'Multiplier' <Latency = 1> <II = 1> <Delay = 3.34> <FuncUnit> <Opcode : 'mul'> <InPorts = 2> <OutPorts = 1>
ST_6 : Operation 1137 [1/1] (0.00ns)   --->   "%trunc_ln58_660 = partselect i16 @_ssdm_op_PartSelect.i16.i26.i32.i32, i26 %mul_ln58_663, i32 10, i32 25" [firmware/nnet_utils/nnet_dense_resource.h:58->firmware/nnet_utils/nnet_dense_resource.h:262->firmware/nnet_utils/nnet_dense_stream.h:24->firmware/nnet_utils/nnet_dense_stream.h:97]   --->   Operation 1137 'partselect' 'trunc_ln58_660' <Predicate = true> <Delay = 0.00>
ST_6 : Operation 1138 [1/2] (3.34ns)   --->   "%mul_ln58_664 = mul i26 %sext_ln73_695, i26 %sext_ln73_578" [firmware/nnet_utils/nnet_dense_resource.h:58->firmware/nnet_utils/nnet_dense_resource.h:262->firmware/nnet_utils/nnet_dense_stream.h:24->firmware/nnet_utils/nnet_dense_stream.h:97]   --->   Operation 1138 'mul' 'mul_ln58_664' <Predicate = true> <Delay = 3.34> <CoreInst = "Multiplier">   --->   Core 3 'Multiplier' <Latency = 1> <II = 1> <Delay = 3.34> <FuncUnit> <Opcode : 'mul'> <InPorts = 2> <OutPorts = 1>
ST_6 : Operation 1139 [1/1] (0.00ns)   --->   "%trunc_ln58_661 = partselect i16 @_ssdm_op_PartSelect.i16.i26.i32.i32, i26 %mul_ln58_664, i32 10, i32 25" [firmware/nnet_utils/nnet_dense_resource.h:58->firmware/nnet_utils/nnet_dense_resource.h:262->firmware/nnet_utils/nnet_dense_stream.h:24->firmware/nnet_utils/nnet_dense_stream.h:97]   --->   Operation 1139 'partselect' 'trunc_ln58_661' <Predicate = true> <Delay = 0.00>
ST_6 : Operation 1140 [1/2] (3.34ns)   --->   "%mul_ln58_665 = mul i26 %sext_ln73_696, i26 %sext_ln73_580" [firmware/nnet_utils/nnet_dense_resource.h:58->firmware/nnet_utils/nnet_dense_resource.h:262->firmware/nnet_utils/nnet_dense_stream.h:24->firmware/nnet_utils/nnet_dense_stream.h:97]   --->   Operation 1140 'mul' 'mul_ln58_665' <Predicate = true> <Delay = 3.34> <CoreInst = "Multiplier">   --->   Core 3 'Multiplier' <Latency = 1> <II = 1> <Delay = 3.34> <FuncUnit> <Opcode : 'mul'> <InPorts = 2> <OutPorts = 1>
ST_6 : Operation 1141 [1/1] (0.00ns)   --->   "%trunc_ln58_662 = partselect i16 @_ssdm_op_PartSelect.i16.i26.i32.i32, i26 %mul_ln58_665, i32 10, i32 25" [firmware/nnet_utils/nnet_dense_resource.h:58->firmware/nnet_utils/nnet_dense_resource.h:262->firmware/nnet_utils/nnet_dense_stream.h:24->firmware/nnet_utils/nnet_dense_stream.h:97]   --->   Operation 1141 'partselect' 'trunc_ln58_662' <Predicate = true> <Delay = 0.00>
ST_6 : Operation 1142 [1/2] (3.34ns)   --->   "%mul_ln58_666 = mul i26 %sext_ln73_697, i26 %sext_ln73_582" [firmware/nnet_utils/nnet_dense_resource.h:58->firmware/nnet_utils/nnet_dense_resource.h:262->firmware/nnet_utils/nnet_dense_stream.h:24->firmware/nnet_utils/nnet_dense_stream.h:97]   --->   Operation 1142 'mul' 'mul_ln58_666' <Predicate = true> <Delay = 3.34> <CoreInst = "Multiplier">   --->   Core 3 'Multiplier' <Latency = 1> <II = 1> <Delay = 3.34> <FuncUnit> <Opcode : 'mul'> <InPorts = 2> <OutPorts = 1>
ST_6 : Operation 1143 [1/1] (0.00ns)   --->   "%trunc_ln58_663 = partselect i16 @_ssdm_op_PartSelect.i16.i26.i32.i32, i26 %mul_ln58_666, i32 10, i32 25" [firmware/nnet_utils/nnet_dense_resource.h:58->firmware/nnet_utils/nnet_dense_resource.h:262->firmware/nnet_utils/nnet_dense_stream.h:24->firmware/nnet_utils/nnet_dense_stream.h:97]   --->   Operation 1143 'partselect' 'trunc_ln58_663' <Predicate = true> <Delay = 0.00>
ST_6 : Operation 1144 [1/2] (3.34ns)   --->   "%mul_ln58_667 = mul i26 %sext_ln73_698, i26 %sext_ln73_584" [firmware/nnet_utils/nnet_dense_resource.h:58->firmware/nnet_utils/nnet_dense_resource.h:262->firmware/nnet_utils/nnet_dense_stream.h:24->firmware/nnet_utils/nnet_dense_stream.h:97]   --->   Operation 1144 'mul' 'mul_ln58_667' <Predicate = true> <Delay = 3.34> <CoreInst = "Multiplier">   --->   Core 3 'Multiplier' <Latency = 1> <II = 1> <Delay = 3.34> <FuncUnit> <Opcode : 'mul'> <InPorts = 2> <OutPorts = 1>
ST_6 : Operation 1145 [1/1] (0.00ns)   --->   "%trunc_ln58_664 = partselect i16 @_ssdm_op_PartSelect.i16.i26.i32.i32, i26 %mul_ln58_667, i32 10, i32 25" [firmware/nnet_utils/nnet_dense_resource.h:58->firmware/nnet_utils/nnet_dense_resource.h:262->firmware/nnet_utils/nnet_dense_stream.h:24->firmware/nnet_utils/nnet_dense_stream.h:97]   --->   Operation 1145 'partselect' 'trunc_ln58_664' <Predicate = true> <Delay = 0.00>
ST_6 : Operation 1146 [1/2] (3.34ns)   --->   "%mul_ln58_668 = mul i26 %sext_ln73_699, i26 %sext_ln73_586" [firmware/nnet_utils/nnet_dense_resource.h:58->firmware/nnet_utils/nnet_dense_resource.h:262->firmware/nnet_utils/nnet_dense_stream.h:24->firmware/nnet_utils/nnet_dense_stream.h:97]   --->   Operation 1146 'mul' 'mul_ln58_668' <Predicate = true> <Delay = 3.34> <CoreInst = "Multiplier">   --->   Core 3 'Multiplier' <Latency = 1> <II = 1> <Delay = 3.34> <FuncUnit> <Opcode : 'mul'> <InPorts = 2> <OutPorts = 1>
ST_6 : Operation 1147 [1/1] (0.00ns)   --->   "%trunc_ln58_665 = partselect i16 @_ssdm_op_PartSelect.i16.i26.i32.i32, i26 %mul_ln58_668, i32 10, i32 25" [firmware/nnet_utils/nnet_dense_resource.h:58->firmware/nnet_utils/nnet_dense_resource.h:262->firmware/nnet_utils/nnet_dense_stream.h:24->firmware/nnet_utils/nnet_dense_stream.h:97]   --->   Operation 1147 'partselect' 'trunc_ln58_665' <Predicate = true> <Delay = 0.00>
ST_6 : Operation 1148 [1/2] (3.34ns)   --->   "%mul_ln58_669 = mul i26 %sext_ln73_700, i26 %sext_ln73_588" [firmware/nnet_utils/nnet_dense_resource.h:58->firmware/nnet_utils/nnet_dense_resource.h:262->firmware/nnet_utils/nnet_dense_stream.h:24->firmware/nnet_utils/nnet_dense_stream.h:97]   --->   Operation 1148 'mul' 'mul_ln58_669' <Predicate = true> <Delay = 3.34> <CoreInst = "Multiplier">   --->   Core 3 'Multiplier' <Latency = 1> <II = 1> <Delay = 3.34> <FuncUnit> <Opcode : 'mul'> <InPorts = 2> <OutPorts = 1>
ST_6 : Operation 1149 [1/1] (0.00ns)   --->   "%trunc_ln58_666 = partselect i16 @_ssdm_op_PartSelect.i16.i26.i32.i32, i26 %mul_ln58_669, i32 10, i32 25" [firmware/nnet_utils/nnet_dense_resource.h:58->firmware/nnet_utils/nnet_dense_resource.h:262->firmware/nnet_utils/nnet_dense_stream.h:24->firmware/nnet_utils/nnet_dense_stream.h:97]   --->   Operation 1149 'partselect' 'trunc_ln58_666' <Predicate = true> <Delay = 0.00>
ST_6 : Operation 1150 [1/2] (3.34ns)   --->   "%mul_ln58_670 = mul i26 %sext_ln73_701, i26 %sext_ln73_574" [firmware/nnet_utils/nnet_dense_resource.h:58->firmware/nnet_utils/nnet_dense_resource.h:262->firmware/nnet_utils/nnet_dense_stream.h:24->firmware/nnet_utils/nnet_dense_stream.h:97]   --->   Operation 1150 'mul' 'mul_ln58_670' <Predicate = true> <Delay = 3.34> <CoreInst = "Multiplier">   --->   Core 3 'Multiplier' <Latency = 1> <II = 1> <Delay = 3.34> <FuncUnit> <Opcode : 'mul'> <InPorts = 2> <OutPorts = 1>
ST_6 : Operation 1151 [1/1] (0.00ns)   --->   "%trunc_ln58_667 = partselect i16 @_ssdm_op_PartSelect.i16.i26.i32.i32, i26 %mul_ln58_670, i32 10, i32 25" [firmware/nnet_utils/nnet_dense_resource.h:58->firmware/nnet_utils/nnet_dense_resource.h:262->firmware/nnet_utils/nnet_dense_stream.h:24->firmware/nnet_utils/nnet_dense_stream.h:97]   --->   Operation 1151 'partselect' 'trunc_ln58_667' <Predicate = true> <Delay = 0.00>
ST_6 : Operation 1152 [1/2] (3.34ns)   --->   "%mul_ln58_671 = mul i26 %sext_ln73_702, i26 %sext_ln73_576" [firmware/nnet_utils/nnet_dense_resource.h:58->firmware/nnet_utils/nnet_dense_resource.h:262->firmware/nnet_utils/nnet_dense_stream.h:24->firmware/nnet_utils/nnet_dense_stream.h:97]   --->   Operation 1152 'mul' 'mul_ln58_671' <Predicate = true> <Delay = 3.34> <CoreInst = "Multiplier">   --->   Core 3 'Multiplier' <Latency = 1> <II = 1> <Delay = 3.34> <FuncUnit> <Opcode : 'mul'> <InPorts = 2> <OutPorts = 1>
ST_6 : Operation 1153 [1/1] (0.00ns)   --->   "%trunc_ln58_668 = partselect i16 @_ssdm_op_PartSelect.i16.i26.i32.i32, i26 %mul_ln58_671, i32 10, i32 25" [firmware/nnet_utils/nnet_dense_resource.h:58->firmware/nnet_utils/nnet_dense_resource.h:262->firmware/nnet_utils/nnet_dense_stream.h:24->firmware/nnet_utils/nnet_dense_stream.h:97]   --->   Operation 1153 'partselect' 'trunc_ln58_668' <Predicate = true> <Delay = 0.00>
ST_6 : Operation 1154 [1/2] (3.34ns)   --->   "%mul_ln58_672 = mul i26 %sext_ln73_703, i26 %sext_ln73_578" [firmware/nnet_utils/nnet_dense_resource.h:58->firmware/nnet_utils/nnet_dense_resource.h:262->firmware/nnet_utils/nnet_dense_stream.h:24->firmware/nnet_utils/nnet_dense_stream.h:97]   --->   Operation 1154 'mul' 'mul_ln58_672' <Predicate = true> <Delay = 3.34> <CoreInst = "Multiplier">   --->   Core 3 'Multiplier' <Latency = 1> <II = 1> <Delay = 3.34> <FuncUnit> <Opcode : 'mul'> <InPorts = 2> <OutPorts = 1>
ST_6 : Operation 1155 [1/1] (0.00ns)   --->   "%trunc_ln58_669 = partselect i16 @_ssdm_op_PartSelect.i16.i26.i32.i32, i26 %mul_ln58_672, i32 10, i32 25" [firmware/nnet_utils/nnet_dense_resource.h:58->firmware/nnet_utils/nnet_dense_resource.h:262->firmware/nnet_utils/nnet_dense_stream.h:24->firmware/nnet_utils/nnet_dense_stream.h:97]   --->   Operation 1155 'partselect' 'trunc_ln58_669' <Predicate = true> <Delay = 0.00>
ST_6 : Operation 1156 [1/2] (3.34ns)   --->   "%mul_ln58_673 = mul i26 %sext_ln73_704, i26 %sext_ln73_580" [firmware/nnet_utils/nnet_dense_resource.h:58->firmware/nnet_utils/nnet_dense_resource.h:262->firmware/nnet_utils/nnet_dense_stream.h:24->firmware/nnet_utils/nnet_dense_stream.h:97]   --->   Operation 1156 'mul' 'mul_ln58_673' <Predicate = true> <Delay = 3.34> <CoreInst = "Multiplier">   --->   Core 3 'Multiplier' <Latency = 1> <II = 1> <Delay = 3.34> <FuncUnit> <Opcode : 'mul'> <InPorts = 2> <OutPorts = 1>
ST_6 : Operation 1157 [1/1] (0.00ns)   --->   "%trunc_ln58_670 = partselect i16 @_ssdm_op_PartSelect.i16.i26.i32.i32, i26 %mul_ln58_673, i32 10, i32 25" [firmware/nnet_utils/nnet_dense_resource.h:58->firmware/nnet_utils/nnet_dense_resource.h:262->firmware/nnet_utils/nnet_dense_stream.h:24->firmware/nnet_utils/nnet_dense_stream.h:97]   --->   Operation 1157 'partselect' 'trunc_ln58_670' <Predicate = true> <Delay = 0.00>
ST_6 : Operation 1158 [1/2] (3.34ns)   --->   "%mul_ln58_674 = mul i26 %sext_ln73_705, i26 %sext_ln73_582" [firmware/nnet_utils/nnet_dense_resource.h:58->firmware/nnet_utils/nnet_dense_resource.h:262->firmware/nnet_utils/nnet_dense_stream.h:24->firmware/nnet_utils/nnet_dense_stream.h:97]   --->   Operation 1158 'mul' 'mul_ln58_674' <Predicate = true> <Delay = 3.34> <CoreInst = "Multiplier">   --->   Core 3 'Multiplier' <Latency = 1> <II = 1> <Delay = 3.34> <FuncUnit> <Opcode : 'mul'> <InPorts = 2> <OutPorts = 1>
ST_6 : Operation 1159 [1/1] (0.00ns)   --->   "%trunc_ln58_671 = partselect i16 @_ssdm_op_PartSelect.i16.i26.i32.i32, i26 %mul_ln58_674, i32 10, i32 25" [firmware/nnet_utils/nnet_dense_resource.h:58->firmware/nnet_utils/nnet_dense_resource.h:262->firmware/nnet_utils/nnet_dense_stream.h:24->firmware/nnet_utils/nnet_dense_stream.h:97]   --->   Operation 1159 'partselect' 'trunc_ln58_671' <Predicate = true> <Delay = 0.00>
ST_6 : Operation 1160 [1/2] (3.34ns)   --->   "%mul_ln58_675 = mul i26 %sext_ln73_706, i26 %sext_ln73_584" [firmware/nnet_utils/nnet_dense_resource.h:58->firmware/nnet_utils/nnet_dense_resource.h:262->firmware/nnet_utils/nnet_dense_stream.h:24->firmware/nnet_utils/nnet_dense_stream.h:97]   --->   Operation 1160 'mul' 'mul_ln58_675' <Predicate = true> <Delay = 3.34> <CoreInst = "Multiplier">   --->   Core 3 'Multiplier' <Latency = 1> <II = 1> <Delay = 3.34> <FuncUnit> <Opcode : 'mul'> <InPorts = 2> <OutPorts = 1>
ST_6 : Operation 1161 [1/1] (0.00ns)   --->   "%trunc_ln58_672 = partselect i16 @_ssdm_op_PartSelect.i16.i26.i32.i32, i26 %mul_ln58_675, i32 10, i32 25" [firmware/nnet_utils/nnet_dense_resource.h:58->firmware/nnet_utils/nnet_dense_resource.h:262->firmware/nnet_utils/nnet_dense_stream.h:24->firmware/nnet_utils/nnet_dense_stream.h:97]   --->   Operation 1161 'partselect' 'trunc_ln58_672' <Predicate = true> <Delay = 0.00>
ST_6 : Operation 1162 [1/2] (3.34ns)   --->   "%mul_ln58_676 = mul i26 %sext_ln73_707, i26 %sext_ln73_586" [firmware/nnet_utils/nnet_dense_resource.h:58->firmware/nnet_utils/nnet_dense_resource.h:262->firmware/nnet_utils/nnet_dense_stream.h:24->firmware/nnet_utils/nnet_dense_stream.h:97]   --->   Operation 1162 'mul' 'mul_ln58_676' <Predicate = true> <Delay = 3.34> <CoreInst = "Multiplier">   --->   Core 3 'Multiplier' <Latency = 1> <II = 1> <Delay = 3.34> <FuncUnit> <Opcode : 'mul'> <InPorts = 2> <OutPorts = 1>
ST_6 : Operation 1163 [1/1] (0.00ns)   --->   "%trunc_ln58_673 = partselect i16 @_ssdm_op_PartSelect.i16.i26.i32.i32, i26 %mul_ln58_676, i32 10, i32 25" [firmware/nnet_utils/nnet_dense_resource.h:58->firmware/nnet_utils/nnet_dense_resource.h:262->firmware/nnet_utils/nnet_dense_stream.h:24->firmware/nnet_utils/nnet_dense_stream.h:97]   --->   Operation 1163 'partselect' 'trunc_ln58_673' <Predicate = true> <Delay = 0.00>
ST_6 : Operation 1164 [1/2] (3.34ns)   --->   "%mul_ln58_677 = mul i26 %sext_ln73_708, i26 %sext_ln73_588" [firmware/nnet_utils/nnet_dense_resource.h:58->firmware/nnet_utils/nnet_dense_resource.h:262->firmware/nnet_utils/nnet_dense_stream.h:24->firmware/nnet_utils/nnet_dense_stream.h:97]   --->   Operation 1164 'mul' 'mul_ln58_677' <Predicate = true> <Delay = 3.34> <CoreInst = "Multiplier">   --->   Core 3 'Multiplier' <Latency = 1> <II = 1> <Delay = 3.34> <FuncUnit> <Opcode : 'mul'> <InPorts = 2> <OutPorts = 1>
ST_6 : Operation 1165 [1/1] (0.00ns)   --->   "%trunc_ln58_674 = partselect i16 @_ssdm_op_PartSelect.i16.i26.i32.i32, i26 %mul_ln58_677, i32 10, i32 25" [firmware/nnet_utils/nnet_dense_resource.h:58->firmware/nnet_utils/nnet_dense_resource.h:262->firmware/nnet_utils/nnet_dense_stream.h:24->firmware/nnet_utils/nnet_dense_stream.h:97]   --->   Operation 1165 'partselect' 'trunc_ln58_674' <Predicate = true> <Delay = 0.00>
ST_6 : Operation 1166 [1/2] (3.34ns)   --->   "%mul_ln58_678 = mul i26 %sext_ln73_709, i26 %sext_ln73_574" [firmware/nnet_utils/nnet_dense_resource.h:58->firmware/nnet_utils/nnet_dense_resource.h:262->firmware/nnet_utils/nnet_dense_stream.h:24->firmware/nnet_utils/nnet_dense_stream.h:97]   --->   Operation 1166 'mul' 'mul_ln58_678' <Predicate = true> <Delay = 3.34> <CoreInst = "Multiplier">   --->   Core 3 'Multiplier' <Latency = 1> <II = 1> <Delay = 3.34> <FuncUnit> <Opcode : 'mul'> <InPorts = 2> <OutPorts = 1>
ST_6 : Operation 1167 [1/1] (0.00ns)   --->   "%trunc_ln58_675 = partselect i16 @_ssdm_op_PartSelect.i16.i26.i32.i32, i26 %mul_ln58_678, i32 10, i32 25" [firmware/nnet_utils/nnet_dense_resource.h:58->firmware/nnet_utils/nnet_dense_resource.h:262->firmware/nnet_utils/nnet_dense_stream.h:24->firmware/nnet_utils/nnet_dense_stream.h:97]   --->   Operation 1167 'partselect' 'trunc_ln58_675' <Predicate = true> <Delay = 0.00>
ST_6 : Operation 1168 [1/2] (3.34ns)   --->   "%mul_ln58_679 = mul i26 %sext_ln73_710, i26 %sext_ln73_576" [firmware/nnet_utils/nnet_dense_resource.h:58->firmware/nnet_utils/nnet_dense_resource.h:262->firmware/nnet_utils/nnet_dense_stream.h:24->firmware/nnet_utils/nnet_dense_stream.h:97]   --->   Operation 1168 'mul' 'mul_ln58_679' <Predicate = true> <Delay = 3.34> <CoreInst = "Multiplier">   --->   Core 3 'Multiplier' <Latency = 1> <II = 1> <Delay = 3.34> <FuncUnit> <Opcode : 'mul'> <InPorts = 2> <OutPorts = 1>
ST_6 : Operation 1169 [1/1] (0.00ns)   --->   "%trunc_ln58_676 = partselect i16 @_ssdm_op_PartSelect.i16.i26.i32.i32, i26 %mul_ln58_679, i32 10, i32 25" [firmware/nnet_utils/nnet_dense_resource.h:58->firmware/nnet_utils/nnet_dense_resource.h:262->firmware/nnet_utils/nnet_dense_stream.h:24->firmware/nnet_utils/nnet_dense_stream.h:97]   --->   Operation 1169 'partselect' 'trunc_ln58_676' <Predicate = true> <Delay = 0.00>
ST_6 : Operation 1170 [1/2] (3.34ns)   --->   "%mul_ln58_680 = mul i26 %sext_ln73_711, i26 %sext_ln73_578" [firmware/nnet_utils/nnet_dense_resource.h:58->firmware/nnet_utils/nnet_dense_resource.h:262->firmware/nnet_utils/nnet_dense_stream.h:24->firmware/nnet_utils/nnet_dense_stream.h:97]   --->   Operation 1170 'mul' 'mul_ln58_680' <Predicate = true> <Delay = 3.34> <CoreInst = "Multiplier">   --->   Core 3 'Multiplier' <Latency = 1> <II = 1> <Delay = 3.34> <FuncUnit> <Opcode : 'mul'> <InPorts = 2> <OutPorts = 1>
ST_6 : Operation 1171 [1/1] (0.00ns)   --->   "%trunc_ln58_677 = partselect i16 @_ssdm_op_PartSelect.i16.i26.i32.i32, i26 %mul_ln58_680, i32 10, i32 25" [firmware/nnet_utils/nnet_dense_resource.h:58->firmware/nnet_utils/nnet_dense_resource.h:262->firmware/nnet_utils/nnet_dense_stream.h:24->firmware/nnet_utils/nnet_dense_stream.h:97]   --->   Operation 1171 'partselect' 'trunc_ln58_677' <Predicate = true> <Delay = 0.00>
ST_6 : Operation 1172 [1/2] (3.34ns)   --->   "%mul_ln58_681 = mul i26 %sext_ln73_712, i26 %sext_ln73_580" [firmware/nnet_utils/nnet_dense_resource.h:58->firmware/nnet_utils/nnet_dense_resource.h:262->firmware/nnet_utils/nnet_dense_stream.h:24->firmware/nnet_utils/nnet_dense_stream.h:97]   --->   Operation 1172 'mul' 'mul_ln58_681' <Predicate = true> <Delay = 3.34> <CoreInst = "Multiplier">   --->   Core 3 'Multiplier' <Latency = 1> <II = 1> <Delay = 3.34> <FuncUnit> <Opcode : 'mul'> <InPorts = 2> <OutPorts = 1>
ST_6 : Operation 1173 [1/1] (0.00ns)   --->   "%trunc_ln58_678 = partselect i16 @_ssdm_op_PartSelect.i16.i26.i32.i32, i26 %mul_ln58_681, i32 10, i32 25" [firmware/nnet_utils/nnet_dense_resource.h:58->firmware/nnet_utils/nnet_dense_resource.h:262->firmware/nnet_utils/nnet_dense_stream.h:24->firmware/nnet_utils/nnet_dense_stream.h:97]   --->   Operation 1173 'partselect' 'trunc_ln58_678' <Predicate = true> <Delay = 0.00>
ST_6 : Operation 1174 [1/2] (3.34ns)   --->   "%mul_ln58_682 = mul i26 %sext_ln73_713, i26 %sext_ln73_582" [firmware/nnet_utils/nnet_dense_resource.h:58->firmware/nnet_utils/nnet_dense_resource.h:262->firmware/nnet_utils/nnet_dense_stream.h:24->firmware/nnet_utils/nnet_dense_stream.h:97]   --->   Operation 1174 'mul' 'mul_ln58_682' <Predicate = true> <Delay = 3.34> <CoreInst = "Multiplier">   --->   Core 3 'Multiplier' <Latency = 1> <II = 1> <Delay = 3.34> <FuncUnit> <Opcode : 'mul'> <InPorts = 2> <OutPorts = 1>
ST_6 : Operation 1175 [1/1] (0.00ns)   --->   "%trunc_ln58_679 = partselect i16 @_ssdm_op_PartSelect.i16.i26.i32.i32, i26 %mul_ln58_682, i32 10, i32 25" [firmware/nnet_utils/nnet_dense_resource.h:58->firmware/nnet_utils/nnet_dense_resource.h:262->firmware/nnet_utils/nnet_dense_stream.h:24->firmware/nnet_utils/nnet_dense_stream.h:97]   --->   Operation 1175 'partselect' 'trunc_ln58_679' <Predicate = true> <Delay = 0.00>
ST_6 : Operation 1176 [1/2] (3.34ns)   --->   "%mul_ln58_683 = mul i26 %sext_ln73_714, i26 %sext_ln73_584" [firmware/nnet_utils/nnet_dense_resource.h:58->firmware/nnet_utils/nnet_dense_resource.h:262->firmware/nnet_utils/nnet_dense_stream.h:24->firmware/nnet_utils/nnet_dense_stream.h:97]   --->   Operation 1176 'mul' 'mul_ln58_683' <Predicate = true> <Delay = 3.34> <CoreInst = "Multiplier">   --->   Core 3 'Multiplier' <Latency = 1> <II = 1> <Delay = 3.34> <FuncUnit> <Opcode : 'mul'> <InPorts = 2> <OutPorts = 1>
ST_6 : Operation 1177 [1/1] (0.00ns)   --->   "%trunc_ln58_680 = partselect i16 @_ssdm_op_PartSelect.i16.i26.i32.i32, i26 %mul_ln58_683, i32 10, i32 25" [firmware/nnet_utils/nnet_dense_resource.h:58->firmware/nnet_utils/nnet_dense_resource.h:262->firmware/nnet_utils/nnet_dense_stream.h:24->firmware/nnet_utils/nnet_dense_stream.h:97]   --->   Operation 1177 'partselect' 'trunc_ln58_680' <Predicate = true> <Delay = 0.00>
ST_6 : Operation 1178 [1/2] (3.34ns)   --->   "%mul_ln58_684 = mul i26 %sext_ln73_715, i26 %sext_ln73_586" [firmware/nnet_utils/nnet_dense_resource.h:58->firmware/nnet_utils/nnet_dense_resource.h:262->firmware/nnet_utils/nnet_dense_stream.h:24->firmware/nnet_utils/nnet_dense_stream.h:97]   --->   Operation 1178 'mul' 'mul_ln58_684' <Predicate = true> <Delay = 3.34> <CoreInst = "Multiplier">   --->   Core 3 'Multiplier' <Latency = 1> <II = 1> <Delay = 3.34> <FuncUnit> <Opcode : 'mul'> <InPorts = 2> <OutPorts = 1>
ST_6 : Operation 1179 [1/1] (0.00ns)   --->   "%trunc_ln58_681 = partselect i16 @_ssdm_op_PartSelect.i16.i26.i32.i32, i26 %mul_ln58_684, i32 10, i32 25" [firmware/nnet_utils/nnet_dense_resource.h:58->firmware/nnet_utils/nnet_dense_resource.h:262->firmware/nnet_utils/nnet_dense_stream.h:24->firmware/nnet_utils/nnet_dense_stream.h:97]   --->   Operation 1179 'partselect' 'trunc_ln58_681' <Predicate = true> <Delay = 0.00>
ST_6 : Operation 1180 [1/2] (3.34ns)   --->   "%mul_ln58_685 = mul i26 %sext_ln73_716, i26 %sext_ln73_588" [firmware/nnet_utils/nnet_dense_resource.h:58->firmware/nnet_utils/nnet_dense_resource.h:262->firmware/nnet_utils/nnet_dense_stream.h:24->firmware/nnet_utils/nnet_dense_stream.h:97]   --->   Operation 1180 'mul' 'mul_ln58_685' <Predicate = true> <Delay = 3.34> <CoreInst = "Multiplier">   --->   Core 3 'Multiplier' <Latency = 1> <II = 1> <Delay = 3.34> <FuncUnit> <Opcode : 'mul'> <InPorts = 2> <OutPorts = 1>
ST_6 : Operation 1181 [1/1] (0.00ns)   --->   "%trunc_ln58_682 = partselect i16 @_ssdm_op_PartSelect.i16.i26.i32.i32, i26 %mul_ln58_685, i32 10, i32 25" [firmware/nnet_utils/nnet_dense_resource.h:58->firmware/nnet_utils/nnet_dense_resource.h:262->firmware/nnet_utils/nnet_dense_stream.h:24->firmware/nnet_utils/nnet_dense_stream.h:97]   --->   Operation 1181 'partselect' 'trunc_ln58_682' <Predicate = true> <Delay = 0.00>
ST_6 : Operation 1182 [1/2] (3.34ns)   --->   "%mul_ln58_686 = mul i26 %sext_ln73_717, i26 %sext_ln73_574" [firmware/nnet_utils/nnet_dense_resource.h:58->firmware/nnet_utils/nnet_dense_resource.h:262->firmware/nnet_utils/nnet_dense_stream.h:24->firmware/nnet_utils/nnet_dense_stream.h:97]   --->   Operation 1182 'mul' 'mul_ln58_686' <Predicate = true> <Delay = 3.34> <CoreInst = "Multiplier">   --->   Core 3 'Multiplier' <Latency = 1> <II = 1> <Delay = 3.34> <FuncUnit> <Opcode : 'mul'> <InPorts = 2> <OutPorts = 1>
ST_6 : Operation 1183 [1/1] (0.00ns)   --->   "%trunc_ln58_683 = partselect i16 @_ssdm_op_PartSelect.i16.i26.i32.i32, i26 %mul_ln58_686, i32 10, i32 25" [firmware/nnet_utils/nnet_dense_resource.h:58->firmware/nnet_utils/nnet_dense_resource.h:262->firmware/nnet_utils/nnet_dense_stream.h:24->firmware/nnet_utils/nnet_dense_stream.h:97]   --->   Operation 1183 'partselect' 'trunc_ln58_683' <Predicate = true> <Delay = 0.00>
ST_6 : Operation 1184 [1/2] (3.34ns)   --->   "%mul_ln58_687 = mul i26 %sext_ln73_718, i26 %sext_ln73_576" [firmware/nnet_utils/nnet_dense_resource.h:58->firmware/nnet_utils/nnet_dense_resource.h:262->firmware/nnet_utils/nnet_dense_stream.h:24->firmware/nnet_utils/nnet_dense_stream.h:97]   --->   Operation 1184 'mul' 'mul_ln58_687' <Predicate = true> <Delay = 3.34> <CoreInst = "Multiplier">   --->   Core 3 'Multiplier' <Latency = 1> <II = 1> <Delay = 3.34> <FuncUnit> <Opcode : 'mul'> <InPorts = 2> <OutPorts = 1>
ST_6 : Operation 1185 [1/1] (0.00ns)   --->   "%trunc_ln58_684 = partselect i16 @_ssdm_op_PartSelect.i16.i26.i32.i32, i26 %mul_ln58_687, i32 10, i32 25" [firmware/nnet_utils/nnet_dense_resource.h:58->firmware/nnet_utils/nnet_dense_resource.h:262->firmware/nnet_utils/nnet_dense_stream.h:24->firmware/nnet_utils/nnet_dense_stream.h:97]   --->   Operation 1185 'partselect' 'trunc_ln58_684' <Predicate = true> <Delay = 0.00>
ST_6 : Operation 1186 [1/2] (3.34ns)   --->   "%mul_ln58_688 = mul i26 %sext_ln73_719, i26 %sext_ln73_578" [firmware/nnet_utils/nnet_dense_resource.h:58->firmware/nnet_utils/nnet_dense_resource.h:262->firmware/nnet_utils/nnet_dense_stream.h:24->firmware/nnet_utils/nnet_dense_stream.h:97]   --->   Operation 1186 'mul' 'mul_ln58_688' <Predicate = true> <Delay = 3.34> <CoreInst = "Multiplier">   --->   Core 3 'Multiplier' <Latency = 1> <II = 1> <Delay = 3.34> <FuncUnit> <Opcode : 'mul'> <InPorts = 2> <OutPorts = 1>
ST_6 : Operation 1187 [1/1] (0.00ns)   --->   "%trunc_ln58_685 = partselect i16 @_ssdm_op_PartSelect.i16.i26.i32.i32, i26 %mul_ln58_688, i32 10, i32 25" [firmware/nnet_utils/nnet_dense_resource.h:58->firmware/nnet_utils/nnet_dense_resource.h:262->firmware/nnet_utils/nnet_dense_stream.h:24->firmware/nnet_utils/nnet_dense_stream.h:97]   --->   Operation 1187 'partselect' 'trunc_ln58_685' <Predicate = true> <Delay = 0.00>
ST_6 : Operation 1188 [1/2] (3.34ns)   --->   "%mul_ln58_689 = mul i26 %sext_ln73_720, i26 %sext_ln73_580" [firmware/nnet_utils/nnet_dense_resource.h:58->firmware/nnet_utils/nnet_dense_resource.h:262->firmware/nnet_utils/nnet_dense_stream.h:24->firmware/nnet_utils/nnet_dense_stream.h:97]   --->   Operation 1188 'mul' 'mul_ln58_689' <Predicate = true> <Delay = 3.34> <CoreInst = "Multiplier">   --->   Core 3 'Multiplier' <Latency = 1> <II = 1> <Delay = 3.34> <FuncUnit> <Opcode : 'mul'> <InPorts = 2> <OutPorts = 1>
ST_6 : Operation 1189 [1/1] (0.00ns)   --->   "%trunc_ln58_686 = partselect i16 @_ssdm_op_PartSelect.i16.i26.i32.i32, i26 %mul_ln58_689, i32 10, i32 25" [firmware/nnet_utils/nnet_dense_resource.h:58->firmware/nnet_utils/nnet_dense_resource.h:262->firmware/nnet_utils/nnet_dense_stream.h:24->firmware/nnet_utils/nnet_dense_stream.h:97]   --->   Operation 1189 'partselect' 'trunc_ln58_686' <Predicate = true> <Delay = 0.00>
ST_6 : Operation 1190 [1/2] (3.34ns)   --->   "%mul_ln58_690 = mul i26 %sext_ln73_721, i26 %sext_ln73_582" [firmware/nnet_utils/nnet_dense_resource.h:58->firmware/nnet_utils/nnet_dense_resource.h:262->firmware/nnet_utils/nnet_dense_stream.h:24->firmware/nnet_utils/nnet_dense_stream.h:97]   --->   Operation 1190 'mul' 'mul_ln58_690' <Predicate = true> <Delay = 3.34> <CoreInst = "Multiplier">   --->   Core 3 'Multiplier' <Latency = 1> <II = 1> <Delay = 3.34> <FuncUnit> <Opcode : 'mul'> <InPorts = 2> <OutPorts = 1>
ST_6 : Operation 1191 [1/1] (0.00ns)   --->   "%trunc_ln58_687 = partselect i16 @_ssdm_op_PartSelect.i16.i26.i32.i32, i26 %mul_ln58_690, i32 10, i32 25" [firmware/nnet_utils/nnet_dense_resource.h:58->firmware/nnet_utils/nnet_dense_resource.h:262->firmware/nnet_utils/nnet_dense_stream.h:24->firmware/nnet_utils/nnet_dense_stream.h:97]   --->   Operation 1191 'partselect' 'trunc_ln58_687' <Predicate = true> <Delay = 0.00>
ST_6 : Operation 1192 [1/2] (3.34ns)   --->   "%mul_ln58_691 = mul i26 %sext_ln73_722, i26 %sext_ln73_584" [firmware/nnet_utils/nnet_dense_resource.h:58->firmware/nnet_utils/nnet_dense_resource.h:262->firmware/nnet_utils/nnet_dense_stream.h:24->firmware/nnet_utils/nnet_dense_stream.h:97]   --->   Operation 1192 'mul' 'mul_ln58_691' <Predicate = true> <Delay = 3.34> <CoreInst = "Multiplier">   --->   Core 3 'Multiplier' <Latency = 1> <II = 1> <Delay = 3.34> <FuncUnit> <Opcode : 'mul'> <InPorts = 2> <OutPorts = 1>
ST_6 : Operation 1193 [1/1] (0.00ns)   --->   "%trunc_ln58_688 = partselect i16 @_ssdm_op_PartSelect.i16.i26.i32.i32, i26 %mul_ln58_691, i32 10, i32 25" [firmware/nnet_utils/nnet_dense_resource.h:58->firmware/nnet_utils/nnet_dense_resource.h:262->firmware/nnet_utils/nnet_dense_stream.h:24->firmware/nnet_utils/nnet_dense_stream.h:97]   --->   Operation 1193 'partselect' 'trunc_ln58_688' <Predicate = true> <Delay = 0.00>
ST_6 : Operation 1194 [1/2] (3.34ns)   --->   "%mul_ln58_692 = mul i26 %sext_ln73_723, i26 %sext_ln73_586" [firmware/nnet_utils/nnet_dense_resource.h:58->firmware/nnet_utils/nnet_dense_resource.h:262->firmware/nnet_utils/nnet_dense_stream.h:24->firmware/nnet_utils/nnet_dense_stream.h:97]   --->   Operation 1194 'mul' 'mul_ln58_692' <Predicate = true> <Delay = 3.34> <CoreInst = "Multiplier">   --->   Core 3 'Multiplier' <Latency = 1> <II = 1> <Delay = 3.34> <FuncUnit> <Opcode : 'mul'> <InPorts = 2> <OutPorts = 1>
ST_6 : Operation 1195 [1/1] (0.00ns)   --->   "%trunc_ln58_689 = partselect i16 @_ssdm_op_PartSelect.i16.i26.i32.i32, i26 %mul_ln58_692, i32 10, i32 25" [firmware/nnet_utils/nnet_dense_resource.h:58->firmware/nnet_utils/nnet_dense_resource.h:262->firmware/nnet_utils/nnet_dense_stream.h:24->firmware/nnet_utils/nnet_dense_stream.h:97]   --->   Operation 1195 'partselect' 'trunc_ln58_689' <Predicate = true> <Delay = 0.00>
ST_6 : Operation 1196 [1/2] (3.34ns)   --->   "%mul_ln58_693 = mul i26 %sext_ln73_724, i26 %sext_ln73_588" [firmware/nnet_utils/nnet_dense_resource.h:58->firmware/nnet_utils/nnet_dense_resource.h:262->firmware/nnet_utils/nnet_dense_stream.h:24->firmware/nnet_utils/nnet_dense_stream.h:97]   --->   Operation 1196 'mul' 'mul_ln58_693' <Predicate = true> <Delay = 3.34> <CoreInst = "Multiplier">   --->   Core 3 'Multiplier' <Latency = 1> <II = 1> <Delay = 3.34> <FuncUnit> <Opcode : 'mul'> <InPorts = 2> <OutPorts = 1>
ST_6 : Operation 1197 [1/1] (0.00ns)   --->   "%trunc_ln58_690 = partselect i16 @_ssdm_op_PartSelect.i16.i26.i32.i32, i26 %mul_ln58_693, i32 10, i32 25" [firmware/nnet_utils/nnet_dense_resource.h:58->firmware/nnet_utils/nnet_dense_resource.h:262->firmware/nnet_utils/nnet_dense_stream.h:24->firmware/nnet_utils/nnet_dense_stream.h:97]   --->   Operation 1197 'partselect' 'trunc_ln58_690' <Predicate = true> <Delay = 0.00>
ST_6 : Operation 1198 [1/2] (3.34ns)   --->   "%mul_ln58_694 = mul i26 %sext_ln73_725, i26 %sext_ln73_574" [firmware/nnet_utils/nnet_dense_resource.h:58->firmware/nnet_utils/nnet_dense_resource.h:262->firmware/nnet_utils/nnet_dense_stream.h:24->firmware/nnet_utils/nnet_dense_stream.h:97]   --->   Operation 1198 'mul' 'mul_ln58_694' <Predicate = true> <Delay = 3.34> <CoreInst = "Multiplier">   --->   Core 3 'Multiplier' <Latency = 1> <II = 1> <Delay = 3.34> <FuncUnit> <Opcode : 'mul'> <InPorts = 2> <OutPorts = 1>
ST_6 : Operation 1199 [1/1] (0.00ns)   --->   "%trunc_ln58_691 = partselect i16 @_ssdm_op_PartSelect.i16.i26.i32.i32, i26 %mul_ln58_694, i32 10, i32 25" [firmware/nnet_utils/nnet_dense_resource.h:58->firmware/nnet_utils/nnet_dense_resource.h:262->firmware/nnet_utils/nnet_dense_stream.h:24->firmware/nnet_utils/nnet_dense_stream.h:97]   --->   Operation 1199 'partselect' 'trunc_ln58_691' <Predicate = true> <Delay = 0.00>
ST_6 : Operation 1200 [1/2] (3.34ns)   --->   "%mul_ln58_695 = mul i26 %sext_ln73_726, i26 %sext_ln73_576" [firmware/nnet_utils/nnet_dense_resource.h:58->firmware/nnet_utils/nnet_dense_resource.h:262->firmware/nnet_utils/nnet_dense_stream.h:24->firmware/nnet_utils/nnet_dense_stream.h:97]   --->   Operation 1200 'mul' 'mul_ln58_695' <Predicate = true> <Delay = 3.34> <CoreInst = "Multiplier">   --->   Core 3 'Multiplier' <Latency = 1> <II = 1> <Delay = 3.34> <FuncUnit> <Opcode : 'mul'> <InPorts = 2> <OutPorts = 1>
ST_6 : Operation 1201 [1/1] (0.00ns)   --->   "%trunc_ln58_692 = partselect i16 @_ssdm_op_PartSelect.i16.i26.i32.i32, i26 %mul_ln58_695, i32 10, i32 25" [firmware/nnet_utils/nnet_dense_resource.h:58->firmware/nnet_utils/nnet_dense_resource.h:262->firmware/nnet_utils/nnet_dense_stream.h:24->firmware/nnet_utils/nnet_dense_stream.h:97]   --->   Operation 1201 'partselect' 'trunc_ln58_692' <Predicate = true> <Delay = 0.00>
ST_6 : Operation 1202 [1/2] (3.34ns)   --->   "%mul_ln58_696 = mul i26 %sext_ln73_727, i26 %sext_ln73_578" [firmware/nnet_utils/nnet_dense_resource.h:58->firmware/nnet_utils/nnet_dense_resource.h:262->firmware/nnet_utils/nnet_dense_stream.h:24->firmware/nnet_utils/nnet_dense_stream.h:97]   --->   Operation 1202 'mul' 'mul_ln58_696' <Predicate = true> <Delay = 3.34> <CoreInst = "Multiplier">   --->   Core 3 'Multiplier' <Latency = 1> <II = 1> <Delay = 3.34> <FuncUnit> <Opcode : 'mul'> <InPorts = 2> <OutPorts = 1>
ST_6 : Operation 1203 [1/1] (0.00ns)   --->   "%trunc_ln58_693 = partselect i16 @_ssdm_op_PartSelect.i16.i26.i32.i32, i26 %mul_ln58_696, i32 10, i32 25" [firmware/nnet_utils/nnet_dense_resource.h:58->firmware/nnet_utils/nnet_dense_resource.h:262->firmware/nnet_utils/nnet_dense_stream.h:24->firmware/nnet_utils/nnet_dense_stream.h:97]   --->   Operation 1203 'partselect' 'trunc_ln58_693' <Predicate = true> <Delay = 0.00>
ST_6 : Operation 1204 [1/2] (3.34ns)   --->   "%mul_ln58_697 = mul i26 %sext_ln73_728, i26 %sext_ln73_580" [firmware/nnet_utils/nnet_dense_resource.h:58->firmware/nnet_utils/nnet_dense_resource.h:262->firmware/nnet_utils/nnet_dense_stream.h:24->firmware/nnet_utils/nnet_dense_stream.h:97]   --->   Operation 1204 'mul' 'mul_ln58_697' <Predicate = true> <Delay = 3.34> <CoreInst = "Multiplier">   --->   Core 3 'Multiplier' <Latency = 1> <II = 1> <Delay = 3.34> <FuncUnit> <Opcode : 'mul'> <InPorts = 2> <OutPorts = 1>
ST_6 : Operation 1205 [1/1] (0.00ns)   --->   "%trunc_ln58_694 = partselect i16 @_ssdm_op_PartSelect.i16.i26.i32.i32, i26 %mul_ln58_697, i32 10, i32 25" [firmware/nnet_utils/nnet_dense_resource.h:58->firmware/nnet_utils/nnet_dense_resource.h:262->firmware/nnet_utils/nnet_dense_stream.h:24->firmware/nnet_utils/nnet_dense_stream.h:97]   --->   Operation 1205 'partselect' 'trunc_ln58_694' <Predicate = true> <Delay = 0.00>
ST_6 : Operation 1206 [1/2] (3.34ns)   --->   "%mul_ln58_698 = mul i26 %sext_ln73_729, i26 %sext_ln73_582" [firmware/nnet_utils/nnet_dense_resource.h:58->firmware/nnet_utils/nnet_dense_resource.h:262->firmware/nnet_utils/nnet_dense_stream.h:24->firmware/nnet_utils/nnet_dense_stream.h:97]   --->   Operation 1206 'mul' 'mul_ln58_698' <Predicate = true> <Delay = 3.34> <CoreInst = "Multiplier">   --->   Core 3 'Multiplier' <Latency = 1> <II = 1> <Delay = 3.34> <FuncUnit> <Opcode : 'mul'> <InPorts = 2> <OutPorts = 1>
ST_6 : Operation 1207 [1/1] (0.00ns)   --->   "%trunc_ln58_695 = partselect i16 @_ssdm_op_PartSelect.i16.i26.i32.i32, i26 %mul_ln58_698, i32 10, i32 25" [firmware/nnet_utils/nnet_dense_resource.h:58->firmware/nnet_utils/nnet_dense_resource.h:262->firmware/nnet_utils/nnet_dense_stream.h:24->firmware/nnet_utils/nnet_dense_stream.h:97]   --->   Operation 1207 'partselect' 'trunc_ln58_695' <Predicate = true> <Delay = 0.00>
ST_6 : Operation 1208 [1/2] (3.34ns)   --->   "%mul_ln58_699 = mul i26 %sext_ln73_730, i26 %sext_ln73_584" [firmware/nnet_utils/nnet_dense_resource.h:58->firmware/nnet_utils/nnet_dense_resource.h:262->firmware/nnet_utils/nnet_dense_stream.h:24->firmware/nnet_utils/nnet_dense_stream.h:97]   --->   Operation 1208 'mul' 'mul_ln58_699' <Predicate = true> <Delay = 3.34> <CoreInst = "Multiplier">   --->   Core 3 'Multiplier' <Latency = 1> <II = 1> <Delay = 3.34> <FuncUnit> <Opcode : 'mul'> <InPorts = 2> <OutPorts = 1>
ST_6 : Operation 1209 [1/1] (0.00ns)   --->   "%trunc_ln58_696 = partselect i16 @_ssdm_op_PartSelect.i16.i26.i32.i32, i26 %mul_ln58_699, i32 10, i32 25" [firmware/nnet_utils/nnet_dense_resource.h:58->firmware/nnet_utils/nnet_dense_resource.h:262->firmware/nnet_utils/nnet_dense_stream.h:24->firmware/nnet_utils/nnet_dense_stream.h:97]   --->   Operation 1209 'partselect' 'trunc_ln58_696' <Predicate = true> <Delay = 0.00>
ST_6 : Operation 1210 [1/2] (3.34ns)   --->   "%mul_ln58_700 = mul i26 %sext_ln73_731, i26 %sext_ln73_586" [firmware/nnet_utils/nnet_dense_resource.h:58->firmware/nnet_utils/nnet_dense_resource.h:262->firmware/nnet_utils/nnet_dense_stream.h:24->firmware/nnet_utils/nnet_dense_stream.h:97]   --->   Operation 1210 'mul' 'mul_ln58_700' <Predicate = true> <Delay = 3.34> <CoreInst = "Multiplier">   --->   Core 3 'Multiplier' <Latency = 1> <II = 1> <Delay = 3.34> <FuncUnit> <Opcode : 'mul'> <InPorts = 2> <OutPorts = 1>
ST_6 : Operation 1211 [1/1] (0.00ns)   --->   "%trunc_ln58_697 = partselect i16 @_ssdm_op_PartSelect.i16.i26.i32.i32, i26 %mul_ln58_700, i32 10, i32 25" [firmware/nnet_utils/nnet_dense_resource.h:58->firmware/nnet_utils/nnet_dense_resource.h:262->firmware/nnet_utils/nnet_dense_stream.h:24->firmware/nnet_utils/nnet_dense_stream.h:97]   --->   Operation 1211 'partselect' 'trunc_ln58_697' <Predicate = true> <Delay = 0.00>
ST_6 : Operation 1212 [1/2] (3.34ns)   --->   "%mul_ln58_701 = mul i26 %sext_ln73_732, i26 %sext_ln73_588" [firmware/nnet_utils/nnet_dense_resource.h:58->firmware/nnet_utils/nnet_dense_resource.h:262->firmware/nnet_utils/nnet_dense_stream.h:24->firmware/nnet_utils/nnet_dense_stream.h:97]   --->   Operation 1212 'mul' 'mul_ln58_701' <Predicate = true> <Delay = 3.34> <CoreInst = "Multiplier">   --->   Core 3 'Multiplier' <Latency = 1> <II = 1> <Delay = 3.34> <FuncUnit> <Opcode : 'mul'> <InPorts = 2> <OutPorts = 1>
ST_6 : Operation 1213 [1/1] (0.00ns)   --->   "%trunc_ln58_698 = partselect i16 @_ssdm_op_PartSelect.i16.i26.i32.i32, i26 %mul_ln58_701, i32 10, i32 25" [firmware/nnet_utils/nnet_dense_resource.h:58->firmware/nnet_utils/nnet_dense_resource.h:262->firmware/nnet_utils/nnet_dense_stream.h:24->firmware/nnet_utils/nnet_dense_stream.h:97]   --->   Operation 1213 'partselect' 'trunc_ln58_698' <Predicate = true> <Delay = 0.00>
ST_6 : Operation 1214 [1/2] (3.34ns)   --->   "%mul_ln58_702 = mul i26 %sext_ln73_733, i26 %sext_ln73_574" [firmware/nnet_utils/nnet_dense_resource.h:58->firmware/nnet_utils/nnet_dense_resource.h:262->firmware/nnet_utils/nnet_dense_stream.h:24->firmware/nnet_utils/nnet_dense_stream.h:97]   --->   Operation 1214 'mul' 'mul_ln58_702' <Predicate = true> <Delay = 3.34> <CoreInst = "Multiplier">   --->   Core 3 'Multiplier' <Latency = 1> <II = 1> <Delay = 3.34> <FuncUnit> <Opcode : 'mul'> <InPorts = 2> <OutPorts = 1>
ST_6 : Operation 1215 [1/1] (0.00ns)   --->   "%trunc_ln58_699 = partselect i16 @_ssdm_op_PartSelect.i16.i26.i32.i32, i26 %mul_ln58_702, i32 10, i32 25" [firmware/nnet_utils/nnet_dense_resource.h:58->firmware/nnet_utils/nnet_dense_resource.h:262->firmware/nnet_utils/nnet_dense_stream.h:24->firmware/nnet_utils/nnet_dense_stream.h:97]   --->   Operation 1215 'partselect' 'trunc_ln58_699' <Predicate = true> <Delay = 0.00>
ST_6 : Operation 1216 [1/2] (3.34ns)   --->   "%mul_ln58_703 = mul i26 %sext_ln73_734, i26 %sext_ln73_576" [firmware/nnet_utils/nnet_dense_resource.h:58->firmware/nnet_utils/nnet_dense_resource.h:262->firmware/nnet_utils/nnet_dense_stream.h:24->firmware/nnet_utils/nnet_dense_stream.h:97]   --->   Operation 1216 'mul' 'mul_ln58_703' <Predicate = true> <Delay = 3.34> <CoreInst = "Multiplier">   --->   Core 3 'Multiplier' <Latency = 1> <II = 1> <Delay = 3.34> <FuncUnit> <Opcode : 'mul'> <InPorts = 2> <OutPorts = 1>
ST_6 : Operation 1217 [1/1] (0.00ns)   --->   "%trunc_ln58_700 = partselect i16 @_ssdm_op_PartSelect.i16.i26.i32.i32, i26 %mul_ln58_703, i32 10, i32 25" [firmware/nnet_utils/nnet_dense_resource.h:58->firmware/nnet_utils/nnet_dense_resource.h:262->firmware/nnet_utils/nnet_dense_stream.h:24->firmware/nnet_utils/nnet_dense_stream.h:97]   --->   Operation 1217 'partselect' 'trunc_ln58_700' <Predicate = true> <Delay = 0.00>
ST_6 : Operation 1218 [1/2] (3.34ns)   --->   "%mul_ln58_704 = mul i26 %sext_ln73_735, i26 %sext_ln73_578" [firmware/nnet_utils/nnet_dense_resource.h:58->firmware/nnet_utils/nnet_dense_resource.h:262->firmware/nnet_utils/nnet_dense_stream.h:24->firmware/nnet_utils/nnet_dense_stream.h:97]   --->   Operation 1218 'mul' 'mul_ln58_704' <Predicate = true> <Delay = 3.34> <CoreInst = "Multiplier">   --->   Core 3 'Multiplier' <Latency = 1> <II = 1> <Delay = 3.34> <FuncUnit> <Opcode : 'mul'> <InPorts = 2> <OutPorts = 1>
ST_6 : Operation 1219 [1/1] (0.00ns)   --->   "%trunc_ln58_701 = partselect i16 @_ssdm_op_PartSelect.i16.i26.i32.i32, i26 %mul_ln58_704, i32 10, i32 25" [firmware/nnet_utils/nnet_dense_resource.h:58->firmware/nnet_utils/nnet_dense_resource.h:262->firmware/nnet_utils/nnet_dense_stream.h:24->firmware/nnet_utils/nnet_dense_stream.h:97]   --->   Operation 1219 'partselect' 'trunc_ln58_701' <Predicate = true> <Delay = 0.00>
ST_6 : Operation 1220 [1/2] (3.34ns)   --->   "%mul_ln58_705 = mul i26 %sext_ln73_736, i26 %sext_ln73_580" [firmware/nnet_utils/nnet_dense_resource.h:58->firmware/nnet_utils/nnet_dense_resource.h:262->firmware/nnet_utils/nnet_dense_stream.h:24->firmware/nnet_utils/nnet_dense_stream.h:97]   --->   Operation 1220 'mul' 'mul_ln58_705' <Predicate = true> <Delay = 3.34> <CoreInst = "Multiplier">   --->   Core 3 'Multiplier' <Latency = 1> <II = 1> <Delay = 3.34> <FuncUnit> <Opcode : 'mul'> <InPorts = 2> <OutPorts = 1>
ST_6 : Operation 1221 [1/1] (0.00ns)   --->   "%trunc_ln58_702 = partselect i16 @_ssdm_op_PartSelect.i16.i26.i32.i32, i26 %mul_ln58_705, i32 10, i32 25" [firmware/nnet_utils/nnet_dense_resource.h:58->firmware/nnet_utils/nnet_dense_resource.h:262->firmware/nnet_utils/nnet_dense_stream.h:24->firmware/nnet_utils/nnet_dense_stream.h:97]   --->   Operation 1221 'partselect' 'trunc_ln58_702' <Predicate = true> <Delay = 0.00>
ST_6 : Operation 1222 [1/2] (3.34ns)   --->   "%mul_ln58_706 = mul i26 %sext_ln73_737, i26 %sext_ln73_582" [firmware/nnet_utils/nnet_dense_resource.h:58->firmware/nnet_utils/nnet_dense_resource.h:262->firmware/nnet_utils/nnet_dense_stream.h:24->firmware/nnet_utils/nnet_dense_stream.h:97]   --->   Operation 1222 'mul' 'mul_ln58_706' <Predicate = true> <Delay = 3.34> <CoreInst = "Multiplier">   --->   Core 3 'Multiplier' <Latency = 1> <II = 1> <Delay = 3.34> <FuncUnit> <Opcode : 'mul'> <InPorts = 2> <OutPorts = 1>
ST_6 : Operation 1223 [1/1] (0.00ns)   --->   "%trunc_ln58_703 = partselect i16 @_ssdm_op_PartSelect.i16.i26.i32.i32, i26 %mul_ln58_706, i32 10, i32 25" [firmware/nnet_utils/nnet_dense_resource.h:58->firmware/nnet_utils/nnet_dense_resource.h:262->firmware/nnet_utils/nnet_dense_stream.h:24->firmware/nnet_utils/nnet_dense_stream.h:97]   --->   Operation 1223 'partselect' 'trunc_ln58_703' <Predicate = true> <Delay = 0.00>
ST_6 : Operation 1224 [1/2] (3.34ns)   --->   "%mul_ln58_707 = mul i26 %sext_ln73_738, i26 %sext_ln73_584" [firmware/nnet_utils/nnet_dense_resource.h:58->firmware/nnet_utils/nnet_dense_resource.h:262->firmware/nnet_utils/nnet_dense_stream.h:24->firmware/nnet_utils/nnet_dense_stream.h:97]   --->   Operation 1224 'mul' 'mul_ln58_707' <Predicate = true> <Delay = 3.34> <CoreInst = "Multiplier">   --->   Core 3 'Multiplier' <Latency = 1> <II = 1> <Delay = 3.34> <FuncUnit> <Opcode : 'mul'> <InPorts = 2> <OutPorts = 1>
ST_6 : Operation 1225 [1/1] (0.00ns)   --->   "%trunc_ln58_704 = partselect i16 @_ssdm_op_PartSelect.i16.i26.i32.i32, i26 %mul_ln58_707, i32 10, i32 25" [firmware/nnet_utils/nnet_dense_resource.h:58->firmware/nnet_utils/nnet_dense_resource.h:262->firmware/nnet_utils/nnet_dense_stream.h:24->firmware/nnet_utils/nnet_dense_stream.h:97]   --->   Operation 1225 'partselect' 'trunc_ln58_704' <Predicate = true> <Delay = 0.00>
ST_6 : Operation 1226 [1/2] (3.34ns)   --->   "%mul_ln58_708 = mul i26 %sext_ln73_739, i26 %sext_ln73_586" [firmware/nnet_utils/nnet_dense_resource.h:58->firmware/nnet_utils/nnet_dense_resource.h:262->firmware/nnet_utils/nnet_dense_stream.h:24->firmware/nnet_utils/nnet_dense_stream.h:97]   --->   Operation 1226 'mul' 'mul_ln58_708' <Predicate = true> <Delay = 3.34> <CoreInst = "Multiplier">   --->   Core 3 'Multiplier' <Latency = 1> <II = 1> <Delay = 3.34> <FuncUnit> <Opcode : 'mul'> <InPorts = 2> <OutPorts = 1>
ST_6 : Operation 1227 [1/1] (0.00ns)   --->   "%trunc_ln58_705 = partselect i16 @_ssdm_op_PartSelect.i16.i26.i32.i32, i26 %mul_ln58_708, i32 10, i32 25" [firmware/nnet_utils/nnet_dense_resource.h:58->firmware/nnet_utils/nnet_dense_resource.h:262->firmware/nnet_utils/nnet_dense_stream.h:24->firmware/nnet_utils/nnet_dense_stream.h:97]   --->   Operation 1227 'partselect' 'trunc_ln58_705' <Predicate = true> <Delay = 0.00>
ST_6 : Operation 1228 [1/2] (3.34ns)   --->   "%mul_ln58_709 = mul i26 %sext_ln73_740, i26 %sext_ln73_588" [firmware/nnet_utils/nnet_dense_resource.h:58->firmware/nnet_utils/nnet_dense_resource.h:262->firmware/nnet_utils/nnet_dense_stream.h:24->firmware/nnet_utils/nnet_dense_stream.h:97]   --->   Operation 1228 'mul' 'mul_ln58_709' <Predicate = true> <Delay = 3.34> <CoreInst = "Multiplier">   --->   Core 3 'Multiplier' <Latency = 1> <II = 1> <Delay = 3.34> <FuncUnit> <Opcode : 'mul'> <InPorts = 2> <OutPorts = 1>
ST_6 : Operation 1229 [1/1] (0.00ns)   --->   "%trunc_ln58_706 = partselect i16 @_ssdm_op_PartSelect.i16.i26.i32.i32, i26 %mul_ln58_709, i32 10, i32 25" [firmware/nnet_utils/nnet_dense_resource.h:58->firmware/nnet_utils/nnet_dense_resource.h:262->firmware/nnet_utils/nnet_dense_stream.h:24->firmware/nnet_utils/nnet_dense_stream.h:97]   --->   Operation 1229 'partselect' 'trunc_ln58_706' <Predicate = true> <Delay = 0.00>
ST_6 : Operation 1230 [1/2] (3.34ns)   --->   "%mul_ln58_710 = mul i26 %sext_ln73_741, i26 %sext_ln73_574" [firmware/nnet_utils/nnet_dense_resource.h:58->firmware/nnet_utils/nnet_dense_resource.h:262->firmware/nnet_utils/nnet_dense_stream.h:24->firmware/nnet_utils/nnet_dense_stream.h:97]   --->   Operation 1230 'mul' 'mul_ln58_710' <Predicate = true> <Delay = 3.34> <CoreInst = "Multiplier">   --->   Core 3 'Multiplier' <Latency = 1> <II = 1> <Delay = 3.34> <FuncUnit> <Opcode : 'mul'> <InPorts = 2> <OutPorts = 1>
ST_6 : Operation 1231 [1/1] (0.00ns)   --->   "%trunc_ln58_707 = partselect i16 @_ssdm_op_PartSelect.i16.i26.i32.i32, i26 %mul_ln58_710, i32 10, i32 25" [firmware/nnet_utils/nnet_dense_resource.h:58->firmware/nnet_utils/nnet_dense_resource.h:262->firmware/nnet_utils/nnet_dense_stream.h:24->firmware/nnet_utils/nnet_dense_stream.h:97]   --->   Operation 1231 'partselect' 'trunc_ln58_707' <Predicate = true> <Delay = 0.00>
ST_6 : Operation 1232 [1/2] (3.34ns)   --->   "%mul_ln58_711 = mul i26 %sext_ln73_742, i26 %sext_ln73_576" [firmware/nnet_utils/nnet_dense_resource.h:58->firmware/nnet_utils/nnet_dense_resource.h:262->firmware/nnet_utils/nnet_dense_stream.h:24->firmware/nnet_utils/nnet_dense_stream.h:97]   --->   Operation 1232 'mul' 'mul_ln58_711' <Predicate = true> <Delay = 3.34> <CoreInst = "Multiplier">   --->   Core 3 'Multiplier' <Latency = 1> <II = 1> <Delay = 3.34> <FuncUnit> <Opcode : 'mul'> <InPorts = 2> <OutPorts = 1>
ST_6 : Operation 1233 [1/1] (0.00ns)   --->   "%trunc_ln58_708 = partselect i16 @_ssdm_op_PartSelect.i16.i26.i32.i32, i26 %mul_ln58_711, i32 10, i32 25" [firmware/nnet_utils/nnet_dense_resource.h:58->firmware/nnet_utils/nnet_dense_resource.h:262->firmware/nnet_utils/nnet_dense_stream.h:24->firmware/nnet_utils/nnet_dense_stream.h:97]   --->   Operation 1233 'partselect' 'trunc_ln58_708' <Predicate = true> <Delay = 0.00>
ST_6 : Operation 1234 [1/2] (3.34ns)   --->   "%mul_ln58_712 = mul i26 %sext_ln73_743, i26 %sext_ln73_578" [firmware/nnet_utils/nnet_dense_resource.h:58->firmware/nnet_utils/nnet_dense_resource.h:262->firmware/nnet_utils/nnet_dense_stream.h:24->firmware/nnet_utils/nnet_dense_stream.h:97]   --->   Operation 1234 'mul' 'mul_ln58_712' <Predicate = true> <Delay = 3.34> <CoreInst = "Multiplier">   --->   Core 3 'Multiplier' <Latency = 1> <II = 1> <Delay = 3.34> <FuncUnit> <Opcode : 'mul'> <InPorts = 2> <OutPorts = 1>
ST_6 : Operation 1235 [1/1] (0.00ns)   --->   "%trunc_ln58_709 = partselect i16 @_ssdm_op_PartSelect.i16.i26.i32.i32, i26 %mul_ln58_712, i32 10, i32 25" [firmware/nnet_utils/nnet_dense_resource.h:58->firmware/nnet_utils/nnet_dense_resource.h:262->firmware/nnet_utils/nnet_dense_stream.h:24->firmware/nnet_utils/nnet_dense_stream.h:97]   --->   Operation 1235 'partselect' 'trunc_ln58_709' <Predicate = true> <Delay = 0.00>
ST_6 : Operation 1236 [1/2] (3.34ns)   --->   "%mul_ln58_713 = mul i26 %sext_ln73_744, i26 %sext_ln73_580" [firmware/nnet_utils/nnet_dense_resource.h:58->firmware/nnet_utils/nnet_dense_resource.h:262->firmware/nnet_utils/nnet_dense_stream.h:24->firmware/nnet_utils/nnet_dense_stream.h:97]   --->   Operation 1236 'mul' 'mul_ln58_713' <Predicate = true> <Delay = 3.34> <CoreInst = "Multiplier">   --->   Core 3 'Multiplier' <Latency = 1> <II = 1> <Delay = 3.34> <FuncUnit> <Opcode : 'mul'> <InPorts = 2> <OutPorts = 1>
ST_6 : Operation 1237 [1/1] (0.00ns)   --->   "%trunc_ln58_710 = partselect i16 @_ssdm_op_PartSelect.i16.i26.i32.i32, i26 %mul_ln58_713, i32 10, i32 25" [firmware/nnet_utils/nnet_dense_resource.h:58->firmware/nnet_utils/nnet_dense_resource.h:262->firmware/nnet_utils/nnet_dense_stream.h:24->firmware/nnet_utils/nnet_dense_stream.h:97]   --->   Operation 1237 'partselect' 'trunc_ln58_710' <Predicate = true> <Delay = 0.00>
ST_6 : Operation 1238 [1/2] (3.34ns)   --->   "%mul_ln58_714 = mul i26 %sext_ln73_745, i26 %sext_ln73_582" [firmware/nnet_utils/nnet_dense_resource.h:58->firmware/nnet_utils/nnet_dense_resource.h:262->firmware/nnet_utils/nnet_dense_stream.h:24->firmware/nnet_utils/nnet_dense_stream.h:97]   --->   Operation 1238 'mul' 'mul_ln58_714' <Predicate = true> <Delay = 3.34> <CoreInst = "Multiplier">   --->   Core 3 'Multiplier' <Latency = 1> <II = 1> <Delay = 3.34> <FuncUnit> <Opcode : 'mul'> <InPorts = 2> <OutPorts = 1>
ST_6 : Operation 1239 [1/1] (0.00ns)   --->   "%trunc_ln58_711 = partselect i16 @_ssdm_op_PartSelect.i16.i26.i32.i32, i26 %mul_ln58_714, i32 10, i32 25" [firmware/nnet_utils/nnet_dense_resource.h:58->firmware/nnet_utils/nnet_dense_resource.h:262->firmware/nnet_utils/nnet_dense_stream.h:24->firmware/nnet_utils/nnet_dense_stream.h:97]   --->   Operation 1239 'partselect' 'trunc_ln58_711' <Predicate = true> <Delay = 0.00>
ST_6 : Operation 1240 [1/2] (3.34ns)   --->   "%mul_ln58_715 = mul i26 %sext_ln73_746, i26 %sext_ln73_584" [firmware/nnet_utils/nnet_dense_resource.h:58->firmware/nnet_utils/nnet_dense_resource.h:262->firmware/nnet_utils/nnet_dense_stream.h:24->firmware/nnet_utils/nnet_dense_stream.h:97]   --->   Operation 1240 'mul' 'mul_ln58_715' <Predicate = true> <Delay = 3.34> <CoreInst = "Multiplier">   --->   Core 3 'Multiplier' <Latency = 1> <II = 1> <Delay = 3.34> <FuncUnit> <Opcode : 'mul'> <InPorts = 2> <OutPorts = 1>
ST_6 : Operation 1241 [1/1] (0.00ns)   --->   "%trunc_ln58_712 = partselect i16 @_ssdm_op_PartSelect.i16.i26.i32.i32, i26 %mul_ln58_715, i32 10, i32 25" [firmware/nnet_utils/nnet_dense_resource.h:58->firmware/nnet_utils/nnet_dense_resource.h:262->firmware/nnet_utils/nnet_dense_stream.h:24->firmware/nnet_utils/nnet_dense_stream.h:97]   --->   Operation 1241 'partselect' 'trunc_ln58_712' <Predicate = true> <Delay = 0.00>
ST_6 : Operation 1242 [1/2] (3.34ns)   --->   "%mul_ln58_716 = mul i26 %sext_ln73_747, i26 %sext_ln73_586" [firmware/nnet_utils/nnet_dense_resource.h:58->firmware/nnet_utils/nnet_dense_resource.h:262->firmware/nnet_utils/nnet_dense_stream.h:24->firmware/nnet_utils/nnet_dense_stream.h:97]   --->   Operation 1242 'mul' 'mul_ln58_716' <Predicate = true> <Delay = 3.34> <CoreInst = "Multiplier">   --->   Core 3 'Multiplier' <Latency = 1> <II = 1> <Delay = 3.34> <FuncUnit> <Opcode : 'mul'> <InPorts = 2> <OutPorts = 1>
ST_6 : Operation 1243 [1/1] (0.00ns)   --->   "%trunc_ln58_713 = partselect i16 @_ssdm_op_PartSelect.i16.i26.i32.i32, i26 %mul_ln58_716, i32 10, i32 25" [firmware/nnet_utils/nnet_dense_resource.h:58->firmware/nnet_utils/nnet_dense_resource.h:262->firmware/nnet_utils/nnet_dense_stream.h:24->firmware/nnet_utils/nnet_dense_stream.h:97]   --->   Operation 1243 'partselect' 'trunc_ln58_713' <Predicate = true> <Delay = 0.00>
ST_6 : Operation 1244 [1/2] (3.34ns)   --->   "%mul_ln58_717 = mul i26 %sext_ln73_748, i26 %sext_ln73_588" [firmware/nnet_utils/nnet_dense_resource.h:58->firmware/nnet_utils/nnet_dense_resource.h:262->firmware/nnet_utils/nnet_dense_stream.h:24->firmware/nnet_utils/nnet_dense_stream.h:97]   --->   Operation 1244 'mul' 'mul_ln58_717' <Predicate = true> <Delay = 3.34> <CoreInst = "Multiplier">   --->   Core 3 'Multiplier' <Latency = 1> <II = 1> <Delay = 3.34> <FuncUnit> <Opcode : 'mul'> <InPorts = 2> <OutPorts = 1>
ST_6 : Operation 1245 [1/1] (0.00ns)   --->   "%trunc_ln58_714 = partselect i16 @_ssdm_op_PartSelect.i16.i26.i32.i32, i26 %mul_ln58_717, i32 10, i32 25" [firmware/nnet_utils/nnet_dense_resource.h:58->firmware/nnet_utils/nnet_dense_resource.h:262->firmware/nnet_utils/nnet_dense_stream.h:24->firmware/nnet_utils/nnet_dense_stream.h:97]   --->   Operation 1245 'partselect' 'trunc_ln58_714' <Predicate = true> <Delay = 0.00>
ST_6 : Operation 1246 [1/2] (3.34ns)   --->   "%mul_ln58_718 = mul i26 %sext_ln73_749, i26 %sext_ln73_574" [firmware/nnet_utils/nnet_dense_resource.h:58->firmware/nnet_utils/nnet_dense_resource.h:262->firmware/nnet_utils/nnet_dense_stream.h:24->firmware/nnet_utils/nnet_dense_stream.h:97]   --->   Operation 1246 'mul' 'mul_ln58_718' <Predicate = true> <Delay = 3.34> <CoreInst = "Multiplier">   --->   Core 3 'Multiplier' <Latency = 1> <II = 1> <Delay = 3.34> <FuncUnit> <Opcode : 'mul'> <InPorts = 2> <OutPorts = 1>
ST_6 : Operation 1247 [1/1] (0.00ns)   --->   "%trunc_ln58_715 = partselect i16 @_ssdm_op_PartSelect.i16.i26.i32.i32, i26 %mul_ln58_718, i32 10, i32 25" [firmware/nnet_utils/nnet_dense_resource.h:58->firmware/nnet_utils/nnet_dense_resource.h:262->firmware/nnet_utils/nnet_dense_stream.h:24->firmware/nnet_utils/nnet_dense_stream.h:97]   --->   Operation 1247 'partselect' 'trunc_ln58_715' <Predicate = true> <Delay = 0.00>
ST_6 : Operation 1248 [1/2] (3.34ns)   --->   "%mul_ln58_719 = mul i26 %sext_ln73_750, i26 %sext_ln73_576" [firmware/nnet_utils/nnet_dense_resource.h:58->firmware/nnet_utils/nnet_dense_resource.h:262->firmware/nnet_utils/nnet_dense_stream.h:24->firmware/nnet_utils/nnet_dense_stream.h:97]   --->   Operation 1248 'mul' 'mul_ln58_719' <Predicate = true> <Delay = 3.34> <CoreInst = "Multiplier">   --->   Core 3 'Multiplier' <Latency = 1> <II = 1> <Delay = 3.34> <FuncUnit> <Opcode : 'mul'> <InPorts = 2> <OutPorts = 1>
ST_6 : Operation 1249 [1/1] (0.00ns)   --->   "%trunc_ln58_716 = partselect i16 @_ssdm_op_PartSelect.i16.i26.i32.i32, i26 %mul_ln58_719, i32 10, i32 25" [firmware/nnet_utils/nnet_dense_resource.h:58->firmware/nnet_utils/nnet_dense_resource.h:262->firmware/nnet_utils/nnet_dense_stream.h:24->firmware/nnet_utils/nnet_dense_stream.h:97]   --->   Operation 1249 'partselect' 'trunc_ln58_716' <Predicate = true> <Delay = 0.00>
ST_6 : Operation 1250 [1/2] (3.34ns)   --->   "%mul_ln58_720 = mul i26 %sext_ln73_751, i26 %sext_ln73_578" [firmware/nnet_utils/nnet_dense_resource.h:58->firmware/nnet_utils/nnet_dense_resource.h:262->firmware/nnet_utils/nnet_dense_stream.h:24->firmware/nnet_utils/nnet_dense_stream.h:97]   --->   Operation 1250 'mul' 'mul_ln58_720' <Predicate = true> <Delay = 3.34> <CoreInst = "Multiplier">   --->   Core 3 'Multiplier' <Latency = 1> <II = 1> <Delay = 3.34> <FuncUnit> <Opcode : 'mul'> <InPorts = 2> <OutPorts = 1>
ST_6 : Operation 1251 [1/1] (0.00ns)   --->   "%trunc_ln58_717 = partselect i16 @_ssdm_op_PartSelect.i16.i26.i32.i32, i26 %mul_ln58_720, i32 10, i32 25" [firmware/nnet_utils/nnet_dense_resource.h:58->firmware/nnet_utils/nnet_dense_resource.h:262->firmware/nnet_utils/nnet_dense_stream.h:24->firmware/nnet_utils/nnet_dense_stream.h:97]   --->   Operation 1251 'partselect' 'trunc_ln58_717' <Predicate = true> <Delay = 0.00>
ST_6 : Operation 1252 [1/2] (3.34ns)   --->   "%mul_ln58_721 = mul i26 %sext_ln73_752, i26 %sext_ln73_580" [firmware/nnet_utils/nnet_dense_resource.h:58->firmware/nnet_utils/nnet_dense_resource.h:262->firmware/nnet_utils/nnet_dense_stream.h:24->firmware/nnet_utils/nnet_dense_stream.h:97]   --->   Operation 1252 'mul' 'mul_ln58_721' <Predicate = true> <Delay = 3.34> <CoreInst = "Multiplier">   --->   Core 3 'Multiplier' <Latency = 1> <II = 1> <Delay = 3.34> <FuncUnit> <Opcode : 'mul'> <InPorts = 2> <OutPorts = 1>
ST_6 : Operation 1253 [1/1] (0.00ns)   --->   "%trunc_ln58_718 = partselect i16 @_ssdm_op_PartSelect.i16.i26.i32.i32, i26 %mul_ln58_721, i32 10, i32 25" [firmware/nnet_utils/nnet_dense_resource.h:58->firmware/nnet_utils/nnet_dense_resource.h:262->firmware/nnet_utils/nnet_dense_stream.h:24->firmware/nnet_utils/nnet_dense_stream.h:97]   --->   Operation 1253 'partselect' 'trunc_ln58_718' <Predicate = true> <Delay = 0.00>
ST_6 : Operation 1254 [1/2] (3.34ns)   --->   "%mul_ln58_722 = mul i26 %sext_ln73_753, i26 %sext_ln73_582" [firmware/nnet_utils/nnet_dense_resource.h:58->firmware/nnet_utils/nnet_dense_resource.h:262->firmware/nnet_utils/nnet_dense_stream.h:24->firmware/nnet_utils/nnet_dense_stream.h:97]   --->   Operation 1254 'mul' 'mul_ln58_722' <Predicate = true> <Delay = 3.34> <CoreInst = "Multiplier">   --->   Core 3 'Multiplier' <Latency = 1> <II = 1> <Delay = 3.34> <FuncUnit> <Opcode : 'mul'> <InPorts = 2> <OutPorts = 1>
ST_6 : Operation 1255 [1/1] (0.00ns)   --->   "%trunc_ln58_719 = partselect i16 @_ssdm_op_PartSelect.i16.i26.i32.i32, i26 %mul_ln58_722, i32 10, i32 25" [firmware/nnet_utils/nnet_dense_resource.h:58->firmware/nnet_utils/nnet_dense_resource.h:262->firmware/nnet_utils/nnet_dense_stream.h:24->firmware/nnet_utils/nnet_dense_stream.h:97]   --->   Operation 1255 'partselect' 'trunc_ln58_719' <Predicate = true> <Delay = 0.00>
ST_6 : Operation 1256 [1/2] (3.34ns)   --->   "%mul_ln58_723 = mul i26 %sext_ln73_754, i26 %sext_ln73_584" [firmware/nnet_utils/nnet_dense_resource.h:58->firmware/nnet_utils/nnet_dense_resource.h:262->firmware/nnet_utils/nnet_dense_stream.h:24->firmware/nnet_utils/nnet_dense_stream.h:97]   --->   Operation 1256 'mul' 'mul_ln58_723' <Predicate = true> <Delay = 3.34> <CoreInst = "Multiplier">   --->   Core 3 'Multiplier' <Latency = 1> <II = 1> <Delay = 3.34> <FuncUnit> <Opcode : 'mul'> <InPorts = 2> <OutPorts = 1>
ST_6 : Operation 1257 [1/1] (0.00ns)   --->   "%trunc_ln58_720 = partselect i16 @_ssdm_op_PartSelect.i16.i26.i32.i32, i26 %mul_ln58_723, i32 10, i32 25" [firmware/nnet_utils/nnet_dense_resource.h:58->firmware/nnet_utils/nnet_dense_resource.h:262->firmware/nnet_utils/nnet_dense_stream.h:24->firmware/nnet_utils/nnet_dense_stream.h:97]   --->   Operation 1257 'partselect' 'trunc_ln58_720' <Predicate = true> <Delay = 0.00>
ST_6 : Operation 1258 [1/2] (3.34ns)   --->   "%mul_ln58_724 = mul i26 %sext_ln73_755, i26 %sext_ln73_586" [firmware/nnet_utils/nnet_dense_resource.h:58->firmware/nnet_utils/nnet_dense_resource.h:262->firmware/nnet_utils/nnet_dense_stream.h:24->firmware/nnet_utils/nnet_dense_stream.h:97]   --->   Operation 1258 'mul' 'mul_ln58_724' <Predicate = true> <Delay = 3.34> <CoreInst = "Multiplier">   --->   Core 3 'Multiplier' <Latency = 1> <II = 1> <Delay = 3.34> <FuncUnit> <Opcode : 'mul'> <InPorts = 2> <OutPorts = 1>
ST_6 : Operation 1259 [1/1] (0.00ns)   --->   "%trunc_ln58_721 = partselect i16 @_ssdm_op_PartSelect.i16.i26.i32.i32, i26 %mul_ln58_724, i32 10, i32 25" [firmware/nnet_utils/nnet_dense_resource.h:58->firmware/nnet_utils/nnet_dense_resource.h:262->firmware/nnet_utils/nnet_dense_stream.h:24->firmware/nnet_utils/nnet_dense_stream.h:97]   --->   Operation 1259 'partselect' 'trunc_ln58_721' <Predicate = true> <Delay = 0.00>
ST_6 : Operation 1260 [1/2] (3.34ns)   --->   "%mul_ln58_725 = mul i26 %sext_ln73_756, i26 %sext_ln73_588" [firmware/nnet_utils/nnet_dense_resource.h:58->firmware/nnet_utils/nnet_dense_resource.h:262->firmware/nnet_utils/nnet_dense_stream.h:24->firmware/nnet_utils/nnet_dense_stream.h:97]   --->   Operation 1260 'mul' 'mul_ln58_725' <Predicate = true> <Delay = 3.34> <CoreInst = "Multiplier">   --->   Core 3 'Multiplier' <Latency = 1> <II = 1> <Delay = 3.34> <FuncUnit> <Opcode : 'mul'> <InPorts = 2> <OutPorts = 1>
ST_6 : Operation 1261 [1/1] (0.00ns)   --->   "%trunc_ln58_722 = partselect i16 @_ssdm_op_PartSelect.i16.i26.i32.i32, i26 %mul_ln58_725, i32 10, i32 25" [firmware/nnet_utils/nnet_dense_resource.h:58->firmware/nnet_utils/nnet_dense_resource.h:262->firmware/nnet_utils/nnet_dense_stream.h:24->firmware/nnet_utils/nnet_dense_stream.h:97]   --->   Operation 1261 'partselect' 'trunc_ln58_722' <Predicate = true> <Delay = 0.00>
ST_6 : Operation 1262 [1/2] (3.34ns)   --->   "%mul_ln58_726 = mul i26 %sext_ln73_757, i26 %sext_ln73_574" [firmware/nnet_utils/nnet_dense_resource.h:58->firmware/nnet_utils/nnet_dense_resource.h:262->firmware/nnet_utils/nnet_dense_stream.h:24->firmware/nnet_utils/nnet_dense_stream.h:97]   --->   Operation 1262 'mul' 'mul_ln58_726' <Predicate = true> <Delay = 3.34> <CoreInst = "Multiplier">   --->   Core 3 'Multiplier' <Latency = 1> <II = 1> <Delay = 3.34> <FuncUnit> <Opcode : 'mul'> <InPorts = 2> <OutPorts = 1>
ST_6 : Operation 1263 [1/1] (0.00ns)   --->   "%trunc_ln58_723 = partselect i16 @_ssdm_op_PartSelect.i16.i26.i32.i32, i26 %mul_ln58_726, i32 10, i32 25" [firmware/nnet_utils/nnet_dense_resource.h:58->firmware/nnet_utils/nnet_dense_resource.h:262->firmware/nnet_utils/nnet_dense_stream.h:24->firmware/nnet_utils/nnet_dense_stream.h:97]   --->   Operation 1263 'partselect' 'trunc_ln58_723' <Predicate = true> <Delay = 0.00>
ST_6 : Operation 1264 [1/2] (3.34ns)   --->   "%mul_ln58_727 = mul i26 %sext_ln73_758, i26 %sext_ln73_576" [firmware/nnet_utils/nnet_dense_resource.h:58->firmware/nnet_utils/nnet_dense_resource.h:262->firmware/nnet_utils/nnet_dense_stream.h:24->firmware/nnet_utils/nnet_dense_stream.h:97]   --->   Operation 1264 'mul' 'mul_ln58_727' <Predicate = true> <Delay = 3.34> <CoreInst = "Multiplier">   --->   Core 3 'Multiplier' <Latency = 1> <II = 1> <Delay = 3.34> <FuncUnit> <Opcode : 'mul'> <InPorts = 2> <OutPorts = 1>
ST_6 : Operation 1265 [1/1] (0.00ns)   --->   "%trunc_ln58_724 = partselect i16 @_ssdm_op_PartSelect.i16.i26.i32.i32, i26 %mul_ln58_727, i32 10, i32 25" [firmware/nnet_utils/nnet_dense_resource.h:58->firmware/nnet_utils/nnet_dense_resource.h:262->firmware/nnet_utils/nnet_dense_stream.h:24->firmware/nnet_utils/nnet_dense_stream.h:97]   --->   Operation 1265 'partselect' 'trunc_ln58_724' <Predicate = true> <Delay = 0.00>
ST_6 : Operation 1266 [1/2] (3.34ns)   --->   "%mul_ln58_728 = mul i26 %sext_ln73_759, i26 %sext_ln73_578" [firmware/nnet_utils/nnet_dense_resource.h:58->firmware/nnet_utils/nnet_dense_resource.h:262->firmware/nnet_utils/nnet_dense_stream.h:24->firmware/nnet_utils/nnet_dense_stream.h:97]   --->   Operation 1266 'mul' 'mul_ln58_728' <Predicate = true> <Delay = 3.34> <CoreInst = "Multiplier">   --->   Core 3 'Multiplier' <Latency = 1> <II = 1> <Delay = 3.34> <FuncUnit> <Opcode : 'mul'> <InPorts = 2> <OutPorts = 1>
ST_6 : Operation 1267 [1/1] (0.00ns)   --->   "%trunc_ln58_725 = partselect i16 @_ssdm_op_PartSelect.i16.i26.i32.i32, i26 %mul_ln58_728, i32 10, i32 25" [firmware/nnet_utils/nnet_dense_resource.h:58->firmware/nnet_utils/nnet_dense_resource.h:262->firmware/nnet_utils/nnet_dense_stream.h:24->firmware/nnet_utils/nnet_dense_stream.h:97]   --->   Operation 1267 'partselect' 'trunc_ln58_725' <Predicate = true> <Delay = 0.00>
ST_6 : Operation 1268 [1/2] (3.34ns)   --->   "%mul_ln58_729 = mul i26 %sext_ln73_760, i26 %sext_ln73_580" [firmware/nnet_utils/nnet_dense_resource.h:58->firmware/nnet_utils/nnet_dense_resource.h:262->firmware/nnet_utils/nnet_dense_stream.h:24->firmware/nnet_utils/nnet_dense_stream.h:97]   --->   Operation 1268 'mul' 'mul_ln58_729' <Predicate = true> <Delay = 3.34> <CoreInst = "Multiplier">   --->   Core 3 'Multiplier' <Latency = 1> <II = 1> <Delay = 3.34> <FuncUnit> <Opcode : 'mul'> <InPorts = 2> <OutPorts = 1>
ST_6 : Operation 1269 [1/1] (0.00ns)   --->   "%trunc_ln58_726 = partselect i16 @_ssdm_op_PartSelect.i16.i26.i32.i32, i26 %mul_ln58_729, i32 10, i32 25" [firmware/nnet_utils/nnet_dense_resource.h:58->firmware/nnet_utils/nnet_dense_resource.h:262->firmware/nnet_utils/nnet_dense_stream.h:24->firmware/nnet_utils/nnet_dense_stream.h:97]   --->   Operation 1269 'partselect' 'trunc_ln58_726' <Predicate = true> <Delay = 0.00>
ST_6 : Operation 1270 [1/2] (3.34ns)   --->   "%mul_ln58_730 = mul i26 %sext_ln73_761, i26 %sext_ln73_582" [firmware/nnet_utils/nnet_dense_resource.h:58->firmware/nnet_utils/nnet_dense_resource.h:262->firmware/nnet_utils/nnet_dense_stream.h:24->firmware/nnet_utils/nnet_dense_stream.h:97]   --->   Operation 1270 'mul' 'mul_ln58_730' <Predicate = true> <Delay = 3.34> <CoreInst = "Multiplier">   --->   Core 3 'Multiplier' <Latency = 1> <II = 1> <Delay = 3.34> <FuncUnit> <Opcode : 'mul'> <InPorts = 2> <OutPorts = 1>
ST_6 : Operation 1271 [1/1] (0.00ns)   --->   "%trunc_ln58_727 = partselect i16 @_ssdm_op_PartSelect.i16.i26.i32.i32, i26 %mul_ln58_730, i32 10, i32 25" [firmware/nnet_utils/nnet_dense_resource.h:58->firmware/nnet_utils/nnet_dense_resource.h:262->firmware/nnet_utils/nnet_dense_stream.h:24->firmware/nnet_utils/nnet_dense_stream.h:97]   --->   Operation 1271 'partselect' 'trunc_ln58_727' <Predicate = true> <Delay = 0.00>
ST_6 : Operation 1272 [1/2] (3.34ns)   --->   "%mul_ln58_731 = mul i26 %sext_ln73_762, i26 %sext_ln73_584" [firmware/nnet_utils/nnet_dense_resource.h:58->firmware/nnet_utils/nnet_dense_resource.h:262->firmware/nnet_utils/nnet_dense_stream.h:24->firmware/nnet_utils/nnet_dense_stream.h:97]   --->   Operation 1272 'mul' 'mul_ln58_731' <Predicate = true> <Delay = 3.34> <CoreInst = "Multiplier">   --->   Core 3 'Multiplier' <Latency = 1> <II = 1> <Delay = 3.34> <FuncUnit> <Opcode : 'mul'> <InPorts = 2> <OutPorts = 1>
ST_6 : Operation 1273 [1/1] (0.00ns)   --->   "%trunc_ln58_728 = partselect i16 @_ssdm_op_PartSelect.i16.i26.i32.i32, i26 %mul_ln58_731, i32 10, i32 25" [firmware/nnet_utils/nnet_dense_resource.h:58->firmware/nnet_utils/nnet_dense_resource.h:262->firmware/nnet_utils/nnet_dense_stream.h:24->firmware/nnet_utils/nnet_dense_stream.h:97]   --->   Operation 1273 'partselect' 'trunc_ln58_728' <Predicate = true> <Delay = 0.00>
ST_6 : Operation 1274 [1/2] (3.34ns)   --->   "%mul_ln58_732 = mul i26 %sext_ln73_763, i26 %sext_ln73_586" [firmware/nnet_utils/nnet_dense_resource.h:58->firmware/nnet_utils/nnet_dense_resource.h:262->firmware/nnet_utils/nnet_dense_stream.h:24->firmware/nnet_utils/nnet_dense_stream.h:97]   --->   Operation 1274 'mul' 'mul_ln58_732' <Predicate = true> <Delay = 3.34> <CoreInst = "Multiplier">   --->   Core 3 'Multiplier' <Latency = 1> <II = 1> <Delay = 3.34> <FuncUnit> <Opcode : 'mul'> <InPorts = 2> <OutPorts = 1>
ST_6 : Operation 1275 [1/1] (0.00ns)   --->   "%trunc_ln58_729 = partselect i16 @_ssdm_op_PartSelect.i16.i26.i32.i32, i26 %mul_ln58_732, i32 10, i32 25" [firmware/nnet_utils/nnet_dense_resource.h:58->firmware/nnet_utils/nnet_dense_resource.h:262->firmware/nnet_utils/nnet_dense_stream.h:24->firmware/nnet_utils/nnet_dense_stream.h:97]   --->   Operation 1275 'partselect' 'trunc_ln58_729' <Predicate = true> <Delay = 0.00>
ST_6 : Operation 1276 [1/2] (3.34ns)   --->   "%mul_ln58_733 = mul i26 %sext_ln73_764, i26 %sext_ln73_588" [firmware/nnet_utils/nnet_dense_resource.h:58->firmware/nnet_utils/nnet_dense_resource.h:262->firmware/nnet_utils/nnet_dense_stream.h:24->firmware/nnet_utils/nnet_dense_stream.h:97]   --->   Operation 1276 'mul' 'mul_ln58_733' <Predicate = true> <Delay = 3.34> <CoreInst = "Multiplier">   --->   Core 3 'Multiplier' <Latency = 1> <II = 1> <Delay = 3.34> <FuncUnit> <Opcode : 'mul'> <InPorts = 2> <OutPorts = 1>
ST_6 : Operation 1277 [1/1] (0.00ns)   --->   "%trunc_ln58_730 = partselect i16 @_ssdm_op_PartSelect.i16.i26.i32.i32, i26 %mul_ln58_733, i32 10, i32 25" [firmware/nnet_utils/nnet_dense_resource.h:58->firmware/nnet_utils/nnet_dense_resource.h:262->firmware/nnet_utils/nnet_dense_stream.h:24->firmware/nnet_utils/nnet_dense_stream.h:97]   --->   Operation 1277 'partselect' 'trunc_ln58_730' <Predicate = true> <Delay = 0.00>
ST_6 : Operation 1278 [1/2] (3.34ns)   --->   "%mul_ln58_734 = mul i26 %sext_ln73_765, i26 %sext_ln73_574" [firmware/nnet_utils/nnet_dense_resource.h:58->firmware/nnet_utils/nnet_dense_resource.h:262->firmware/nnet_utils/nnet_dense_stream.h:24->firmware/nnet_utils/nnet_dense_stream.h:97]   --->   Operation 1278 'mul' 'mul_ln58_734' <Predicate = true> <Delay = 3.34> <CoreInst = "Multiplier">   --->   Core 3 'Multiplier' <Latency = 1> <II = 1> <Delay = 3.34> <FuncUnit> <Opcode : 'mul'> <InPorts = 2> <OutPorts = 1>
ST_6 : Operation 1279 [1/1] (0.00ns)   --->   "%trunc_ln58_731 = partselect i16 @_ssdm_op_PartSelect.i16.i26.i32.i32, i26 %mul_ln58_734, i32 10, i32 25" [firmware/nnet_utils/nnet_dense_resource.h:58->firmware/nnet_utils/nnet_dense_resource.h:262->firmware/nnet_utils/nnet_dense_stream.h:24->firmware/nnet_utils/nnet_dense_stream.h:97]   --->   Operation 1279 'partselect' 'trunc_ln58_731' <Predicate = true> <Delay = 0.00>
ST_6 : Operation 1280 [1/2] (3.34ns)   --->   "%mul_ln58_735 = mul i26 %sext_ln73_766, i26 %sext_ln73_576" [firmware/nnet_utils/nnet_dense_resource.h:58->firmware/nnet_utils/nnet_dense_resource.h:262->firmware/nnet_utils/nnet_dense_stream.h:24->firmware/nnet_utils/nnet_dense_stream.h:97]   --->   Operation 1280 'mul' 'mul_ln58_735' <Predicate = true> <Delay = 3.34> <CoreInst = "Multiplier">   --->   Core 3 'Multiplier' <Latency = 1> <II = 1> <Delay = 3.34> <FuncUnit> <Opcode : 'mul'> <InPorts = 2> <OutPorts = 1>
ST_6 : Operation 1281 [1/1] (0.00ns)   --->   "%trunc_ln58_732 = partselect i16 @_ssdm_op_PartSelect.i16.i26.i32.i32, i26 %mul_ln58_735, i32 10, i32 25" [firmware/nnet_utils/nnet_dense_resource.h:58->firmware/nnet_utils/nnet_dense_resource.h:262->firmware/nnet_utils/nnet_dense_stream.h:24->firmware/nnet_utils/nnet_dense_stream.h:97]   --->   Operation 1281 'partselect' 'trunc_ln58_732' <Predicate = true> <Delay = 0.00>
ST_6 : Operation 1282 [1/2] (3.34ns)   --->   "%mul_ln58_736 = mul i26 %sext_ln73_767, i26 %sext_ln73_578" [firmware/nnet_utils/nnet_dense_resource.h:58->firmware/nnet_utils/nnet_dense_resource.h:262->firmware/nnet_utils/nnet_dense_stream.h:24->firmware/nnet_utils/nnet_dense_stream.h:97]   --->   Operation 1282 'mul' 'mul_ln58_736' <Predicate = true> <Delay = 3.34> <CoreInst = "Multiplier">   --->   Core 3 'Multiplier' <Latency = 1> <II = 1> <Delay = 3.34> <FuncUnit> <Opcode : 'mul'> <InPorts = 2> <OutPorts = 1>
ST_6 : Operation 1283 [1/1] (0.00ns)   --->   "%trunc_ln58_733 = partselect i16 @_ssdm_op_PartSelect.i16.i26.i32.i32, i26 %mul_ln58_736, i32 10, i32 25" [firmware/nnet_utils/nnet_dense_resource.h:58->firmware/nnet_utils/nnet_dense_resource.h:262->firmware/nnet_utils/nnet_dense_stream.h:24->firmware/nnet_utils/nnet_dense_stream.h:97]   --->   Operation 1283 'partselect' 'trunc_ln58_733' <Predicate = true> <Delay = 0.00>
ST_6 : Operation 1284 [1/2] (3.34ns)   --->   "%mul_ln58_737 = mul i26 %sext_ln73_768, i26 %sext_ln73_580" [firmware/nnet_utils/nnet_dense_resource.h:58->firmware/nnet_utils/nnet_dense_resource.h:262->firmware/nnet_utils/nnet_dense_stream.h:24->firmware/nnet_utils/nnet_dense_stream.h:97]   --->   Operation 1284 'mul' 'mul_ln58_737' <Predicate = true> <Delay = 3.34> <CoreInst = "Multiplier">   --->   Core 3 'Multiplier' <Latency = 1> <II = 1> <Delay = 3.34> <FuncUnit> <Opcode : 'mul'> <InPorts = 2> <OutPorts = 1>
ST_6 : Operation 1285 [1/1] (0.00ns)   --->   "%trunc_ln58_734 = partselect i16 @_ssdm_op_PartSelect.i16.i26.i32.i32, i26 %mul_ln58_737, i32 10, i32 25" [firmware/nnet_utils/nnet_dense_resource.h:58->firmware/nnet_utils/nnet_dense_resource.h:262->firmware/nnet_utils/nnet_dense_stream.h:24->firmware/nnet_utils/nnet_dense_stream.h:97]   --->   Operation 1285 'partselect' 'trunc_ln58_734' <Predicate = true> <Delay = 0.00>
ST_6 : Operation 1286 [1/2] (3.34ns)   --->   "%mul_ln58_738 = mul i26 %sext_ln73_769, i26 %sext_ln73_582" [firmware/nnet_utils/nnet_dense_resource.h:58->firmware/nnet_utils/nnet_dense_resource.h:262->firmware/nnet_utils/nnet_dense_stream.h:24->firmware/nnet_utils/nnet_dense_stream.h:97]   --->   Operation 1286 'mul' 'mul_ln58_738' <Predicate = true> <Delay = 3.34> <CoreInst = "Multiplier">   --->   Core 3 'Multiplier' <Latency = 1> <II = 1> <Delay = 3.34> <FuncUnit> <Opcode : 'mul'> <InPorts = 2> <OutPorts = 1>
ST_6 : Operation 1287 [1/1] (0.00ns)   --->   "%trunc_ln58_735 = partselect i16 @_ssdm_op_PartSelect.i16.i26.i32.i32, i26 %mul_ln58_738, i32 10, i32 25" [firmware/nnet_utils/nnet_dense_resource.h:58->firmware/nnet_utils/nnet_dense_resource.h:262->firmware/nnet_utils/nnet_dense_stream.h:24->firmware/nnet_utils/nnet_dense_stream.h:97]   --->   Operation 1287 'partselect' 'trunc_ln58_735' <Predicate = true> <Delay = 0.00>
ST_6 : Operation 1288 [1/2] (3.34ns)   --->   "%mul_ln58_739 = mul i26 %sext_ln73_770, i26 %sext_ln73_584" [firmware/nnet_utils/nnet_dense_resource.h:58->firmware/nnet_utils/nnet_dense_resource.h:262->firmware/nnet_utils/nnet_dense_stream.h:24->firmware/nnet_utils/nnet_dense_stream.h:97]   --->   Operation 1288 'mul' 'mul_ln58_739' <Predicate = true> <Delay = 3.34> <CoreInst = "Multiplier">   --->   Core 3 'Multiplier' <Latency = 1> <II = 1> <Delay = 3.34> <FuncUnit> <Opcode : 'mul'> <InPorts = 2> <OutPorts = 1>
ST_6 : Operation 1289 [1/1] (0.00ns)   --->   "%trunc_ln58_736 = partselect i16 @_ssdm_op_PartSelect.i16.i26.i32.i32, i26 %mul_ln58_739, i32 10, i32 25" [firmware/nnet_utils/nnet_dense_resource.h:58->firmware/nnet_utils/nnet_dense_resource.h:262->firmware/nnet_utils/nnet_dense_stream.h:24->firmware/nnet_utils/nnet_dense_stream.h:97]   --->   Operation 1289 'partselect' 'trunc_ln58_736' <Predicate = true> <Delay = 0.00>
ST_6 : Operation 1290 [1/2] (3.34ns)   --->   "%mul_ln58_740 = mul i26 %sext_ln73_771, i26 %sext_ln73_586" [firmware/nnet_utils/nnet_dense_resource.h:58->firmware/nnet_utils/nnet_dense_resource.h:262->firmware/nnet_utils/nnet_dense_stream.h:24->firmware/nnet_utils/nnet_dense_stream.h:97]   --->   Operation 1290 'mul' 'mul_ln58_740' <Predicate = true> <Delay = 3.34> <CoreInst = "Multiplier">   --->   Core 3 'Multiplier' <Latency = 1> <II = 1> <Delay = 3.34> <FuncUnit> <Opcode : 'mul'> <InPorts = 2> <OutPorts = 1>
ST_6 : Operation 1291 [1/1] (0.00ns)   --->   "%trunc_ln58_737 = partselect i16 @_ssdm_op_PartSelect.i16.i26.i32.i32, i26 %mul_ln58_740, i32 10, i32 25" [firmware/nnet_utils/nnet_dense_resource.h:58->firmware/nnet_utils/nnet_dense_resource.h:262->firmware/nnet_utils/nnet_dense_stream.h:24->firmware/nnet_utils/nnet_dense_stream.h:97]   --->   Operation 1291 'partselect' 'trunc_ln58_737' <Predicate = true> <Delay = 0.00>
ST_6 : Operation 1292 [1/2] (3.34ns)   --->   "%mul_ln58_741 = mul i26 %sext_ln73_772, i26 %sext_ln73_588" [firmware/nnet_utils/nnet_dense_resource.h:58->firmware/nnet_utils/nnet_dense_resource.h:262->firmware/nnet_utils/nnet_dense_stream.h:24->firmware/nnet_utils/nnet_dense_stream.h:97]   --->   Operation 1292 'mul' 'mul_ln58_741' <Predicate = true> <Delay = 3.34> <CoreInst = "Multiplier">   --->   Core 3 'Multiplier' <Latency = 1> <II = 1> <Delay = 3.34> <FuncUnit> <Opcode : 'mul'> <InPorts = 2> <OutPorts = 1>
ST_6 : Operation 1293 [1/1] (0.00ns)   --->   "%trunc_ln58_738 = partselect i16 @_ssdm_op_PartSelect.i16.i26.i32.i32, i26 %mul_ln58_741, i32 10, i32 25" [firmware/nnet_utils/nnet_dense_resource.h:58->firmware/nnet_utils/nnet_dense_resource.h:262->firmware/nnet_utils/nnet_dense_stream.h:24->firmware/nnet_utils/nnet_dense_stream.h:97]   --->   Operation 1293 'partselect' 'trunc_ln58_738' <Predicate = true> <Delay = 0.00>
ST_6 : Operation 1294 [1/2] (3.34ns)   --->   "%mul_ln58_742 = mul i26 %sext_ln73_773, i26 %sext_ln73_574" [firmware/nnet_utils/nnet_dense_resource.h:58->firmware/nnet_utils/nnet_dense_resource.h:262->firmware/nnet_utils/nnet_dense_stream.h:24->firmware/nnet_utils/nnet_dense_stream.h:97]   --->   Operation 1294 'mul' 'mul_ln58_742' <Predicate = true> <Delay = 3.34> <CoreInst = "Multiplier">   --->   Core 3 'Multiplier' <Latency = 1> <II = 1> <Delay = 3.34> <FuncUnit> <Opcode : 'mul'> <InPorts = 2> <OutPorts = 1>
ST_6 : Operation 1295 [1/1] (0.00ns)   --->   "%trunc_ln58_739 = partselect i16 @_ssdm_op_PartSelect.i16.i26.i32.i32, i26 %mul_ln58_742, i32 10, i32 25" [firmware/nnet_utils/nnet_dense_resource.h:58->firmware/nnet_utils/nnet_dense_resource.h:262->firmware/nnet_utils/nnet_dense_stream.h:24->firmware/nnet_utils/nnet_dense_stream.h:97]   --->   Operation 1295 'partselect' 'trunc_ln58_739' <Predicate = true> <Delay = 0.00>
ST_6 : Operation 1296 [1/2] (3.34ns)   --->   "%mul_ln58_743 = mul i26 %sext_ln73_774, i26 %sext_ln73_576" [firmware/nnet_utils/nnet_dense_resource.h:58->firmware/nnet_utils/nnet_dense_resource.h:262->firmware/nnet_utils/nnet_dense_stream.h:24->firmware/nnet_utils/nnet_dense_stream.h:97]   --->   Operation 1296 'mul' 'mul_ln58_743' <Predicate = true> <Delay = 3.34> <CoreInst = "Multiplier">   --->   Core 3 'Multiplier' <Latency = 1> <II = 1> <Delay = 3.34> <FuncUnit> <Opcode : 'mul'> <InPorts = 2> <OutPorts = 1>
ST_6 : Operation 1297 [1/1] (0.00ns)   --->   "%trunc_ln58_740 = partselect i16 @_ssdm_op_PartSelect.i16.i26.i32.i32, i26 %mul_ln58_743, i32 10, i32 25" [firmware/nnet_utils/nnet_dense_resource.h:58->firmware/nnet_utils/nnet_dense_resource.h:262->firmware/nnet_utils/nnet_dense_stream.h:24->firmware/nnet_utils/nnet_dense_stream.h:97]   --->   Operation 1297 'partselect' 'trunc_ln58_740' <Predicate = true> <Delay = 0.00>
ST_6 : Operation 1298 [1/2] (3.34ns)   --->   "%mul_ln58_744 = mul i26 %sext_ln73_775, i26 %sext_ln73_578" [firmware/nnet_utils/nnet_dense_resource.h:58->firmware/nnet_utils/nnet_dense_resource.h:262->firmware/nnet_utils/nnet_dense_stream.h:24->firmware/nnet_utils/nnet_dense_stream.h:97]   --->   Operation 1298 'mul' 'mul_ln58_744' <Predicate = true> <Delay = 3.34> <CoreInst = "Multiplier">   --->   Core 3 'Multiplier' <Latency = 1> <II = 1> <Delay = 3.34> <FuncUnit> <Opcode : 'mul'> <InPorts = 2> <OutPorts = 1>
ST_6 : Operation 1299 [1/1] (0.00ns)   --->   "%trunc_ln58_741 = partselect i16 @_ssdm_op_PartSelect.i16.i26.i32.i32, i26 %mul_ln58_744, i32 10, i32 25" [firmware/nnet_utils/nnet_dense_resource.h:58->firmware/nnet_utils/nnet_dense_resource.h:262->firmware/nnet_utils/nnet_dense_stream.h:24->firmware/nnet_utils/nnet_dense_stream.h:97]   --->   Operation 1299 'partselect' 'trunc_ln58_741' <Predicate = true> <Delay = 0.00>
ST_6 : Operation 1300 [1/2] (3.34ns)   --->   "%mul_ln58_745 = mul i26 %sext_ln73_776, i26 %sext_ln73_580" [firmware/nnet_utils/nnet_dense_resource.h:58->firmware/nnet_utils/nnet_dense_resource.h:262->firmware/nnet_utils/nnet_dense_stream.h:24->firmware/nnet_utils/nnet_dense_stream.h:97]   --->   Operation 1300 'mul' 'mul_ln58_745' <Predicate = true> <Delay = 3.34> <CoreInst = "Multiplier">   --->   Core 3 'Multiplier' <Latency = 1> <II = 1> <Delay = 3.34> <FuncUnit> <Opcode : 'mul'> <InPorts = 2> <OutPorts = 1>
ST_6 : Operation 1301 [1/1] (0.00ns)   --->   "%trunc_ln58_742 = partselect i16 @_ssdm_op_PartSelect.i16.i26.i32.i32, i26 %mul_ln58_745, i32 10, i32 25" [firmware/nnet_utils/nnet_dense_resource.h:58->firmware/nnet_utils/nnet_dense_resource.h:262->firmware/nnet_utils/nnet_dense_stream.h:24->firmware/nnet_utils/nnet_dense_stream.h:97]   --->   Operation 1301 'partselect' 'trunc_ln58_742' <Predicate = true> <Delay = 0.00>
ST_6 : Operation 1302 [1/2] (3.34ns)   --->   "%mul_ln58_746 = mul i26 %sext_ln73_777, i26 %sext_ln73_582" [firmware/nnet_utils/nnet_dense_resource.h:58->firmware/nnet_utils/nnet_dense_resource.h:262->firmware/nnet_utils/nnet_dense_stream.h:24->firmware/nnet_utils/nnet_dense_stream.h:97]   --->   Operation 1302 'mul' 'mul_ln58_746' <Predicate = true> <Delay = 3.34> <CoreInst = "Multiplier">   --->   Core 3 'Multiplier' <Latency = 1> <II = 1> <Delay = 3.34> <FuncUnit> <Opcode : 'mul'> <InPorts = 2> <OutPorts = 1>
ST_6 : Operation 1303 [1/1] (0.00ns)   --->   "%trunc_ln58_743 = partselect i16 @_ssdm_op_PartSelect.i16.i26.i32.i32, i26 %mul_ln58_746, i32 10, i32 25" [firmware/nnet_utils/nnet_dense_resource.h:58->firmware/nnet_utils/nnet_dense_resource.h:262->firmware/nnet_utils/nnet_dense_stream.h:24->firmware/nnet_utils/nnet_dense_stream.h:97]   --->   Operation 1303 'partselect' 'trunc_ln58_743' <Predicate = true> <Delay = 0.00>
ST_6 : Operation 1304 [1/2] (3.34ns)   --->   "%mul_ln58_747 = mul i26 %sext_ln73_778, i26 %sext_ln73_584" [firmware/nnet_utils/nnet_dense_resource.h:58->firmware/nnet_utils/nnet_dense_resource.h:262->firmware/nnet_utils/nnet_dense_stream.h:24->firmware/nnet_utils/nnet_dense_stream.h:97]   --->   Operation 1304 'mul' 'mul_ln58_747' <Predicate = true> <Delay = 3.34> <CoreInst = "Multiplier">   --->   Core 3 'Multiplier' <Latency = 1> <II = 1> <Delay = 3.34> <FuncUnit> <Opcode : 'mul'> <InPorts = 2> <OutPorts = 1>
ST_6 : Operation 1305 [1/1] (0.00ns)   --->   "%trunc_ln58_744 = partselect i16 @_ssdm_op_PartSelect.i16.i26.i32.i32, i26 %mul_ln58_747, i32 10, i32 25" [firmware/nnet_utils/nnet_dense_resource.h:58->firmware/nnet_utils/nnet_dense_resource.h:262->firmware/nnet_utils/nnet_dense_stream.h:24->firmware/nnet_utils/nnet_dense_stream.h:97]   --->   Operation 1305 'partselect' 'trunc_ln58_744' <Predicate = true> <Delay = 0.00>
ST_6 : Operation 1306 [1/2] (3.34ns)   --->   "%mul_ln58_748 = mul i26 %sext_ln73_779, i26 %sext_ln73_586" [firmware/nnet_utils/nnet_dense_resource.h:58->firmware/nnet_utils/nnet_dense_resource.h:262->firmware/nnet_utils/nnet_dense_stream.h:24->firmware/nnet_utils/nnet_dense_stream.h:97]   --->   Operation 1306 'mul' 'mul_ln58_748' <Predicate = true> <Delay = 3.34> <CoreInst = "Multiplier">   --->   Core 3 'Multiplier' <Latency = 1> <II = 1> <Delay = 3.34> <FuncUnit> <Opcode : 'mul'> <InPorts = 2> <OutPorts = 1>
ST_6 : Operation 1307 [1/1] (0.00ns)   --->   "%trunc_ln58_745 = partselect i16 @_ssdm_op_PartSelect.i16.i26.i32.i32, i26 %mul_ln58_748, i32 10, i32 25" [firmware/nnet_utils/nnet_dense_resource.h:58->firmware/nnet_utils/nnet_dense_resource.h:262->firmware/nnet_utils/nnet_dense_stream.h:24->firmware/nnet_utils/nnet_dense_stream.h:97]   --->   Operation 1307 'partselect' 'trunc_ln58_745' <Predicate = true> <Delay = 0.00>
ST_6 : Operation 1308 [1/2] (3.34ns)   --->   "%mul_ln58_749 = mul i26 %sext_ln73_780, i26 %sext_ln73_588" [firmware/nnet_utils/nnet_dense_resource.h:58->firmware/nnet_utils/nnet_dense_resource.h:262->firmware/nnet_utils/nnet_dense_stream.h:24->firmware/nnet_utils/nnet_dense_stream.h:97]   --->   Operation 1308 'mul' 'mul_ln58_749' <Predicate = true> <Delay = 3.34> <CoreInst = "Multiplier">   --->   Core 3 'Multiplier' <Latency = 1> <II = 1> <Delay = 3.34> <FuncUnit> <Opcode : 'mul'> <InPorts = 2> <OutPorts = 1>
ST_6 : Operation 1309 [1/1] (0.00ns)   --->   "%trunc_ln58_746 = partselect i16 @_ssdm_op_PartSelect.i16.i26.i32.i32, i26 %mul_ln58_749, i32 10, i32 25" [firmware/nnet_utils/nnet_dense_resource.h:58->firmware/nnet_utils/nnet_dense_resource.h:262->firmware/nnet_utils/nnet_dense_stream.h:24->firmware/nnet_utils/nnet_dense_stream.h:97]   --->   Operation 1309 'partselect' 'trunc_ln58_746' <Predicate = true> <Delay = 0.00>
ST_6 : Operation 1310 [1/2] (3.34ns)   --->   "%mul_ln58_750 = mul i26 %sext_ln73_781, i26 %sext_ln73_574" [firmware/nnet_utils/nnet_dense_resource.h:58->firmware/nnet_utils/nnet_dense_resource.h:262->firmware/nnet_utils/nnet_dense_stream.h:24->firmware/nnet_utils/nnet_dense_stream.h:97]   --->   Operation 1310 'mul' 'mul_ln58_750' <Predicate = true> <Delay = 3.34> <CoreInst = "Multiplier">   --->   Core 3 'Multiplier' <Latency = 1> <II = 1> <Delay = 3.34> <FuncUnit> <Opcode : 'mul'> <InPorts = 2> <OutPorts = 1>
ST_6 : Operation 1311 [1/1] (0.00ns)   --->   "%trunc_ln58_747 = partselect i16 @_ssdm_op_PartSelect.i16.i26.i32.i32, i26 %mul_ln58_750, i32 10, i32 25" [firmware/nnet_utils/nnet_dense_resource.h:58->firmware/nnet_utils/nnet_dense_resource.h:262->firmware/nnet_utils/nnet_dense_stream.h:24->firmware/nnet_utils/nnet_dense_stream.h:97]   --->   Operation 1311 'partselect' 'trunc_ln58_747' <Predicate = true> <Delay = 0.00>
ST_6 : Operation 1312 [1/2] (3.34ns)   --->   "%mul_ln58_751 = mul i26 %sext_ln73_782, i26 %sext_ln73_576" [firmware/nnet_utils/nnet_dense_resource.h:58->firmware/nnet_utils/nnet_dense_resource.h:262->firmware/nnet_utils/nnet_dense_stream.h:24->firmware/nnet_utils/nnet_dense_stream.h:97]   --->   Operation 1312 'mul' 'mul_ln58_751' <Predicate = true> <Delay = 3.34> <CoreInst = "Multiplier">   --->   Core 3 'Multiplier' <Latency = 1> <II = 1> <Delay = 3.34> <FuncUnit> <Opcode : 'mul'> <InPorts = 2> <OutPorts = 1>
ST_6 : Operation 1313 [1/1] (0.00ns)   --->   "%trunc_ln58_748 = partselect i16 @_ssdm_op_PartSelect.i16.i26.i32.i32, i26 %mul_ln58_751, i32 10, i32 25" [firmware/nnet_utils/nnet_dense_resource.h:58->firmware/nnet_utils/nnet_dense_resource.h:262->firmware/nnet_utils/nnet_dense_stream.h:24->firmware/nnet_utils/nnet_dense_stream.h:97]   --->   Operation 1313 'partselect' 'trunc_ln58_748' <Predicate = true> <Delay = 0.00>
ST_6 : Operation 1314 [1/2] (3.34ns)   --->   "%mul_ln58_752 = mul i26 %sext_ln73_783, i26 %sext_ln73_578" [firmware/nnet_utils/nnet_dense_resource.h:58->firmware/nnet_utils/nnet_dense_resource.h:262->firmware/nnet_utils/nnet_dense_stream.h:24->firmware/nnet_utils/nnet_dense_stream.h:97]   --->   Operation 1314 'mul' 'mul_ln58_752' <Predicate = true> <Delay = 3.34> <CoreInst = "Multiplier">   --->   Core 3 'Multiplier' <Latency = 1> <II = 1> <Delay = 3.34> <FuncUnit> <Opcode : 'mul'> <InPorts = 2> <OutPorts = 1>
ST_6 : Operation 1315 [1/1] (0.00ns)   --->   "%trunc_ln58_749 = partselect i16 @_ssdm_op_PartSelect.i16.i26.i32.i32, i26 %mul_ln58_752, i32 10, i32 25" [firmware/nnet_utils/nnet_dense_resource.h:58->firmware/nnet_utils/nnet_dense_resource.h:262->firmware/nnet_utils/nnet_dense_stream.h:24->firmware/nnet_utils/nnet_dense_stream.h:97]   --->   Operation 1315 'partselect' 'trunc_ln58_749' <Predicate = true> <Delay = 0.00>
ST_6 : Operation 1316 [1/2] (3.34ns)   --->   "%mul_ln58_753 = mul i26 %sext_ln73_784, i26 %sext_ln73_580" [firmware/nnet_utils/nnet_dense_resource.h:58->firmware/nnet_utils/nnet_dense_resource.h:262->firmware/nnet_utils/nnet_dense_stream.h:24->firmware/nnet_utils/nnet_dense_stream.h:97]   --->   Operation 1316 'mul' 'mul_ln58_753' <Predicate = true> <Delay = 3.34> <CoreInst = "Multiplier">   --->   Core 3 'Multiplier' <Latency = 1> <II = 1> <Delay = 3.34> <FuncUnit> <Opcode : 'mul'> <InPorts = 2> <OutPorts = 1>
ST_6 : Operation 1317 [1/1] (0.00ns)   --->   "%trunc_ln58_750 = partselect i16 @_ssdm_op_PartSelect.i16.i26.i32.i32, i26 %mul_ln58_753, i32 10, i32 25" [firmware/nnet_utils/nnet_dense_resource.h:58->firmware/nnet_utils/nnet_dense_resource.h:262->firmware/nnet_utils/nnet_dense_stream.h:24->firmware/nnet_utils/nnet_dense_stream.h:97]   --->   Operation 1317 'partselect' 'trunc_ln58_750' <Predicate = true> <Delay = 0.00>
ST_6 : Operation 1318 [1/2] (3.34ns)   --->   "%mul_ln58_754 = mul i26 %sext_ln73_785, i26 %sext_ln73_582" [firmware/nnet_utils/nnet_dense_resource.h:58->firmware/nnet_utils/nnet_dense_resource.h:262->firmware/nnet_utils/nnet_dense_stream.h:24->firmware/nnet_utils/nnet_dense_stream.h:97]   --->   Operation 1318 'mul' 'mul_ln58_754' <Predicate = true> <Delay = 3.34> <CoreInst = "Multiplier">   --->   Core 3 'Multiplier' <Latency = 1> <II = 1> <Delay = 3.34> <FuncUnit> <Opcode : 'mul'> <InPorts = 2> <OutPorts = 1>
ST_6 : Operation 1319 [1/1] (0.00ns)   --->   "%trunc_ln58_751 = partselect i16 @_ssdm_op_PartSelect.i16.i26.i32.i32, i26 %mul_ln58_754, i32 10, i32 25" [firmware/nnet_utils/nnet_dense_resource.h:58->firmware/nnet_utils/nnet_dense_resource.h:262->firmware/nnet_utils/nnet_dense_stream.h:24->firmware/nnet_utils/nnet_dense_stream.h:97]   --->   Operation 1319 'partselect' 'trunc_ln58_751' <Predicate = true> <Delay = 0.00>
ST_6 : Operation 1320 [1/2] (3.34ns)   --->   "%mul_ln58_755 = mul i26 %sext_ln73_786, i26 %sext_ln73_584" [firmware/nnet_utils/nnet_dense_resource.h:58->firmware/nnet_utils/nnet_dense_resource.h:262->firmware/nnet_utils/nnet_dense_stream.h:24->firmware/nnet_utils/nnet_dense_stream.h:97]   --->   Operation 1320 'mul' 'mul_ln58_755' <Predicate = true> <Delay = 3.34> <CoreInst = "Multiplier">   --->   Core 3 'Multiplier' <Latency = 1> <II = 1> <Delay = 3.34> <FuncUnit> <Opcode : 'mul'> <InPorts = 2> <OutPorts = 1>
ST_6 : Operation 1321 [1/1] (0.00ns)   --->   "%trunc_ln58_752 = partselect i16 @_ssdm_op_PartSelect.i16.i26.i32.i32, i26 %mul_ln58_755, i32 10, i32 25" [firmware/nnet_utils/nnet_dense_resource.h:58->firmware/nnet_utils/nnet_dense_resource.h:262->firmware/nnet_utils/nnet_dense_stream.h:24->firmware/nnet_utils/nnet_dense_stream.h:97]   --->   Operation 1321 'partselect' 'trunc_ln58_752' <Predicate = true> <Delay = 0.00>
ST_6 : Operation 1322 [1/2] (3.34ns)   --->   "%mul_ln58_756 = mul i26 %sext_ln73_787, i26 %sext_ln73_586" [firmware/nnet_utils/nnet_dense_resource.h:58->firmware/nnet_utils/nnet_dense_resource.h:262->firmware/nnet_utils/nnet_dense_stream.h:24->firmware/nnet_utils/nnet_dense_stream.h:97]   --->   Operation 1322 'mul' 'mul_ln58_756' <Predicate = true> <Delay = 3.34> <CoreInst = "Multiplier">   --->   Core 3 'Multiplier' <Latency = 1> <II = 1> <Delay = 3.34> <FuncUnit> <Opcode : 'mul'> <InPorts = 2> <OutPorts = 1>
ST_6 : Operation 1323 [1/1] (0.00ns)   --->   "%trunc_ln58_753 = partselect i16 @_ssdm_op_PartSelect.i16.i26.i32.i32, i26 %mul_ln58_756, i32 10, i32 25" [firmware/nnet_utils/nnet_dense_resource.h:58->firmware/nnet_utils/nnet_dense_resource.h:262->firmware/nnet_utils/nnet_dense_stream.h:24->firmware/nnet_utils/nnet_dense_stream.h:97]   --->   Operation 1323 'partselect' 'trunc_ln58_753' <Predicate = true> <Delay = 0.00>
ST_6 : Operation 1324 [1/2] (3.34ns)   --->   "%mul_ln58_757 = mul i26 %sext_ln73_788, i26 %sext_ln73_588" [firmware/nnet_utils/nnet_dense_resource.h:58->firmware/nnet_utils/nnet_dense_resource.h:262->firmware/nnet_utils/nnet_dense_stream.h:24->firmware/nnet_utils/nnet_dense_stream.h:97]   --->   Operation 1324 'mul' 'mul_ln58_757' <Predicate = true> <Delay = 3.34> <CoreInst = "Multiplier">   --->   Core 3 'Multiplier' <Latency = 1> <II = 1> <Delay = 3.34> <FuncUnit> <Opcode : 'mul'> <InPorts = 2> <OutPorts = 1>
ST_6 : Operation 1325 [1/1] (0.00ns)   --->   "%trunc_ln58_754 = partselect i16 @_ssdm_op_PartSelect.i16.i26.i32.i32, i26 %mul_ln58_757, i32 10, i32 25" [firmware/nnet_utils/nnet_dense_resource.h:58->firmware/nnet_utils/nnet_dense_resource.h:262->firmware/nnet_utils/nnet_dense_stream.h:24->firmware/nnet_utils/nnet_dense_stream.h:97]   --->   Operation 1325 'partselect' 'trunc_ln58_754' <Predicate = true> <Delay = 0.00>
ST_6 : Operation 1326 [1/2] (3.34ns)   --->   "%mul_ln58_758 = mul i26 %sext_ln73_789, i26 %sext_ln73_574" [firmware/nnet_utils/nnet_dense_resource.h:58->firmware/nnet_utils/nnet_dense_resource.h:262->firmware/nnet_utils/nnet_dense_stream.h:24->firmware/nnet_utils/nnet_dense_stream.h:97]   --->   Operation 1326 'mul' 'mul_ln58_758' <Predicate = true> <Delay = 3.34> <CoreInst = "Multiplier">   --->   Core 3 'Multiplier' <Latency = 1> <II = 1> <Delay = 3.34> <FuncUnit> <Opcode : 'mul'> <InPorts = 2> <OutPorts = 1>
ST_6 : Operation 1327 [1/1] (0.00ns)   --->   "%trunc_ln58_755 = partselect i16 @_ssdm_op_PartSelect.i16.i26.i32.i32, i26 %mul_ln58_758, i32 10, i32 25" [firmware/nnet_utils/nnet_dense_resource.h:58->firmware/nnet_utils/nnet_dense_resource.h:262->firmware/nnet_utils/nnet_dense_stream.h:24->firmware/nnet_utils/nnet_dense_stream.h:97]   --->   Operation 1327 'partselect' 'trunc_ln58_755' <Predicate = true> <Delay = 0.00>
ST_6 : Operation 1328 [1/2] (3.34ns)   --->   "%mul_ln58_759 = mul i26 %sext_ln73_790, i26 %sext_ln73_576" [firmware/nnet_utils/nnet_dense_resource.h:58->firmware/nnet_utils/nnet_dense_resource.h:262->firmware/nnet_utils/nnet_dense_stream.h:24->firmware/nnet_utils/nnet_dense_stream.h:97]   --->   Operation 1328 'mul' 'mul_ln58_759' <Predicate = true> <Delay = 3.34> <CoreInst = "Multiplier">   --->   Core 3 'Multiplier' <Latency = 1> <II = 1> <Delay = 3.34> <FuncUnit> <Opcode : 'mul'> <InPorts = 2> <OutPorts = 1>
ST_6 : Operation 1329 [1/1] (0.00ns)   --->   "%trunc_ln58_756 = partselect i16 @_ssdm_op_PartSelect.i16.i26.i32.i32, i26 %mul_ln58_759, i32 10, i32 25" [firmware/nnet_utils/nnet_dense_resource.h:58->firmware/nnet_utils/nnet_dense_resource.h:262->firmware/nnet_utils/nnet_dense_stream.h:24->firmware/nnet_utils/nnet_dense_stream.h:97]   --->   Operation 1329 'partselect' 'trunc_ln58_756' <Predicate = true> <Delay = 0.00>
ST_6 : Operation 1330 [1/2] (3.34ns)   --->   "%mul_ln58_760 = mul i26 %sext_ln73_791, i26 %sext_ln73_578" [firmware/nnet_utils/nnet_dense_resource.h:58->firmware/nnet_utils/nnet_dense_resource.h:262->firmware/nnet_utils/nnet_dense_stream.h:24->firmware/nnet_utils/nnet_dense_stream.h:97]   --->   Operation 1330 'mul' 'mul_ln58_760' <Predicate = true> <Delay = 3.34> <CoreInst = "Multiplier">   --->   Core 3 'Multiplier' <Latency = 1> <II = 1> <Delay = 3.34> <FuncUnit> <Opcode : 'mul'> <InPorts = 2> <OutPorts = 1>
ST_6 : Operation 1331 [1/1] (0.00ns)   --->   "%trunc_ln58_757 = partselect i16 @_ssdm_op_PartSelect.i16.i26.i32.i32, i26 %mul_ln58_760, i32 10, i32 25" [firmware/nnet_utils/nnet_dense_resource.h:58->firmware/nnet_utils/nnet_dense_resource.h:262->firmware/nnet_utils/nnet_dense_stream.h:24->firmware/nnet_utils/nnet_dense_stream.h:97]   --->   Operation 1331 'partselect' 'trunc_ln58_757' <Predicate = true> <Delay = 0.00>
ST_6 : Operation 1332 [1/2] (3.34ns)   --->   "%mul_ln58_761 = mul i26 %sext_ln73_792, i26 %sext_ln73_580" [firmware/nnet_utils/nnet_dense_resource.h:58->firmware/nnet_utils/nnet_dense_resource.h:262->firmware/nnet_utils/nnet_dense_stream.h:24->firmware/nnet_utils/nnet_dense_stream.h:97]   --->   Operation 1332 'mul' 'mul_ln58_761' <Predicate = true> <Delay = 3.34> <CoreInst = "Multiplier">   --->   Core 3 'Multiplier' <Latency = 1> <II = 1> <Delay = 3.34> <FuncUnit> <Opcode : 'mul'> <InPorts = 2> <OutPorts = 1>
ST_6 : Operation 1333 [1/1] (0.00ns)   --->   "%trunc_ln58_758 = partselect i16 @_ssdm_op_PartSelect.i16.i26.i32.i32, i26 %mul_ln58_761, i32 10, i32 25" [firmware/nnet_utils/nnet_dense_resource.h:58->firmware/nnet_utils/nnet_dense_resource.h:262->firmware/nnet_utils/nnet_dense_stream.h:24->firmware/nnet_utils/nnet_dense_stream.h:97]   --->   Operation 1333 'partselect' 'trunc_ln58_758' <Predicate = true> <Delay = 0.00>
ST_6 : Operation 1334 [1/2] (3.34ns)   --->   "%mul_ln58_762 = mul i26 %sext_ln73_793, i26 %sext_ln73_582" [firmware/nnet_utils/nnet_dense_resource.h:58->firmware/nnet_utils/nnet_dense_resource.h:262->firmware/nnet_utils/nnet_dense_stream.h:24->firmware/nnet_utils/nnet_dense_stream.h:97]   --->   Operation 1334 'mul' 'mul_ln58_762' <Predicate = true> <Delay = 3.34> <CoreInst = "Multiplier">   --->   Core 3 'Multiplier' <Latency = 1> <II = 1> <Delay = 3.34> <FuncUnit> <Opcode : 'mul'> <InPorts = 2> <OutPorts = 1>
ST_6 : Operation 1335 [1/1] (0.00ns)   --->   "%trunc_ln58_759 = partselect i16 @_ssdm_op_PartSelect.i16.i26.i32.i32, i26 %mul_ln58_762, i32 10, i32 25" [firmware/nnet_utils/nnet_dense_resource.h:58->firmware/nnet_utils/nnet_dense_resource.h:262->firmware/nnet_utils/nnet_dense_stream.h:24->firmware/nnet_utils/nnet_dense_stream.h:97]   --->   Operation 1335 'partselect' 'trunc_ln58_759' <Predicate = true> <Delay = 0.00>
ST_6 : Operation 1336 [1/2] (3.34ns)   --->   "%mul_ln58_763 = mul i26 %sext_ln73_794, i26 %sext_ln73_584" [firmware/nnet_utils/nnet_dense_resource.h:58->firmware/nnet_utils/nnet_dense_resource.h:262->firmware/nnet_utils/nnet_dense_stream.h:24->firmware/nnet_utils/nnet_dense_stream.h:97]   --->   Operation 1336 'mul' 'mul_ln58_763' <Predicate = true> <Delay = 3.34> <CoreInst = "Multiplier">   --->   Core 3 'Multiplier' <Latency = 1> <II = 1> <Delay = 3.34> <FuncUnit> <Opcode : 'mul'> <InPorts = 2> <OutPorts = 1>
ST_6 : Operation 1337 [1/1] (0.00ns)   --->   "%trunc_ln58_760 = partselect i16 @_ssdm_op_PartSelect.i16.i26.i32.i32, i26 %mul_ln58_763, i32 10, i32 25" [firmware/nnet_utils/nnet_dense_resource.h:58->firmware/nnet_utils/nnet_dense_resource.h:262->firmware/nnet_utils/nnet_dense_stream.h:24->firmware/nnet_utils/nnet_dense_stream.h:97]   --->   Operation 1337 'partselect' 'trunc_ln58_760' <Predicate = true> <Delay = 0.00>
ST_6 : Operation 1338 [1/2] (3.34ns)   --->   "%mul_ln58_764 = mul i26 %sext_ln73_795, i26 %sext_ln73_586" [firmware/nnet_utils/nnet_dense_resource.h:58->firmware/nnet_utils/nnet_dense_resource.h:262->firmware/nnet_utils/nnet_dense_stream.h:24->firmware/nnet_utils/nnet_dense_stream.h:97]   --->   Operation 1338 'mul' 'mul_ln58_764' <Predicate = true> <Delay = 3.34> <CoreInst = "Multiplier">   --->   Core 3 'Multiplier' <Latency = 1> <II = 1> <Delay = 3.34> <FuncUnit> <Opcode : 'mul'> <InPorts = 2> <OutPorts = 1>
ST_6 : Operation 1339 [1/1] (0.00ns)   --->   "%trunc_ln58_761 = partselect i16 @_ssdm_op_PartSelect.i16.i26.i32.i32, i26 %mul_ln58_764, i32 10, i32 25" [firmware/nnet_utils/nnet_dense_resource.h:58->firmware/nnet_utils/nnet_dense_resource.h:262->firmware/nnet_utils/nnet_dense_stream.h:24->firmware/nnet_utils/nnet_dense_stream.h:97]   --->   Operation 1339 'partselect' 'trunc_ln58_761' <Predicate = true> <Delay = 0.00>
ST_6 : Operation 1340 [1/2] (3.34ns)   --->   "%mul_ln58_765 = mul i26 %sext_ln73_796, i26 %sext_ln73_588" [firmware/nnet_utils/nnet_dense_resource.h:58->firmware/nnet_utils/nnet_dense_resource.h:262->firmware/nnet_utils/nnet_dense_stream.h:24->firmware/nnet_utils/nnet_dense_stream.h:97]   --->   Operation 1340 'mul' 'mul_ln58_765' <Predicate = true> <Delay = 3.34> <CoreInst = "Multiplier">   --->   Core 3 'Multiplier' <Latency = 1> <II = 1> <Delay = 3.34> <FuncUnit> <Opcode : 'mul'> <InPorts = 2> <OutPorts = 1>
ST_6 : Operation 1341 [1/1] (0.00ns)   --->   "%trunc_ln58_762 = partselect i16 @_ssdm_op_PartSelect.i16.i26.i32.i32, i26 %mul_ln58_765, i32 10, i32 25" [firmware/nnet_utils/nnet_dense_resource.h:58->firmware/nnet_utils/nnet_dense_resource.h:262->firmware/nnet_utils/nnet_dense_stream.h:24->firmware/nnet_utils/nnet_dense_stream.h:97]   --->   Operation 1341 'partselect' 'trunc_ln58_762' <Predicate = true> <Delay = 0.00>
ST_6 : Operation 1342 [1/2] (3.34ns)   --->   "%mul_ln58_766 = mul i26 %sext_ln73_797, i26 %sext_ln73_574" [firmware/nnet_utils/nnet_dense_resource.h:58->firmware/nnet_utils/nnet_dense_resource.h:262->firmware/nnet_utils/nnet_dense_stream.h:24->firmware/nnet_utils/nnet_dense_stream.h:97]   --->   Operation 1342 'mul' 'mul_ln58_766' <Predicate = true> <Delay = 3.34> <CoreInst = "Multiplier">   --->   Core 3 'Multiplier' <Latency = 1> <II = 1> <Delay = 3.34> <FuncUnit> <Opcode : 'mul'> <InPorts = 2> <OutPorts = 1>
ST_6 : Operation 1343 [1/1] (0.00ns)   --->   "%trunc_ln58_763 = partselect i16 @_ssdm_op_PartSelect.i16.i26.i32.i32, i26 %mul_ln58_766, i32 10, i32 25" [firmware/nnet_utils/nnet_dense_resource.h:58->firmware/nnet_utils/nnet_dense_resource.h:262->firmware/nnet_utils/nnet_dense_stream.h:24->firmware/nnet_utils/nnet_dense_stream.h:97]   --->   Operation 1343 'partselect' 'trunc_ln58_763' <Predicate = true> <Delay = 0.00>
ST_6 : Operation 1344 [1/2] (3.34ns)   --->   "%mul_ln58_767 = mul i26 %sext_ln73_798, i26 %sext_ln73_576" [firmware/nnet_utils/nnet_dense_resource.h:58->firmware/nnet_utils/nnet_dense_resource.h:262->firmware/nnet_utils/nnet_dense_stream.h:24->firmware/nnet_utils/nnet_dense_stream.h:97]   --->   Operation 1344 'mul' 'mul_ln58_767' <Predicate = true> <Delay = 3.34> <CoreInst = "Multiplier">   --->   Core 3 'Multiplier' <Latency = 1> <II = 1> <Delay = 3.34> <FuncUnit> <Opcode : 'mul'> <InPorts = 2> <OutPorts = 1>
ST_6 : Operation 1345 [1/1] (0.00ns)   --->   "%trunc_ln58_764 = partselect i16 @_ssdm_op_PartSelect.i16.i26.i32.i32, i26 %mul_ln58_767, i32 10, i32 25" [firmware/nnet_utils/nnet_dense_resource.h:58->firmware/nnet_utils/nnet_dense_resource.h:262->firmware/nnet_utils/nnet_dense_stream.h:24->firmware/nnet_utils/nnet_dense_stream.h:97]   --->   Operation 1345 'partselect' 'trunc_ln58_764' <Predicate = true> <Delay = 0.00>
ST_6 : Operation 1346 [1/2] (3.34ns)   --->   "%mul_ln58_768 = mul i26 %sext_ln73_799, i26 %sext_ln73_578" [firmware/nnet_utils/nnet_dense_resource.h:58->firmware/nnet_utils/nnet_dense_resource.h:262->firmware/nnet_utils/nnet_dense_stream.h:24->firmware/nnet_utils/nnet_dense_stream.h:97]   --->   Operation 1346 'mul' 'mul_ln58_768' <Predicate = true> <Delay = 3.34> <CoreInst = "Multiplier">   --->   Core 3 'Multiplier' <Latency = 1> <II = 1> <Delay = 3.34> <FuncUnit> <Opcode : 'mul'> <InPorts = 2> <OutPorts = 1>
ST_6 : Operation 1347 [1/1] (0.00ns)   --->   "%trunc_ln58_765 = partselect i16 @_ssdm_op_PartSelect.i16.i26.i32.i32, i26 %mul_ln58_768, i32 10, i32 25" [firmware/nnet_utils/nnet_dense_resource.h:58->firmware/nnet_utils/nnet_dense_resource.h:262->firmware/nnet_utils/nnet_dense_stream.h:24->firmware/nnet_utils/nnet_dense_stream.h:97]   --->   Operation 1347 'partselect' 'trunc_ln58_765' <Predicate = true> <Delay = 0.00>
ST_6 : Operation 1348 [1/2] (3.34ns)   --->   "%mul_ln58_769 = mul i26 %sext_ln73_800, i26 %sext_ln73_580" [firmware/nnet_utils/nnet_dense_resource.h:58->firmware/nnet_utils/nnet_dense_resource.h:262->firmware/nnet_utils/nnet_dense_stream.h:24->firmware/nnet_utils/nnet_dense_stream.h:97]   --->   Operation 1348 'mul' 'mul_ln58_769' <Predicate = true> <Delay = 3.34> <CoreInst = "Multiplier">   --->   Core 3 'Multiplier' <Latency = 1> <II = 1> <Delay = 3.34> <FuncUnit> <Opcode : 'mul'> <InPorts = 2> <OutPorts = 1>
ST_6 : Operation 1349 [1/1] (0.00ns)   --->   "%trunc_ln58_766 = partselect i16 @_ssdm_op_PartSelect.i16.i26.i32.i32, i26 %mul_ln58_769, i32 10, i32 25" [firmware/nnet_utils/nnet_dense_resource.h:58->firmware/nnet_utils/nnet_dense_resource.h:262->firmware/nnet_utils/nnet_dense_stream.h:24->firmware/nnet_utils/nnet_dense_stream.h:97]   --->   Operation 1349 'partselect' 'trunc_ln58_766' <Predicate = true> <Delay = 0.00>
ST_6 : Operation 1350 [1/2] (3.34ns)   --->   "%mul_ln58_770 = mul i26 %sext_ln73_801, i26 %sext_ln73_582" [firmware/nnet_utils/nnet_dense_resource.h:58->firmware/nnet_utils/nnet_dense_resource.h:262->firmware/nnet_utils/nnet_dense_stream.h:24->firmware/nnet_utils/nnet_dense_stream.h:97]   --->   Operation 1350 'mul' 'mul_ln58_770' <Predicate = true> <Delay = 3.34> <CoreInst = "Multiplier">   --->   Core 3 'Multiplier' <Latency = 1> <II = 1> <Delay = 3.34> <FuncUnit> <Opcode : 'mul'> <InPorts = 2> <OutPorts = 1>
ST_6 : Operation 1351 [1/1] (0.00ns)   --->   "%trunc_ln58_767 = partselect i16 @_ssdm_op_PartSelect.i16.i26.i32.i32, i26 %mul_ln58_770, i32 10, i32 25" [firmware/nnet_utils/nnet_dense_resource.h:58->firmware/nnet_utils/nnet_dense_resource.h:262->firmware/nnet_utils/nnet_dense_stream.h:24->firmware/nnet_utils/nnet_dense_stream.h:97]   --->   Operation 1351 'partselect' 'trunc_ln58_767' <Predicate = true> <Delay = 0.00>
ST_6 : Operation 1352 [1/2] (3.34ns)   --->   "%mul_ln58_771 = mul i26 %sext_ln73_802, i26 %sext_ln73_584" [firmware/nnet_utils/nnet_dense_resource.h:58->firmware/nnet_utils/nnet_dense_resource.h:262->firmware/nnet_utils/nnet_dense_stream.h:24->firmware/nnet_utils/nnet_dense_stream.h:97]   --->   Operation 1352 'mul' 'mul_ln58_771' <Predicate = true> <Delay = 3.34> <CoreInst = "Multiplier">   --->   Core 3 'Multiplier' <Latency = 1> <II = 1> <Delay = 3.34> <FuncUnit> <Opcode : 'mul'> <InPorts = 2> <OutPorts = 1>
ST_6 : Operation 1353 [1/1] (0.00ns)   --->   "%trunc_ln58_768 = partselect i16 @_ssdm_op_PartSelect.i16.i26.i32.i32, i26 %mul_ln58_771, i32 10, i32 25" [firmware/nnet_utils/nnet_dense_resource.h:58->firmware/nnet_utils/nnet_dense_resource.h:262->firmware/nnet_utils/nnet_dense_stream.h:24->firmware/nnet_utils/nnet_dense_stream.h:97]   --->   Operation 1353 'partselect' 'trunc_ln58_768' <Predicate = true> <Delay = 0.00>
ST_6 : Operation 1354 [1/2] (3.34ns)   --->   "%mul_ln58_772 = mul i26 %sext_ln73_803, i26 %sext_ln73_586" [firmware/nnet_utils/nnet_dense_resource.h:58->firmware/nnet_utils/nnet_dense_resource.h:262->firmware/nnet_utils/nnet_dense_stream.h:24->firmware/nnet_utils/nnet_dense_stream.h:97]   --->   Operation 1354 'mul' 'mul_ln58_772' <Predicate = true> <Delay = 3.34> <CoreInst = "Multiplier">   --->   Core 3 'Multiplier' <Latency = 1> <II = 1> <Delay = 3.34> <FuncUnit> <Opcode : 'mul'> <InPorts = 2> <OutPorts = 1>
ST_6 : Operation 1355 [1/1] (0.00ns)   --->   "%trunc_ln58_769 = partselect i16 @_ssdm_op_PartSelect.i16.i26.i32.i32, i26 %mul_ln58_772, i32 10, i32 25" [firmware/nnet_utils/nnet_dense_resource.h:58->firmware/nnet_utils/nnet_dense_resource.h:262->firmware/nnet_utils/nnet_dense_stream.h:24->firmware/nnet_utils/nnet_dense_stream.h:97]   --->   Operation 1355 'partselect' 'trunc_ln58_769' <Predicate = true> <Delay = 0.00>
ST_6 : Operation 1356 [1/2] (3.34ns)   --->   "%mul_ln58_773 = mul i26 %sext_ln73_804, i26 %sext_ln73_588" [firmware/nnet_utils/nnet_dense_resource.h:58->firmware/nnet_utils/nnet_dense_resource.h:262->firmware/nnet_utils/nnet_dense_stream.h:24->firmware/nnet_utils/nnet_dense_stream.h:97]   --->   Operation 1356 'mul' 'mul_ln58_773' <Predicate = true> <Delay = 3.34> <CoreInst = "Multiplier">   --->   Core 3 'Multiplier' <Latency = 1> <II = 1> <Delay = 3.34> <FuncUnit> <Opcode : 'mul'> <InPorts = 2> <OutPorts = 1>
ST_6 : Operation 1357 [1/1] (0.00ns)   --->   "%trunc_ln58_770 = partselect i16 @_ssdm_op_PartSelect.i16.i26.i32.i32, i26 %mul_ln58_773, i32 10, i32 25" [firmware/nnet_utils/nnet_dense_resource.h:58->firmware/nnet_utils/nnet_dense_resource.h:262->firmware/nnet_utils/nnet_dense_stream.h:24->firmware/nnet_utils/nnet_dense_stream.h:97]   --->   Operation 1357 'partselect' 'trunc_ln58_770' <Predicate = true> <Delay = 0.00>
ST_6 : Operation 1358 [1/2] (3.34ns)   --->   "%mul_ln58_774 = mul i26 %sext_ln73_805, i26 %sext_ln73_574" [firmware/nnet_utils/nnet_dense_resource.h:58->firmware/nnet_utils/nnet_dense_resource.h:262->firmware/nnet_utils/nnet_dense_stream.h:24->firmware/nnet_utils/nnet_dense_stream.h:97]   --->   Operation 1358 'mul' 'mul_ln58_774' <Predicate = true> <Delay = 3.34> <CoreInst = "Multiplier">   --->   Core 3 'Multiplier' <Latency = 1> <II = 1> <Delay = 3.34> <FuncUnit> <Opcode : 'mul'> <InPorts = 2> <OutPorts = 1>
ST_6 : Operation 1359 [1/1] (0.00ns)   --->   "%trunc_ln58_771 = partselect i16 @_ssdm_op_PartSelect.i16.i26.i32.i32, i26 %mul_ln58_774, i32 10, i32 25" [firmware/nnet_utils/nnet_dense_resource.h:58->firmware/nnet_utils/nnet_dense_resource.h:262->firmware/nnet_utils/nnet_dense_stream.h:24->firmware/nnet_utils/nnet_dense_stream.h:97]   --->   Operation 1359 'partselect' 'trunc_ln58_771' <Predicate = true> <Delay = 0.00>
ST_6 : Operation 1360 [1/2] (3.34ns)   --->   "%mul_ln58_775 = mul i26 %sext_ln73_806, i26 %sext_ln73_576" [firmware/nnet_utils/nnet_dense_resource.h:58->firmware/nnet_utils/nnet_dense_resource.h:262->firmware/nnet_utils/nnet_dense_stream.h:24->firmware/nnet_utils/nnet_dense_stream.h:97]   --->   Operation 1360 'mul' 'mul_ln58_775' <Predicate = true> <Delay = 3.34> <CoreInst = "Multiplier">   --->   Core 3 'Multiplier' <Latency = 1> <II = 1> <Delay = 3.34> <FuncUnit> <Opcode : 'mul'> <InPorts = 2> <OutPorts = 1>
ST_6 : Operation 1361 [1/1] (0.00ns)   --->   "%trunc_ln58_772 = partselect i16 @_ssdm_op_PartSelect.i16.i26.i32.i32, i26 %mul_ln58_775, i32 10, i32 25" [firmware/nnet_utils/nnet_dense_resource.h:58->firmware/nnet_utils/nnet_dense_resource.h:262->firmware/nnet_utils/nnet_dense_stream.h:24->firmware/nnet_utils/nnet_dense_stream.h:97]   --->   Operation 1361 'partselect' 'trunc_ln58_772' <Predicate = true> <Delay = 0.00>
ST_6 : Operation 1362 [1/2] (3.34ns)   --->   "%mul_ln58_776 = mul i26 %sext_ln73_807, i26 %sext_ln73_578" [firmware/nnet_utils/nnet_dense_resource.h:58->firmware/nnet_utils/nnet_dense_resource.h:262->firmware/nnet_utils/nnet_dense_stream.h:24->firmware/nnet_utils/nnet_dense_stream.h:97]   --->   Operation 1362 'mul' 'mul_ln58_776' <Predicate = true> <Delay = 3.34> <CoreInst = "Multiplier">   --->   Core 3 'Multiplier' <Latency = 1> <II = 1> <Delay = 3.34> <FuncUnit> <Opcode : 'mul'> <InPorts = 2> <OutPorts = 1>
ST_6 : Operation 1363 [1/1] (0.00ns)   --->   "%trunc_ln58_773 = partselect i16 @_ssdm_op_PartSelect.i16.i26.i32.i32, i26 %mul_ln58_776, i32 10, i32 25" [firmware/nnet_utils/nnet_dense_resource.h:58->firmware/nnet_utils/nnet_dense_resource.h:262->firmware/nnet_utils/nnet_dense_stream.h:24->firmware/nnet_utils/nnet_dense_stream.h:97]   --->   Operation 1363 'partselect' 'trunc_ln58_773' <Predicate = true> <Delay = 0.00>
ST_6 : Operation 1364 [1/2] (3.34ns)   --->   "%mul_ln58_777 = mul i26 %sext_ln73_808, i26 %sext_ln73_580" [firmware/nnet_utils/nnet_dense_resource.h:58->firmware/nnet_utils/nnet_dense_resource.h:262->firmware/nnet_utils/nnet_dense_stream.h:24->firmware/nnet_utils/nnet_dense_stream.h:97]   --->   Operation 1364 'mul' 'mul_ln58_777' <Predicate = true> <Delay = 3.34> <CoreInst = "Multiplier">   --->   Core 3 'Multiplier' <Latency = 1> <II = 1> <Delay = 3.34> <FuncUnit> <Opcode : 'mul'> <InPorts = 2> <OutPorts = 1>
ST_6 : Operation 1365 [1/1] (0.00ns)   --->   "%trunc_ln58_774 = partselect i16 @_ssdm_op_PartSelect.i16.i26.i32.i32, i26 %mul_ln58_777, i32 10, i32 25" [firmware/nnet_utils/nnet_dense_resource.h:58->firmware/nnet_utils/nnet_dense_resource.h:262->firmware/nnet_utils/nnet_dense_stream.h:24->firmware/nnet_utils/nnet_dense_stream.h:97]   --->   Operation 1365 'partselect' 'trunc_ln58_774' <Predicate = true> <Delay = 0.00>
ST_6 : Operation 1366 [1/2] (3.34ns)   --->   "%mul_ln58_778 = mul i26 %sext_ln73_809, i26 %sext_ln73_582" [firmware/nnet_utils/nnet_dense_resource.h:58->firmware/nnet_utils/nnet_dense_resource.h:262->firmware/nnet_utils/nnet_dense_stream.h:24->firmware/nnet_utils/nnet_dense_stream.h:97]   --->   Operation 1366 'mul' 'mul_ln58_778' <Predicate = true> <Delay = 3.34> <CoreInst = "Multiplier">   --->   Core 3 'Multiplier' <Latency = 1> <II = 1> <Delay = 3.34> <FuncUnit> <Opcode : 'mul'> <InPorts = 2> <OutPorts = 1>
ST_6 : Operation 1367 [1/1] (0.00ns)   --->   "%trunc_ln58_775 = partselect i16 @_ssdm_op_PartSelect.i16.i26.i32.i32, i26 %mul_ln58_778, i32 10, i32 25" [firmware/nnet_utils/nnet_dense_resource.h:58->firmware/nnet_utils/nnet_dense_resource.h:262->firmware/nnet_utils/nnet_dense_stream.h:24->firmware/nnet_utils/nnet_dense_stream.h:97]   --->   Operation 1367 'partselect' 'trunc_ln58_775' <Predicate = true> <Delay = 0.00>
ST_6 : Operation 1368 [1/2] (3.34ns)   --->   "%mul_ln58_779 = mul i26 %sext_ln73_810, i26 %sext_ln73_584" [firmware/nnet_utils/nnet_dense_resource.h:58->firmware/nnet_utils/nnet_dense_resource.h:262->firmware/nnet_utils/nnet_dense_stream.h:24->firmware/nnet_utils/nnet_dense_stream.h:97]   --->   Operation 1368 'mul' 'mul_ln58_779' <Predicate = true> <Delay = 3.34> <CoreInst = "Multiplier">   --->   Core 3 'Multiplier' <Latency = 1> <II = 1> <Delay = 3.34> <FuncUnit> <Opcode : 'mul'> <InPorts = 2> <OutPorts = 1>
ST_6 : Operation 1369 [1/1] (0.00ns)   --->   "%trunc_ln58_776 = partselect i16 @_ssdm_op_PartSelect.i16.i26.i32.i32, i26 %mul_ln58_779, i32 10, i32 25" [firmware/nnet_utils/nnet_dense_resource.h:58->firmware/nnet_utils/nnet_dense_resource.h:262->firmware/nnet_utils/nnet_dense_stream.h:24->firmware/nnet_utils/nnet_dense_stream.h:97]   --->   Operation 1369 'partselect' 'trunc_ln58_776' <Predicate = true> <Delay = 0.00>
ST_6 : Operation 1370 [1/2] (3.34ns)   --->   "%mul_ln58_780 = mul i26 %sext_ln73_811, i26 %sext_ln73_586" [firmware/nnet_utils/nnet_dense_resource.h:58->firmware/nnet_utils/nnet_dense_resource.h:262->firmware/nnet_utils/nnet_dense_stream.h:24->firmware/nnet_utils/nnet_dense_stream.h:97]   --->   Operation 1370 'mul' 'mul_ln58_780' <Predicate = true> <Delay = 3.34> <CoreInst = "Multiplier">   --->   Core 3 'Multiplier' <Latency = 1> <II = 1> <Delay = 3.34> <FuncUnit> <Opcode : 'mul'> <InPorts = 2> <OutPorts = 1>
ST_6 : Operation 1371 [1/1] (0.00ns)   --->   "%trunc_ln58_777 = partselect i16 @_ssdm_op_PartSelect.i16.i26.i32.i32, i26 %mul_ln58_780, i32 10, i32 25" [firmware/nnet_utils/nnet_dense_resource.h:58->firmware/nnet_utils/nnet_dense_resource.h:262->firmware/nnet_utils/nnet_dense_stream.h:24->firmware/nnet_utils/nnet_dense_stream.h:97]   --->   Operation 1371 'partselect' 'trunc_ln58_777' <Predicate = true> <Delay = 0.00>
ST_6 : Operation 1372 [1/2] (3.34ns)   --->   "%mul_ln58_781 = mul i26 %sext_ln73_812, i26 %sext_ln73_588" [firmware/nnet_utils/nnet_dense_resource.h:58->firmware/nnet_utils/nnet_dense_resource.h:262->firmware/nnet_utils/nnet_dense_stream.h:24->firmware/nnet_utils/nnet_dense_stream.h:97]   --->   Operation 1372 'mul' 'mul_ln58_781' <Predicate = true> <Delay = 3.34> <CoreInst = "Multiplier">   --->   Core 3 'Multiplier' <Latency = 1> <II = 1> <Delay = 3.34> <FuncUnit> <Opcode : 'mul'> <InPorts = 2> <OutPorts = 1>
ST_6 : Operation 1373 [1/1] (0.00ns)   --->   "%trunc_ln58_778 = partselect i16 @_ssdm_op_PartSelect.i16.i26.i32.i32, i26 %mul_ln58_781, i32 10, i32 25" [firmware/nnet_utils/nnet_dense_resource.h:58->firmware/nnet_utils/nnet_dense_resource.h:262->firmware/nnet_utils/nnet_dense_stream.h:24->firmware/nnet_utils/nnet_dense_stream.h:97]   --->   Operation 1373 'partselect' 'trunc_ln58_778' <Predicate = true> <Delay = 0.00>
ST_6 : Operation 1374 [1/2] (3.34ns)   --->   "%mul_ln58_782 = mul i26 %sext_ln73_813, i26 %sext_ln73_574" [firmware/nnet_utils/nnet_dense_resource.h:58->firmware/nnet_utils/nnet_dense_resource.h:262->firmware/nnet_utils/nnet_dense_stream.h:24->firmware/nnet_utils/nnet_dense_stream.h:97]   --->   Operation 1374 'mul' 'mul_ln58_782' <Predicate = true> <Delay = 3.34> <CoreInst = "Multiplier">   --->   Core 3 'Multiplier' <Latency = 1> <II = 1> <Delay = 3.34> <FuncUnit> <Opcode : 'mul'> <InPorts = 2> <OutPorts = 1>
ST_6 : Operation 1375 [1/1] (0.00ns)   --->   "%trunc_ln58_779 = partselect i16 @_ssdm_op_PartSelect.i16.i26.i32.i32, i26 %mul_ln58_782, i32 10, i32 25" [firmware/nnet_utils/nnet_dense_resource.h:58->firmware/nnet_utils/nnet_dense_resource.h:262->firmware/nnet_utils/nnet_dense_stream.h:24->firmware/nnet_utils/nnet_dense_stream.h:97]   --->   Operation 1375 'partselect' 'trunc_ln58_779' <Predicate = true> <Delay = 0.00>
ST_6 : Operation 1376 [1/2] (3.34ns)   --->   "%mul_ln58_783 = mul i26 %sext_ln73_814, i26 %sext_ln73_576" [firmware/nnet_utils/nnet_dense_resource.h:58->firmware/nnet_utils/nnet_dense_resource.h:262->firmware/nnet_utils/nnet_dense_stream.h:24->firmware/nnet_utils/nnet_dense_stream.h:97]   --->   Operation 1376 'mul' 'mul_ln58_783' <Predicate = true> <Delay = 3.34> <CoreInst = "Multiplier">   --->   Core 3 'Multiplier' <Latency = 1> <II = 1> <Delay = 3.34> <FuncUnit> <Opcode : 'mul'> <InPorts = 2> <OutPorts = 1>
ST_6 : Operation 1377 [1/1] (0.00ns)   --->   "%trunc_ln58_780 = partselect i16 @_ssdm_op_PartSelect.i16.i26.i32.i32, i26 %mul_ln58_783, i32 10, i32 25" [firmware/nnet_utils/nnet_dense_resource.h:58->firmware/nnet_utils/nnet_dense_resource.h:262->firmware/nnet_utils/nnet_dense_stream.h:24->firmware/nnet_utils/nnet_dense_stream.h:97]   --->   Operation 1377 'partselect' 'trunc_ln58_780' <Predicate = true> <Delay = 0.00>
ST_6 : Operation 1378 [1/2] (3.34ns)   --->   "%mul_ln58_784 = mul i26 %sext_ln73_815, i26 %sext_ln73_578" [firmware/nnet_utils/nnet_dense_resource.h:58->firmware/nnet_utils/nnet_dense_resource.h:262->firmware/nnet_utils/nnet_dense_stream.h:24->firmware/nnet_utils/nnet_dense_stream.h:97]   --->   Operation 1378 'mul' 'mul_ln58_784' <Predicate = true> <Delay = 3.34> <CoreInst = "Multiplier">   --->   Core 3 'Multiplier' <Latency = 1> <II = 1> <Delay = 3.34> <FuncUnit> <Opcode : 'mul'> <InPorts = 2> <OutPorts = 1>
ST_6 : Operation 1379 [1/1] (0.00ns)   --->   "%trunc_ln58_781 = partselect i16 @_ssdm_op_PartSelect.i16.i26.i32.i32, i26 %mul_ln58_784, i32 10, i32 25" [firmware/nnet_utils/nnet_dense_resource.h:58->firmware/nnet_utils/nnet_dense_resource.h:262->firmware/nnet_utils/nnet_dense_stream.h:24->firmware/nnet_utils/nnet_dense_stream.h:97]   --->   Operation 1379 'partselect' 'trunc_ln58_781' <Predicate = true> <Delay = 0.00>
ST_6 : Operation 1380 [1/2] (3.34ns)   --->   "%mul_ln58_785 = mul i26 %sext_ln73_816, i26 %sext_ln73_580" [firmware/nnet_utils/nnet_dense_resource.h:58->firmware/nnet_utils/nnet_dense_resource.h:262->firmware/nnet_utils/nnet_dense_stream.h:24->firmware/nnet_utils/nnet_dense_stream.h:97]   --->   Operation 1380 'mul' 'mul_ln58_785' <Predicate = true> <Delay = 3.34> <CoreInst = "Multiplier">   --->   Core 3 'Multiplier' <Latency = 1> <II = 1> <Delay = 3.34> <FuncUnit> <Opcode : 'mul'> <InPorts = 2> <OutPorts = 1>
ST_6 : Operation 1381 [1/1] (0.00ns)   --->   "%trunc_ln58_782 = partselect i16 @_ssdm_op_PartSelect.i16.i26.i32.i32, i26 %mul_ln58_785, i32 10, i32 25" [firmware/nnet_utils/nnet_dense_resource.h:58->firmware/nnet_utils/nnet_dense_resource.h:262->firmware/nnet_utils/nnet_dense_stream.h:24->firmware/nnet_utils/nnet_dense_stream.h:97]   --->   Operation 1381 'partselect' 'trunc_ln58_782' <Predicate = true> <Delay = 0.00>
ST_6 : Operation 1382 [1/2] (3.34ns)   --->   "%mul_ln58_786 = mul i26 %sext_ln73_817, i26 %sext_ln73_582" [firmware/nnet_utils/nnet_dense_resource.h:58->firmware/nnet_utils/nnet_dense_resource.h:262->firmware/nnet_utils/nnet_dense_stream.h:24->firmware/nnet_utils/nnet_dense_stream.h:97]   --->   Operation 1382 'mul' 'mul_ln58_786' <Predicate = true> <Delay = 3.34> <CoreInst = "Multiplier">   --->   Core 3 'Multiplier' <Latency = 1> <II = 1> <Delay = 3.34> <FuncUnit> <Opcode : 'mul'> <InPorts = 2> <OutPorts = 1>
ST_6 : Operation 1383 [1/1] (0.00ns)   --->   "%trunc_ln58_783 = partselect i16 @_ssdm_op_PartSelect.i16.i26.i32.i32, i26 %mul_ln58_786, i32 10, i32 25" [firmware/nnet_utils/nnet_dense_resource.h:58->firmware/nnet_utils/nnet_dense_resource.h:262->firmware/nnet_utils/nnet_dense_stream.h:24->firmware/nnet_utils/nnet_dense_stream.h:97]   --->   Operation 1383 'partselect' 'trunc_ln58_783' <Predicate = true> <Delay = 0.00>
ST_6 : Operation 1384 [1/2] (3.34ns)   --->   "%mul_ln58_787 = mul i26 %sext_ln73_818, i26 %sext_ln73_584" [firmware/nnet_utils/nnet_dense_resource.h:58->firmware/nnet_utils/nnet_dense_resource.h:262->firmware/nnet_utils/nnet_dense_stream.h:24->firmware/nnet_utils/nnet_dense_stream.h:97]   --->   Operation 1384 'mul' 'mul_ln58_787' <Predicate = true> <Delay = 3.34> <CoreInst = "Multiplier">   --->   Core 3 'Multiplier' <Latency = 1> <II = 1> <Delay = 3.34> <FuncUnit> <Opcode : 'mul'> <InPorts = 2> <OutPorts = 1>
ST_6 : Operation 1385 [1/1] (0.00ns)   --->   "%trunc_ln58_784 = partselect i16 @_ssdm_op_PartSelect.i16.i26.i32.i32, i26 %mul_ln58_787, i32 10, i32 25" [firmware/nnet_utils/nnet_dense_resource.h:58->firmware/nnet_utils/nnet_dense_resource.h:262->firmware/nnet_utils/nnet_dense_stream.h:24->firmware/nnet_utils/nnet_dense_stream.h:97]   --->   Operation 1385 'partselect' 'trunc_ln58_784' <Predicate = true> <Delay = 0.00>
ST_6 : Operation 1386 [1/2] (3.34ns)   --->   "%mul_ln58_788 = mul i26 %sext_ln73_819, i26 %sext_ln73_586" [firmware/nnet_utils/nnet_dense_resource.h:58->firmware/nnet_utils/nnet_dense_resource.h:262->firmware/nnet_utils/nnet_dense_stream.h:24->firmware/nnet_utils/nnet_dense_stream.h:97]   --->   Operation 1386 'mul' 'mul_ln58_788' <Predicate = true> <Delay = 3.34> <CoreInst = "Multiplier">   --->   Core 3 'Multiplier' <Latency = 1> <II = 1> <Delay = 3.34> <FuncUnit> <Opcode : 'mul'> <InPorts = 2> <OutPorts = 1>
ST_6 : Operation 1387 [1/1] (0.00ns)   --->   "%trunc_ln58_785 = partselect i16 @_ssdm_op_PartSelect.i16.i26.i32.i32, i26 %mul_ln58_788, i32 10, i32 25" [firmware/nnet_utils/nnet_dense_resource.h:58->firmware/nnet_utils/nnet_dense_resource.h:262->firmware/nnet_utils/nnet_dense_stream.h:24->firmware/nnet_utils/nnet_dense_stream.h:97]   --->   Operation 1387 'partselect' 'trunc_ln58_785' <Predicate = true> <Delay = 0.00>
ST_6 : Operation 1388 [1/2] (3.34ns)   --->   "%mul_ln58_789 = mul i26 %sext_ln73_820, i26 %sext_ln73_588" [firmware/nnet_utils/nnet_dense_resource.h:58->firmware/nnet_utils/nnet_dense_resource.h:262->firmware/nnet_utils/nnet_dense_stream.h:24->firmware/nnet_utils/nnet_dense_stream.h:97]   --->   Operation 1388 'mul' 'mul_ln58_789' <Predicate = true> <Delay = 3.34> <CoreInst = "Multiplier">   --->   Core 3 'Multiplier' <Latency = 1> <II = 1> <Delay = 3.34> <FuncUnit> <Opcode : 'mul'> <InPorts = 2> <OutPorts = 1>
ST_6 : Operation 1389 [1/1] (0.00ns)   --->   "%trunc_ln58_786 = partselect i16 @_ssdm_op_PartSelect.i16.i26.i32.i32, i26 %mul_ln58_789, i32 10, i32 25" [firmware/nnet_utils/nnet_dense_resource.h:58->firmware/nnet_utils/nnet_dense_resource.h:262->firmware/nnet_utils/nnet_dense_stream.h:24->firmware/nnet_utils/nnet_dense_stream.h:97]   --->   Operation 1389 'partselect' 'trunc_ln58_786' <Predicate = true> <Delay = 0.00>
ST_6 : Operation 1390 [1/2] (3.34ns)   --->   "%mul_ln58_790 = mul i26 %sext_ln73_821, i26 %sext_ln73_574" [firmware/nnet_utils/nnet_dense_resource.h:58->firmware/nnet_utils/nnet_dense_resource.h:262->firmware/nnet_utils/nnet_dense_stream.h:24->firmware/nnet_utils/nnet_dense_stream.h:97]   --->   Operation 1390 'mul' 'mul_ln58_790' <Predicate = true> <Delay = 3.34> <CoreInst = "Multiplier">   --->   Core 3 'Multiplier' <Latency = 1> <II = 1> <Delay = 3.34> <FuncUnit> <Opcode : 'mul'> <InPorts = 2> <OutPorts = 1>
ST_6 : Operation 1391 [1/1] (0.00ns)   --->   "%trunc_ln58_787 = partselect i16 @_ssdm_op_PartSelect.i16.i26.i32.i32, i26 %mul_ln58_790, i32 10, i32 25" [firmware/nnet_utils/nnet_dense_resource.h:58->firmware/nnet_utils/nnet_dense_resource.h:262->firmware/nnet_utils/nnet_dense_stream.h:24->firmware/nnet_utils/nnet_dense_stream.h:97]   --->   Operation 1391 'partselect' 'trunc_ln58_787' <Predicate = true> <Delay = 0.00>
ST_6 : Operation 1392 [1/2] (3.34ns)   --->   "%mul_ln58_791 = mul i26 %sext_ln73_822, i26 %sext_ln73_576" [firmware/nnet_utils/nnet_dense_resource.h:58->firmware/nnet_utils/nnet_dense_resource.h:262->firmware/nnet_utils/nnet_dense_stream.h:24->firmware/nnet_utils/nnet_dense_stream.h:97]   --->   Operation 1392 'mul' 'mul_ln58_791' <Predicate = true> <Delay = 3.34> <CoreInst = "Multiplier">   --->   Core 3 'Multiplier' <Latency = 1> <II = 1> <Delay = 3.34> <FuncUnit> <Opcode : 'mul'> <InPorts = 2> <OutPorts = 1>
ST_6 : Operation 1393 [1/1] (0.00ns)   --->   "%trunc_ln58_788 = partselect i16 @_ssdm_op_PartSelect.i16.i26.i32.i32, i26 %mul_ln58_791, i32 10, i32 25" [firmware/nnet_utils/nnet_dense_resource.h:58->firmware/nnet_utils/nnet_dense_resource.h:262->firmware/nnet_utils/nnet_dense_stream.h:24->firmware/nnet_utils/nnet_dense_stream.h:97]   --->   Operation 1393 'partselect' 'trunc_ln58_788' <Predicate = true> <Delay = 0.00>
ST_6 : Operation 1394 [1/2] (3.34ns)   --->   "%mul_ln58_792 = mul i26 %sext_ln73_823, i26 %sext_ln73_578" [firmware/nnet_utils/nnet_dense_resource.h:58->firmware/nnet_utils/nnet_dense_resource.h:262->firmware/nnet_utils/nnet_dense_stream.h:24->firmware/nnet_utils/nnet_dense_stream.h:97]   --->   Operation 1394 'mul' 'mul_ln58_792' <Predicate = true> <Delay = 3.34> <CoreInst = "Multiplier">   --->   Core 3 'Multiplier' <Latency = 1> <II = 1> <Delay = 3.34> <FuncUnit> <Opcode : 'mul'> <InPorts = 2> <OutPorts = 1>
ST_6 : Operation 1395 [1/1] (0.00ns)   --->   "%trunc_ln58_789 = partselect i16 @_ssdm_op_PartSelect.i16.i26.i32.i32, i26 %mul_ln58_792, i32 10, i32 25" [firmware/nnet_utils/nnet_dense_resource.h:58->firmware/nnet_utils/nnet_dense_resource.h:262->firmware/nnet_utils/nnet_dense_stream.h:24->firmware/nnet_utils/nnet_dense_stream.h:97]   --->   Operation 1395 'partselect' 'trunc_ln58_789' <Predicate = true> <Delay = 0.00>
ST_6 : Operation 1396 [1/2] (3.34ns)   --->   "%mul_ln58_793 = mul i26 %sext_ln73_824, i26 %sext_ln73_580" [firmware/nnet_utils/nnet_dense_resource.h:58->firmware/nnet_utils/nnet_dense_resource.h:262->firmware/nnet_utils/nnet_dense_stream.h:24->firmware/nnet_utils/nnet_dense_stream.h:97]   --->   Operation 1396 'mul' 'mul_ln58_793' <Predicate = true> <Delay = 3.34> <CoreInst = "Multiplier">   --->   Core 3 'Multiplier' <Latency = 1> <II = 1> <Delay = 3.34> <FuncUnit> <Opcode : 'mul'> <InPorts = 2> <OutPorts = 1>
ST_6 : Operation 1397 [1/1] (0.00ns)   --->   "%trunc_ln58_790 = partselect i16 @_ssdm_op_PartSelect.i16.i26.i32.i32, i26 %mul_ln58_793, i32 10, i32 25" [firmware/nnet_utils/nnet_dense_resource.h:58->firmware/nnet_utils/nnet_dense_resource.h:262->firmware/nnet_utils/nnet_dense_stream.h:24->firmware/nnet_utils/nnet_dense_stream.h:97]   --->   Operation 1397 'partselect' 'trunc_ln58_790' <Predicate = true> <Delay = 0.00>
ST_6 : Operation 1398 [1/2] (3.34ns)   --->   "%mul_ln58_794 = mul i26 %sext_ln73_825, i26 %sext_ln73_582" [firmware/nnet_utils/nnet_dense_resource.h:58->firmware/nnet_utils/nnet_dense_resource.h:262->firmware/nnet_utils/nnet_dense_stream.h:24->firmware/nnet_utils/nnet_dense_stream.h:97]   --->   Operation 1398 'mul' 'mul_ln58_794' <Predicate = true> <Delay = 3.34> <CoreInst = "Multiplier">   --->   Core 3 'Multiplier' <Latency = 1> <II = 1> <Delay = 3.34> <FuncUnit> <Opcode : 'mul'> <InPorts = 2> <OutPorts = 1>
ST_6 : Operation 1399 [1/1] (0.00ns)   --->   "%trunc_ln58_791 = partselect i16 @_ssdm_op_PartSelect.i16.i26.i32.i32, i26 %mul_ln58_794, i32 10, i32 25" [firmware/nnet_utils/nnet_dense_resource.h:58->firmware/nnet_utils/nnet_dense_resource.h:262->firmware/nnet_utils/nnet_dense_stream.h:24->firmware/nnet_utils/nnet_dense_stream.h:97]   --->   Operation 1399 'partselect' 'trunc_ln58_791' <Predicate = true> <Delay = 0.00>
ST_6 : Operation 1400 [1/2] (3.34ns)   --->   "%mul_ln58_795 = mul i26 %sext_ln73_826, i26 %sext_ln73_584" [firmware/nnet_utils/nnet_dense_resource.h:58->firmware/nnet_utils/nnet_dense_resource.h:262->firmware/nnet_utils/nnet_dense_stream.h:24->firmware/nnet_utils/nnet_dense_stream.h:97]   --->   Operation 1400 'mul' 'mul_ln58_795' <Predicate = true> <Delay = 3.34> <CoreInst = "Multiplier">   --->   Core 3 'Multiplier' <Latency = 1> <II = 1> <Delay = 3.34> <FuncUnit> <Opcode : 'mul'> <InPorts = 2> <OutPorts = 1>
ST_6 : Operation 1401 [1/1] (0.00ns)   --->   "%trunc_ln58_792 = partselect i16 @_ssdm_op_PartSelect.i16.i26.i32.i32, i26 %mul_ln58_795, i32 10, i32 25" [firmware/nnet_utils/nnet_dense_resource.h:58->firmware/nnet_utils/nnet_dense_resource.h:262->firmware/nnet_utils/nnet_dense_stream.h:24->firmware/nnet_utils/nnet_dense_stream.h:97]   --->   Operation 1401 'partselect' 'trunc_ln58_792' <Predicate = true> <Delay = 0.00>
ST_6 : Operation 1402 [1/2] (3.34ns)   --->   "%mul_ln58_796 = mul i26 %sext_ln73_827, i26 %sext_ln73_586" [firmware/nnet_utils/nnet_dense_resource.h:58->firmware/nnet_utils/nnet_dense_resource.h:262->firmware/nnet_utils/nnet_dense_stream.h:24->firmware/nnet_utils/nnet_dense_stream.h:97]   --->   Operation 1402 'mul' 'mul_ln58_796' <Predicate = true> <Delay = 3.34> <CoreInst = "Multiplier">   --->   Core 3 'Multiplier' <Latency = 1> <II = 1> <Delay = 3.34> <FuncUnit> <Opcode : 'mul'> <InPorts = 2> <OutPorts = 1>
ST_6 : Operation 1403 [1/1] (0.00ns)   --->   "%trunc_ln58_793 = partselect i16 @_ssdm_op_PartSelect.i16.i26.i32.i32, i26 %mul_ln58_796, i32 10, i32 25" [firmware/nnet_utils/nnet_dense_resource.h:58->firmware/nnet_utils/nnet_dense_resource.h:262->firmware/nnet_utils/nnet_dense_stream.h:24->firmware/nnet_utils/nnet_dense_stream.h:97]   --->   Operation 1403 'partselect' 'trunc_ln58_793' <Predicate = true> <Delay = 0.00>
ST_6 : Operation 1404 [1/2] (3.34ns)   --->   "%mul_ln58_797 = mul i26 %sext_ln73_828, i26 %sext_ln73_588" [firmware/nnet_utils/nnet_dense_resource.h:58->firmware/nnet_utils/nnet_dense_resource.h:262->firmware/nnet_utils/nnet_dense_stream.h:24->firmware/nnet_utils/nnet_dense_stream.h:97]   --->   Operation 1404 'mul' 'mul_ln58_797' <Predicate = true> <Delay = 3.34> <CoreInst = "Multiplier">   --->   Core 3 'Multiplier' <Latency = 1> <II = 1> <Delay = 3.34> <FuncUnit> <Opcode : 'mul'> <InPorts = 2> <OutPorts = 1>
ST_6 : Operation 1405 [1/1] (0.00ns)   --->   "%trunc_ln58_794 = partselect i16 @_ssdm_op_PartSelect.i16.i26.i32.i32, i26 %mul_ln58_797, i32 10, i32 25" [firmware/nnet_utils/nnet_dense_resource.h:58->firmware/nnet_utils/nnet_dense_resource.h:262->firmware/nnet_utils/nnet_dense_stream.h:24->firmware/nnet_utils/nnet_dense_stream.h:97]   --->   Operation 1405 'partselect' 'trunc_ln58_794' <Predicate = true> <Delay = 0.00>
ST_6 : Operation 1406 [1/2] (3.34ns)   --->   "%mul_ln58_798 = mul i26 %sext_ln73_829, i26 %sext_ln73_574" [firmware/nnet_utils/nnet_dense_resource.h:58->firmware/nnet_utils/nnet_dense_resource.h:262->firmware/nnet_utils/nnet_dense_stream.h:24->firmware/nnet_utils/nnet_dense_stream.h:97]   --->   Operation 1406 'mul' 'mul_ln58_798' <Predicate = true> <Delay = 3.34> <CoreInst = "Multiplier">   --->   Core 3 'Multiplier' <Latency = 1> <II = 1> <Delay = 3.34> <FuncUnit> <Opcode : 'mul'> <InPorts = 2> <OutPorts = 1>
ST_6 : Operation 1407 [1/1] (0.00ns)   --->   "%trunc_ln58_795 = partselect i16 @_ssdm_op_PartSelect.i16.i26.i32.i32, i26 %mul_ln58_798, i32 10, i32 25" [firmware/nnet_utils/nnet_dense_resource.h:58->firmware/nnet_utils/nnet_dense_resource.h:262->firmware/nnet_utils/nnet_dense_stream.h:24->firmware/nnet_utils/nnet_dense_stream.h:97]   --->   Operation 1407 'partselect' 'trunc_ln58_795' <Predicate = true> <Delay = 0.00>
ST_6 : Operation 1408 [1/2] (3.34ns)   --->   "%mul_ln58_799 = mul i26 %sext_ln73_830, i26 %sext_ln73_576" [firmware/nnet_utils/nnet_dense_resource.h:58->firmware/nnet_utils/nnet_dense_resource.h:262->firmware/nnet_utils/nnet_dense_stream.h:24->firmware/nnet_utils/nnet_dense_stream.h:97]   --->   Operation 1408 'mul' 'mul_ln58_799' <Predicate = true> <Delay = 3.34> <CoreInst = "Multiplier">   --->   Core 3 'Multiplier' <Latency = 1> <II = 1> <Delay = 3.34> <FuncUnit> <Opcode : 'mul'> <InPorts = 2> <OutPorts = 1>
ST_6 : Operation 1409 [1/1] (0.00ns)   --->   "%trunc_ln58_796 = partselect i16 @_ssdm_op_PartSelect.i16.i26.i32.i32, i26 %mul_ln58_799, i32 10, i32 25" [firmware/nnet_utils/nnet_dense_resource.h:58->firmware/nnet_utils/nnet_dense_resource.h:262->firmware/nnet_utils/nnet_dense_stream.h:24->firmware/nnet_utils/nnet_dense_stream.h:97]   --->   Operation 1409 'partselect' 'trunc_ln58_796' <Predicate = true> <Delay = 0.00>
ST_6 : Operation 1410 [1/2] (3.34ns)   --->   "%mul_ln58_800 = mul i26 %sext_ln73_831, i26 %sext_ln73_578" [firmware/nnet_utils/nnet_dense_resource.h:58->firmware/nnet_utils/nnet_dense_resource.h:262->firmware/nnet_utils/nnet_dense_stream.h:24->firmware/nnet_utils/nnet_dense_stream.h:97]   --->   Operation 1410 'mul' 'mul_ln58_800' <Predicate = true> <Delay = 3.34> <CoreInst = "Multiplier">   --->   Core 3 'Multiplier' <Latency = 1> <II = 1> <Delay = 3.34> <FuncUnit> <Opcode : 'mul'> <InPorts = 2> <OutPorts = 1>
ST_6 : Operation 1411 [1/1] (0.00ns)   --->   "%trunc_ln58_797 = partselect i16 @_ssdm_op_PartSelect.i16.i26.i32.i32, i26 %mul_ln58_800, i32 10, i32 25" [firmware/nnet_utils/nnet_dense_resource.h:58->firmware/nnet_utils/nnet_dense_resource.h:262->firmware/nnet_utils/nnet_dense_stream.h:24->firmware/nnet_utils/nnet_dense_stream.h:97]   --->   Operation 1411 'partselect' 'trunc_ln58_797' <Predicate = true> <Delay = 0.00>
ST_6 : Operation 1412 [1/2] (3.34ns)   --->   "%mul_ln58_801 = mul i26 %sext_ln73_832, i26 %sext_ln73_580" [firmware/nnet_utils/nnet_dense_resource.h:58->firmware/nnet_utils/nnet_dense_resource.h:262->firmware/nnet_utils/nnet_dense_stream.h:24->firmware/nnet_utils/nnet_dense_stream.h:97]   --->   Operation 1412 'mul' 'mul_ln58_801' <Predicate = true> <Delay = 3.34> <CoreInst = "Multiplier">   --->   Core 3 'Multiplier' <Latency = 1> <II = 1> <Delay = 3.34> <FuncUnit> <Opcode : 'mul'> <InPorts = 2> <OutPorts = 1>
ST_6 : Operation 1413 [1/1] (0.00ns)   --->   "%trunc_ln58_798 = partselect i16 @_ssdm_op_PartSelect.i16.i26.i32.i32, i26 %mul_ln58_801, i32 10, i32 25" [firmware/nnet_utils/nnet_dense_resource.h:58->firmware/nnet_utils/nnet_dense_resource.h:262->firmware/nnet_utils/nnet_dense_stream.h:24->firmware/nnet_utils/nnet_dense_stream.h:97]   --->   Operation 1413 'partselect' 'trunc_ln58_798' <Predicate = true> <Delay = 0.00>
ST_6 : Operation 1414 [1/2] (3.34ns)   --->   "%mul_ln58_802 = mul i26 %sext_ln73_833, i26 %sext_ln73_582" [firmware/nnet_utils/nnet_dense_resource.h:58->firmware/nnet_utils/nnet_dense_resource.h:262->firmware/nnet_utils/nnet_dense_stream.h:24->firmware/nnet_utils/nnet_dense_stream.h:97]   --->   Operation 1414 'mul' 'mul_ln58_802' <Predicate = true> <Delay = 3.34> <CoreInst = "Multiplier">   --->   Core 3 'Multiplier' <Latency = 1> <II = 1> <Delay = 3.34> <FuncUnit> <Opcode : 'mul'> <InPorts = 2> <OutPorts = 1>
ST_6 : Operation 1415 [1/1] (0.00ns)   --->   "%trunc_ln58_799 = partselect i16 @_ssdm_op_PartSelect.i16.i26.i32.i32, i26 %mul_ln58_802, i32 10, i32 25" [firmware/nnet_utils/nnet_dense_resource.h:58->firmware/nnet_utils/nnet_dense_resource.h:262->firmware/nnet_utils/nnet_dense_stream.h:24->firmware/nnet_utils/nnet_dense_stream.h:97]   --->   Operation 1415 'partselect' 'trunc_ln58_799' <Predicate = true> <Delay = 0.00>
ST_6 : Operation 1416 [1/2] (3.34ns)   --->   "%mul_ln58_803 = mul i26 %sext_ln73_834, i26 %sext_ln73_584" [firmware/nnet_utils/nnet_dense_resource.h:58->firmware/nnet_utils/nnet_dense_resource.h:262->firmware/nnet_utils/nnet_dense_stream.h:24->firmware/nnet_utils/nnet_dense_stream.h:97]   --->   Operation 1416 'mul' 'mul_ln58_803' <Predicate = true> <Delay = 3.34> <CoreInst = "Multiplier">   --->   Core 3 'Multiplier' <Latency = 1> <II = 1> <Delay = 3.34> <FuncUnit> <Opcode : 'mul'> <InPorts = 2> <OutPorts = 1>
ST_6 : Operation 1417 [1/1] (0.00ns)   --->   "%trunc_ln58_800 = partselect i16 @_ssdm_op_PartSelect.i16.i26.i32.i32, i26 %mul_ln58_803, i32 10, i32 25" [firmware/nnet_utils/nnet_dense_resource.h:58->firmware/nnet_utils/nnet_dense_resource.h:262->firmware/nnet_utils/nnet_dense_stream.h:24->firmware/nnet_utils/nnet_dense_stream.h:97]   --->   Operation 1417 'partselect' 'trunc_ln58_800' <Predicate = true> <Delay = 0.00>
ST_6 : Operation 1418 [1/2] (3.34ns)   --->   "%mul_ln58_804 = mul i26 %sext_ln73_835, i26 %sext_ln73_586" [firmware/nnet_utils/nnet_dense_resource.h:58->firmware/nnet_utils/nnet_dense_resource.h:262->firmware/nnet_utils/nnet_dense_stream.h:24->firmware/nnet_utils/nnet_dense_stream.h:97]   --->   Operation 1418 'mul' 'mul_ln58_804' <Predicate = true> <Delay = 3.34> <CoreInst = "Multiplier">   --->   Core 3 'Multiplier' <Latency = 1> <II = 1> <Delay = 3.34> <FuncUnit> <Opcode : 'mul'> <InPorts = 2> <OutPorts = 1>
ST_6 : Operation 1419 [1/1] (0.00ns)   --->   "%trunc_ln58_801 = partselect i16 @_ssdm_op_PartSelect.i16.i26.i32.i32, i26 %mul_ln58_804, i32 10, i32 25" [firmware/nnet_utils/nnet_dense_resource.h:58->firmware/nnet_utils/nnet_dense_resource.h:262->firmware/nnet_utils/nnet_dense_stream.h:24->firmware/nnet_utils/nnet_dense_stream.h:97]   --->   Operation 1419 'partselect' 'trunc_ln58_801' <Predicate = true> <Delay = 0.00>
ST_6 : Operation 1420 [1/2] (3.34ns)   --->   "%mul_ln58_805 = mul i26 %sext_ln73_588, i26 %sext_ln73_836" [firmware/nnet_utils/nnet_dense_resource.h:58->firmware/nnet_utils/nnet_dense_resource.h:262->firmware/nnet_utils/nnet_dense_stream.h:24->firmware/nnet_utils/nnet_dense_stream.h:97]   --->   Operation 1420 'mul' 'mul_ln58_805' <Predicate = true> <Delay = 3.34> <CoreInst = "Multiplier">   --->   Core 3 'Multiplier' <Latency = 1> <II = 1> <Delay = 3.34> <FuncUnit> <Opcode : 'mul'> <InPorts = 2> <OutPorts = 1>
ST_6 : Operation 1421 [1/1] (0.00ns)   --->   "%trunc_ln58_802 = partselect i16 @_ssdm_op_PartSelect.i16.i26.i32.i32, i26 %mul_ln58_805, i32 10, i32 25" [firmware/nnet_utils/nnet_dense_resource.h:58->firmware/nnet_utils/nnet_dense_resource.h:262->firmware/nnet_utils/nnet_dense_stream.h:24->firmware/nnet_utils/nnet_dense_stream.h:97]   --->   Operation 1421 'partselect' 'trunc_ln58_802' <Predicate = true> <Delay = 0.00>

State 7 <SV = 6> <Delay = 2.07>
ST_7 : Operation 1422 [1/1] (2.07ns)   --->   "%add_ln58 = add i16 %trunc_ln6, i16 %trunc_ln58_s" [firmware/nnet_utils/nnet_dense_resource.h:58->firmware/nnet_utils/nnet_dense_resource.h:262->firmware/nnet_utils/nnet_dense_stream.h:24->firmware/nnet_utils/nnet_dense_stream.h:97]   --->   Operation 1422 'add' 'add_ln58' <Predicate = true> <Delay = 2.07> <CoreInst = "Adder">   --->   Core 1 'Adder' <Latency = 0> <II = 1> <Delay = 2.07> <FuncUnit> <Opcode : 'add' 'sub'> <InPorts = 2> <OutPorts = 1>
ST_7 : Operation 1423 [1/1] (2.07ns)   --->   "%add_ln58_551 = add i16 %trunc_ln58_549, i16 %trunc_ln58_550" [firmware/nnet_utils/nnet_dense_resource.h:58->firmware/nnet_utils/nnet_dense_resource.h:262->firmware/nnet_utils/nnet_dense_stream.h:24->firmware/nnet_utils/nnet_dense_stream.h:97]   --->   Operation 1423 'add' 'add_ln58_551' <Predicate = true> <Delay = 2.07> <CoreInst = "Adder">   --->   Core 1 'Adder' <Latency = 0> <II = 1> <Delay = 2.07> <FuncUnit> <Opcode : 'add' 'sub'> <InPorts = 2> <OutPorts = 1>
ST_7 : Operation 1424 [1/1] (2.07ns)   --->   "%add_ln58_553 = add i16 %trunc_ln58_551, i16 %trunc_ln58_552" [firmware/nnet_utils/nnet_dense_resource.h:58->firmware/nnet_utils/nnet_dense_resource.h:262->firmware/nnet_utils/nnet_dense_stream.h:24->firmware/nnet_utils/nnet_dense_stream.h:97]   --->   Operation 1424 'add' 'add_ln58_553' <Predicate = true> <Delay = 2.07> <CoreInst = "Adder">   --->   Core 1 'Adder' <Latency = 0> <II = 1> <Delay = 2.07> <FuncUnit> <Opcode : 'add' 'sub'> <InPorts = 2> <OutPorts = 1>
ST_7 : Operation 1425 [1/1] (2.07ns)   --->   "%add_ln58_554 = add i16 %trunc_ln58_553, i16 %trunc_ln58_554" [firmware/nnet_utils/nnet_dense_resource.h:58->firmware/nnet_utils/nnet_dense_resource.h:262->firmware/nnet_utils/nnet_dense_stream.h:24->firmware/nnet_utils/nnet_dense_stream.h:97]   --->   Operation 1425 'add' 'add_ln58_554' <Predicate = true> <Delay = 2.07> <CoreInst = "Adder">   --->   Core 1 'Adder' <Latency = 0> <II = 1> <Delay = 2.07> <FuncUnit> <Opcode : 'add' 'sub'> <InPorts = 2> <OutPorts = 1>
ST_7 : Operation 1426 [1/1] (2.07ns)   --->   "%add_ln58_558 = add i16 %trunc_ln58_555, i16 %trunc_ln58_556" [firmware/nnet_utils/nnet_dense_resource.h:58->firmware/nnet_utils/nnet_dense_resource.h:262->firmware/nnet_utils/nnet_dense_stream.h:24->firmware/nnet_utils/nnet_dense_stream.h:97]   --->   Operation 1426 'add' 'add_ln58_558' <Predicate = true> <Delay = 2.07> <CoreInst = "Adder">   --->   Core 1 'Adder' <Latency = 0> <II = 1> <Delay = 2.07> <FuncUnit> <Opcode : 'add' 'sub'> <InPorts = 2> <OutPorts = 1>
ST_7 : Operation 1427 [1/1] (2.07ns)   --->   "%add_ln58_559 = add i16 %trunc_ln58_557, i16 %trunc_ln58_558" [firmware/nnet_utils/nnet_dense_resource.h:58->firmware/nnet_utils/nnet_dense_resource.h:262->firmware/nnet_utils/nnet_dense_stream.h:24->firmware/nnet_utils/nnet_dense_stream.h:97]   --->   Operation 1427 'add' 'add_ln58_559' <Predicate = true> <Delay = 2.07> <CoreInst = "Adder">   --->   Core 1 'Adder' <Latency = 0> <II = 1> <Delay = 2.07> <FuncUnit> <Opcode : 'add' 'sub'> <InPorts = 2> <OutPorts = 1>
ST_7 : Operation 1428 [1/1] (2.07ns)   --->   "%add_ln58_561 = add i16 %trunc_ln58_559, i16 %trunc_ln58_560" [firmware/nnet_utils/nnet_dense_resource.h:58->firmware/nnet_utils/nnet_dense_resource.h:262->firmware/nnet_utils/nnet_dense_stream.h:24->firmware/nnet_utils/nnet_dense_stream.h:97]   --->   Operation 1428 'add' 'add_ln58_561' <Predicate = true> <Delay = 2.07> <CoreInst = "Adder">   --->   Core 1 'Adder' <Latency = 0> <II = 1> <Delay = 2.07> <FuncUnit> <Opcode : 'add' 'sub'> <InPorts = 2> <OutPorts = 1>
ST_7 : Operation 1429 [1/1] (2.07ns)   --->   "%add_ln58_562 = add i16 %trunc_ln58_561, i16 %trunc_ln58_562" [firmware/nnet_utils/nnet_dense_resource.h:58->firmware/nnet_utils/nnet_dense_resource.h:262->firmware/nnet_utils/nnet_dense_stream.h:24->firmware/nnet_utils/nnet_dense_stream.h:97]   --->   Operation 1429 'add' 'add_ln58_562' <Predicate = true> <Delay = 2.07> <CoreInst = "Adder">   --->   Core 1 'Adder' <Latency = 0> <II = 1> <Delay = 2.07> <FuncUnit> <Opcode : 'add' 'sub'> <InPorts = 2> <OutPorts = 1>
ST_7 : Operation 1430 [1/1] (2.07ns)   --->   "%add_ln58_566 = add i16 %trunc_ln58_563, i16 %trunc_ln58_564" [firmware/nnet_utils/nnet_dense_resource.h:58->firmware/nnet_utils/nnet_dense_resource.h:262->firmware/nnet_utils/nnet_dense_stream.h:24->firmware/nnet_utils/nnet_dense_stream.h:97]   --->   Operation 1430 'add' 'add_ln58_566' <Predicate = true> <Delay = 2.07> <CoreInst = "Adder">   --->   Core 1 'Adder' <Latency = 0> <II = 1> <Delay = 2.07> <FuncUnit> <Opcode : 'add' 'sub'> <InPorts = 2> <OutPorts = 1>
ST_7 : Operation 1431 [1/1] (2.07ns)   --->   "%add_ln58_567 = add i16 %trunc_ln58_565, i16 %trunc_ln58_566" [firmware/nnet_utils/nnet_dense_resource.h:58->firmware/nnet_utils/nnet_dense_resource.h:262->firmware/nnet_utils/nnet_dense_stream.h:24->firmware/nnet_utils/nnet_dense_stream.h:97]   --->   Operation 1431 'add' 'add_ln58_567' <Predicate = true> <Delay = 2.07> <CoreInst = "Adder">   --->   Core 1 'Adder' <Latency = 0> <II = 1> <Delay = 2.07> <FuncUnit> <Opcode : 'add' 'sub'> <InPorts = 2> <OutPorts = 1>
ST_7 : Operation 1432 [1/1] (2.07ns)   --->   "%add_ln58_569 = add i16 %trunc_ln58_567, i16 %trunc_ln58_568" [firmware/nnet_utils/nnet_dense_resource.h:58->firmware/nnet_utils/nnet_dense_resource.h:262->firmware/nnet_utils/nnet_dense_stream.h:24->firmware/nnet_utils/nnet_dense_stream.h:97]   --->   Operation 1432 'add' 'add_ln58_569' <Predicate = true> <Delay = 2.07> <CoreInst = "Adder">   --->   Core 1 'Adder' <Latency = 0> <II = 1> <Delay = 2.07> <FuncUnit> <Opcode : 'add' 'sub'> <InPorts = 2> <OutPorts = 1>
ST_7 : Operation 1433 [1/1] (2.07ns)   --->   "%add_ln58_570 = add i16 %trunc_ln58_569, i16 %trunc_ln58_570" [firmware/nnet_utils/nnet_dense_resource.h:58->firmware/nnet_utils/nnet_dense_resource.h:262->firmware/nnet_utils/nnet_dense_stream.h:24->firmware/nnet_utils/nnet_dense_stream.h:97]   --->   Operation 1433 'add' 'add_ln58_570' <Predicate = true> <Delay = 2.07> <CoreInst = "Adder">   --->   Core 1 'Adder' <Latency = 0> <II = 1> <Delay = 2.07> <FuncUnit> <Opcode : 'add' 'sub'> <InPorts = 2> <OutPorts = 1>
ST_7 : Operation 1434 [1/1] (2.07ns)   --->   "%add_ln58_574 = add i16 %trunc_ln58_571, i16 %trunc_ln58_572" [firmware/nnet_utils/nnet_dense_resource.h:58->firmware/nnet_utils/nnet_dense_resource.h:262->firmware/nnet_utils/nnet_dense_stream.h:24->firmware/nnet_utils/nnet_dense_stream.h:97]   --->   Operation 1434 'add' 'add_ln58_574' <Predicate = true> <Delay = 2.07> <CoreInst = "Adder">   --->   Core 1 'Adder' <Latency = 0> <II = 1> <Delay = 2.07> <FuncUnit> <Opcode : 'add' 'sub'> <InPorts = 2> <OutPorts = 1>
ST_7 : Operation 1435 [1/1] (2.07ns)   --->   "%add_ln58_575 = add i16 %trunc_ln58_573, i16 %trunc_ln58_574" [firmware/nnet_utils/nnet_dense_resource.h:58->firmware/nnet_utils/nnet_dense_resource.h:262->firmware/nnet_utils/nnet_dense_stream.h:24->firmware/nnet_utils/nnet_dense_stream.h:97]   --->   Operation 1435 'add' 'add_ln58_575' <Predicate = true> <Delay = 2.07> <CoreInst = "Adder">   --->   Core 1 'Adder' <Latency = 0> <II = 1> <Delay = 2.07> <FuncUnit> <Opcode : 'add' 'sub'> <InPorts = 2> <OutPorts = 1>
ST_7 : Operation 1436 [1/1] (2.07ns)   --->   "%add_ln58_577 = add i16 %trunc_ln58_575, i16 %trunc_ln58_576" [firmware/nnet_utils/nnet_dense_resource.h:58->firmware/nnet_utils/nnet_dense_resource.h:262->firmware/nnet_utils/nnet_dense_stream.h:24->firmware/nnet_utils/nnet_dense_stream.h:97]   --->   Operation 1436 'add' 'add_ln58_577' <Predicate = true> <Delay = 2.07> <CoreInst = "Adder">   --->   Core 1 'Adder' <Latency = 0> <II = 1> <Delay = 2.07> <FuncUnit> <Opcode : 'add' 'sub'> <InPorts = 2> <OutPorts = 1>
ST_7 : Operation 1437 [1/1] (2.07ns)   --->   "%add_ln58_578 = add i16 %trunc_ln58_577, i16 %trunc_ln58_578" [firmware/nnet_utils/nnet_dense_resource.h:58->firmware/nnet_utils/nnet_dense_resource.h:262->firmware/nnet_utils/nnet_dense_stream.h:24->firmware/nnet_utils/nnet_dense_stream.h:97]   --->   Operation 1437 'add' 'add_ln58_578' <Predicate = true> <Delay = 2.07> <CoreInst = "Adder">   --->   Core 1 'Adder' <Latency = 0> <II = 1> <Delay = 2.07> <FuncUnit> <Opcode : 'add' 'sub'> <InPorts = 2> <OutPorts = 1>
ST_7 : Operation 1438 [1/1] (2.07ns)   --->   "%add_ln58_582 = add i16 %trunc_ln58_579, i16 %trunc_ln58_580" [firmware/nnet_utils/nnet_dense_resource.h:58->firmware/nnet_utils/nnet_dense_resource.h:262->firmware/nnet_utils/nnet_dense_stream.h:24->firmware/nnet_utils/nnet_dense_stream.h:97]   --->   Operation 1438 'add' 'add_ln58_582' <Predicate = true> <Delay = 2.07> <CoreInst = "Adder">   --->   Core 1 'Adder' <Latency = 0> <II = 1> <Delay = 2.07> <FuncUnit> <Opcode : 'add' 'sub'> <InPorts = 2> <OutPorts = 1>
ST_7 : Operation 1439 [1/1] (2.07ns)   --->   "%add_ln58_583 = add i16 %trunc_ln58_581, i16 %trunc_ln58_582" [firmware/nnet_utils/nnet_dense_resource.h:58->firmware/nnet_utils/nnet_dense_resource.h:262->firmware/nnet_utils/nnet_dense_stream.h:24->firmware/nnet_utils/nnet_dense_stream.h:97]   --->   Operation 1439 'add' 'add_ln58_583' <Predicate = true> <Delay = 2.07> <CoreInst = "Adder">   --->   Core 1 'Adder' <Latency = 0> <II = 1> <Delay = 2.07> <FuncUnit> <Opcode : 'add' 'sub'> <InPorts = 2> <OutPorts = 1>
ST_7 : Operation 1440 [1/1] (2.07ns)   --->   "%add_ln58_585 = add i16 %trunc_ln58_583, i16 %trunc_ln58_584" [firmware/nnet_utils/nnet_dense_resource.h:58->firmware/nnet_utils/nnet_dense_resource.h:262->firmware/nnet_utils/nnet_dense_stream.h:24->firmware/nnet_utils/nnet_dense_stream.h:97]   --->   Operation 1440 'add' 'add_ln58_585' <Predicate = true> <Delay = 2.07> <CoreInst = "Adder">   --->   Core 1 'Adder' <Latency = 0> <II = 1> <Delay = 2.07> <FuncUnit> <Opcode : 'add' 'sub'> <InPorts = 2> <OutPorts = 1>
ST_7 : Operation 1441 [1/1] (2.07ns)   --->   "%add_ln58_586 = add i16 %trunc_ln58_585, i16 %trunc_ln58_586" [firmware/nnet_utils/nnet_dense_resource.h:58->firmware/nnet_utils/nnet_dense_resource.h:262->firmware/nnet_utils/nnet_dense_stream.h:24->firmware/nnet_utils/nnet_dense_stream.h:97]   --->   Operation 1441 'add' 'add_ln58_586' <Predicate = true> <Delay = 2.07> <CoreInst = "Adder">   --->   Core 1 'Adder' <Latency = 0> <II = 1> <Delay = 2.07> <FuncUnit> <Opcode : 'add' 'sub'> <InPorts = 2> <OutPorts = 1>
ST_7 : Operation 1442 [1/1] (2.07ns)   --->   "%add_ln58_590 = add i16 %trunc_ln58_587, i16 %trunc_ln58_588" [firmware/nnet_utils/nnet_dense_resource.h:58->firmware/nnet_utils/nnet_dense_resource.h:262->firmware/nnet_utils/nnet_dense_stream.h:24->firmware/nnet_utils/nnet_dense_stream.h:97]   --->   Operation 1442 'add' 'add_ln58_590' <Predicate = true> <Delay = 2.07> <CoreInst = "Adder">   --->   Core 1 'Adder' <Latency = 0> <II = 1> <Delay = 2.07> <FuncUnit> <Opcode : 'add' 'sub'> <InPorts = 2> <OutPorts = 1>
ST_7 : Operation 1443 [1/1] (2.07ns)   --->   "%add_ln58_591 = add i16 %trunc_ln58_589, i16 %trunc_ln58_590" [firmware/nnet_utils/nnet_dense_resource.h:58->firmware/nnet_utils/nnet_dense_resource.h:262->firmware/nnet_utils/nnet_dense_stream.h:24->firmware/nnet_utils/nnet_dense_stream.h:97]   --->   Operation 1443 'add' 'add_ln58_591' <Predicate = true> <Delay = 2.07> <CoreInst = "Adder">   --->   Core 1 'Adder' <Latency = 0> <II = 1> <Delay = 2.07> <FuncUnit> <Opcode : 'add' 'sub'> <InPorts = 2> <OutPorts = 1>
ST_7 : Operation 1444 [1/1] (2.07ns)   --->   "%add_ln58_593 = add i16 %trunc_ln58_591, i16 %trunc_ln58_592" [firmware/nnet_utils/nnet_dense_resource.h:58->firmware/nnet_utils/nnet_dense_resource.h:262->firmware/nnet_utils/nnet_dense_stream.h:24->firmware/nnet_utils/nnet_dense_stream.h:97]   --->   Operation 1444 'add' 'add_ln58_593' <Predicate = true> <Delay = 2.07> <CoreInst = "Adder">   --->   Core 1 'Adder' <Latency = 0> <II = 1> <Delay = 2.07> <FuncUnit> <Opcode : 'add' 'sub'> <InPorts = 2> <OutPorts = 1>
ST_7 : Operation 1445 [1/1] (2.07ns)   --->   "%add_ln58_594 = add i16 %trunc_ln58_593, i16 %trunc_ln58_594" [firmware/nnet_utils/nnet_dense_resource.h:58->firmware/nnet_utils/nnet_dense_resource.h:262->firmware/nnet_utils/nnet_dense_stream.h:24->firmware/nnet_utils/nnet_dense_stream.h:97]   --->   Operation 1445 'add' 'add_ln58_594' <Predicate = true> <Delay = 2.07> <CoreInst = "Adder">   --->   Core 1 'Adder' <Latency = 0> <II = 1> <Delay = 2.07> <FuncUnit> <Opcode : 'add' 'sub'> <InPorts = 2> <OutPorts = 1>
ST_7 : Operation 1446 [1/1] (2.07ns)   --->   "%add_ln58_598 = add i16 %trunc_ln58_595, i16 %trunc_ln58_596" [firmware/nnet_utils/nnet_dense_resource.h:58->firmware/nnet_utils/nnet_dense_resource.h:262->firmware/nnet_utils/nnet_dense_stream.h:24->firmware/nnet_utils/nnet_dense_stream.h:97]   --->   Operation 1446 'add' 'add_ln58_598' <Predicate = true> <Delay = 2.07> <CoreInst = "Adder">   --->   Core 1 'Adder' <Latency = 0> <II = 1> <Delay = 2.07> <FuncUnit> <Opcode : 'add' 'sub'> <InPorts = 2> <OutPorts = 1>
ST_7 : Operation 1447 [1/1] (2.07ns)   --->   "%add_ln58_599 = add i16 %trunc_ln58_597, i16 %trunc_ln58_598" [firmware/nnet_utils/nnet_dense_resource.h:58->firmware/nnet_utils/nnet_dense_resource.h:262->firmware/nnet_utils/nnet_dense_stream.h:24->firmware/nnet_utils/nnet_dense_stream.h:97]   --->   Operation 1447 'add' 'add_ln58_599' <Predicate = true> <Delay = 2.07> <CoreInst = "Adder">   --->   Core 1 'Adder' <Latency = 0> <II = 1> <Delay = 2.07> <FuncUnit> <Opcode : 'add' 'sub'> <InPorts = 2> <OutPorts = 1>
ST_7 : Operation 1448 [1/1] (2.07ns)   --->   "%add_ln58_601 = add i16 %trunc_ln58_599, i16 %trunc_ln58_600" [firmware/nnet_utils/nnet_dense_resource.h:58->firmware/nnet_utils/nnet_dense_resource.h:262->firmware/nnet_utils/nnet_dense_stream.h:24->firmware/nnet_utils/nnet_dense_stream.h:97]   --->   Operation 1448 'add' 'add_ln58_601' <Predicate = true> <Delay = 2.07> <CoreInst = "Adder">   --->   Core 1 'Adder' <Latency = 0> <II = 1> <Delay = 2.07> <FuncUnit> <Opcode : 'add' 'sub'> <InPorts = 2> <OutPorts = 1>
ST_7 : Operation 1449 [1/1] (2.07ns)   --->   "%add_ln58_602 = add i16 %trunc_ln58_601, i16 %trunc_ln58_602" [firmware/nnet_utils/nnet_dense_resource.h:58->firmware/nnet_utils/nnet_dense_resource.h:262->firmware/nnet_utils/nnet_dense_stream.h:24->firmware/nnet_utils/nnet_dense_stream.h:97]   --->   Operation 1449 'add' 'add_ln58_602' <Predicate = true> <Delay = 2.07> <CoreInst = "Adder">   --->   Core 1 'Adder' <Latency = 0> <II = 1> <Delay = 2.07> <FuncUnit> <Opcode : 'add' 'sub'> <InPorts = 2> <OutPorts = 1>
ST_7 : Operation 1450 [1/1] (2.07ns)   --->   "%add_ln58_606 = add i16 %trunc_ln58_603, i16 %trunc_ln58_604" [firmware/nnet_utils/nnet_dense_resource.h:58->firmware/nnet_utils/nnet_dense_resource.h:262->firmware/nnet_utils/nnet_dense_stream.h:24->firmware/nnet_utils/nnet_dense_stream.h:97]   --->   Operation 1450 'add' 'add_ln58_606' <Predicate = true> <Delay = 2.07> <CoreInst = "Adder">   --->   Core 1 'Adder' <Latency = 0> <II = 1> <Delay = 2.07> <FuncUnit> <Opcode : 'add' 'sub'> <InPorts = 2> <OutPorts = 1>
ST_7 : Operation 1451 [1/1] (2.07ns)   --->   "%add_ln58_607 = add i16 %trunc_ln58_605, i16 %trunc_ln58_606" [firmware/nnet_utils/nnet_dense_resource.h:58->firmware/nnet_utils/nnet_dense_resource.h:262->firmware/nnet_utils/nnet_dense_stream.h:24->firmware/nnet_utils/nnet_dense_stream.h:97]   --->   Operation 1451 'add' 'add_ln58_607' <Predicate = true> <Delay = 2.07> <CoreInst = "Adder">   --->   Core 1 'Adder' <Latency = 0> <II = 1> <Delay = 2.07> <FuncUnit> <Opcode : 'add' 'sub'> <InPorts = 2> <OutPorts = 1>
ST_7 : Operation 1452 [1/1] (2.07ns)   --->   "%add_ln58_609 = add i16 %trunc_ln58_607, i16 %trunc_ln58_608" [firmware/nnet_utils/nnet_dense_resource.h:58->firmware/nnet_utils/nnet_dense_resource.h:262->firmware/nnet_utils/nnet_dense_stream.h:24->firmware/nnet_utils/nnet_dense_stream.h:97]   --->   Operation 1452 'add' 'add_ln58_609' <Predicate = true> <Delay = 2.07> <CoreInst = "Adder">   --->   Core 1 'Adder' <Latency = 0> <II = 1> <Delay = 2.07> <FuncUnit> <Opcode : 'add' 'sub'> <InPorts = 2> <OutPorts = 1>
ST_7 : Operation 1453 [1/1] (2.07ns)   --->   "%add_ln58_610 = add i16 %trunc_ln58_609, i16 %trunc_ln58_610" [firmware/nnet_utils/nnet_dense_resource.h:58->firmware/nnet_utils/nnet_dense_resource.h:262->firmware/nnet_utils/nnet_dense_stream.h:24->firmware/nnet_utils/nnet_dense_stream.h:97]   --->   Operation 1453 'add' 'add_ln58_610' <Predicate = true> <Delay = 2.07> <CoreInst = "Adder">   --->   Core 1 'Adder' <Latency = 0> <II = 1> <Delay = 2.07> <FuncUnit> <Opcode : 'add' 'sub'> <InPorts = 2> <OutPorts = 1>
ST_7 : Operation 1454 [1/1] (2.07ns)   --->   "%add_ln58_614 = add i16 %trunc_ln58_611, i16 %trunc_ln58_612" [firmware/nnet_utils/nnet_dense_resource.h:58->firmware/nnet_utils/nnet_dense_resource.h:262->firmware/nnet_utils/nnet_dense_stream.h:24->firmware/nnet_utils/nnet_dense_stream.h:97]   --->   Operation 1454 'add' 'add_ln58_614' <Predicate = true> <Delay = 2.07> <CoreInst = "Adder">   --->   Core 1 'Adder' <Latency = 0> <II = 1> <Delay = 2.07> <FuncUnit> <Opcode : 'add' 'sub'> <InPorts = 2> <OutPorts = 1>
ST_7 : Operation 1455 [1/1] (2.07ns)   --->   "%add_ln58_615 = add i16 %trunc_ln58_613, i16 %trunc_ln58_614" [firmware/nnet_utils/nnet_dense_resource.h:58->firmware/nnet_utils/nnet_dense_resource.h:262->firmware/nnet_utils/nnet_dense_stream.h:24->firmware/nnet_utils/nnet_dense_stream.h:97]   --->   Operation 1455 'add' 'add_ln58_615' <Predicate = true> <Delay = 2.07> <CoreInst = "Adder">   --->   Core 1 'Adder' <Latency = 0> <II = 1> <Delay = 2.07> <FuncUnit> <Opcode : 'add' 'sub'> <InPorts = 2> <OutPorts = 1>
ST_7 : Operation 1456 [1/1] (2.07ns)   --->   "%add_ln58_617 = add i16 %trunc_ln58_615, i16 %trunc_ln58_616" [firmware/nnet_utils/nnet_dense_resource.h:58->firmware/nnet_utils/nnet_dense_resource.h:262->firmware/nnet_utils/nnet_dense_stream.h:24->firmware/nnet_utils/nnet_dense_stream.h:97]   --->   Operation 1456 'add' 'add_ln58_617' <Predicate = true> <Delay = 2.07> <CoreInst = "Adder">   --->   Core 1 'Adder' <Latency = 0> <II = 1> <Delay = 2.07> <FuncUnit> <Opcode : 'add' 'sub'> <InPorts = 2> <OutPorts = 1>
ST_7 : Operation 1457 [1/1] (2.07ns)   --->   "%add_ln58_618 = add i16 %trunc_ln58_617, i16 %trunc_ln58_618" [firmware/nnet_utils/nnet_dense_resource.h:58->firmware/nnet_utils/nnet_dense_resource.h:262->firmware/nnet_utils/nnet_dense_stream.h:24->firmware/nnet_utils/nnet_dense_stream.h:97]   --->   Operation 1457 'add' 'add_ln58_618' <Predicate = true> <Delay = 2.07> <CoreInst = "Adder">   --->   Core 1 'Adder' <Latency = 0> <II = 1> <Delay = 2.07> <FuncUnit> <Opcode : 'add' 'sub'> <InPorts = 2> <OutPorts = 1>
ST_7 : Operation 1458 [1/1] (2.07ns)   --->   "%add_ln58_622 = add i16 %trunc_ln58_619, i16 %trunc_ln58_620" [firmware/nnet_utils/nnet_dense_resource.h:58->firmware/nnet_utils/nnet_dense_resource.h:262->firmware/nnet_utils/nnet_dense_stream.h:24->firmware/nnet_utils/nnet_dense_stream.h:97]   --->   Operation 1458 'add' 'add_ln58_622' <Predicate = true> <Delay = 2.07> <CoreInst = "Adder">   --->   Core 1 'Adder' <Latency = 0> <II = 1> <Delay = 2.07> <FuncUnit> <Opcode : 'add' 'sub'> <InPorts = 2> <OutPorts = 1>
ST_7 : Operation 1459 [1/1] (2.07ns)   --->   "%add_ln58_623 = add i16 %trunc_ln58_621, i16 %trunc_ln58_622" [firmware/nnet_utils/nnet_dense_resource.h:58->firmware/nnet_utils/nnet_dense_resource.h:262->firmware/nnet_utils/nnet_dense_stream.h:24->firmware/nnet_utils/nnet_dense_stream.h:97]   --->   Operation 1459 'add' 'add_ln58_623' <Predicate = true> <Delay = 2.07> <CoreInst = "Adder">   --->   Core 1 'Adder' <Latency = 0> <II = 1> <Delay = 2.07> <FuncUnit> <Opcode : 'add' 'sub'> <InPorts = 2> <OutPorts = 1>
ST_7 : Operation 1460 [1/1] (2.07ns)   --->   "%add_ln58_625 = add i16 %trunc_ln58_623, i16 %trunc_ln58_624" [firmware/nnet_utils/nnet_dense_resource.h:58->firmware/nnet_utils/nnet_dense_resource.h:262->firmware/nnet_utils/nnet_dense_stream.h:24->firmware/nnet_utils/nnet_dense_stream.h:97]   --->   Operation 1460 'add' 'add_ln58_625' <Predicate = true> <Delay = 2.07> <CoreInst = "Adder">   --->   Core 1 'Adder' <Latency = 0> <II = 1> <Delay = 2.07> <FuncUnit> <Opcode : 'add' 'sub'> <InPorts = 2> <OutPorts = 1>
ST_7 : Operation 1461 [1/1] (2.07ns)   --->   "%add_ln58_626 = add i16 %trunc_ln58_625, i16 %trunc_ln58_626" [firmware/nnet_utils/nnet_dense_resource.h:58->firmware/nnet_utils/nnet_dense_resource.h:262->firmware/nnet_utils/nnet_dense_stream.h:24->firmware/nnet_utils/nnet_dense_stream.h:97]   --->   Operation 1461 'add' 'add_ln58_626' <Predicate = true> <Delay = 2.07> <CoreInst = "Adder">   --->   Core 1 'Adder' <Latency = 0> <II = 1> <Delay = 2.07> <FuncUnit> <Opcode : 'add' 'sub'> <InPorts = 2> <OutPorts = 1>
ST_7 : Operation 1462 [1/1] (2.07ns)   --->   "%add_ln58_630 = add i16 %trunc_ln58_627, i16 %trunc_ln58_628" [firmware/nnet_utils/nnet_dense_resource.h:58->firmware/nnet_utils/nnet_dense_resource.h:262->firmware/nnet_utils/nnet_dense_stream.h:24->firmware/nnet_utils/nnet_dense_stream.h:97]   --->   Operation 1462 'add' 'add_ln58_630' <Predicate = true> <Delay = 2.07> <CoreInst = "Adder">   --->   Core 1 'Adder' <Latency = 0> <II = 1> <Delay = 2.07> <FuncUnit> <Opcode : 'add' 'sub'> <InPorts = 2> <OutPorts = 1>
ST_7 : Operation 1463 [1/1] (2.07ns)   --->   "%add_ln58_631 = add i16 %trunc_ln58_629, i16 %trunc_ln58_630" [firmware/nnet_utils/nnet_dense_resource.h:58->firmware/nnet_utils/nnet_dense_resource.h:262->firmware/nnet_utils/nnet_dense_stream.h:24->firmware/nnet_utils/nnet_dense_stream.h:97]   --->   Operation 1463 'add' 'add_ln58_631' <Predicate = true> <Delay = 2.07> <CoreInst = "Adder">   --->   Core 1 'Adder' <Latency = 0> <II = 1> <Delay = 2.07> <FuncUnit> <Opcode : 'add' 'sub'> <InPorts = 2> <OutPorts = 1>
ST_7 : Operation 1464 [1/1] (2.07ns)   --->   "%add_ln58_633 = add i16 %trunc_ln58_631, i16 %trunc_ln58_632" [firmware/nnet_utils/nnet_dense_resource.h:58->firmware/nnet_utils/nnet_dense_resource.h:262->firmware/nnet_utils/nnet_dense_stream.h:24->firmware/nnet_utils/nnet_dense_stream.h:97]   --->   Operation 1464 'add' 'add_ln58_633' <Predicate = true> <Delay = 2.07> <CoreInst = "Adder">   --->   Core 1 'Adder' <Latency = 0> <II = 1> <Delay = 2.07> <FuncUnit> <Opcode : 'add' 'sub'> <InPorts = 2> <OutPorts = 1>
ST_7 : Operation 1465 [1/1] (2.07ns)   --->   "%add_ln58_634 = add i16 %trunc_ln58_633, i16 %trunc_ln58_634" [firmware/nnet_utils/nnet_dense_resource.h:58->firmware/nnet_utils/nnet_dense_resource.h:262->firmware/nnet_utils/nnet_dense_stream.h:24->firmware/nnet_utils/nnet_dense_stream.h:97]   --->   Operation 1465 'add' 'add_ln58_634' <Predicate = true> <Delay = 2.07> <CoreInst = "Adder">   --->   Core 1 'Adder' <Latency = 0> <II = 1> <Delay = 2.07> <FuncUnit> <Opcode : 'add' 'sub'> <InPorts = 2> <OutPorts = 1>
ST_7 : Operation 1466 [1/1] (2.07ns)   --->   "%add_ln58_638 = add i16 %trunc_ln58_635, i16 %trunc_ln58_636" [firmware/nnet_utils/nnet_dense_resource.h:58->firmware/nnet_utils/nnet_dense_resource.h:262->firmware/nnet_utils/nnet_dense_stream.h:24->firmware/nnet_utils/nnet_dense_stream.h:97]   --->   Operation 1466 'add' 'add_ln58_638' <Predicate = true> <Delay = 2.07> <CoreInst = "Adder">   --->   Core 1 'Adder' <Latency = 0> <II = 1> <Delay = 2.07> <FuncUnit> <Opcode : 'add' 'sub'> <InPorts = 2> <OutPorts = 1>
ST_7 : Operation 1467 [1/1] (2.07ns)   --->   "%add_ln58_639 = add i16 %trunc_ln58_637, i16 %trunc_ln58_638" [firmware/nnet_utils/nnet_dense_resource.h:58->firmware/nnet_utils/nnet_dense_resource.h:262->firmware/nnet_utils/nnet_dense_stream.h:24->firmware/nnet_utils/nnet_dense_stream.h:97]   --->   Operation 1467 'add' 'add_ln58_639' <Predicate = true> <Delay = 2.07> <CoreInst = "Adder">   --->   Core 1 'Adder' <Latency = 0> <II = 1> <Delay = 2.07> <FuncUnit> <Opcode : 'add' 'sub'> <InPorts = 2> <OutPorts = 1>
ST_7 : Operation 1468 [1/1] (2.07ns)   --->   "%add_ln58_641 = add i16 %trunc_ln58_639, i16 %trunc_ln58_640" [firmware/nnet_utils/nnet_dense_resource.h:58->firmware/nnet_utils/nnet_dense_resource.h:262->firmware/nnet_utils/nnet_dense_stream.h:24->firmware/nnet_utils/nnet_dense_stream.h:97]   --->   Operation 1468 'add' 'add_ln58_641' <Predicate = true> <Delay = 2.07> <CoreInst = "Adder">   --->   Core 1 'Adder' <Latency = 0> <II = 1> <Delay = 2.07> <FuncUnit> <Opcode : 'add' 'sub'> <InPorts = 2> <OutPorts = 1>
ST_7 : Operation 1469 [1/1] (2.07ns)   --->   "%add_ln58_642 = add i16 %trunc_ln58_641, i16 %trunc_ln58_642" [firmware/nnet_utils/nnet_dense_resource.h:58->firmware/nnet_utils/nnet_dense_resource.h:262->firmware/nnet_utils/nnet_dense_stream.h:24->firmware/nnet_utils/nnet_dense_stream.h:97]   --->   Operation 1469 'add' 'add_ln58_642' <Predicate = true> <Delay = 2.07> <CoreInst = "Adder">   --->   Core 1 'Adder' <Latency = 0> <II = 1> <Delay = 2.07> <FuncUnit> <Opcode : 'add' 'sub'> <InPorts = 2> <OutPorts = 1>
ST_7 : Operation 1470 [1/1] (2.07ns)   --->   "%add_ln58_646 = add i16 %trunc_ln58_643, i16 %trunc_ln58_644" [firmware/nnet_utils/nnet_dense_resource.h:58->firmware/nnet_utils/nnet_dense_resource.h:262->firmware/nnet_utils/nnet_dense_stream.h:24->firmware/nnet_utils/nnet_dense_stream.h:97]   --->   Operation 1470 'add' 'add_ln58_646' <Predicate = true> <Delay = 2.07> <CoreInst = "Adder">   --->   Core 1 'Adder' <Latency = 0> <II = 1> <Delay = 2.07> <FuncUnit> <Opcode : 'add' 'sub'> <InPorts = 2> <OutPorts = 1>
ST_7 : Operation 1471 [1/1] (2.07ns)   --->   "%add_ln58_647 = add i16 %trunc_ln58_645, i16 %trunc_ln58_646" [firmware/nnet_utils/nnet_dense_resource.h:58->firmware/nnet_utils/nnet_dense_resource.h:262->firmware/nnet_utils/nnet_dense_stream.h:24->firmware/nnet_utils/nnet_dense_stream.h:97]   --->   Operation 1471 'add' 'add_ln58_647' <Predicate = true> <Delay = 2.07> <CoreInst = "Adder">   --->   Core 1 'Adder' <Latency = 0> <II = 1> <Delay = 2.07> <FuncUnit> <Opcode : 'add' 'sub'> <InPorts = 2> <OutPorts = 1>
ST_7 : Operation 1472 [1/1] (2.07ns)   --->   "%add_ln58_649 = add i16 %trunc_ln58_647, i16 %trunc_ln58_648" [firmware/nnet_utils/nnet_dense_resource.h:58->firmware/nnet_utils/nnet_dense_resource.h:262->firmware/nnet_utils/nnet_dense_stream.h:24->firmware/nnet_utils/nnet_dense_stream.h:97]   --->   Operation 1472 'add' 'add_ln58_649' <Predicate = true> <Delay = 2.07> <CoreInst = "Adder">   --->   Core 1 'Adder' <Latency = 0> <II = 1> <Delay = 2.07> <FuncUnit> <Opcode : 'add' 'sub'> <InPorts = 2> <OutPorts = 1>
ST_7 : Operation 1473 [1/1] (2.07ns)   --->   "%add_ln58_650 = add i16 %trunc_ln58_649, i16 %trunc_ln58_650" [firmware/nnet_utils/nnet_dense_resource.h:58->firmware/nnet_utils/nnet_dense_resource.h:262->firmware/nnet_utils/nnet_dense_stream.h:24->firmware/nnet_utils/nnet_dense_stream.h:97]   --->   Operation 1473 'add' 'add_ln58_650' <Predicate = true> <Delay = 2.07> <CoreInst = "Adder">   --->   Core 1 'Adder' <Latency = 0> <II = 1> <Delay = 2.07> <FuncUnit> <Opcode : 'add' 'sub'> <InPorts = 2> <OutPorts = 1>
ST_7 : Operation 1474 [1/1] (2.07ns)   --->   "%add_ln58_654 = add i16 %trunc_ln58_651, i16 %trunc_ln58_652" [firmware/nnet_utils/nnet_dense_resource.h:58->firmware/nnet_utils/nnet_dense_resource.h:262->firmware/nnet_utils/nnet_dense_stream.h:24->firmware/nnet_utils/nnet_dense_stream.h:97]   --->   Operation 1474 'add' 'add_ln58_654' <Predicate = true> <Delay = 2.07> <CoreInst = "Adder">   --->   Core 1 'Adder' <Latency = 0> <II = 1> <Delay = 2.07> <FuncUnit> <Opcode : 'add' 'sub'> <InPorts = 2> <OutPorts = 1>
ST_7 : Operation 1475 [1/1] (2.07ns)   --->   "%add_ln58_655 = add i16 %trunc_ln58_653, i16 %trunc_ln58_654" [firmware/nnet_utils/nnet_dense_resource.h:58->firmware/nnet_utils/nnet_dense_resource.h:262->firmware/nnet_utils/nnet_dense_stream.h:24->firmware/nnet_utils/nnet_dense_stream.h:97]   --->   Operation 1475 'add' 'add_ln58_655' <Predicate = true> <Delay = 2.07> <CoreInst = "Adder">   --->   Core 1 'Adder' <Latency = 0> <II = 1> <Delay = 2.07> <FuncUnit> <Opcode : 'add' 'sub'> <InPorts = 2> <OutPorts = 1>
ST_7 : Operation 1476 [1/1] (2.07ns)   --->   "%add_ln58_657 = add i16 %trunc_ln58_655, i16 %trunc_ln58_656" [firmware/nnet_utils/nnet_dense_resource.h:58->firmware/nnet_utils/nnet_dense_resource.h:262->firmware/nnet_utils/nnet_dense_stream.h:24->firmware/nnet_utils/nnet_dense_stream.h:97]   --->   Operation 1476 'add' 'add_ln58_657' <Predicate = true> <Delay = 2.07> <CoreInst = "Adder">   --->   Core 1 'Adder' <Latency = 0> <II = 1> <Delay = 2.07> <FuncUnit> <Opcode : 'add' 'sub'> <InPorts = 2> <OutPorts = 1>
ST_7 : Operation 1477 [1/1] (2.07ns)   --->   "%add_ln58_658 = add i16 %trunc_ln58_657, i16 %trunc_ln58_658" [firmware/nnet_utils/nnet_dense_resource.h:58->firmware/nnet_utils/nnet_dense_resource.h:262->firmware/nnet_utils/nnet_dense_stream.h:24->firmware/nnet_utils/nnet_dense_stream.h:97]   --->   Operation 1477 'add' 'add_ln58_658' <Predicate = true> <Delay = 2.07> <CoreInst = "Adder">   --->   Core 1 'Adder' <Latency = 0> <II = 1> <Delay = 2.07> <FuncUnit> <Opcode : 'add' 'sub'> <InPorts = 2> <OutPorts = 1>
ST_7 : Operation 1478 [1/1] (2.07ns)   --->   "%add_ln58_662 = add i16 %trunc_ln58_659, i16 %trunc_ln58_660" [firmware/nnet_utils/nnet_dense_resource.h:58->firmware/nnet_utils/nnet_dense_resource.h:262->firmware/nnet_utils/nnet_dense_stream.h:24->firmware/nnet_utils/nnet_dense_stream.h:97]   --->   Operation 1478 'add' 'add_ln58_662' <Predicate = true> <Delay = 2.07> <CoreInst = "Adder">   --->   Core 1 'Adder' <Latency = 0> <II = 1> <Delay = 2.07> <FuncUnit> <Opcode : 'add' 'sub'> <InPorts = 2> <OutPorts = 1>
ST_7 : Operation 1479 [1/1] (2.07ns)   --->   "%add_ln58_663 = add i16 %trunc_ln58_661, i16 %trunc_ln58_662" [firmware/nnet_utils/nnet_dense_resource.h:58->firmware/nnet_utils/nnet_dense_resource.h:262->firmware/nnet_utils/nnet_dense_stream.h:24->firmware/nnet_utils/nnet_dense_stream.h:97]   --->   Operation 1479 'add' 'add_ln58_663' <Predicate = true> <Delay = 2.07> <CoreInst = "Adder">   --->   Core 1 'Adder' <Latency = 0> <II = 1> <Delay = 2.07> <FuncUnit> <Opcode : 'add' 'sub'> <InPorts = 2> <OutPorts = 1>
ST_7 : Operation 1480 [1/1] (2.07ns)   --->   "%add_ln58_665 = add i16 %trunc_ln58_663, i16 %trunc_ln58_664" [firmware/nnet_utils/nnet_dense_resource.h:58->firmware/nnet_utils/nnet_dense_resource.h:262->firmware/nnet_utils/nnet_dense_stream.h:24->firmware/nnet_utils/nnet_dense_stream.h:97]   --->   Operation 1480 'add' 'add_ln58_665' <Predicate = true> <Delay = 2.07> <CoreInst = "Adder">   --->   Core 1 'Adder' <Latency = 0> <II = 1> <Delay = 2.07> <FuncUnit> <Opcode : 'add' 'sub'> <InPorts = 2> <OutPorts = 1>
ST_7 : Operation 1481 [1/1] (2.07ns)   --->   "%add_ln58_666 = add i16 %trunc_ln58_665, i16 %trunc_ln58_666" [firmware/nnet_utils/nnet_dense_resource.h:58->firmware/nnet_utils/nnet_dense_resource.h:262->firmware/nnet_utils/nnet_dense_stream.h:24->firmware/nnet_utils/nnet_dense_stream.h:97]   --->   Operation 1481 'add' 'add_ln58_666' <Predicate = true> <Delay = 2.07> <CoreInst = "Adder">   --->   Core 1 'Adder' <Latency = 0> <II = 1> <Delay = 2.07> <FuncUnit> <Opcode : 'add' 'sub'> <InPorts = 2> <OutPorts = 1>
ST_7 : Operation 1482 [1/1] (2.07ns)   --->   "%add_ln58_670 = add i16 %trunc_ln58_667, i16 %trunc_ln58_668" [firmware/nnet_utils/nnet_dense_resource.h:58->firmware/nnet_utils/nnet_dense_resource.h:262->firmware/nnet_utils/nnet_dense_stream.h:24->firmware/nnet_utils/nnet_dense_stream.h:97]   --->   Operation 1482 'add' 'add_ln58_670' <Predicate = true> <Delay = 2.07> <CoreInst = "Adder">   --->   Core 1 'Adder' <Latency = 0> <II = 1> <Delay = 2.07> <FuncUnit> <Opcode : 'add' 'sub'> <InPorts = 2> <OutPorts = 1>
ST_7 : Operation 1483 [1/1] (2.07ns)   --->   "%add_ln58_671 = add i16 %trunc_ln58_669, i16 %trunc_ln58_670" [firmware/nnet_utils/nnet_dense_resource.h:58->firmware/nnet_utils/nnet_dense_resource.h:262->firmware/nnet_utils/nnet_dense_stream.h:24->firmware/nnet_utils/nnet_dense_stream.h:97]   --->   Operation 1483 'add' 'add_ln58_671' <Predicate = true> <Delay = 2.07> <CoreInst = "Adder">   --->   Core 1 'Adder' <Latency = 0> <II = 1> <Delay = 2.07> <FuncUnit> <Opcode : 'add' 'sub'> <InPorts = 2> <OutPorts = 1>
ST_7 : Operation 1484 [1/1] (2.07ns)   --->   "%add_ln58_673 = add i16 %trunc_ln58_671, i16 %trunc_ln58_672" [firmware/nnet_utils/nnet_dense_resource.h:58->firmware/nnet_utils/nnet_dense_resource.h:262->firmware/nnet_utils/nnet_dense_stream.h:24->firmware/nnet_utils/nnet_dense_stream.h:97]   --->   Operation 1484 'add' 'add_ln58_673' <Predicate = true> <Delay = 2.07> <CoreInst = "Adder">   --->   Core 1 'Adder' <Latency = 0> <II = 1> <Delay = 2.07> <FuncUnit> <Opcode : 'add' 'sub'> <InPorts = 2> <OutPorts = 1>
ST_7 : Operation 1485 [1/1] (2.07ns)   --->   "%add_ln58_674 = add i16 %trunc_ln58_673, i16 %trunc_ln58_674" [firmware/nnet_utils/nnet_dense_resource.h:58->firmware/nnet_utils/nnet_dense_resource.h:262->firmware/nnet_utils/nnet_dense_stream.h:24->firmware/nnet_utils/nnet_dense_stream.h:97]   --->   Operation 1485 'add' 'add_ln58_674' <Predicate = true> <Delay = 2.07> <CoreInst = "Adder">   --->   Core 1 'Adder' <Latency = 0> <II = 1> <Delay = 2.07> <FuncUnit> <Opcode : 'add' 'sub'> <InPorts = 2> <OutPorts = 1>
ST_7 : Operation 1486 [1/1] (2.07ns)   --->   "%add_ln58_678 = add i16 %trunc_ln58_675, i16 %trunc_ln58_676" [firmware/nnet_utils/nnet_dense_resource.h:58->firmware/nnet_utils/nnet_dense_resource.h:262->firmware/nnet_utils/nnet_dense_stream.h:24->firmware/nnet_utils/nnet_dense_stream.h:97]   --->   Operation 1486 'add' 'add_ln58_678' <Predicate = true> <Delay = 2.07> <CoreInst = "Adder">   --->   Core 1 'Adder' <Latency = 0> <II = 1> <Delay = 2.07> <FuncUnit> <Opcode : 'add' 'sub'> <InPorts = 2> <OutPorts = 1>
ST_7 : Operation 1487 [1/1] (2.07ns)   --->   "%add_ln58_679 = add i16 %trunc_ln58_677, i16 %trunc_ln58_678" [firmware/nnet_utils/nnet_dense_resource.h:58->firmware/nnet_utils/nnet_dense_resource.h:262->firmware/nnet_utils/nnet_dense_stream.h:24->firmware/nnet_utils/nnet_dense_stream.h:97]   --->   Operation 1487 'add' 'add_ln58_679' <Predicate = true> <Delay = 2.07> <CoreInst = "Adder">   --->   Core 1 'Adder' <Latency = 0> <II = 1> <Delay = 2.07> <FuncUnit> <Opcode : 'add' 'sub'> <InPorts = 2> <OutPorts = 1>
ST_7 : Operation 1488 [1/1] (2.07ns)   --->   "%add_ln58_681 = add i16 %trunc_ln58_679, i16 %trunc_ln58_680" [firmware/nnet_utils/nnet_dense_resource.h:58->firmware/nnet_utils/nnet_dense_resource.h:262->firmware/nnet_utils/nnet_dense_stream.h:24->firmware/nnet_utils/nnet_dense_stream.h:97]   --->   Operation 1488 'add' 'add_ln58_681' <Predicate = true> <Delay = 2.07> <CoreInst = "Adder">   --->   Core 1 'Adder' <Latency = 0> <II = 1> <Delay = 2.07> <FuncUnit> <Opcode : 'add' 'sub'> <InPorts = 2> <OutPorts = 1>
ST_7 : Operation 1489 [1/1] (2.07ns)   --->   "%add_ln58_682 = add i16 %trunc_ln58_681, i16 %trunc_ln58_682" [firmware/nnet_utils/nnet_dense_resource.h:58->firmware/nnet_utils/nnet_dense_resource.h:262->firmware/nnet_utils/nnet_dense_stream.h:24->firmware/nnet_utils/nnet_dense_stream.h:97]   --->   Operation 1489 'add' 'add_ln58_682' <Predicate = true> <Delay = 2.07> <CoreInst = "Adder">   --->   Core 1 'Adder' <Latency = 0> <II = 1> <Delay = 2.07> <FuncUnit> <Opcode : 'add' 'sub'> <InPorts = 2> <OutPorts = 1>
ST_7 : Operation 1490 [1/1] (2.07ns)   --->   "%add_ln58_686 = add i16 %trunc_ln58_683, i16 %trunc_ln58_684" [firmware/nnet_utils/nnet_dense_resource.h:58->firmware/nnet_utils/nnet_dense_resource.h:262->firmware/nnet_utils/nnet_dense_stream.h:24->firmware/nnet_utils/nnet_dense_stream.h:97]   --->   Operation 1490 'add' 'add_ln58_686' <Predicate = true> <Delay = 2.07> <CoreInst = "Adder">   --->   Core 1 'Adder' <Latency = 0> <II = 1> <Delay = 2.07> <FuncUnit> <Opcode : 'add' 'sub'> <InPorts = 2> <OutPorts = 1>
ST_7 : Operation 1491 [1/1] (2.07ns)   --->   "%add_ln58_687 = add i16 %trunc_ln58_685, i16 %trunc_ln58_686" [firmware/nnet_utils/nnet_dense_resource.h:58->firmware/nnet_utils/nnet_dense_resource.h:262->firmware/nnet_utils/nnet_dense_stream.h:24->firmware/nnet_utils/nnet_dense_stream.h:97]   --->   Operation 1491 'add' 'add_ln58_687' <Predicate = true> <Delay = 2.07> <CoreInst = "Adder">   --->   Core 1 'Adder' <Latency = 0> <II = 1> <Delay = 2.07> <FuncUnit> <Opcode : 'add' 'sub'> <InPorts = 2> <OutPorts = 1>
ST_7 : Operation 1492 [1/1] (2.07ns)   --->   "%add_ln58_689 = add i16 %trunc_ln58_687, i16 %trunc_ln58_688" [firmware/nnet_utils/nnet_dense_resource.h:58->firmware/nnet_utils/nnet_dense_resource.h:262->firmware/nnet_utils/nnet_dense_stream.h:24->firmware/nnet_utils/nnet_dense_stream.h:97]   --->   Operation 1492 'add' 'add_ln58_689' <Predicate = true> <Delay = 2.07> <CoreInst = "Adder">   --->   Core 1 'Adder' <Latency = 0> <II = 1> <Delay = 2.07> <FuncUnit> <Opcode : 'add' 'sub'> <InPorts = 2> <OutPorts = 1>
ST_7 : Operation 1493 [1/1] (2.07ns)   --->   "%add_ln58_690 = add i16 %trunc_ln58_689, i16 %trunc_ln58_690" [firmware/nnet_utils/nnet_dense_resource.h:58->firmware/nnet_utils/nnet_dense_resource.h:262->firmware/nnet_utils/nnet_dense_stream.h:24->firmware/nnet_utils/nnet_dense_stream.h:97]   --->   Operation 1493 'add' 'add_ln58_690' <Predicate = true> <Delay = 2.07> <CoreInst = "Adder">   --->   Core 1 'Adder' <Latency = 0> <II = 1> <Delay = 2.07> <FuncUnit> <Opcode : 'add' 'sub'> <InPorts = 2> <OutPorts = 1>
ST_7 : Operation 1494 [1/1] (2.07ns)   --->   "%add_ln58_694 = add i16 %trunc_ln58_691, i16 %trunc_ln58_692" [firmware/nnet_utils/nnet_dense_resource.h:58->firmware/nnet_utils/nnet_dense_resource.h:262->firmware/nnet_utils/nnet_dense_stream.h:24->firmware/nnet_utils/nnet_dense_stream.h:97]   --->   Operation 1494 'add' 'add_ln58_694' <Predicate = true> <Delay = 2.07> <CoreInst = "Adder">   --->   Core 1 'Adder' <Latency = 0> <II = 1> <Delay = 2.07> <FuncUnit> <Opcode : 'add' 'sub'> <InPorts = 2> <OutPorts = 1>
ST_7 : Operation 1495 [1/1] (2.07ns)   --->   "%add_ln58_695 = add i16 %trunc_ln58_693, i16 %trunc_ln58_694" [firmware/nnet_utils/nnet_dense_resource.h:58->firmware/nnet_utils/nnet_dense_resource.h:262->firmware/nnet_utils/nnet_dense_stream.h:24->firmware/nnet_utils/nnet_dense_stream.h:97]   --->   Operation 1495 'add' 'add_ln58_695' <Predicate = true> <Delay = 2.07> <CoreInst = "Adder">   --->   Core 1 'Adder' <Latency = 0> <II = 1> <Delay = 2.07> <FuncUnit> <Opcode : 'add' 'sub'> <InPorts = 2> <OutPorts = 1>
ST_7 : Operation 1496 [1/1] (2.07ns)   --->   "%add_ln58_697 = add i16 %trunc_ln58_695, i16 %trunc_ln58_696" [firmware/nnet_utils/nnet_dense_resource.h:58->firmware/nnet_utils/nnet_dense_resource.h:262->firmware/nnet_utils/nnet_dense_stream.h:24->firmware/nnet_utils/nnet_dense_stream.h:97]   --->   Operation 1496 'add' 'add_ln58_697' <Predicate = true> <Delay = 2.07> <CoreInst = "Adder">   --->   Core 1 'Adder' <Latency = 0> <II = 1> <Delay = 2.07> <FuncUnit> <Opcode : 'add' 'sub'> <InPorts = 2> <OutPorts = 1>
ST_7 : Operation 1497 [1/1] (2.07ns)   --->   "%add_ln58_698 = add i16 %trunc_ln58_697, i16 %trunc_ln58_698" [firmware/nnet_utils/nnet_dense_resource.h:58->firmware/nnet_utils/nnet_dense_resource.h:262->firmware/nnet_utils/nnet_dense_stream.h:24->firmware/nnet_utils/nnet_dense_stream.h:97]   --->   Operation 1497 'add' 'add_ln58_698' <Predicate = true> <Delay = 2.07> <CoreInst = "Adder">   --->   Core 1 'Adder' <Latency = 0> <II = 1> <Delay = 2.07> <FuncUnit> <Opcode : 'add' 'sub'> <InPorts = 2> <OutPorts = 1>
ST_7 : Operation 1498 [1/1] (2.07ns)   --->   "%add_ln58_702 = add i16 %trunc_ln58_699, i16 %trunc_ln58_700" [firmware/nnet_utils/nnet_dense_resource.h:58->firmware/nnet_utils/nnet_dense_resource.h:262->firmware/nnet_utils/nnet_dense_stream.h:24->firmware/nnet_utils/nnet_dense_stream.h:97]   --->   Operation 1498 'add' 'add_ln58_702' <Predicate = true> <Delay = 2.07> <CoreInst = "Adder">   --->   Core 1 'Adder' <Latency = 0> <II = 1> <Delay = 2.07> <FuncUnit> <Opcode : 'add' 'sub'> <InPorts = 2> <OutPorts = 1>
ST_7 : Operation 1499 [1/1] (2.07ns)   --->   "%add_ln58_703 = add i16 %trunc_ln58_701, i16 %trunc_ln58_702" [firmware/nnet_utils/nnet_dense_resource.h:58->firmware/nnet_utils/nnet_dense_resource.h:262->firmware/nnet_utils/nnet_dense_stream.h:24->firmware/nnet_utils/nnet_dense_stream.h:97]   --->   Operation 1499 'add' 'add_ln58_703' <Predicate = true> <Delay = 2.07> <CoreInst = "Adder">   --->   Core 1 'Adder' <Latency = 0> <II = 1> <Delay = 2.07> <FuncUnit> <Opcode : 'add' 'sub'> <InPorts = 2> <OutPorts = 1>
ST_7 : Operation 1500 [1/1] (2.07ns)   --->   "%add_ln58_705 = add i16 %trunc_ln58_703, i16 %trunc_ln58_704" [firmware/nnet_utils/nnet_dense_resource.h:58->firmware/nnet_utils/nnet_dense_resource.h:262->firmware/nnet_utils/nnet_dense_stream.h:24->firmware/nnet_utils/nnet_dense_stream.h:97]   --->   Operation 1500 'add' 'add_ln58_705' <Predicate = true> <Delay = 2.07> <CoreInst = "Adder">   --->   Core 1 'Adder' <Latency = 0> <II = 1> <Delay = 2.07> <FuncUnit> <Opcode : 'add' 'sub'> <InPorts = 2> <OutPorts = 1>
ST_7 : Operation 1501 [1/1] (2.07ns)   --->   "%add_ln58_706 = add i16 %trunc_ln58_705, i16 %trunc_ln58_706" [firmware/nnet_utils/nnet_dense_resource.h:58->firmware/nnet_utils/nnet_dense_resource.h:262->firmware/nnet_utils/nnet_dense_stream.h:24->firmware/nnet_utils/nnet_dense_stream.h:97]   --->   Operation 1501 'add' 'add_ln58_706' <Predicate = true> <Delay = 2.07> <CoreInst = "Adder">   --->   Core 1 'Adder' <Latency = 0> <II = 1> <Delay = 2.07> <FuncUnit> <Opcode : 'add' 'sub'> <InPorts = 2> <OutPorts = 1>
ST_7 : Operation 1502 [1/1] (2.07ns)   --->   "%add_ln58_710 = add i16 %trunc_ln58_707, i16 %trunc_ln58_708" [firmware/nnet_utils/nnet_dense_resource.h:58->firmware/nnet_utils/nnet_dense_resource.h:262->firmware/nnet_utils/nnet_dense_stream.h:24->firmware/nnet_utils/nnet_dense_stream.h:97]   --->   Operation 1502 'add' 'add_ln58_710' <Predicate = true> <Delay = 2.07> <CoreInst = "Adder">   --->   Core 1 'Adder' <Latency = 0> <II = 1> <Delay = 2.07> <FuncUnit> <Opcode : 'add' 'sub'> <InPorts = 2> <OutPorts = 1>
ST_7 : Operation 1503 [1/1] (2.07ns)   --->   "%add_ln58_711 = add i16 %trunc_ln58_709, i16 %trunc_ln58_710" [firmware/nnet_utils/nnet_dense_resource.h:58->firmware/nnet_utils/nnet_dense_resource.h:262->firmware/nnet_utils/nnet_dense_stream.h:24->firmware/nnet_utils/nnet_dense_stream.h:97]   --->   Operation 1503 'add' 'add_ln58_711' <Predicate = true> <Delay = 2.07> <CoreInst = "Adder">   --->   Core 1 'Adder' <Latency = 0> <II = 1> <Delay = 2.07> <FuncUnit> <Opcode : 'add' 'sub'> <InPorts = 2> <OutPorts = 1>
ST_7 : Operation 1504 [1/1] (2.07ns)   --->   "%add_ln58_713 = add i16 %trunc_ln58_711, i16 %trunc_ln58_712" [firmware/nnet_utils/nnet_dense_resource.h:58->firmware/nnet_utils/nnet_dense_resource.h:262->firmware/nnet_utils/nnet_dense_stream.h:24->firmware/nnet_utils/nnet_dense_stream.h:97]   --->   Operation 1504 'add' 'add_ln58_713' <Predicate = true> <Delay = 2.07> <CoreInst = "Adder">   --->   Core 1 'Adder' <Latency = 0> <II = 1> <Delay = 2.07> <FuncUnit> <Opcode : 'add' 'sub'> <InPorts = 2> <OutPorts = 1>
ST_7 : Operation 1505 [1/1] (2.07ns)   --->   "%add_ln58_714 = add i16 %trunc_ln58_713, i16 %trunc_ln58_714" [firmware/nnet_utils/nnet_dense_resource.h:58->firmware/nnet_utils/nnet_dense_resource.h:262->firmware/nnet_utils/nnet_dense_stream.h:24->firmware/nnet_utils/nnet_dense_stream.h:97]   --->   Operation 1505 'add' 'add_ln58_714' <Predicate = true> <Delay = 2.07> <CoreInst = "Adder">   --->   Core 1 'Adder' <Latency = 0> <II = 1> <Delay = 2.07> <FuncUnit> <Opcode : 'add' 'sub'> <InPorts = 2> <OutPorts = 1>
ST_7 : Operation 1506 [1/1] (2.07ns)   --->   "%add_ln58_718 = add i16 %trunc_ln58_715, i16 %trunc_ln58_716" [firmware/nnet_utils/nnet_dense_resource.h:58->firmware/nnet_utils/nnet_dense_resource.h:262->firmware/nnet_utils/nnet_dense_stream.h:24->firmware/nnet_utils/nnet_dense_stream.h:97]   --->   Operation 1506 'add' 'add_ln58_718' <Predicate = true> <Delay = 2.07> <CoreInst = "Adder">   --->   Core 1 'Adder' <Latency = 0> <II = 1> <Delay = 2.07> <FuncUnit> <Opcode : 'add' 'sub'> <InPorts = 2> <OutPorts = 1>
ST_7 : Operation 1507 [1/1] (2.07ns)   --->   "%add_ln58_719 = add i16 %trunc_ln58_717, i16 %trunc_ln58_718" [firmware/nnet_utils/nnet_dense_resource.h:58->firmware/nnet_utils/nnet_dense_resource.h:262->firmware/nnet_utils/nnet_dense_stream.h:24->firmware/nnet_utils/nnet_dense_stream.h:97]   --->   Operation 1507 'add' 'add_ln58_719' <Predicate = true> <Delay = 2.07> <CoreInst = "Adder">   --->   Core 1 'Adder' <Latency = 0> <II = 1> <Delay = 2.07> <FuncUnit> <Opcode : 'add' 'sub'> <InPorts = 2> <OutPorts = 1>
ST_7 : Operation 1508 [1/1] (2.07ns)   --->   "%add_ln58_721 = add i16 %trunc_ln58_719, i16 %trunc_ln58_720" [firmware/nnet_utils/nnet_dense_resource.h:58->firmware/nnet_utils/nnet_dense_resource.h:262->firmware/nnet_utils/nnet_dense_stream.h:24->firmware/nnet_utils/nnet_dense_stream.h:97]   --->   Operation 1508 'add' 'add_ln58_721' <Predicate = true> <Delay = 2.07> <CoreInst = "Adder">   --->   Core 1 'Adder' <Latency = 0> <II = 1> <Delay = 2.07> <FuncUnit> <Opcode : 'add' 'sub'> <InPorts = 2> <OutPorts = 1>
ST_7 : Operation 1509 [1/1] (2.07ns)   --->   "%add_ln58_722 = add i16 %trunc_ln58_721, i16 %trunc_ln58_722" [firmware/nnet_utils/nnet_dense_resource.h:58->firmware/nnet_utils/nnet_dense_resource.h:262->firmware/nnet_utils/nnet_dense_stream.h:24->firmware/nnet_utils/nnet_dense_stream.h:97]   --->   Operation 1509 'add' 'add_ln58_722' <Predicate = true> <Delay = 2.07> <CoreInst = "Adder">   --->   Core 1 'Adder' <Latency = 0> <II = 1> <Delay = 2.07> <FuncUnit> <Opcode : 'add' 'sub'> <InPorts = 2> <OutPorts = 1>
ST_7 : Operation 1510 [1/1] (2.07ns)   --->   "%add_ln58_726 = add i16 %trunc_ln58_723, i16 %trunc_ln58_724" [firmware/nnet_utils/nnet_dense_resource.h:58->firmware/nnet_utils/nnet_dense_resource.h:262->firmware/nnet_utils/nnet_dense_stream.h:24->firmware/nnet_utils/nnet_dense_stream.h:97]   --->   Operation 1510 'add' 'add_ln58_726' <Predicate = true> <Delay = 2.07> <CoreInst = "Adder">   --->   Core 1 'Adder' <Latency = 0> <II = 1> <Delay = 2.07> <FuncUnit> <Opcode : 'add' 'sub'> <InPorts = 2> <OutPorts = 1>
ST_7 : Operation 1511 [1/1] (2.07ns)   --->   "%add_ln58_727 = add i16 %trunc_ln58_725, i16 %trunc_ln58_726" [firmware/nnet_utils/nnet_dense_resource.h:58->firmware/nnet_utils/nnet_dense_resource.h:262->firmware/nnet_utils/nnet_dense_stream.h:24->firmware/nnet_utils/nnet_dense_stream.h:97]   --->   Operation 1511 'add' 'add_ln58_727' <Predicate = true> <Delay = 2.07> <CoreInst = "Adder">   --->   Core 1 'Adder' <Latency = 0> <II = 1> <Delay = 2.07> <FuncUnit> <Opcode : 'add' 'sub'> <InPorts = 2> <OutPorts = 1>
ST_7 : Operation 1512 [1/1] (2.07ns)   --->   "%add_ln58_729 = add i16 %trunc_ln58_727, i16 %trunc_ln58_728" [firmware/nnet_utils/nnet_dense_resource.h:58->firmware/nnet_utils/nnet_dense_resource.h:262->firmware/nnet_utils/nnet_dense_stream.h:24->firmware/nnet_utils/nnet_dense_stream.h:97]   --->   Operation 1512 'add' 'add_ln58_729' <Predicate = true> <Delay = 2.07> <CoreInst = "Adder">   --->   Core 1 'Adder' <Latency = 0> <II = 1> <Delay = 2.07> <FuncUnit> <Opcode : 'add' 'sub'> <InPorts = 2> <OutPorts = 1>
ST_7 : Operation 1513 [1/1] (2.07ns)   --->   "%add_ln58_730 = add i16 %trunc_ln58_729, i16 %trunc_ln58_730" [firmware/nnet_utils/nnet_dense_resource.h:58->firmware/nnet_utils/nnet_dense_resource.h:262->firmware/nnet_utils/nnet_dense_stream.h:24->firmware/nnet_utils/nnet_dense_stream.h:97]   --->   Operation 1513 'add' 'add_ln58_730' <Predicate = true> <Delay = 2.07> <CoreInst = "Adder">   --->   Core 1 'Adder' <Latency = 0> <II = 1> <Delay = 2.07> <FuncUnit> <Opcode : 'add' 'sub'> <InPorts = 2> <OutPorts = 1>
ST_7 : Operation 1514 [1/1] (2.07ns)   --->   "%add_ln58_734 = add i16 %trunc_ln58_731, i16 %trunc_ln58_732" [firmware/nnet_utils/nnet_dense_resource.h:58->firmware/nnet_utils/nnet_dense_resource.h:262->firmware/nnet_utils/nnet_dense_stream.h:24->firmware/nnet_utils/nnet_dense_stream.h:97]   --->   Operation 1514 'add' 'add_ln58_734' <Predicate = true> <Delay = 2.07> <CoreInst = "Adder">   --->   Core 1 'Adder' <Latency = 0> <II = 1> <Delay = 2.07> <FuncUnit> <Opcode : 'add' 'sub'> <InPorts = 2> <OutPorts = 1>
ST_7 : Operation 1515 [1/1] (2.07ns)   --->   "%add_ln58_735 = add i16 %trunc_ln58_733, i16 %trunc_ln58_734" [firmware/nnet_utils/nnet_dense_resource.h:58->firmware/nnet_utils/nnet_dense_resource.h:262->firmware/nnet_utils/nnet_dense_stream.h:24->firmware/nnet_utils/nnet_dense_stream.h:97]   --->   Operation 1515 'add' 'add_ln58_735' <Predicate = true> <Delay = 2.07> <CoreInst = "Adder">   --->   Core 1 'Adder' <Latency = 0> <II = 1> <Delay = 2.07> <FuncUnit> <Opcode : 'add' 'sub'> <InPorts = 2> <OutPorts = 1>
ST_7 : Operation 1516 [1/1] (2.07ns)   --->   "%add_ln58_737 = add i16 %trunc_ln58_735, i16 %trunc_ln58_736" [firmware/nnet_utils/nnet_dense_resource.h:58->firmware/nnet_utils/nnet_dense_resource.h:262->firmware/nnet_utils/nnet_dense_stream.h:24->firmware/nnet_utils/nnet_dense_stream.h:97]   --->   Operation 1516 'add' 'add_ln58_737' <Predicate = true> <Delay = 2.07> <CoreInst = "Adder">   --->   Core 1 'Adder' <Latency = 0> <II = 1> <Delay = 2.07> <FuncUnit> <Opcode : 'add' 'sub'> <InPorts = 2> <OutPorts = 1>
ST_7 : Operation 1517 [1/1] (2.07ns)   --->   "%add_ln58_738 = add i16 %trunc_ln58_737, i16 %trunc_ln58_738" [firmware/nnet_utils/nnet_dense_resource.h:58->firmware/nnet_utils/nnet_dense_resource.h:262->firmware/nnet_utils/nnet_dense_stream.h:24->firmware/nnet_utils/nnet_dense_stream.h:97]   --->   Operation 1517 'add' 'add_ln58_738' <Predicate = true> <Delay = 2.07> <CoreInst = "Adder">   --->   Core 1 'Adder' <Latency = 0> <II = 1> <Delay = 2.07> <FuncUnit> <Opcode : 'add' 'sub'> <InPorts = 2> <OutPorts = 1>
ST_7 : Operation 1518 [1/1] (2.07ns)   --->   "%add_ln58_742 = add i16 %trunc_ln58_739, i16 %trunc_ln58_740" [firmware/nnet_utils/nnet_dense_resource.h:58->firmware/nnet_utils/nnet_dense_resource.h:262->firmware/nnet_utils/nnet_dense_stream.h:24->firmware/nnet_utils/nnet_dense_stream.h:97]   --->   Operation 1518 'add' 'add_ln58_742' <Predicate = true> <Delay = 2.07> <CoreInst = "Adder">   --->   Core 1 'Adder' <Latency = 0> <II = 1> <Delay = 2.07> <FuncUnit> <Opcode : 'add' 'sub'> <InPorts = 2> <OutPorts = 1>
ST_7 : Operation 1519 [1/1] (2.07ns)   --->   "%add_ln58_743 = add i16 %trunc_ln58_741, i16 %trunc_ln58_742" [firmware/nnet_utils/nnet_dense_resource.h:58->firmware/nnet_utils/nnet_dense_resource.h:262->firmware/nnet_utils/nnet_dense_stream.h:24->firmware/nnet_utils/nnet_dense_stream.h:97]   --->   Operation 1519 'add' 'add_ln58_743' <Predicate = true> <Delay = 2.07> <CoreInst = "Adder">   --->   Core 1 'Adder' <Latency = 0> <II = 1> <Delay = 2.07> <FuncUnit> <Opcode : 'add' 'sub'> <InPorts = 2> <OutPorts = 1>
ST_7 : Operation 1520 [1/1] (2.07ns)   --->   "%add_ln58_745 = add i16 %trunc_ln58_743, i16 %trunc_ln58_744" [firmware/nnet_utils/nnet_dense_resource.h:58->firmware/nnet_utils/nnet_dense_resource.h:262->firmware/nnet_utils/nnet_dense_stream.h:24->firmware/nnet_utils/nnet_dense_stream.h:97]   --->   Operation 1520 'add' 'add_ln58_745' <Predicate = true> <Delay = 2.07> <CoreInst = "Adder">   --->   Core 1 'Adder' <Latency = 0> <II = 1> <Delay = 2.07> <FuncUnit> <Opcode : 'add' 'sub'> <InPorts = 2> <OutPorts = 1>
ST_7 : Operation 1521 [1/1] (2.07ns)   --->   "%add_ln58_746 = add i16 %trunc_ln58_745, i16 %trunc_ln58_746" [firmware/nnet_utils/nnet_dense_resource.h:58->firmware/nnet_utils/nnet_dense_resource.h:262->firmware/nnet_utils/nnet_dense_stream.h:24->firmware/nnet_utils/nnet_dense_stream.h:97]   --->   Operation 1521 'add' 'add_ln58_746' <Predicate = true> <Delay = 2.07> <CoreInst = "Adder">   --->   Core 1 'Adder' <Latency = 0> <II = 1> <Delay = 2.07> <FuncUnit> <Opcode : 'add' 'sub'> <InPorts = 2> <OutPorts = 1>
ST_7 : Operation 1522 [1/1] (2.07ns)   --->   "%add_ln58_750 = add i16 %trunc_ln58_747, i16 %trunc_ln58_748" [firmware/nnet_utils/nnet_dense_resource.h:58->firmware/nnet_utils/nnet_dense_resource.h:262->firmware/nnet_utils/nnet_dense_stream.h:24->firmware/nnet_utils/nnet_dense_stream.h:97]   --->   Operation 1522 'add' 'add_ln58_750' <Predicate = true> <Delay = 2.07> <CoreInst = "Adder">   --->   Core 1 'Adder' <Latency = 0> <II = 1> <Delay = 2.07> <FuncUnit> <Opcode : 'add' 'sub'> <InPorts = 2> <OutPorts = 1>
ST_7 : Operation 1523 [1/1] (2.07ns)   --->   "%add_ln58_751 = add i16 %trunc_ln58_749, i16 %trunc_ln58_750" [firmware/nnet_utils/nnet_dense_resource.h:58->firmware/nnet_utils/nnet_dense_resource.h:262->firmware/nnet_utils/nnet_dense_stream.h:24->firmware/nnet_utils/nnet_dense_stream.h:97]   --->   Operation 1523 'add' 'add_ln58_751' <Predicate = true> <Delay = 2.07> <CoreInst = "Adder">   --->   Core 1 'Adder' <Latency = 0> <II = 1> <Delay = 2.07> <FuncUnit> <Opcode : 'add' 'sub'> <InPorts = 2> <OutPorts = 1>
ST_7 : Operation 1524 [1/1] (2.07ns)   --->   "%add_ln58_753 = add i16 %trunc_ln58_751, i16 %trunc_ln58_752" [firmware/nnet_utils/nnet_dense_resource.h:58->firmware/nnet_utils/nnet_dense_resource.h:262->firmware/nnet_utils/nnet_dense_stream.h:24->firmware/nnet_utils/nnet_dense_stream.h:97]   --->   Operation 1524 'add' 'add_ln58_753' <Predicate = true> <Delay = 2.07> <CoreInst = "Adder">   --->   Core 1 'Adder' <Latency = 0> <II = 1> <Delay = 2.07> <FuncUnit> <Opcode : 'add' 'sub'> <InPorts = 2> <OutPorts = 1>
ST_7 : Operation 1525 [1/1] (2.07ns)   --->   "%add_ln58_754 = add i16 %trunc_ln58_753, i16 %trunc_ln58_754" [firmware/nnet_utils/nnet_dense_resource.h:58->firmware/nnet_utils/nnet_dense_resource.h:262->firmware/nnet_utils/nnet_dense_stream.h:24->firmware/nnet_utils/nnet_dense_stream.h:97]   --->   Operation 1525 'add' 'add_ln58_754' <Predicate = true> <Delay = 2.07> <CoreInst = "Adder">   --->   Core 1 'Adder' <Latency = 0> <II = 1> <Delay = 2.07> <FuncUnit> <Opcode : 'add' 'sub'> <InPorts = 2> <OutPorts = 1>
ST_7 : Operation 1526 [1/1] (2.07ns)   --->   "%add_ln58_758 = add i16 %trunc_ln58_755, i16 %trunc_ln58_756" [firmware/nnet_utils/nnet_dense_resource.h:58->firmware/nnet_utils/nnet_dense_resource.h:262->firmware/nnet_utils/nnet_dense_stream.h:24->firmware/nnet_utils/nnet_dense_stream.h:97]   --->   Operation 1526 'add' 'add_ln58_758' <Predicate = true> <Delay = 2.07> <CoreInst = "Adder">   --->   Core 1 'Adder' <Latency = 0> <II = 1> <Delay = 2.07> <FuncUnit> <Opcode : 'add' 'sub'> <InPorts = 2> <OutPorts = 1>
ST_7 : Operation 1527 [1/1] (2.07ns)   --->   "%add_ln58_759 = add i16 %trunc_ln58_757, i16 %trunc_ln58_758" [firmware/nnet_utils/nnet_dense_resource.h:58->firmware/nnet_utils/nnet_dense_resource.h:262->firmware/nnet_utils/nnet_dense_stream.h:24->firmware/nnet_utils/nnet_dense_stream.h:97]   --->   Operation 1527 'add' 'add_ln58_759' <Predicate = true> <Delay = 2.07> <CoreInst = "Adder">   --->   Core 1 'Adder' <Latency = 0> <II = 1> <Delay = 2.07> <FuncUnit> <Opcode : 'add' 'sub'> <InPorts = 2> <OutPorts = 1>
ST_7 : Operation 1528 [1/1] (2.07ns)   --->   "%add_ln58_761 = add i16 %trunc_ln58_759, i16 %trunc_ln58_760" [firmware/nnet_utils/nnet_dense_resource.h:58->firmware/nnet_utils/nnet_dense_resource.h:262->firmware/nnet_utils/nnet_dense_stream.h:24->firmware/nnet_utils/nnet_dense_stream.h:97]   --->   Operation 1528 'add' 'add_ln58_761' <Predicate = true> <Delay = 2.07> <CoreInst = "Adder">   --->   Core 1 'Adder' <Latency = 0> <II = 1> <Delay = 2.07> <FuncUnit> <Opcode : 'add' 'sub'> <InPorts = 2> <OutPorts = 1>
ST_7 : Operation 1529 [1/1] (2.07ns)   --->   "%add_ln58_762 = add i16 %trunc_ln58_761, i16 %trunc_ln58_762" [firmware/nnet_utils/nnet_dense_resource.h:58->firmware/nnet_utils/nnet_dense_resource.h:262->firmware/nnet_utils/nnet_dense_stream.h:24->firmware/nnet_utils/nnet_dense_stream.h:97]   --->   Operation 1529 'add' 'add_ln58_762' <Predicate = true> <Delay = 2.07> <CoreInst = "Adder">   --->   Core 1 'Adder' <Latency = 0> <II = 1> <Delay = 2.07> <FuncUnit> <Opcode : 'add' 'sub'> <InPorts = 2> <OutPorts = 1>
ST_7 : Operation 1530 [1/1] (2.07ns)   --->   "%add_ln58_766 = add i16 %trunc_ln58_763, i16 %trunc_ln58_764" [firmware/nnet_utils/nnet_dense_resource.h:58->firmware/nnet_utils/nnet_dense_resource.h:262->firmware/nnet_utils/nnet_dense_stream.h:24->firmware/nnet_utils/nnet_dense_stream.h:97]   --->   Operation 1530 'add' 'add_ln58_766' <Predicate = true> <Delay = 2.07> <CoreInst = "Adder">   --->   Core 1 'Adder' <Latency = 0> <II = 1> <Delay = 2.07> <FuncUnit> <Opcode : 'add' 'sub'> <InPorts = 2> <OutPorts = 1>
ST_7 : Operation 1531 [1/1] (2.07ns)   --->   "%add_ln58_767 = add i16 %trunc_ln58_765, i16 %trunc_ln58_766" [firmware/nnet_utils/nnet_dense_resource.h:58->firmware/nnet_utils/nnet_dense_resource.h:262->firmware/nnet_utils/nnet_dense_stream.h:24->firmware/nnet_utils/nnet_dense_stream.h:97]   --->   Operation 1531 'add' 'add_ln58_767' <Predicate = true> <Delay = 2.07> <CoreInst = "Adder">   --->   Core 1 'Adder' <Latency = 0> <II = 1> <Delay = 2.07> <FuncUnit> <Opcode : 'add' 'sub'> <InPorts = 2> <OutPorts = 1>
ST_7 : Operation 1532 [1/1] (2.07ns)   --->   "%add_ln58_769 = add i16 %trunc_ln58_767, i16 %trunc_ln58_768" [firmware/nnet_utils/nnet_dense_resource.h:58->firmware/nnet_utils/nnet_dense_resource.h:262->firmware/nnet_utils/nnet_dense_stream.h:24->firmware/nnet_utils/nnet_dense_stream.h:97]   --->   Operation 1532 'add' 'add_ln58_769' <Predicate = true> <Delay = 2.07> <CoreInst = "Adder">   --->   Core 1 'Adder' <Latency = 0> <II = 1> <Delay = 2.07> <FuncUnit> <Opcode : 'add' 'sub'> <InPorts = 2> <OutPorts = 1>
ST_7 : Operation 1533 [1/1] (2.07ns)   --->   "%add_ln58_770 = add i16 %trunc_ln58_769, i16 %trunc_ln58_770" [firmware/nnet_utils/nnet_dense_resource.h:58->firmware/nnet_utils/nnet_dense_resource.h:262->firmware/nnet_utils/nnet_dense_stream.h:24->firmware/nnet_utils/nnet_dense_stream.h:97]   --->   Operation 1533 'add' 'add_ln58_770' <Predicate = true> <Delay = 2.07> <CoreInst = "Adder">   --->   Core 1 'Adder' <Latency = 0> <II = 1> <Delay = 2.07> <FuncUnit> <Opcode : 'add' 'sub'> <InPorts = 2> <OutPorts = 1>
ST_7 : Operation 1534 [1/1] (2.07ns)   --->   "%add_ln58_774 = add i16 %trunc_ln58_771, i16 %trunc_ln58_772" [firmware/nnet_utils/nnet_dense_resource.h:58->firmware/nnet_utils/nnet_dense_resource.h:262->firmware/nnet_utils/nnet_dense_stream.h:24->firmware/nnet_utils/nnet_dense_stream.h:97]   --->   Operation 1534 'add' 'add_ln58_774' <Predicate = true> <Delay = 2.07> <CoreInst = "Adder">   --->   Core 1 'Adder' <Latency = 0> <II = 1> <Delay = 2.07> <FuncUnit> <Opcode : 'add' 'sub'> <InPorts = 2> <OutPorts = 1>
ST_7 : Operation 1535 [1/1] (2.07ns)   --->   "%add_ln58_775 = add i16 %trunc_ln58_773, i16 %trunc_ln58_774" [firmware/nnet_utils/nnet_dense_resource.h:58->firmware/nnet_utils/nnet_dense_resource.h:262->firmware/nnet_utils/nnet_dense_stream.h:24->firmware/nnet_utils/nnet_dense_stream.h:97]   --->   Operation 1535 'add' 'add_ln58_775' <Predicate = true> <Delay = 2.07> <CoreInst = "Adder">   --->   Core 1 'Adder' <Latency = 0> <II = 1> <Delay = 2.07> <FuncUnit> <Opcode : 'add' 'sub'> <InPorts = 2> <OutPorts = 1>
ST_7 : Operation 1536 [1/1] (2.07ns)   --->   "%add_ln58_777 = add i16 %trunc_ln58_775, i16 %trunc_ln58_776" [firmware/nnet_utils/nnet_dense_resource.h:58->firmware/nnet_utils/nnet_dense_resource.h:262->firmware/nnet_utils/nnet_dense_stream.h:24->firmware/nnet_utils/nnet_dense_stream.h:97]   --->   Operation 1536 'add' 'add_ln58_777' <Predicate = true> <Delay = 2.07> <CoreInst = "Adder">   --->   Core 1 'Adder' <Latency = 0> <II = 1> <Delay = 2.07> <FuncUnit> <Opcode : 'add' 'sub'> <InPorts = 2> <OutPorts = 1>
ST_7 : Operation 1537 [1/1] (2.07ns)   --->   "%add_ln58_778 = add i16 %trunc_ln58_777, i16 %trunc_ln58_778" [firmware/nnet_utils/nnet_dense_resource.h:58->firmware/nnet_utils/nnet_dense_resource.h:262->firmware/nnet_utils/nnet_dense_stream.h:24->firmware/nnet_utils/nnet_dense_stream.h:97]   --->   Operation 1537 'add' 'add_ln58_778' <Predicate = true> <Delay = 2.07> <CoreInst = "Adder">   --->   Core 1 'Adder' <Latency = 0> <II = 1> <Delay = 2.07> <FuncUnit> <Opcode : 'add' 'sub'> <InPorts = 2> <OutPorts = 1>
ST_7 : Operation 1538 [1/1] (2.07ns)   --->   "%add_ln58_782 = add i16 %trunc_ln58_779, i16 %trunc_ln58_780" [firmware/nnet_utils/nnet_dense_resource.h:58->firmware/nnet_utils/nnet_dense_resource.h:262->firmware/nnet_utils/nnet_dense_stream.h:24->firmware/nnet_utils/nnet_dense_stream.h:97]   --->   Operation 1538 'add' 'add_ln58_782' <Predicate = true> <Delay = 2.07> <CoreInst = "Adder">   --->   Core 1 'Adder' <Latency = 0> <II = 1> <Delay = 2.07> <FuncUnit> <Opcode : 'add' 'sub'> <InPorts = 2> <OutPorts = 1>
ST_7 : Operation 1539 [1/1] (2.07ns)   --->   "%add_ln58_783 = add i16 %trunc_ln58_781, i16 %trunc_ln58_782" [firmware/nnet_utils/nnet_dense_resource.h:58->firmware/nnet_utils/nnet_dense_resource.h:262->firmware/nnet_utils/nnet_dense_stream.h:24->firmware/nnet_utils/nnet_dense_stream.h:97]   --->   Operation 1539 'add' 'add_ln58_783' <Predicate = true> <Delay = 2.07> <CoreInst = "Adder">   --->   Core 1 'Adder' <Latency = 0> <II = 1> <Delay = 2.07> <FuncUnit> <Opcode : 'add' 'sub'> <InPorts = 2> <OutPorts = 1>
ST_7 : Operation 1540 [1/1] (2.07ns)   --->   "%add_ln58_785 = add i16 %trunc_ln58_783, i16 %trunc_ln58_784" [firmware/nnet_utils/nnet_dense_resource.h:58->firmware/nnet_utils/nnet_dense_resource.h:262->firmware/nnet_utils/nnet_dense_stream.h:24->firmware/nnet_utils/nnet_dense_stream.h:97]   --->   Operation 1540 'add' 'add_ln58_785' <Predicate = true> <Delay = 2.07> <CoreInst = "Adder">   --->   Core 1 'Adder' <Latency = 0> <II = 1> <Delay = 2.07> <FuncUnit> <Opcode : 'add' 'sub'> <InPorts = 2> <OutPorts = 1>
ST_7 : Operation 1541 [1/1] (2.07ns)   --->   "%add_ln58_786 = add i16 %trunc_ln58_785, i16 %trunc_ln58_786" [firmware/nnet_utils/nnet_dense_resource.h:58->firmware/nnet_utils/nnet_dense_resource.h:262->firmware/nnet_utils/nnet_dense_stream.h:24->firmware/nnet_utils/nnet_dense_stream.h:97]   --->   Operation 1541 'add' 'add_ln58_786' <Predicate = true> <Delay = 2.07> <CoreInst = "Adder">   --->   Core 1 'Adder' <Latency = 0> <II = 1> <Delay = 2.07> <FuncUnit> <Opcode : 'add' 'sub'> <InPorts = 2> <OutPorts = 1>
ST_7 : Operation 1542 [1/1] (2.07ns)   --->   "%add_ln58_790 = add i16 %trunc_ln58_787, i16 %trunc_ln58_788" [firmware/nnet_utils/nnet_dense_resource.h:58->firmware/nnet_utils/nnet_dense_resource.h:262->firmware/nnet_utils/nnet_dense_stream.h:24->firmware/nnet_utils/nnet_dense_stream.h:97]   --->   Operation 1542 'add' 'add_ln58_790' <Predicate = true> <Delay = 2.07> <CoreInst = "Adder">   --->   Core 1 'Adder' <Latency = 0> <II = 1> <Delay = 2.07> <FuncUnit> <Opcode : 'add' 'sub'> <InPorts = 2> <OutPorts = 1>
ST_7 : Operation 1543 [1/1] (2.07ns)   --->   "%add_ln58_791 = add i16 %trunc_ln58_789, i16 %trunc_ln58_790" [firmware/nnet_utils/nnet_dense_resource.h:58->firmware/nnet_utils/nnet_dense_resource.h:262->firmware/nnet_utils/nnet_dense_stream.h:24->firmware/nnet_utils/nnet_dense_stream.h:97]   --->   Operation 1543 'add' 'add_ln58_791' <Predicate = true> <Delay = 2.07> <CoreInst = "Adder">   --->   Core 1 'Adder' <Latency = 0> <II = 1> <Delay = 2.07> <FuncUnit> <Opcode : 'add' 'sub'> <InPorts = 2> <OutPorts = 1>
ST_7 : Operation 1544 [1/1] (2.07ns)   --->   "%add_ln58_793 = add i16 %trunc_ln58_791, i16 %trunc_ln58_792" [firmware/nnet_utils/nnet_dense_resource.h:58->firmware/nnet_utils/nnet_dense_resource.h:262->firmware/nnet_utils/nnet_dense_stream.h:24->firmware/nnet_utils/nnet_dense_stream.h:97]   --->   Operation 1544 'add' 'add_ln58_793' <Predicate = true> <Delay = 2.07> <CoreInst = "Adder">   --->   Core 1 'Adder' <Latency = 0> <II = 1> <Delay = 2.07> <FuncUnit> <Opcode : 'add' 'sub'> <InPorts = 2> <OutPorts = 1>
ST_7 : Operation 1545 [1/1] (2.07ns)   --->   "%add_ln58_794 = add i16 %trunc_ln58_793, i16 %trunc_ln58_794" [firmware/nnet_utils/nnet_dense_resource.h:58->firmware/nnet_utils/nnet_dense_resource.h:262->firmware/nnet_utils/nnet_dense_stream.h:24->firmware/nnet_utils/nnet_dense_stream.h:97]   --->   Operation 1545 'add' 'add_ln58_794' <Predicate = true> <Delay = 2.07> <CoreInst = "Adder">   --->   Core 1 'Adder' <Latency = 0> <II = 1> <Delay = 2.07> <FuncUnit> <Opcode : 'add' 'sub'> <InPorts = 2> <OutPorts = 1>
ST_7 : Operation 1546 [1/1] (2.07ns)   --->   "%add_ln58_798 = add i16 %trunc_ln58_795, i16 %trunc_ln58_796" [firmware/nnet_utils/nnet_dense_resource.h:58->firmware/nnet_utils/nnet_dense_resource.h:262->firmware/nnet_utils/nnet_dense_stream.h:24->firmware/nnet_utils/nnet_dense_stream.h:97]   --->   Operation 1546 'add' 'add_ln58_798' <Predicate = true> <Delay = 2.07> <CoreInst = "Adder">   --->   Core 1 'Adder' <Latency = 0> <II = 1> <Delay = 2.07> <FuncUnit> <Opcode : 'add' 'sub'> <InPorts = 2> <OutPorts = 1>
ST_7 : Operation 1547 [1/1] (2.07ns)   --->   "%add_ln58_799 = add i16 %trunc_ln58_797, i16 %trunc_ln58_798" [firmware/nnet_utils/nnet_dense_resource.h:58->firmware/nnet_utils/nnet_dense_resource.h:262->firmware/nnet_utils/nnet_dense_stream.h:24->firmware/nnet_utils/nnet_dense_stream.h:97]   --->   Operation 1547 'add' 'add_ln58_799' <Predicate = true> <Delay = 2.07> <CoreInst = "Adder">   --->   Core 1 'Adder' <Latency = 0> <II = 1> <Delay = 2.07> <FuncUnit> <Opcode : 'add' 'sub'> <InPorts = 2> <OutPorts = 1>
ST_7 : Operation 1548 [1/1] (2.07ns)   --->   "%add_ln58_801 = add i16 %trunc_ln58_799, i16 %trunc_ln58_800" [firmware/nnet_utils/nnet_dense_resource.h:58->firmware/nnet_utils/nnet_dense_resource.h:262->firmware/nnet_utils/nnet_dense_stream.h:24->firmware/nnet_utils/nnet_dense_stream.h:97]   --->   Operation 1548 'add' 'add_ln58_801' <Predicate = true> <Delay = 2.07> <CoreInst = "Adder">   --->   Core 1 'Adder' <Latency = 0> <II = 1> <Delay = 2.07> <FuncUnit> <Opcode : 'add' 'sub'> <InPorts = 2> <OutPorts = 1>
ST_7 : Operation 1549 [1/1] (2.07ns)   --->   "%add_ln58_802 = add i16 %trunc_ln58_801, i16 %trunc_ln58_802" [firmware/nnet_utils/nnet_dense_resource.h:58->firmware/nnet_utils/nnet_dense_resource.h:262->firmware/nnet_utils/nnet_dense_stream.h:24->firmware/nnet_utils/nnet_dense_stream.h:97]   --->   Operation 1549 'add' 'add_ln58_802' <Predicate = true> <Delay = 2.07> <CoreInst = "Adder">   --->   Core 1 'Adder' <Latency = 0> <II = 1> <Delay = 2.07> <FuncUnit> <Opcode : 'add' 'sub'> <InPorts = 2> <OutPorts = 1>

State 8 <SV = 7> <Delay = 2.07>
ST_8 : Operation 1550 [1/1] (2.07ns)   --->   "%add_ln58_552 = add i16 %add_ln58_551, i16 %add_ln58" [firmware/nnet_utils/nnet_dense_resource.h:58->firmware/nnet_utils/nnet_dense_resource.h:262->firmware/nnet_utils/nnet_dense_stream.h:24->firmware/nnet_utils/nnet_dense_stream.h:97]   --->   Operation 1550 'add' 'add_ln58_552' <Predicate = true> <Delay = 2.07> <CoreInst = "Adder">   --->   Core 1 'Adder' <Latency = 0> <II = 1> <Delay = 2.07> <FuncUnit> <Opcode : 'add' 'sub'> <InPorts = 2> <OutPorts = 1>
ST_8 : Operation 1551 [1/1] (2.07ns)   --->   "%add_ln58_555 = add i16 %add_ln58_554, i16 %add_ln58_553" [firmware/nnet_utils/nnet_dense_resource.h:58->firmware/nnet_utils/nnet_dense_resource.h:262->firmware/nnet_utils/nnet_dense_stream.h:24->firmware/nnet_utils/nnet_dense_stream.h:97]   --->   Operation 1551 'add' 'add_ln58_555' <Predicate = true> <Delay = 2.07> <CoreInst = "Adder">   --->   Core 1 'Adder' <Latency = 0> <II = 1> <Delay = 2.07> <FuncUnit> <Opcode : 'add' 'sub'> <InPorts = 2> <OutPorts = 1>
ST_8 : Operation 1552 [1/1] (2.07ns)   --->   "%add_ln58_560 = add i16 %add_ln58_559, i16 %add_ln58_558" [firmware/nnet_utils/nnet_dense_resource.h:58->firmware/nnet_utils/nnet_dense_resource.h:262->firmware/nnet_utils/nnet_dense_stream.h:24->firmware/nnet_utils/nnet_dense_stream.h:97]   --->   Operation 1552 'add' 'add_ln58_560' <Predicate = true> <Delay = 2.07> <CoreInst = "Adder">   --->   Core 1 'Adder' <Latency = 0> <II = 1> <Delay = 2.07> <FuncUnit> <Opcode : 'add' 'sub'> <InPorts = 2> <OutPorts = 1>
ST_8 : Operation 1553 [1/1] (2.07ns)   --->   "%add_ln58_563 = add i16 %add_ln58_562, i16 %add_ln58_561" [firmware/nnet_utils/nnet_dense_resource.h:58->firmware/nnet_utils/nnet_dense_resource.h:262->firmware/nnet_utils/nnet_dense_stream.h:24->firmware/nnet_utils/nnet_dense_stream.h:97]   --->   Operation 1553 'add' 'add_ln58_563' <Predicate = true> <Delay = 2.07> <CoreInst = "Adder">   --->   Core 1 'Adder' <Latency = 0> <II = 1> <Delay = 2.07> <FuncUnit> <Opcode : 'add' 'sub'> <InPorts = 2> <OutPorts = 1>
ST_8 : Operation 1554 [1/1] (2.07ns)   --->   "%add_ln58_568 = add i16 %add_ln58_567, i16 %add_ln58_566" [firmware/nnet_utils/nnet_dense_resource.h:58->firmware/nnet_utils/nnet_dense_resource.h:262->firmware/nnet_utils/nnet_dense_stream.h:24->firmware/nnet_utils/nnet_dense_stream.h:97]   --->   Operation 1554 'add' 'add_ln58_568' <Predicate = true> <Delay = 2.07> <CoreInst = "Adder">   --->   Core 1 'Adder' <Latency = 0> <II = 1> <Delay = 2.07> <FuncUnit> <Opcode : 'add' 'sub'> <InPorts = 2> <OutPorts = 1>
ST_8 : Operation 1555 [1/1] (2.07ns)   --->   "%add_ln58_571 = add i16 %add_ln58_570, i16 %add_ln58_569" [firmware/nnet_utils/nnet_dense_resource.h:58->firmware/nnet_utils/nnet_dense_resource.h:262->firmware/nnet_utils/nnet_dense_stream.h:24->firmware/nnet_utils/nnet_dense_stream.h:97]   --->   Operation 1555 'add' 'add_ln58_571' <Predicate = true> <Delay = 2.07> <CoreInst = "Adder">   --->   Core 1 'Adder' <Latency = 0> <II = 1> <Delay = 2.07> <FuncUnit> <Opcode : 'add' 'sub'> <InPorts = 2> <OutPorts = 1>
ST_8 : Operation 1556 [1/1] (2.07ns)   --->   "%add_ln58_576 = add i16 %add_ln58_575, i16 %add_ln58_574" [firmware/nnet_utils/nnet_dense_resource.h:58->firmware/nnet_utils/nnet_dense_resource.h:262->firmware/nnet_utils/nnet_dense_stream.h:24->firmware/nnet_utils/nnet_dense_stream.h:97]   --->   Operation 1556 'add' 'add_ln58_576' <Predicate = true> <Delay = 2.07> <CoreInst = "Adder">   --->   Core 1 'Adder' <Latency = 0> <II = 1> <Delay = 2.07> <FuncUnit> <Opcode : 'add' 'sub'> <InPorts = 2> <OutPorts = 1>
ST_8 : Operation 1557 [1/1] (2.07ns)   --->   "%add_ln58_579 = add i16 %add_ln58_578, i16 %add_ln58_577" [firmware/nnet_utils/nnet_dense_resource.h:58->firmware/nnet_utils/nnet_dense_resource.h:262->firmware/nnet_utils/nnet_dense_stream.h:24->firmware/nnet_utils/nnet_dense_stream.h:97]   --->   Operation 1557 'add' 'add_ln58_579' <Predicate = true> <Delay = 2.07> <CoreInst = "Adder">   --->   Core 1 'Adder' <Latency = 0> <II = 1> <Delay = 2.07> <FuncUnit> <Opcode : 'add' 'sub'> <InPorts = 2> <OutPorts = 1>
ST_8 : Operation 1558 [1/1] (2.07ns)   --->   "%add_ln58_584 = add i16 %add_ln58_583, i16 %add_ln58_582" [firmware/nnet_utils/nnet_dense_resource.h:58->firmware/nnet_utils/nnet_dense_resource.h:262->firmware/nnet_utils/nnet_dense_stream.h:24->firmware/nnet_utils/nnet_dense_stream.h:97]   --->   Operation 1558 'add' 'add_ln58_584' <Predicate = true> <Delay = 2.07> <CoreInst = "Adder">   --->   Core 1 'Adder' <Latency = 0> <II = 1> <Delay = 2.07> <FuncUnit> <Opcode : 'add' 'sub'> <InPorts = 2> <OutPorts = 1>
ST_8 : Operation 1559 [1/1] (2.07ns)   --->   "%add_ln58_587 = add i16 %add_ln58_586, i16 %add_ln58_585" [firmware/nnet_utils/nnet_dense_resource.h:58->firmware/nnet_utils/nnet_dense_resource.h:262->firmware/nnet_utils/nnet_dense_stream.h:24->firmware/nnet_utils/nnet_dense_stream.h:97]   --->   Operation 1559 'add' 'add_ln58_587' <Predicate = true> <Delay = 2.07> <CoreInst = "Adder">   --->   Core 1 'Adder' <Latency = 0> <II = 1> <Delay = 2.07> <FuncUnit> <Opcode : 'add' 'sub'> <InPorts = 2> <OutPorts = 1>
ST_8 : Operation 1560 [1/1] (2.07ns)   --->   "%add_ln58_592 = add i16 %add_ln58_591, i16 %add_ln58_590" [firmware/nnet_utils/nnet_dense_resource.h:58->firmware/nnet_utils/nnet_dense_resource.h:262->firmware/nnet_utils/nnet_dense_stream.h:24->firmware/nnet_utils/nnet_dense_stream.h:97]   --->   Operation 1560 'add' 'add_ln58_592' <Predicate = true> <Delay = 2.07> <CoreInst = "Adder">   --->   Core 1 'Adder' <Latency = 0> <II = 1> <Delay = 2.07> <FuncUnit> <Opcode : 'add' 'sub'> <InPorts = 2> <OutPorts = 1>
ST_8 : Operation 1561 [1/1] (2.07ns)   --->   "%add_ln58_595 = add i16 %add_ln58_594, i16 %add_ln58_593" [firmware/nnet_utils/nnet_dense_resource.h:58->firmware/nnet_utils/nnet_dense_resource.h:262->firmware/nnet_utils/nnet_dense_stream.h:24->firmware/nnet_utils/nnet_dense_stream.h:97]   --->   Operation 1561 'add' 'add_ln58_595' <Predicate = true> <Delay = 2.07> <CoreInst = "Adder">   --->   Core 1 'Adder' <Latency = 0> <II = 1> <Delay = 2.07> <FuncUnit> <Opcode : 'add' 'sub'> <InPorts = 2> <OutPorts = 1>
ST_8 : Operation 1562 [1/1] (2.07ns)   --->   "%add_ln58_600 = add i16 %add_ln58_599, i16 %add_ln58_598" [firmware/nnet_utils/nnet_dense_resource.h:58->firmware/nnet_utils/nnet_dense_resource.h:262->firmware/nnet_utils/nnet_dense_stream.h:24->firmware/nnet_utils/nnet_dense_stream.h:97]   --->   Operation 1562 'add' 'add_ln58_600' <Predicate = true> <Delay = 2.07> <CoreInst = "Adder">   --->   Core 1 'Adder' <Latency = 0> <II = 1> <Delay = 2.07> <FuncUnit> <Opcode : 'add' 'sub'> <InPorts = 2> <OutPorts = 1>
ST_8 : Operation 1563 [1/1] (2.07ns)   --->   "%add_ln58_603 = add i16 %add_ln58_602, i16 %add_ln58_601" [firmware/nnet_utils/nnet_dense_resource.h:58->firmware/nnet_utils/nnet_dense_resource.h:262->firmware/nnet_utils/nnet_dense_stream.h:24->firmware/nnet_utils/nnet_dense_stream.h:97]   --->   Operation 1563 'add' 'add_ln58_603' <Predicate = true> <Delay = 2.07> <CoreInst = "Adder">   --->   Core 1 'Adder' <Latency = 0> <II = 1> <Delay = 2.07> <FuncUnit> <Opcode : 'add' 'sub'> <InPorts = 2> <OutPorts = 1>
ST_8 : Operation 1564 [1/1] (2.07ns)   --->   "%add_ln58_608 = add i16 %add_ln58_607, i16 %add_ln58_606" [firmware/nnet_utils/nnet_dense_resource.h:58->firmware/nnet_utils/nnet_dense_resource.h:262->firmware/nnet_utils/nnet_dense_stream.h:24->firmware/nnet_utils/nnet_dense_stream.h:97]   --->   Operation 1564 'add' 'add_ln58_608' <Predicate = true> <Delay = 2.07> <CoreInst = "Adder">   --->   Core 1 'Adder' <Latency = 0> <II = 1> <Delay = 2.07> <FuncUnit> <Opcode : 'add' 'sub'> <InPorts = 2> <OutPorts = 1>
ST_8 : Operation 1565 [1/1] (2.07ns)   --->   "%add_ln58_611 = add i16 %add_ln58_610, i16 %add_ln58_609" [firmware/nnet_utils/nnet_dense_resource.h:58->firmware/nnet_utils/nnet_dense_resource.h:262->firmware/nnet_utils/nnet_dense_stream.h:24->firmware/nnet_utils/nnet_dense_stream.h:97]   --->   Operation 1565 'add' 'add_ln58_611' <Predicate = true> <Delay = 2.07> <CoreInst = "Adder">   --->   Core 1 'Adder' <Latency = 0> <II = 1> <Delay = 2.07> <FuncUnit> <Opcode : 'add' 'sub'> <InPorts = 2> <OutPorts = 1>
ST_8 : Operation 1566 [1/1] (2.07ns)   --->   "%add_ln58_616 = add i16 %add_ln58_615, i16 %add_ln58_614" [firmware/nnet_utils/nnet_dense_resource.h:58->firmware/nnet_utils/nnet_dense_resource.h:262->firmware/nnet_utils/nnet_dense_stream.h:24->firmware/nnet_utils/nnet_dense_stream.h:97]   --->   Operation 1566 'add' 'add_ln58_616' <Predicate = true> <Delay = 2.07> <CoreInst = "Adder">   --->   Core 1 'Adder' <Latency = 0> <II = 1> <Delay = 2.07> <FuncUnit> <Opcode : 'add' 'sub'> <InPorts = 2> <OutPorts = 1>
ST_8 : Operation 1567 [1/1] (2.07ns)   --->   "%add_ln58_619 = add i16 %add_ln58_618, i16 %add_ln58_617" [firmware/nnet_utils/nnet_dense_resource.h:58->firmware/nnet_utils/nnet_dense_resource.h:262->firmware/nnet_utils/nnet_dense_stream.h:24->firmware/nnet_utils/nnet_dense_stream.h:97]   --->   Operation 1567 'add' 'add_ln58_619' <Predicate = true> <Delay = 2.07> <CoreInst = "Adder">   --->   Core 1 'Adder' <Latency = 0> <II = 1> <Delay = 2.07> <FuncUnit> <Opcode : 'add' 'sub'> <InPorts = 2> <OutPorts = 1>
ST_8 : Operation 1568 [1/1] (2.07ns)   --->   "%add_ln58_624 = add i16 %add_ln58_623, i16 %add_ln58_622" [firmware/nnet_utils/nnet_dense_resource.h:58->firmware/nnet_utils/nnet_dense_resource.h:262->firmware/nnet_utils/nnet_dense_stream.h:24->firmware/nnet_utils/nnet_dense_stream.h:97]   --->   Operation 1568 'add' 'add_ln58_624' <Predicate = true> <Delay = 2.07> <CoreInst = "Adder">   --->   Core 1 'Adder' <Latency = 0> <II = 1> <Delay = 2.07> <FuncUnit> <Opcode : 'add' 'sub'> <InPorts = 2> <OutPorts = 1>
ST_8 : Operation 1569 [1/1] (2.07ns)   --->   "%add_ln58_627 = add i16 %add_ln58_626, i16 %add_ln58_625" [firmware/nnet_utils/nnet_dense_resource.h:58->firmware/nnet_utils/nnet_dense_resource.h:262->firmware/nnet_utils/nnet_dense_stream.h:24->firmware/nnet_utils/nnet_dense_stream.h:97]   --->   Operation 1569 'add' 'add_ln58_627' <Predicate = true> <Delay = 2.07> <CoreInst = "Adder">   --->   Core 1 'Adder' <Latency = 0> <II = 1> <Delay = 2.07> <FuncUnit> <Opcode : 'add' 'sub'> <InPorts = 2> <OutPorts = 1>
ST_8 : Operation 1570 [1/1] (2.07ns)   --->   "%add_ln58_632 = add i16 %add_ln58_631, i16 %add_ln58_630" [firmware/nnet_utils/nnet_dense_resource.h:58->firmware/nnet_utils/nnet_dense_resource.h:262->firmware/nnet_utils/nnet_dense_stream.h:24->firmware/nnet_utils/nnet_dense_stream.h:97]   --->   Operation 1570 'add' 'add_ln58_632' <Predicate = true> <Delay = 2.07> <CoreInst = "Adder">   --->   Core 1 'Adder' <Latency = 0> <II = 1> <Delay = 2.07> <FuncUnit> <Opcode : 'add' 'sub'> <InPorts = 2> <OutPorts = 1>
ST_8 : Operation 1571 [1/1] (2.07ns)   --->   "%add_ln58_635 = add i16 %add_ln58_634, i16 %add_ln58_633" [firmware/nnet_utils/nnet_dense_resource.h:58->firmware/nnet_utils/nnet_dense_resource.h:262->firmware/nnet_utils/nnet_dense_stream.h:24->firmware/nnet_utils/nnet_dense_stream.h:97]   --->   Operation 1571 'add' 'add_ln58_635' <Predicate = true> <Delay = 2.07> <CoreInst = "Adder">   --->   Core 1 'Adder' <Latency = 0> <II = 1> <Delay = 2.07> <FuncUnit> <Opcode : 'add' 'sub'> <InPorts = 2> <OutPorts = 1>
ST_8 : Operation 1572 [1/1] (2.07ns)   --->   "%add_ln58_640 = add i16 %add_ln58_639, i16 %add_ln58_638" [firmware/nnet_utils/nnet_dense_resource.h:58->firmware/nnet_utils/nnet_dense_resource.h:262->firmware/nnet_utils/nnet_dense_stream.h:24->firmware/nnet_utils/nnet_dense_stream.h:97]   --->   Operation 1572 'add' 'add_ln58_640' <Predicate = true> <Delay = 2.07> <CoreInst = "Adder">   --->   Core 1 'Adder' <Latency = 0> <II = 1> <Delay = 2.07> <FuncUnit> <Opcode : 'add' 'sub'> <InPorts = 2> <OutPorts = 1>
ST_8 : Operation 1573 [1/1] (2.07ns)   --->   "%add_ln58_643 = add i16 %add_ln58_642, i16 %add_ln58_641" [firmware/nnet_utils/nnet_dense_resource.h:58->firmware/nnet_utils/nnet_dense_resource.h:262->firmware/nnet_utils/nnet_dense_stream.h:24->firmware/nnet_utils/nnet_dense_stream.h:97]   --->   Operation 1573 'add' 'add_ln58_643' <Predicate = true> <Delay = 2.07> <CoreInst = "Adder">   --->   Core 1 'Adder' <Latency = 0> <II = 1> <Delay = 2.07> <FuncUnit> <Opcode : 'add' 'sub'> <InPorts = 2> <OutPorts = 1>
ST_8 : Operation 1574 [1/1] (2.07ns)   --->   "%add_ln58_648 = add i16 %add_ln58_647, i16 %add_ln58_646" [firmware/nnet_utils/nnet_dense_resource.h:58->firmware/nnet_utils/nnet_dense_resource.h:262->firmware/nnet_utils/nnet_dense_stream.h:24->firmware/nnet_utils/nnet_dense_stream.h:97]   --->   Operation 1574 'add' 'add_ln58_648' <Predicate = true> <Delay = 2.07> <CoreInst = "Adder">   --->   Core 1 'Adder' <Latency = 0> <II = 1> <Delay = 2.07> <FuncUnit> <Opcode : 'add' 'sub'> <InPorts = 2> <OutPorts = 1>
ST_8 : Operation 1575 [1/1] (2.07ns)   --->   "%add_ln58_651 = add i16 %add_ln58_650, i16 %add_ln58_649" [firmware/nnet_utils/nnet_dense_resource.h:58->firmware/nnet_utils/nnet_dense_resource.h:262->firmware/nnet_utils/nnet_dense_stream.h:24->firmware/nnet_utils/nnet_dense_stream.h:97]   --->   Operation 1575 'add' 'add_ln58_651' <Predicate = true> <Delay = 2.07> <CoreInst = "Adder">   --->   Core 1 'Adder' <Latency = 0> <II = 1> <Delay = 2.07> <FuncUnit> <Opcode : 'add' 'sub'> <InPorts = 2> <OutPorts = 1>
ST_8 : Operation 1576 [1/1] (2.07ns)   --->   "%add_ln58_656 = add i16 %add_ln58_655, i16 %add_ln58_654" [firmware/nnet_utils/nnet_dense_resource.h:58->firmware/nnet_utils/nnet_dense_resource.h:262->firmware/nnet_utils/nnet_dense_stream.h:24->firmware/nnet_utils/nnet_dense_stream.h:97]   --->   Operation 1576 'add' 'add_ln58_656' <Predicate = true> <Delay = 2.07> <CoreInst = "Adder">   --->   Core 1 'Adder' <Latency = 0> <II = 1> <Delay = 2.07> <FuncUnit> <Opcode : 'add' 'sub'> <InPorts = 2> <OutPorts = 1>
ST_8 : Operation 1577 [1/1] (2.07ns)   --->   "%add_ln58_659 = add i16 %add_ln58_658, i16 %add_ln58_657" [firmware/nnet_utils/nnet_dense_resource.h:58->firmware/nnet_utils/nnet_dense_resource.h:262->firmware/nnet_utils/nnet_dense_stream.h:24->firmware/nnet_utils/nnet_dense_stream.h:97]   --->   Operation 1577 'add' 'add_ln58_659' <Predicate = true> <Delay = 2.07> <CoreInst = "Adder">   --->   Core 1 'Adder' <Latency = 0> <II = 1> <Delay = 2.07> <FuncUnit> <Opcode : 'add' 'sub'> <InPorts = 2> <OutPorts = 1>
ST_8 : Operation 1578 [1/1] (2.07ns)   --->   "%add_ln58_664 = add i16 %add_ln58_663, i16 %add_ln58_662" [firmware/nnet_utils/nnet_dense_resource.h:58->firmware/nnet_utils/nnet_dense_resource.h:262->firmware/nnet_utils/nnet_dense_stream.h:24->firmware/nnet_utils/nnet_dense_stream.h:97]   --->   Operation 1578 'add' 'add_ln58_664' <Predicate = true> <Delay = 2.07> <CoreInst = "Adder">   --->   Core 1 'Adder' <Latency = 0> <II = 1> <Delay = 2.07> <FuncUnit> <Opcode : 'add' 'sub'> <InPorts = 2> <OutPorts = 1>
ST_8 : Operation 1579 [1/1] (2.07ns)   --->   "%add_ln58_667 = add i16 %add_ln58_666, i16 %add_ln58_665" [firmware/nnet_utils/nnet_dense_resource.h:58->firmware/nnet_utils/nnet_dense_resource.h:262->firmware/nnet_utils/nnet_dense_stream.h:24->firmware/nnet_utils/nnet_dense_stream.h:97]   --->   Operation 1579 'add' 'add_ln58_667' <Predicate = true> <Delay = 2.07> <CoreInst = "Adder">   --->   Core 1 'Adder' <Latency = 0> <II = 1> <Delay = 2.07> <FuncUnit> <Opcode : 'add' 'sub'> <InPorts = 2> <OutPorts = 1>
ST_8 : Operation 1580 [1/1] (2.07ns)   --->   "%add_ln58_672 = add i16 %add_ln58_671, i16 %add_ln58_670" [firmware/nnet_utils/nnet_dense_resource.h:58->firmware/nnet_utils/nnet_dense_resource.h:262->firmware/nnet_utils/nnet_dense_stream.h:24->firmware/nnet_utils/nnet_dense_stream.h:97]   --->   Operation 1580 'add' 'add_ln58_672' <Predicate = true> <Delay = 2.07> <CoreInst = "Adder">   --->   Core 1 'Adder' <Latency = 0> <II = 1> <Delay = 2.07> <FuncUnit> <Opcode : 'add' 'sub'> <InPorts = 2> <OutPorts = 1>
ST_8 : Operation 1581 [1/1] (2.07ns)   --->   "%add_ln58_675 = add i16 %add_ln58_674, i16 %add_ln58_673" [firmware/nnet_utils/nnet_dense_resource.h:58->firmware/nnet_utils/nnet_dense_resource.h:262->firmware/nnet_utils/nnet_dense_stream.h:24->firmware/nnet_utils/nnet_dense_stream.h:97]   --->   Operation 1581 'add' 'add_ln58_675' <Predicate = true> <Delay = 2.07> <CoreInst = "Adder">   --->   Core 1 'Adder' <Latency = 0> <II = 1> <Delay = 2.07> <FuncUnit> <Opcode : 'add' 'sub'> <InPorts = 2> <OutPorts = 1>
ST_8 : Operation 1582 [1/1] (2.07ns)   --->   "%add_ln58_680 = add i16 %add_ln58_679, i16 %add_ln58_678" [firmware/nnet_utils/nnet_dense_resource.h:58->firmware/nnet_utils/nnet_dense_resource.h:262->firmware/nnet_utils/nnet_dense_stream.h:24->firmware/nnet_utils/nnet_dense_stream.h:97]   --->   Operation 1582 'add' 'add_ln58_680' <Predicate = true> <Delay = 2.07> <CoreInst = "Adder">   --->   Core 1 'Adder' <Latency = 0> <II = 1> <Delay = 2.07> <FuncUnit> <Opcode : 'add' 'sub'> <InPorts = 2> <OutPorts = 1>
ST_8 : Operation 1583 [1/1] (2.07ns)   --->   "%add_ln58_683 = add i16 %add_ln58_682, i16 %add_ln58_681" [firmware/nnet_utils/nnet_dense_resource.h:58->firmware/nnet_utils/nnet_dense_resource.h:262->firmware/nnet_utils/nnet_dense_stream.h:24->firmware/nnet_utils/nnet_dense_stream.h:97]   --->   Operation 1583 'add' 'add_ln58_683' <Predicate = true> <Delay = 2.07> <CoreInst = "Adder">   --->   Core 1 'Adder' <Latency = 0> <II = 1> <Delay = 2.07> <FuncUnit> <Opcode : 'add' 'sub'> <InPorts = 2> <OutPorts = 1>
ST_8 : Operation 1584 [1/1] (2.07ns)   --->   "%add_ln58_688 = add i16 %add_ln58_687, i16 %add_ln58_686" [firmware/nnet_utils/nnet_dense_resource.h:58->firmware/nnet_utils/nnet_dense_resource.h:262->firmware/nnet_utils/nnet_dense_stream.h:24->firmware/nnet_utils/nnet_dense_stream.h:97]   --->   Operation 1584 'add' 'add_ln58_688' <Predicate = true> <Delay = 2.07> <CoreInst = "Adder">   --->   Core 1 'Adder' <Latency = 0> <II = 1> <Delay = 2.07> <FuncUnit> <Opcode : 'add' 'sub'> <InPorts = 2> <OutPorts = 1>
ST_8 : Operation 1585 [1/1] (2.07ns)   --->   "%add_ln58_691 = add i16 %add_ln58_690, i16 %add_ln58_689" [firmware/nnet_utils/nnet_dense_resource.h:58->firmware/nnet_utils/nnet_dense_resource.h:262->firmware/nnet_utils/nnet_dense_stream.h:24->firmware/nnet_utils/nnet_dense_stream.h:97]   --->   Operation 1585 'add' 'add_ln58_691' <Predicate = true> <Delay = 2.07> <CoreInst = "Adder">   --->   Core 1 'Adder' <Latency = 0> <II = 1> <Delay = 2.07> <FuncUnit> <Opcode : 'add' 'sub'> <InPorts = 2> <OutPorts = 1>
ST_8 : Operation 1586 [1/1] (2.07ns)   --->   "%add_ln58_696 = add i16 %add_ln58_695, i16 %add_ln58_694" [firmware/nnet_utils/nnet_dense_resource.h:58->firmware/nnet_utils/nnet_dense_resource.h:262->firmware/nnet_utils/nnet_dense_stream.h:24->firmware/nnet_utils/nnet_dense_stream.h:97]   --->   Operation 1586 'add' 'add_ln58_696' <Predicate = true> <Delay = 2.07> <CoreInst = "Adder">   --->   Core 1 'Adder' <Latency = 0> <II = 1> <Delay = 2.07> <FuncUnit> <Opcode : 'add' 'sub'> <InPorts = 2> <OutPorts = 1>
ST_8 : Operation 1587 [1/1] (2.07ns)   --->   "%add_ln58_699 = add i16 %add_ln58_698, i16 %add_ln58_697" [firmware/nnet_utils/nnet_dense_resource.h:58->firmware/nnet_utils/nnet_dense_resource.h:262->firmware/nnet_utils/nnet_dense_stream.h:24->firmware/nnet_utils/nnet_dense_stream.h:97]   --->   Operation 1587 'add' 'add_ln58_699' <Predicate = true> <Delay = 2.07> <CoreInst = "Adder">   --->   Core 1 'Adder' <Latency = 0> <II = 1> <Delay = 2.07> <FuncUnit> <Opcode : 'add' 'sub'> <InPorts = 2> <OutPorts = 1>
ST_8 : Operation 1588 [1/1] (2.07ns)   --->   "%add_ln58_704 = add i16 %add_ln58_703, i16 %add_ln58_702" [firmware/nnet_utils/nnet_dense_resource.h:58->firmware/nnet_utils/nnet_dense_resource.h:262->firmware/nnet_utils/nnet_dense_stream.h:24->firmware/nnet_utils/nnet_dense_stream.h:97]   --->   Operation 1588 'add' 'add_ln58_704' <Predicate = true> <Delay = 2.07> <CoreInst = "Adder">   --->   Core 1 'Adder' <Latency = 0> <II = 1> <Delay = 2.07> <FuncUnit> <Opcode : 'add' 'sub'> <InPorts = 2> <OutPorts = 1>
ST_8 : Operation 1589 [1/1] (2.07ns)   --->   "%add_ln58_707 = add i16 %add_ln58_706, i16 %add_ln58_705" [firmware/nnet_utils/nnet_dense_resource.h:58->firmware/nnet_utils/nnet_dense_resource.h:262->firmware/nnet_utils/nnet_dense_stream.h:24->firmware/nnet_utils/nnet_dense_stream.h:97]   --->   Operation 1589 'add' 'add_ln58_707' <Predicate = true> <Delay = 2.07> <CoreInst = "Adder">   --->   Core 1 'Adder' <Latency = 0> <II = 1> <Delay = 2.07> <FuncUnit> <Opcode : 'add' 'sub'> <InPorts = 2> <OutPorts = 1>
ST_8 : Operation 1590 [1/1] (2.07ns)   --->   "%add_ln58_712 = add i16 %add_ln58_711, i16 %add_ln58_710" [firmware/nnet_utils/nnet_dense_resource.h:58->firmware/nnet_utils/nnet_dense_resource.h:262->firmware/nnet_utils/nnet_dense_stream.h:24->firmware/nnet_utils/nnet_dense_stream.h:97]   --->   Operation 1590 'add' 'add_ln58_712' <Predicate = true> <Delay = 2.07> <CoreInst = "Adder">   --->   Core 1 'Adder' <Latency = 0> <II = 1> <Delay = 2.07> <FuncUnit> <Opcode : 'add' 'sub'> <InPorts = 2> <OutPorts = 1>
ST_8 : Operation 1591 [1/1] (2.07ns)   --->   "%add_ln58_715 = add i16 %add_ln58_714, i16 %add_ln58_713" [firmware/nnet_utils/nnet_dense_resource.h:58->firmware/nnet_utils/nnet_dense_resource.h:262->firmware/nnet_utils/nnet_dense_stream.h:24->firmware/nnet_utils/nnet_dense_stream.h:97]   --->   Operation 1591 'add' 'add_ln58_715' <Predicate = true> <Delay = 2.07> <CoreInst = "Adder">   --->   Core 1 'Adder' <Latency = 0> <II = 1> <Delay = 2.07> <FuncUnit> <Opcode : 'add' 'sub'> <InPorts = 2> <OutPorts = 1>
ST_8 : Operation 1592 [1/1] (2.07ns)   --->   "%add_ln58_720 = add i16 %add_ln58_719, i16 %add_ln58_718" [firmware/nnet_utils/nnet_dense_resource.h:58->firmware/nnet_utils/nnet_dense_resource.h:262->firmware/nnet_utils/nnet_dense_stream.h:24->firmware/nnet_utils/nnet_dense_stream.h:97]   --->   Operation 1592 'add' 'add_ln58_720' <Predicate = true> <Delay = 2.07> <CoreInst = "Adder">   --->   Core 1 'Adder' <Latency = 0> <II = 1> <Delay = 2.07> <FuncUnit> <Opcode : 'add' 'sub'> <InPorts = 2> <OutPorts = 1>
ST_8 : Operation 1593 [1/1] (2.07ns)   --->   "%add_ln58_723 = add i16 %add_ln58_722, i16 %add_ln58_721" [firmware/nnet_utils/nnet_dense_resource.h:58->firmware/nnet_utils/nnet_dense_resource.h:262->firmware/nnet_utils/nnet_dense_stream.h:24->firmware/nnet_utils/nnet_dense_stream.h:97]   --->   Operation 1593 'add' 'add_ln58_723' <Predicate = true> <Delay = 2.07> <CoreInst = "Adder">   --->   Core 1 'Adder' <Latency = 0> <II = 1> <Delay = 2.07> <FuncUnit> <Opcode : 'add' 'sub'> <InPorts = 2> <OutPorts = 1>
ST_8 : Operation 1594 [1/1] (2.07ns)   --->   "%add_ln58_728 = add i16 %add_ln58_727, i16 %add_ln58_726" [firmware/nnet_utils/nnet_dense_resource.h:58->firmware/nnet_utils/nnet_dense_resource.h:262->firmware/nnet_utils/nnet_dense_stream.h:24->firmware/nnet_utils/nnet_dense_stream.h:97]   --->   Operation 1594 'add' 'add_ln58_728' <Predicate = true> <Delay = 2.07> <CoreInst = "Adder">   --->   Core 1 'Adder' <Latency = 0> <II = 1> <Delay = 2.07> <FuncUnit> <Opcode : 'add' 'sub'> <InPorts = 2> <OutPorts = 1>
ST_8 : Operation 1595 [1/1] (2.07ns)   --->   "%add_ln58_731 = add i16 %add_ln58_730, i16 %add_ln58_729" [firmware/nnet_utils/nnet_dense_resource.h:58->firmware/nnet_utils/nnet_dense_resource.h:262->firmware/nnet_utils/nnet_dense_stream.h:24->firmware/nnet_utils/nnet_dense_stream.h:97]   --->   Operation 1595 'add' 'add_ln58_731' <Predicate = true> <Delay = 2.07> <CoreInst = "Adder">   --->   Core 1 'Adder' <Latency = 0> <II = 1> <Delay = 2.07> <FuncUnit> <Opcode : 'add' 'sub'> <InPorts = 2> <OutPorts = 1>
ST_8 : Operation 1596 [1/1] (2.07ns)   --->   "%add_ln58_736 = add i16 %add_ln58_735, i16 %add_ln58_734" [firmware/nnet_utils/nnet_dense_resource.h:58->firmware/nnet_utils/nnet_dense_resource.h:262->firmware/nnet_utils/nnet_dense_stream.h:24->firmware/nnet_utils/nnet_dense_stream.h:97]   --->   Operation 1596 'add' 'add_ln58_736' <Predicate = true> <Delay = 2.07> <CoreInst = "Adder">   --->   Core 1 'Adder' <Latency = 0> <II = 1> <Delay = 2.07> <FuncUnit> <Opcode : 'add' 'sub'> <InPorts = 2> <OutPorts = 1>
ST_8 : Operation 1597 [1/1] (2.07ns)   --->   "%add_ln58_739 = add i16 %add_ln58_738, i16 %add_ln58_737" [firmware/nnet_utils/nnet_dense_resource.h:58->firmware/nnet_utils/nnet_dense_resource.h:262->firmware/nnet_utils/nnet_dense_stream.h:24->firmware/nnet_utils/nnet_dense_stream.h:97]   --->   Operation 1597 'add' 'add_ln58_739' <Predicate = true> <Delay = 2.07> <CoreInst = "Adder">   --->   Core 1 'Adder' <Latency = 0> <II = 1> <Delay = 2.07> <FuncUnit> <Opcode : 'add' 'sub'> <InPorts = 2> <OutPorts = 1>
ST_8 : Operation 1598 [1/1] (2.07ns)   --->   "%add_ln58_744 = add i16 %add_ln58_743, i16 %add_ln58_742" [firmware/nnet_utils/nnet_dense_resource.h:58->firmware/nnet_utils/nnet_dense_resource.h:262->firmware/nnet_utils/nnet_dense_stream.h:24->firmware/nnet_utils/nnet_dense_stream.h:97]   --->   Operation 1598 'add' 'add_ln58_744' <Predicate = true> <Delay = 2.07> <CoreInst = "Adder">   --->   Core 1 'Adder' <Latency = 0> <II = 1> <Delay = 2.07> <FuncUnit> <Opcode : 'add' 'sub'> <InPorts = 2> <OutPorts = 1>
ST_8 : Operation 1599 [1/1] (2.07ns)   --->   "%add_ln58_747 = add i16 %add_ln58_746, i16 %add_ln58_745" [firmware/nnet_utils/nnet_dense_resource.h:58->firmware/nnet_utils/nnet_dense_resource.h:262->firmware/nnet_utils/nnet_dense_stream.h:24->firmware/nnet_utils/nnet_dense_stream.h:97]   --->   Operation 1599 'add' 'add_ln58_747' <Predicate = true> <Delay = 2.07> <CoreInst = "Adder">   --->   Core 1 'Adder' <Latency = 0> <II = 1> <Delay = 2.07> <FuncUnit> <Opcode : 'add' 'sub'> <InPorts = 2> <OutPorts = 1>
ST_8 : Operation 1600 [1/1] (2.07ns)   --->   "%add_ln58_752 = add i16 %add_ln58_751, i16 %add_ln58_750" [firmware/nnet_utils/nnet_dense_resource.h:58->firmware/nnet_utils/nnet_dense_resource.h:262->firmware/nnet_utils/nnet_dense_stream.h:24->firmware/nnet_utils/nnet_dense_stream.h:97]   --->   Operation 1600 'add' 'add_ln58_752' <Predicate = true> <Delay = 2.07> <CoreInst = "Adder">   --->   Core 1 'Adder' <Latency = 0> <II = 1> <Delay = 2.07> <FuncUnit> <Opcode : 'add' 'sub'> <InPorts = 2> <OutPorts = 1>
ST_8 : Operation 1601 [1/1] (2.07ns)   --->   "%add_ln58_755 = add i16 %add_ln58_754, i16 %add_ln58_753" [firmware/nnet_utils/nnet_dense_resource.h:58->firmware/nnet_utils/nnet_dense_resource.h:262->firmware/nnet_utils/nnet_dense_stream.h:24->firmware/nnet_utils/nnet_dense_stream.h:97]   --->   Operation 1601 'add' 'add_ln58_755' <Predicate = true> <Delay = 2.07> <CoreInst = "Adder">   --->   Core 1 'Adder' <Latency = 0> <II = 1> <Delay = 2.07> <FuncUnit> <Opcode : 'add' 'sub'> <InPorts = 2> <OutPorts = 1>
ST_8 : Operation 1602 [1/1] (2.07ns)   --->   "%add_ln58_760 = add i16 %add_ln58_759, i16 %add_ln58_758" [firmware/nnet_utils/nnet_dense_resource.h:58->firmware/nnet_utils/nnet_dense_resource.h:262->firmware/nnet_utils/nnet_dense_stream.h:24->firmware/nnet_utils/nnet_dense_stream.h:97]   --->   Operation 1602 'add' 'add_ln58_760' <Predicate = true> <Delay = 2.07> <CoreInst = "Adder">   --->   Core 1 'Adder' <Latency = 0> <II = 1> <Delay = 2.07> <FuncUnit> <Opcode : 'add' 'sub'> <InPorts = 2> <OutPorts = 1>
ST_8 : Operation 1603 [1/1] (2.07ns)   --->   "%add_ln58_763 = add i16 %add_ln58_762, i16 %add_ln58_761" [firmware/nnet_utils/nnet_dense_resource.h:58->firmware/nnet_utils/nnet_dense_resource.h:262->firmware/nnet_utils/nnet_dense_stream.h:24->firmware/nnet_utils/nnet_dense_stream.h:97]   --->   Operation 1603 'add' 'add_ln58_763' <Predicate = true> <Delay = 2.07> <CoreInst = "Adder">   --->   Core 1 'Adder' <Latency = 0> <II = 1> <Delay = 2.07> <FuncUnit> <Opcode : 'add' 'sub'> <InPorts = 2> <OutPorts = 1>
ST_8 : Operation 1604 [1/1] (2.07ns)   --->   "%add_ln58_768 = add i16 %add_ln58_767, i16 %add_ln58_766" [firmware/nnet_utils/nnet_dense_resource.h:58->firmware/nnet_utils/nnet_dense_resource.h:262->firmware/nnet_utils/nnet_dense_stream.h:24->firmware/nnet_utils/nnet_dense_stream.h:97]   --->   Operation 1604 'add' 'add_ln58_768' <Predicate = true> <Delay = 2.07> <CoreInst = "Adder">   --->   Core 1 'Adder' <Latency = 0> <II = 1> <Delay = 2.07> <FuncUnit> <Opcode : 'add' 'sub'> <InPorts = 2> <OutPorts = 1>
ST_8 : Operation 1605 [1/1] (2.07ns)   --->   "%add_ln58_771 = add i16 %add_ln58_770, i16 %add_ln58_769" [firmware/nnet_utils/nnet_dense_resource.h:58->firmware/nnet_utils/nnet_dense_resource.h:262->firmware/nnet_utils/nnet_dense_stream.h:24->firmware/nnet_utils/nnet_dense_stream.h:97]   --->   Operation 1605 'add' 'add_ln58_771' <Predicate = true> <Delay = 2.07> <CoreInst = "Adder">   --->   Core 1 'Adder' <Latency = 0> <II = 1> <Delay = 2.07> <FuncUnit> <Opcode : 'add' 'sub'> <InPorts = 2> <OutPorts = 1>
ST_8 : Operation 1606 [1/1] (2.07ns)   --->   "%add_ln58_776 = add i16 %add_ln58_775, i16 %add_ln58_774" [firmware/nnet_utils/nnet_dense_resource.h:58->firmware/nnet_utils/nnet_dense_resource.h:262->firmware/nnet_utils/nnet_dense_stream.h:24->firmware/nnet_utils/nnet_dense_stream.h:97]   --->   Operation 1606 'add' 'add_ln58_776' <Predicate = true> <Delay = 2.07> <CoreInst = "Adder">   --->   Core 1 'Adder' <Latency = 0> <II = 1> <Delay = 2.07> <FuncUnit> <Opcode : 'add' 'sub'> <InPorts = 2> <OutPorts = 1>
ST_8 : Operation 1607 [1/1] (2.07ns)   --->   "%add_ln58_779 = add i16 %add_ln58_778, i16 %add_ln58_777" [firmware/nnet_utils/nnet_dense_resource.h:58->firmware/nnet_utils/nnet_dense_resource.h:262->firmware/nnet_utils/nnet_dense_stream.h:24->firmware/nnet_utils/nnet_dense_stream.h:97]   --->   Operation 1607 'add' 'add_ln58_779' <Predicate = true> <Delay = 2.07> <CoreInst = "Adder">   --->   Core 1 'Adder' <Latency = 0> <II = 1> <Delay = 2.07> <FuncUnit> <Opcode : 'add' 'sub'> <InPorts = 2> <OutPorts = 1>
ST_8 : Operation 1608 [1/1] (2.07ns)   --->   "%add_ln58_784 = add i16 %add_ln58_783, i16 %add_ln58_782" [firmware/nnet_utils/nnet_dense_resource.h:58->firmware/nnet_utils/nnet_dense_resource.h:262->firmware/nnet_utils/nnet_dense_stream.h:24->firmware/nnet_utils/nnet_dense_stream.h:97]   --->   Operation 1608 'add' 'add_ln58_784' <Predicate = true> <Delay = 2.07> <CoreInst = "Adder">   --->   Core 1 'Adder' <Latency = 0> <II = 1> <Delay = 2.07> <FuncUnit> <Opcode : 'add' 'sub'> <InPorts = 2> <OutPorts = 1>
ST_8 : Operation 1609 [1/1] (2.07ns)   --->   "%add_ln58_787 = add i16 %add_ln58_786, i16 %add_ln58_785" [firmware/nnet_utils/nnet_dense_resource.h:58->firmware/nnet_utils/nnet_dense_resource.h:262->firmware/nnet_utils/nnet_dense_stream.h:24->firmware/nnet_utils/nnet_dense_stream.h:97]   --->   Operation 1609 'add' 'add_ln58_787' <Predicate = true> <Delay = 2.07> <CoreInst = "Adder">   --->   Core 1 'Adder' <Latency = 0> <II = 1> <Delay = 2.07> <FuncUnit> <Opcode : 'add' 'sub'> <InPorts = 2> <OutPorts = 1>
ST_8 : Operation 1610 [1/1] (2.07ns)   --->   "%add_ln58_792 = add i16 %add_ln58_791, i16 %add_ln58_790" [firmware/nnet_utils/nnet_dense_resource.h:58->firmware/nnet_utils/nnet_dense_resource.h:262->firmware/nnet_utils/nnet_dense_stream.h:24->firmware/nnet_utils/nnet_dense_stream.h:97]   --->   Operation 1610 'add' 'add_ln58_792' <Predicate = true> <Delay = 2.07> <CoreInst = "Adder">   --->   Core 1 'Adder' <Latency = 0> <II = 1> <Delay = 2.07> <FuncUnit> <Opcode : 'add' 'sub'> <InPorts = 2> <OutPorts = 1>
ST_8 : Operation 1611 [1/1] (2.07ns)   --->   "%add_ln58_795 = add i16 %add_ln58_794, i16 %add_ln58_793" [firmware/nnet_utils/nnet_dense_resource.h:58->firmware/nnet_utils/nnet_dense_resource.h:262->firmware/nnet_utils/nnet_dense_stream.h:24->firmware/nnet_utils/nnet_dense_stream.h:97]   --->   Operation 1611 'add' 'add_ln58_795' <Predicate = true> <Delay = 2.07> <CoreInst = "Adder">   --->   Core 1 'Adder' <Latency = 0> <II = 1> <Delay = 2.07> <FuncUnit> <Opcode : 'add' 'sub'> <InPorts = 2> <OutPorts = 1>
ST_8 : Operation 1612 [1/1] (2.07ns)   --->   "%add_ln58_800 = add i16 %add_ln58_799, i16 %add_ln58_798" [firmware/nnet_utils/nnet_dense_resource.h:58->firmware/nnet_utils/nnet_dense_resource.h:262->firmware/nnet_utils/nnet_dense_stream.h:24->firmware/nnet_utils/nnet_dense_stream.h:97]   --->   Operation 1612 'add' 'add_ln58_800' <Predicate = true> <Delay = 2.07> <CoreInst = "Adder">   --->   Core 1 'Adder' <Latency = 0> <II = 1> <Delay = 2.07> <FuncUnit> <Opcode : 'add' 'sub'> <InPorts = 2> <OutPorts = 1>
ST_8 : Operation 1613 [1/1] (2.07ns)   --->   "%add_ln58_803 = add i16 %add_ln58_802, i16 %add_ln58_801" [firmware/nnet_utils/nnet_dense_resource.h:58->firmware/nnet_utils/nnet_dense_resource.h:262->firmware/nnet_utils/nnet_dense_stream.h:24->firmware/nnet_utils/nnet_dense_stream.h:97]   --->   Operation 1613 'add' 'add_ln58_803' <Predicate = true> <Delay = 2.07> <CoreInst = "Adder">   --->   Core 1 'Adder' <Latency = 0> <II = 1> <Delay = 2.07> <FuncUnit> <Opcode : 'add' 'sub'> <InPorts = 2> <OutPorts = 1>

State 9 <SV = 8> <Delay = 2.07>
ST_9 : Operation 1614 [1/1] (2.07ns)   --->   "%add_ln58_556 = add i16 %add_ln58_555, i16 %add_ln58_552" [firmware/nnet_utils/nnet_dense_resource.h:58->firmware/nnet_utils/nnet_dense_resource.h:262->firmware/nnet_utils/nnet_dense_stream.h:24->firmware/nnet_utils/nnet_dense_stream.h:97]   --->   Operation 1614 'add' 'add_ln58_556' <Predicate = true> <Delay = 2.07> <CoreInst = "Adder">   --->   Core 1 'Adder' <Latency = 0> <II = 1> <Delay = 2.07> <FuncUnit> <Opcode : 'add' 'sub'> <InPorts = 2> <OutPorts = 1>
ST_9 : Operation 1615 [1/1] (2.07ns)   --->   "%add_ln58_564 = add i16 %add_ln58_563, i16 %add_ln58_560" [firmware/nnet_utils/nnet_dense_resource.h:58->firmware/nnet_utils/nnet_dense_resource.h:262->firmware/nnet_utils/nnet_dense_stream.h:24->firmware/nnet_utils/nnet_dense_stream.h:97]   --->   Operation 1615 'add' 'add_ln58_564' <Predicate = true> <Delay = 2.07> <CoreInst = "Adder">   --->   Core 1 'Adder' <Latency = 0> <II = 1> <Delay = 2.07> <FuncUnit> <Opcode : 'add' 'sub'> <InPorts = 2> <OutPorts = 1>
ST_9 : Operation 1616 [1/1] (2.07ns)   --->   "%add_ln58_572 = add i16 %add_ln58_571, i16 %add_ln58_568" [firmware/nnet_utils/nnet_dense_resource.h:58->firmware/nnet_utils/nnet_dense_resource.h:262->firmware/nnet_utils/nnet_dense_stream.h:24->firmware/nnet_utils/nnet_dense_stream.h:97]   --->   Operation 1616 'add' 'add_ln58_572' <Predicate = true> <Delay = 2.07> <CoreInst = "Adder">   --->   Core 1 'Adder' <Latency = 0> <II = 1> <Delay = 2.07> <FuncUnit> <Opcode : 'add' 'sub'> <InPorts = 2> <OutPorts = 1>
ST_9 : Operation 1617 [1/1] (2.07ns)   --->   "%add_ln58_580 = add i16 %add_ln58_579, i16 %add_ln58_576" [firmware/nnet_utils/nnet_dense_resource.h:58->firmware/nnet_utils/nnet_dense_resource.h:262->firmware/nnet_utils/nnet_dense_stream.h:24->firmware/nnet_utils/nnet_dense_stream.h:97]   --->   Operation 1617 'add' 'add_ln58_580' <Predicate = true> <Delay = 2.07> <CoreInst = "Adder">   --->   Core 1 'Adder' <Latency = 0> <II = 1> <Delay = 2.07> <FuncUnit> <Opcode : 'add' 'sub'> <InPorts = 2> <OutPorts = 1>
ST_9 : Operation 1618 [1/1] (2.07ns)   --->   "%add_ln58_588 = add i16 %add_ln58_587, i16 %add_ln58_584" [firmware/nnet_utils/nnet_dense_resource.h:58->firmware/nnet_utils/nnet_dense_resource.h:262->firmware/nnet_utils/nnet_dense_stream.h:24->firmware/nnet_utils/nnet_dense_stream.h:97]   --->   Operation 1618 'add' 'add_ln58_588' <Predicate = true> <Delay = 2.07> <CoreInst = "Adder">   --->   Core 1 'Adder' <Latency = 0> <II = 1> <Delay = 2.07> <FuncUnit> <Opcode : 'add' 'sub'> <InPorts = 2> <OutPorts = 1>
ST_9 : Operation 1619 [1/1] (2.07ns)   --->   "%add_ln58_596 = add i16 %add_ln58_595, i16 %add_ln58_592" [firmware/nnet_utils/nnet_dense_resource.h:58->firmware/nnet_utils/nnet_dense_resource.h:262->firmware/nnet_utils/nnet_dense_stream.h:24->firmware/nnet_utils/nnet_dense_stream.h:97]   --->   Operation 1619 'add' 'add_ln58_596' <Predicate = true> <Delay = 2.07> <CoreInst = "Adder">   --->   Core 1 'Adder' <Latency = 0> <II = 1> <Delay = 2.07> <FuncUnit> <Opcode : 'add' 'sub'> <InPorts = 2> <OutPorts = 1>
ST_9 : Operation 1620 [1/1] (2.07ns)   --->   "%add_ln58_604 = add i16 %add_ln58_603, i16 %add_ln58_600" [firmware/nnet_utils/nnet_dense_resource.h:58->firmware/nnet_utils/nnet_dense_resource.h:262->firmware/nnet_utils/nnet_dense_stream.h:24->firmware/nnet_utils/nnet_dense_stream.h:97]   --->   Operation 1620 'add' 'add_ln58_604' <Predicate = true> <Delay = 2.07> <CoreInst = "Adder">   --->   Core 1 'Adder' <Latency = 0> <II = 1> <Delay = 2.07> <FuncUnit> <Opcode : 'add' 'sub'> <InPorts = 2> <OutPorts = 1>
ST_9 : Operation 1621 [1/1] (2.07ns)   --->   "%add_ln58_612 = add i16 %add_ln58_611, i16 %add_ln58_608" [firmware/nnet_utils/nnet_dense_resource.h:58->firmware/nnet_utils/nnet_dense_resource.h:262->firmware/nnet_utils/nnet_dense_stream.h:24->firmware/nnet_utils/nnet_dense_stream.h:97]   --->   Operation 1621 'add' 'add_ln58_612' <Predicate = true> <Delay = 2.07> <CoreInst = "Adder">   --->   Core 1 'Adder' <Latency = 0> <II = 1> <Delay = 2.07> <FuncUnit> <Opcode : 'add' 'sub'> <InPorts = 2> <OutPorts = 1>
ST_9 : Operation 1622 [1/1] (2.07ns)   --->   "%add_ln58_620 = add i16 %add_ln58_619, i16 %add_ln58_616" [firmware/nnet_utils/nnet_dense_resource.h:58->firmware/nnet_utils/nnet_dense_resource.h:262->firmware/nnet_utils/nnet_dense_stream.h:24->firmware/nnet_utils/nnet_dense_stream.h:97]   --->   Operation 1622 'add' 'add_ln58_620' <Predicate = true> <Delay = 2.07> <CoreInst = "Adder">   --->   Core 1 'Adder' <Latency = 0> <II = 1> <Delay = 2.07> <FuncUnit> <Opcode : 'add' 'sub'> <InPorts = 2> <OutPorts = 1>
ST_9 : Operation 1623 [1/1] (2.07ns)   --->   "%add_ln58_628 = add i16 %add_ln58_627, i16 %add_ln58_624" [firmware/nnet_utils/nnet_dense_resource.h:58->firmware/nnet_utils/nnet_dense_resource.h:262->firmware/nnet_utils/nnet_dense_stream.h:24->firmware/nnet_utils/nnet_dense_stream.h:97]   --->   Operation 1623 'add' 'add_ln58_628' <Predicate = true> <Delay = 2.07> <CoreInst = "Adder">   --->   Core 1 'Adder' <Latency = 0> <II = 1> <Delay = 2.07> <FuncUnit> <Opcode : 'add' 'sub'> <InPorts = 2> <OutPorts = 1>
ST_9 : Operation 1624 [1/1] (2.07ns)   --->   "%add_ln58_636 = add i16 %add_ln58_635, i16 %add_ln58_632" [firmware/nnet_utils/nnet_dense_resource.h:58->firmware/nnet_utils/nnet_dense_resource.h:262->firmware/nnet_utils/nnet_dense_stream.h:24->firmware/nnet_utils/nnet_dense_stream.h:97]   --->   Operation 1624 'add' 'add_ln58_636' <Predicate = true> <Delay = 2.07> <CoreInst = "Adder">   --->   Core 1 'Adder' <Latency = 0> <II = 1> <Delay = 2.07> <FuncUnit> <Opcode : 'add' 'sub'> <InPorts = 2> <OutPorts = 1>
ST_9 : Operation 1625 [1/1] (2.07ns)   --->   "%add_ln58_644 = add i16 %add_ln58_643, i16 %add_ln58_640" [firmware/nnet_utils/nnet_dense_resource.h:58->firmware/nnet_utils/nnet_dense_resource.h:262->firmware/nnet_utils/nnet_dense_stream.h:24->firmware/nnet_utils/nnet_dense_stream.h:97]   --->   Operation 1625 'add' 'add_ln58_644' <Predicate = true> <Delay = 2.07> <CoreInst = "Adder">   --->   Core 1 'Adder' <Latency = 0> <II = 1> <Delay = 2.07> <FuncUnit> <Opcode : 'add' 'sub'> <InPorts = 2> <OutPorts = 1>
ST_9 : Operation 1626 [1/1] (2.07ns)   --->   "%add_ln58_652 = add i16 %add_ln58_651, i16 %add_ln58_648" [firmware/nnet_utils/nnet_dense_resource.h:58->firmware/nnet_utils/nnet_dense_resource.h:262->firmware/nnet_utils/nnet_dense_stream.h:24->firmware/nnet_utils/nnet_dense_stream.h:97]   --->   Operation 1626 'add' 'add_ln58_652' <Predicate = true> <Delay = 2.07> <CoreInst = "Adder">   --->   Core 1 'Adder' <Latency = 0> <II = 1> <Delay = 2.07> <FuncUnit> <Opcode : 'add' 'sub'> <InPorts = 2> <OutPorts = 1>
ST_9 : Operation 1627 [1/1] (2.07ns)   --->   "%add_ln58_660 = add i16 %add_ln58_659, i16 %add_ln58_656" [firmware/nnet_utils/nnet_dense_resource.h:58->firmware/nnet_utils/nnet_dense_resource.h:262->firmware/nnet_utils/nnet_dense_stream.h:24->firmware/nnet_utils/nnet_dense_stream.h:97]   --->   Operation 1627 'add' 'add_ln58_660' <Predicate = true> <Delay = 2.07> <CoreInst = "Adder">   --->   Core 1 'Adder' <Latency = 0> <II = 1> <Delay = 2.07> <FuncUnit> <Opcode : 'add' 'sub'> <InPorts = 2> <OutPorts = 1>
ST_9 : Operation 1628 [1/1] (2.07ns)   --->   "%add_ln58_668 = add i16 %add_ln58_667, i16 %add_ln58_664" [firmware/nnet_utils/nnet_dense_resource.h:58->firmware/nnet_utils/nnet_dense_resource.h:262->firmware/nnet_utils/nnet_dense_stream.h:24->firmware/nnet_utils/nnet_dense_stream.h:97]   --->   Operation 1628 'add' 'add_ln58_668' <Predicate = true> <Delay = 2.07> <CoreInst = "Adder">   --->   Core 1 'Adder' <Latency = 0> <II = 1> <Delay = 2.07> <FuncUnit> <Opcode : 'add' 'sub'> <InPorts = 2> <OutPorts = 1>
ST_9 : Operation 1629 [1/1] (2.07ns)   --->   "%add_ln58_676 = add i16 %add_ln58_675, i16 %add_ln58_672" [firmware/nnet_utils/nnet_dense_resource.h:58->firmware/nnet_utils/nnet_dense_resource.h:262->firmware/nnet_utils/nnet_dense_stream.h:24->firmware/nnet_utils/nnet_dense_stream.h:97]   --->   Operation 1629 'add' 'add_ln58_676' <Predicate = true> <Delay = 2.07> <CoreInst = "Adder">   --->   Core 1 'Adder' <Latency = 0> <II = 1> <Delay = 2.07> <FuncUnit> <Opcode : 'add' 'sub'> <InPorts = 2> <OutPorts = 1>
ST_9 : Operation 1630 [1/1] (2.07ns)   --->   "%add_ln58_684 = add i16 %add_ln58_683, i16 %add_ln58_680" [firmware/nnet_utils/nnet_dense_resource.h:58->firmware/nnet_utils/nnet_dense_resource.h:262->firmware/nnet_utils/nnet_dense_stream.h:24->firmware/nnet_utils/nnet_dense_stream.h:97]   --->   Operation 1630 'add' 'add_ln58_684' <Predicate = true> <Delay = 2.07> <CoreInst = "Adder">   --->   Core 1 'Adder' <Latency = 0> <II = 1> <Delay = 2.07> <FuncUnit> <Opcode : 'add' 'sub'> <InPorts = 2> <OutPorts = 1>
ST_9 : Operation 1631 [1/1] (2.07ns)   --->   "%add_ln58_692 = add i16 %add_ln58_691, i16 %add_ln58_688" [firmware/nnet_utils/nnet_dense_resource.h:58->firmware/nnet_utils/nnet_dense_resource.h:262->firmware/nnet_utils/nnet_dense_stream.h:24->firmware/nnet_utils/nnet_dense_stream.h:97]   --->   Operation 1631 'add' 'add_ln58_692' <Predicate = true> <Delay = 2.07> <CoreInst = "Adder">   --->   Core 1 'Adder' <Latency = 0> <II = 1> <Delay = 2.07> <FuncUnit> <Opcode : 'add' 'sub'> <InPorts = 2> <OutPorts = 1>
ST_9 : Operation 1632 [1/1] (2.07ns)   --->   "%add_ln58_700 = add i16 %add_ln58_699, i16 %add_ln58_696" [firmware/nnet_utils/nnet_dense_resource.h:58->firmware/nnet_utils/nnet_dense_resource.h:262->firmware/nnet_utils/nnet_dense_stream.h:24->firmware/nnet_utils/nnet_dense_stream.h:97]   --->   Operation 1632 'add' 'add_ln58_700' <Predicate = true> <Delay = 2.07> <CoreInst = "Adder">   --->   Core 1 'Adder' <Latency = 0> <II = 1> <Delay = 2.07> <FuncUnit> <Opcode : 'add' 'sub'> <InPorts = 2> <OutPorts = 1>
ST_9 : Operation 1633 [1/1] (2.07ns)   --->   "%add_ln58_708 = add i16 %add_ln58_707, i16 %add_ln58_704" [firmware/nnet_utils/nnet_dense_resource.h:58->firmware/nnet_utils/nnet_dense_resource.h:262->firmware/nnet_utils/nnet_dense_stream.h:24->firmware/nnet_utils/nnet_dense_stream.h:97]   --->   Operation 1633 'add' 'add_ln58_708' <Predicate = true> <Delay = 2.07> <CoreInst = "Adder">   --->   Core 1 'Adder' <Latency = 0> <II = 1> <Delay = 2.07> <FuncUnit> <Opcode : 'add' 'sub'> <InPorts = 2> <OutPorts = 1>
ST_9 : Operation 1634 [1/1] (2.07ns)   --->   "%add_ln58_716 = add i16 %add_ln58_715, i16 %add_ln58_712" [firmware/nnet_utils/nnet_dense_resource.h:58->firmware/nnet_utils/nnet_dense_resource.h:262->firmware/nnet_utils/nnet_dense_stream.h:24->firmware/nnet_utils/nnet_dense_stream.h:97]   --->   Operation 1634 'add' 'add_ln58_716' <Predicate = true> <Delay = 2.07> <CoreInst = "Adder">   --->   Core 1 'Adder' <Latency = 0> <II = 1> <Delay = 2.07> <FuncUnit> <Opcode : 'add' 'sub'> <InPorts = 2> <OutPorts = 1>
ST_9 : Operation 1635 [1/1] (2.07ns)   --->   "%add_ln58_724 = add i16 %add_ln58_723, i16 %add_ln58_720" [firmware/nnet_utils/nnet_dense_resource.h:58->firmware/nnet_utils/nnet_dense_resource.h:262->firmware/nnet_utils/nnet_dense_stream.h:24->firmware/nnet_utils/nnet_dense_stream.h:97]   --->   Operation 1635 'add' 'add_ln58_724' <Predicate = true> <Delay = 2.07> <CoreInst = "Adder">   --->   Core 1 'Adder' <Latency = 0> <II = 1> <Delay = 2.07> <FuncUnit> <Opcode : 'add' 'sub'> <InPorts = 2> <OutPorts = 1>
ST_9 : Operation 1636 [1/1] (2.07ns)   --->   "%add_ln58_732 = add i16 %add_ln58_731, i16 %add_ln58_728" [firmware/nnet_utils/nnet_dense_resource.h:58->firmware/nnet_utils/nnet_dense_resource.h:262->firmware/nnet_utils/nnet_dense_stream.h:24->firmware/nnet_utils/nnet_dense_stream.h:97]   --->   Operation 1636 'add' 'add_ln58_732' <Predicate = true> <Delay = 2.07> <CoreInst = "Adder">   --->   Core 1 'Adder' <Latency = 0> <II = 1> <Delay = 2.07> <FuncUnit> <Opcode : 'add' 'sub'> <InPorts = 2> <OutPorts = 1>
ST_9 : Operation 1637 [1/1] (2.07ns)   --->   "%add_ln58_740 = add i16 %add_ln58_739, i16 %add_ln58_736" [firmware/nnet_utils/nnet_dense_resource.h:58->firmware/nnet_utils/nnet_dense_resource.h:262->firmware/nnet_utils/nnet_dense_stream.h:24->firmware/nnet_utils/nnet_dense_stream.h:97]   --->   Operation 1637 'add' 'add_ln58_740' <Predicate = true> <Delay = 2.07> <CoreInst = "Adder">   --->   Core 1 'Adder' <Latency = 0> <II = 1> <Delay = 2.07> <FuncUnit> <Opcode : 'add' 'sub'> <InPorts = 2> <OutPorts = 1>
ST_9 : Operation 1638 [1/1] (2.07ns)   --->   "%add_ln58_748 = add i16 %add_ln58_747, i16 %add_ln58_744" [firmware/nnet_utils/nnet_dense_resource.h:58->firmware/nnet_utils/nnet_dense_resource.h:262->firmware/nnet_utils/nnet_dense_stream.h:24->firmware/nnet_utils/nnet_dense_stream.h:97]   --->   Operation 1638 'add' 'add_ln58_748' <Predicate = true> <Delay = 2.07> <CoreInst = "Adder">   --->   Core 1 'Adder' <Latency = 0> <II = 1> <Delay = 2.07> <FuncUnit> <Opcode : 'add' 'sub'> <InPorts = 2> <OutPorts = 1>
ST_9 : Operation 1639 [1/1] (2.07ns)   --->   "%add_ln58_756 = add i16 %add_ln58_755, i16 %add_ln58_752" [firmware/nnet_utils/nnet_dense_resource.h:58->firmware/nnet_utils/nnet_dense_resource.h:262->firmware/nnet_utils/nnet_dense_stream.h:24->firmware/nnet_utils/nnet_dense_stream.h:97]   --->   Operation 1639 'add' 'add_ln58_756' <Predicate = true> <Delay = 2.07> <CoreInst = "Adder">   --->   Core 1 'Adder' <Latency = 0> <II = 1> <Delay = 2.07> <FuncUnit> <Opcode : 'add' 'sub'> <InPorts = 2> <OutPorts = 1>
ST_9 : Operation 1640 [1/1] (2.07ns)   --->   "%add_ln58_764 = add i16 %add_ln58_763, i16 %add_ln58_760" [firmware/nnet_utils/nnet_dense_resource.h:58->firmware/nnet_utils/nnet_dense_resource.h:262->firmware/nnet_utils/nnet_dense_stream.h:24->firmware/nnet_utils/nnet_dense_stream.h:97]   --->   Operation 1640 'add' 'add_ln58_764' <Predicate = true> <Delay = 2.07> <CoreInst = "Adder">   --->   Core 1 'Adder' <Latency = 0> <II = 1> <Delay = 2.07> <FuncUnit> <Opcode : 'add' 'sub'> <InPorts = 2> <OutPorts = 1>
ST_9 : Operation 1641 [1/1] (2.07ns)   --->   "%add_ln58_772 = add i16 %add_ln58_771, i16 %add_ln58_768" [firmware/nnet_utils/nnet_dense_resource.h:58->firmware/nnet_utils/nnet_dense_resource.h:262->firmware/nnet_utils/nnet_dense_stream.h:24->firmware/nnet_utils/nnet_dense_stream.h:97]   --->   Operation 1641 'add' 'add_ln58_772' <Predicate = true> <Delay = 2.07> <CoreInst = "Adder">   --->   Core 1 'Adder' <Latency = 0> <II = 1> <Delay = 2.07> <FuncUnit> <Opcode : 'add' 'sub'> <InPorts = 2> <OutPorts = 1>
ST_9 : Operation 1642 [1/1] (2.07ns)   --->   "%add_ln58_780 = add i16 %add_ln58_779, i16 %add_ln58_776" [firmware/nnet_utils/nnet_dense_resource.h:58->firmware/nnet_utils/nnet_dense_resource.h:262->firmware/nnet_utils/nnet_dense_stream.h:24->firmware/nnet_utils/nnet_dense_stream.h:97]   --->   Operation 1642 'add' 'add_ln58_780' <Predicate = true> <Delay = 2.07> <CoreInst = "Adder">   --->   Core 1 'Adder' <Latency = 0> <II = 1> <Delay = 2.07> <FuncUnit> <Opcode : 'add' 'sub'> <InPorts = 2> <OutPorts = 1>
ST_9 : Operation 1643 [1/1] (2.07ns)   --->   "%add_ln58_788 = add i16 %add_ln58_787, i16 %add_ln58_784" [firmware/nnet_utils/nnet_dense_resource.h:58->firmware/nnet_utils/nnet_dense_resource.h:262->firmware/nnet_utils/nnet_dense_stream.h:24->firmware/nnet_utils/nnet_dense_stream.h:97]   --->   Operation 1643 'add' 'add_ln58_788' <Predicate = true> <Delay = 2.07> <CoreInst = "Adder">   --->   Core 1 'Adder' <Latency = 0> <II = 1> <Delay = 2.07> <FuncUnit> <Opcode : 'add' 'sub'> <InPorts = 2> <OutPorts = 1>
ST_9 : Operation 1644 [1/1] (2.07ns)   --->   "%add_ln58_796 = add i16 %add_ln58_795, i16 %add_ln58_792" [firmware/nnet_utils/nnet_dense_resource.h:58->firmware/nnet_utils/nnet_dense_resource.h:262->firmware/nnet_utils/nnet_dense_stream.h:24->firmware/nnet_utils/nnet_dense_stream.h:97]   --->   Operation 1644 'add' 'add_ln58_796' <Predicate = true> <Delay = 2.07> <CoreInst = "Adder">   --->   Core 1 'Adder' <Latency = 0> <II = 1> <Delay = 2.07> <FuncUnit> <Opcode : 'add' 'sub'> <InPorts = 2> <OutPorts = 1>
ST_9 : Operation 1645 [1/1] (2.07ns)   --->   "%add_ln58_804 = add i16 %add_ln58_803, i16 %add_ln58_800" [firmware/nnet_utils/nnet_dense_resource.h:58->firmware/nnet_utils/nnet_dense_resource.h:262->firmware/nnet_utils/nnet_dense_stream.h:24->firmware/nnet_utils/nnet_dense_stream.h:97]   --->   Operation 1645 'add' 'add_ln58_804' <Predicate = true> <Delay = 2.07> <CoreInst = "Adder">   --->   Core 1 'Adder' <Latency = 0> <II = 1> <Delay = 2.07> <FuncUnit> <Opcode : 'add' 'sub'> <InPorts = 2> <OutPorts = 1>

State 10 <SV = 9> <Delay = 2.07>
ST_10 : Operation 1646 [1/1] (0.00ns)   --->   "%acc65 = phi i16 65040, void %nnet::dense_resource<ap_fixed<16, 6, (ap_q_mode)5, (ap_o_mode)3, 0>, ap_fixed<16, 6, (ap_q_mode)5, (ap_o_mode)3, 0>, config6>.region_begin, i16 %acc, void %for.body13.split.i.i, i16 65040, void %nnet::dense_resource<ap_fixed<16, 6, (ap_q_mode)5, (ap_o_mode)3, 0>, ap_fixed<16, 6, (ap_q_mode)5, (ap_o_mode)3, 0>, config6>.region_end"   --->   Operation 1646 'phi' 'acc65' <Predicate = true> <Delay = 0.00>
ST_10 : Operation 1647 [1/1] (0.00ns)   --->   "%acc_6463 = phi i16 513, void %nnet::dense_resource<ap_fixed<16, 6, (ap_q_mode)5, (ap_o_mode)3, 0>, ap_fixed<16, 6, (ap_q_mode)5, (ap_o_mode)3, 0>, config6>.region_begin, i16 %acc_94, void %for.body13.split.i.i, i16 513, void %nnet::dense_resource<ap_fixed<16, 6, (ap_q_mode)5, (ap_o_mode)3, 0>, ap_fixed<16, 6, (ap_q_mode)5, (ap_o_mode)3, 0>, config6>.region_end"   --->   Operation 1647 'phi' 'acc_6463' <Predicate = true> <Delay = 0.00>
ST_10 : Operation 1648 [1/1] (0.00ns)   --->   "%acc_6561 = phi i16 65529, void %nnet::dense_resource<ap_fixed<16, 6, (ap_q_mode)5, (ap_o_mode)3, 0>, ap_fixed<16, 6, (ap_q_mode)5, (ap_o_mode)3, 0>, config6>.region_begin, i16 %acc_95, void %for.body13.split.i.i, i16 65529, void %nnet::dense_resource<ap_fixed<16, 6, (ap_q_mode)5, (ap_o_mode)3, 0>, ap_fixed<16, 6, (ap_q_mode)5, (ap_o_mode)3, 0>, config6>.region_end"   --->   Operation 1648 'phi' 'acc_6561' <Predicate = true> <Delay = 0.00>
ST_10 : Operation 1649 [1/1] (0.00ns)   --->   "%acc_6659 = phi i16 280, void %nnet::dense_resource<ap_fixed<16, 6, (ap_q_mode)5, (ap_o_mode)3, 0>, ap_fixed<16, 6, (ap_q_mode)5, (ap_o_mode)3, 0>, config6>.region_begin, i16 %acc_96, void %for.body13.split.i.i, i16 280, void %nnet::dense_resource<ap_fixed<16, 6, (ap_q_mode)5, (ap_o_mode)3, 0>, ap_fixed<16, 6, (ap_q_mode)5, (ap_o_mode)3, 0>, config6>.region_end"   --->   Operation 1649 'phi' 'acc_6659' <Predicate = true> <Delay = 0.00>
ST_10 : Operation 1650 [1/1] (0.00ns)   --->   "%acc_6757 = phi i16 65269, void %nnet::dense_resource<ap_fixed<16, 6, (ap_q_mode)5, (ap_o_mode)3, 0>, ap_fixed<16, 6, (ap_q_mode)5, (ap_o_mode)3, 0>, config6>.region_begin, i16 %acc_97, void %for.body13.split.i.i, i16 65269, void %nnet::dense_resource<ap_fixed<16, 6, (ap_q_mode)5, (ap_o_mode)3, 0>, ap_fixed<16, 6, (ap_q_mode)5, (ap_o_mode)3, 0>, config6>.region_end"   --->   Operation 1650 'phi' 'acc_6757' <Predicate = true> <Delay = 0.00>
ST_10 : Operation 1651 [1/1] (0.00ns)   --->   "%acc_6855 = phi i16 65069, void %nnet::dense_resource<ap_fixed<16, 6, (ap_q_mode)5, (ap_o_mode)3, 0>, ap_fixed<16, 6, (ap_q_mode)5, (ap_o_mode)3, 0>, config6>.region_begin, i16 %acc_98, void %for.body13.split.i.i, i16 65069, void %nnet::dense_resource<ap_fixed<16, 6, (ap_q_mode)5, (ap_o_mode)3, 0>, ap_fixed<16, 6, (ap_q_mode)5, (ap_o_mode)3, 0>, config6>.region_end"   --->   Operation 1651 'phi' 'acc_6855' <Predicate = true> <Delay = 0.00>
ST_10 : Operation 1652 [1/1] (0.00ns)   --->   "%acc_6953 = phi i16 85, void %nnet::dense_resource<ap_fixed<16, 6, (ap_q_mode)5, (ap_o_mode)3, 0>, ap_fixed<16, 6, (ap_q_mode)5, (ap_o_mode)3, 0>, config6>.region_begin, i16 %acc_99, void %for.body13.split.i.i, i16 85, void %nnet::dense_resource<ap_fixed<16, 6, (ap_q_mode)5, (ap_o_mode)3, 0>, ap_fixed<16, 6, (ap_q_mode)5, (ap_o_mode)3, 0>, config6>.region_end"   --->   Operation 1652 'phi' 'acc_6953' <Predicate = true> <Delay = 0.00>
ST_10 : Operation 1653 [1/1] (0.00ns)   --->   "%acc_7051 = phi i16 0, void %nnet::dense_resource<ap_fixed<16, 6, (ap_q_mode)5, (ap_o_mode)3, 0>, ap_fixed<16, 6, (ap_q_mode)5, (ap_o_mode)3, 0>, config6>.region_begin, i16 %acc_100, void %for.body13.split.i.i, i16 0, void %nnet::dense_resource<ap_fixed<16, 6, (ap_q_mode)5, (ap_o_mode)3, 0>, ap_fixed<16, 6, (ap_q_mode)5, (ap_o_mode)3, 0>, config6>.region_end"   --->   Operation 1653 'phi' 'acc_7051' <Predicate = true> <Delay = 0.00>
ST_10 : Operation 1654 [1/1] (0.00ns)   --->   "%acc_7149 = phi i16 65265, void %nnet::dense_resource<ap_fixed<16, 6, (ap_q_mode)5, (ap_o_mode)3, 0>, ap_fixed<16, 6, (ap_q_mode)5, (ap_o_mode)3, 0>, config6>.region_begin, i16 %acc_101, void %for.body13.split.i.i, i16 65265, void %nnet::dense_resource<ap_fixed<16, 6, (ap_q_mode)5, (ap_o_mode)3, 0>, ap_fixed<16, 6, (ap_q_mode)5, (ap_o_mode)3, 0>, config6>.region_end"   --->   Operation 1654 'phi' 'acc_7149' <Predicate = true> <Delay = 0.00>
ST_10 : Operation 1655 [1/1] (0.00ns)   --->   "%acc_7247 = phi i16 65448, void %nnet::dense_resource<ap_fixed<16, 6, (ap_q_mode)5, (ap_o_mode)3, 0>, ap_fixed<16, 6, (ap_q_mode)5, (ap_o_mode)3, 0>, config6>.region_begin, i16 %acc_102, void %for.body13.split.i.i, i16 65448, void %nnet::dense_resource<ap_fixed<16, 6, (ap_q_mode)5, (ap_o_mode)3, 0>, ap_fixed<16, 6, (ap_q_mode)5, (ap_o_mode)3, 0>, config6>.region_end"   --->   Operation 1655 'phi' 'acc_7247' <Predicate = true> <Delay = 0.00>
ST_10 : Operation 1656 [1/1] (0.00ns)   --->   "%acc_7345 = phi i16 453, void %nnet::dense_resource<ap_fixed<16, 6, (ap_q_mode)5, (ap_o_mode)3, 0>, ap_fixed<16, 6, (ap_q_mode)5, (ap_o_mode)3, 0>, config6>.region_begin, i16 %acc_103, void %for.body13.split.i.i, i16 453, void %nnet::dense_resource<ap_fixed<16, 6, (ap_q_mode)5, (ap_o_mode)3, 0>, ap_fixed<16, 6, (ap_q_mode)5, (ap_o_mode)3, 0>, config6>.region_end"   --->   Operation 1656 'phi' 'acc_7345' <Predicate = true> <Delay = 0.00>
ST_10 : Operation 1657 [1/1] (0.00ns)   --->   "%acc_7443 = phi i16 0, void %nnet::dense_resource<ap_fixed<16, 6, (ap_q_mode)5, (ap_o_mode)3, 0>, ap_fixed<16, 6, (ap_q_mode)5, (ap_o_mode)3, 0>, config6>.region_begin, i16 %acc_104, void %for.body13.split.i.i, i16 0, void %nnet::dense_resource<ap_fixed<16, 6, (ap_q_mode)5, (ap_o_mode)3, 0>, ap_fixed<16, 6, (ap_q_mode)5, (ap_o_mode)3, 0>, config6>.region_end"   --->   Operation 1657 'phi' 'acc_7443' <Predicate = true> <Delay = 0.00>
ST_10 : Operation 1658 [1/1] (0.00ns)   --->   "%acc_7541 = phi i16 339, void %nnet::dense_resource<ap_fixed<16, 6, (ap_q_mode)5, (ap_o_mode)3, 0>, ap_fixed<16, 6, (ap_q_mode)5, (ap_o_mode)3, 0>, config6>.region_begin, i16 %acc_105, void %for.body13.split.i.i, i16 339, void %nnet::dense_resource<ap_fixed<16, 6, (ap_q_mode)5, (ap_o_mode)3, 0>, ap_fixed<16, 6, (ap_q_mode)5, (ap_o_mode)3, 0>, config6>.region_end"   --->   Operation 1658 'phi' 'acc_7541' <Predicate = true> <Delay = 0.00>
ST_10 : Operation 1659 [1/1] (0.00ns)   --->   "%acc_7639 = phi i16 350, void %nnet::dense_resource<ap_fixed<16, 6, (ap_q_mode)5, (ap_o_mode)3, 0>, ap_fixed<16, 6, (ap_q_mode)5, (ap_o_mode)3, 0>, config6>.region_begin, i16 %acc_106, void %for.body13.split.i.i, i16 350, void %nnet::dense_resource<ap_fixed<16, 6, (ap_q_mode)5, (ap_o_mode)3, 0>, ap_fixed<16, 6, (ap_q_mode)5, (ap_o_mode)3, 0>, config6>.region_end"   --->   Operation 1659 'phi' 'acc_7639' <Predicate = true> <Delay = 0.00>
ST_10 : Operation 1660 [1/1] (0.00ns)   --->   "%acc_7737 = phi i16 65111, void %nnet::dense_resource<ap_fixed<16, 6, (ap_q_mode)5, (ap_o_mode)3, 0>, ap_fixed<16, 6, (ap_q_mode)5, (ap_o_mode)3, 0>, config6>.region_begin, i16 %acc_107, void %for.body13.split.i.i, i16 65111, void %nnet::dense_resource<ap_fixed<16, 6, (ap_q_mode)5, (ap_o_mode)3, 0>, ap_fixed<16, 6, (ap_q_mode)5, (ap_o_mode)3, 0>, config6>.region_end"   --->   Operation 1660 'phi' 'acc_7737' <Predicate = true> <Delay = 0.00>
ST_10 : Operation 1661 [1/1] (0.00ns)   --->   "%acc_7835 = phi i16 65391, void %nnet::dense_resource<ap_fixed<16, 6, (ap_q_mode)5, (ap_o_mode)3, 0>, ap_fixed<16, 6, (ap_q_mode)5, (ap_o_mode)3, 0>, config6>.region_begin, i16 %acc_108, void %for.body13.split.i.i, i16 65391, void %nnet::dense_resource<ap_fixed<16, 6, (ap_q_mode)5, (ap_o_mode)3, 0>, ap_fixed<16, 6, (ap_q_mode)5, (ap_o_mode)3, 0>, config6>.region_end"   --->   Operation 1661 'phi' 'acc_7835' <Predicate = true> <Delay = 0.00>
ST_10 : Operation 1662 [1/1] (0.00ns)   --->   "%acc_7933 = phi i16 128, void %nnet::dense_resource<ap_fixed<16, 6, (ap_q_mode)5, (ap_o_mode)3, 0>, ap_fixed<16, 6, (ap_q_mode)5, (ap_o_mode)3, 0>, config6>.region_begin, i16 %acc_109, void %for.body13.split.i.i, i16 128, void %nnet::dense_resource<ap_fixed<16, 6, (ap_q_mode)5, (ap_o_mode)3, 0>, ap_fixed<16, 6, (ap_q_mode)5, (ap_o_mode)3, 0>, config6>.region_end"   --->   Operation 1662 'phi' 'acc_7933' <Predicate = true> <Delay = 0.00>
ST_10 : Operation 1663 [1/1] (0.00ns)   --->   "%acc_8031 = phi i16 65221, void %nnet::dense_resource<ap_fixed<16, 6, (ap_q_mode)5, (ap_o_mode)3, 0>, ap_fixed<16, 6, (ap_q_mode)5, (ap_o_mode)3, 0>, config6>.region_begin, i16 %acc_110, void %for.body13.split.i.i, i16 65221, void %nnet::dense_resource<ap_fixed<16, 6, (ap_q_mode)5, (ap_o_mode)3, 0>, ap_fixed<16, 6, (ap_q_mode)5, (ap_o_mode)3, 0>, config6>.region_end"   --->   Operation 1663 'phi' 'acc_8031' <Predicate = true> <Delay = 0.00>
ST_10 : Operation 1664 [1/1] (0.00ns)   --->   "%acc_8129 = phi i16 64822, void %nnet::dense_resource<ap_fixed<16, 6, (ap_q_mode)5, (ap_o_mode)3, 0>, ap_fixed<16, 6, (ap_q_mode)5, (ap_o_mode)3, 0>, config6>.region_begin, i16 %acc_111, void %for.body13.split.i.i, i16 64822, void %nnet::dense_resource<ap_fixed<16, 6, (ap_q_mode)5, (ap_o_mode)3, 0>, ap_fixed<16, 6, (ap_q_mode)5, (ap_o_mode)3, 0>, config6>.region_end"   --->   Operation 1664 'phi' 'acc_8129' <Predicate = true> <Delay = 0.00>
ST_10 : Operation 1665 [1/1] (0.00ns)   --->   "%acc_8227 = phi i16 65369, void %nnet::dense_resource<ap_fixed<16, 6, (ap_q_mode)5, (ap_o_mode)3, 0>, ap_fixed<16, 6, (ap_q_mode)5, (ap_o_mode)3, 0>, config6>.region_begin, i16 %acc_112, void %for.body13.split.i.i, i16 65369, void %nnet::dense_resource<ap_fixed<16, 6, (ap_q_mode)5, (ap_o_mode)3, 0>, ap_fixed<16, 6, (ap_q_mode)5, (ap_o_mode)3, 0>, config6>.region_end"   --->   Operation 1665 'phi' 'acc_8227' <Predicate = true> <Delay = 0.00>
ST_10 : Operation 1666 [1/1] (0.00ns)   --->   "%acc_8325 = phi i16 65266, void %nnet::dense_resource<ap_fixed<16, 6, (ap_q_mode)5, (ap_o_mode)3, 0>, ap_fixed<16, 6, (ap_q_mode)5, (ap_o_mode)3, 0>, config6>.region_begin, i16 %acc_113, void %for.body13.split.i.i, i16 65266, void %nnet::dense_resource<ap_fixed<16, 6, (ap_q_mode)5, (ap_o_mode)3, 0>, ap_fixed<16, 6, (ap_q_mode)5, (ap_o_mode)3, 0>, config6>.region_end"   --->   Operation 1666 'phi' 'acc_8325' <Predicate = true> <Delay = 0.00>
ST_10 : Operation 1667 [1/1] (0.00ns)   --->   "%acc_8423 = phi i16 431, void %nnet::dense_resource<ap_fixed<16, 6, (ap_q_mode)5, (ap_o_mode)3, 0>, ap_fixed<16, 6, (ap_q_mode)5, (ap_o_mode)3, 0>, config6>.region_begin, i16 %acc_114, void %for.body13.split.i.i, i16 431, void %nnet::dense_resource<ap_fixed<16, 6, (ap_q_mode)5, (ap_o_mode)3, 0>, ap_fixed<16, 6, (ap_q_mode)5, (ap_o_mode)3, 0>, config6>.region_end"   --->   Operation 1667 'phi' 'acc_8423' <Predicate = true> <Delay = 0.00>
ST_10 : Operation 1668 [1/1] (0.00ns)   --->   "%acc_8521 = phi i16 88, void %nnet::dense_resource<ap_fixed<16, 6, (ap_q_mode)5, (ap_o_mode)3, 0>, ap_fixed<16, 6, (ap_q_mode)5, (ap_o_mode)3, 0>, config6>.region_begin, i16 %acc_115, void %for.body13.split.i.i, i16 88, void %nnet::dense_resource<ap_fixed<16, 6, (ap_q_mode)5, (ap_o_mode)3, 0>, ap_fixed<16, 6, (ap_q_mode)5, (ap_o_mode)3, 0>, config6>.region_end"   --->   Operation 1668 'phi' 'acc_8521' <Predicate = true> <Delay = 0.00>
ST_10 : Operation 1669 [1/1] (0.00ns)   --->   "%acc_8619 = phi i16 64929, void %nnet::dense_resource<ap_fixed<16, 6, (ap_q_mode)5, (ap_o_mode)3, 0>, ap_fixed<16, 6, (ap_q_mode)5, (ap_o_mode)3, 0>, config6>.region_begin, i16 %acc_116, void %for.body13.split.i.i, i16 64929, void %nnet::dense_resource<ap_fixed<16, 6, (ap_q_mode)5, (ap_o_mode)3, 0>, ap_fixed<16, 6, (ap_q_mode)5, (ap_o_mode)3, 0>, config6>.region_end"   --->   Operation 1669 'phi' 'acc_8619' <Predicate = true> <Delay = 0.00>
ST_10 : Operation 1670 [1/1] (0.00ns)   --->   "%acc_8717 = phi i16 468, void %nnet::dense_resource<ap_fixed<16, 6, (ap_q_mode)5, (ap_o_mode)3, 0>, ap_fixed<16, 6, (ap_q_mode)5, (ap_o_mode)3, 0>, config6>.region_begin, i16 %acc_117, void %for.body13.split.i.i, i16 468, void %nnet::dense_resource<ap_fixed<16, 6, (ap_q_mode)5, (ap_o_mode)3, 0>, ap_fixed<16, 6, (ap_q_mode)5, (ap_o_mode)3, 0>, config6>.region_end"   --->   Operation 1670 'phi' 'acc_8717' <Predicate = true> <Delay = 0.00>
ST_10 : Operation 1671 [1/1] (0.00ns)   --->   "%acc_8815 = phi i16 111, void %nnet::dense_resource<ap_fixed<16, 6, (ap_q_mode)5, (ap_o_mode)3, 0>, ap_fixed<16, 6, (ap_q_mode)5, (ap_o_mode)3, 0>, config6>.region_begin, i16 %acc_118, void %for.body13.split.i.i, i16 111, void %nnet::dense_resource<ap_fixed<16, 6, (ap_q_mode)5, (ap_o_mode)3, 0>, ap_fixed<16, 6, (ap_q_mode)5, (ap_o_mode)3, 0>, config6>.region_end"   --->   Operation 1671 'phi' 'acc_8815' <Predicate = true> <Delay = 0.00>
ST_10 : Operation 1672 [1/1] (0.00ns)   --->   "%acc_8913 = phi i16 65407, void %nnet::dense_resource<ap_fixed<16, 6, (ap_q_mode)5, (ap_o_mode)3, 0>, ap_fixed<16, 6, (ap_q_mode)5, (ap_o_mode)3, 0>, config6>.region_begin, i16 %acc_119, void %for.body13.split.i.i, i16 65407, void %nnet::dense_resource<ap_fixed<16, 6, (ap_q_mode)5, (ap_o_mode)3, 0>, ap_fixed<16, 6, (ap_q_mode)5, (ap_o_mode)3, 0>, config6>.region_end"   --->   Operation 1672 'phi' 'acc_8913' <Predicate = true> <Delay = 0.00>
ST_10 : Operation 1673 [1/1] (0.00ns)   --->   "%acc_9011 = phi i16 81, void %nnet::dense_resource<ap_fixed<16, 6, (ap_q_mode)5, (ap_o_mode)3, 0>, ap_fixed<16, 6, (ap_q_mode)5, (ap_o_mode)3, 0>, config6>.region_begin, i16 %acc_120, void %for.body13.split.i.i, i16 81, void %nnet::dense_resource<ap_fixed<16, 6, (ap_q_mode)5, (ap_o_mode)3, 0>, ap_fixed<16, 6, (ap_q_mode)5, (ap_o_mode)3, 0>, config6>.region_end"   --->   Operation 1673 'phi' 'acc_9011' <Predicate = true> <Delay = 0.00>
ST_10 : Operation 1674 [1/1] (0.00ns)   --->   "%acc_919 = phi i16 371, void %nnet::dense_resource<ap_fixed<16, 6, (ap_q_mode)5, (ap_o_mode)3, 0>, ap_fixed<16, 6, (ap_q_mode)5, (ap_o_mode)3, 0>, config6>.region_begin, i16 %acc_121, void %for.body13.split.i.i, i16 371, void %nnet::dense_resource<ap_fixed<16, 6, (ap_q_mode)5, (ap_o_mode)3, 0>, ap_fixed<16, 6, (ap_q_mode)5, (ap_o_mode)3, 0>, config6>.region_end"   --->   Operation 1674 'phi' 'acc_919' <Predicate = true> <Delay = 0.00>
ST_10 : Operation 1675 [1/1] (0.00ns)   --->   "%acc_927 = phi i16 65481, void %nnet::dense_resource<ap_fixed<16, 6, (ap_q_mode)5, (ap_o_mode)3, 0>, ap_fixed<16, 6, (ap_q_mode)5, (ap_o_mode)3, 0>, config6>.region_begin, i16 %acc_122, void %for.body13.split.i.i, i16 65481, void %nnet::dense_resource<ap_fixed<16, 6, (ap_q_mode)5, (ap_o_mode)3, 0>, ap_fixed<16, 6, (ap_q_mode)5, (ap_o_mode)3, 0>, config6>.region_end"   --->   Operation 1675 'phi' 'acc_927' <Predicate = true> <Delay = 0.00>
ST_10 : Operation 1676 [1/1] (0.00ns)   --->   "%acc_935 = phi i16 363, void %nnet::dense_resource<ap_fixed<16, 6, (ap_q_mode)5, (ap_o_mode)3, 0>, ap_fixed<16, 6, (ap_q_mode)5, (ap_o_mode)3, 0>, config6>.region_begin, i16 %acc_123, void %for.body13.split.i.i, i16 363, void %nnet::dense_resource<ap_fixed<16, 6, (ap_q_mode)5, (ap_o_mode)3, 0>, ap_fixed<16, 6, (ap_q_mode)5, (ap_o_mode)3, 0>, config6>.region_end"   --->   Operation 1676 'phi' 'acc_935' <Predicate = true> <Delay = 0.00>
ST_10 : Operation 1677 [1/1] (0.00ns)   --->   "%acc_943 = phi i16 0, void %nnet::dense_resource<ap_fixed<16, 6, (ap_q_mode)5, (ap_o_mode)3, 0>, ap_fixed<16, 6, (ap_q_mode)5, (ap_o_mode)3, 0>, config6>.region_begin, i16 %acc_124, void %for.body13.split.i.i, i16 0, void %nnet::dense_resource<ap_fixed<16, 6, (ap_q_mode)5, (ap_o_mode)3, 0>, ap_fixed<16, 6, (ap_q_mode)5, (ap_o_mode)3, 0>, config6>.region_end"   --->   Operation 1677 'phi' 'acc_943' <Predicate = true> <Delay = 0.00>
ST_10 : Operation 1678 [1/1] (0.00ns)   --->   "%specpipeline_ln47 = specpipeline void @_ssdm_op_SpecPipeline, i32 1, i32 0, i32 0, i32 0, void @empty_7" [firmware/nnet_utils/nnet_dense_resource.h:47->firmware/nnet_utils/nnet_dense_resource.h:262->firmware/nnet_utils/nnet_dense_stream.h:24->firmware/nnet_utils/nnet_dense_stream.h:97]   --->   Operation 1678 'specpipeline' 'specpipeline_ln47' <Predicate = true> <Delay = 0.00>
ST_10 : Operation 1679 [1/1] (0.00ns)   --->   "%speclooptripcount_ln36 = speclooptripcount void @_ssdm_op_SpecLoopTripCount, i64 4, i64 4, i64 4" [firmware/nnet_utils/nnet_dense_resource.h:36->firmware/nnet_utils/nnet_dense_resource.h:262->firmware/nnet_utils/nnet_dense_stream.h:24->firmware/nnet_utils/nnet_dense_stream.h:97]   --->   Operation 1679 'speclooptripcount' 'speclooptripcount_ln36' <Predicate = true> <Delay = 0.00>
ST_10 : Operation 1680 [1/1] (0.00ns)   --->   "%specloopname_ln46 = specloopname void @_ssdm_op_SpecLoopName, void @empty_4" [firmware/nnet_utils/nnet_dense_resource.h:46->firmware/nnet_utils/nnet_dense_resource.h:262->firmware/nnet_utils/nnet_dense_stream.h:24->firmware/nnet_utils/nnet_dense_stream.h:97]   --->   Operation 1680 'specloopname' 'specloopname_ln46' <Predicate = true> <Delay = 0.00>
ST_10 : Operation 1681 [1/1] (2.07ns)   --->   "%acc = add i16 %acc65, i16 %add_ln58_556" [firmware/nnet_utils/nnet_dense_resource.h:58->firmware/nnet_utils/nnet_dense_resource.h:262->firmware/nnet_utils/nnet_dense_stream.h:24->firmware/nnet_utils/nnet_dense_stream.h:97]   --->   Operation 1681 'add' 'acc' <Predicate = true> <Delay = 2.07> <CoreInst = "Adder">   --->   Core 1 'Adder' <Latency = 0> <II = 1> <Delay = 2.07> <FuncUnit> <Opcode : 'add' 'sub'> <InPorts = 2> <OutPorts = 1>
ST_10 : Operation 1682 [1/1] (2.07ns)   --->   "%acc_94 = add i16 %acc_6463, i16 %add_ln58_564" [firmware/nnet_utils/nnet_dense_resource.h:58->firmware/nnet_utils/nnet_dense_resource.h:262->firmware/nnet_utils/nnet_dense_stream.h:24->firmware/nnet_utils/nnet_dense_stream.h:97]   --->   Operation 1682 'add' 'acc_94' <Predicate = true> <Delay = 2.07> <CoreInst = "Adder">   --->   Core 1 'Adder' <Latency = 0> <II = 1> <Delay = 2.07> <FuncUnit> <Opcode : 'add' 'sub'> <InPorts = 2> <OutPorts = 1>
ST_10 : Operation 1683 [1/1] (2.07ns)   --->   "%acc_95 = add i16 %acc_6561, i16 %add_ln58_572" [firmware/nnet_utils/nnet_dense_resource.h:58->firmware/nnet_utils/nnet_dense_resource.h:262->firmware/nnet_utils/nnet_dense_stream.h:24->firmware/nnet_utils/nnet_dense_stream.h:97]   --->   Operation 1683 'add' 'acc_95' <Predicate = true> <Delay = 2.07> <CoreInst = "Adder">   --->   Core 1 'Adder' <Latency = 0> <II = 1> <Delay = 2.07> <FuncUnit> <Opcode : 'add' 'sub'> <InPorts = 2> <OutPorts = 1>
ST_10 : Operation 1684 [1/1] (2.07ns)   --->   "%acc_96 = add i16 %acc_6659, i16 %add_ln58_580" [firmware/nnet_utils/nnet_dense_resource.h:58->firmware/nnet_utils/nnet_dense_resource.h:262->firmware/nnet_utils/nnet_dense_stream.h:24->firmware/nnet_utils/nnet_dense_stream.h:97]   --->   Operation 1684 'add' 'acc_96' <Predicate = true> <Delay = 2.07> <CoreInst = "Adder">   --->   Core 1 'Adder' <Latency = 0> <II = 1> <Delay = 2.07> <FuncUnit> <Opcode : 'add' 'sub'> <InPorts = 2> <OutPorts = 1>
ST_10 : Operation 1685 [1/1] (2.07ns)   --->   "%acc_97 = add i16 %acc_6757, i16 %add_ln58_588" [firmware/nnet_utils/nnet_dense_resource.h:58->firmware/nnet_utils/nnet_dense_resource.h:262->firmware/nnet_utils/nnet_dense_stream.h:24->firmware/nnet_utils/nnet_dense_stream.h:97]   --->   Operation 1685 'add' 'acc_97' <Predicate = true> <Delay = 2.07> <CoreInst = "Adder">   --->   Core 1 'Adder' <Latency = 0> <II = 1> <Delay = 2.07> <FuncUnit> <Opcode : 'add' 'sub'> <InPorts = 2> <OutPorts = 1>
ST_10 : Operation 1686 [1/1] (2.07ns)   --->   "%acc_98 = add i16 %acc_6855, i16 %add_ln58_596" [firmware/nnet_utils/nnet_dense_resource.h:58->firmware/nnet_utils/nnet_dense_resource.h:262->firmware/nnet_utils/nnet_dense_stream.h:24->firmware/nnet_utils/nnet_dense_stream.h:97]   --->   Operation 1686 'add' 'acc_98' <Predicate = true> <Delay = 2.07> <CoreInst = "Adder">   --->   Core 1 'Adder' <Latency = 0> <II = 1> <Delay = 2.07> <FuncUnit> <Opcode : 'add' 'sub'> <InPorts = 2> <OutPorts = 1>
ST_10 : Operation 1687 [1/1] (2.07ns)   --->   "%acc_99 = add i16 %acc_6953, i16 %add_ln58_604" [firmware/nnet_utils/nnet_dense_resource.h:58->firmware/nnet_utils/nnet_dense_resource.h:262->firmware/nnet_utils/nnet_dense_stream.h:24->firmware/nnet_utils/nnet_dense_stream.h:97]   --->   Operation 1687 'add' 'acc_99' <Predicate = true> <Delay = 2.07> <CoreInst = "Adder">   --->   Core 1 'Adder' <Latency = 0> <II = 1> <Delay = 2.07> <FuncUnit> <Opcode : 'add' 'sub'> <InPorts = 2> <OutPorts = 1>
ST_10 : Operation 1688 [1/1] (2.07ns)   --->   "%acc_100 = add i16 %acc_7051, i16 %add_ln58_612" [firmware/nnet_utils/nnet_dense_resource.h:58->firmware/nnet_utils/nnet_dense_resource.h:262->firmware/nnet_utils/nnet_dense_stream.h:24->firmware/nnet_utils/nnet_dense_stream.h:97]   --->   Operation 1688 'add' 'acc_100' <Predicate = true> <Delay = 2.07> <CoreInst = "Adder">   --->   Core 1 'Adder' <Latency = 0> <II = 1> <Delay = 2.07> <FuncUnit> <Opcode : 'add' 'sub'> <InPorts = 2> <OutPorts = 1>
ST_10 : Operation 1689 [1/1] (2.07ns)   --->   "%acc_101 = add i16 %acc_7149, i16 %add_ln58_620" [firmware/nnet_utils/nnet_dense_resource.h:58->firmware/nnet_utils/nnet_dense_resource.h:262->firmware/nnet_utils/nnet_dense_stream.h:24->firmware/nnet_utils/nnet_dense_stream.h:97]   --->   Operation 1689 'add' 'acc_101' <Predicate = true> <Delay = 2.07> <CoreInst = "Adder">   --->   Core 1 'Adder' <Latency = 0> <II = 1> <Delay = 2.07> <FuncUnit> <Opcode : 'add' 'sub'> <InPorts = 2> <OutPorts = 1>
ST_10 : Operation 1690 [1/1] (2.07ns)   --->   "%acc_102 = add i16 %acc_7247, i16 %add_ln58_628" [firmware/nnet_utils/nnet_dense_resource.h:58->firmware/nnet_utils/nnet_dense_resource.h:262->firmware/nnet_utils/nnet_dense_stream.h:24->firmware/nnet_utils/nnet_dense_stream.h:97]   --->   Operation 1690 'add' 'acc_102' <Predicate = true> <Delay = 2.07> <CoreInst = "Adder">   --->   Core 1 'Adder' <Latency = 0> <II = 1> <Delay = 2.07> <FuncUnit> <Opcode : 'add' 'sub'> <InPorts = 2> <OutPorts = 1>
ST_10 : Operation 1691 [1/1] (2.07ns)   --->   "%acc_103 = add i16 %acc_7345, i16 %add_ln58_636" [firmware/nnet_utils/nnet_dense_resource.h:58->firmware/nnet_utils/nnet_dense_resource.h:262->firmware/nnet_utils/nnet_dense_stream.h:24->firmware/nnet_utils/nnet_dense_stream.h:97]   --->   Operation 1691 'add' 'acc_103' <Predicate = true> <Delay = 2.07> <CoreInst = "Adder">   --->   Core 1 'Adder' <Latency = 0> <II = 1> <Delay = 2.07> <FuncUnit> <Opcode : 'add' 'sub'> <InPorts = 2> <OutPorts = 1>
ST_10 : Operation 1692 [1/1] (2.07ns)   --->   "%acc_104 = add i16 %acc_7443, i16 %add_ln58_644" [firmware/nnet_utils/nnet_dense_resource.h:58->firmware/nnet_utils/nnet_dense_resource.h:262->firmware/nnet_utils/nnet_dense_stream.h:24->firmware/nnet_utils/nnet_dense_stream.h:97]   --->   Operation 1692 'add' 'acc_104' <Predicate = true> <Delay = 2.07> <CoreInst = "Adder">   --->   Core 1 'Adder' <Latency = 0> <II = 1> <Delay = 2.07> <FuncUnit> <Opcode : 'add' 'sub'> <InPorts = 2> <OutPorts = 1>
ST_10 : Operation 1693 [1/1] (2.07ns)   --->   "%acc_105 = add i16 %acc_7541, i16 %add_ln58_652" [firmware/nnet_utils/nnet_dense_resource.h:58->firmware/nnet_utils/nnet_dense_resource.h:262->firmware/nnet_utils/nnet_dense_stream.h:24->firmware/nnet_utils/nnet_dense_stream.h:97]   --->   Operation 1693 'add' 'acc_105' <Predicate = true> <Delay = 2.07> <CoreInst = "Adder">   --->   Core 1 'Adder' <Latency = 0> <II = 1> <Delay = 2.07> <FuncUnit> <Opcode : 'add' 'sub'> <InPorts = 2> <OutPorts = 1>
ST_10 : Operation 1694 [1/1] (2.07ns)   --->   "%acc_106 = add i16 %acc_7639, i16 %add_ln58_660" [firmware/nnet_utils/nnet_dense_resource.h:58->firmware/nnet_utils/nnet_dense_resource.h:262->firmware/nnet_utils/nnet_dense_stream.h:24->firmware/nnet_utils/nnet_dense_stream.h:97]   --->   Operation 1694 'add' 'acc_106' <Predicate = true> <Delay = 2.07> <CoreInst = "Adder">   --->   Core 1 'Adder' <Latency = 0> <II = 1> <Delay = 2.07> <FuncUnit> <Opcode : 'add' 'sub'> <InPorts = 2> <OutPorts = 1>
ST_10 : Operation 1695 [1/1] (2.07ns)   --->   "%acc_107 = add i16 %acc_7737, i16 %add_ln58_668" [firmware/nnet_utils/nnet_dense_resource.h:58->firmware/nnet_utils/nnet_dense_resource.h:262->firmware/nnet_utils/nnet_dense_stream.h:24->firmware/nnet_utils/nnet_dense_stream.h:97]   --->   Operation 1695 'add' 'acc_107' <Predicate = true> <Delay = 2.07> <CoreInst = "Adder">   --->   Core 1 'Adder' <Latency = 0> <II = 1> <Delay = 2.07> <FuncUnit> <Opcode : 'add' 'sub'> <InPorts = 2> <OutPorts = 1>
ST_10 : Operation 1696 [1/1] (2.07ns)   --->   "%acc_108 = add i16 %acc_7835, i16 %add_ln58_676" [firmware/nnet_utils/nnet_dense_resource.h:58->firmware/nnet_utils/nnet_dense_resource.h:262->firmware/nnet_utils/nnet_dense_stream.h:24->firmware/nnet_utils/nnet_dense_stream.h:97]   --->   Operation 1696 'add' 'acc_108' <Predicate = true> <Delay = 2.07> <CoreInst = "Adder">   --->   Core 1 'Adder' <Latency = 0> <II = 1> <Delay = 2.07> <FuncUnit> <Opcode : 'add' 'sub'> <InPorts = 2> <OutPorts = 1>
ST_10 : Operation 1697 [1/1] (2.07ns)   --->   "%acc_109 = add i16 %acc_7933, i16 %add_ln58_684" [firmware/nnet_utils/nnet_dense_resource.h:58->firmware/nnet_utils/nnet_dense_resource.h:262->firmware/nnet_utils/nnet_dense_stream.h:24->firmware/nnet_utils/nnet_dense_stream.h:97]   --->   Operation 1697 'add' 'acc_109' <Predicate = true> <Delay = 2.07> <CoreInst = "Adder">   --->   Core 1 'Adder' <Latency = 0> <II = 1> <Delay = 2.07> <FuncUnit> <Opcode : 'add' 'sub'> <InPorts = 2> <OutPorts = 1>
ST_10 : Operation 1698 [1/1] (2.07ns)   --->   "%acc_110 = add i16 %acc_8031, i16 %add_ln58_692" [firmware/nnet_utils/nnet_dense_resource.h:58->firmware/nnet_utils/nnet_dense_resource.h:262->firmware/nnet_utils/nnet_dense_stream.h:24->firmware/nnet_utils/nnet_dense_stream.h:97]   --->   Operation 1698 'add' 'acc_110' <Predicate = true> <Delay = 2.07> <CoreInst = "Adder">   --->   Core 1 'Adder' <Latency = 0> <II = 1> <Delay = 2.07> <FuncUnit> <Opcode : 'add' 'sub'> <InPorts = 2> <OutPorts = 1>
ST_10 : Operation 1699 [1/1] (2.07ns)   --->   "%acc_111 = add i16 %acc_8129, i16 %add_ln58_700" [firmware/nnet_utils/nnet_dense_resource.h:58->firmware/nnet_utils/nnet_dense_resource.h:262->firmware/nnet_utils/nnet_dense_stream.h:24->firmware/nnet_utils/nnet_dense_stream.h:97]   --->   Operation 1699 'add' 'acc_111' <Predicate = true> <Delay = 2.07> <CoreInst = "Adder">   --->   Core 1 'Adder' <Latency = 0> <II = 1> <Delay = 2.07> <FuncUnit> <Opcode : 'add' 'sub'> <InPorts = 2> <OutPorts = 1>
ST_10 : Operation 1700 [1/1] (2.07ns)   --->   "%acc_112 = add i16 %acc_8227, i16 %add_ln58_708" [firmware/nnet_utils/nnet_dense_resource.h:58->firmware/nnet_utils/nnet_dense_resource.h:262->firmware/nnet_utils/nnet_dense_stream.h:24->firmware/nnet_utils/nnet_dense_stream.h:97]   --->   Operation 1700 'add' 'acc_112' <Predicate = true> <Delay = 2.07> <CoreInst = "Adder">   --->   Core 1 'Adder' <Latency = 0> <II = 1> <Delay = 2.07> <FuncUnit> <Opcode : 'add' 'sub'> <InPorts = 2> <OutPorts = 1>
ST_10 : Operation 1701 [1/1] (2.07ns)   --->   "%acc_113 = add i16 %acc_8325, i16 %add_ln58_716" [firmware/nnet_utils/nnet_dense_resource.h:58->firmware/nnet_utils/nnet_dense_resource.h:262->firmware/nnet_utils/nnet_dense_stream.h:24->firmware/nnet_utils/nnet_dense_stream.h:97]   --->   Operation 1701 'add' 'acc_113' <Predicate = true> <Delay = 2.07> <CoreInst = "Adder">   --->   Core 1 'Adder' <Latency = 0> <II = 1> <Delay = 2.07> <FuncUnit> <Opcode : 'add' 'sub'> <InPorts = 2> <OutPorts = 1>
ST_10 : Operation 1702 [1/1] (2.07ns)   --->   "%acc_114 = add i16 %acc_8423, i16 %add_ln58_724" [firmware/nnet_utils/nnet_dense_resource.h:58->firmware/nnet_utils/nnet_dense_resource.h:262->firmware/nnet_utils/nnet_dense_stream.h:24->firmware/nnet_utils/nnet_dense_stream.h:97]   --->   Operation 1702 'add' 'acc_114' <Predicate = true> <Delay = 2.07> <CoreInst = "Adder">   --->   Core 1 'Adder' <Latency = 0> <II = 1> <Delay = 2.07> <FuncUnit> <Opcode : 'add' 'sub'> <InPorts = 2> <OutPorts = 1>
ST_10 : Operation 1703 [1/1] (2.07ns)   --->   "%acc_115 = add i16 %acc_8521, i16 %add_ln58_732" [firmware/nnet_utils/nnet_dense_resource.h:58->firmware/nnet_utils/nnet_dense_resource.h:262->firmware/nnet_utils/nnet_dense_stream.h:24->firmware/nnet_utils/nnet_dense_stream.h:97]   --->   Operation 1703 'add' 'acc_115' <Predicate = true> <Delay = 2.07> <CoreInst = "Adder">   --->   Core 1 'Adder' <Latency = 0> <II = 1> <Delay = 2.07> <FuncUnit> <Opcode : 'add' 'sub'> <InPorts = 2> <OutPorts = 1>
ST_10 : Operation 1704 [1/1] (2.07ns)   --->   "%acc_116 = add i16 %acc_8619, i16 %add_ln58_740" [firmware/nnet_utils/nnet_dense_resource.h:58->firmware/nnet_utils/nnet_dense_resource.h:262->firmware/nnet_utils/nnet_dense_stream.h:24->firmware/nnet_utils/nnet_dense_stream.h:97]   --->   Operation 1704 'add' 'acc_116' <Predicate = true> <Delay = 2.07> <CoreInst = "Adder">   --->   Core 1 'Adder' <Latency = 0> <II = 1> <Delay = 2.07> <FuncUnit> <Opcode : 'add' 'sub'> <InPorts = 2> <OutPorts = 1>
ST_10 : Operation 1705 [1/1] (2.07ns)   --->   "%acc_117 = add i16 %acc_8717, i16 %add_ln58_748" [firmware/nnet_utils/nnet_dense_resource.h:58->firmware/nnet_utils/nnet_dense_resource.h:262->firmware/nnet_utils/nnet_dense_stream.h:24->firmware/nnet_utils/nnet_dense_stream.h:97]   --->   Operation 1705 'add' 'acc_117' <Predicate = true> <Delay = 2.07> <CoreInst = "Adder">   --->   Core 1 'Adder' <Latency = 0> <II = 1> <Delay = 2.07> <FuncUnit> <Opcode : 'add' 'sub'> <InPorts = 2> <OutPorts = 1>
ST_10 : Operation 1706 [1/1] (2.07ns)   --->   "%acc_118 = add i16 %acc_8815, i16 %add_ln58_756" [firmware/nnet_utils/nnet_dense_resource.h:58->firmware/nnet_utils/nnet_dense_resource.h:262->firmware/nnet_utils/nnet_dense_stream.h:24->firmware/nnet_utils/nnet_dense_stream.h:97]   --->   Operation 1706 'add' 'acc_118' <Predicate = true> <Delay = 2.07> <CoreInst = "Adder">   --->   Core 1 'Adder' <Latency = 0> <II = 1> <Delay = 2.07> <FuncUnit> <Opcode : 'add' 'sub'> <InPorts = 2> <OutPorts = 1>
ST_10 : Operation 1707 [1/1] (2.07ns)   --->   "%acc_119 = add i16 %acc_8913, i16 %add_ln58_764" [firmware/nnet_utils/nnet_dense_resource.h:58->firmware/nnet_utils/nnet_dense_resource.h:262->firmware/nnet_utils/nnet_dense_stream.h:24->firmware/nnet_utils/nnet_dense_stream.h:97]   --->   Operation 1707 'add' 'acc_119' <Predicate = true> <Delay = 2.07> <CoreInst = "Adder">   --->   Core 1 'Adder' <Latency = 0> <II = 1> <Delay = 2.07> <FuncUnit> <Opcode : 'add' 'sub'> <InPorts = 2> <OutPorts = 1>
ST_10 : Operation 1708 [1/1] (2.07ns)   --->   "%acc_120 = add i16 %acc_9011, i16 %add_ln58_772" [firmware/nnet_utils/nnet_dense_resource.h:58->firmware/nnet_utils/nnet_dense_resource.h:262->firmware/nnet_utils/nnet_dense_stream.h:24->firmware/nnet_utils/nnet_dense_stream.h:97]   --->   Operation 1708 'add' 'acc_120' <Predicate = true> <Delay = 2.07> <CoreInst = "Adder">   --->   Core 1 'Adder' <Latency = 0> <II = 1> <Delay = 2.07> <FuncUnit> <Opcode : 'add' 'sub'> <InPorts = 2> <OutPorts = 1>
ST_10 : Operation 1709 [1/1] (2.07ns)   --->   "%acc_121 = add i16 %acc_919, i16 %add_ln58_780" [firmware/nnet_utils/nnet_dense_resource.h:58->firmware/nnet_utils/nnet_dense_resource.h:262->firmware/nnet_utils/nnet_dense_stream.h:24->firmware/nnet_utils/nnet_dense_stream.h:97]   --->   Operation 1709 'add' 'acc_121' <Predicate = true> <Delay = 2.07> <CoreInst = "Adder">   --->   Core 1 'Adder' <Latency = 0> <II = 1> <Delay = 2.07> <FuncUnit> <Opcode : 'add' 'sub'> <InPorts = 2> <OutPorts = 1>
ST_10 : Operation 1710 [1/1] (2.07ns)   --->   "%acc_122 = add i16 %acc_927, i16 %add_ln58_788" [firmware/nnet_utils/nnet_dense_resource.h:58->firmware/nnet_utils/nnet_dense_resource.h:262->firmware/nnet_utils/nnet_dense_stream.h:24->firmware/nnet_utils/nnet_dense_stream.h:97]   --->   Operation 1710 'add' 'acc_122' <Predicate = true> <Delay = 2.07> <CoreInst = "Adder">   --->   Core 1 'Adder' <Latency = 0> <II = 1> <Delay = 2.07> <FuncUnit> <Opcode : 'add' 'sub'> <InPorts = 2> <OutPorts = 1>
ST_10 : Operation 1711 [1/1] (2.07ns)   --->   "%acc_123 = add i16 %acc_935, i16 %add_ln58_796" [firmware/nnet_utils/nnet_dense_resource.h:58->firmware/nnet_utils/nnet_dense_resource.h:262->firmware/nnet_utils/nnet_dense_stream.h:24->firmware/nnet_utils/nnet_dense_stream.h:97]   --->   Operation 1711 'add' 'acc_123' <Predicate = true> <Delay = 2.07> <CoreInst = "Adder">   --->   Core 1 'Adder' <Latency = 0> <II = 1> <Delay = 2.07> <FuncUnit> <Opcode : 'add' 'sub'> <InPorts = 2> <OutPorts = 1>
ST_10 : Operation 1712 [1/1] (2.07ns)   --->   "%acc_124 = add i16 %acc_943, i16 %add_ln58_804" [firmware/nnet_utils/nnet_dense_resource.h:58->firmware/nnet_utils/nnet_dense_resource.h:262->firmware/nnet_utils/nnet_dense_stream.h:24->firmware/nnet_utils/nnet_dense_stream.h:97]   --->   Operation 1712 'add' 'acc_124' <Predicate = true> <Delay = 2.07> <CoreInst = "Adder">   --->   Core 1 'Adder' <Latency = 0> <II = 1> <Delay = 2.07> <FuncUnit> <Opcode : 'add' 'sub'> <InPorts = 2> <OutPorts = 1>

State 11 <SV = 10> <Delay = 1.82>
ST_11 : Operation 1713 [1/1] (0.00ns)   --->   "%rend = specregionend i32 @_ssdm_op_SpecRegionEnd, void @nnet_KD_KD_dense_resource_MD_ap_fixed_MD_16_MC_AC_6_MC_AC_IC_ap_q_mode_JC_5_1, i32 %rbegin" [firmware/nnet_utils/nnet_dense_stream.h:53->firmware/nnet_utils/nnet_dense_stream.h:100]   --->   Operation 1713 'specregionend' 'rend' <Predicate = (icmp_ln46)> <Delay = 0.00>
ST_11 : Operation 1714 [1/1] (0.00ns)   --->   "%p_0 = bitconcatenate i512 @_ssdm_op_BitConcatenate.i512.i16.i16.i16.i16.i16.i16.i16.i16.i16.i16.i16.i16.i16.i16.i16.i16.i16.i16.i16.i16.i16.i16.i16.i16.i16.i16.i16.i16.i16.i16.i16.i16, i16 %acc_124, i16 %acc_123, i16 %acc_122, i16 %acc_121, i16 %acc_120, i16 %acc_119, i16 %acc_118, i16 %acc_117, i16 %acc_116, i16 %acc_115, i16 %acc_114, i16 %acc_113, i16 %acc_112, i16 %acc_111, i16 %acc_110, i16 %acc_109, i16 %acc_108, i16 %acc_107, i16 %acc_106, i16 %acc_105, i16 %acc_104, i16 %acc_103, i16 %acc_102, i16 %acc_101, i16 %acc_100, i16 %acc_99, i16 %acc_98, i16 %acc_97, i16 %acc_96, i16 %acc_95, i16 %acc_94, i16 %acc" [firmware/nnet_utils/nnet_dense_stream.h:77->firmware/nnet_utils/nnet_dense_stream.h:100]   --->   Operation 1714 'bitconcatenate' 'p_0' <Predicate = (icmp_ln46)> <Delay = 0.00>
ST_11 : Operation 1715 [1/1] (1.82ns)   --->   "%write_ln77 = write void @_ssdm_op_Write.ap_fifo.volatile.i512P0A, i512 %layer6_out, i512 %p_0" [firmware/nnet_utils/nnet_dense_stream.h:77->firmware/nnet_utils/nnet_dense_stream.h:100]   --->   Operation 1715 'write' 'write_ln77' <Predicate = (icmp_ln46)> <Delay = 1.82> <CoreInst = "FIFO_SRL">   --->   Core 81 'FIFO_SRL' <Latency = 0> <II = 1> <Delay = 3.63> <Storage> <Opcode : 'read' 'write' 'nbread' 'nbwrite'> <Ports = 0> <Width = 512> <Depth = 1> <FIFO>
ST_11 : Operation 1716 [1/1] (0.00ns)   --->   "%return_ln101 = return void @_ssdm_op_Return" [firmware/nnet_utils/nnet_dense_stream.h:101]   --->   Operation 1716 'return' 'return_ln101' <Predicate = (icmp_ln46)> <Delay = 0.00>


============================================================
+ Verbose Summary: Timing violations
============================================================
Target clock period: 5.000ns, clock uncertainty: 1.350ns.

 <State 1>: 1.588ns
The critical path consists of the following:
	multiplexor before 'phi' operation ('do_init') [9]  (1.588 ns)

 <State 2>: 1.565ns
The critical path consists of the following:
	'phi' operation ('w_index') with incoming values : ('w_index', firmware/nnet_utils/nnet_dense_resource.h:46->firmware/nnet_utils/nnet_dense_resource.h:262->firmware/nnet_utils/nnet_dense_stream.h:24->firmware/nnet_utils/nnet_dense_stream.h:97) [42]  (0.000 ns)
	'add' operation ('w_index', firmware/nnet_utils/nnet_dense_resource.h:46->firmware/nnet_utils/nnet_dense_resource.h:262->firmware/nnet_utils/nnet_dense_stream.h:24->firmware/nnet_utils/nnet_dense_stream.h:97) [1447]  (1.565 ns)

 <State 3>: 3.254ns
The critical path consists of the following:
	'getelementptr' operation ('w6_addr', firmware/nnet_utils/nnet_dense_resource.h:59->firmware/nnet_utils/nnet_dense_resource.h:262->firmware/nnet_utils/nnet_dense_stream.h:24->firmware/nnet_utils/nnet_dense_stream.h:97) [150]  (0.000 ns)
	'load' operation ('w6_load', firmware/nnet_utils/nnet_dense_resource.h:59->firmware/nnet_utils/nnet_dense_resource.h:262->firmware/nnet_utils/nnet_dense_stream.h:24->firmware/nnet_utils/nnet_dense_stream.h:97) on array 'w6' [151]  (3.254 ns)

 <State 4>: 3.415ns
The critical path consists of the following:
	'phi' operation ('data_90_rewind', firmware/nnet_utils/nnet_dense_stream.h:43->firmware/nnet_utils/nnet_dense_stream.h:93) with incoming values : ('data', firmware/nnet_utils/nnet_dense_stream.h:43->firmware/nnet_utils/nnet_dense_stream.h:93) [36]  (0.000 ns)
	multiplexor before 'phi' operation ('data') with incoming values : ('data', firmware/nnet_utils/nnet_dense_stream.h:43->firmware/nnet_utils/nnet_dense_stream.h:93) [139]  (1.588 ns)
	'phi' operation ('data') with incoming values : ('data', firmware/nnet_utils/nnet_dense_stream.h:43->firmware/nnet_utils/nnet_dense_stream.h:93) [139]  (0.000 ns)
	'mux' operation ('a', firmware/nnet_utils/nnet_dense_stream.h:43->firmware/nnet_utils/nnet_dense_stream.h:93) [149]  (1.827 ns)

 <State 5>: 3.349ns
The critical path consists of the following:
	'mul' operation ('mul_ln58', firmware/nnet_utils/nnet_dense_resource.h:58->firmware/nnet_utils/nnet_dense_resource.h:262->firmware/nnet_utils/nnet_dense_stream.h:24->firmware/nnet_utils/nnet_dense_stream.h:97) [155]  (3.349 ns)

 <State 6>: 3.349ns
The critical path consists of the following:
	'mul' operation ('mul_ln58', firmware/nnet_utils/nnet_dense_resource.h:58->firmware/nnet_utils/nnet_dense_resource.h:262->firmware/nnet_utils/nnet_dense_stream.h:24->firmware/nnet_utils/nnet_dense_stream.h:97) [155]  (3.349 ns)

 <State 7>: 2.077ns
The critical path consists of the following:
	'add' operation ('add_ln58', firmware/nnet_utils/nnet_dense_resource.h:58->firmware/nnet_utils/nnet_dense_resource.h:262->firmware/nnet_utils/nnet_dense_stream.h:24->firmware/nnet_utils/nnet_dense_stream.h:97) [199]  (2.077 ns)

 <State 8>: 2.077ns
The critical path consists of the following:
	'add' operation ('add_ln58_552', firmware/nnet_utils/nnet_dense_resource.h:58->firmware/nnet_utils/nnet_dense_resource.h:262->firmware/nnet_utils/nnet_dense_stream.h:24->firmware/nnet_utils/nnet_dense_stream.h:97) [201]  (2.077 ns)

 <State 9>: 2.077ns
The critical path consists of the following:
	'add' operation ('add_ln58_556', firmware/nnet_utils/nnet_dense_resource.h:58->firmware/nnet_utils/nnet_dense_resource.h:262->firmware/nnet_utils/nnet_dense_stream.h:24->firmware/nnet_utils/nnet_dense_stream.h:97) [205]  (2.077 ns)

 <State 10>: 2.077ns
The critical path consists of the following:
	'phi' operation ('acc') with incoming values : ('res', firmware/nnet_utils/nnet_dense_resource.h:58->firmware/nnet_utils/nnet_dense_resource.h:262->firmware/nnet_utils/nnet_dense_stream.h:24->firmware/nnet_utils/nnet_dense_stream.h:97) [43]  (0.000 ns)
	'add' operation ('res', firmware/nnet_utils/nnet_dense_resource.h:58->firmware/nnet_utils/nnet_dense_resource.h:262->firmware/nnet_utils/nnet_dense_stream.h:24->firmware/nnet_utils/nnet_dense_stream.h:97) [206]  (2.077 ns)

 <State 11>: 1.825ns
The critical path consists of the following:
	fifo write operation ('write_ln77', firmware/nnet_utils/nnet_dense_stream.h:77->firmware/nnet_utils/nnet_dense_stream.h:100) on port 'layer6_out' (firmware/nnet_utils/nnet_dense_stream.h:77->firmware/nnet_utils/nnet_dense_stream.h:100) [1453]  (1.825 ns)


============================================================
+ Verbose Summary: Binding
============================================================
N/A
* FSMD analyzer results:
  - Output states:
 - Input state : 
  - Chain level:
	State 1
	State 2
	State 3
	State 4
	State 5
	State 6
	State 7
	State 8
	State 9
	State 10
	State 11


============================================================
+ Verbose Summary: Datapath Resource usage 
============================================================
N/A
