

================================================================
== Vitis HLS Report for 'relu_array_ap_fixed_64u_array_ap_fixed_16_6_5_3_0_64u_relu_config3_s'
================================================================
* Date:           Mon Sep 21 23:26:45 2026

* Version:        2023.1.1 (Build 3869133 on Jun 15 2023)
* Project:        myproject_prj
* Solution:       solution1 (Vivado IP Flow Target)
* Product family: zynq
* Target device:  xc7z020-clg400-1


================================================================
== Performance Estimates
================================================================
+ Timing: 
    * Summary: 
    +--------+---------+----------+------------+
    |  Clock |  Target | Estimated| Uncertainty|
    +--------+---------+----------+------------+
    |ap_clk  |  5.00 ns|  2.830 ns|     1.35 ns|
    +--------+---------+----------+------------+

+ Latency: 
    * Summary: 
    +---------+---------+-----------+-----------+-----+-----+---------+
    |  Latency (cycles) |   Latency (absolute)  |  Interval | Pipeline|
    |   min   |   max   |    min    |    max    | min | max |   Type  |
    +---------+---------+-----------+-----------+-----+-----+---------+
    |        2|        2|  10.000 ns|  10.000 ns|    2|    2|       no|
    +---------+---------+-----------+-----------+-----+-----+---------+

    + Detail: 
        * Instance: 
        N/A

        * Loop: 
        N/A



================================================================
== Utilization Estimates
================================================================
* Summary: 
+-----------------+---------+-----+--------+-------+-----+
|       Name      | BRAM_18K| DSP |   FF   |  LUT  | URAM|
+-----------------+---------+-----+--------+-------+-----+
|DSP              |        -|    -|       -|      -|    -|
|Expression       |        -|    -|       0|   2434|    -|
|FIFO             |        -|    -|       -|      -|    -|
|Instance         |        -|    -|       -|      -|    -|
|Memory           |        -|    -|       -|      -|    -|
|Multiplexer      |        -|    -|       -|     56|    -|
|Register         |        -|    -|    2949|      -|    -|
+-----------------+---------+-----+--------+-------+-----+
|Total            |        0|    0|    2949|   2490|    0|
+-----------------+---------+-----+--------+-------+-----+
|Available        |      280|  220|  106400|  53200|    0|
+-----------------+---------+-----+--------+-------+-----+
|Utilization (%)  |        0|    0|       2|      4|    0|
+-----------------+---------+-----+--------+-------+-----+

+ Detail: 
    * Instance: 
    N/A

    * DSP: 
    N/A

    * Memory: 
    N/A

    * FIFO: 
    N/A

    * Expression: 
    +---------------------------+----------+----+---+----+------------+------------+
    |       Variable Name       | Operation| DSP| FF| LUT| Bitwidth P0| Bitwidth P1|
    +---------------------------+----------+----+---+----+------------+------------+
    |icmp_ln51_10_fu_1807_p2    |      icmp|   0|  0|  23|          16|           1|
    |icmp_ln51_11_fu_1819_p2    |      icmp|   0|  0|  23|          16|           1|
    |icmp_ln51_12_fu_1831_p2    |      icmp|   0|  0|  23|          16|           1|
    |icmp_ln51_13_fu_1843_p2    |      icmp|   0|  0|  23|          16|           1|
    |icmp_ln51_14_fu_1855_p2    |      icmp|   0|  0|  23|          16|           1|
    |icmp_ln51_15_fu_1867_p2    |      icmp|   0|  0|  23|          16|           1|
    |icmp_ln51_16_fu_1879_p2    |      icmp|   0|  0|  23|          16|           1|
    |icmp_ln51_17_fu_1891_p2    |      icmp|   0|  0|  23|          16|           1|
    |icmp_ln51_18_fu_1903_p2    |      icmp|   0|  0|  23|          16|           1|
    |icmp_ln51_19_fu_1915_p2    |      icmp|   0|  0|  23|          16|           1|
    |icmp_ln51_1_fu_1699_p2     |      icmp|   0|  0|  23|          16|           1|
    |icmp_ln51_20_fu_1927_p2    |      icmp|   0|  0|  23|          16|           1|
    |icmp_ln51_21_fu_1939_p2    |      icmp|   0|  0|  23|          16|           1|
    |icmp_ln51_22_fu_1951_p2    |      icmp|   0|  0|  23|          16|           1|
    |icmp_ln51_23_fu_1963_p2    |      icmp|   0|  0|  23|          16|           1|
    |icmp_ln51_24_fu_1975_p2    |      icmp|   0|  0|  23|          16|           1|
    |icmp_ln51_25_fu_1987_p2    |      icmp|   0|  0|  23|          16|           1|
    |icmp_ln51_26_fu_1999_p2    |      icmp|   0|  0|  23|          16|           1|
    |icmp_ln51_27_fu_2011_p2    |      icmp|   0|  0|  23|          16|           1|
    |icmp_ln51_28_fu_2023_p2    |      icmp|   0|  0|  23|          16|           1|
    |icmp_ln51_29_fu_2035_p2    |      icmp|   0|  0|  23|          16|           1|
    |icmp_ln51_2_fu_1711_p2     |      icmp|   0|  0|  23|          16|           1|
    |icmp_ln51_30_fu_2047_p2    |      icmp|   0|  0|  23|          16|           1|
    |icmp_ln51_31_fu_2059_p2    |      icmp|   0|  0|  23|          16|           1|
    |icmp_ln51_32_fu_2071_p2    |      icmp|   0|  0|  23|          16|           1|
    |icmp_ln51_33_fu_2083_p2    |      icmp|   0|  0|  23|          16|           1|
    |icmp_ln51_34_fu_2095_p2    |      icmp|   0|  0|  23|          16|           1|
    |icmp_ln51_35_fu_2107_p2    |      icmp|   0|  0|  23|          16|           1|
    |icmp_ln51_36_fu_2119_p2    |      icmp|   0|  0|  23|          16|           1|
    |icmp_ln51_37_fu_2131_p2    |      icmp|   0|  0|  23|          16|           1|
    |icmp_ln51_38_fu_2143_p2    |      icmp|   0|  0|  23|          16|           1|
    |icmp_ln51_39_fu_2155_p2    |      icmp|   0|  0|  23|          16|           1|
    |icmp_ln51_3_fu_1723_p2     |      icmp|   0|  0|  23|          16|           1|
    |icmp_ln51_40_fu_2167_p2    |      icmp|   0|  0|  23|          16|           1|
    |icmp_ln51_41_fu_2179_p2    |      icmp|   0|  0|  23|          16|           1|
    |icmp_ln51_42_fu_2191_p2    |      icmp|   0|  0|  23|          16|           1|
    |icmp_ln51_43_fu_2203_p2    |      icmp|   0|  0|  23|          16|           1|
    |icmp_ln51_44_fu_2215_p2    |      icmp|   0|  0|  23|          16|           1|
    |icmp_ln51_45_fu_2227_p2    |      icmp|   0|  0|  23|          16|           1|
    |icmp_ln51_46_fu_2239_p2    |      icmp|   0|  0|  23|          16|           1|
    |icmp_ln51_47_fu_2251_p2    |      icmp|   0|  0|  23|          16|           1|
    |icmp_ln51_48_fu_2263_p2    |      icmp|   0|  0|  23|          16|           1|
    |icmp_ln51_49_fu_2275_p2    |      icmp|   0|  0|  23|          16|           1|
    |icmp_ln51_4_fu_1735_p2     |      icmp|   0|  0|  23|          16|           1|
    |icmp_ln51_50_fu_2287_p2    |      icmp|   0|  0|  23|          16|           1|
    |icmp_ln51_51_fu_2299_p2    |      icmp|   0|  0|  23|          16|           1|
    |icmp_ln51_52_fu_2311_p2    |      icmp|   0|  0|  23|          16|           1|
    |icmp_ln51_53_fu_2323_p2    |      icmp|   0|  0|  23|          16|           1|
    |icmp_ln51_54_fu_2335_p2    |      icmp|   0|  0|  23|          16|           1|
    |icmp_ln51_55_fu_2347_p2    |      icmp|   0|  0|  23|          16|           1|
    |icmp_ln51_56_fu_2359_p2    |      icmp|   0|  0|  23|          16|           1|
    |icmp_ln51_57_fu_2371_p2    |      icmp|   0|  0|  23|          16|           1|
    |icmp_ln51_58_fu_2383_p2    |      icmp|   0|  0|  23|          16|           1|
    |icmp_ln51_59_fu_2395_p2    |      icmp|   0|  0|  23|          16|           1|
    |icmp_ln51_5_fu_1747_p2     |      icmp|   0|  0|  23|          16|           1|
    |icmp_ln51_60_fu_2407_p2    |      icmp|   0|  0|  23|          16|           1|
    |icmp_ln51_61_fu_2419_p2    |      icmp|   0|  0|  23|          16|           1|
    |icmp_ln51_62_fu_2431_p2    |      icmp|   0|  0|  23|          16|           1|
    |icmp_ln51_63_fu_2443_p2    |      icmp|   0|  0|  23|          16|           1|
    |icmp_ln51_6_fu_1759_p2     |      icmp|   0|  0|  23|          16|           1|
    |icmp_ln51_7_fu_1771_p2     |      icmp|   0|  0|  23|          16|           1|
    |icmp_ln51_8_fu_1783_p2     |      icmp|   0|  0|  23|          16|           1|
    |icmp_ln51_9_fu_1795_p2     |      icmp|   0|  0|  23|          16|           1|
    |icmp_ln51_fu_1687_p2       |      icmp|   0|  0|  23|          16|           1|
    |ap_block_state1            |        or|   0|  0|   2|           1|           1|
    |select_ln51_10_fu_1812_p3  |    select|   0|  0|  15|           1|          15|
    |select_ln51_11_fu_1824_p3  |    select|   0|  0|  15|           1|          15|
    |select_ln51_12_fu_1836_p3  |    select|   0|  0|  15|           1|          15|
    |select_ln51_13_fu_1848_p3  |    select|   0|  0|  15|           1|          15|
    |select_ln51_14_fu_1860_p3  |    select|   0|  0|  15|           1|          15|
    |select_ln51_15_fu_1872_p3  |    select|   0|  0|  15|           1|          15|
    |select_ln51_16_fu_1884_p3  |    select|   0|  0|  15|           1|          15|
    |select_ln51_17_fu_1896_p3  |    select|   0|  0|  15|           1|          15|
    |select_ln51_18_fu_1908_p3  |    select|   0|  0|  15|           1|          15|
    |select_ln51_19_fu_1920_p3  |    select|   0|  0|  15|           1|          15|
    |select_ln51_1_fu_1704_p3   |    select|   0|  0|  15|           1|          15|
    |select_ln51_20_fu_1932_p3  |    select|   0|  0|  15|           1|          15|
    |select_ln51_21_fu_1944_p3  |    select|   0|  0|  15|           1|          15|
    |select_ln51_22_fu_1956_p3  |    select|   0|  0|  15|           1|          15|
    |select_ln51_23_fu_1968_p3  |    select|   0|  0|  15|           1|          15|
    |select_ln51_24_fu_1980_p3  |    select|   0|  0|  15|           1|          15|
    |select_ln51_25_fu_1992_p3  |    select|   0|  0|  15|           1|          15|
    |select_ln51_26_fu_2004_p3  |    select|   0|  0|  15|           1|          15|
    |select_ln51_27_fu_2016_p3  |    select|   0|  0|  15|           1|          15|
    |select_ln51_28_fu_2028_p3  |    select|   0|  0|  15|           1|          15|
    |select_ln51_29_fu_2040_p3  |    select|   0|  0|  15|           1|          15|
    |select_ln51_2_fu_1716_p3   |    select|   0|  0|  15|           1|          15|
    |select_ln51_30_fu_2052_p3  |    select|   0|  0|  15|           1|          15|
    |select_ln51_31_fu_2064_p3  |    select|   0|  0|  15|           1|          15|
    |select_ln51_32_fu_2076_p3  |    select|   0|  0|  15|           1|          15|
    |select_ln51_33_fu_2088_p3  |    select|   0|  0|  15|           1|          15|
    |select_ln51_34_fu_2100_p3  |    select|   0|  0|  15|           1|          15|
    |select_ln51_35_fu_2112_p3  |    select|   0|  0|  15|           1|          15|
    |select_ln51_36_fu_2124_p3  |    select|   0|  0|  15|           1|          15|
    |select_ln51_37_fu_2136_p3  |    select|   0|  0|  15|           1|          15|
    |select_ln51_38_fu_2148_p3  |    select|   0|  0|  15|           1|          15|
    |select_ln51_39_fu_2160_p3  |    select|   0|  0|  15|           1|          15|
    |select_ln51_3_fu_1728_p3   |    select|   0|  0|  15|           1|          15|
    |select_ln51_40_fu_2172_p3  |    select|   0|  0|  15|           1|          15|
    |select_ln51_41_fu_2184_p3  |    select|   0|  0|  15|           1|          15|
    |select_ln51_42_fu_2196_p3  |    select|   0|  0|  15|           1|          15|
    |select_ln51_43_fu_2208_p3  |    select|   0|  0|  15|           1|          15|
    |select_ln51_44_fu_2220_p3  |    select|   0|  0|  15|           1|          15|
    |select_ln51_45_fu_2232_p3  |    select|   0|  0|  15|           1|          15|
    |select_ln51_46_fu_2244_p3  |    select|   0|  0|  15|           1|          15|
    |select_ln51_47_fu_2256_p3  |    select|   0|  0|  15|           1|          15|
    |select_ln51_48_fu_2268_p3  |    select|   0|  0|  15|           1|          15|
    |select_ln51_49_fu_2280_p3  |    select|   0|  0|  15|           1|          15|
    |select_ln51_4_fu_1740_p3   |    select|   0|  0|  15|           1|          15|
    |select_ln51_50_fu_2292_p3  |    select|   0|  0|  15|           1|          15|
    |select_ln51_51_fu_2304_p3  |    select|   0|  0|  15|           1|          15|
    |select_ln51_52_fu_2316_p3  |    select|   0|  0|  15|           1|          15|
    |select_ln51_53_fu_2328_p3  |    select|   0|  0|  15|           1|          15|
    |select_ln51_54_fu_2340_p3  |    select|   0|  0|  15|           1|          15|
    |select_ln51_55_fu_2352_p3  |    select|   0|  0|  15|           1|          15|
    |select_ln51_56_fu_2364_p3  |    select|   0|  0|  15|           1|          15|
    |select_ln51_57_fu_2376_p3  |    select|   0|  0|  15|           1|          15|
    |select_ln51_58_fu_2388_p3  |    select|   0|  0|  15|           1|          15|
    |select_ln51_59_fu_2400_p3  |    select|   0|  0|  15|           1|          15|
    |select_ln51_5_fu_1752_p3   |    select|   0|  0|  15|           1|          15|
    |select_ln51_60_fu_2412_p3  |    select|   0|  0|  15|           1|          15|
    |select_ln51_61_fu_2424_p3  |    select|   0|  0|  15|           1|          15|
    |select_ln51_62_fu_2436_p3  |    select|   0|  0|  15|           1|          15|
    |select_ln51_63_fu_2448_p3  |    select|   0|  0|  15|           1|          15|
    |select_ln51_6_fu_1764_p3   |    select|   0|  0|  15|           1|          15|
    |select_ln51_7_fu_1776_p3   |    select|   0|  0|  15|           1|          15|
    |select_ln51_8_fu_1788_p3   |    select|   0|  0|  15|           1|          15|
    |select_ln51_9_fu_1800_p3   |    select|   0|  0|  15|           1|          15|
    |select_ln51_fu_1692_p3     |    select|   0|  0|  15|           1|          15|
    +---------------------------+----------+----+---+----+------------+------------+
    |Total                      |          |   0|  0|2434|        1089|        1025|
    +---------------------------+----------+----+---+----+------------+------------+

    * Multiplexer: 
    +------------------+----+-----------+-----+-----------+
    |       Name       | LUT| Input Size| Bits| Total Bits|
    +------------------+----+-----------+-----+-----------+
    |ap_NS_fsm         |  20|          4|    1|          4|
    |ap_done           |   9|          2|    1|          2|
    |layer2_out_blk_n  |   9|          2|    1|          2|
    |layer3_out_blk_n  |   9|          2|    1|          2|
    |real_start        |   9|          2|    1|          2|
    +------------------+----+-----------+-----+-----------+
    |Total             |  56|         12|    5|         12|
    +------------------+----+-----------+-----+-----------+

    * Register: 
    +-------------------------+----+----+-----+-----------+
    |           Name          | FF | LUT| Bits| Const Bits|
    +-------------------------+----+----+-----+-----------+
    |ap_CS_fsm                |   3|   0|    3|          0|
    |ap_done_reg              |   1|   0|    1|          0|
    |in_data_4_reg_2800       |  16|   0|   16|          0|
    |in_data_5_reg_2810       |  16|   0|   16|          0|
    |in_data_6_reg_2820       |  16|   0|   16|          0|
    |in_data_reg_2780         |  16|   0|   16|          0|
    |select_ln51_10_reg_3470  |  15|   0|   15|          0|
    |select_ln51_11_reg_3475  |  15|   0|   15|          0|
    |select_ln51_12_reg_3480  |  15|   0|   15|          0|
    |select_ln51_13_reg_3485  |  15|   0|   15|          0|
    |select_ln51_14_reg_3490  |  15|   0|   15|          0|
    |select_ln51_15_reg_3495  |  15|   0|   15|          0|
    |select_ln51_16_reg_3500  |  15|   0|   15|          0|
    |select_ln51_17_reg_3505  |  15|   0|   15|          0|
    |select_ln51_18_reg_3510  |  15|   0|   15|          0|
    |select_ln51_19_reg_3515  |  15|   0|   15|          0|
    |select_ln51_1_reg_3425   |  15|   0|   15|          0|
    |select_ln51_20_reg_3520  |  15|   0|   15|          0|
    |select_ln51_21_reg_3525  |  15|   0|   15|          0|
    |select_ln51_22_reg_3530  |  15|   0|   15|          0|
    |select_ln51_23_reg_3535  |  15|   0|   15|          0|
    |select_ln51_24_reg_3540  |  15|   0|   15|          0|
    |select_ln51_25_reg_3545  |  15|   0|   15|          0|
    |select_ln51_26_reg_3550  |  15|   0|   15|          0|
    |select_ln51_27_reg_3555  |  15|   0|   15|          0|
    |select_ln51_28_reg_3560  |  15|   0|   15|          0|
    |select_ln51_29_reg_3565  |  15|   0|   15|          0|
    |select_ln51_2_reg_3430   |  15|   0|   15|          0|
    |select_ln51_30_reg_3570  |  15|   0|   15|          0|
    |select_ln51_31_reg_3575  |  15|   0|   15|          0|
    |select_ln51_32_reg_3580  |  15|   0|   15|          0|
    |select_ln51_33_reg_3585  |  15|   0|   15|          0|
    |select_ln51_34_reg_3590  |  15|   0|   15|          0|
    |select_ln51_35_reg_3595  |  15|   0|   15|          0|
    |select_ln51_36_reg_3600  |  15|   0|   15|          0|
    |select_ln51_37_reg_3605  |  15|   0|   15|          0|
    |select_ln51_38_reg_3610  |  15|   0|   15|          0|
    |select_ln51_39_reg_3615  |  15|   0|   15|          0|
    |select_ln51_3_reg_3435   |  15|   0|   15|          0|
    |select_ln51_40_reg_3620  |  15|   0|   15|          0|
    |select_ln51_41_reg_3625  |  15|   0|   15|          0|
    |select_ln51_42_reg_3630  |  15|   0|   15|          0|
    |select_ln51_43_reg_3635  |  15|   0|   15|          0|
    |select_ln51_44_reg_3640  |  15|   0|   15|          0|
    |select_ln51_45_reg_3645  |  15|   0|   15|          0|
    |select_ln51_46_reg_3650  |  15|   0|   15|          0|
    |select_ln51_47_reg_3655  |  15|   0|   15|          0|
    |select_ln51_48_reg_3660  |  15|   0|   15|          0|
    |select_ln51_49_reg_3665  |  15|   0|   15|          0|
    |select_ln51_4_reg_3440   |  15|   0|   15|          0|
    |select_ln51_50_reg_3670  |  15|   0|   15|          0|
    |select_ln51_51_reg_3675  |  15|   0|   15|          0|
    |select_ln51_52_reg_3680  |  15|   0|   15|          0|
    |select_ln51_53_reg_3685  |  15|   0|   15|          0|
    |select_ln51_54_reg_3690  |  15|   0|   15|          0|
    |select_ln51_55_reg_3695  |  15|   0|   15|          0|
    |select_ln51_56_reg_3700  |  15|   0|   15|          0|
    |select_ln51_57_reg_3705  |  15|   0|   15|          0|
    |select_ln51_58_reg_3710  |  15|   0|   15|          0|
    |select_ln51_59_reg_3715  |  15|   0|   15|          0|
    |select_ln51_5_reg_3445   |  15|   0|   15|          0|
    |select_ln51_60_reg_3720  |  15|   0|   15|          0|
    |select_ln51_61_reg_3725  |  15|   0|   15|          0|
    |select_ln51_62_reg_3730  |  15|   0|   15|          0|
    |select_ln51_63_reg_3735  |  15|   0|   15|          0|
    |select_ln51_6_reg_3450   |  15|   0|   15|          0|
    |select_ln51_7_reg_3455   |  15|   0|   15|          0|
    |select_ln51_8_reg_3460   |  15|   0|   15|          0|
    |select_ln51_9_reg_3465   |  15|   0|   15|          0|
    |select_ln51_reg_3420     |  15|   0|   15|          0|
    |start_once_reg           |   1|   0|    1|          0|
    |tmp_10_reg_2940          |  16|   0|   16|          0|
    |tmp_11_reg_2950          |  16|   0|   16|          0|
    |tmp_12_reg_2960          |  16|   0|   16|          0|
    |tmp_13_reg_2970          |  16|   0|   16|          0|
    |tmp_14_reg_2980          |  16|   0|   16|          0|
    |tmp_15_reg_2990          |  16|   0|   16|          0|
    |tmp_16_reg_3000          |  16|   0|   16|          0|
    |tmp_17_reg_3010          |  16|   0|   16|          0|
    |tmp_18_reg_3020          |  16|   0|   16|          0|
    |tmp_19_reg_3030          |  16|   0|   16|          0|
    |tmp_1_reg_2880           |  16|   0|   16|          0|
    |tmp_20_reg_3040          |  16|   0|   16|          0|
    |tmp_21_reg_3050          |  16|   0|   16|          0|
    |tmp_22_reg_3060          |  16|   0|   16|          0|
    |tmp_23_reg_3070          |  16|   0|   16|          0|
    |tmp_24_reg_3080          |  16|   0|   16|          0|
    |tmp_25_reg_3090          |  16|   0|   16|          0|
    |tmp_26_reg_3100          |  16|   0|   16|          0|
    |tmp_27_reg_3110          |  16|   0|   16|          0|
    |tmp_28_reg_3120          |  16|   0|   16|          0|
    |tmp_29_reg_3130          |  16|   0|   16|          0|
    |tmp_2_reg_2890           |  16|   0|   16|          0|
    |tmp_30_reg_3140          |  16|   0|   16|          0|
    |tmp_31_reg_3150          |  16|   0|   16|          0|
    |tmp_32_reg_3160          |  16|   0|   16|          0|
    |tmp_33_reg_3170          |  16|   0|   16|          0|
    |tmp_34_reg_3180          |  16|   0|   16|          0|
    |tmp_35_reg_3190          |  16|   0|   16|          0|
    |tmp_36_reg_3200          |  16|   0|   16|          0|
    |tmp_37_reg_3210          |  16|   0|   16|          0|
    |tmp_38_reg_3220          |  16|   0|   16|          0|
    |tmp_39_reg_3230          |  16|   0|   16|          0|
    |tmp_3_reg_2900           |  16|   0|   16|          0|
    |tmp_40_reg_3240          |  16|   0|   16|          0|
    |tmp_41_reg_3250          |  16|   0|   16|          0|
    |tmp_42_reg_3260          |  16|   0|   16|          0|
    |tmp_43_reg_3270          |  16|   0|   16|          0|
    |tmp_44_reg_3280          |  16|   0|   16|          0|
    |tmp_45_reg_3290          |  16|   0|   16|          0|
    |tmp_46_reg_3300          |  16|   0|   16|          0|
    |tmp_47_reg_3310          |  16|   0|   16|          0|
    |tmp_48_reg_3320          |  16|   0|   16|          0|
    |tmp_49_reg_3330          |  16|   0|   16|          0|
    |tmp_4_reg_2910           |  16|   0|   16|          0|
    |tmp_50_reg_3340          |  16|   0|   16|          0|
    |tmp_51_reg_3350          |  16|   0|   16|          0|
    |tmp_52_reg_3360          |  16|   0|   16|          0|
    |tmp_53_reg_3370          |  16|   0|   16|          0|
    |tmp_54_reg_3380          |  16|   0|   16|          0|
    |tmp_55_reg_3390          |  16|   0|   16|          0|
    |tmp_56_reg_3400          |  16|   0|   16|          0|
    |tmp_5_reg_2920           |  16|   0|   16|          0|
    |tmp_6_reg_2930           |  16|   0|   16|          0|
    |tmp_7_reg_2850           |  16|   0|   16|          0|
    |tmp_8_reg_2860           |  16|   0|   16|          0|
    |tmp_9_reg_2870           |  16|   0|   16|          0|
    |tmp_reg_2830             |  16|   0|   16|          0|
    |tmp_s_reg_2840           |  16|   0|   16|          0|
    |trunc_ln44_10_reg_2875   |  15|   0|   15|          0|
    |trunc_ln44_11_reg_2885   |  15|   0|   15|          0|
    |trunc_ln44_12_reg_2895   |  15|   0|   15|          0|
    |trunc_ln44_13_reg_2905   |  15|   0|   15|          0|
    |trunc_ln44_14_reg_2915   |  15|   0|   15|          0|
    |trunc_ln44_15_reg_2925   |  15|   0|   15|          0|
    |trunc_ln44_16_reg_2935   |  15|   0|   15|          0|
    |trunc_ln44_17_reg_2945   |  15|   0|   15|          0|
    |trunc_ln44_18_reg_2955   |  15|   0|   15|          0|
    |trunc_ln44_19_reg_2965   |  15|   0|   15|          0|
    |trunc_ln44_1_reg_2785    |  15|   0|   15|          0|
    |trunc_ln44_20_reg_2975   |  15|   0|   15|          0|
    |trunc_ln44_21_reg_2985   |  15|   0|   15|          0|
    |trunc_ln44_22_reg_2995   |  15|   0|   15|          0|
    |trunc_ln44_23_reg_3005   |  15|   0|   15|          0|
    |trunc_ln44_24_reg_3015   |  15|   0|   15|          0|
    |trunc_ln44_25_reg_3025   |  15|   0|   15|          0|
    |trunc_ln44_26_reg_3035   |  15|   0|   15|          0|
    |trunc_ln44_27_reg_3045   |  15|   0|   15|          0|
    |trunc_ln44_28_reg_3055   |  15|   0|   15|          0|
    |trunc_ln44_29_reg_3065   |  15|   0|   15|          0|
    |trunc_ln44_2_reg_2790    |  16|   0|   16|          0|
    |trunc_ln44_30_reg_3075   |  15|   0|   15|          0|
    |trunc_ln44_31_reg_3085   |  15|   0|   15|          0|
    |trunc_ln44_32_reg_3095   |  15|   0|   15|          0|
    |trunc_ln44_33_reg_3105   |  15|   0|   15|          0|
    |trunc_ln44_34_reg_3115   |  15|   0|   15|          0|
    |trunc_ln44_35_reg_3125   |  15|   0|   15|          0|
    |trunc_ln44_36_reg_3135   |  15|   0|   15|          0|
    |trunc_ln44_37_reg_3145   |  15|   0|   15|          0|
    |trunc_ln44_38_reg_3155   |  15|   0|   15|          0|
    |trunc_ln44_39_reg_3165   |  15|   0|   15|          0|
    |trunc_ln44_3_reg_2795    |  16|   0|   16|          0|
    |trunc_ln44_40_reg_3175   |  15|   0|   15|          0|
    |trunc_ln44_41_reg_3185   |  15|   0|   15|          0|
    |trunc_ln44_42_reg_3195   |  15|   0|   15|          0|
    |trunc_ln44_43_reg_3205   |  15|   0|   15|          0|
    |trunc_ln44_44_reg_3215   |  15|   0|   15|          0|
    |trunc_ln44_45_reg_3225   |  15|   0|   15|          0|
    |trunc_ln44_46_reg_3235   |  15|   0|   15|          0|
    |trunc_ln44_47_reg_3245   |  15|   0|   15|          0|
    |trunc_ln44_48_reg_3255   |  15|   0|   15|          0|
    |trunc_ln44_49_reg_3265   |  15|   0|   15|          0|
    |trunc_ln44_4_reg_2815    |  15|   0|   15|          0|
    |trunc_ln44_50_reg_3275   |  15|   0|   15|          0|
    |trunc_ln44_51_reg_3285   |  15|   0|   15|          0|
    |trunc_ln44_52_reg_3295   |  15|   0|   15|          0|
    |trunc_ln44_53_reg_3305   |  15|   0|   15|          0|
    |trunc_ln44_54_reg_3315   |  15|   0|   15|          0|
    |trunc_ln44_55_reg_3325   |  15|   0|   15|          0|
    |trunc_ln44_56_reg_3335   |  15|   0|   15|          0|
    |trunc_ln44_57_reg_3345   |  15|   0|   15|          0|
    |trunc_ln44_58_reg_3355   |  15|   0|   15|          0|
    |trunc_ln44_59_reg_3365   |  15|   0|   15|          0|
    |trunc_ln44_5_reg_2825    |  15|   0|   15|          0|
    |trunc_ln44_60_reg_3375   |  15|   0|   15|          0|
    |trunc_ln44_61_reg_3385   |  15|   0|   15|          0|
    |trunc_ln44_62_reg_3395   |  15|   0|   15|          0|
    |trunc_ln44_63_reg_3405   |  15|   0|   15|          0|
    |trunc_ln44_64_reg_3410   |  15|   0|   15|          0|
    |trunc_ln44_6_reg_2835    |  15|   0|   15|          0|
    |trunc_ln44_7_reg_2845    |  15|   0|   15|          0|
    |trunc_ln44_8_reg_2855    |  15|   0|   15|          0|
    |trunc_ln44_9_reg_2865    |  15|   0|   15|          0|
    |trunc_ln44_s_reg_2805    |  15|   0|   15|          0|
    |trunc_ln_reg_3415        |  15|   0|   15|          0|
    +-------------------------+----+----+-----+-----------+
    |Total                    |2949|   0| 2949|          0|
    +-------------------------+----+----+-----+-----------+



================================================================
== Interface
================================================================
* Summary: 
+---------------------------+-----+------+------------+------------------------------------------------------------------------+--------------+
|         RTL Ports         | Dir | Bits |  Protocol  |                              Source Object                             |    C Type    |
+---------------------------+-----+------+------------+------------------------------------------------------------------------+--------------+
|ap_clk                     |   in|     1|  ap_ctrl_hs|  relu<array<ap_fixed,64u>,array<ap_fixed<16,6,5,3,0>,64u>,relu_config3>|  return value|
|ap_rst                     |   in|     1|  ap_ctrl_hs|  relu<array<ap_fixed,64u>,array<ap_fixed<16,6,5,3,0>,64u>,relu_config3>|  return value|
|ap_start                   |   in|     1|  ap_ctrl_hs|  relu<array<ap_fixed,64u>,array<ap_fixed<16,6,5,3,0>,64u>,relu_config3>|  return value|
|start_full_n               |   in|     1|  ap_ctrl_hs|  relu<array<ap_fixed,64u>,array<ap_fixed<16,6,5,3,0>,64u>,relu_config3>|  return value|
|ap_done                    |  out|     1|  ap_ctrl_hs|  relu<array<ap_fixed,64u>,array<ap_fixed<16,6,5,3,0>,64u>,relu_config3>|  return value|
|ap_continue                |   in|     1|  ap_ctrl_hs|  relu<array<ap_fixed,64u>,array<ap_fixed<16,6,5,3,0>,64u>,relu_config3>|  return value|
|ap_idle                    |  out|     1|  ap_ctrl_hs|  relu<array<ap_fixed,64u>,array<ap_fixed<16,6,5,3,0>,64u>,relu_config3>|  return value|
|ap_ready                   |  out|     1|  ap_ctrl_hs|  relu<array<ap_fixed,64u>,array<ap_fixed<16,6,5,3,0>,64u>,relu_config3>|  return value|
|start_out                  |  out|     1|  ap_ctrl_hs|  relu<array<ap_fixed,64u>,array<ap_fixed<16,6,5,3,0>,64u>,relu_config3>|  return value|
|start_write                |  out|     1|  ap_ctrl_hs|  relu<array<ap_fixed,64u>,array<ap_fixed<16,6,5,3,0>,64u>,relu_config3>|  return value|
|layer2_out_dout            |   in|  1024|     ap_fifo|                                                              layer2_out|       pointer|
|layer2_out_num_data_valid  |   in|     2|     ap_fifo|                                                              layer2_out|       pointer|
|layer2_out_fifo_cap        |   in|     2|     ap_fifo|                                                              layer2_out|       pointer|
|layer2_out_empty_n         |   in|     1|     ap_fifo|                                                              layer2_out|       pointer|
|layer2_out_read            |  out|     1|     ap_fifo|                                                              layer2_out|       pointer|
|layer3_out_din             |  out|  1024|     ap_fifo|                                                              layer3_out|       pointer|
|layer3_out_num_data_valid  |   in|     2|     ap_fifo|                                                              layer3_out|       pointer|
|layer3_out_fifo_cap        |   in|     2|     ap_fifo|                                                              layer3_out|       pointer|
|layer3_out_full_n          |   in|     1|     ap_fifo|                                                              layer3_out|       pointer|
|layer3_out_write           |  out|     1|     ap_fifo|                                                              layer3_out|       pointer|
+---------------------------+-----+------+------------+------------------------------------------------------------------------+--------------+

============================================================
+ Verbose Summary: Synthesis Manager
============================================================
InlineROM: 1
ExposeGlobal: 0
============================================================
+ Verbose Summary: CDFG Model
============================================================
IsTopModel: 0
ResetActiveHigh: 1
IsCombinational: 2
IsDatapathOnly: 0
HasWiredReturn: 1
HasMFsm: 0
HasVarLatency: 1
IsPipeline: 0
IsRtlPipelined: 0
IsInstanceOverlapped: 0
IsDontTouch: 0
HasImplIP: 0
IsGatedGlobalClock: 0


============================================================
+ Verbose Summary: Schedule
============================================================
* Number of FSM states : 3
* Pipeline : 0
* Dataflow Pipeline: 0

* FSM state transitions: 
1 --> 2 
2 --> 3 
3 --> 

* FSM state operations: 

State 1 <SV = 0> <Delay = 1.82>
ST_1 : Operation 4 [1/1] (1.82ns)   --->   "%layer2_out_read = read i1024 @_ssdm_op_Read.ap_fifo.volatile.i1024P0A, i1024 %layer2_out" [firmware/nnet_utils/nnet_activation_stream.h:44]   --->   Operation 4 'read' 'layer2_out_read' <Predicate = true> <Delay = 1.82> <CoreInst = "FIFO_SRL">   --->   Core 81 'FIFO_SRL' <Latency = 0> <II = 1> <Delay = 3.63> <Storage> <Opcode : 'read' 'write' 'nbread' 'nbwrite'> <Ports = 0> <Width = 1024> <Depth = 1> <FIFO>
ST_1 : Operation 5 [1/1] (0.00ns)   --->   "%in_data = trunc i1024 %layer2_out_read" [firmware/nnet_utils/nnet_activation_stream.h:44]   --->   Operation 5 'trunc' 'in_data' <Predicate = true> <Delay = 0.00>
ST_1 : Operation 6 [1/1] (0.00ns)   --->   "%trunc_ln44_1 = trunc i1024 %layer2_out_read" [firmware/nnet_utils/nnet_activation_stream.h:44]   --->   Operation 6 'trunc' 'trunc_ln44_1' <Predicate = true> <Delay = 0.00>
ST_1 : Operation 7 [1/1] (0.00ns)   --->   "%trunc_ln44_2 = partselect i16 @_ssdm_op_PartSelect.i16.i1024.i32.i32, i1024 %layer2_out_read, i32 992, i32 1007" [firmware/nnet_utils/nnet_activation_stream.h:44]   --->   Operation 7 'partselect' 'trunc_ln44_2' <Predicate = true> <Delay = 0.00>
ST_1 : Operation 8 [1/1] (0.00ns)   --->   "%trunc_ln44_3 = partselect i16 @_ssdm_op_PartSelect.i16.i1024.i32.i32, i1024 %layer2_out_read, i32 1008, i32 1023" [firmware/nnet_utils/nnet_activation_stream.h:44]   --->   Operation 8 'partselect' 'trunc_ln44_3' <Predicate = true> <Delay = 0.00>
ST_1 : Operation 9 [1/1] (0.00ns)   --->   "%in_data_4 = partselect i16 @_ssdm_op_PartSelect.i16.i1024.i32.i32, i1024 %layer2_out_read, i32 16, i32 31" [firmware/nnet_utils/nnet_activation_stream.h:44]   --->   Operation 9 'partselect' 'in_data_4' <Predicate = true> <Delay = 0.00>
ST_1 : Operation 10 [1/1] (0.00ns)   --->   "%trunc_ln44_s = partselect i15 @_ssdm_op_PartSelect.i15.i1024.i32.i32, i1024 %layer2_out_read, i32 16, i32 30" [firmware/nnet_utils/nnet_activation_stream.h:44]   --->   Operation 10 'partselect' 'trunc_ln44_s' <Predicate = true> <Delay = 0.00>
ST_1 : Operation 11 [1/1] (0.00ns)   --->   "%in_data_5 = partselect i16 @_ssdm_op_PartSelect.i16.i1024.i32.i32, i1024 %layer2_out_read, i32 32, i32 47" [firmware/nnet_utils/nnet_activation_stream.h:44]   --->   Operation 11 'partselect' 'in_data_5' <Predicate = true> <Delay = 0.00>
ST_1 : Operation 12 [1/1] (0.00ns)   --->   "%trunc_ln44_4 = partselect i15 @_ssdm_op_PartSelect.i15.i1024.i32.i32, i1024 %layer2_out_read, i32 32, i32 46" [firmware/nnet_utils/nnet_activation_stream.h:44]   --->   Operation 12 'partselect' 'trunc_ln44_4' <Predicate = true> <Delay = 0.00>
ST_1 : Operation 13 [1/1] (0.00ns)   --->   "%in_data_6 = partselect i16 @_ssdm_op_PartSelect.i16.i1024.i32.i32, i1024 %layer2_out_read, i32 48, i32 63" [firmware/nnet_utils/nnet_activation_stream.h:44]   --->   Operation 13 'partselect' 'in_data_6' <Predicate = true> <Delay = 0.00>
ST_1 : Operation 14 [1/1] (0.00ns)   --->   "%trunc_ln44_5 = partselect i15 @_ssdm_op_PartSelect.i15.i1024.i32.i32, i1024 %layer2_out_read, i32 48, i32 62" [firmware/nnet_utils/nnet_activation_stream.h:44]   --->   Operation 14 'partselect' 'trunc_ln44_5' <Predicate = true> <Delay = 0.00>
ST_1 : Operation 15 [1/1] (0.00ns)   --->   "%tmp = partselect i16 @_ssdm_op_PartSelect.i16.i1024.i32.i32, i1024 %layer2_out_read, i32 64, i32 79" [firmware/nnet_utils/nnet_activation_stream.h:44]   --->   Operation 15 'partselect' 'tmp' <Predicate = true> <Delay = 0.00>
ST_1 : Operation 16 [1/1] (0.00ns)   --->   "%trunc_ln44_6 = partselect i15 @_ssdm_op_PartSelect.i15.i1024.i32.i32, i1024 %layer2_out_read, i32 64, i32 78" [firmware/nnet_utils/nnet_activation_stream.h:44]   --->   Operation 16 'partselect' 'trunc_ln44_6' <Predicate = true> <Delay = 0.00>
ST_1 : Operation 17 [1/1] (0.00ns)   --->   "%tmp_s = partselect i16 @_ssdm_op_PartSelect.i16.i1024.i32.i32, i1024 %layer2_out_read, i32 80, i32 95" [firmware/nnet_utils/nnet_activation_stream.h:44]   --->   Operation 17 'partselect' 'tmp_s' <Predicate = true> <Delay = 0.00>
ST_1 : Operation 18 [1/1] (0.00ns)   --->   "%trunc_ln44_7 = partselect i15 @_ssdm_op_PartSelect.i15.i1024.i32.i32, i1024 %layer2_out_read, i32 80, i32 94" [firmware/nnet_utils/nnet_activation_stream.h:44]   --->   Operation 18 'partselect' 'trunc_ln44_7' <Predicate = true> <Delay = 0.00>
ST_1 : Operation 19 [1/1] (0.00ns)   --->   "%tmp_7 = partselect i16 @_ssdm_op_PartSelect.i16.i1024.i32.i32, i1024 %layer2_out_read, i32 96, i32 111" [firmware/nnet_utils/nnet_activation_stream.h:44]   --->   Operation 19 'partselect' 'tmp_7' <Predicate = true> <Delay = 0.00>
ST_1 : Operation 20 [1/1] (0.00ns)   --->   "%trunc_ln44_8 = partselect i15 @_ssdm_op_PartSelect.i15.i1024.i32.i32, i1024 %layer2_out_read, i32 96, i32 110" [firmware/nnet_utils/nnet_activation_stream.h:44]   --->   Operation 20 'partselect' 'trunc_ln44_8' <Predicate = true> <Delay = 0.00>
ST_1 : Operation 21 [1/1] (0.00ns)   --->   "%tmp_8 = partselect i16 @_ssdm_op_PartSelect.i16.i1024.i32.i32, i1024 %layer2_out_read, i32 112, i32 127" [firmware/nnet_utils/nnet_activation_stream.h:44]   --->   Operation 21 'partselect' 'tmp_8' <Predicate = true> <Delay = 0.00>
ST_1 : Operation 22 [1/1] (0.00ns)   --->   "%trunc_ln44_9 = partselect i15 @_ssdm_op_PartSelect.i15.i1024.i32.i32, i1024 %layer2_out_read, i32 112, i32 126" [firmware/nnet_utils/nnet_activation_stream.h:44]   --->   Operation 22 'partselect' 'trunc_ln44_9' <Predicate = true> <Delay = 0.00>
ST_1 : Operation 23 [1/1] (0.00ns)   --->   "%tmp_9 = partselect i16 @_ssdm_op_PartSelect.i16.i1024.i32.i32, i1024 %layer2_out_read, i32 128, i32 143" [firmware/nnet_utils/nnet_activation_stream.h:44]   --->   Operation 23 'partselect' 'tmp_9' <Predicate = true> <Delay = 0.00>
ST_1 : Operation 24 [1/1] (0.00ns)   --->   "%trunc_ln44_10 = partselect i15 @_ssdm_op_PartSelect.i15.i1024.i32.i32, i1024 %layer2_out_read, i32 128, i32 142" [firmware/nnet_utils/nnet_activation_stream.h:44]   --->   Operation 24 'partselect' 'trunc_ln44_10' <Predicate = true> <Delay = 0.00>
ST_1 : Operation 25 [1/1] (0.00ns)   --->   "%tmp_1 = partselect i16 @_ssdm_op_PartSelect.i16.i1024.i32.i32, i1024 %layer2_out_read, i32 144, i32 159" [firmware/nnet_utils/nnet_activation_stream.h:44]   --->   Operation 25 'partselect' 'tmp_1' <Predicate = true> <Delay = 0.00>
ST_1 : Operation 26 [1/1] (0.00ns)   --->   "%trunc_ln44_11 = partselect i15 @_ssdm_op_PartSelect.i15.i1024.i32.i32, i1024 %layer2_out_read, i32 144, i32 158" [firmware/nnet_utils/nnet_activation_stream.h:44]   --->   Operation 26 'partselect' 'trunc_ln44_11' <Predicate = true> <Delay = 0.00>
ST_1 : Operation 27 [1/1] (0.00ns)   --->   "%tmp_2 = partselect i16 @_ssdm_op_PartSelect.i16.i1024.i32.i32, i1024 %layer2_out_read, i32 160, i32 175" [firmware/nnet_utils/nnet_activation_stream.h:44]   --->   Operation 27 'partselect' 'tmp_2' <Predicate = true> <Delay = 0.00>
ST_1 : Operation 28 [1/1] (0.00ns)   --->   "%trunc_ln44_12 = partselect i15 @_ssdm_op_PartSelect.i15.i1024.i32.i32, i1024 %layer2_out_read, i32 160, i32 174" [firmware/nnet_utils/nnet_activation_stream.h:44]   --->   Operation 28 'partselect' 'trunc_ln44_12' <Predicate = true> <Delay = 0.00>
ST_1 : Operation 29 [1/1] (0.00ns)   --->   "%tmp_3 = partselect i16 @_ssdm_op_PartSelect.i16.i1024.i32.i32, i1024 %layer2_out_read, i32 176, i32 191" [firmware/nnet_utils/nnet_activation_stream.h:44]   --->   Operation 29 'partselect' 'tmp_3' <Predicate = true> <Delay = 0.00>
ST_1 : Operation 30 [1/1] (0.00ns)   --->   "%trunc_ln44_13 = partselect i15 @_ssdm_op_PartSelect.i15.i1024.i32.i32, i1024 %layer2_out_read, i32 176, i32 190" [firmware/nnet_utils/nnet_activation_stream.h:44]   --->   Operation 30 'partselect' 'trunc_ln44_13' <Predicate = true> <Delay = 0.00>
ST_1 : Operation 31 [1/1] (0.00ns)   --->   "%tmp_4 = partselect i16 @_ssdm_op_PartSelect.i16.i1024.i32.i32, i1024 %layer2_out_read, i32 192, i32 207" [firmware/nnet_utils/nnet_activation_stream.h:44]   --->   Operation 31 'partselect' 'tmp_4' <Predicate = true> <Delay = 0.00>
ST_1 : Operation 32 [1/1] (0.00ns)   --->   "%trunc_ln44_14 = partselect i15 @_ssdm_op_PartSelect.i15.i1024.i32.i32, i1024 %layer2_out_read, i32 192, i32 206" [firmware/nnet_utils/nnet_activation_stream.h:44]   --->   Operation 32 'partselect' 'trunc_ln44_14' <Predicate = true> <Delay = 0.00>
ST_1 : Operation 33 [1/1] (0.00ns)   --->   "%tmp_5 = partselect i16 @_ssdm_op_PartSelect.i16.i1024.i32.i32, i1024 %layer2_out_read, i32 208, i32 223" [firmware/nnet_utils/nnet_activation_stream.h:44]   --->   Operation 33 'partselect' 'tmp_5' <Predicate = true> <Delay = 0.00>
ST_1 : Operation 34 [1/1] (0.00ns)   --->   "%trunc_ln44_15 = partselect i15 @_ssdm_op_PartSelect.i15.i1024.i32.i32, i1024 %layer2_out_read, i32 208, i32 222" [firmware/nnet_utils/nnet_activation_stream.h:44]   --->   Operation 34 'partselect' 'trunc_ln44_15' <Predicate = true> <Delay = 0.00>
ST_1 : Operation 35 [1/1] (0.00ns)   --->   "%tmp_6 = partselect i16 @_ssdm_op_PartSelect.i16.i1024.i32.i32, i1024 %layer2_out_read, i32 224, i32 239" [firmware/nnet_utils/nnet_activation_stream.h:44]   --->   Operation 35 'partselect' 'tmp_6' <Predicate = true> <Delay = 0.00>
ST_1 : Operation 36 [1/1] (0.00ns)   --->   "%trunc_ln44_16 = partselect i15 @_ssdm_op_PartSelect.i15.i1024.i32.i32, i1024 %layer2_out_read, i32 224, i32 238" [firmware/nnet_utils/nnet_activation_stream.h:44]   --->   Operation 36 'partselect' 'trunc_ln44_16' <Predicate = true> <Delay = 0.00>
ST_1 : Operation 37 [1/1] (0.00ns)   --->   "%tmp_10 = partselect i16 @_ssdm_op_PartSelect.i16.i1024.i32.i32, i1024 %layer2_out_read, i32 240, i32 255" [firmware/nnet_utils/nnet_activation_stream.h:44]   --->   Operation 37 'partselect' 'tmp_10' <Predicate = true> <Delay = 0.00>
ST_1 : Operation 38 [1/1] (0.00ns)   --->   "%trunc_ln44_17 = partselect i15 @_ssdm_op_PartSelect.i15.i1024.i32.i32, i1024 %layer2_out_read, i32 240, i32 254" [firmware/nnet_utils/nnet_activation_stream.h:44]   --->   Operation 38 'partselect' 'trunc_ln44_17' <Predicate = true> <Delay = 0.00>
ST_1 : Operation 39 [1/1] (0.00ns)   --->   "%tmp_11 = partselect i16 @_ssdm_op_PartSelect.i16.i1024.i32.i32, i1024 %layer2_out_read, i32 256, i32 271" [firmware/nnet_utils/nnet_activation_stream.h:44]   --->   Operation 39 'partselect' 'tmp_11' <Predicate = true> <Delay = 0.00>
ST_1 : Operation 40 [1/1] (0.00ns)   --->   "%trunc_ln44_18 = partselect i15 @_ssdm_op_PartSelect.i15.i1024.i32.i32, i1024 %layer2_out_read, i32 256, i32 270" [firmware/nnet_utils/nnet_activation_stream.h:44]   --->   Operation 40 'partselect' 'trunc_ln44_18' <Predicate = true> <Delay = 0.00>
ST_1 : Operation 41 [1/1] (0.00ns)   --->   "%tmp_12 = partselect i16 @_ssdm_op_PartSelect.i16.i1024.i32.i32, i1024 %layer2_out_read, i32 272, i32 287" [firmware/nnet_utils/nnet_activation_stream.h:44]   --->   Operation 41 'partselect' 'tmp_12' <Predicate = true> <Delay = 0.00>
ST_1 : Operation 42 [1/1] (0.00ns)   --->   "%trunc_ln44_19 = partselect i15 @_ssdm_op_PartSelect.i15.i1024.i32.i32, i1024 %layer2_out_read, i32 272, i32 286" [firmware/nnet_utils/nnet_activation_stream.h:44]   --->   Operation 42 'partselect' 'trunc_ln44_19' <Predicate = true> <Delay = 0.00>
ST_1 : Operation 43 [1/1] (0.00ns)   --->   "%tmp_13 = partselect i16 @_ssdm_op_PartSelect.i16.i1024.i32.i32, i1024 %layer2_out_read, i32 288, i32 303" [firmware/nnet_utils/nnet_activation_stream.h:44]   --->   Operation 43 'partselect' 'tmp_13' <Predicate = true> <Delay = 0.00>
ST_1 : Operation 44 [1/1] (0.00ns)   --->   "%trunc_ln44_20 = partselect i15 @_ssdm_op_PartSelect.i15.i1024.i32.i32, i1024 %layer2_out_read, i32 288, i32 302" [firmware/nnet_utils/nnet_activation_stream.h:44]   --->   Operation 44 'partselect' 'trunc_ln44_20' <Predicate = true> <Delay = 0.00>
ST_1 : Operation 45 [1/1] (0.00ns)   --->   "%tmp_14 = partselect i16 @_ssdm_op_PartSelect.i16.i1024.i32.i32, i1024 %layer2_out_read, i32 304, i32 319" [firmware/nnet_utils/nnet_activation_stream.h:44]   --->   Operation 45 'partselect' 'tmp_14' <Predicate = true> <Delay = 0.00>
ST_1 : Operation 46 [1/1] (0.00ns)   --->   "%trunc_ln44_21 = partselect i15 @_ssdm_op_PartSelect.i15.i1024.i32.i32, i1024 %layer2_out_read, i32 304, i32 318" [firmware/nnet_utils/nnet_activation_stream.h:44]   --->   Operation 46 'partselect' 'trunc_ln44_21' <Predicate = true> <Delay = 0.00>
ST_1 : Operation 47 [1/1] (0.00ns)   --->   "%tmp_15 = partselect i16 @_ssdm_op_PartSelect.i16.i1024.i32.i32, i1024 %layer2_out_read, i32 320, i32 335" [firmware/nnet_utils/nnet_activation_stream.h:44]   --->   Operation 47 'partselect' 'tmp_15' <Predicate = true> <Delay = 0.00>
ST_1 : Operation 48 [1/1] (0.00ns)   --->   "%trunc_ln44_22 = partselect i15 @_ssdm_op_PartSelect.i15.i1024.i32.i32, i1024 %layer2_out_read, i32 320, i32 334" [firmware/nnet_utils/nnet_activation_stream.h:44]   --->   Operation 48 'partselect' 'trunc_ln44_22' <Predicate = true> <Delay = 0.00>
ST_1 : Operation 49 [1/1] (0.00ns)   --->   "%tmp_16 = partselect i16 @_ssdm_op_PartSelect.i16.i1024.i32.i32, i1024 %layer2_out_read, i32 336, i32 351" [firmware/nnet_utils/nnet_activation_stream.h:44]   --->   Operation 49 'partselect' 'tmp_16' <Predicate = true> <Delay = 0.00>
ST_1 : Operation 50 [1/1] (0.00ns)   --->   "%trunc_ln44_23 = partselect i15 @_ssdm_op_PartSelect.i15.i1024.i32.i32, i1024 %layer2_out_read, i32 336, i32 350" [firmware/nnet_utils/nnet_activation_stream.h:44]   --->   Operation 50 'partselect' 'trunc_ln44_23' <Predicate = true> <Delay = 0.00>
ST_1 : Operation 51 [1/1] (0.00ns)   --->   "%tmp_17 = partselect i16 @_ssdm_op_PartSelect.i16.i1024.i32.i32, i1024 %layer2_out_read, i32 352, i32 367" [firmware/nnet_utils/nnet_activation_stream.h:44]   --->   Operation 51 'partselect' 'tmp_17' <Predicate = true> <Delay = 0.00>
ST_1 : Operation 52 [1/1] (0.00ns)   --->   "%trunc_ln44_24 = partselect i15 @_ssdm_op_PartSelect.i15.i1024.i32.i32, i1024 %layer2_out_read, i32 352, i32 366" [firmware/nnet_utils/nnet_activation_stream.h:44]   --->   Operation 52 'partselect' 'trunc_ln44_24' <Predicate = true> <Delay = 0.00>
ST_1 : Operation 53 [1/1] (0.00ns)   --->   "%tmp_18 = partselect i16 @_ssdm_op_PartSelect.i16.i1024.i32.i32, i1024 %layer2_out_read, i32 368, i32 383" [firmware/nnet_utils/nnet_activation_stream.h:44]   --->   Operation 53 'partselect' 'tmp_18' <Predicate = true> <Delay = 0.00>
ST_1 : Operation 54 [1/1] (0.00ns)   --->   "%trunc_ln44_25 = partselect i15 @_ssdm_op_PartSelect.i15.i1024.i32.i32, i1024 %layer2_out_read, i32 368, i32 382" [firmware/nnet_utils/nnet_activation_stream.h:44]   --->   Operation 54 'partselect' 'trunc_ln44_25' <Predicate = true> <Delay = 0.00>
ST_1 : Operation 55 [1/1] (0.00ns)   --->   "%tmp_19 = partselect i16 @_ssdm_op_PartSelect.i16.i1024.i32.i32, i1024 %layer2_out_read, i32 384, i32 399" [firmware/nnet_utils/nnet_activation_stream.h:44]   --->   Operation 55 'partselect' 'tmp_19' <Predicate = true> <Delay = 0.00>
ST_1 : Operation 56 [1/1] (0.00ns)   --->   "%trunc_ln44_26 = partselect i15 @_ssdm_op_PartSelect.i15.i1024.i32.i32, i1024 %layer2_out_read, i32 384, i32 398" [firmware/nnet_utils/nnet_activation_stream.h:44]   --->   Operation 56 'partselect' 'trunc_ln44_26' <Predicate = true> <Delay = 0.00>
ST_1 : Operation 57 [1/1] (0.00ns)   --->   "%tmp_20 = partselect i16 @_ssdm_op_PartSelect.i16.i1024.i32.i32, i1024 %layer2_out_read, i32 400, i32 415" [firmware/nnet_utils/nnet_activation_stream.h:44]   --->   Operation 57 'partselect' 'tmp_20' <Predicate = true> <Delay = 0.00>
ST_1 : Operation 58 [1/1] (0.00ns)   --->   "%trunc_ln44_27 = partselect i15 @_ssdm_op_PartSelect.i15.i1024.i32.i32, i1024 %layer2_out_read, i32 400, i32 414" [firmware/nnet_utils/nnet_activation_stream.h:44]   --->   Operation 58 'partselect' 'trunc_ln44_27' <Predicate = true> <Delay = 0.00>
ST_1 : Operation 59 [1/1] (0.00ns)   --->   "%tmp_21 = partselect i16 @_ssdm_op_PartSelect.i16.i1024.i32.i32, i1024 %layer2_out_read, i32 416, i32 431" [firmware/nnet_utils/nnet_activation_stream.h:44]   --->   Operation 59 'partselect' 'tmp_21' <Predicate = true> <Delay = 0.00>
ST_1 : Operation 60 [1/1] (0.00ns)   --->   "%trunc_ln44_28 = partselect i15 @_ssdm_op_PartSelect.i15.i1024.i32.i32, i1024 %layer2_out_read, i32 416, i32 430" [firmware/nnet_utils/nnet_activation_stream.h:44]   --->   Operation 60 'partselect' 'trunc_ln44_28' <Predicate = true> <Delay = 0.00>
ST_1 : Operation 61 [1/1] (0.00ns)   --->   "%tmp_22 = partselect i16 @_ssdm_op_PartSelect.i16.i1024.i32.i32, i1024 %layer2_out_read, i32 432, i32 447" [firmware/nnet_utils/nnet_activation_stream.h:44]   --->   Operation 61 'partselect' 'tmp_22' <Predicate = true> <Delay = 0.00>
ST_1 : Operation 62 [1/1] (0.00ns)   --->   "%trunc_ln44_29 = partselect i15 @_ssdm_op_PartSelect.i15.i1024.i32.i32, i1024 %layer2_out_read, i32 432, i32 446" [firmware/nnet_utils/nnet_activation_stream.h:44]   --->   Operation 62 'partselect' 'trunc_ln44_29' <Predicate = true> <Delay = 0.00>
ST_1 : Operation 63 [1/1] (0.00ns)   --->   "%tmp_23 = partselect i16 @_ssdm_op_PartSelect.i16.i1024.i32.i32, i1024 %layer2_out_read, i32 448, i32 463" [firmware/nnet_utils/nnet_activation_stream.h:44]   --->   Operation 63 'partselect' 'tmp_23' <Predicate = true> <Delay = 0.00>
ST_1 : Operation 64 [1/1] (0.00ns)   --->   "%trunc_ln44_30 = partselect i15 @_ssdm_op_PartSelect.i15.i1024.i32.i32, i1024 %layer2_out_read, i32 448, i32 462" [firmware/nnet_utils/nnet_activation_stream.h:44]   --->   Operation 64 'partselect' 'trunc_ln44_30' <Predicate = true> <Delay = 0.00>
ST_1 : Operation 65 [1/1] (0.00ns)   --->   "%tmp_24 = partselect i16 @_ssdm_op_PartSelect.i16.i1024.i32.i32, i1024 %layer2_out_read, i32 464, i32 479" [firmware/nnet_utils/nnet_activation_stream.h:44]   --->   Operation 65 'partselect' 'tmp_24' <Predicate = true> <Delay = 0.00>
ST_1 : Operation 66 [1/1] (0.00ns)   --->   "%trunc_ln44_31 = partselect i15 @_ssdm_op_PartSelect.i15.i1024.i32.i32, i1024 %layer2_out_read, i32 464, i32 478" [firmware/nnet_utils/nnet_activation_stream.h:44]   --->   Operation 66 'partselect' 'trunc_ln44_31' <Predicate = true> <Delay = 0.00>
ST_1 : Operation 67 [1/1] (0.00ns)   --->   "%tmp_25 = partselect i16 @_ssdm_op_PartSelect.i16.i1024.i32.i32, i1024 %layer2_out_read, i32 480, i32 495" [firmware/nnet_utils/nnet_activation_stream.h:44]   --->   Operation 67 'partselect' 'tmp_25' <Predicate = true> <Delay = 0.00>
ST_1 : Operation 68 [1/1] (0.00ns)   --->   "%trunc_ln44_32 = partselect i15 @_ssdm_op_PartSelect.i15.i1024.i32.i32, i1024 %layer2_out_read, i32 480, i32 494" [firmware/nnet_utils/nnet_activation_stream.h:44]   --->   Operation 68 'partselect' 'trunc_ln44_32' <Predicate = true> <Delay = 0.00>
ST_1 : Operation 69 [1/1] (0.00ns)   --->   "%tmp_26 = partselect i16 @_ssdm_op_PartSelect.i16.i1024.i32.i32, i1024 %layer2_out_read, i32 496, i32 511" [firmware/nnet_utils/nnet_activation_stream.h:44]   --->   Operation 69 'partselect' 'tmp_26' <Predicate = true> <Delay = 0.00>
ST_1 : Operation 70 [1/1] (0.00ns)   --->   "%trunc_ln44_33 = partselect i15 @_ssdm_op_PartSelect.i15.i1024.i32.i32, i1024 %layer2_out_read, i32 496, i32 510" [firmware/nnet_utils/nnet_activation_stream.h:44]   --->   Operation 70 'partselect' 'trunc_ln44_33' <Predicate = true> <Delay = 0.00>
ST_1 : Operation 71 [1/1] (0.00ns)   --->   "%tmp_27 = partselect i16 @_ssdm_op_PartSelect.i16.i1024.i32.i32, i1024 %layer2_out_read, i32 512, i32 527" [firmware/nnet_utils/nnet_activation_stream.h:44]   --->   Operation 71 'partselect' 'tmp_27' <Predicate = true> <Delay = 0.00>
ST_1 : Operation 72 [1/1] (0.00ns)   --->   "%trunc_ln44_34 = partselect i15 @_ssdm_op_PartSelect.i15.i1024.i32.i32, i1024 %layer2_out_read, i32 512, i32 526" [firmware/nnet_utils/nnet_activation_stream.h:44]   --->   Operation 72 'partselect' 'trunc_ln44_34' <Predicate = true> <Delay = 0.00>
ST_1 : Operation 73 [1/1] (0.00ns)   --->   "%tmp_28 = partselect i16 @_ssdm_op_PartSelect.i16.i1024.i32.i32, i1024 %layer2_out_read, i32 528, i32 543" [firmware/nnet_utils/nnet_activation_stream.h:44]   --->   Operation 73 'partselect' 'tmp_28' <Predicate = true> <Delay = 0.00>
ST_1 : Operation 74 [1/1] (0.00ns)   --->   "%trunc_ln44_35 = partselect i15 @_ssdm_op_PartSelect.i15.i1024.i32.i32, i1024 %layer2_out_read, i32 528, i32 542" [firmware/nnet_utils/nnet_activation_stream.h:44]   --->   Operation 74 'partselect' 'trunc_ln44_35' <Predicate = true> <Delay = 0.00>
ST_1 : Operation 75 [1/1] (0.00ns)   --->   "%tmp_29 = partselect i16 @_ssdm_op_PartSelect.i16.i1024.i32.i32, i1024 %layer2_out_read, i32 544, i32 559" [firmware/nnet_utils/nnet_activation_stream.h:44]   --->   Operation 75 'partselect' 'tmp_29' <Predicate = true> <Delay = 0.00>
ST_1 : Operation 76 [1/1] (0.00ns)   --->   "%trunc_ln44_36 = partselect i15 @_ssdm_op_PartSelect.i15.i1024.i32.i32, i1024 %layer2_out_read, i32 544, i32 558" [firmware/nnet_utils/nnet_activation_stream.h:44]   --->   Operation 76 'partselect' 'trunc_ln44_36' <Predicate = true> <Delay = 0.00>
ST_1 : Operation 77 [1/1] (0.00ns)   --->   "%tmp_30 = partselect i16 @_ssdm_op_PartSelect.i16.i1024.i32.i32, i1024 %layer2_out_read, i32 560, i32 575" [firmware/nnet_utils/nnet_activation_stream.h:44]   --->   Operation 77 'partselect' 'tmp_30' <Predicate = true> <Delay = 0.00>
ST_1 : Operation 78 [1/1] (0.00ns)   --->   "%trunc_ln44_37 = partselect i15 @_ssdm_op_PartSelect.i15.i1024.i32.i32, i1024 %layer2_out_read, i32 560, i32 574" [firmware/nnet_utils/nnet_activation_stream.h:44]   --->   Operation 78 'partselect' 'trunc_ln44_37' <Predicate = true> <Delay = 0.00>
ST_1 : Operation 79 [1/1] (0.00ns)   --->   "%tmp_31 = partselect i16 @_ssdm_op_PartSelect.i16.i1024.i32.i32, i1024 %layer2_out_read, i32 576, i32 591" [firmware/nnet_utils/nnet_activation_stream.h:44]   --->   Operation 79 'partselect' 'tmp_31' <Predicate = true> <Delay = 0.00>
ST_1 : Operation 80 [1/1] (0.00ns)   --->   "%trunc_ln44_38 = partselect i15 @_ssdm_op_PartSelect.i15.i1024.i32.i32, i1024 %layer2_out_read, i32 576, i32 590" [firmware/nnet_utils/nnet_activation_stream.h:44]   --->   Operation 80 'partselect' 'trunc_ln44_38' <Predicate = true> <Delay = 0.00>
ST_1 : Operation 81 [1/1] (0.00ns)   --->   "%tmp_32 = partselect i16 @_ssdm_op_PartSelect.i16.i1024.i32.i32, i1024 %layer2_out_read, i32 592, i32 607" [firmware/nnet_utils/nnet_activation_stream.h:44]   --->   Operation 81 'partselect' 'tmp_32' <Predicate = true> <Delay = 0.00>
ST_1 : Operation 82 [1/1] (0.00ns)   --->   "%trunc_ln44_39 = partselect i15 @_ssdm_op_PartSelect.i15.i1024.i32.i32, i1024 %layer2_out_read, i32 592, i32 606" [firmware/nnet_utils/nnet_activation_stream.h:44]   --->   Operation 82 'partselect' 'trunc_ln44_39' <Predicate = true> <Delay = 0.00>
ST_1 : Operation 83 [1/1] (0.00ns)   --->   "%tmp_33 = partselect i16 @_ssdm_op_PartSelect.i16.i1024.i32.i32, i1024 %layer2_out_read, i32 608, i32 623" [firmware/nnet_utils/nnet_activation_stream.h:44]   --->   Operation 83 'partselect' 'tmp_33' <Predicate = true> <Delay = 0.00>
ST_1 : Operation 84 [1/1] (0.00ns)   --->   "%trunc_ln44_40 = partselect i15 @_ssdm_op_PartSelect.i15.i1024.i32.i32, i1024 %layer2_out_read, i32 608, i32 622" [firmware/nnet_utils/nnet_activation_stream.h:44]   --->   Operation 84 'partselect' 'trunc_ln44_40' <Predicate = true> <Delay = 0.00>
ST_1 : Operation 85 [1/1] (0.00ns)   --->   "%tmp_34 = partselect i16 @_ssdm_op_PartSelect.i16.i1024.i32.i32, i1024 %layer2_out_read, i32 624, i32 639" [firmware/nnet_utils/nnet_activation_stream.h:44]   --->   Operation 85 'partselect' 'tmp_34' <Predicate = true> <Delay = 0.00>
ST_1 : Operation 86 [1/1] (0.00ns)   --->   "%trunc_ln44_41 = partselect i15 @_ssdm_op_PartSelect.i15.i1024.i32.i32, i1024 %layer2_out_read, i32 624, i32 638" [firmware/nnet_utils/nnet_activation_stream.h:44]   --->   Operation 86 'partselect' 'trunc_ln44_41' <Predicate = true> <Delay = 0.00>
ST_1 : Operation 87 [1/1] (0.00ns)   --->   "%tmp_35 = partselect i16 @_ssdm_op_PartSelect.i16.i1024.i32.i32, i1024 %layer2_out_read, i32 640, i32 655" [firmware/nnet_utils/nnet_activation_stream.h:44]   --->   Operation 87 'partselect' 'tmp_35' <Predicate = true> <Delay = 0.00>
ST_1 : Operation 88 [1/1] (0.00ns)   --->   "%trunc_ln44_42 = partselect i15 @_ssdm_op_PartSelect.i15.i1024.i32.i32, i1024 %layer2_out_read, i32 640, i32 654" [firmware/nnet_utils/nnet_activation_stream.h:44]   --->   Operation 88 'partselect' 'trunc_ln44_42' <Predicate = true> <Delay = 0.00>
ST_1 : Operation 89 [1/1] (0.00ns)   --->   "%tmp_36 = partselect i16 @_ssdm_op_PartSelect.i16.i1024.i32.i32, i1024 %layer2_out_read, i32 656, i32 671" [firmware/nnet_utils/nnet_activation_stream.h:44]   --->   Operation 89 'partselect' 'tmp_36' <Predicate = true> <Delay = 0.00>
ST_1 : Operation 90 [1/1] (0.00ns)   --->   "%trunc_ln44_43 = partselect i15 @_ssdm_op_PartSelect.i15.i1024.i32.i32, i1024 %layer2_out_read, i32 656, i32 670" [firmware/nnet_utils/nnet_activation_stream.h:44]   --->   Operation 90 'partselect' 'trunc_ln44_43' <Predicate = true> <Delay = 0.00>
ST_1 : Operation 91 [1/1] (0.00ns)   --->   "%tmp_37 = partselect i16 @_ssdm_op_PartSelect.i16.i1024.i32.i32, i1024 %layer2_out_read, i32 672, i32 687" [firmware/nnet_utils/nnet_activation_stream.h:44]   --->   Operation 91 'partselect' 'tmp_37' <Predicate = true> <Delay = 0.00>
ST_1 : Operation 92 [1/1] (0.00ns)   --->   "%trunc_ln44_44 = partselect i15 @_ssdm_op_PartSelect.i15.i1024.i32.i32, i1024 %layer2_out_read, i32 672, i32 686" [firmware/nnet_utils/nnet_activation_stream.h:44]   --->   Operation 92 'partselect' 'trunc_ln44_44' <Predicate = true> <Delay = 0.00>
ST_1 : Operation 93 [1/1] (0.00ns)   --->   "%tmp_38 = partselect i16 @_ssdm_op_PartSelect.i16.i1024.i32.i32, i1024 %layer2_out_read, i32 688, i32 703" [firmware/nnet_utils/nnet_activation_stream.h:44]   --->   Operation 93 'partselect' 'tmp_38' <Predicate = true> <Delay = 0.00>
ST_1 : Operation 94 [1/1] (0.00ns)   --->   "%trunc_ln44_45 = partselect i15 @_ssdm_op_PartSelect.i15.i1024.i32.i32, i1024 %layer2_out_read, i32 688, i32 702" [firmware/nnet_utils/nnet_activation_stream.h:44]   --->   Operation 94 'partselect' 'trunc_ln44_45' <Predicate = true> <Delay = 0.00>
ST_1 : Operation 95 [1/1] (0.00ns)   --->   "%tmp_39 = partselect i16 @_ssdm_op_PartSelect.i16.i1024.i32.i32, i1024 %layer2_out_read, i32 704, i32 719" [firmware/nnet_utils/nnet_activation_stream.h:44]   --->   Operation 95 'partselect' 'tmp_39' <Predicate = true> <Delay = 0.00>
ST_1 : Operation 96 [1/1] (0.00ns)   --->   "%trunc_ln44_46 = partselect i15 @_ssdm_op_PartSelect.i15.i1024.i32.i32, i1024 %layer2_out_read, i32 704, i32 718" [firmware/nnet_utils/nnet_activation_stream.h:44]   --->   Operation 96 'partselect' 'trunc_ln44_46' <Predicate = true> <Delay = 0.00>
ST_1 : Operation 97 [1/1] (0.00ns)   --->   "%tmp_40 = partselect i16 @_ssdm_op_PartSelect.i16.i1024.i32.i32, i1024 %layer2_out_read, i32 720, i32 735" [firmware/nnet_utils/nnet_activation_stream.h:44]   --->   Operation 97 'partselect' 'tmp_40' <Predicate = true> <Delay = 0.00>
ST_1 : Operation 98 [1/1] (0.00ns)   --->   "%trunc_ln44_47 = partselect i15 @_ssdm_op_PartSelect.i15.i1024.i32.i32, i1024 %layer2_out_read, i32 720, i32 734" [firmware/nnet_utils/nnet_activation_stream.h:44]   --->   Operation 98 'partselect' 'trunc_ln44_47' <Predicate = true> <Delay = 0.00>
ST_1 : Operation 99 [1/1] (0.00ns)   --->   "%tmp_41 = partselect i16 @_ssdm_op_PartSelect.i16.i1024.i32.i32, i1024 %layer2_out_read, i32 736, i32 751" [firmware/nnet_utils/nnet_activation_stream.h:44]   --->   Operation 99 'partselect' 'tmp_41' <Predicate = true> <Delay = 0.00>
ST_1 : Operation 100 [1/1] (0.00ns)   --->   "%trunc_ln44_48 = partselect i15 @_ssdm_op_PartSelect.i15.i1024.i32.i32, i1024 %layer2_out_read, i32 736, i32 750" [firmware/nnet_utils/nnet_activation_stream.h:44]   --->   Operation 100 'partselect' 'trunc_ln44_48' <Predicate = true> <Delay = 0.00>
ST_1 : Operation 101 [1/1] (0.00ns)   --->   "%tmp_42 = partselect i16 @_ssdm_op_PartSelect.i16.i1024.i32.i32, i1024 %layer2_out_read, i32 752, i32 767" [firmware/nnet_utils/nnet_activation_stream.h:44]   --->   Operation 101 'partselect' 'tmp_42' <Predicate = true> <Delay = 0.00>
ST_1 : Operation 102 [1/1] (0.00ns)   --->   "%trunc_ln44_49 = partselect i15 @_ssdm_op_PartSelect.i15.i1024.i32.i32, i1024 %layer2_out_read, i32 752, i32 766" [firmware/nnet_utils/nnet_activation_stream.h:44]   --->   Operation 102 'partselect' 'trunc_ln44_49' <Predicate = true> <Delay = 0.00>
ST_1 : Operation 103 [1/1] (0.00ns)   --->   "%tmp_43 = partselect i16 @_ssdm_op_PartSelect.i16.i1024.i32.i32, i1024 %layer2_out_read, i32 768, i32 783" [firmware/nnet_utils/nnet_activation_stream.h:44]   --->   Operation 103 'partselect' 'tmp_43' <Predicate = true> <Delay = 0.00>
ST_1 : Operation 104 [1/1] (0.00ns)   --->   "%trunc_ln44_50 = partselect i15 @_ssdm_op_PartSelect.i15.i1024.i32.i32, i1024 %layer2_out_read, i32 768, i32 782" [firmware/nnet_utils/nnet_activation_stream.h:44]   --->   Operation 104 'partselect' 'trunc_ln44_50' <Predicate = true> <Delay = 0.00>
ST_1 : Operation 105 [1/1] (0.00ns)   --->   "%tmp_44 = partselect i16 @_ssdm_op_PartSelect.i16.i1024.i32.i32, i1024 %layer2_out_read, i32 784, i32 799" [firmware/nnet_utils/nnet_activation_stream.h:44]   --->   Operation 105 'partselect' 'tmp_44' <Predicate = true> <Delay = 0.00>
ST_1 : Operation 106 [1/1] (0.00ns)   --->   "%trunc_ln44_51 = partselect i15 @_ssdm_op_PartSelect.i15.i1024.i32.i32, i1024 %layer2_out_read, i32 784, i32 798" [firmware/nnet_utils/nnet_activation_stream.h:44]   --->   Operation 106 'partselect' 'trunc_ln44_51' <Predicate = true> <Delay = 0.00>
ST_1 : Operation 107 [1/1] (0.00ns)   --->   "%tmp_45 = partselect i16 @_ssdm_op_PartSelect.i16.i1024.i32.i32, i1024 %layer2_out_read, i32 800, i32 815" [firmware/nnet_utils/nnet_activation_stream.h:44]   --->   Operation 107 'partselect' 'tmp_45' <Predicate = true> <Delay = 0.00>
ST_1 : Operation 108 [1/1] (0.00ns)   --->   "%trunc_ln44_52 = partselect i15 @_ssdm_op_PartSelect.i15.i1024.i32.i32, i1024 %layer2_out_read, i32 800, i32 814" [firmware/nnet_utils/nnet_activation_stream.h:44]   --->   Operation 108 'partselect' 'trunc_ln44_52' <Predicate = true> <Delay = 0.00>
ST_1 : Operation 109 [1/1] (0.00ns)   --->   "%tmp_46 = partselect i16 @_ssdm_op_PartSelect.i16.i1024.i32.i32, i1024 %layer2_out_read, i32 816, i32 831" [firmware/nnet_utils/nnet_activation_stream.h:44]   --->   Operation 109 'partselect' 'tmp_46' <Predicate = true> <Delay = 0.00>
ST_1 : Operation 110 [1/1] (0.00ns)   --->   "%trunc_ln44_53 = partselect i15 @_ssdm_op_PartSelect.i15.i1024.i32.i32, i1024 %layer2_out_read, i32 816, i32 830" [firmware/nnet_utils/nnet_activation_stream.h:44]   --->   Operation 110 'partselect' 'trunc_ln44_53' <Predicate = true> <Delay = 0.00>
ST_1 : Operation 111 [1/1] (0.00ns)   --->   "%tmp_47 = partselect i16 @_ssdm_op_PartSelect.i16.i1024.i32.i32, i1024 %layer2_out_read, i32 832, i32 847" [firmware/nnet_utils/nnet_activation_stream.h:44]   --->   Operation 111 'partselect' 'tmp_47' <Predicate = true> <Delay = 0.00>
ST_1 : Operation 112 [1/1] (0.00ns)   --->   "%trunc_ln44_54 = partselect i15 @_ssdm_op_PartSelect.i15.i1024.i32.i32, i1024 %layer2_out_read, i32 832, i32 846" [firmware/nnet_utils/nnet_activation_stream.h:44]   --->   Operation 112 'partselect' 'trunc_ln44_54' <Predicate = true> <Delay = 0.00>
ST_1 : Operation 113 [1/1] (0.00ns)   --->   "%tmp_48 = partselect i16 @_ssdm_op_PartSelect.i16.i1024.i32.i32, i1024 %layer2_out_read, i32 848, i32 863" [firmware/nnet_utils/nnet_activation_stream.h:44]   --->   Operation 113 'partselect' 'tmp_48' <Predicate = true> <Delay = 0.00>
ST_1 : Operation 114 [1/1] (0.00ns)   --->   "%trunc_ln44_55 = partselect i15 @_ssdm_op_PartSelect.i15.i1024.i32.i32, i1024 %layer2_out_read, i32 848, i32 862" [firmware/nnet_utils/nnet_activation_stream.h:44]   --->   Operation 114 'partselect' 'trunc_ln44_55' <Predicate = true> <Delay = 0.00>
ST_1 : Operation 115 [1/1] (0.00ns)   --->   "%tmp_49 = partselect i16 @_ssdm_op_PartSelect.i16.i1024.i32.i32, i1024 %layer2_out_read, i32 864, i32 879" [firmware/nnet_utils/nnet_activation_stream.h:44]   --->   Operation 115 'partselect' 'tmp_49' <Predicate = true> <Delay = 0.00>
ST_1 : Operation 116 [1/1] (0.00ns)   --->   "%trunc_ln44_56 = partselect i15 @_ssdm_op_PartSelect.i15.i1024.i32.i32, i1024 %layer2_out_read, i32 864, i32 878" [firmware/nnet_utils/nnet_activation_stream.h:44]   --->   Operation 116 'partselect' 'trunc_ln44_56' <Predicate = true> <Delay = 0.00>
ST_1 : Operation 117 [1/1] (0.00ns)   --->   "%tmp_50 = partselect i16 @_ssdm_op_PartSelect.i16.i1024.i32.i32, i1024 %layer2_out_read, i32 880, i32 895" [firmware/nnet_utils/nnet_activation_stream.h:44]   --->   Operation 117 'partselect' 'tmp_50' <Predicate = true> <Delay = 0.00>
ST_1 : Operation 118 [1/1] (0.00ns)   --->   "%trunc_ln44_57 = partselect i15 @_ssdm_op_PartSelect.i15.i1024.i32.i32, i1024 %layer2_out_read, i32 880, i32 894" [firmware/nnet_utils/nnet_activation_stream.h:44]   --->   Operation 118 'partselect' 'trunc_ln44_57' <Predicate = true> <Delay = 0.00>
ST_1 : Operation 119 [1/1] (0.00ns)   --->   "%tmp_51 = partselect i16 @_ssdm_op_PartSelect.i16.i1024.i32.i32, i1024 %layer2_out_read, i32 896, i32 911" [firmware/nnet_utils/nnet_activation_stream.h:44]   --->   Operation 119 'partselect' 'tmp_51' <Predicate = true> <Delay = 0.00>
ST_1 : Operation 120 [1/1] (0.00ns)   --->   "%trunc_ln44_58 = partselect i15 @_ssdm_op_PartSelect.i15.i1024.i32.i32, i1024 %layer2_out_read, i32 896, i32 910" [firmware/nnet_utils/nnet_activation_stream.h:44]   --->   Operation 120 'partselect' 'trunc_ln44_58' <Predicate = true> <Delay = 0.00>
ST_1 : Operation 121 [1/1] (0.00ns)   --->   "%tmp_52 = partselect i16 @_ssdm_op_PartSelect.i16.i1024.i32.i32, i1024 %layer2_out_read, i32 912, i32 927" [firmware/nnet_utils/nnet_activation_stream.h:44]   --->   Operation 121 'partselect' 'tmp_52' <Predicate = true> <Delay = 0.00>
ST_1 : Operation 122 [1/1] (0.00ns)   --->   "%trunc_ln44_59 = partselect i15 @_ssdm_op_PartSelect.i15.i1024.i32.i32, i1024 %layer2_out_read, i32 912, i32 926" [firmware/nnet_utils/nnet_activation_stream.h:44]   --->   Operation 122 'partselect' 'trunc_ln44_59' <Predicate = true> <Delay = 0.00>
ST_1 : Operation 123 [1/1] (0.00ns)   --->   "%tmp_53 = partselect i16 @_ssdm_op_PartSelect.i16.i1024.i32.i32, i1024 %layer2_out_read, i32 928, i32 943" [firmware/nnet_utils/nnet_activation_stream.h:44]   --->   Operation 123 'partselect' 'tmp_53' <Predicate = true> <Delay = 0.00>
ST_1 : Operation 124 [1/1] (0.00ns)   --->   "%trunc_ln44_60 = partselect i15 @_ssdm_op_PartSelect.i15.i1024.i32.i32, i1024 %layer2_out_read, i32 928, i32 942" [firmware/nnet_utils/nnet_activation_stream.h:44]   --->   Operation 124 'partselect' 'trunc_ln44_60' <Predicate = true> <Delay = 0.00>
ST_1 : Operation 125 [1/1] (0.00ns)   --->   "%tmp_54 = partselect i16 @_ssdm_op_PartSelect.i16.i1024.i32.i32, i1024 %layer2_out_read, i32 944, i32 959" [firmware/nnet_utils/nnet_activation_stream.h:44]   --->   Operation 125 'partselect' 'tmp_54' <Predicate = true> <Delay = 0.00>
ST_1 : Operation 126 [1/1] (0.00ns)   --->   "%trunc_ln44_61 = partselect i15 @_ssdm_op_PartSelect.i15.i1024.i32.i32, i1024 %layer2_out_read, i32 944, i32 958" [firmware/nnet_utils/nnet_activation_stream.h:44]   --->   Operation 126 'partselect' 'trunc_ln44_61' <Predicate = true> <Delay = 0.00>
ST_1 : Operation 127 [1/1] (0.00ns)   --->   "%tmp_55 = partselect i16 @_ssdm_op_PartSelect.i16.i1024.i32.i32, i1024 %layer2_out_read, i32 960, i32 975" [firmware/nnet_utils/nnet_activation_stream.h:44]   --->   Operation 127 'partselect' 'tmp_55' <Predicate = true> <Delay = 0.00>
ST_1 : Operation 128 [1/1] (0.00ns)   --->   "%trunc_ln44_62 = partselect i15 @_ssdm_op_PartSelect.i15.i1024.i32.i32, i1024 %layer2_out_read, i32 960, i32 974" [firmware/nnet_utils/nnet_activation_stream.h:44]   --->   Operation 128 'partselect' 'trunc_ln44_62' <Predicate = true> <Delay = 0.00>
ST_1 : Operation 129 [1/1] (0.00ns)   --->   "%tmp_56 = partselect i16 @_ssdm_op_PartSelect.i16.i1024.i32.i32, i1024 %layer2_out_read, i32 976, i32 991" [firmware/nnet_utils/nnet_activation_stream.h:44]   --->   Operation 129 'partselect' 'tmp_56' <Predicate = true> <Delay = 0.00>
ST_1 : Operation 130 [1/1] (0.00ns)   --->   "%trunc_ln44_63 = partselect i15 @_ssdm_op_PartSelect.i15.i1024.i32.i32, i1024 %layer2_out_read, i32 976, i32 990" [firmware/nnet_utils/nnet_activation_stream.h:44]   --->   Operation 130 'partselect' 'trunc_ln44_63' <Predicate = true> <Delay = 0.00>
ST_1 : Operation 131 [1/1] (0.00ns)   --->   "%trunc_ln44_64 = partselect i15 @_ssdm_op_PartSelect.i15.i1024.i32.i32, i1024 %layer2_out_read, i32 992, i32 1006" [firmware/nnet_utils/nnet_activation_stream.h:44]   --->   Operation 131 'partselect' 'trunc_ln44_64' <Predicate = true> <Delay = 0.00>
ST_1 : Operation 132 [1/1] (0.00ns)   --->   "%trunc_ln = partselect i15 @_ssdm_op_PartSelect.i15.i1024.i32.i32, i1024 %layer2_out_read, i32 1008, i32 1022" [firmware/nnet_utils/nnet_activation_stream.h:51]   --->   Operation 132 'partselect' 'trunc_ln' <Predicate = true> <Delay = 0.00>

State 2 <SV = 1> <Delay = 2.83>
ST_2 : Operation 133 [1/1] (2.07ns)   --->   "%icmp_ln51 = icmp_sgt  i16 %in_data, i16 0" [firmware/nnet_utils/nnet_activation_stream.h:51]   --->   Operation 133 'icmp' 'icmp_ln51' <Predicate = true> <Delay = 2.07> <CoreInst = "Cmp">   --->   Core 9 'Cmp' <Latency = 0> <II = 1> <Delay = 2.07> <FuncUnit> <Opcode : 'icmp'> <InPorts = 2> <OutPorts = 1>
ST_2 : Operation 134 [1/1] (0.75ns)   --->   "%select_ln51 = select i1 %icmp_ln51, i15 %trunc_ln44_1, i15 0" [firmware/nnet_utils/nnet_activation_stream.h:51]   --->   Operation 134 'select' 'select_ln51' <Predicate = true> <Delay = 0.75> <CoreInst = "Sel">   --->   Core 73 'Sel' <Latency = 0> <II = 1> <Delay = 0.75> <FuncUnit> <Opcode : 'select'> <InPorts = 3> <OutPorts = 1>
ST_2 : Operation 135 [1/1] (2.07ns)   --->   "%icmp_ln51_1 = icmp_sgt  i16 %in_data_4, i16 0" [firmware/nnet_utils/nnet_activation_stream.h:51]   --->   Operation 135 'icmp' 'icmp_ln51_1' <Predicate = true> <Delay = 2.07> <CoreInst = "Cmp">   --->   Core 9 'Cmp' <Latency = 0> <II = 1> <Delay = 2.07> <FuncUnit> <Opcode : 'icmp'> <InPorts = 2> <OutPorts = 1>
ST_2 : Operation 136 [1/1] (0.75ns)   --->   "%select_ln51_1 = select i1 %icmp_ln51_1, i15 %trunc_ln44_s, i15 0" [firmware/nnet_utils/nnet_activation_stream.h:51]   --->   Operation 136 'select' 'select_ln51_1' <Predicate = true> <Delay = 0.75> <CoreInst = "Sel">   --->   Core 73 'Sel' <Latency = 0> <II = 1> <Delay = 0.75> <FuncUnit> <Opcode : 'select'> <InPorts = 3> <OutPorts = 1>
ST_2 : Operation 137 [1/1] (2.07ns)   --->   "%icmp_ln51_2 = icmp_sgt  i16 %in_data_5, i16 0" [firmware/nnet_utils/nnet_activation_stream.h:51]   --->   Operation 137 'icmp' 'icmp_ln51_2' <Predicate = true> <Delay = 2.07> <CoreInst = "Cmp">   --->   Core 9 'Cmp' <Latency = 0> <II = 1> <Delay = 2.07> <FuncUnit> <Opcode : 'icmp'> <InPorts = 2> <OutPorts = 1>
ST_2 : Operation 138 [1/1] (0.75ns)   --->   "%select_ln51_2 = select i1 %icmp_ln51_2, i15 %trunc_ln44_4, i15 0" [firmware/nnet_utils/nnet_activation_stream.h:51]   --->   Operation 138 'select' 'select_ln51_2' <Predicate = true> <Delay = 0.75> <CoreInst = "Sel">   --->   Core 73 'Sel' <Latency = 0> <II = 1> <Delay = 0.75> <FuncUnit> <Opcode : 'select'> <InPorts = 3> <OutPorts = 1>
ST_2 : Operation 139 [1/1] (2.07ns)   --->   "%icmp_ln51_3 = icmp_sgt  i16 %in_data_6, i16 0" [firmware/nnet_utils/nnet_activation_stream.h:51]   --->   Operation 139 'icmp' 'icmp_ln51_3' <Predicate = true> <Delay = 2.07> <CoreInst = "Cmp">   --->   Core 9 'Cmp' <Latency = 0> <II = 1> <Delay = 2.07> <FuncUnit> <Opcode : 'icmp'> <InPorts = 2> <OutPorts = 1>
ST_2 : Operation 140 [1/1] (0.75ns)   --->   "%select_ln51_3 = select i1 %icmp_ln51_3, i15 %trunc_ln44_5, i15 0" [firmware/nnet_utils/nnet_activation_stream.h:51]   --->   Operation 140 'select' 'select_ln51_3' <Predicate = true> <Delay = 0.75> <CoreInst = "Sel">   --->   Core 73 'Sel' <Latency = 0> <II = 1> <Delay = 0.75> <FuncUnit> <Opcode : 'select'> <InPorts = 3> <OutPorts = 1>
ST_2 : Operation 141 [1/1] (2.07ns)   --->   "%icmp_ln51_4 = icmp_sgt  i16 %tmp, i16 0" [firmware/nnet_utils/nnet_activation_stream.h:51]   --->   Operation 141 'icmp' 'icmp_ln51_4' <Predicate = true> <Delay = 2.07> <CoreInst = "Cmp">   --->   Core 9 'Cmp' <Latency = 0> <II = 1> <Delay = 2.07> <FuncUnit> <Opcode : 'icmp'> <InPorts = 2> <OutPorts = 1>
ST_2 : Operation 142 [1/1] (0.75ns)   --->   "%select_ln51_4 = select i1 %icmp_ln51_4, i15 %trunc_ln44_6, i15 0" [firmware/nnet_utils/nnet_activation_stream.h:51]   --->   Operation 142 'select' 'select_ln51_4' <Predicate = true> <Delay = 0.75> <CoreInst = "Sel">   --->   Core 73 'Sel' <Latency = 0> <II = 1> <Delay = 0.75> <FuncUnit> <Opcode : 'select'> <InPorts = 3> <OutPorts = 1>
ST_2 : Operation 143 [1/1] (2.07ns)   --->   "%icmp_ln51_5 = icmp_sgt  i16 %tmp_s, i16 0" [firmware/nnet_utils/nnet_activation_stream.h:51]   --->   Operation 143 'icmp' 'icmp_ln51_5' <Predicate = true> <Delay = 2.07> <CoreInst = "Cmp">   --->   Core 9 'Cmp' <Latency = 0> <II = 1> <Delay = 2.07> <FuncUnit> <Opcode : 'icmp'> <InPorts = 2> <OutPorts = 1>
ST_2 : Operation 144 [1/1] (0.75ns)   --->   "%select_ln51_5 = select i1 %icmp_ln51_5, i15 %trunc_ln44_7, i15 0" [firmware/nnet_utils/nnet_activation_stream.h:51]   --->   Operation 144 'select' 'select_ln51_5' <Predicate = true> <Delay = 0.75> <CoreInst = "Sel">   --->   Core 73 'Sel' <Latency = 0> <II = 1> <Delay = 0.75> <FuncUnit> <Opcode : 'select'> <InPorts = 3> <OutPorts = 1>
ST_2 : Operation 145 [1/1] (2.07ns)   --->   "%icmp_ln51_6 = icmp_sgt  i16 %tmp_7, i16 0" [firmware/nnet_utils/nnet_activation_stream.h:51]   --->   Operation 145 'icmp' 'icmp_ln51_6' <Predicate = true> <Delay = 2.07> <CoreInst = "Cmp">   --->   Core 9 'Cmp' <Latency = 0> <II = 1> <Delay = 2.07> <FuncUnit> <Opcode : 'icmp'> <InPorts = 2> <OutPorts = 1>
ST_2 : Operation 146 [1/1] (0.75ns)   --->   "%select_ln51_6 = select i1 %icmp_ln51_6, i15 %trunc_ln44_8, i15 0" [firmware/nnet_utils/nnet_activation_stream.h:51]   --->   Operation 146 'select' 'select_ln51_6' <Predicate = true> <Delay = 0.75> <CoreInst = "Sel">   --->   Core 73 'Sel' <Latency = 0> <II = 1> <Delay = 0.75> <FuncUnit> <Opcode : 'select'> <InPorts = 3> <OutPorts = 1>
ST_2 : Operation 147 [1/1] (2.07ns)   --->   "%icmp_ln51_7 = icmp_sgt  i16 %tmp_8, i16 0" [firmware/nnet_utils/nnet_activation_stream.h:51]   --->   Operation 147 'icmp' 'icmp_ln51_7' <Predicate = true> <Delay = 2.07> <CoreInst = "Cmp">   --->   Core 9 'Cmp' <Latency = 0> <II = 1> <Delay = 2.07> <FuncUnit> <Opcode : 'icmp'> <InPorts = 2> <OutPorts = 1>
ST_2 : Operation 148 [1/1] (0.75ns)   --->   "%select_ln51_7 = select i1 %icmp_ln51_7, i15 %trunc_ln44_9, i15 0" [firmware/nnet_utils/nnet_activation_stream.h:51]   --->   Operation 148 'select' 'select_ln51_7' <Predicate = true> <Delay = 0.75> <CoreInst = "Sel">   --->   Core 73 'Sel' <Latency = 0> <II = 1> <Delay = 0.75> <FuncUnit> <Opcode : 'select'> <InPorts = 3> <OutPorts = 1>
ST_2 : Operation 149 [1/1] (2.07ns)   --->   "%icmp_ln51_8 = icmp_sgt  i16 %tmp_9, i16 0" [firmware/nnet_utils/nnet_activation_stream.h:51]   --->   Operation 149 'icmp' 'icmp_ln51_8' <Predicate = true> <Delay = 2.07> <CoreInst = "Cmp">   --->   Core 9 'Cmp' <Latency = 0> <II = 1> <Delay = 2.07> <FuncUnit> <Opcode : 'icmp'> <InPorts = 2> <OutPorts = 1>
ST_2 : Operation 150 [1/1] (0.75ns)   --->   "%select_ln51_8 = select i1 %icmp_ln51_8, i15 %trunc_ln44_10, i15 0" [firmware/nnet_utils/nnet_activation_stream.h:51]   --->   Operation 150 'select' 'select_ln51_8' <Predicate = true> <Delay = 0.75> <CoreInst = "Sel">   --->   Core 73 'Sel' <Latency = 0> <II = 1> <Delay = 0.75> <FuncUnit> <Opcode : 'select'> <InPorts = 3> <OutPorts = 1>
ST_2 : Operation 151 [1/1] (2.07ns)   --->   "%icmp_ln51_9 = icmp_sgt  i16 %tmp_1, i16 0" [firmware/nnet_utils/nnet_activation_stream.h:51]   --->   Operation 151 'icmp' 'icmp_ln51_9' <Predicate = true> <Delay = 2.07> <CoreInst = "Cmp">   --->   Core 9 'Cmp' <Latency = 0> <II = 1> <Delay = 2.07> <FuncUnit> <Opcode : 'icmp'> <InPorts = 2> <OutPorts = 1>
ST_2 : Operation 152 [1/1] (0.75ns)   --->   "%select_ln51_9 = select i1 %icmp_ln51_9, i15 %trunc_ln44_11, i15 0" [firmware/nnet_utils/nnet_activation_stream.h:51]   --->   Operation 152 'select' 'select_ln51_9' <Predicate = true> <Delay = 0.75> <CoreInst = "Sel">   --->   Core 73 'Sel' <Latency = 0> <II = 1> <Delay = 0.75> <FuncUnit> <Opcode : 'select'> <InPorts = 3> <OutPorts = 1>
ST_2 : Operation 153 [1/1] (2.07ns)   --->   "%icmp_ln51_10 = icmp_sgt  i16 %tmp_2, i16 0" [firmware/nnet_utils/nnet_activation_stream.h:51]   --->   Operation 153 'icmp' 'icmp_ln51_10' <Predicate = true> <Delay = 2.07> <CoreInst = "Cmp">   --->   Core 9 'Cmp' <Latency = 0> <II = 1> <Delay = 2.07> <FuncUnit> <Opcode : 'icmp'> <InPorts = 2> <OutPorts = 1>
ST_2 : Operation 154 [1/1] (0.75ns)   --->   "%select_ln51_10 = select i1 %icmp_ln51_10, i15 %trunc_ln44_12, i15 0" [firmware/nnet_utils/nnet_activation_stream.h:51]   --->   Operation 154 'select' 'select_ln51_10' <Predicate = true> <Delay = 0.75> <CoreInst = "Sel">   --->   Core 73 'Sel' <Latency = 0> <II = 1> <Delay = 0.75> <FuncUnit> <Opcode : 'select'> <InPorts = 3> <OutPorts = 1>
ST_2 : Operation 155 [1/1] (2.07ns)   --->   "%icmp_ln51_11 = icmp_sgt  i16 %tmp_3, i16 0" [firmware/nnet_utils/nnet_activation_stream.h:51]   --->   Operation 155 'icmp' 'icmp_ln51_11' <Predicate = true> <Delay = 2.07> <CoreInst = "Cmp">   --->   Core 9 'Cmp' <Latency = 0> <II = 1> <Delay = 2.07> <FuncUnit> <Opcode : 'icmp'> <InPorts = 2> <OutPorts = 1>
ST_2 : Operation 156 [1/1] (0.75ns)   --->   "%select_ln51_11 = select i1 %icmp_ln51_11, i15 %trunc_ln44_13, i15 0" [firmware/nnet_utils/nnet_activation_stream.h:51]   --->   Operation 156 'select' 'select_ln51_11' <Predicate = true> <Delay = 0.75> <CoreInst = "Sel">   --->   Core 73 'Sel' <Latency = 0> <II = 1> <Delay = 0.75> <FuncUnit> <Opcode : 'select'> <InPorts = 3> <OutPorts = 1>
ST_2 : Operation 157 [1/1] (2.07ns)   --->   "%icmp_ln51_12 = icmp_sgt  i16 %tmp_4, i16 0" [firmware/nnet_utils/nnet_activation_stream.h:51]   --->   Operation 157 'icmp' 'icmp_ln51_12' <Predicate = true> <Delay = 2.07> <CoreInst = "Cmp">   --->   Core 9 'Cmp' <Latency = 0> <II = 1> <Delay = 2.07> <FuncUnit> <Opcode : 'icmp'> <InPorts = 2> <OutPorts = 1>
ST_2 : Operation 158 [1/1] (0.75ns)   --->   "%select_ln51_12 = select i1 %icmp_ln51_12, i15 %trunc_ln44_14, i15 0" [firmware/nnet_utils/nnet_activation_stream.h:51]   --->   Operation 158 'select' 'select_ln51_12' <Predicate = true> <Delay = 0.75> <CoreInst = "Sel">   --->   Core 73 'Sel' <Latency = 0> <II = 1> <Delay = 0.75> <FuncUnit> <Opcode : 'select'> <InPorts = 3> <OutPorts = 1>
ST_2 : Operation 159 [1/1] (2.07ns)   --->   "%icmp_ln51_13 = icmp_sgt  i16 %tmp_5, i16 0" [firmware/nnet_utils/nnet_activation_stream.h:51]   --->   Operation 159 'icmp' 'icmp_ln51_13' <Predicate = true> <Delay = 2.07> <CoreInst = "Cmp">   --->   Core 9 'Cmp' <Latency = 0> <II = 1> <Delay = 2.07> <FuncUnit> <Opcode : 'icmp'> <InPorts = 2> <OutPorts = 1>
ST_2 : Operation 160 [1/1] (0.75ns)   --->   "%select_ln51_13 = select i1 %icmp_ln51_13, i15 %trunc_ln44_15, i15 0" [firmware/nnet_utils/nnet_activation_stream.h:51]   --->   Operation 160 'select' 'select_ln51_13' <Predicate = true> <Delay = 0.75> <CoreInst = "Sel">   --->   Core 73 'Sel' <Latency = 0> <II = 1> <Delay = 0.75> <FuncUnit> <Opcode : 'select'> <InPorts = 3> <OutPorts = 1>
ST_2 : Operation 161 [1/1] (2.07ns)   --->   "%icmp_ln51_14 = icmp_sgt  i16 %tmp_6, i16 0" [firmware/nnet_utils/nnet_activation_stream.h:51]   --->   Operation 161 'icmp' 'icmp_ln51_14' <Predicate = true> <Delay = 2.07> <CoreInst = "Cmp">   --->   Core 9 'Cmp' <Latency = 0> <II = 1> <Delay = 2.07> <FuncUnit> <Opcode : 'icmp'> <InPorts = 2> <OutPorts = 1>
ST_2 : Operation 162 [1/1] (0.75ns)   --->   "%select_ln51_14 = select i1 %icmp_ln51_14, i15 %trunc_ln44_16, i15 0" [firmware/nnet_utils/nnet_activation_stream.h:51]   --->   Operation 162 'select' 'select_ln51_14' <Predicate = true> <Delay = 0.75> <CoreInst = "Sel">   --->   Core 73 'Sel' <Latency = 0> <II = 1> <Delay = 0.75> <FuncUnit> <Opcode : 'select'> <InPorts = 3> <OutPorts = 1>
ST_2 : Operation 163 [1/1] (2.07ns)   --->   "%icmp_ln51_15 = icmp_sgt  i16 %tmp_10, i16 0" [firmware/nnet_utils/nnet_activation_stream.h:51]   --->   Operation 163 'icmp' 'icmp_ln51_15' <Predicate = true> <Delay = 2.07> <CoreInst = "Cmp">   --->   Core 9 'Cmp' <Latency = 0> <II = 1> <Delay = 2.07> <FuncUnit> <Opcode : 'icmp'> <InPorts = 2> <OutPorts = 1>
ST_2 : Operation 164 [1/1] (0.75ns)   --->   "%select_ln51_15 = select i1 %icmp_ln51_15, i15 %trunc_ln44_17, i15 0" [firmware/nnet_utils/nnet_activation_stream.h:51]   --->   Operation 164 'select' 'select_ln51_15' <Predicate = true> <Delay = 0.75> <CoreInst = "Sel">   --->   Core 73 'Sel' <Latency = 0> <II = 1> <Delay = 0.75> <FuncUnit> <Opcode : 'select'> <InPorts = 3> <OutPorts = 1>
ST_2 : Operation 165 [1/1] (2.07ns)   --->   "%icmp_ln51_16 = icmp_sgt  i16 %tmp_11, i16 0" [firmware/nnet_utils/nnet_activation_stream.h:51]   --->   Operation 165 'icmp' 'icmp_ln51_16' <Predicate = true> <Delay = 2.07> <CoreInst = "Cmp">   --->   Core 9 'Cmp' <Latency = 0> <II = 1> <Delay = 2.07> <FuncUnit> <Opcode : 'icmp'> <InPorts = 2> <OutPorts = 1>
ST_2 : Operation 166 [1/1] (0.75ns)   --->   "%select_ln51_16 = select i1 %icmp_ln51_16, i15 %trunc_ln44_18, i15 0" [firmware/nnet_utils/nnet_activation_stream.h:51]   --->   Operation 166 'select' 'select_ln51_16' <Predicate = true> <Delay = 0.75> <CoreInst = "Sel">   --->   Core 73 'Sel' <Latency = 0> <II = 1> <Delay = 0.75> <FuncUnit> <Opcode : 'select'> <InPorts = 3> <OutPorts = 1>
ST_2 : Operation 167 [1/1] (2.07ns)   --->   "%icmp_ln51_17 = icmp_sgt  i16 %tmp_12, i16 0" [firmware/nnet_utils/nnet_activation_stream.h:51]   --->   Operation 167 'icmp' 'icmp_ln51_17' <Predicate = true> <Delay = 2.07> <CoreInst = "Cmp">   --->   Core 9 'Cmp' <Latency = 0> <II = 1> <Delay = 2.07> <FuncUnit> <Opcode : 'icmp'> <InPorts = 2> <OutPorts = 1>
ST_2 : Operation 168 [1/1] (0.75ns)   --->   "%select_ln51_17 = select i1 %icmp_ln51_17, i15 %trunc_ln44_19, i15 0" [firmware/nnet_utils/nnet_activation_stream.h:51]   --->   Operation 168 'select' 'select_ln51_17' <Predicate = true> <Delay = 0.75> <CoreInst = "Sel">   --->   Core 73 'Sel' <Latency = 0> <II = 1> <Delay = 0.75> <FuncUnit> <Opcode : 'select'> <InPorts = 3> <OutPorts = 1>
ST_2 : Operation 169 [1/1] (2.07ns)   --->   "%icmp_ln51_18 = icmp_sgt  i16 %tmp_13, i16 0" [firmware/nnet_utils/nnet_activation_stream.h:51]   --->   Operation 169 'icmp' 'icmp_ln51_18' <Predicate = true> <Delay = 2.07> <CoreInst = "Cmp">   --->   Core 9 'Cmp' <Latency = 0> <II = 1> <Delay = 2.07> <FuncUnit> <Opcode : 'icmp'> <InPorts = 2> <OutPorts = 1>
ST_2 : Operation 170 [1/1] (0.75ns)   --->   "%select_ln51_18 = select i1 %icmp_ln51_18, i15 %trunc_ln44_20, i15 0" [firmware/nnet_utils/nnet_activation_stream.h:51]   --->   Operation 170 'select' 'select_ln51_18' <Predicate = true> <Delay = 0.75> <CoreInst = "Sel">   --->   Core 73 'Sel' <Latency = 0> <II = 1> <Delay = 0.75> <FuncUnit> <Opcode : 'select'> <InPorts = 3> <OutPorts = 1>
ST_2 : Operation 171 [1/1] (2.07ns)   --->   "%icmp_ln51_19 = icmp_sgt  i16 %tmp_14, i16 0" [firmware/nnet_utils/nnet_activation_stream.h:51]   --->   Operation 171 'icmp' 'icmp_ln51_19' <Predicate = true> <Delay = 2.07> <CoreInst = "Cmp">   --->   Core 9 'Cmp' <Latency = 0> <II = 1> <Delay = 2.07> <FuncUnit> <Opcode : 'icmp'> <InPorts = 2> <OutPorts = 1>
ST_2 : Operation 172 [1/1] (0.75ns)   --->   "%select_ln51_19 = select i1 %icmp_ln51_19, i15 %trunc_ln44_21, i15 0" [firmware/nnet_utils/nnet_activation_stream.h:51]   --->   Operation 172 'select' 'select_ln51_19' <Predicate = true> <Delay = 0.75> <CoreInst = "Sel">   --->   Core 73 'Sel' <Latency = 0> <II = 1> <Delay = 0.75> <FuncUnit> <Opcode : 'select'> <InPorts = 3> <OutPorts = 1>
ST_2 : Operation 173 [1/1] (2.07ns)   --->   "%icmp_ln51_20 = icmp_sgt  i16 %tmp_15, i16 0" [firmware/nnet_utils/nnet_activation_stream.h:51]   --->   Operation 173 'icmp' 'icmp_ln51_20' <Predicate = true> <Delay = 2.07> <CoreInst = "Cmp">   --->   Core 9 'Cmp' <Latency = 0> <II = 1> <Delay = 2.07> <FuncUnit> <Opcode : 'icmp'> <InPorts = 2> <OutPorts = 1>
ST_2 : Operation 174 [1/1] (0.75ns)   --->   "%select_ln51_20 = select i1 %icmp_ln51_20, i15 %trunc_ln44_22, i15 0" [firmware/nnet_utils/nnet_activation_stream.h:51]   --->   Operation 174 'select' 'select_ln51_20' <Predicate = true> <Delay = 0.75> <CoreInst = "Sel">   --->   Core 73 'Sel' <Latency = 0> <II = 1> <Delay = 0.75> <FuncUnit> <Opcode : 'select'> <InPorts = 3> <OutPorts = 1>
ST_2 : Operation 175 [1/1] (2.07ns)   --->   "%icmp_ln51_21 = icmp_sgt  i16 %tmp_16, i16 0" [firmware/nnet_utils/nnet_activation_stream.h:51]   --->   Operation 175 'icmp' 'icmp_ln51_21' <Predicate = true> <Delay = 2.07> <CoreInst = "Cmp">   --->   Core 9 'Cmp' <Latency = 0> <II = 1> <Delay = 2.07> <FuncUnit> <Opcode : 'icmp'> <InPorts = 2> <OutPorts = 1>
ST_2 : Operation 176 [1/1] (0.75ns)   --->   "%select_ln51_21 = select i1 %icmp_ln51_21, i15 %trunc_ln44_23, i15 0" [firmware/nnet_utils/nnet_activation_stream.h:51]   --->   Operation 176 'select' 'select_ln51_21' <Predicate = true> <Delay = 0.75> <CoreInst = "Sel">   --->   Core 73 'Sel' <Latency = 0> <II = 1> <Delay = 0.75> <FuncUnit> <Opcode : 'select'> <InPorts = 3> <OutPorts = 1>
ST_2 : Operation 177 [1/1] (2.07ns)   --->   "%icmp_ln51_22 = icmp_sgt  i16 %tmp_17, i16 0" [firmware/nnet_utils/nnet_activation_stream.h:51]   --->   Operation 177 'icmp' 'icmp_ln51_22' <Predicate = true> <Delay = 2.07> <CoreInst = "Cmp">   --->   Core 9 'Cmp' <Latency = 0> <II = 1> <Delay = 2.07> <FuncUnit> <Opcode : 'icmp'> <InPorts = 2> <OutPorts = 1>
ST_2 : Operation 178 [1/1] (0.75ns)   --->   "%select_ln51_22 = select i1 %icmp_ln51_22, i15 %trunc_ln44_24, i15 0" [firmware/nnet_utils/nnet_activation_stream.h:51]   --->   Operation 178 'select' 'select_ln51_22' <Predicate = true> <Delay = 0.75> <CoreInst = "Sel">   --->   Core 73 'Sel' <Latency = 0> <II = 1> <Delay = 0.75> <FuncUnit> <Opcode : 'select'> <InPorts = 3> <OutPorts = 1>
ST_2 : Operation 179 [1/1] (2.07ns)   --->   "%icmp_ln51_23 = icmp_sgt  i16 %tmp_18, i16 0" [firmware/nnet_utils/nnet_activation_stream.h:51]   --->   Operation 179 'icmp' 'icmp_ln51_23' <Predicate = true> <Delay = 2.07> <CoreInst = "Cmp">   --->   Core 9 'Cmp' <Latency = 0> <II = 1> <Delay = 2.07> <FuncUnit> <Opcode : 'icmp'> <InPorts = 2> <OutPorts = 1>
ST_2 : Operation 180 [1/1] (0.75ns)   --->   "%select_ln51_23 = select i1 %icmp_ln51_23, i15 %trunc_ln44_25, i15 0" [firmware/nnet_utils/nnet_activation_stream.h:51]   --->   Operation 180 'select' 'select_ln51_23' <Predicate = true> <Delay = 0.75> <CoreInst = "Sel">   --->   Core 73 'Sel' <Latency = 0> <II = 1> <Delay = 0.75> <FuncUnit> <Opcode : 'select'> <InPorts = 3> <OutPorts = 1>
ST_2 : Operation 181 [1/1] (2.07ns)   --->   "%icmp_ln51_24 = icmp_sgt  i16 %tmp_19, i16 0" [firmware/nnet_utils/nnet_activation_stream.h:51]   --->   Operation 181 'icmp' 'icmp_ln51_24' <Predicate = true> <Delay = 2.07> <CoreInst = "Cmp">   --->   Core 9 'Cmp' <Latency = 0> <II = 1> <Delay = 2.07> <FuncUnit> <Opcode : 'icmp'> <InPorts = 2> <OutPorts = 1>
ST_2 : Operation 182 [1/1] (0.75ns)   --->   "%select_ln51_24 = select i1 %icmp_ln51_24, i15 %trunc_ln44_26, i15 0" [firmware/nnet_utils/nnet_activation_stream.h:51]   --->   Operation 182 'select' 'select_ln51_24' <Predicate = true> <Delay = 0.75> <CoreInst = "Sel">   --->   Core 73 'Sel' <Latency = 0> <II = 1> <Delay = 0.75> <FuncUnit> <Opcode : 'select'> <InPorts = 3> <OutPorts = 1>
ST_2 : Operation 183 [1/1] (2.07ns)   --->   "%icmp_ln51_25 = icmp_sgt  i16 %tmp_20, i16 0" [firmware/nnet_utils/nnet_activation_stream.h:51]   --->   Operation 183 'icmp' 'icmp_ln51_25' <Predicate = true> <Delay = 2.07> <CoreInst = "Cmp">   --->   Core 9 'Cmp' <Latency = 0> <II = 1> <Delay = 2.07> <FuncUnit> <Opcode : 'icmp'> <InPorts = 2> <OutPorts = 1>
ST_2 : Operation 184 [1/1] (0.75ns)   --->   "%select_ln51_25 = select i1 %icmp_ln51_25, i15 %trunc_ln44_27, i15 0" [firmware/nnet_utils/nnet_activation_stream.h:51]   --->   Operation 184 'select' 'select_ln51_25' <Predicate = true> <Delay = 0.75> <CoreInst = "Sel">   --->   Core 73 'Sel' <Latency = 0> <II = 1> <Delay = 0.75> <FuncUnit> <Opcode : 'select'> <InPorts = 3> <OutPorts = 1>
ST_2 : Operation 185 [1/1] (2.07ns)   --->   "%icmp_ln51_26 = icmp_sgt  i16 %tmp_21, i16 0" [firmware/nnet_utils/nnet_activation_stream.h:51]   --->   Operation 185 'icmp' 'icmp_ln51_26' <Predicate = true> <Delay = 2.07> <CoreInst = "Cmp">   --->   Core 9 'Cmp' <Latency = 0> <II = 1> <Delay = 2.07> <FuncUnit> <Opcode : 'icmp'> <InPorts = 2> <OutPorts = 1>
ST_2 : Operation 186 [1/1] (0.75ns)   --->   "%select_ln51_26 = select i1 %icmp_ln51_26, i15 %trunc_ln44_28, i15 0" [firmware/nnet_utils/nnet_activation_stream.h:51]   --->   Operation 186 'select' 'select_ln51_26' <Predicate = true> <Delay = 0.75> <CoreInst = "Sel">   --->   Core 73 'Sel' <Latency = 0> <II = 1> <Delay = 0.75> <FuncUnit> <Opcode : 'select'> <InPorts = 3> <OutPorts = 1>
ST_2 : Operation 187 [1/1] (2.07ns)   --->   "%icmp_ln51_27 = icmp_sgt  i16 %tmp_22, i16 0" [firmware/nnet_utils/nnet_activation_stream.h:51]   --->   Operation 187 'icmp' 'icmp_ln51_27' <Predicate = true> <Delay = 2.07> <CoreInst = "Cmp">   --->   Core 9 'Cmp' <Latency = 0> <II = 1> <Delay = 2.07> <FuncUnit> <Opcode : 'icmp'> <InPorts = 2> <OutPorts = 1>
ST_2 : Operation 188 [1/1] (0.75ns)   --->   "%select_ln51_27 = select i1 %icmp_ln51_27, i15 %trunc_ln44_29, i15 0" [firmware/nnet_utils/nnet_activation_stream.h:51]   --->   Operation 188 'select' 'select_ln51_27' <Predicate = true> <Delay = 0.75> <CoreInst = "Sel">   --->   Core 73 'Sel' <Latency = 0> <II = 1> <Delay = 0.75> <FuncUnit> <Opcode : 'select'> <InPorts = 3> <OutPorts = 1>
ST_2 : Operation 189 [1/1] (2.07ns)   --->   "%icmp_ln51_28 = icmp_sgt  i16 %tmp_23, i16 0" [firmware/nnet_utils/nnet_activation_stream.h:51]   --->   Operation 189 'icmp' 'icmp_ln51_28' <Predicate = true> <Delay = 2.07> <CoreInst = "Cmp">   --->   Core 9 'Cmp' <Latency = 0> <II = 1> <Delay = 2.07> <FuncUnit> <Opcode : 'icmp'> <InPorts = 2> <OutPorts = 1>
ST_2 : Operation 190 [1/1] (0.75ns)   --->   "%select_ln51_28 = select i1 %icmp_ln51_28, i15 %trunc_ln44_30, i15 0" [firmware/nnet_utils/nnet_activation_stream.h:51]   --->   Operation 190 'select' 'select_ln51_28' <Predicate = true> <Delay = 0.75> <CoreInst = "Sel">   --->   Core 73 'Sel' <Latency = 0> <II = 1> <Delay = 0.75> <FuncUnit> <Opcode : 'select'> <InPorts = 3> <OutPorts = 1>
ST_2 : Operation 191 [1/1] (2.07ns)   --->   "%icmp_ln51_29 = icmp_sgt  i16 %tmp_24, i16 0" [firmware/nnet_utils/nnet_activation_stream.h:51]   --->   Operation 191 'icmp' 'icmp_ln51_29' <Predicate = true> <Delay = 2.07> <CoreInst = "Cmp">   --->   Core 9 'Cmp' <Latency = 0> <II = 1> <Delay = 2.07> <FuncUnit> <Opcode : 'icmp'> <InPorts = 2> <OutPorts = 1>
ST_2 : Operation 192 [1/1] (0.75ns)   --->   "%select_ln51_29 = select i1 %icmp_ln51_29, i15 %trunc_ln44_31, i15 0" [firmware/nnet_utils/nnet_activation_stream.h:51]   --->   Operation 192 'select' 'select_ln51_29' <Predicate = true> <Delay = 0.75> <CoreInst = "Sel">   --->   Core 73 'Sel' <Latency = 0> <II = 1> <Delay = 0.75> <FuncUnit> <Opcode : 'select'> <InPorts = 3> <OutPorts = 1>
ST_2 : Operation 193 [1/1] (2.07ns)   --->   "%icmp_ln51_30 = icmp_sgt  i16 %tmp_25, i16 0" [firmware/nnet_utils/nnet_activation_stream.h:51]   --->   Operation 193 'icmp' 'icmp_ln51_30' <Predicate = true> <Delay = 2.07> <CoreInst = "Cmp">   --->   Core 9 'Cmp' <Latency = 0> <II = 1> <Delay = 2.07> <FuncUnit> <Opcode : 'icmp'> <InPorts = 2> <OutPorts = 1>
ST_2 : Operation 194 [1/1] (0.75ns)   --->   "%select_ln51_30 = select i1 %icmp_ln51_30, i15 %trunc_ln44_32, i15 0" [firmware/nnet_utils/nnet_activation_stream.h:51]   --->   Operation 194 'select' 'select_ln51_30' <Predicate = true> <Delay = 0.75> <CoreInst = "Sel">   --->   Core 73 'Sel' <Latency = 0> <II = 1> <Delay = 0.75> <FuncUnit> <Opcode : 'select'> <InPorts = 3> <OutPorts = 1>
ST_2 : Operation 195 [1/1] (2.07ns)   --->   "%icmp_ln51_31 = icmp_sgt  i16 %tmp_26, i16 0" [firmware/nnet_utils/nnet_activation_stream.h:51]   --->   Operation 195 'icmp' 'icmp_ln51_31' <Predicate = true> <Delay = 2.07> <CoreInst = "Cmp">   --->   Core 9 'Cmp' <Latency = 0> <II = 1> <Delay = 2.07> <FuncUnit> <Opcode : 'icmp'> <InPorts = 2> <OutPorts = 1>
ST_2 : Operation 196 [1/1] (0.75ns)   --->   "%select_ln51_31 = select i1 %icmp_ln51_31, i15 %trunc_ln44_33, i15 0" [firmware/nnet_utils/nnet_activation_stream.h:51]   --->   Operation 196 'select' 'select_ln51_31' <Predicate = true> <Delay = 0.75> <CoreInst = "Sel">   --->   Core 73 'Sel' <Latency = 0> <II = 1> <Delay = 0.75> <FuncUnit> <Opcode : 'select'> <InPorts = 3> <OutPorts = 1>
ST_2 : Operation 197 [1/1] (2.07ns)   --->   "%icmp_ln51_32 = icmp_sgt  i16 %tmp_27, i16 0" [firmware/nnet_utils/nnet_activation_stream.h:51]   --->   Operation 197 'icmp' 'icmp_ln51_32' <Predicate = true> <Delay = 2.07> <CoreInst = "Cmp">   --->   Core 9 'Cmp' <Latency = 0> <II = 1> <Delay = 2.07> <FuncUnit> <Opcode : 'icmp'> <InPorts = 2> <OutPorts = 1>
ST_2 : Operation 198 [1/1] (0.75ns)   --->   "%select_ln51_32 = select i1 %icmp_ln51_32, i15 %trunc_ln44_34, i15 0" [firmware/nnet_utils/nnet_activation_stream.h:51]   --->   Operation 198 'select' 'select_ln51_32' <Predicate = true> <Delay = 0.75> <CoreInst = "Sel">   --->   Core 73 'Sel' <Latency = 0> <II = 1> <Delay = 0.75> <FuncUnit> <Opcode : 'select'> <InPorts = 3> <OutPorts = 1>
ST_2 : Operation 199 [1/1] (2.07ns)   --->   "%icmp_ln51_33 = icmp_sgt  i16 %tmp_28, i16 0" [firmware/nnet_utils/nnet_activation_stream.h:51]   --->   Operation 199 'icmp' 'icmp_ln51_33' <Predicate = true> <Delay = 2.07> <CoreInst = "Cmp">   --->   Core 9 'Cmp' <Latency = 0> <II = 1> <Delay = 2.07> <FuncUnit> <Opcode : 'icmp'> <InPorts = 2> <OutPorts = 1>
ST_2 : Operation 200 [1/1] (0.75ns)   --->   "%select_ln51_33 = select i1 %icmp_ln51_33, i15 %trunc_ln44_35, i15 0" [firmware/nnet_utils/nnet_activation_stream.h:51]   --->   Operation 200 'select' 'select_ln51_33' <Predicate = true> <Delay = 0.75> <CoreInst = "Sel">   --->   Core 73 'Sel' <Latency = 0> <II = 1> <Delay = 0.75> <FuncUnit> <Opcode : 'select'> <InPorts = 3> <OutPorts = 1>
ST_2 : Operation 201 [1/1] (2.07ns)   --->   "%icmp_ln51_34 = icmp_sgt  i16 %tmp_29, i16 0" [firmware/nnet_utils/nnet_activation_stream.h:51]   --->   Operation 201 'icmp' 'icmp_ln51_34' <Predicate = true> <Delay = 2.07> <CoreInst = "Cmp">   --->   Core 9 'Cmp' <Latency = 0> <II = 1> <Delay = 2.07> <FuncUnit> <Opcode : 'icmp'> <InPorts = 2> <OutPorts = 1>
ST_2 : Operation 202 [1/1] (0.75ns)   --->   "%select_ln51_34 = select i1 %icmp_ln51_34, i15 %trunc_ln44_36, i15 0" [firmware/nnet_utils/nnet_activation_stream.h:51]   --->   Operation 202 'select' 'select_ln51_34' <Predicate = true> <Delay = 0.75> <CoreInst = "Sel">   --->   Core 73 'Sel' <Latency = 0> <II = 1> <Delay = 0.75> <FuncUnit> <Opcode : 'select'> <InPorts = 3> <OutPorts = 1>
ST_2 : Operation 203 [1/1] (2.07ns)   --->   "%icmp_ln51_35 = icmp_sgt  i16 %tmp_30, i16 0" [firmware/nnet_utils/nnet_activation_stream.h:51]   --->   Operation 203 'icmp' 'icmp_ln51_35' <Predicate = true> <Delay = 2.07> <CoreInst = "Cmp">   --->   Core 9 'Cmp' <Latency = 0> <II = 1> <Delay = 2.07> <FuncUnit> <Opcode : 'icmp'> <InPorts = 2> <OutPorts = 1>
ST_2 : Operation 204 [1/1] (0.75ns)   --->   "%select_ln51_35 = select i1 %icmp_ln51_35, i15 %trunc_ln44_37, i15 0" [firmware/nnet_utils/nnet_activation_stream.h:51]   --->   Operation 204 'select' 'select_ln51_35' <Predicate = true> <Delay = 0.75> <CoreInst = "Sel">   --->   Core 73 'Sel' <Latency = 0> <II = 1> <Delay = 0.75> <FuncUnit> <Opcode : 'select'> <InPorts = 3> <OutPorts = 1>
ST_2 : Operation 205 [1/1] (2.07ns)   --->   "%icmp_ln51_36 = icmp_sgt  i16 %tmp_31, i16 0" [firmware/nnet_utils/nnet_activation_stream.h:51]   --->   Operation 205 'icmp' 'icmp_ln51_36' <Predicate = true> <Delay = 2.07> <CoreInst = "Cmp">   --->   Core 9 'Cmp' <Latency = 0> <II = 1> <Delay = 2.07> <FuncUnit> <Opcode : 'icmp'> <InPorts = 2> <OutPorts = 1>
ST_2 : Operation 206 [1/1] (0.75ns)   --->   "%select_ln51_36 = select i1 %icmp_ln51_36, i15 %trunc_ln44_38, i15 0" [firmware/nnet_utils/nnet_activation_stream.h:51]   --->   Operation 206 'select' 'select_ln51_36' <Predicate = true> <Delay = 0.75> <CoreInst = "Sel">   --->   Core 73 'Sel' <Latency = 0> <II = 1> <Delay = 0.75> <FuncUnit> <Opcode : 'select'> <InPorts = 3> <OutPorts = 1>
ST_2 : Operation 207 [1/1] (2.07ns)   --->   "%icmp_ln51_37 = icmp_sgt  i16 %tmp_32, i16 0" [firmware/nnet_utils/nnet_activation_stream.h:51]   --->   Operation 207 'icmp' 'icmp_ln51_37' <Predicate = true> <Delay = 2.07> <CoreInst = "Cmp">   --->   Core 9 'Cmp' <Latency = 0> <II = 1> <Delay = 2.07> <FuncUnit> <Opcode : 'icmp'> <InPorts = 2> <OutPorts = 1>
ST_2 : Operation 208 [1/1] (0.75ns)   --->   "%select_ln51_37 = select i1 %icmp_ln51_37, i15 %trunc_ln44_39, i15 0" [firmware/nnet_utils/nnet_activation_stream.h:51]   --->   Operation 208 'select' 'select_ln51_37' <Predicate = true> <Delay = 0.75> <CoreInst = "Sel">   --->   Core 73 'Sel' <Latency = 0> <II = 1> <Delay = 0.75> <FuncUnit> <Opcode : 'select'> <InPorts = 3> <OutPorts = 1>
ST_2 : Operation 209 [1/1] (2.07ns)   --->   "%icmp_ln51_38 = icmp_sgt  i16 %tmp_33, i16 0" [firmware/nnet_utils/nnet_activation_stream.h:51]   --->   Operation 209 'icmp' 'icmp_ln51_38' <Predicate = true> <Delay = 2.07> <CoreInst = "Cmp">   --->   Core 9 'Cmp' <Latency = 0> <II = 1> <Delay = 2.07> <FuncUnit> <Opcode : 'icmp'> <InPorts = 2> <OutPorts = 1>
ST_2 : Operation 210 [1/1] (0.75ns)   --->   "%select_ln51_38 = select i1 %icmp_ln51_38, i15 %trunc_ln44_40, i15 0" [firmware/nnet_utils/nnet_activation_stream.h:51]   --->   Operation 210 'select' 'select_ln51_38' <Predicate = true> <Delay = 0.75> <CoreInst = "Sel">   --->   Core 73 'Sel' <Latency = 0> <II = 1> <Delay = 0.75> <FuncUnit> <Opcode : 'select'> <InPorts = 3> <OutPorts = 1>
ST_2 : Operation 211 [1/1] (2.07ns)   --->   "%icmp_ln51_39 = icmp_sgt  i16 %tmp_34, i16 0" [firmware/nnet_utils/nnet_activation_stream.h:51]   --->   Operation 211 'icmp' 'icmp_ln51_39' <Predicate = true> <Delay = 2.07> <CoreInst = "Cmp">   --->   Core 9 'Cmp' <Latency = 0> <II = 1> <Delay = 2.07> <FuncUnit> <Opcode : 'icmp'> <InPorts = 2> <OutPorts = 1>
ST_2 : Operation 212 [1/1] (0.75ns)   --->   "%select_ln51_39 = select i1 %icmp_ln51_39, i15 %trunc_ln44_41, i15 0" [firmware/nnet_utils/nnet_activation_stream.h:51]   --->   Operation 212 'select' 'select_ln51_39' <Predicate = true> <Delay = 0.75> <CoreInst = "Sel">   --->   Core 73 'Sel' <Latency = 0> <II = 1> <Delay = 0.75> <FuncUnit> <Opcode : 'select'> <InPorts = 3> <OutPorts = 1>
ST_2 : Operation 213 [1/1] (2.07ns)   --->   "%icmp_ln51_40 = icmp_sgt  i16 %tmp_35, i16 0" [firmware/nnet_utils/nnet_activation_stream.h:51]   --->   Operation 213 'icmp' 'icmp_ln51_40' <Predicate = true> <Delay = 2.07> <CoreInst = "Cmp">   --->   Core 9 'Cmp' <Latency = 0> <II = 1> <Delay = 2.07> <FuncUnit> <Opcode : 'icmp'> <InPorts = 2> <OutPorts = 1>
ST_2 : Operation 214 [1/1] (0.75ns)   --->   "%select_ln51_40 = select i1 %icmp_ln51_40, i15 %trunc_ln44_42, i15 0" [firmware/nnet_utils/nnet_activation_stream.h:51]   --->   Operation 214 'select' 'select_ln51_40' <Predicate = true> <Delay = 0.75> <CoreInst = "Sel">   --->   Core 73 'Sel' <Latency = 0> <II = 1> <Delay = 0.75> <FuncUnit> <Opcode : 'select'> <InPorts = 3> <OutPorts = 1>
ST_2 : Operation 215 [1/1] (2.07ns)   --->   "%icmp_ln51_41 = icmp_sgt  i16 %tmp_36, i16 0" [firmware/nnet_utils/nnet_activation_stream.h:51]   --->   Operation 215 'icmp' 'icmp_ln51_41' <Predicate = true> <Delay = 2.07> <CoreInst = "Cmp">   --->   Core 9 'Cmp' <Latency = 0> <II = 1> <Delay = 2.07> <FuncUnit> <Opcode : 'icmp'> <InPorts = 2> <OutPorts = 1>
ST_2 : Operation 216 [1/1] (0.75ns)   --->   "%select_ln51_41 = select i1 %icmp_ln51_41, i15 %trunc_ln44_43, i15 0" [firmware/nnet_utils/nnet_activation_stream.h:51]   --->   Operation 216 'select' 'select_ln51_41' <Predicate = true> <Delay = 0.75> <CoreInst = "Sel">   --->   Core 73 'Sel' <Latency = 0> <II = 1> <Delay = 0.75> <FuncUnit> <Opcode : 'select'> <InPorts = 3> <OutPorts = 1>
ST_2 : Operation 217 [1/1] (2.07ns)   --->   "%icmp_ln51_42 = icmp_sgt  i16 %tmp_37, i16 0" [firmware/nnet_utils/nnet_activation_stream.h:51]   --->   Operation 217 'icmp' 'icmp_ln51_42' <Predicate = true> <Delay = 2.07> <CoreInst = "Cmp">   --->   Core 9 'Cmp' <Latency = 0> <II = 1> <Delay = 2.07> <FuncUnit> <Opcode : 'icmp'> <InPorts = 2> <OutPorts = 1>
ST_2 : Operation 218 [1/1] (0.75ns)   --->   "%select_ln51_42 = select i1 %icmp_ln51_42, i15 %trunc_ln44_44, i15 0" [firmware/nnet_utils/nnet_activation_stream.h:51]   --->   Operation 218 'select' 'select_ln51_42' <Predicate = true> <Delay = 0.75> <CoreInst = "Sel">   --->   Core 73 'Sel' <Latency = 0> <II = 1> <Delay = 0.75> <FuncUnit> <Opcode : 'select'> <InPorts = 3> <OutPorts = 1>
ST_2 : Operation 219 [1/1] (2.07ns)   --->   "%icmp_ln51_43 = icmp_sgt  i16 %tmp_38, i16 0" [firmware/nnet_utils/nnet_activation_stream.h:51]   --->   Operation 219 'icmp' 'icmp_ln51_43' <Predicate = true> <Delay = 2.07> <CoreInst = "Cmp">   --->   Core 9 'Cmp' <Latency = 0> <II = 1> <Delay = 2.07> <FuncUnit> <Opcode : 'icmp'> <InPorts = 2> <OutPorts = 1>
ST_2 : Operation 220 [1/1] (0.75ns)   --->   "%select_ln51_43 = select i1 %icmp_ln51_43, i15 %trunc_ln44_45, i15 0" [firmware/nnet_utils/nnet_activation_stream.h:51]   --->   Operation 220 'select' 'select_ln51_43' <Predicate = true> <Delay = 0.75> <CoreInst = "Sel">   --->   Core 73 'Sel' <Latency = 0> <II = 1> <Delay = 0.75> <FuncUnit> <Opcode : 'select'> <InPorts = 3> <OutPorts = 1>
ST_2 : Operation 221 [1/1] (2.07ns)   --->   "%icmp_ln51_44 = icmp_sgt  i16 %tmp_39, i16 0" [firmware/nnet_utils/nnet_activation_stream.h:51]   --->   Operation 221 'icmp' 'icmp_ln51_44' <Predicate = true> <Delay = 2.07> <CoreInst = "Cmp">   --->   Core 9 'Cmp' <Latency = 0> <II = 1> <Delay = 2.07> <FuncUnit> <Opcode : 'icmp'> <InPorts = 2> <OutPorts = 1>
ST_2 : Operation 222 [1/1] (0.75ns)   --->   "%select_ln51_44 = select i1 %icmp_ln51_44, i15 %trunc_ln44_46, i15 0" [firmware/nnet_utils/nnet_activation_stream.h:51]   --->   Operation 222 'select' 'select_ln51_44' <Predicate = true> <Delay = 0.75> <CoreInst = "Sel">   --->   Core 73 'Sel' <Latency = 0> <II = 1> <Delay = 0.75> <FuncUnit> <Opcode : 'select'> <InPorts = 3> <OutPorts = 1>
ST_2 : Operation 223 [1/1] (2.07ns)   --->   "%icmp_ln51_45 = icmp_sgt  i16 %tmp_40, i16 0" [firmware/nnet_utils/nnet_activation_stream.h:51]   --->   Operation 223 'icmp' 'icmp_ln51_45' <Predicate = true> <Delay = 2.07> <CoreInst = "Cmp">   --->   Core 9 'Cmp' <Latency = 0> <II = 1> <Delay = 2.07> <FuncUnit> <Opcode : 'icmp'> <InPorts = 2> <OutPorts = 1>
ST_2 : Operation 224 [1/1] (0.75ns)   --->   "%select_ln51_45 = select i1 %icmp_ln51_45, i15 %trunc_ln44_47, i15 0" [firmware/nnet_utils/nnet_activation_stream.h:51]   --->   Operation 224 'select' 'select_ln51_45' <Predicate = true> <Delay = 0.75> <CoreInst = "Sel">   --->   Core 73 'Sel' <Latency = 0> <II = 1> <Delay = 0.75> <FuncUnit> <Opcode : 'select'> <InPorts = 3> <OutPorts = 1>
ST_2 : Operation 225 [1/1] (2.07ns)   --->   "%icmp_ln51_46 = icmp_sgt  i16 %tmp_41, i16 0" [firmware/nnet_utils/nnet_activation_stream.h:51]   --->   Operation 225 'icmp' 'icmp_ln51_46' <Predicate = true> <Delay = 2.07> <CoreInst = "Cmp">   --->   Core 9 'Cmp' <Latency = 0> <II = 1> <Delay = 2.07> <FuncUnit> <Opcode : 'icmp'> <InPorts = 2> <OutPorts = 1>
ST_2 : Operation 226 [1/1] (0.75ns)   --->   "%select_ln51_46 = select i1 %icmp_ln51_46, i15 %trunc_ln44_48, i15 0" [firmware/nnet_utils/nnet_activation_stream.h:51]   --->   Operation 226 'select' 'select_ln51_46' <Predicate = true> <Delay = 0.75> <CoreInst = "Sel">   --->   Core 73 'Sel' <Latency = 0> <II = 1> <Delay = 0.75> <FuncUnit> <Opcode : 'select'> <InPorts = 3> <OutPorts = 1>
ST_2 : Operation 227 [1/1] (2.07ns)   --->   "%icmp_ln51_47 = icmp_sgt  i16 %tmp_42, i16 0" [firmware/nnet_utils/nnet_activation_stream.h:51]   --->   Operation 227 'icmp' 'icmp_ln51_47' <Predicate = true> <Delay = 2.07> <CoreInst = "Cmp">   --->   Core 9 'Cmp' <Latency = 0> <II = 1> <Delay = 2.07> <FuncUnit> <Opcode : 'icmp'> <InPorts = 2> <OutPorts = 1>
ST_2 : Operation 228 [1/1] (0.75ns)   --->   "%select_ln51_47 = select i1 %icmp_ln51_47, i15 %trunc_ln44_49, i15 0" [firmware/nnet_utils/nnet_activation_stream.h:51]   --->   Operation 228 'select' 'select_ln51_47' <Predicate = true> <Delay = 0.75> <CoreInst = "Sel">   --->   Core 73 'Sel' <Latency = 0> <II = 1> <Delay = 0.75> <FuncUnit> <Opcode : 'select'> <InPorts = 3> <OutPorts = 1>
ST_2 : Operation 229 [1/1] (2.07ns)   --->   "%icmp_ln51_48 = icmp_sgt  i16 %tmp_43, i16 0" [firmware/nnet_utils/nnet_activation_stream.h:51]   --->   Operation 229 'icmp' 'icmp_ln51_48' <Predicate = true> <Delay = 2.07> <CoreInst = "Cmp">   --->   Core 9 'Cmp' <Latency = 0> <II = 1> <Delay = 2.07> <FuncUnit> <Opcode : 'icmp'> <InPorts = 2> <OutPorts = 1>
ST_2 : Operation 230 [1/1] (0.75ns)   --->   "%select_ln51_48 = select i1 %icmp_ln51_48, i15 %trunc_ln44_50, i15 0" [firmware/nnet_utils/nnet_activation_stream.h:51]   --->   Operation 230 'select' 'select_ln51_48' <Predicate = true> <Delay = 0.75> <CoreInst = "Sel">   --->   Core 73 'Sel' <Latency = 0> <II = 1> <Delay = 0.75> <FuncUnit> <Opcode : 'select'> <InPorts = 3> <OutPorts = 1>
ST_2 : Operation 231 [1/1] (2.07ns)   --->   "%icmp_ln51_49 = icmp_sgt  i16 %tmp_44, i16 0" [firmware/nnet_utils/nnet_activation_stream.h:51]   --->   Operation 231 'icmp' 'icmp_ln51_49' <Predicate = true> <Delay = 2.07> <CoreInst = "Cmp">   --->   Core 9 'Cmp' <Latency = 0> <II = 1> <Delay = 2.07> <FuncUnit> <Opcode : 'icmp'> <InPorts = 2> <OutPorts = 1>
ST_2 : Operation 232 [1/1] (0.75ns)   --->   "%select_ln51_49 = select i1 %icmp_ln51_49, i15 %trunc_ln44_51, i15 0" [firmware/nnet_utils/nnet_activation_stream.h:51]   --->   Operation 232 'select' 'select_ln51_49' <Predicate = true> <Delay = 0.75> <CoreInst = "Sel">   --->   Core 73 'Sel' <Latency = 0> <II = 1> <Delay = 0.75> <FuncUnit> <Opcode : 'select'> <InPorts = 3> <OutPorts = 1>
ST_2 : Operation 233 [1/1] (2.07ns)   --->   "%icmp_ln51_50 = icmp_sgt  i16 %tmp_45, i16 0" [firmware/nnet_utils/nnet_activation_stream.h:51]   --->   Operation 233 'icmp' 'icmp_ln51_50' <Predicate = true> <Delay = 2.07> <CoreInst = "Cmp">   --->   Core 9 'Cmp' <Latency = 0> <II = 1> <Delay = 2.07> <FuncUnit> <Opcode : 'icmp'> <InPorts = 2> <OutPorts = 1>
ST_2 : Operation 234 [1/1] (0.75ns)   --->   "%select_ln51_50 = select i1 %icmp_ln51_50, i15 %trunc_ln44_52, i15 0" [firmware/nnet_utils/nnet_activation_stream.h:51]   --->   Operation 234 'select' 'select_ln51_50' <Predicate = true> <Delay = 0.75> <CoreInst = "Sel">   --->   Core 73 'Sel' <Latency = 0> <II = 1> <Delay = 0.75> <FuncUnit> <Opcode : 'select'> <InPorts = 3> <OutPorts = 1>
ST_2 : Operation 235 [1/1] (2.07ns)   --->   "%icmp_ln51_51 = icmp_sgt  i16 %tmp_46, i16 0" [firmware/nnet_utils/nnet_activation_stream.h:51]   --->   Operation 235 'icmp' 'icmp_ln51_51' <Predicate = true> <Delay = 2.07> <CoreInst = "Cmp">   --->   Core 9 'Cmp' <Latency = 0> <II = 1> <Delay = 2.07> <FuncUnit> <Opcode : 'icmp'> <InPorts = 2> <OutPorts = 1>
ST_2 : Operation 236 [1/1] (0.75ns)   --->   "%select_ln51_51 = select i1 %icmp_ln51_51, i15 %trunc_ln44_53, i15 0" [firmware/nnet_utils/nnet_activation_stream.h:51]   --->   Operation 236 'select' 'select_ln51_51' <Predicate = true> <Delay = 0.75> <CoreInst = "Sel">   --->   Core 73 'Sel' <Latency = 0> <II = 1> <Delay = 0.75> <FuncUnit> <Opcode : 'select'> <InPorts = 3> <OutPorts = 1>
ST_2 : Operation 237 [1/1] (2.07ns)   --->   "%icmp_ln51_52 = icmp_sgt  i16 %tmp_47, i16 0" [firmware/nnet_utils/nnet_activation_stream.h:51]   --->   Operation 237 'icmp' 'icmp_ln51_52' <Predicate = true> <Delay = 2.07> <CoreInst = "Cmp">   --->   Core 9 'Cmp' <Latency = 0> <II = 1> <Delay = 2.07> <FuncUnit> <Opcode : 'icmp'> <InPorts = 2> <OutPorts = 1>
ST_2 : Operation 238 [1/1] (0.75ns)   --->   "%select_ln51_52 = select i1 %icmp_ln51_52, i15 %trunc_ln44_54, i15 0" [firmware/nnet_utils/nnet_activation_stream.h:51]   --->   Operation 238 'select' 'select_ln51_52' <Predicate = true> <Delay = 0.75> <CoreInst = "Sel">   --->   Core 73 'Sel' <Latency = 0> <II = 1> <Delay = 0.75> <FuncUnit> <Opcode : 'select'> <InPorts = 3> <OutPorts = 1>
ST_2 : Operation 239 [1/1] (2.07ns)   --->   "%icmp_ln51_53 = icmp_sgt  i16 %tmp_48, i16 0" [firmware/nnet_utils/nnet_activation_stream.h:51]   --->   Operation 239 'icmp' 'icmp_ln51_53' <Predicate = true> <Delay = 2.07> <CoreInst = "Cmp">   --->   Core 9 'Cmp' <Latency = 0> <II = 1> <Delay = 2.07> <FuncUnit> <Opcode : 'icmp'> <InPorts = 2> <OutPorts = 1>
ST_2 : Operation 240 [1/1] (0.75ns)   --->   "%select_ln51_53 = select i1 %icmp_ln51_53, i15 %trunc_ln44_55, i15 0" [firmware/nnet_utils/nnet_activation_stream.h:51]   --->   Operation 240 'select' 'select_ln51_53' <Predicate = true> <Delay = 0.75> <CoreInst = "Sel">   --->   Core 73 'Sel' <Latency = 0> <II = 1> <Delay = 0.75> <FuncUnit> <Opcode : 'select'> <InPorts = 3> <OutPorts = 1>
ST_2 : Operation 241 [1/1] (2.07ns)   --->   "%icmp_ln51_54 = icmp_sgt  i16 %tmp_49, i16 0" [firmware/nnet_utils/nnet_activation_stream.h:51]   --->   Operation 241 'icmp' 'icmp_ln51_54' <Predicate = true> <Delay = 2.07> <CoreInst = "Cmp">   --->   Core 9 'Cmp' <Latency = 0> <II = 1> <Delay = 2.07> <FuncUnit> <Opcode : 'icmp'> <InPorts = 2> <OutPorts = 1>
ST_2 : Operation 242 [1/1] (0.75ns)   --->   "%select_ln51_54 = select i1 %icmp_ln51_54, i15 %trunc_ln44_56, i15 0" [firmware/nnet_utils/nnet_activation_stream.h:51]   --->   Operation 242 'select' 'select_ln51_54' <Predicate = true> <Delay = 0.75> <CoreInst = "Sel">   --->   Core 73 'Sel' <Latency = 0> <II = 1> <Delay = 0.75> <FuncUnit> <Opcode : 'select'> <InPorts = 3> <OutPorts = 1>
ST_2 : Operation 243 [1/1] (2.07ns)   --->   "%icmp_ln51_55 = icmp_sgt  i16 %tmp_50, i16 0" [firmware/nnet_utils/nnet_activation_stream.h:51]   --->   Operation 243 'icmp' 'icmp_ln51_55' <Predicate = true> <Delay = 2.07> <CoreInst = "Cmp">   --->   Core 9 'Cmp' <Latency = 0> <II = 1> <Delay = 2.07> <FuncUnit> <Opcode : 'icmp'> <InPorts = 2> <OutPorts = 1>
ST_2 : Operation 244 [1/1] (0.75ns)   --->   "%select_ln51_55 = select i1 %icmp_ln51_55, i15 %trunc_ln44_57, i15 0" [firmware/nnet_utils/nnet_activation_stream.h:51]   --->   Operation 244 'select' 'select_ln51_55' <Predicate = true> <Delay = 0.75> <CoreInst = "Sel">   --->   Core 73 'Sel' <Latency = 0> <II = 1> <Delay = 0.75> <FuncUnit> <Opcode : 'select'> <InPorts = 3> <OutPorts = 1>
ST_2 : Operation 245 [1/1] (2.07ns)   --->   "%icmp_ln51_56 = icmp_sgt  i16 %tmp_51, i16 0" [firmware/nnet_utils/nnet_activation_stream.h:51]   --->   Operation 245 'icmp' 'icmp_ln51_56' <Predicate = true> <Delay = 2.07> <CoreInst = "Cmp">   --->   Core 9 'Cmp' <Latency = 0> <II = 1> <Delay = 2.07> <FuncUnit> <Opcode : 'icmp'> <InPorts = 2> <OutPorts = 1>
ST_2 : Operation 246 [1/1] (0.75ns)   --->   "%select_ln51_56 = select i1 %icmp_ln51_56, i15 %trunc_ln44_58, i15 0" [firmware/nnet_utils/nnet_activation_stream.h:51]   --->   Operation 246 'select' 'select_ln51_56' <Predicate = true> <Delay = 0.75> <CoreInst = "Sel">   --->   Core 73 'Sel' <Latency = 0> <II = 1> <Delay = 0.75> <FuncUnit> <Opcode : 'select'> <InPorts = 3> <OutPorts = 1>
ST_2 : Operation 247 [1/1] (2.07ns)   --->   "%icmp_ln51_57 = icmp_sgt  i16 %tmp_52, i16 0" [firmware/nnet_utils/nnet_activation_stream.h:51]   --->   Operation 247 'icmp' 'icmp_ln51_57' <Predicate = true> <Delay = 2.07> <CoreInst = "Cmp">   --->   Core 9 'Cmp' <Latency = 0> <II = 1> <Delay = 2.07> <FuncUnit> <Opcode : 'icmp'> <InPorts = 2> <OutPorts = 1>
ST_2 : Operation 248 [1/1] (0.75ns)   --->   "%select_ln51_57 = select i1 %icmp_ln51_57, i15 %trunc_ln44_59, i15 0" [firmware/nnet_utils/nnet_activation_stream.h:51]   --->   Operation 248 'select' 'select_ln51_57' <Predicate = true> <Delay = 0.75> <CoreInst = "Sel">   --->   Core 73 'Sel' <Latency = 0> <II = 1> <Delay = 0.75> <FuncUnit> <Opcode : 'select'> <InPorts = 3> <OutPorts = 1>
ST_2 : Operation 249 [1/1] (2.07ns)   --->   "%icmp_ln51_58 = icmp_sgt  i16 %tmp_53, i16 0" [firmware/nnet_utils/nnet_activation_stream.h:51]   --->   Operation 249 'icmp' 'icmp_ln51_58' <Predicate = true> <Delay = 2.07> <CoreInst = "Cmp">   --->   Core 9 'Cmp' <Latency = 0> <II = 1> <Delay = 2.07> <FuncUnit> <Opcode : 'icmp'> <InPorts = 2> <OutPorts = 1>
ST_2 : Operation 250 [1/1] (0.75ns)   --->   "%select_ln51_58 = select i1 %icmp_ln51_58, i15 %trunc_ln44_60, i15 0" [firmware/nnet_utils/nnet_activation_stream.h:51]   --->   Operation 250 'select' 'select_ln51_58' <Predicate = true> <Delay = 0.75> <CoreInst = "Sel">   --->   Core 73 'Sel' <Latency = 0> <II = 1> <Delay = 0.75> <FuncUnit> <Opcode : 'select'> <InPorts = 3> <OutPorts = 1>
ST_2 : Operation 251 [1/1] (2.07ns)   --->   "%icmp_ln51_59 = icmp_sgt  i16 %tmp_54, i16 0" [firmware/nnet_utils/nnet_activation_stream.h:51]   --->   Operation 251 'icmp' 'icmp_ln51_59' <Predicate = true> <Delay = 2.07> <CoreInst = "Cmp">   --->   Core 9 'Cmp' <Latency = 0> <II = 1> <Delay = 2.07> <FuncUnit> <Opcode : 'icmp'> <InPorts = 2> <OutPorts = 1>
ST_2 : Operation 252 [1/1] (0.75ns)   --->   "%select_ln51_59 = select i1 %icmp_ln51_59, i15 %trunc_ln44_61, i15 0" [firmware/nnet_utils/nnet_activation_stream.h:51]   --->   Operation 252 'select' 'select_ln51_59' <Predicate = true> <Delay = 0.75> <CoreInst = "Sel">   --->   Core 73 'Sel' <Latency = 0> <II = 1> <Delay = 0.75> <FuncUnit> <Opcode : 'select'> <InPorts = 3> <OutPorts = 1>
ST_2 : Operation 253 [1/1] (2.07ns)   --->   "%icmp_ln51_60 = icmp_sgt  i16 %tmp_55, i16 0" [firmware/nnet_utils/nnet_activation_stream.h:51]   --->   Operation 253 'icmp' 'icmp_ln51_60' <Predicate = true> <Delay = 2.07> <CoreInst = "Cmp">   --->   Core 9 'Cmp' <Latency = 0> <II = 1> <Delay = 2.07> <FuncUnit> <Opcode : 'icmp'> <InPorts = 2> <OutPorts = 1>
ST_2 : Operation 254 [1/1] (0.75ns)   --->   "%select_ln51_60 = select i1 %icmp_ln51_60, i15 %trunc_ln44_62, i15 0" [firmware/nnet_utils/nnet_activation_stream.h:51]   --->   Operation 254 'select' 'select_ln51_60' <Predicate = true> <Delay = 0.75> <CoreInst = "Sel">   --->   Core 73 'Sel' <Latency = 0> <II = 1> <Delay = 0.75> <FuncUnit> <Opcode : 'select'> <InPorts = 3> <OutPorts = 1>
ST_2 : Operation 255 [1/1] (2.07ns)   --->   "%icmp_ln51_61 = icmp_sgt  i16 %tmp_56, i16 0" [firmware/nnet_utils/nnet_activation_stream.h:51]   --->   Operation 255 'icmp' 'icmp_ln51_61' <Predicate = true> <Delay = 2.07> <CoreInst = "Cmp">   --->   Core 9 'Cmp' <Latency = 0> <II = 1> <Delay = 2.07> <FuncUnit> <Opcode : 'icmp'> <InPorts = 2> <OutPorts = 1>
ST_2 : Operation 256 [1/1] (0.75ns)   --->   "%select_ln51_61 = select i1 %icmp_ln51_61, i15 %trunc_ln44_63, i15 0" [firmware/nnet_utils/nnet_activation_stream.h:51]   --->   Operation 256 'select' 'select_ln51_61' <Predicate = true> <Delay = 0.75> <CoreInst = "Sel">   --->   Core 73 'Sel' <Latency = 0> <II = 1> <Delay = 0.75> <FuncUnit> <Opcode : 'select'> <InPorts = 3> <OutPorts = 1>
ST_2 : Operation 257 [1/1] (2.07ns)   --->   "%icmp_ln51_62 = icmp_sgt  i16 %trunc_ln44_2, i16 0" [firmware/nnet_utils/nnet_activation_stream.h:51]   --->   Operation 257 'icmp' 'icmp_ln51_62' <Predicate = true> <Delay = 2.07> <CoreInst = "Cmp">   --->   Core 9 'Cmp' <Latency = 0> <II = 1> <Delay = 2.07> <FuncUnit> <Opcode : 'icmp'> <InPorts = 2> <OutPorts = 1>
ST_2 : Operation 258 [1/1] (0.75ns)   --->   "%select_ln51_62 = select i1 %icmp_ln51_62, i15 %trunc_ln44_64, i15 0" [firmware/nnet_utils/nnet_activation_stream.h:51]   --->   Operation 258 'select' 'select_ln51_62' <Predicate = true> <Delay = 0.75> <CoreInst = "Sel">   --->   Core 73 'Sel' <Latency = 0> <II = 1> <Delay = 0.75> <FuncUnit> <Opcode : 'select'> <InPorts = 3> <OutPorts = 1>
ST_2 : Operation 259 [1/1] (2.07ns)   --->   "%icmp_ln51_63 = icmp_sgt  i16 %trunc_ln44_3, i16 0" [firmware/nnet_utils/nnet_activation_stream.h:51]   --->   Operation 259 'icmp' 'icmp_ln51_63' <Predicate = true> <Delay = 2.07> <CoreInst = "Cmp">   --->   Core 9 'Cmp' <Latency = 0> <II = 1> <Delay = 2.07> <FuncUnit> <Opcode : 'icmp'> <InPorts = 2> <OutPorts = 1>
ST_2 : Operation 260 [1/1] (0.75ns)   --->   "%select_ln51_63 = select i1 %icmp_ln51_63, i15 %trunc_ln, i15 0" [firmware/nnet_utils/nnet_activation_stream.h:51]   --->   Operation 260 'select' 'select_ln51_63' <Predicate = true> <Delay = 0.75> <CoreInst = "Sel">   --->   Core 73 'Sel' <Latency = 0> <II = 1> <Delay = 0.75> <FuncUnit> <Opcode : 'select'> <InPorts = 3> <OutPorts = 1>

State 3 <SV = 2> <Delay = 1.82>
ST_3 : Operation 261 [1/1] (0.00ns)   --->   "%specinterface_ln0 = specinterface void @_ssdm_op_SpecInterface, i1024 %layer3_out, void @empty_0, i32 0, i32 0, void @empty_7, i32 0, i32 0, void @empty_7, void @empty_7, void @empty_7, i32 0, i32 0, i32 0, i32 0, void @empty_7, void @empty_7, i32 4294967295, i32 0"   --->   Operation 261 'specinterface' 'specinterface_ln0' <Predicate = true> <Delay = 0.00>
ST_3 : Operation 262 [1/1] (0.00ns)   --->   "%specinterface_ln0 = specinterface void @_ssdm_op_SpecInterface, i1024 %layer2_out, void @empty_0, i32 0, i32 0, void @empty_7, i32 0, i32 0, void @empty_7, void @empty_7, void @empty_7, i32 0, i32 0, i32 0, i32 0, void @empty_7, void @empty_7, i32 4294967295, i32 0"   --->   Operation 262 'specinterface' 'specinterface_ln0' <Predicate = true> <Delay = 0.00>
ST_3 : Operation 263 [1/1] (0.00ns)   --->   "%zext_ln51 = zext i15 %select_ln51" [firmware/nnet_utils/nnet_activation_stream.h:51]   --->   Operation 263 'zext' 'zext_ln51' <Predicate = true> <Delay = 0.00>
ST_3 : Operation 264 [1/1] (0.00ns)   --->   "%zext_ln51_2 = zext i15 %select_ln51_1" [firmware/nnet_utils/nnet_activation_stream.h:51]   --->   Operation 264 'zext' 'zext_ln51_2' <Predicate = true> <Delay = 0.00>
ST_3 : Operation 265 [1/1] (0.00ns)   --->   "%zext_ln51_3 = zext i15 %select_ln51_2" [firmware/nnet_utils/nnet_activation_stream.h:51]   --->   Operation 265 'zext' 'zext_ln51_3' <Predicate = true> <Delay = 0.00>
ST_3 : Operation 266 [1/1] (0.00ns)   --->   "%zext_ln51_4 = zext i15 %select_ln51_3" [firmware/nnet_utils/nnet_activation_stream.h:51]   --->   Operation 266 'zext' 'zext_ln51_4' <Predicate = true> <Delay = 0.00>
ST_3 : Operation 267 [1/1] (0.00ns)   --->   "%zext_ln51_5 = zext i15 %select_ln51_4" [firmware/nnet_utils/nnet_activation_stream.h:51]   --->   Operation 267 'zext' 'zext_ln51_5' <Predicate = true> <Delay = 0.00>
ST_3 : Operation 268 [1/1] (0.00ns)   --->   "%zext_ln51_6 = zext i15 %select_ln51_5" [firmware/nnet_utils/nnet_activation_stream.h:51]   --->   Operation 268 'zext' 'zext_ln51_6' <Predicate = true> <Delay = 0.00>
ST_3 : Operation 269 [1/1] (0.00ns)   --->   "%zext_ln51_7 = zext i15 %select_ln51_6" [firmware/nnet_utils/nnet_activation_stream.h:51]   --->   Operation 269 'zext' 'zext_ln51_7' <Predicate = true> <Delay = 0.00>
ST_3 : Operation 270 [1/1] (0.00ns)   --->   "%zext_ln51_8 = zext i15 %select_ln51_7" [firmware/nnet_utils/nnet_activation_stream.h:51]   --->   Operation 270 'zext' 'zext_ln51_8' <Predicate = true> <Delay = 0.00>
ST_3 : Operation 271 [1/1] (0.00ns)   --->   "%zext_ln51_9 = zext i15 %select_ln51_8" [firmware/nnet_utils/nnet_activation_stream.h:51]   --->   Operation 271 'zext' 'zext_ln51_9' <Predicate = true> <Delay = 0.00>
ST_3 : Operation 272 [1/1] (0.00ns)   --->   "%zext_ln51_10 = zext i15 %select_ln51_9" [firmware/nnet_utils/nnet_activation_stream.h:51]   --->   Operation 272 'zext' 'zext_ln51_10' <Predicate = true> <Delay = 0.00>
ST_3 : Operation 273 [1/1] (0.00ns)   --->   "%zext_ln51_11 = zext i15 %select_ln51_10" [firmware/nnet_utils/nnet_activation_stream.h:51]   --->   Operation 273 'zext' 'zext_ln51_11' <Predicate = true> <Delay = 0.00>
ST_3 : Operation 274 [1/1] (0.00ns)   --->   "%zext_ln51_12 = zext i15 %select_ln51_11" [firmware/nnet_utils/nnet_activation_stream.h:51]   --->   Operation 274 'zext' 'zext_ln51_12' <Predicate = true> <Delay = 0.00>
ST_3 : Operation 275 [1/1] (0.00ns)   --->   "%zext_ln51_13 = zext i15 %select_ln51_12" [firmware/nnet_utils/nnet_activation_stream.h:51]   --->   Operation 275 'zext' 'zext_ln51_13' <Predicate = true> <Delay = 0.00>
ST_3 : Operation 276 [1/1] (0.00ns)   --->   "%zext_ln51_14 = zext i15 %select_ln51_13" [firmware/nnet_utils/nnet_activation_stream.h:51]   --->   Operation 276 'zext' 'zext_ln51_14' <Predicate = true> <Delay = 0.00>
ST_3 : Operation 277 [1/1] (0.00ns)   --->   "%zext_ln51_15 = zext i15 %select_ln51_14" [firmware/nnet_utils/nnet_activation_stream.h:51]   --->   Operation 277 'zext' 'zext_ln51_15' <Predicate = true> <Delay = 0.00>
ST_3 : Operation 278 [1/1] (0.00ns)   --->   "%zext_ln51_16 = zext i15 %select_ln51_15" [firmware/nnet_utils/nnet_activation_stream.h:51]   --->   Operation 278 'zext' 'zext_ln51_16' <Predicate = true> <Delay = 0.00>
ST_3 : Operation 279 [1/1] (0.00ns)   --->   "%zext_ln51_17 = zext i15 %select_ln51_16" [firmware/nnet_utils/nnet_activation_stream.h:51]   --->   Operation 279 'zext' 'zext_ln51_17' <Predicate = true> <Delay = 0.00>
ST_3 : Operation 280 [1/1] (0.00ns)   --->   "%zext_ln51_18 = zext i15 %select_ln51_17" [firmware/nnet_utils/nnet_activation_stream.h:51]   --->   Operation 280 'zext' 'zext_ln51_18' <Predicate = true> <Delay = 0.00>
ST_3 : Operation 281 [1/1] (0.00ns)   --->   "%zext_ln51_19 = zext i15 %select_ln51_18" [firmware/nnet_utils/nnet_activation_stream.h:51]   --->   Operation 281 'zext' 'zext_ln51_19' <Predicate = true> <Delay = 0.00>
ST_3 : Operation 282 [1/1] (0.00ns)   --->   "%zext_ln51_20 = zext i15 %select_ln51_19" [firmware/nnet_utils/nnet_activation_stream.h:51]   --->   Operation 282 'zext' 'zext_ln51_20' <Predicate = true> <Delay = 0.00>
ST_3 : Operation 283 [1/1] (0.00ns)   --->   "%zext_ln51_21 = zext i15 %select_ln51_20" [firmware/nnet_utils/nnet_activation_stream.h:51]   --->   Operation 283 'zext' 'zext_ln51_21' <Predicate = true> <Delay = 0.00>
ST_3 : Operation 284 [1/1] (0.00ns)   --->   "%zext_ln51_22 = zext i15 %select_ln51_21" [firmware/nnet_utils/nnet_activation_stream.h:51]   --->   Operation 284 'zext' 'zext_ln51_22' <Predicate = true> <Delay = 0.00>
ST_3 : Operation 285 [1/1] (0.00ns)   --->   "%zext_ln51_23 = zext i15 %select_ln51_22" [firmware/nnet_utils/nnet_activation_stream.h:51]   --->   Operation 285 'zext' 'zext_ln51_23' <Predicate = true> <Delay = 0.00>
ST_3 : Operation 286 [1/1] (0.00ns)   --->   "%zext_ln51_24 = zext i15 %select_ln51_23" [firmware/nnet_utils/nnet_activation_stream.h:51]   --->   Operation 286 'zext' 'zext_ln51_24' <Predicate = true> <Delay = 0.00>
ST_3 : Operation 287 [1/1] (0.00ns)   --->   "%zext_ln51_25 = zext i15 %select_ln51_24" [firmware/nnet_utils/nnet_activation_stream.h:51]   --->   Operation 287 'zext' 'zext_ln51_25' <Predicate = true> <Delay = 0.00>
ST_3 : Operation 288 [1/1] (0.00ns)   --->   "%zext_ln51_26 = zext i15 %select_ln51_25" [firmware/nnet_utils/nnet_activation_stream.h:51]   --->   Operation 288 'zext' 'zext_ln51_26' <Predicate = true> <Delay = 0.00>
ST_3 : Operation 289 [1/1] (0.00ns)   --->   "%zext_ln51_27 = zext i15 %select_ln51_26" [firmware/nnet_utils/nnet_activation_stream.h:51]   --->   Operation 289 'zext' 'zext_ln51_27' <Predicate = true> <Delay = 0.00>
ST_3 : Operation 290 [1/1] (0.00ns)   --->   "%zext_ln51_28 = zext i15 %select_ln51_27" [firmware/nnet_utils/nnet_activation_stream.h:51]   --->   Operation 290 'zext' 'zext_ln51_28' <Predicate = true> <Delay = 0.00>
ST_3 : Operation 291 [1/1] (0.00ns)   --->   "%zext_ln51_29 = zext i15 %select_ln51_28" [firmware/nnet_utils/nnet_activation_stream.h:51]   --->   Operation 291 'zext' 'zext_ln51_29' <Predicate = true> <Delay = 0.00>
ST_3 : Operation 292 [1/1] (0.00ns)   --->   "%zext_ln51_30 = zext i15 %select_ln51_29" [firmware/nnet_utils/nnet_activation_stream.h:51]   --->   Operation 292 'zext' 'zext_ln51_30' <Predicate = true> <Delay = 0.00>
ST_3 : Operation 293 [1/1] (0.00ns)   --->   "%zext_ln51_31 = zext i15 %select_ln51_30" [firmware/nnet_utils/nnet_activation_stream.h:51]   --->   Operation 293 'zext' 'zext_ln51_31' <Predicate = true> <Delay = 0.00>
ST_3 : Operation 294 [1/1] (0.00ns)   --->   "%zext_ln51_32 = zext i15 %select_ln51_31" [firmware/nnet_utils/nnet_activation_stream.h:51]   --->   Operation 294 'zext' 'zext_ln51_32' <Predicate = true> <Delay = 0.00>
ST_3 : Operation 295 [1/1] (0.00ns)   --->   "%zext_ln51_33 = zext i15 %select_ln51_32" [firmware/nnet_utils/nnet_activation_stream.h:51]   --->   Operation 295 'zext' 'zext_ln51_33' <Predicate = true> <Delay = 0.00>
ST_3 : Operation 296 [1/1] (0.00ns)   --->   "%zext_ln51_34 = zext i15 %select_ln51_33" [firmware/nnet_utils/nnet_activation_stream.h:51]   --->   Operation 296 'zext' 'zext_ln51_34' <Predicate = true> <Delay = 0.00>
ST_3 : Operation 297 [1/1] (0.00ns)   --->   "%zext_ln51_35 = zext i15 %select_ln51_34" [firmware/nnet_utils/nnet_activation_stream.h:51]   --->   Operation 297 'zext' 'zext_ln51_35' <Predicate = true> <Delay = 0.00>
ST_3 : Operation 298 [1/1] (0.00ns)   --->   "%zext_ln51_36 = zext i15 %select_ln51_35" [firmware/nnet_utils/nnet_activation_stream.h:51]   --->   Operation 298 'zext' 'zext_ln51_36' <Predicate = true> <Delay = 0.00>
ST_3 : Operation 299 [1/1] (0.00ns)   --->   "%zext_ln51_37 = zext i15 %select_ln51_36" [firmware/nnet_utils/nnet_activation_stream.h:51]   --->   Operation 299 'zext' 'zext_ln51_37' <Predicate = true> <Delay = 0.00>
ST_3 : Operation 300 [1/1] (0.00ns)   --->   "%zext_ln51_38 = zext i15 %select_ln51_37" [firmware/nnet_utils/nnet_activation_stream.h:51]   --->   Operation 300 'zext' 'zext_ln51_38' <Predicate = true> <Delay = 0.00>
ST_3 : Operation 301 [1/1] (0.00ns)   --->   "%zext_ln51_39 = zext i15 %select_ln51_38" [firmware/nnet_utils/nnet_activation_stream.h:51]   --->   Operation 301 'zext' 'zext_ln51_39' <Predicate = true> <Delay = 0.00>
ST_3 : Operation 302 [1/1] (0.00ns)   --->   "%zext_ln51_40 = zext i15 %select_ln51_39" [firmware/nnet_utils/nnet_activation_stream.h:51]   --->   Operation 302 'zext' 'zext_ln51_40' <Predicate = true> <Delay = 0.00>
ST_3 : Operation 303 [1/1] (0.00ns)   --->   "%zext_ln51_41 = zext i15 %select_ln51_40" [firmware/nnet_utils/nnet_activation_stream.h:51]   --->   Operation 303 'zext' 'zext_ln51_41' <Predicate = true> <Delay = 0.00>
ST_3 : Operation 304 [1/1] (0.00ns)   --->   "%zext_ln51_42 = zext i15 %select_ln51_41" [firmware/nnet_utils/nnet_activation_stream.h:51]   --->   Operation 304 'zext' 'zext_ln51_42' <Predicate = true> <Delay = 0.00>
ST_3 : Operation 305 [1/1] (0.00ns)   --->   "%zext_ln51_43 = zext i15 %select_ln51_42" [firmware/nnet_utils/nnet_activation_stream.h:51]   --->   Operation 305 'zext' 'zext_ln51_43' <Predicate = true> <Delay = 0.00>
ST_3 : Operation 306 [1/1] (0.00ns)   --->   "%zext_ln51_44 = zext i15 %select_ln51_43" [firmware/nnet_utils/nnet_activation_stream.h:51]   --->   Operation 306 'zext' 'zext_ln51_44' <Predicate = true> <Delay = 0.00>
ST_3 : Operation 307 [1/1] (0.00ns)   --->   "%zext_ln51_45 = zext i15 %select_ln51_44" [firmware/nnet_utils/nnet_activation_stream.h:51]   --->   Operation 307 'zext' 'zext_ln51_45' <Predicate = true> <Delay = 0.00>
ST_3 : Operation 308 [1/1] (0.00ns)   --->   "%zext_ln51_46 = zext i15 %select_ln51_45" [firmware/nnet_utils/nnet_activation_stream.h:51]   --->   Operation 308 'zext' 'zext_ln51_46' <Predicate = true> <Delay = 0.00>
ST_3 : Operation 309 [1/1] (0.00ns)   --->   "%zext_ln51_47 = zext i15 %select_ln51_46" [firmware/nnet_utils/nnet_activation_stream.h:51]   --->   Operation 309 'zext' 'zext_ln51_47' <Predicate = true> <Delay = 0.00>
ST_3 : Operation 310 [1/1] (0.00ns)   --->   "%zext_ln51_48 = zext i15 %select_ln51_47" [firmware/nnet_utils/nnet_activation_stream.h:51]   --->   Operation 310 'zext' 'zext_ln51_48' <Predicate = true> <Delay = 0.00>
ST_3 : Operation 311 [1/1] (0.00ns)   --->   "%zext_ln51_49 = zext i15 %select_ln51_48" [firmware/nnet_utils/nnet_activation_stream.h:51]   --->   Operation 311 'zext' 'zext_ln51_49' <Predicate = true> <Delay = 0.00>
ST_3 : Operation 312 [1/1] (0.00ns)   --->   "%zext_ln51_50 = zext i15 %select_ln51_49" [firmware/nnet_utils/nnet_activation_stream.h:51]   --->   Operation 312 'zext' 'zext_ln51_50' <Predicate = true> <Delay = 0.00>
ST_3 : Operation 313 [1/1] (0.00ns)   --->   "%zext_ln51_51 = zext i15 %select_ln51_50" [firmware/nnet_utils/nnet_activation_stream.h:51]   --->   Operation 313 'zext' 'zext_ln51_51' <Predicate = true> <Delay = 0.00>
ST_3 : Operation 314 [1/1] (0.00ns)   --->   "%zext_ln51_52 = zext i15 %select_ln51_51" [firmware/nnet_utils/nnet_activation_stream.h:51]   --->   Operation 314 'zext' 'zext_ln51_52' <Predicate = true> <Delay = 0.00>
ST_3 : Operation 315 [1/1] (0.00ns)   --->   "%zext_ln51_53 = zext i15 %select_ln51_52" [firmware/nnet_utils/nnet_activation_stream.h:51]   --->   Operation 315 'zext' 'zext_ln51_53' <Predicate = true> <Delay = 0.00>
ST_3 : Operation 316 [1/1] (0.00ns)   --->   "%zext_ln51_54 = zext i15 %select_ln51_53" [firmware/nnet_utils/nnet_activation_stream.h:51]   --->   Operation 316 'zext' 'zext_ln51_54' <Predicate = true> <Delay = 0.00>
ST_3 : Operation 317 [1/1] (0.00ns)   --->   "%zext_ln51_55 = zext i15 %select_ln51_54" [firmware/nnet_utils/nnet_activation_stream.h:51]   --->   Operation 317 'zext' 'zext_ln51_55' <Predicate = true> <Delay = 0.00>
ST_3 : Operation 318 [1/1] (0.00ns)   --->   "%zext_ln51_56 = zext i15 %select_ln51_55" [firmware/nnet_utils/nnet_activation_stream.h:51]   --->   Operation 318 'zext' 'zext_ln51_56' <Predicate = true> <Delay = 0.00>
ST_3 : Operation 319 [1/1] (0.00ns)   --->   "%zext_ln51_57 = zext i15 %select_ln51_56" [firmware/nnet_utils/nnet_activation_stream.h:51]   --->   Operation 319 'zext' 'zext_ln51_57' <Predicate = true> <Delay = 0.00>
ST_3 : Operation 320 [1/1] (0.00ns)   --->   "%zext_ln51_58 = zext i15 %select_ln51_57" [firmware/nnet_utils/nnet_activation_stream.h:51]   --->   Operation 320 'zext' 'zext_ln51_58' <Predicate = true> <Delay = 0.00>
ST_3 : Operation 321 [1/1] (0.00ns)   --->   "%zext_ln51_59 = zext i15 %select_ln51_58" [firmware/nnet_utils/nnet_activation_stream.h:51]   --->   Operation 321 'zext' 'zext_ln51_59' <Predicate = true> <Delay = 0.00>
ST_3 : Operation 322 [1/1] (0.00ns)   --->   "%zext_ln51_60 = zext i15 %select_ln51_59" [firmware/nnet_utils/nnet_activation_stream.h:51]   --->   Operation 322 'zext' 'zext_ln51_60' <Predicate = true> <Delay = 0.00>
ST_3 : Operation 323 [1/1] (0.00ns)   --->   "%zext_ln51_61 = zext i15 %select_ln51_60" [firmware/nnet_utils/nnet_activation_stream.h:51]   --->   Operation 323 'zext' 'zext_ln51_61' <Predicate = true> <Delay = 0.00>
ST_3 : Operation 324 [1/1] (0.00ns)   --->   "%zext_ln51_62 = zext i15 %select_ln51_61" [firmware/nnet_utils/nnet_activation_stream.h:51]   --->   Operation 324 'zext' 'zext_ln51_62' <Predicate = true> <Delay = 0.00>
ST_3 : Operation 325 [1/1] (0.00ns)   --->   "%zext_ln51_63 = zext i15 %select_ln51_62" [firmware/nnet_utils/nnet_activation_stream.h:51]   --->   Operation 325 'zext' 'zext_ln51_63' <Predicate = true> <Delay = 0.00>
ST_3 : Operation 326 [1/1] (0.00ns)   --->   "%or_ln57_s = bitconcatenate i1023 @_ssdm_op_BitConcatenate.i1023.i15.i16.i16.i16.i16.i16.i16.i16.i16.i16.i16.i16.i16.i16.i16.i16.i16.i16.i16.i16.i16.i16.i16.i16.i16.i16.i16.i16.i16.i16.i16.i16.i16.i16.i16.i16.i16.i16.i16.i16.i16.i16.i16.i16.i16.i16.i16.i16.i16.i16.i16.i16.i16.i16.i16.i16.i16.i16.i16.i16.i16.i16.i16.i16, i15 %select_ln51_63, i16 %zext_ln51_63, i16 %zext_ln51_62, i16 %zext_ln51_61, i16 %zext_ln51_60, i16 %zext_ln51_59, i16 %zext_ln51_58, i16 %zext_ln51_57, i16 %zext_ln51_56, i16 %zext_ln51_55, i16 %zext_ln51_54, i16 %zext_ln51_53, i16 %zext_ln51_52, i16 %zext_ln51_51, i16 %zext_ln51_50, i16 %zext_ln51_49, i16 %zext_ln51_48, i16 %zext_ln51_47, i16 %zext_ln51_46, i16 %zext_ln51_45, i16 %zext_ln51_44, i16 %zext_ln51_43, i16 %zext_ln51_42, i16 %zext_ln51_41, i16 %zext_ln51_40, i16 %zext_ln51_39, i16 %zext_ln51_38, i16 %zext_ln51_37, i16 %zext_ln51_36, i16 %zext_ln51_35, i16 %zext_ln51_34, i16 %zext_ln51_33, i16 %zext_ln51_32, i16 %zext_ln51_31, i16 %zext_ln51_30, i16 %zext_ln51_29, i16 %zext_ln51_28, i16 %zext_ln51_27, i16 %zext_ln51_26, i16 %zext_ln51_25, i16 %zext_ln51_24, i16 %zext_ln51_23, i16 %zext_ln51_22, i16 %zext_ln51_21, i16 %zext_ln51_20, i16 %zext_ln51_19, i16 %zext_ln51_18, i16 %zext_ln51_17, i16 %zext_ln51_16, i16 %zext_ln51_15, i16 %zext_ln51_14, i16 %zext_ln51_13, i16 %zext_ln51_12, i16 %zext_ln51_11, i16 %zext_ln51_10, i16 %zext_ln51_9, i16 %zext_ln51_8, i16 %zext_ln51_7, i16 %zext_ln51_6, i16 %zext_ln51_5, i16 %zext_ln51_4, i16 %zext_ln51_3, i16 %zext_ln51_2, i16 %zext_ln51" [firmware/nnet_utils/nnet_activation_stream.h:57]   --->   Operation 326 'bitconcatenate' 'or_ln57_s' <Predicate = true> <Delay = 0.00>
ST_3 : Operation 327 [1/1] (0.00ns)   --->   "%zext_ln57 = zext i1023 %or_ln57_s" [firmware/nnet_utils/nnet_activation_stream.h:57]   --->   Operation 327 'zext' 'zext_ln57' <Predicate = true> <Delay = 0.00>
ST_3 : Operation 328 [1/1] (1.82ns)   --->   "%write_ln57 = write void @_ssdm_op_Write.ap_fifo.volatile.i1024P0A, i1024 %layer3_out, i1024 %zext_ln57" [firmware/nnet_utils/nnet_activation_stream.h:57]   --->   Operation 328 'write' 'write_ln57' <Predicate = true> <Delay = 1.82> <CoreInst = "FIFO_SRL">   --->   Core 81 'FIFO_SRL' <Latency = 0> <II = 1> <Delay = 3.63> <Storage> <Opcode : 'read' 'write' 'nbread' 'nbwrite'> <Ports = 0> <Width = 1024> <Depth = 1> <FIFO>
ST_3 : Operation 329 [1/1] (0.00ns)   --->   "%ret_ln59 = ret" [firmware/nnet_utils/nnet_activation_stream.h:59]   --->   Operation 329 'ret' 'ret_ln59' <Predicate = true> <Delay = 0.00>


============================================================
+ Verbose Summary: Binding
============================================================
STG Binding: 
---------------- STG Properties BEGIN ----------------
- Is combinational: 0
- Is one-state seq: 0
- Is datapath-only: 0
- Is pipelined: 0
- Is top level: 0
Port [ Return ] is wired: 1; IO mode=ap_ctrl_hs:ce=0
Port [ layer2_out]:  wired=1; compound=1; hidden=0; nouse=0; global=0; static=0; extern=0; dir=0; type=3; pingpong=0; private_global=0; IO mode=ap_fifo:ce=0
Port [ layer3_out]:  wired=1; compound=1; hidden=0; nouse=0; global=0; static=0; extern=0; dir=1; type=3; pingpong=0; private_global=0; IO mode=ap_fifo:ce=0
---------------- STG Properties END ------------------

---------------- Datapath Model BEGIN ----------------

<LifeTime>
<method=bitvector/>
layer2_out_read   (read          ) [ 0000]
in_data           (trunc         ) [ 0010]
trunc_ln44_1      (trunc         ) [ 0010]
trunc_ln44_2      (partselect    ) [ 0010]
trunc_ln44_3      (partselect    ) [ 0010]
in_data_4         (partselect    ) [ 0010]
trunc_ln44_s      (partselect    ) [ 0010]
in_data_5         (partselect    ) [ 0010]
trunc_ln44_4      (partselect    ) [ 0010]
in_data_6         (partselect    ) [ 0010]
trunc_ln44_5      (partselect    ) [ 0010]
tmp               (partselect    ) [ 0010]
trunc_ln44_6      (partselect    ) [ 0010]
tmp_s             (partselect    ) [ 0010]
trunc_ln44_7      (partselect    ) [ 0010]
tmp_7             (partselect    ) [ 0010]
trunc_ln44_8      (partselect    ) [ 0010]
tmp_8             (partselect    ) [ 0010]
trunc_ln44_9      (partselect    ) [ 0010]
tmp_9             (partselect    ) [ 0010]
trunc_ln44_10     (partselect    ) [ 0010]
tmp_1             (partselect    ) [ 0010]
trunc_ln44_11     (partselect    ) [ 0010]
tmp_2             (partselect    ) [ 0010]
trunc_ln44_12     (partselect    ) [ 0010]
tmp_3             (partselect    ) [ 0010]
trunc_ln44_13     (partselect    ) [ 0010]
tmp_4             (partselect    ) [ 0010]
trunc_ln44_14     (partselect    ) [ 0010]
tmp_5             (partselect    ) [ 0010]
trunc_ln44_15     (partselect    ) [ 0010]
tmp_6             (partselect    ) [ 0010]
trunc_ln44_16     (partselect    ) [ 0010]
tmp_10            (partselect    ) [ 0010]
trunc_ln44_17     (partselect    ) [ 0010]
tmp_11            (partselect    ) [ 0010]
trunc_ln44_18     (partselect    ) [ 0010]
tmp_12            (partselect    ) [ 0010]
trunc_ln44_19     (partselect    ) [ 0010]
tmp_13            (partselect    ) [ 0010]
trunc_ln44_20     (partselect    ) [ 0010]
tmp_14            (partselect    ) [ 0010]
trunc_ln44_21     (partselect    ) [ 0010]
tmp_15            (partselect    ) [ 0010]
trunc_ln44_22     (partselect    ) [ 0010]
tmp_16            (partselect    ) [ 0010]
trunc_ln44_23     (partselect    ) [ 0010]
tmp_17            (partselect    ) [ 0010]
trunc_ln44_24     (partselect    ) [ 0010]
tmp_18            (partselect    ) [ 0010]
trunc_ln44_25     (partselect    ) [ 0010]
tmp_19            (partselect    ) [ 0010]
trunc_ln44_26     (partselect    ) [ 0010]
tmp_20            (partselect    ) [ 0010]
trunc_ln44_27     (partselect    ) [ 0010]
tmp_21            (partselect    ) [ 0010]
trunc_ln44_28     (partselect    ) [ 0010]
tmp_22            (partselect    ) [ 0010]
trunc_ln44_29     (partselect    ) [ 0010]
tmp_23            (partselect    ) [ 0010]
trunc_ln44_30     (partselect    ) [ 0010]
tmp_24            (partselect    ) [ 0010]
trunc_ln44_31     (partselect    ) [ 0010]
tmp_25            (partselect    ) [ 0010]
trunc_ln44_32     (partselect    ) [ 0010]
tmp_26            (partselect    ) [ 0010]
trunc_ln44_33     (partselect    ) [ 0010]
tmp_27            (partselect    ) [ 0010]
trunc_ln44_34     (partselect    ) [ 0010]
tmp_28            (partselect    ) [ 0010]
trunc_ln44_35     (partselect    ) [ 0010]
tmp_29            (partselect    ) [ 0010]
trunc_ln44_36     (partselect    ) [ 0010]
tmp_30            (partselect    ) [ 0010]
trunc_ln44_37     (partselect    ) [ 0010]
tmp_31            (partselect    ) [ 0010]
trunc_ln44_38     (partselect    ) [ 0010]
tmp_32            (partselect    ) [ 0010]
trunc_ln44_39     (partselect    ) [ 0010]
tmp_33            (partselect    ) [ 0010]
trunc_ln44_40     (partselect    ) [ 0010]
tmp_34            (partselect    ) [ 0010]
trunc_ln44_41     (partselect    ) [ 0010]
tmp_35            (partselect    ) [ 0010]
trunc_ln44_42     (partselect    ) [ 0010]
tmp_36            (partselect    ) [ 0010]
trunc_ln44_43     (partselect    ) [ 0010]
tmp_37            (partselect    ) [ 0010]
trunc_ln44_44     (partselect    ) [ 0010]
tmp_38            (partselect    ) [ 0010]
trunc_ln44_45     (partselect    ) [ 0010]
tmp_39            (partselect    ) [ 0010]
trunc_ln44_46     (partselect    ) [ 0010]
tmp_40            (partselect    ) [ 0010]
trunc_ln44_47     (partselect    ) [ 0010]
tmp_41            (partselect    ) [ 0010]
trunc_ln44_48     (partselect    ) [ 0010]
tmp_42            (partselect    ) [ 0010]
trunc_ln44_49     (partselect    ) [ 0010]
tmp_43            (partselect    ) [ 0010]
trunc_ln44_50     (partselect    ) [ 0010]
tmp_44            (partselect    ) [ 0010]
trunc_ln44_51     (partselect    ) [ 0010]
tmp_45            (partselect    ) [ 0010]
trunc_ln44_52     (partselect    ) [ 0010]
tmp_46            (partselect    ) [ 0010]
trunc_ln44_53     (partselect    ) [ 0010]
tmp_47            (partselect    ) [ 0010]
trunc_ln44_54     (partselect    ) [ 0010]
tmp_48            (partselect    ) [ 0010]
trunc_ln44_55     (partselect    ) [ 0010]
tmp_49            (partselect    ) [ 0010]
trunc_ln44_56     (partselect    ) [ 0010]
tmp_50            (partselect    ) [ 0010]
trunc_ln44_57     (partselect    ) [ 0010]
tmp_51            (partselect    ) [ 0010]
trunc_ln44_58     (partselect    ) [ 0010]
tmp_52            (partselect    ) [ 0010]
trunc_ln44_59     (partselect    ) [ 0010]
tmp_53            (partselect    ) [ 0010]
trunc_ln44_60     (partselect    ) [ 0010]
tmp_54            (partselect    ) [ 0010]
trunc_ln44_61     (partselect    ) [ 0010]
tmp_55            (partselect    ) [ 0010]
trunc_ln44_62     (partselect    ) [ 0010]
tmp_56            (partselect    ) [ 0010]
trunc_ln44_63     (partselect    ) [ 0010]
trunc_ln44_64     (partselect    ) [ 0010]
trunc_ln          (partselect    ) [ 0010]
icmp_ln51         (icmp          ) [ 0000]
select_ln51       (select        ) [ 0001]
icmp_ln51_1       (icmp          ) [ 0000]
select_ln51_1     (select        ) [ 0001]
icmp_ln51_2       (icmp          ) [ 0000]
select_ln51_2     (select        ) [ 0001]
icmp_ln51_3       (icmp          ) [ 0000]
select_ln51_3     (select        ) [ 0001]
icmp_ln51_4       (icmp          ) [ 0000]
select_ln51_4     (select        ) [ 0001]
icmp_ln51_5       (icmp          ) [ 0000]
select_ln51_5     (select        ) [ 0001]
icmp_ln51_6       (icmp          ) [ 0000]
select_ln51_6     (select        ) [ 0001]
icmp_ln51_7       (icmp          ) [ 0000]
select_ln51_7     (select        ) [ 0001]
icmp_ln51_8       (icmp          ) [ 0000]
select_ln51_8     (select        ) [ 0001]
icmp_ln51_9       (icmp          ) [ 0000]
select_ln51_9     (select        ) [ 0001]
icmp_ln51_10      (icmp          ) [ 0000]
select_ln51_10    (select        ) [ 0001]
icmp_ln51_11      (icmp          ) [ 0000]
select_ln51_11    (select        ) [ 0001]
icmp_ln51_12      (icmp          ) [ 0000]
select_ln51_12    (select        ) [ 0001]
icmp_ln51_13      (icmp          ) [ 0000]
select_ln51_13    (select        ) [ 0001]
icmp_ln51_14      (icmp          ) [ 0000]
select_ln51_14    (select        ) [ 0001]
icmp_ln51_15      (icmp          ) [ 0000]
select_ln51_15    (select        ) [ 0001]
icmp_ln51_16      (icmp          ) [ 0000]
select_ln51_16    (select        ) [ 0001]
icmp_ln51_17      (icmp          ) [ 0000]
select_ln51_17    (select        ) [ 0001]
icmp_ln51_18      (icmp          ) [ 0000]
select_ln51_18    (select        ) [ 0001]
icmp_ln51_19      (icmp          ) [ 0000]
select_ln51_19    (select        ) [ 0001]
icmp_ln51_20      (icmp          ) [ 0000]
select_ln51_20    (select        ) [ 0001]
icmp_ln51_21      (icmp          ) [ 0000]
select_ln51_21    (select        ) [ 0001]
icmp_ln51_22      (icmp          ) [ 0000]
select_ln51_22    (select        ) [ 0001]
icmp_ln51_23      (icmp          ) [ 0000]
select_ln51_23    (select        ) [ 0001]
icmp_ln51_24      (icmp          ) [ 0000]
select_ln51_24    (select        ) [ 0001]
icmp_ln51_25      (icmp          ) [ 0000]
select_ln51_25    (select        ) [ 0001]
icmp_ln51_26      (icmp          ) [ 0000]
select_ln51_26    (select        ) [ 0001]
icmp_ln51_27      (icmp          ) [ 0000]
select_ln51_27    (select        ) [ 0001]
icmp_ln51_28      (icmp          ) [ 0000]
select_ln51_28    (select        ) [ 0001]
icmp_ln51_29      (icmp          ) [ 0000]
select_ln51_29    (select        ) [ 0001]
icmp_ln51_30      (icmp          ) [ 0000]
select_ln51_30    (select        ) [ 0001]
icmp_ln51_31      (icmp          ) [ 0000]
select_ln51_31    (select        ) [ 0001]
icmp_ln51_32      (icmp          ) [ 0000]
select_ln51_32    (select        ) [ 0001]
icmp_ln51_33      (icmp          ) [ 0000]
select_ln51_33    (select        ) [ 0001]
icmp_ln51_34      (icmp          ) [ 0000]
select_ln51_34    (select        ) [ 0001]
icmp_ln51_35      (icmp          ) [ 0000]
select_ln51_35    (select        ) [ 0001]
icmp_ln51_36      (icmp          ) [ 0000]
select_ln51_36    (select        ) [ 0001]
icmp_ln51_37      (icmp          ) [ 0000]
select_ln51_37    (select        ) [ 0001]
icmp_ln51_38      (icmp          ) [ 0000]
select_ln51_38    (select        ) [ 0001]
icmp_ln51_39      (icmp          ) [ 0000]
select_ln51_39    (select        ) [ 0001]
icmp_ln51_40      (icmp          ) [ 0000]
select_ln51_40    (select        ) [ 0001]
icmp_ln51_41      (icmp          ) [ 0000]
select_ln51_41    (select        ) [ 0001]
icmp_ln51_42      (icmp          ) [ 0000]
select_ln51_42    (select        ) [ 0001]
icmp_ln51_43      (icmp          ) [ 0000]
select_ln51_43    (select        ) [ 0001]
icmp_ln51_44      (icmp          ) [ 0000]
select_ln51_44    (select        ) [ 0001]
icmp_ln51_45      (icmp          ) [ 0000]
select_ln51_45    (select        ) [ 0001]
icmp_ln51_46      (icmp          ) [ 0000]
select_ln51_46    (select        ) [ 0001]
icmp_ln51_47      (icmp          ) [ 0000]
select_ln51_47    (select        ) [ 0001]
icmp_ln51_48      (icmp          ) [ 0000]
select_ln51_48    (select        ) [ 0001]
icmp_ln51_49      (icmp          ) [ 0000]
select_ln51_49    (select        ) [ 0001]
icmp_ln51_50      (icmp          ) [ 0000]
select_ln51_50    (select        ) [ 0001]
icmp_ln51_51      (icmp          ) [ 0000]
select_ln51_51    (select        ) [ 0001]
icmp_ln51_52      (icmp          ) [ 0000]
select_ln51_52    (select        ) [ 0001]
icmp_ln51_53      (icmp          ) [ 0000]
select_ln51_53    (select        ) [ 0001]
icmp_ln51_54      (icmp          ) [ 0000]
select_ln51_54    (select        ) [ 0001]
icmp_ln51_55      (icmp          ) [ 0000]
select_ln51_55    (select        ) [ 0001]
icmp_ln51_56      (icmp          ) [ 0000]
select_ln51_56    (select        ) [ 0001]
icmp_ln51_57      (icmp          ) [ 0000]
select_ln51_57    (select        ) [ 0001]
icmp_ln51_58      (icmp          ) [ 0000]
select_ln51_58    (select        ) [ 0001]
icmp_ln51_59      (icmp          ) [ 0000]
select_ln51_59    (select        ) [ 0001]
icmp_ln51_60      (icmp          ) [ 0000]
select_ln51_60    (select        ) [ 0001]
icmp_ln51_61      (icmp          ) [ 0000]
select_ln51_61    (select        ) [ 0001]
icmp_ln51_62      (icmp          ) [ 0000]
select_ln51_62    (select        ) [ 0001]
icmp_ln51_63      (icmp          ) [ 0000]
select_ln51_63    (select        ) [ 0001]
specinterface_ln0 (specinterface ) [ 0000]
specinterface_ln0 (specinterface ) [ 0000]
zext_ln51         (zext          ) [ 0000]
zext_ln51_2       (zext          ) [ 0000]
zext_ln51_3       (zext          ) [ 0000]
zext_ln51_4       (zext          ) [ 0000]
zext_ln51_5       (zext          ) [ 0000]
zext_ln51_6       (zext          ) [ 0000]
zext_ln51_7       (zext          ) [ 0000]
zext_ln51_8       (zext          ) [ 0000]
zext_ln51_9       (zext          ) [ 0000]
zext_ln51_10      (zext          ) [ 0000]
zext_ln51_11      (zext          ) [ 0000]
zext_ln51_12      (zext          ) [ 0000]
zext_ln51_13      (zext          ) [ 0000]
zext_ln51_14      (zext          ) [ 0000]
zext_ln51_15      (zext          ) [ 0000]
zext_ln51_16      (zext          ) [ 0000]
zext_ln51_17      (zext          ) [ 0000]
zext_ln51_18      (zext          ) [ 0000]
zext_ln51_19      (zext          ) [ 0000]
zext_ln51_20      (zext          ) [ 0000]
zext_ln51_21      (zext          ) [ 0000]
zext_ln51_22      (zext          ) [ 0000]
zext_ln51_23      (zext          ) [ 0000]
zext_ln51_24      (zext          ) [ 0000]
zext_ln51_25      (zext          ) [ 0000]
zext_ln51_26      (zext          ) [ 0000]
zext_ln51_27      (zext          ) [ 0000]
zext_ln51_28      (zext          ) [ 0000]
zext_ln51_29      (zext          ) [ 0000]
zext_ln51_30      (zext          ) [ 0000]
zext_ln51_31      (zext          ) [ 0000]
zext_ln51_32      (zext          ) [ 0000]
zext_ln51_33      (zext          ) [ 0000]
zext_ln51_34      (zext          ) [ 0000]
zext_ln51_35      (zext          ) [ 0000]
zext_ln51_36      (zext          ) [ 0000]
zext_ln51_37      (zext          ) [ 0000]
zext_ln51_38      (zext          ) [ 0000]
zext_ln51_39      (zext          ) [ 0000]
zext_ln51_40      (zext          ) [ 0000]
zext_ln51_41      (zext          ) [ 0000]
zext_ln51_42      (zext          ) [ 0000]
zext_ln51_43      (zext          ) [ 0000]
zext_ln51_44      (zext          ) [ 0000]
zext_ln51_45      (zext          ) [ 0000]
zext_ln51_46      (zext          ) [ 0000]
zext_ln51_47      (zext          ) [ 0000]
zext_ln51_48      (zext          ) [ 0000]
zext_ln51_49      (zext          ) [ 0000]
zext_ln51_50      (zext          ) [ 0000]
zext_ln51_51      (zext          ) [ 0000]
zext_ln51_52      (zext          ) [ 0000]
zext_ln51_53      (zext          ) [ 0000]
zext_ln51_54      (zext          ) [ 0000]
zext_ln51_55      (zext          ) [ 0000]
zext_ln51_56      (zext          ) [ 0000]
zext_ln51_57      (zext          ) [ 0000]
zext_ln51_58      (zext          ) [ 0000]
zext_ln51_59      (zext          ) [ 0000]
zext_ln51_60      (zext          ) [ 0000]
zext_ln51_61      (zext          ) [ 0000]
zext_ln51_62      (zext          ) [ 0000]
zext_ln51_63      (zext          ) [ 0000]
or_ln57_s         (bitconcatenate) [ 0000]
zext_ln57         (zext          ) [ 0000]
write_ln57        (write         ) [ 0000]
ret_ln59          (ret           ) [ 0000]
</LifeTime>

<model>

<comp_list>
<comp id="0" class="1000" name="layer2_out">
<pin_list>
<pin id="1" dir="1" index="0" bw="1" slack="0"/>
</pin_list>
<bind>
<StgValue><ssdm name="layer2_out"/></StgValue>
</bind>
</comp>

<comp id="2" class="1000" name="layer3_out">
<pin_list>
<pin id="3" dir="1" index="0" bw="1" slack="0"/>
</pin_list>
<bind>
<StgValue><ssdm name="layer3_out"/></StgValue>
</bind>
</comp>

<comp id="4" class="1001" name="const_4">
<pin_list>
<pin id="5" dir="1" index="0" bw="1" slack="0"/>
</pin_list>
<bind>
<StgValue><ssdm name="_ssdm_op_Read.ap_fifo.volatile.i1024P0A"/></StgValue>
</bind>
</comp>

<comp id="6" class="1001" name="const_6">
<pin_list>
<pin id="7" dir="1" index="0" bw="1" slack="0"/>
</pin_list>
<bind>
<StgValue><ssdm name="_ssdm_op_PartSelect.i16.i1024.i32.i32"/></StgValue>
</bind>
</comp>

<comp id="8" class="1001" name="const_8">
<pin_list>
<pin id="9" dir="1" index="0" bw="1" slack="0"/>
</pin_list>
<bind>
<StgValue><ssdm name=""/></StgValue>
</bind>
</comp>

<comp id="10" class="1001" name="const_10">
<pin_list>
<pin id="11" dir="1" index="0" bw="1" slack="0"/>
</pin_list>
<bind>
<StgValue><ssdm name=""/></StgValue>
</bind>
</comp>

<comp id="12" class="1001" name="const_12">
<pin_list>
<pin id="13" dir="1" index="0" bw="1" slack="0"/>
</pin_list>
<bind>
<StgValue><ssdm name=""/></StgValue>
</bind>
</comp>

<comp id="14" class="1001" name="const_14">
<pin_list>
<pin id="15" dir="1" index="0" bw="1" slack="0"/>
</pin_list>
<bind>
<StgValue><ssdm name=""/></StgValue>
</bind>
</comp>

<comp id="16" class="1001" name="const_16">
<pin_list>
<pin id="17" dir="1" index="0" bw="1" slack="0"/>
</pin_list>
<bind>
<StgValue><ssdm name=""/></StgValue>
</bind>
</comp>

<comp id="18" class="1001" name="const_18">
<pin_list>
<pin id="19" dir="1" index="0" bw="1" slack="0"/>
</pin_list>
<bind>
<StgValue><ssdm name=""/></StgValue>
</bind>
</comp>

<comp id="20" class="1001" name="const_20">
<pin_list>
<pin id="21" dir="1" index="0" bw="1" slack="0"/>
</pin_list>
<bind>
<StgValue><ssdm name="_ssdm_op_PartSelect.i15.i1024.i32.i32"/></StgValue>
</bind>
</comp>

<comp id="22" class="1001" name="const_22">
<pin_list>
<pin id="23" dir="1" index="0" bw="1" slack="0"/>
</pin_list>
<bind>
<StgValue><ssdm name=""/></StgValue>
</bind>
</comp>

<comp id="24" class="1001" name="const_24">
<pin_list>
<pin id="25" dir="1" index="0" bw="1" slack="0"/>
</pin_list>
<bind>
<StgValue><ssdm name=""/></StgValue>
</bind>
</comp>

<comp id="26" class="1001" name="const_26">
<pin_list>
<pin id="27" dir="1" index="0" bw="1" slack="0"/>
</pin_list>
<bind>
<StgValue><ssdm name=""/></StgValue>
</bind>
</comp>

<comp id="28" class="1001" name="const_28">
<pin_list>
<pin id="29" dir="1" index="0" bw="1" slack="0"/>
</pin_list>
<bind>
<StgValue><ssdm name=""/></StgValue>
</bind>
</comp>

<comp id="30" class="1001" name="const_30">
<pin_list>
<pin id="31" dir="1" index="0" bw="1" slack="0"/>
</pin_list>
<bind>
<StgValue><ssdm name=""/></StgValue>
</bind>
</comp>

<comp id="32" class="1001" name="const_32">
<pin_list>
<pin id="33" dir="1" index="0" bw="1" slack="0"/>
</pin_list>
<bind>
<StgValue><ssdm name=""/></StgValue>
</bind>
</comp>

<comp id="34" class="1001" name="const_34">
<pin_list>
<pin id="35" dir="1" index="0" bw="1" slack="0"/>
</pin_list>
<bind>
<StgValue><ssdm name=""/></StgValue>
</bind>
</comp>

<comp id="36" class="1001" name="const_36">
<pin_list>
<pin id="37" dir="1" index="0" bw="1" slack="0"/>
</pin_list>
<bind>
<StgValue><ssdm name=""/></StgValue>
</bind>
</comp>

<comp id="38" class="1001" name="const_38">
<pin_list>
<pin id="39" dir="1" index="0" bw="1" slack="0"/>
</pin_list>
<bind>
<StgValue><ssdm name=""/></StgValue>
</bind>
</comp>

<comp id="40" class="1001" name="const_40">
<pin_list>
<pin id="41" dir="1" index="0" bw="1" slack="0"/>
</pin_list>
<bind>
<StgValue><ssdm name=""/></StgValue>
</bind>
</comp>

<comp id="42" class="1001" name="const_42">
<pin_list>
<pin id="43" dir="1" index="0" bw="1" slack="0"/>
</pin_list>
<bind>
<StgValue><ssdm name=""/></StgValue>
</bind>
</comp>

<comp id="44" class="1001" name="const_44">
<pin_list>
<pin id="45" dir="1" index="0" bw="1" slack="0"/>
</pin_list>
<bind>
<StgValue><ssdm name=""/></StgValue>
</bind>
</comp>

<comp id="46" class="1001" name="const_46">
<pin_list>
<pin id="47" dir="1" index="0" bw="1" slack="0"/>
</pin_list>
<bind>
<StgValue><ssdm name=""/></StgValue>
</bind>
</comp>

<comp id="48" class="1001" name="const_48">
<pin_list>
<pin id="49" dir="1" index="0" bw="1" slack="0"/>
</pin_list>
<bind>
<StgValue><ssdm name=""/></StgValue>
</bind>
</comp>

<comp id="50" class="1001" name="const_50">
<pin_list>
<pin id="51" dir="1" index="0" bw="1" slack="0"/>
</pin_list>
<bind>
<StgValue><ssdm name=""/></StgValue>
</bind>
</comp>

<comp id="52" class="1001" name="const_52">
<pin_list>
<pin id="53" dir="1" index="0" bw="1" slack="0"/>
</pin_list>
<bind>
<StgValue><ssdm name=""/></StgValue>
</bind>
</comp>

<comp id="54" class="1001" name="const_54">
<pin_list>
<pin id="55" dir="1" index="0" bw="1" slack="0"/>
</pin_list>
<bind>
<StgValue><ssdm name=""/></StgValue>
</bind>
</comp>

<comp id="56" class="1001" name="const_56">
<pin_list>
<pin id="57" dir="1" index="0" bw="1" slack="0"/>
</pin_list>
<bind>
<StgValue><ssdm name=""/></StgValue>
</bind>
</comp>

<comp id="58" class="1001" name="const_58">
<pin_list>
<pin id="59" dir="1" index="0" bw="1" slack="0"/>
</pin_list>
<bind>
<StgValue><ssdm name=""/></StgValue>
</bind>
</comp>

<comp id="60" class="1001" name="const_60">
<pin_list>
<pin id="61" dir="1" index="0" bw="1" slack="0"/>
</pin_list>
<bind>
<StgValue><ssdm name=""/></StgValue>
</bind>
</comp>

<comp id="62" class="1001" name="const_62">
<pin_list>
<pin id="63" dir="1" index="0" bw="1" slack="0"/>
</pin_list>
<bind>
<StgValue><ssdm name=""/></StgValue>
</bind>
</comp>

<comp id="64" class="1001" name="const_64">
<pin_list>
<pin id="65" dir="1" index="0" bw="1" slack="0"/>
</pin_list>
<bind>
<StgValue><ssdm name=""/></StgValue>
</bind>
</comp>

<comp id="66" class="1001" name="const_66">
<pin_list>
<pin id="67" dir="1" index="0" bw="1" slack="0"/>
</pin_list>
<bind>
<StgValue><ssdm name=""/></StgValue>
</bind>
</comp>

<comp id="68" class="1001" name="const_68">
<pin_list>
<pin id="69" dir="1" index="0" bw="1" slack="0"/>
</pin_list>
<bind>
<StgValue><ssdm name=""/></StgValue>
</bind>
</comp>

<comp id="70" class="1001" name="const_70">
<pin_list>
<pin id="71" dir="1" index="0" bw="1" slack="0"/>
</pin_list>
<bind>
<StgValue><ssdm name=""/></StgValue>
</bind>
</comp>

<comp id="72" class="1001" name="const_72">
<pin_list>
<pin id="73" dir="1" index="0" bw="1" slack="0"/>
</pin_list>
<bind>
<StgValue><ssdm name=""/></StgValue>
</bind>
</comp>

<comp id="74" class="1001" name="const_74">
<pin_list>
<pin id="75" dir="1" index="0" bw="1" slack="0"/>
</pin_list>
<bind>
<StgValue><ssdm name=""/></StgValue>
</bind>
</comp>

<comp id="76" class="1001" name="const_76">
<pin_list>
<pin id="77" dir="1" index="0" bw="1" slack="0"/>
</pin_list>
<bind>
<StgValue><ssdm name=""/></StgValue>
</bind>
</comp>

<comp id="78" class="1001" name="const_78">
<pin_list>
<pin id="79" dir="1" index="0" bw="1" slack="0"/>
</pin_list>
<bind>
<StgValue><ssdm name=""/></StgValue>
</bind>
</comp>

<comp id="80" class="1001" name="const_80">
<pin_list>
<pin id="81" dir="1" index="0" bw="1" slack="0"/>
</pin_list>
<bind>
<StgValue><ssdm name=""/></StgValue>
</bind>
</comp>

<comp id="82" class="1001" name="const_82">
<pin_list>
<pin id="83" dir="1" index="0" bw="1" slack="0"/>
</pin_list>
<bind>
<StgValue><ssdm name=""/></StgValue>
</bind>
</comp>

<comp id="84" class="1001" name="const_84">
<pin_list>
<pin id="85" dir="1" index="0" bw="1" slack="0"/>
</pin_list>
<bind>
<StgValue><ssdm name=""/></StgValue>
</bind>
</comp>

<comp id="86" class="1001" name="const_86">
<pin_list>
<pin id="87" dir="1" index="0" bw="1" slack="0"/>
</pin_list>
<bind>
<StgValue><ssdm name=""/></StgValue>
</bind>
</comp>

<comp id="88" class="1001" name="const_88">
<pin_list>
<pin id="89" dir="1" index="0" bw="1" slack="0"/>
</pin_list>
<bind>
<StgValue><ssdm name=""/></StgValue>
</bind>
</comp>

<comp id="90" class="1001" name="const_90">
<pin_list>
<pin id="91" dir="1" index="0" bw="1" slack="0"/>
</pin_list>
<bind>
<StgValue><ssdm name=""/></StgValue>
</bind>
</comp>

<comp id="92" class="1001" name="const_92">
<pin_list>
<pin id="93" dir="1" index="0" bw="1" slack="0"/>
</pin_list>
<bind>
<StgValue><ssdm name=""/></StgValue>
</bind>
</comp>

<comp id="94" class="1001" name="const_94">
<pin_list>
<pin id="95" dir="1" index="0" bw="1" slack="0"/>
</pin_list>
<bind>
<StgValue><ssdm name=""/></StgValue>
</bind>
</comp>

<comp id="96" class="1001" name="const_96">
<pin_list>
<pin id="97" dir="1" index="0" bw="1" slack="0"/>
</pin_list>
<bind>
<StgValue><ssdm name=""/></StgValue>
</bind>
</comp>

<comp id="98" class="1001" name="const_98">
<pin_list>
<pin id="99" dir="1" index="0" bw="1" slack="0"/>
</pin_list>
<bind>
<StgValue><ssdm name=""/></StgValue>
</bind>
</comp>

<comp id="100" class="1001" name="const_100">
<pin_list>
<pin id="101" dir="1" index="0" bw="1" slack="0"/>
</pin_list>
<bind>
<StgValue><ssdm name=""/></StgValue>
</bind>
</comp>

<comp id="102" class="1001" name="const_102">
<pin_list>
<pin id="103" dir="1" index="0" bw="1" slack="0"/>
</pin_list>
<bind>
<StgValue><ssdm name=""/></StgValue>
</bind>
</comp>

<comp id="104" class="1001" name="const_104">
<pin_list>
<pin id="105" dir="1" index="0" bw="1" slack="0"/>
</pin_list>
<bind>
<StgValue><ssdm name=""/></StgValue>
</bind>
</comp>

<comp id="106" class="1001" name="const_106">
<pin_list>
<pin id="107" dir="1" index="0" bw="1" slack="0"/>
</pin_list>
<bind>
<StgValue><ssdm name=""/></StgValue>
</bind>
</comp>

<comp id="108" class="1001" name="const_108">
<pin_list>
<pin id="109" dir="1" index="0" bw="1" slack="0"/>
</pin_list>
<bind>
<StgValue><ssdm name=""/></StgValue>
</bind>
</comp>

<comp id="110" class="1001" name="const_110">
<pin_list>
<pin id="111" dir="1" index="0" bw="1" slack="0"/>
</pin_list>
<bind>
<StgValue><ssdm name=""/></StgValue>
</bind>
</comp>

<comp id="112" class="1001" name="const_112">
<pin_list>
<pin id="113" dir="1" index="0" bw="1" slack="0"/>
</pin_list>
<bind>
<StgValue><ssdm name=""/></StgValue>
</bind>
</comp>

<comp id="114" class="1001" name="const_114">
<pin_list>
<pin id="115" dir="1" index="0" bw="1" slack="0"/>
</pin_list>
<bind>
<StgValue><ssdm name=""/></StgValue>
</bind>
</comp>

<comp id="116" class="1001" name="const_116">
<pin_list>
<pin id="117" dir="1" index="0" bw="1" slack="0"/>
</pin_list>
<bind>
<StgValue><ssdm name=""/></StgValue>
</bind>
</comp>

<comp id="118" class="1001" name="const_118">
<pin_list>
<pin id="119" dir="1" index="0" bw="1" slack="0"/>
</pin_list>
<bind>
<StgValue><ssdm name=""/></StgValue>
</bind>
</comp>

<comp id="120" class="1001" name="const_120">
<pin_list>
<pin id="121" dir="1" index="0" bw="1" slack="0"/>
</pin_list>
<bind>
<StgValue><ssdm name=""/></StgValue>
</bind>
</comp>

<comp id="122" class="1001" name="const_122">
<pin_list>
<pin id="123" dir="1" index="0" bw="1" slack="0"/>
</pin_list>
<bind>
<StgValue><ssdm name=""/></StgValue>
</bind>
</comp>

<comp id="124" class="1001" name="const_124">
<pin_list>
<pin id="125" dir="1" index="0" bw="1" slack="0"/>
</pin_list>
<bind>
<StgValue><ssdm name=""/></StgValue>
</bind>
</comp>

<comp id="126" class="1001" name="const_126">
<pin_list>
<pin id="127" dir="1" index="0" bw="1" slack="0"/>
</pin_list>
<bind>
<StgValue><ssdm name=""/></StgValue>
</bind>
</comp>

<comp id="128" class="1001" name="const_128">
<pin_list>
<pin id="129" dir="1" index="0" bw="1" slack="0"/>
</pin_list>
<bind>
<StgValue><ssdm name=""/></StgValue>
</bind>
</comp>

<comp id="130" class="1001" name="const_130">
<pin_list>
<pin id="131" dir="1" index="0" bw="1" slack="0"/>
</pin_list>
<bind>
<StgValue><ssdm name=""/></StgValue>
</bind>
</comp>

<comp id="132" class="1001" name="const_132">
<pin_list>
<pin id="133" dir="1" index="0" bw="1" slack="0"/>
</pin_list>
<bind>
<StgValue><ssdm name=""/></StgValue>
</bind>
</comp>

<comp id="134" class="1001" name="const_134">
<pin_list>
<pin id="135" dir="1" index="0" bw="1" slack="0"/>
</pin_list>
<bind>
<StgValue><ssdm name=""/></StgValue>
</bind>
</comp>

<comp id="136" class="1001" name="const_136">
<pin_list>
<pin id="137" dir="1" index="0" bw="1" slack="0"/>
</pin_list>
<bind>
<StgValue><ssdm name=""/></StgValue>
</bind>
</comp>

<comp id="138" class="1001" name="const_138">
<pin_list>
<pin id="139" dir="1" index="0" bw="1" slack="0"/>
</pin_list>
<bind>
<StgValue><ssdm name=""/></StgValue>
</bind>
</comp>

<comp id="140" class="1001" name="const_140">
<pin_list>
<pin id="141" dir="1" index="0" bw="1" slack="0"/>
</pin_list>
<bind>
<StgValue><ssdm name=""/></StgValue>
</bind>
</comp>

<comp id="142" class="1001" name="const_142">
<pin_list>
<pin id="143" dir="1" index="0" bw="1" slack="0"/>
</pin_list>
<bind>
<StgValue><ssdm name=""/></StgValue>
</bind>
</comp>

<comp id="144" class="1001" name="const_144">
<pin_list>
<pin id="145" dir="1" index="0" bw="1" slack="0"/>
</pin_list>
<bind>
<StgValue><ssdm name=""/></StgValue>
</bind>
</comp>

<comp id="146" class="1001" name="const_146">
<pin_list>
<pin id="147" dir="1" index="0" bw="1" slack="0"/>
</pin_list>
<bind>
<StgValue><ssdm name=""/></StgValue>
</bind>
</comp>

<comp id="148" class="1001" name="const_148">
<pin_list>
<pin id="149" dir="1" index="0" bw="1" slack="0"/>
</pin_list>
<bind>
<StgValue><ssdm name=""/></StgValue>
</bind>
</comp>

<comp id="150" class="1001" name="const_150">
<pin_list>
<pin id="151" dir="1" index="0" bw="1" slack="0"/>
</pin_list>
<bind>
<StgValue><ssdm name=""/></StgValue>
</bind>
</comp>

<comp id="152" class="1001" name="const_152">
<pin_list>
<pin id="153" dir="1" index="0" bw="1" slack="0"/>
</pin_list>
<bind>
<StgValue><ssdm name=""/></StgValue>
</bind>
</comp>

<comp id="154" class="1001" name="const_154">
<pin_list>
<pin id="155" dir="1" index="0" bw="1" slack="0"/>
</pin_list>
<bind>
<StgValue><ssdm name=""/></StgValue>
</bind>
</comp>

<comp id="156" class="1001" name="const_156">
<pin_list>
<pin id="157" dir="1" index="0" bw="1" slack="0"/>
</pin_list>
<bind>
<StgValue><ssdm name=""/></StgValue>
</bind>
</comp>

<comp id="158" class="1001" name="const_158">
<pin_list>
<pin id="159" dir="1" index="0" bw="1" slack="0"/>
</pin_list>
<bind>
<StgValue><ssdm name=""/></StgValue>
</bind>
</comp>

<comp id="160" class="1001" name="const_160">
<pin_list>
<pin id="161" dir="1" index="0" bw="1" slack="0"/>
</pin_list>
<bind>
<StgValue><ssdm name=""/></StgValue>
</bind>
</comp>

<comp id="162" class="1001" name="const_162">
<pin_list>
<pin id="163" dir="1" index="0" bw="1" slack="0"/>
</pin_list>
<bind>
<StgValue><ssdm name=""/></StgValue>
</bind>
</comp>

<comp id="164" class="1001" name="const_164">
<pin_list>
<pin id="165" dir="1" index="0" bw="1" slack="0"/>
</pin_list>
<bind>
<StgValue><ssdm name=""/></StgValue>
</bind>
</comp>

<comp id="166" class="1001" name="const_166">
<pin_list>
<pin id="167" dir="1" index="0" bw="1" slack="0"/>
</pin_list>
<bind>
<StgValue><ssdm name=""/></StgValue>
</bind>
</comp>

<comp id="168" class="1001" name="const_168">
<pin_list>
<pin id="169" dir="1" index="0" bw="1" slack="0"/>
</pin_list>
<bind>
<StgValue><ssdm name=""/></StgValue>
</bind>
</comp>

<comp id="170" class="1001" name="const_170">
<pin_list>
<pin id="171" dir="1" index="0" bw="1" slack="0"/>
</pin_list>
<bind>
<StgValue><ssdm name=""/></StgValue>
</bind>
</comp>

<comp id="172" class="1001" name="const_172">
<pin_list>
<pin id="173" dir="1" index="0" bw="1" slack="0"/>
</pin_list>
<bind>
<StgValue><ssdm name=""/></StgValue>
</bind>
</comp>

<comp id="174" class="1001" name="const_174">
<pin_list>
<pin id="175" dir="1" index="0" bw="1" slack="0"/>
</pin_list>
<bind>
<StgValue><ssdm name=""/></StgValue>
</bind>
</comp>

<comp id="176" class="1001" name="const_176">
<pin_list>
<pin id="177" dir="1" index="0" bw="1" slack="0"/>
</pin_list>
<bind>
<StgValue><ssdm name=""/></StgValue>
</bind>
</comp>

<comp id="178" class="1001" name="const_178">
<pin_list>
<pin id="179" dir="1" index="0" bw="1" slack="0"/>
</pin_list>
<bind>
<StgValue><ssdm name=""/></StgValue>
</bind>
</comp>

<comp id="180" class="1001" name="const_180">
<pin_list>
<pin id="181" dir="1" index="0" bw="1" slack="0"/>
</pin_list>
<bind>
<StgValue><ssdm name=""/></StgValue>
</bind>
</comp>

<comp id="182" class="1001" name="const_182">
<pin_list>
<pin id="183" dir="1" index="0" bw="1" slack="0"/>
</pin_list>
<bind>
<StgValue><ssdm name=""/></StgValue>
</bind>
</comp>

<comp id="184" class="1001" name="const_184">
<pin_list>
<pin id="185" dir="1" index="0" bw="1" slack="0"/>
</pin_list>
<bind>
<StgValue><ssdm name=""/></StgValue>
</bind>
</comp>

<comp id="186" class="1001" name="const_186">
<pin_list>
<pin id="187" dir="1" index="0" bw="1" slack="0"/>
</pin_list>
<bind>
<StgValue><ssdm name=""/></StgValue>
</bind>
</comp>

<comp id="188" class="1001" name="const_188">
<pin_list>
<pin id="189" dir="1" index="0" bw="1" slack="0"/>
</pin_list>
<bind>
<StgValue><ssdm name=""/></StgValue>
</bind>
</comp>

<comp id="190" class="1001" name="const_190">
<pin_list>
<pin id="191" dir="1" index="0" bw="1" slack="0"/>
</pin_list>
<bind>
<StgValue><ssdm name=""/></StgValue>
</bind>
</comp>

<comp id="192" class="1001" name="const_192">
<pin_list>
<pin id="193" dir="1" index="0" bw="1" slack="0"/>
</pin_list>
<bind>
<StgValue><ssdm name=""/></StgValue>
</bind>
</comp>

<comp id="194" class="1001" name="const_194">
<pin_list>
<pin id="195" dir="1" index="0" bw="1" slack="0"/>
</pin_list>
<bind>
<StgValue><ssdm name=""/></StgValue>
</bind>
</comp>

<comp id="196" class="1001" name="const_196">
<pin_list>
<pin id="197" dir="1" index="0" bw="1" slack="0"/>
</pin_list>
<bind>
<StgValue><ssdm name=""/></StgValue>
</bind>
</comp>

<comp id="198" class="1001" name="const_198">
<pin_list>
<pin id="199" dir="1" index="0" bw="1" slack="0"/>
</pin_list>
<bind>
<StgValue><ssdm name=""/></StgValue>
</bind>
</comp>

<comp id="200" class="1001" name="const_200">
<pin_list>
<pin id="201" dir="1" index="0" bw="1" slack="0"/>
</pin_list>
<bind>
<StgValue><ssdm name=""/></StgValue>
</bind>
</comp>

<comp id="202" class="1001" name="const_202">
<pin_list>
<pin id="203" dir="1" index="0" bw="1" slack="0"/>
</pin_list>
<bind>
<StgValue><ssdm name=""/></StgValue>
</bind>
</comp>

<comp id="204" class="1001" name="const_204">
<pin_list>
<pin id="205" dir="1" index="0" bw="1" slack="0"/>
</pin_list>
<bind>
<StgValue><ssdm name=""/></StgValue>
</bind>
</comp>

<comp id="206" class="1001" name="const_206">
<pin_list>
<pin id="207" dir="1" index="0" bw="1" slack="0"/>
</pin_list>
<bind>
<StgValue><ssdm name=""/></StgValue>
</bind>
</comp>

<comp id="208" class="1001" name="const_208">
<pin_list>
<pin id="209" dir="1" index="0" bw="1" slack="0"/>
</pin_list>
<bind>
<StgValue><ssdm name=""/></StgValue>
</bind>
</comp>

<comp id="210" class="1001" name="const_210">
<pin_list>
<pin id="211" dir="1" index="0" bw="1" slack="0"/>
</pin_list>
<bind>
<StgValue><ssdm name=""/></StgValue>
</bind>
</comp>

<comp id="212" class="1001" name="const_212">
<pin_list>
<pin id="213" dir="1" index="0" bw="1" slack="0"/>
</pin_list>
<bind>
<StgValue><ssdm name=""/></StgValue>
</bind>
</comp>

<comp id="214" class="1001" name="const_214">
<pin_list>
<pin id="215" dir="1" index="0" bw="1" slack="0"/>
</pin_list>
<bind>
<StgValue><ssdm name=""/></StgValue>
</bind>
</comp>

<comp id="216" class="1001" name="const_216">
<pin_list>
<pin id="217" dir="1" index="0" bw="1" slack="0"/>
</pin_list>
<bind>
<StgValue><ssdm name=""/></StgValue>
</bind>
</comp>

<comp id="218" class="1001" name="const_218">
<pin_list>
<pin id="219" dir="1" index="0" bw="1" slack="0"/>
</pin_list>
<bind>
<StgValue><ssdm name=""/></StgValue>
</bind>
</comp>

<comp id="220" class="1001" name="const_220">
<pin_list>
<pin id="221" dir="1" index="0" bw="1" slack="0"/>
</pin_list>
<bind>
<StgValue><ssdm name=""/></StgValue>
</bind>
</comp>

<comp id="222" class="1001" name="const_222">
<pin_list>
<pin id="223" dir="1" index="0" bw="1" slack="0"/>
</pin_list>
<bind>
<StgValue><ssdm name=""/></StgValue>
</bind>
</comp>

<comp id="224" class="1001" name="const_224">
<pin_list>
<pin id="225" dir="1" index="0" bw="1" slack="0"/>
</pin_list>
<bind>
<StgValue><ssdm name=""/></StgValue>
</bind>
</comp>

<comp id="226" class="1001" name="const_226">
<pin_list>
<pin id="227" dir="1" index="0" bw="1" slack="0"/>
</pin_list>
<bind>
<StgValue><ssdm name=""/></StgValue>
</bind>
</comp>

<comp id="228" class="1001" name="const_228">
<pin_list>
<pin id="229" dir="1" index="0" bw="1" slack="0"/>
</pin_list>
<bind>
<StgValue><ssdm name=""/></StgValue>
</bind>
</comp>

<comp id="230" class="1001" name="const_230">
<pin_list>
<pin id="231" dir="1" index="0" bw="1" slack="0"/>
</pin_list>
<bind>
<StgValue><ssdm name=""/></StgValue>
</bind>
</comp>

<comp id="232" class="1001" name="const_232">
<pin_list>
<pin id="233" dir="1" index="0" bw="1" slack="0"/>
</pin_list>
<bind>
<StgValue><ssdm name=""/></StgValue>
</bind>
</comp>

<comp id="234" class="1001" name="const_234">
<pin_list>
<pin id="235" dir="1" index="0" bw="1" slack="0"/>
</pin_list>
<bind>
<StgValue><ssdm name=""/></StgValue>
</bind>
</comp>

<comp id="236" class="1001" name="const_236">
<pin_list>
<pin id="237" dir="1" index="0" bw="1" slack="0"/>
</pin_list>
<bind>
<StgValue><ssdm name=""/></StgValue>
</bind>
</comp>

<comp id="238" class="1001" name="const_238">
<pin_list>
<pin id="239" dir="1" index="0" bw="1" slack="0"/>
</pin_list>
<bind>
<StgValue><ssdm name=""/></StgValue>
</bind>
</comp>

<comp id="240" class="1001" name="const_240">
<pin_list>
<pin id="241" dir="1" index="0" bw="1" slack="0"/>
</pin_list>
<bind>
<StgValue><ssdm name=""/></StgValue>
</bind>
</comp>

<comp id="242" class="1001" name="const_242">
<pin_list>
<pin id="243" dir="1" index="0" bw="1" slack="0"/>
</pin_list>
<bind>
<StgValue><ssdm name=""/></StgValue>
</bind>
</comp>

<comp id="244" class="1001" name="const_244">
<pin_list>
<pin id="245" dir="1" index="0" bw="1" slack="0"/>
</pin_list>
<bind>
<StgValue><ssdm name=""/></StgValue>
</bind>
</comp>

<comp id="246" class="1001" name="const_246">
<pin_list>
<pin id="247" dir="1" index="0" bw="1" slack="0"/>
</pin_list>
<bind>
<StgValue><ssdm name=""/></StgValue>
</bind>
</comp>

<comp id="248" class="1001" name="const_248">
<pin_list>
<pin id="249" dir="1" index="0" bw="1" slack="0"/>
</pin_list>
<bind>
<StgValue><ssdm name=""/></StgValue>
</bind>
</comp>

<comp id="250" class="1001" name="const_250">
<pin_list>
<pin id="251" dir="1" index="0" bw="1" slack="0"/>
</pin_list>
<bind>
<StgValue><ssdm name=""/></StgValue>
</bind>
</comp>

<comp id="252" class="1001" name="const_252">
<pin_list>
<pin id="253" dir="1" index="0" bw="1" slack="0"/>
</pin_list>
<bind>
<StgValue><ssdm name=""/></StgValue>
</bind>
</comp>

<comp id="254" class="1001" name="const_254">
<pin_list>
<pin id="255" dir="1" index="0" bw="1" slack="0"/>
</pin_list>
<bind>
<StgValue><ssdm name=""/></StgValue>
</bind>
</comp>

<comp id="256" class="1001" name="const_256">
<pin_list>
<pin id="257" dir="1" index="0" bw="1" slack="0"/>
</pin_list>
<bind>
<StgValue><ssdm name=""/></StgValue>
</bind>
</comp>

<comp id="258" class="1001" name="const_258">
<pin_list>
<pin id="259" dir="1" index="0" bw="1" slack="0"/>
</pin_list>
<bind>
<StgValue><ssdm name=""/></StgValue>
</bind>
</comp>

<comp id="260" class="1001" name="const_260">
<pin_list>
<pin id="261" dir="1" index="0" bw="1" slack="0"/>
</pin_list>
<bind>
<StgValue><ssdm name=""/></StgValue>
</bind>
</comp>

<comp id="262" class="1001" name="const_262">
<pin_list>
<pin id="263" dir="1" index="0" bw="1" slack="0"/>
</pin_list>
<bind>
<StgValue><ssdm name=""/></StgValue>
</bind>
</comp>

<comp id="264" class="1001" name="const_264">
<pin_list>
<pin id="265" dir="1" index="0" bw="1" slack="0"/>
</pin_list>
<bind>
<StgValue><ssdm name=""/></StgValue>
</bind>
</comp>

<comp id="266" class="1001" name="const_266">
<pin_list>
<pin id="267" dir="1" index="0" bw="1" slack="0"/>
</pin_list>
<bind>
<StgValue><ssdm name=""/></StgValue>
</bind>
</comp>

<comp id="268" class="1001" name="const_268">
<pin_list>
<pin id="269" dir="1" index="0" bw="1" slack="0"/>
</pin_list>
<bind>
<StgValue><ssdm name=""/></StgValue>
</bind>
</comp>

<comp id="270" class="1001" name="const_270">
<pin_list>
<pin id="271" dir="1" index="0" bw="1" slack="0"/>
</pin_list>
<bind>
<StgValue><ssdm name=""/></StgValue>
</bind>
</comp>

<comp id="272" class="1001" name="const_272">
<pin_list>
<pin id="273" dir="1" index="0" bw="1" slack="0"/>
</pin_list>
<bind>
<StgValue><ssdm name=""/></StgValue>
</bind>
</comp>

<comp id="274" class="1001" name="const_274">
<pin_list>
<pin id="275" dir="1" index="0" bw="1" slack="0"/>
</pin_list>
<bind>
<StgValue><ssdm name=""/></StgValue>
</bind>
</comp>

<comp id="276" class="1001" name="const_276">
<pin_list>
<pin id="277" dir="1" index="0" bw="1" slack="0"/>
</pin_list>
<bind>
<StgValue><ssdm name=""/></StgValue>
</bind>
</comp>

<comp id="278" class="1001" name="const_278">
<pin_list>
<pin id="279" dir="1" index="0" bw="1" slack="0"/>
</pin_list>
<bind>
<StgValue><ssdm name=""/></StgValue>
</bind>
</comp>

<comp id="280" class="1001" name="const_280">
<pin_list>
<pin id="281" dir="1" index="0" bw="1" slack="0"/>
</pin_list>
<bind>
<StgValue><ssdm name=""/></StgValue>
</bind>
</comp>

<comp id="282" class="1001" name="const_282">
<pin_list>
<pin id="283" dir="1" index="0" bw="1" slack="0"/>
</pin_list>
<bind>
<StgValue><ssdm name=""/></StgValue>
</bind>
</comp>

<comp id="284" class="1001" name="const_284">
<pin_list>
<pin id="285" dir="1" index="0" bw="1" slack="0"/>
</pin_list>
<bind>
<StgValue><ssdm name=""/></StgValue>
</bind>
</comp>

<comp id="286" class="1001" name="const_286">
<pin_list>
<pin id="287" dir="1" index="0" bw="1" slack="0"/>
</pin_list>
<bind>
<StgValue><ssdm name=""/></StgValue>
</bind>
</comp>

<comp id="288" class="1001" name="const_288">
<pin_list>
<pin id="289" dir="1" index="0" bw="1" slack="0"/>
</pin_list>
<bind>
<StgValue><ssdm name=""/></StgValue>
</bind>
</comp>

<comp id="290" class="1001" name="const_290">
<pin_list>
<pin id="291" dir="1" index="0" bw="1" slack="0"/>
</pin_list>
<bind>
<StgValue><ssdm name=""/></StgValue>
</bind>
</comp>

<comp id="292" class="1001" name="const_292">
<pin_list>
<pin id="293" dir="1" index="0" bw="1" slack="0"/>
</pin_list>
<bind>
<StgValue><ssdm name=""/></StgValue>
</bind>
</comp>

<comp id="294" class="1001" name="const_294">
<pin_list>
<pin id="295" dir="1" index="0" bw="1" slack="0"/>
</pin_list>
<bind>
<StgValue><ssdm name=""/></StgValue>
</bind>
</comp>

<comp id="296" class="1001" name="const_296">
<pin_list>
<pin id="297" dir="1" index="0" bw="1" slack="0"/>
</pin_list>
<bind>
<StgValue><ssdm name=""/></StgValue>
</bind>
</comp>

<comp id="298" class="1001" name="const_298">
<pin_list>
<pin id="299" dir="1" index="0" bw="1" slack="0"/>
</pin_list>
<bind>
<StgValue><ssdm name=""/></StgValue>
</bind>
</comp>

<comp id="300" class="1001" name="const_300">
<pin_list>
<pin id="301" dir="1" index="0" bw="1" slack="0"/>
</pin_list>
<bind>
<StgValue><ssdm name=""/></StgValue>
</bind>
</comp>

<comp id="302" class="1001" name="const_302">
<pin_list>
<pin id="303" dir="1" index="0" bw="1" slack="0"/>
</pin_list>
<bind>
<StgValue><ssdm name=""/></StgValue>
</bind>
</comp>

<comp id="304" class="1001" name="const_304">
<pin_list>
<pin id="305" dir="1" index="0" bw="1" slack="0"/>
</pin_list>
<bind>
<StgValue><ssdm name=""/></StgValue>
</bind>
</comp>

<comp id="306" class="1001" name="const_306">
<pin_list>
<pin id="307" dir="1" index="0" bw="1" slack="0"/>
</pin_list>
<bind>
<StgValue><ssdm name=""/></StgValue>
</bind>
</comp>

<comp id="308" class="1001" name="const_308">
<pin_list>
<pin id="309" dir="1" index="0" bw="1" slack="0"/>
</pin_list>
<bind>
<StgValue><ssdm name=""/></StgValue>
</bind>
</comp>

<comp id="310" class="1001" name="const_310">
<pin_list>
<pin id="311" dir="1" index="0" bw="1" slack="0"/>
</pin_list>
<bind>
<StgValue><ssdm name=""/></StgValue>
</bind>
</comp>

<comp id="312" class="1001" name="const_312">
<pin_list>
<pin id="313" dir="1" index="0" bw="1" slack="0"/>
</pin_list>
<bind>
<StgValue><ssdm name=""/></StgValue>
</bind>
</comp>

<comp id="314" class="1001" name="const_314">
<pin_list>
<pin id="315" dir="1" index="0" bw="1" slack="0"/>
</pin_list>
<bind>
<StgValue><ssdm name=""/></StgValue>
</bind>
</comp>

<comp id="316" class="1001" name="const_316">
<pin_list>
<pin id="317" dir="1" index="0" bw="1" slack="0"/>
</pin_list>
<bind>
<StgValue><ssdm name=""/></StgValue>
</bind>
</comp>

<comp id="318" class="1001" name="const_318">
<pin_list>
<pin id="319" dir="1" index="0" bw="1" slack="0"/>
</pin_list>
<bind>
<StgValue><ssdm name=""/></StgValue>
</bind>
</comp>

<comp id="320" class="1001" name="const_320">
<pin_list>
<pin id="321" dir="1" index="0" bw="1" slack="0"/>
</pin_list>
<bind>
<StgValue><ssdm name=""/></StgValue>
</bind>
</comp>

<comp id="322" class="1001" name="const_322">
<pin_list>
<pin id="323" dir="1" index="0" bw="1" slack="0"/>
</pin_list>
<bind>
<StgValue><ssdm name=""/></StgValue>
</bind>
</comp>

<comp id="324" class="1001" name="const_324">
<pin_list>
<pin id="325" dir="1" index="0" bw="1" slack="0"/>
</pin_list>
<bind>
<StgValue><ssdm name=""/></StgValue>
</bind>
</comp>

<comp id="326" class="1001" name="const_326">
<pin_list>
<pin id="327" dir="1" index="0" bw="1" slack="0"/>
</pin_list>
<bind>
<StgValue><ssdm name=""/></StgValue>
</bind>
</comp>

<comp id="328" class="1001" name="const_328">
<pin_list>
<pin id="329" dir="1" index="0" bw="1" slack="0"/>
</pin_list>
<bind>
<StgValue><ssdm name=""/></StgValue>
</bind>
</comp>

<comp id="330" class="1001" name="const_330">
<pin_list>
<pin id="331" dir="1" index="0" bw="1" slack="0"/>
</pin_list>
<bind>
<StgValue><ssdm name=""/></StgValue>
</bind>
</comp>

<comp id="332" class="1001" name="const_332">
<pin_list>
<pin id="333" dir="1" index="0" bw="1" slack="0"/>
</pin_list>
<bind>
<StgValue><ssdm name=""/></StgValue>
</bind>
</comp>

<comp id="334" class="1001" name="const_334">
<pin_list>
<pin id="335" dir="1" index="0" bw="1" slack="0"/>
</pin_list>
<bind>
<StgValue><ssdm name=""/></StgValue>
</bind>
</comp>

<comp id="336" class="1001" name="const_336">
<pin_list>
<pin id="337" dir="1" index="0" bw="1" slack="0"/>
</pin_list>
<bind>
<StgValue><ssdm name=""/></StgValue>
</bind>
</comp>

<comp id="338" class="1001" name="const_338">
<pin_list>
<pin id="339" dir="1" index="0" bw="1" slack="0"/>
</pin_list>
<bind>
<StgValue><ssdm name=""/></StgValue>
</bind>
</comp>

<comp id="340" class="1001" name="const_340">
<pin_list>
<pin id="341" dir="1" index="0" bw="1" slack="0"/>
</pin_list>
<bind>
<StgValue><ssdm name=""/></StgValue>
</bind>
</comp>

<comp id="342" class="1001" name="const_342">
<pin_list>
<pin id="343" dir="1" index="0" bw="1" slack="0"/>
</pin_list>
<bind>
<StgValue><ssdm name=""/></StgValue>
</bind>
</comp>

<comp id="344" class="1001" name="const_344">
<pin_list>
<pin id="345" dir="1" index="0" bw="1" slack="0"/>
</pin_list>
<bind>
<StgValue><ssdm name=""/></StgValue>
</bind>
</comp>

<comp id="346" class="1001" name="const_346">
<pin_list>
<pin id="347" dir="1" index="0" bw="1" slack="0"/>
</pin_list>
<bind>
<StgValue><ssdm name=""/></StgValue>
</bind>
</comp>

<comp id="348" class="1001" name="const_348">
<pin_list>
<pin id="349" dir="1" index="0" bw="1" slack="0"/>
</pin_list>
<bind>
<StgValue><ssdm name=""/></StgValue>
</bind>
</comp>

<comp id="350" class="1001" name="const_350">
<pin_list>
<pin id="351" dir="1" index="0" bw="1" slack="0"/>
</pin_list>
<bind>
<StgValue><ssdm name=""/></StgValue>
</bind>
</comp>

<comp id="352" class="1001" name="const_352">
<pin_list>
<pin id="353" dir="1" index="0" bw="1" slack="0"/>
</pin_list>
<bind>
<StgValue><ssdm name=""/></StgValue>
</bind>
</comp>

<comp id="354" class="1001" name="const_354">
<pin_list>
<pin id="355" dir="1" index="0" bw="1" slack="0"/>
</pin_list>
<bind>
<StgValue><ssdm name=""/></StgValue>
</bind>
</comp>

<comp id="356" class="1001" name="const_356">
<pin_list>
<pin id="357" dir="1" index="0" bw="1" slack="0"/>
</pin_list>
<bind>
<StgValue><ssdm name=""/></StgValue>
</bind>
</comp>

<comp id="358" class="1001" name="const_358">
<pin_list>
<pin id="359" dir="1" index="0" bw="1" slack="0"/>
</pin_list>
<bind>
<StgValue><ssdm name=""/></StgValue>
</bind>
</comp>

<comp id="360" class="1001" name="const_360">
<pin_list>
<pin id="361" dir="1" index="0" bw="1" slack="0"/>
</pin_list>
<bind>
<StgValue><ssdm name=""/></StgValue>
</bind>
</comp>

<comp id="362" class="1001" name="const_362">
<pin_list>
<pin id="363" dir="1" index="0" bw="1" slack="0"/>
</pin_list>
<bind>
<StgValue><ssdm name=""/></StgValue>
</bind>
</comp>

<comp id="364" class="1001" name="const_364">
<pin_list>
<pin id="365" dir="1" index="0" bw="1" slack="0"/>
</pin_list>
<bind>
<StgValue><ssdm name=""/></StgValue>
</bind>
</comp>

<comp id="366" class="1001" name="const_366">
<pin_list>
<pin id="367" dir="1" index="0" bw="1" slack="0"/>
</pin_list>
<bind>
<StgValue><ssdm name=""/></StgValue>
</bind>
</comp>

<comp id="368" class="1001" name="const_368">
<pin_list>
<pin id="369" dir="1" index="0" bw="1" slack="0"/>
</pin_list>
<bind>
<StgValue><ssdm name=""/></StgValue>
</bind>
</comp>

<comp id="370" class="1001" name="const_370">
<pin_list>
<pin id="371" dir="1" index="0" bw="1" slack="0"/>
</pin_list>
<bind>
<StgValue><ssdm name=""/></StgValue>
</bind>
</comp>

<comp id="372" class="1001" name="const_372">
<pin_list>
<pin id="373" dir="1" index="0" bw="1" slack="0"/>
</pin_list>
<bind>
<StgValue><ssdm name=""/></StgValue>
</bind>
</comp>

<comp id="374" class="1001" name="const_374">
<pin_list>
<pin id="375" dir="1" index="0" bw="1" slack="0"/>
</pin_list>
<bind>
<StgValue><ssdm name=""/></StgValue>
</bind>
</comp>

<comp id="376" class="1001" name="const_376">
<pin_list>
<pin id="377" dir="1" index="0" bw="1" slack="0"/>
</pin_list>
<bind>
<StgValue><ssdm name=""/></StgValue>
</bind>
</comp>

<comp id="378" class="1001" name="const_378">
<pin_list>
<pin id="379" dir="1" index="0" bw="1" slack="0"/>
</pin_list>
<bind>
<StgValue><ssdm name=""/></StgValue>
</bind>
</comp>

<comp id="380" class="1001" name="const_380">
<pin_list>
<pin id="381" dir="1" index="0" bw="1" slack="0"/>
</pin_list>
<bind>
<StgValue><ssdm name=""/></StgValue>
</bind>
</comp>

<comp id="382" class="1001" name="const_382">
<pin_list>
<pin id="383" dir="1" index="0" bw="1" slack="0"/>
</pin_list>
<bind>
<StgValue><ssdm name=""/></StgValue>
</bind>
</comp>

<comp id="384" class="1001" name="const_384">
<pin_list>
<pin id="385" dir="1" index="0" bw="1" slack="0"/>
</pin_list>
<bind>
<StgValue><ssdm name=""/></StgValue>
</bind>
</comp>

<comp id="386" class="1001" name="const_386">
<pin_list>
<pin id="387" dir="1" index="0" bw="1" slack="0"/>
</pin_list>
<bind>
<StgValue><ssdm name=""/></StgValue>
</bind>
</comp>

<comp id="388" class="1001" name="const_388">
<pin_list>
<pin id="389" dir="1" index="0" bw="1" slack="0"/>
</pin_list>
<bind>
<StgValue><ssdm name=""/></StgValue>
</bind>
</comp>

<comp id="390" class="1001" name="const_390">
<pin_list>
<pin id="391" dir="1" index="0" bw="1" slack="0"/>
</pin_list>
<bind>
<StgValue><ssdm name=""/></StgValue>
</bind>
</comp>

<comp id="392" class="1001" name="const_392">
<pin_list>
<pin id="393" dir="1" index="0" bw="1" slack="2147483647"/>
</pin_list>
<bind>
<StgValue><ssdm name="_ssdm_op_SpecInterface"/></StgValue>
</bind>
</comp>

<comp id="394" class="1001" name="const_394">
<pin_list>
<pin id="395" dir="1" index="0" bw="1" slack="2147483647"/>
</pin_list>
<bind>
<StgValue><ssdm name="empty_0"/></StgValue>
</bind>
</comp>

<comp id="396" class="1001" name="const_396">
<pin_list>
<pin id="397" dir="1" index="0" bw="1" slack="2147483647"/>
</pin_list>
<bind>
<StgValue><ssdm name=""/></StgValue>
</bind>
</comp>

<comp id="398" class="1001" name="const_398">
<pin_list>
<pin id="399" dir="1" index="0" bw="1" slack="2147483647"/>
</pin_list>
<bind>
<StgValue><ssdm name="empty_7"/></StgValue>
</bind>
</comp>

<comp id="400" class="1001" name="const_400">
<pin_list>
<pin id="401" dir="1" index="0" bw="1" slack="2147483647"/>
</pin_list>
<bind>
<StgValue><ssdm name=""/></StgValue>
</bind>
</comp>

<comp id="402" class="1001" name="const_402">
<pin_list>
<pin id="403" dir="1" index="0" bw="1" slack="0"/>
</pin_list>
<bind>
<StgValue><ssdm name="_ssdm_op_BitConcatenate.i1023.i15.i16.i16.i16.i16.i16.i16.i16.i16.i16.i16.i16.i16.i16.i16.i16.i16.i16.i16.i16.i16.i16.i16.i16.i16.i16.i16.i16.i16.i16.i16.i16.i16.i16.i16.i16.i16.i16.i16.i16.i16.i16.i16.i16.i16.i16.i16.i16.i16.i16.i16.i16.i16.i16.i16.i16.i16.i16.i16.i16.i16.i16.i16.i16"/></StgValue>
</bind>
</comp>

<comp id="404" class="1001" name="const_404">
<pin_list>
<pin id="405" dir="1" index="0" bw="1" slack="0"/>
</pin_list>
<bind>
<StgValue><ssdm name="_ssdm_op_Write.ap_fifo.volatile.i1024P0A"/></StgValue>
</bind>
</comp>

<comp id="406" class="1004" name="layer2_out_read_read_fu_406">
<pin_list>
<pin id="407" dir="0" index="0" bw="1024" slack="0"/>
<pin id="408" dir="0" index="1" bw="1024" slack="0"/>
<pin id="409" dir="1" index="2" bw="1024" slack="0"/>
</pin_list>
<bind>
<opcode="read(1150) " fcode="read"/>
<opset="layer2_out_read/1 "/>
</bind>
</comp>

<comp id="412" class="1004" name="write_ln57_write_fu_412">
<pin_list>
<pin id="413" dir="0" index="0" bw="0" slack="0"/>
<pin id="414" dir="0" index="1" bw="1024" slack="0"/>
<pin id="415" dir="0" index="2" bw="1023" slack="0"/>
<pin id="416" dir="1" index="3" bw="0" slack="2147483647"/>
</pin_list>
<bind>
<opcode="write(1151) " fcode="write"/>
<opset="write_ln57/3 "/>
</bind>
</comp>

<comp id="419" class="1004" name="in_data_fu_419">
<pin_list>
<pin id="420" dir="0" index="0" bw="1024" slack="0"/>
<pin id="421" dir="1" index="1" bw="16" slack="1"/>
</pin_list>
<bind>
<opcode="trunc(33) " fcode="trunc"/>
<opset="in_data/1 "/>
</bind>
</comp>

<comp id="423" class="1004" name="trunc_ln44_1_fu_423">
<pin_list>
<pin id="424" dir="0" index="0" bw="1024" slack="0"/>
<pin id="425" dir="1" index="1" bw="15" slack="1"/>
</pin_list>
<bind>
<opcode="trunc(33) " fcode="trunc"/>
<opset="trunc_ln44_1/1 "/>
</bind>
</comp>

<comp id="427" class="1004" name="trunc_ln44_2_fu_427">
<pin_list>
<pin id="428" dir="0" index="0" bw="16" slack="0"/>
<pin id="429" dir="0" index="1" bw="1024" slack="0"/>
<pin id="430" dir="0" index="2" bw="11" slack="0"/>
<pin id="431" dir="0" index="3" bw="11" slack="0"/>
<pin id="432" dir="1" index="4" bw="16" slack="1"/>
</pin_list>
<bind>
<opcode="partselect(1002) " fcode="partselect"/>
<opset="trunc_ln44_2/1 "/>
</bind>
</comp>

<comp id="437" class="1004" name="trunc_ln44_3_fu_437">
<pin_list>
<pin id="438" dir="0" index="0" bw="16" slack="0"/>
<pin id="439" dir="0" index="1" bw="1024" slack="0"/>
<pin id="440" dir="0" index="2" bw="11" slack="0"/>
<pin id="441" dir="0" index="3" bw="11" slack="0"/>
<pin id="442" dir="1" index="4" bw="16" slack="1"/>
</pin_list>
<bind>
<opcode="partselect(1002) " fcode="partselect"/>
<opset="trunc_ln44_3/1 "/>
</bind>
</comp>

<comp id="447" class="1004" name="in_data_4_fu_447">
<pin_list>
<pin id="448" dir="0" index="0" bw="16" slack="0"/>
<pin id="449" dir="0" index="1" bw="1024" slack="0"/>
<pin id="450" dir="0" index="2" bw="6" slack="0"/>
<pin id="451" dir="0" index="3" bw="6" slack="0"/>
<pin id="452" dir="1" index="4" bw="16" slack="1"/>
</pin_list>
<bind>
<opcode="partselect(1002) " fcode="partselect"/>
<opset="in_data_4/1 "/>
</bind>
</comp>

<comp id="457" class="1004" name="trunc_ln44_s_fu_457">
<pin_list>
<pin id="458" dir="0" index="0" bw="15" slack="0"/>
<pin id="459" dir="0" index="1" bw="1024" slack="0"/>
<pin id="460" dir="0" index="2" bw="6" slack="0"/>
<pin id="461" dir="0" index="3" bw="6" slack="0"/>
<pin id="462" dir="1" index="4" bw="15" slack="1"/>
</pin_list>
<bind>
<opcode="partselect(1002) " fcode="partselect"/>
<opset="trunc_ln44_s/1 "/>
</bind>
</comp>

<comp id="467" class="1004" name="in_data_5_fu_467">
<pin_list>
<pin id="468" dir="0" index="0" bw="16" slack="0"/>
<pin id="469" dir="0" index="1" bw="1024" slack="0"/>
<pin id="470" dir="0" index="2" bw="7" slack="0"/>
<pin id="471" dir="0" index="3" bw="7" slack="0"/>
<pin id="472" dir="1" index="4" bw="16" slack="1"/>
</pin_list>
<bind>
<opcode="partselect(1002) " fcode="partselect"/>
<opset="in_data_5/1 "/>
</bind>
</comp>

<comp id="477" class="1004" name="trunc_ln44_4_fu_477">
<pin_list>
<pin id="478" dir="0" index="0" bw="15" slack="0"/>
<pin id="479" dir="0" index="1" bw="1024" slack="0"/>
<pin id="480" dir="0" index="2" bw="7" slack="0"/>
<pin id="481" dir="0" index="3" bw="7" slack="0"/>
<pin id="482" dir="1" index="4" bw="15" slack="1"/>
</pin_list>
<bind>
<opcode="partselect(1002) " fcode="partselect"/>
<opset="trunc_ln44_4/1 "/>
</bind>
</comp>

<comp id="487" class="1004" name="in_data_6_fu_487">
<pin_list>
<pin id="488" dir="0" index="0" bw="16" slack="0"/>
<pin id="489" dir="0" index="1" bw="1024" slack="0"/>
<pin id="490" dir="0" index="2" bw="7" slack="0"/>
<pin id="491" dir="0" index="3" bw="7" slack="0"/>
<pin id="492" dir="1" index="4" bw="16" slack="1"/>
</pin_list>
<bind>
<opcode="partselect(1002) " fcode="partselect"/>
<opset="in_data_6/1 "/>
</bind>
</comp>

<comp id="497" class="1004" name="trunc_ln44_5_fu_497">
<pin_list>
<pin id="498" dir="0" index="0" bw="15" slack="0"/>
<pin id="499" dir="0" index="1" bw="1024" slack="0"/>
<pin id="500" dir="0" index="2" bw="7" slack="0"/>
<pin id="501" dir="0" index="3" bw="7" slack="0"/>
<pin id="502" dir="1" index="4" bw="15" slack="1"/>
</pin_list>
<bind>
<opcode="partselect(1002) " fcode="partselect"/>
<opset="trunc_ln44_5/1 "/>
</bind>
</comp>

<comp id="507" class="1004" name="tmp_fu_507">
<pin_list>
<pin id="508" dir="0" index="0" bw="16" slack="0"/>
<pin id="509" dir="0" index="1" bw="1024" slack="0"/>
<pin id="510" dir="0" index="2" bw="8" slack="0"/>
<pin id="511" dir="0" index="3" bw="8" slack="0"/>
<pin id="512" dir="1" index="4" bw="16" slack="1"/>
</pin_list>
<bind>
<opcode="partselect(1002) " fcode="partselect"/>
<opset="tmp/1 "/>
</bind>
</comp>

<comp id="517" class="1004" name="trunc_ln44_6_fu_517">
<pin_list>
<pin id="518" dir="0" index="0" bw="15" slack="0"/>
<pin id="519" dir="0" index="1" bw="1024" slack="0"/>
<pin id="520" dir="0" index="2" bw="8" slack="0"/>
<pin id="521" dir="0" index="3" bw="8" slack="0"/>
<pin id="522" dir="1" index="4" bw="15" slack="1"/>
</pin_list>
<bind>
<opcode="partselect(1002) " fcode="partselect"/>
<opset="trunc_ln44_6/1 "/>
</bind>
</comp>

<comp id="527" class="1004" name="tmp_s_fu_527">
<pin_list>
<pin id="528" dir="0" index="0" bw="16" slack="0"/>
<pin id="529" dir="0" index="1" bw="1024" slack="0"/>
<pin id="530" dir="0" index="2" bw="8" slack="0"/>
<pin id="531" dir="0" index="3" bw="8" slack="0"/>
<pin id="532" dir="1" index="4" bw="16" slack="1"/>
</pin_list>
<bind>
<opcode="partselect(1002) " fcode="partselect"/>
<opset="tmp_s/1 "/>
</bind>
</comp>

<comp id="537" class="1004" name="trunc_ln44_7_fu_537">
<pin_list>
<pin id="538" dir="0" index="0" bw="15" slack="0"/>
<pin id="539" dir="0" index="1" bw="1024" slack="0"/>
<pin id="540" dir="0" index="2" bw="8" slack="0"/>
<pin id="541" dir="0" index="3" bw="8" slack="0"/>
<pin id="542" dir="1" index="4" bw="15" slack="1"/>
</pin_list>
<bind>
<opcode="partselect(1002) " fcode="partselect"/>
<opset="trunc_ln44_7/1 "/>
</bind>
</comp>

<comp id="547" class="1004" name="tmp_7_fu_547">
<pin_list>
<pin id="548" dir="0" index="0" bw="16" slack="0"/>
<pin id="549" dir="0" index="1" bw="1024" slack="0"/>
<pin id="550" dir="0" index="2" bw="8" slack="0"/>
<pin id="551" dir="0" index="3" bw="8" slack="0"/>
<pin id="552" dir="1" index="4" bw="16" slack="1"/>
</pin_list>
<bind>
<opcode="partselect(1002) " fcode="partselect"/>
<opset="tmp_7/1 "/>
</bind>
</comp>

<comp id="557" class="1004" name="trunc_ln44_8_fu_557">
<pin_list>
<pin id="558" dir="0" index="0" bw="15" slack="0"/>
<pin id="559" dir="0" index="1" bw="1024" slack="0"/>
<pin id="560" dir="0" index="2" bw="8" slack="0"/>
<pin id="561" dir="0" index="3" bw="8" slack="0"/>
<pin id="562" dir="1" index="4" bw="15" slack="1"/>
</pin_list>
<bind>
<opcode="partselect(1002) " fcode="partselect"/>
<opset="trunc_ln44_8/1 "/>
</bind>
</comp>

<comp id="567" class="1004" name="tmp_8_fu_567">
<pin_list>
<pin id="568" dir="0" index="0" bw="16" slack="0"/>
<pin id="569" dir="0" index="1" bw="1024" slack="0"/>
<pin id="570" dir="0" index="2" bw="8" slack="0"/>
<pin id="571" dir="0" index="3" bw="8" slack="0"/>
<pin id="572" dir="1" index="4" bw="16" slack="1"/>
</pin_list>
<bind>
<opcode="partselect(1002) " fcode="partselect"/>
<opset="tmp_8/1 "/>
</bind>
</comp>

<comp id="577" class="1004" name="trunc_ln44_9_fu_577">
<pin_list>
<pin id="578" dir="0" index="0" bw="15" slack="0"/>
<pin id="579" dir="0" index="1" bw="1024" slack="0"/>
<pin id="580" dir="0" index="2" bw="8" slack="0"/>
<pin id="581" dir="0" index="3" bw="8" slack="0"/>
<pin id="582" dir="1" index="4" bw="15" slack="1"/>
</pin_list>
<bind>
<opcode="partselect(1002) " fcode="partselect"/>
<opset="trunc_ln44_9/1 "/>
</bind>
</comp>

<comp id="587" class="1004" name="tmp_9_fu_587">
<pin_list>
<pin id="588" dir="0" index="0" bw="16" slack="0"/>
<pin id="589" dir="0" index="1" bw="1024" slack="0"/>
<pin id="590" dir="0" index="2" bw="9" slack="0"/>
<pin id="591" dir="0" index="3" bw="9" slack="0"/>
<pin id="592" dir="1" index="4" bw="16" slack="1"/>
</pin_list>
<bind>
<opcode="partselect(1002) " fcode="partselect"/>
<opset="tmp_9/1 "/>
</bind>
</comp>

<comp id="597" class="1004" name="trunc_ln44_10_fu_597">
<pin_list>
<pin id="598" dir="0" index="0" bw="15" slack="0"/>
<pin id="599" dir="0" index="1" bw="1024" slack="0"/>
<pin id="600" dir="0" index="2" bw="9" slack="0"/>
<pin id="601" dir="0" index="3" bw="9" slack="0"/>
<pin id="602" dir="1" index="4" bw="15" slack="1"/>
</pin_list>
<bind>
<opcode="partselect(1002) " fcode="partselect"/>
<opset="trunc_ln44_10/1 "/>
</bind>
</comp>

<comp id="607" class="1004" name="tmp_1_fu_607">
<pin_list>
<pin id="608" dir="0" index="0" bw="16" slack="0"/>
<pin id="609" dir="0" index="1" bw="1024" slack="0"/>
<pin id="610" dir="0" index="2" bw="9" slack="0"/>
<pin id="611" dir="0" index="3" bw="9" slack="0"/>
<pin id="612" dir="1" index="4" bw="16" slack="1"/>
</pin_list>
<bind>
<opcode="partselect(1002) " fcode="partselect"/>
<opset="tmp_1/1 "/>
</bind>
</comp>

<comp id="617" class="1004" name="trunc_ln44_11_fu_617">
<pin_list>
<pin id="618" dir="0" index="0" bw="15" slack="0"/>
<pin id="619" dir="0" index="1" bw="1024" slack="0"/>
<pin id="620" dir="0" index="2" bw="9" slack="0"/>
<pin id="621" dir="0" index="3" bw="9" slack="0"/>
<pin id="622" dir="1" index="4" bw="15" slack="1"/>
</pin_list>
<bind>
<opcode="partselect(1002) " fcode="partselect"/>
<opset="trunc_ln44_11/1 "/>
</bind>
</comp>

<comp id="627" class="1004" name="tmp_2_fu_627">
<pin_list>
<pin id="628" dir="0" index="0" bw="16" slack="0"/>
<pin id="629" dir="0" index="1" bw="1024" slack="0"/>
<pin id="630" dir="0" index="2" bw="9" slack="0"/>
<pin id="631" dir="0" index="3" bw="9" slack="0"/>
<pin id="632" dir="1" index="4" bw="16" slack="1"/>
</pin_list>
<bind>
<opcode="partselect(1002) " fcode="partselect"/>
<opset="tmp_2/1 "/>
</bind>
</comp>

<comp id="637" class="1004" name="trunc_ln44_12_fu_637">
<pin_list>
<pin id="638" dir="0" index="0" bw="15" slack="0"/>
<pin id="639" dir="0" index="1" bw="1024" slack="0"/>
<pin id="640" dir="0" index="2" bw="9" slack="0"/>
<pin id="641" dir="0" index="3" bw="9" slack="0"/>
<pin id="642" dir="1" index="4" bw="15" slack="1"/>
</pin_list>
<bind>
<opcode="partselect(1002) " fcode="partselect"/>
<opset="trunc_ln44_12/1 "/>
</bind>
</comp>

<comp id="647" class="1004" name="tmp_3_fu_647">
<pin_list>
<pin id="648" dir="0" index="0" bw="16" slack="0"/>
<pin id="649" dir="0" index="1" bw="1024" slack="0"/>
<pin id="650" dir="0" index="2" bw="9" slack="0"/>
<pin id="651" dir="0" index="3" bw="9" slack="0"/>
<pin id="652" dir="1" index="4" bw="16" slack="1"/>
</pin_list>
<bind>
<opcode="partselect(1002) " fcode="partselect"/>
<opset="tmp_3/1 "/>
</bind>
</comp>

<comp id="657" class="1004" name="trunc_ln44_13_fu_657">
<pin_list>
<pin id="658" dir="0" index="0" bw="15" slack="0"/>
<pin id="659" dir="0" index="1" bw="1024" slack="0"/>
<pin id="660" dir="0" index="2" bw="9" slack="0"/>
<pin id="661" dir="0" index="3" bw="9" slack="0"/>
<pin id="662" dir="1" index="4" bw="15" slack="1"/>
</pin_list>
<bind>
<opcode="partselect(1002) " fcode="partselect"/>
<opset="trunc_ln44_13/1 "/>
</bind>
</comp>

<comp id="667" class="1004" name="tmp_4_fu_667">
<pin_list>
<pin id="668" dir="0" index="0" bw="16" slack="0"/>
<pin id="669" dir="0" index="1" bw="1024" slack="0"/>
<pin id="670" dir="0" index="2" bw="9" slack="0"/>
<pin id="671" dir="0" index="3" bw="9" slack="0"/>
<pin id="672" dir="1" index="4" bw="16" slack="1"/>
</pin_list>
<bind>
<opcode="partselect(1002) " fcode="partselect"/>
<opset="tmp_4/1 "/>
</bind>
</comp>

<comp id="677" class="1004" name="trunc_ln44_14_fu_677">
<pin_list>
<pin id="678" dir="0" index="0" bw="15" slack="0"/>
<pin id="679" dir="0" index="1" bw="1024" slack="0"/>
<pin id="680" dir="0" index="2" bw="9" slack="0"/>
<pin id="681" dir="0" index="3" bw="9" slack="0"/>
<pin id="682" dir="1" index="4" bw="15" slack="1"/>
</pin_list>
<bind>
<opcode="partselect(1002) " fcode="partselect"/>
<opset="trunc_ln44_14/1 "/>
</bind>
</comp>

<comp id="687" class="1004" name="tmp_5_fu_687">
<pin_list>
<pin id="688" dir="0" index="0" bw="16" slack="0"/>
<pin id="689" dir="0" index="1" bw="1024" slack="0"/>
<pin id="690" dir="0" index="2" bw="9" slack="0"/>
<pin id="691" dir="0" index="3" bw="9" slack="0"/>
<pin id="692" dir="1" index="4" bw="16" slack="1"/>
</pin_list>
<bind>
<opcode="partselect(1002) " fcode="partselect"/>
<opset="tmp_5/1 "/>
</bind>
</comp>

<comp id="697" class="1004" name="trunc_ln44_15_fu_697">
<pin_list>
<pin id="698" dir="0" index="0" bw="15" slack="0"/>
<pin id="699" dir="0" index="1" bw="1024" slack="0"/>
<pin id="700" dir="0" index="2" bw="9" slack="0"/>
<pin id="701" dir="0" index="3" bw="9" slack="0"/>
<pin id="702" dir="1" index="4" bw="15" slack="1"/>
</pin_list>
<bind>
<opcode="partselect(1002) " fcode="partselect"/>
<opset="trunc_ln44_15/1 "/>
</bind>
</comp>

<comp id="707" class="1004" name="tmp_6_fu_707">
<pin_list>
<pin id="708" dir="0" index="0" bw="16" slack="0"/>
<pin id="709" dir="0" index="1" bw="1024" slack="0"/>
<pin id="710" dir="0" index="2" bw="9" slack="0"/>
<pin id="711" dir="0" index="3" bw="9" slack="0"/>
<pin id="712" dir="1" index="4" bw="16" slack="1"/>
</pin_list>
<bind>
<opcode="partselect(1002) " fcode="partselect"/>
<opset="tmp_6/1 "/>
</bind>
</comp>

<comp id="717" class="1004" name="trunc_ln44_16_fu_717">
<pin_list>
<pin id="718" dir="0" index="0" bw="15" slack="0"/>
<pin id="719" dir="0" index="1" bw="1024" slack="0"/>
<pin id="720" dir="0" index="2" bw="9" slack="0"/>
<pin id="721" dir="0" index="3" bw="9" slack="0"/>
<pin id="722" dir="1" index="4" bw="15" slack="1"/>
</pin_list>
<bind>
<opcode="partselect(1002) " fcode="partselect"/>
<opset="trunc_ln44_16/1 "/>
</bind>
</comp>

<comp id="727" class="1004" name="tmp_10_fu_727">
<pin_list>
<pin id="728" dir="0" index="0" bw="16" slack="0"/>
<pin id="729" dir="0" index="1" bw="1024" slack="0"/>
<pin id="730" dir="0" index="2" bw="9" slack="0"/>
<pin id="731" dir="0" index="3" bw="9" slack="0"/>
<pin id="732" dir="1" index="4" bw="16" slack="1"/>
</pin_list>
<bind>
<opcode="partselect(1002) " fcode="partselect"/>
<opset="tmp_10/1 "/>
</bind>
</comp>

<comp id="737" class="1004" name="trunc_ln44_17_fu_737">
<pin_list>
<pin id="738" dir="0" index="0" bw="15" slack="0"/>
<pin id="739" dir="0" index="1" bw="1024" slack="0"/>
<pin id="740" dir="0" index="2" bw="9" slack="0"/>
<pin id="741" dir="0" index="3" bw="9" slack="0"/>
<pin id="742" dir="1" index="4" bw="15" slack="1"/>
</pin_list>
<bind>
<opcode="partselect(1002) " fcode="partselect"/>
<opset="trunc_ln44_17/1 "/>
</bind>
</comp>

<comp id="747" class="1004" name="tmp_11_fu_747">
<pin_list>
<pin id="748" dir="0" index="0" bw="16" slack="0"/>
<pin id="749" dir="0" index="1" bw="1024" slack="0"/>
<pin id="750" dir="0" index="2" bw="10" slack="0"/>
<pin id="751" dir="0" index="3" bw="10" slack="0"/>
<pin id="752" dir="1" index="4" bw="16" slack="1"/>
</pin_list>
<bind>
<opcode="partselect(1002) " fcode="partselect"/>
<opset="tmp_11/1 "/>
</bind>
</comp>

<comp id="757" class="1004" name="trunc_ln44_18_fu_757">
<pin_list>
<pin id="758" dir="0" index="0" bw="15" slack="0"/>
<pin id="759" dir="0" index="1" bw="1024" slack="0"/>
<pin id="760" dir="0" index="2" bw="10" slack="0"/>
<pin id="761" dir="0" index="3" bw="10" slack="0"/>
<pin id="762" dir="1" index="4" bw="15" slack="1"/>
</pin_list>
<bind>
<opcode="partselect(1002) " fcode="partselect"/>
<opset="trunc_ln44_18/1 "/>
</bind>
</comp>

<comp id="767" class="1004" name="tmp_12_fu_767">
<pin_list>
<pin id="768" dir="0" index="0" bw="16" slack="0"/>
<pin id="769" dir="0" index="1" bw="1024" slack="0"/>
<pin id="770" dir="0" index="2" bw="10" slack="0"/>
<pin id="771" dir="0" index="3" bw="10" slack="0"/>
<pin id="772" dir="1" index="4" bw="16" slack="1"/>
</pin_list>
<bind>
<opcode="partselect(1002) " fcode="partselect"/>
<opset="tmp_12/1 "/>
</bind>
</comp>

<comp id="777" class="1004" name="trunc_ln44_19_fu_777">
<pin_list>
<pin id="778" dir="0" index="0" bw="15" slack="0"/>
<pin id="779" dir="0" index="1" bw="1024" slack="0"/>
<pin id="780" dir="0" index="2" bw="10" slack="0"/>
<pin id="781" dir="0" index="3" bw="10" slack="0"/>
<pin id="782" dir="1" index="4" bw="15" slack="1"/>
</pin_list>
<bind>
<opcode="partselect(1002) " fcode="partselect"/>
<opset="trunc_ln44_19/1 "/>
</bind>
</comp>

<comp id="787" class="1004" name="tmp_13_fu_787">
<pin_list>
<pin id="788" dir="0" index="0" bw="16" slack="0"/>
<pin id="789" dir="0" index="1" bw="1024" slack="0"/>
<pin id="790" dir="0" index="2" bw="10" slack="0"/>
<pin id="791" dir="0" index="3" bw="10" slack="0"/>
<pin id="792" dir="1" index="4" bw="16" slack="1"/>
</pin_list>
<bind>
<opcode="partselect(1002) " fcode="partselect"/>
<opset="tmp_13/1 "/>
</bind>
</comp>

<comp id="797" class="1004" name="trunc_ln44_20_fu_797">
<pin_list>
<pin id="798" dir="0" index="0" bw="15" slack="0"/>
<pin id="799" dir="0" index="1" bw="1024" slack="0"/>
<pin id="800" dir="0" index="2" bw="10" slack="0"/>
<pin id="801" dir="0" index="3" bw="10" slack="0"/>
<pin id="802" dir="1" index="4" bw="15" slack="1"/>
</pin_list>
<bind>
<opcode="partselect(1002) " fcode="partselect"/>
<opset="trunc_ln44_20/1 "/>
</bind>
</comp>

<comp id="807" class="1004" name="tmp_14_fu_807">
<pin_list>
<pin id="808" dir="0" index="0" bw="16" slack="0"/>
<pin id="809" dir="0" index="1" bw="1024" slack="0"/>
<pin id="810" dir="0" index="2" bw="10" slack="0"/>
<pin id="811" dir="0" index="3" bw="10" slack="0"/>
<pin id="812" dir="1" index="4" bw="16" slack="1"/>
</pin_list>
<bind>
<opcode="partselect(1002) " fcode="partselect"/>
<opset="tmp_14/1 "/>
</bind>
</comp>

<comp id="817" class="1004" name="trunc_ln44_21_fu_817">
<pin_list>
<pin id="818" dir="0" index="0" bw="15" slack="0"/>
<pin id="819" dir="0" index="1" bw="1024" slack="0"/>
<pin id="820" dir="0" index="2" bw="10" slack="0"/>
<pin id="821" dir="0" index="3" bw="10" slack="0"/>
<pin id="822" dir="1" index="4" bw="15" slack="1"/>
</pin_list>
<bind>
<opcode="partselect(1002) " fcode="partselect"/>
<opset="trunc_ln44_21/1 "/>
</bind>
</comp>

<comp id="827" class="1004" name="tmp_15_fu_827">
<pin_list>
<pin id="828" dir="0" index="0" bw="16" slack="0"/>
<pin id="829" dir="0" index="1" bw="1024" slack="0"/>
<pin id="830" dir="0" index="2" bw="10" slack="0"/>
<pin id="831" dir="0" index="3" bw="10" slack="0"/>
<pin id="832" dir="1" index="4" bw="16" slack="1"/>
</pin_list>
<bind>
<opcode="partselect(1002) " fcode="partselect"/>
<opset="tmp_15/1 "/>
</bind>
</comp>

<comp id="837" class="1004" name="trunc_ln44_22_fu_837">
<pin_list>
<pin id="838" dir="0" index="0" bw="15" slack="0"/>
<pin id="839" dir="0" index="1" bw="1024" slack="0"/>
<pin id="840" dir="0" index="2" bw="10" slack="0"/>
<pin id="841" dir="0" index="3" bw="10" slack="0"/>
<pin id="842" dir="1" index="4" bw="15" slack="1"/>
</pin_list>
<bind>
<opcode="partselect(1002) " fcode="partselect"/>
<opset="trunc_ln44_22/1 "/>
</bind>
</comp>

<comp id="847" class="1004" name="tmp_16_fu_847">
<pin_list>
<pin id="848" dir="0" index="0" bw="16" slack="0"/>
<pin id="849" dir="0" index="1" bw="1024" slack="0"/>
<pin id="850" dir="0" index="2" bw="10" slack="0"/>
<pin id="851" dir="0" index="3" bw="10" slack="0"/>
<pin id="852" dir="1" index="4" bw="16" slack="1"/>
</pin_list>
<bind>
<opcode="partselect(1002) " fcode="partselect"/>
<opset="tmp_16/1 "/>
</bind>
</comp>

<comp id="857" class="1004" name="trunc_ln44_23_fu_857">
<pin_list>
<pin id="858" dir="0" index="0" bw="15" slack="0"/>
<pin id="859" dir="0" index="1" bw="1024" slack="0"/>
<pin id="860" dir="0" index="2" bw="10" slack="0"/>
<pin id="861" dir="0" index="3" bw="10" slack="0"/>
<pin id="862" dir="1" index="4" bw="15" slack="1"/>
</pin_list>
<bind>
<opcode="partselect(1002) " fcode="partselect"/>
<opset="trunc_ln44_23/1 "/>
</bind>
</comp>

<comp id="867" class="1004" name="tmp_17_fu_867">
<pin_list>
<pin id="868" dir="0" index="0" bw="16" slack="0"/>
<pin id="869" dir="0" index="1" bw="1024" slack="0"/>
<pin id="870" dir="0" index="2" bw="10" slack="0"/>
<pin id="871" dir="0" index="3" bw="10" slack="0"/>
<pin id="872" dir="1" index="4" bw="16" slack="1"/>
</pin_list>
<bind>
<opcode="partselect(1002) " fcode="partselect"/>
<opset="tmp_17/1 "/>
</bind>
</comp>

<comp id="877" class="1004" name="trunc_ln44_24_fu_877">
<pin_list>
<pin id="878" dir="0" index="0" bw="15" slack="0"/>
<pin id="879" dir="0" index="1" bw="1024" slack="0"/>
<pin id="880" dir="0" index="2" bw="10" slack="0"/>
<pin id="881" dir="0" index="3" bw="10" slack="0"/>
<pin id="882" dir="1" index="4" bw="15" slack="1"/>
</pin_list>
<bind>
<opcode="partselect(1002) " fcode="partselect"/>
<opset="trunc_ln44_24/1 "/>
</bind>
</comp>

<comp id="887" class="1004" name="tmp_18_fu_887">
<pin_list>
<pin id="888" dir="0" index="0" bw="16" slack="0"/>
<pin id="889" dir="0" index="1" bw="1024" slack="0"/>
<pin id="890" dir="0" index="2" bw="10" slack="0"/>
<pin id="891" dir="0" index="3" bw="10" slack="0"/>
<pin id="892" dir="1" index="4" bw="16" slack="1"/>
</pin_list>
<bind>
<opcode="partselect(1002) " fcode="partselect"/>
<opset="tmp_18/1 "/>
</bind>
</comp>

<comp id="897" class="1004" name="trunc_ln44_25_fu_897">
<pin_list>
<pin id="898" dir="0" index="0" bw="15" slack="0"/>
<pin id="899" dir="0" index="1" bw="1024" slack="0"/>
<pin id="900" dir="0" index="2" bw="10" slack="0"/>
<pin id="901" dir="0" index="3" bw="10" slack="0"/>
<pin id="902" dir="1" index="4" bw="15" slack="1"/>
</pin_list>
<bind>
<opcode="partselect(1002) " fcode="partselect"/>
<opset="trunc_ln44_25/1 "/>
</bind>
</comp>

<comp id="907" class="1004" name="tmp_19_fu_907">
<pin_list>
<pin id="908" dir="0" index="0" bw="16" slack="0"/>
<pin id="909" dir="0" index="1" bw="1024" slack="0"/>
<pin id="910" dir="0" index="2" bw="10" slack="0"/>
<pin id="911" dir="0" index="3" bw="10" slack="0"/>
<pin id="912" dir="1" index="4" bw="16" slack="1"/>
</pin_list>
<bind>
<opcode="partselect(1002) " fcode="partselect"/>
<opset="tmp_19/1 "/>
</bind>
</comp>

<comp id="917" class="1004" name="trunc_ln44_26_fu_917">
<pin_list>
<pin id="918" dir="0" index="0" bw="15" slack="0"/>
<pin id="919" dir="0" index="1" bw="1024" slack="0"/>
<pin id="920" dir="0" index="2" bw="10" slack="0"/>
<pin id="921" dir="0" index="3" bw="10" slack="0"/>
<pin id="922" dir="1" index="4" bw="15" slack="1"/>
</pin_list>
<bind>
<opcode="partselect(1002) " fcode="partselect"/>
<opset="trunc_ln44_26/1 "/>
</bind>
</comp>

<comp id="927" class="1004" name="tmp_20_fu_927">
<pin_list>
<pin id="928" dir="0" index="0" bw="16" slack="0"/>
<pin id="929" dir="0" index="1" bw="1024" slack="0"/>
<pin id="930" dir="0" index="2" bw="10" slack="0"/>
<pin id="931" dir="0" index="3" bw="10" slack="0"/>
<pin id="932" dir="1" index="4" bw="16" slack="1"/>
</pin_list>
<bind>
<opcode="partselect(1002) " fcode="partselect"/>
<opset="tmp_20/1 "/>
</bind>
</comp>

<comp id="937" class="1004" name="trunc_ln44_27_fu_937">
<pin_list>
<pin id="938" dir="0" index="0" bw="15" slack="0"/>
<pin id="939" dir="0" index="1" bw="1024" slack="0"/>
<pin id="940" dir="0" index="2" bw="10" slack="0"/>
<pin id="941" dir="0" index="3" bw="10" slack="0"/>
<pin id="942" dir="1" index="4" bw="15" slack="1"/>
</pin_list>
<bind>
<opcode="partselect(1002) " fcode="partselect"/>
<opset="trunc_ln44_27/1 "/>
</bind>
</comp>

<comp id="947" class="1004" name="tmp_21_fu_947">
<pin_list>
<pin id="948" dir="0" index="0" bw="16" slack="0"/>
<pin id="949" dir="0" index="1" bw="1024" slack="0"/>
<pin id="950" dir="0" index="2" bw="10" slack="0"/>
<pin id="951" dir="0" index="3" bw="10" slack="0"/>
<pin id="952" dir="1" index="4" bw="16" slack="1"/>
</pin_list>
<bind>
<opcode="partselect(1002) " fcode="partselect"/>
<opset="tmp_21/1 "/>
</bind>
</comp>

<comp id="957" class="1004" name="trunc_ln44_28_fu_957">
<pin_list>
<pin id="958" dir="0" index="0" bw="15" slack="0"/>
<pin id="959" dir="0" index="1" bw="1024" slack="0"/>
<pin id="960" dir="0" index="2" bw="10" slack="0"/>
<pin id="961" dir="0" index="3" bw="10" slack="0"/>
<pin id="962" dir="1" index="4" bw="15" slack="1"/>
</pin_list>
<bind>
<opcode="partselect(1002) " fcode="partselect"/>
<opset="trunc_ln44_28/1 "/>
</bind>
</comp>

<comp id="967" class="1004" name="tmp_22_fu_967">
<pin_list>
<pin id="968" dir="0" index="0" bw="16" slack="0"/>
<pin id="969" dir="0" index="1" bw="1024" slack="0"/>
<pin id="970" dir="0" index="2" bw="10" slack="0"/>
<pin id="971" dir="0" index="3" bw="10" slack="0"/>
<pin id="972" dir="1" index="4" bw="16" slack="1"/>
</pin_list>
<bind>
<opcode="partselect(1002) " fcode="partselect"/>
<opset="tmp_22/1 "/>
</bind>
</comp>

<comp id="977" class="1004" name="trunc_ln44_29_fu_977">
<pin_list>
<pin id="978" dir="0" index="0" bw="15" slack="0"/>
<pin id="979" dir="0" index="1" bw="1024" slack="0"/>
<pin id="980" dir="0" index="2" bw="10" slack="0"/>
<pin id="981" dir="0" index="3" bw="10" slack="0"/>
<pin id="982" dir="1" index="4" bw="15" slack="1"/>
</pin_list>
<bind>
<opcode="partselect(1002) " fcode="partselect"/>
<opset="trunc_ln44_29/1 "/>
</bind>
</comp>

<comp id="987" class="1004" name="tmp_23_fu_987">
<pin_list>
<pin id="988" dir="0" index="0" bw="16" slack="0"/>
<pin id="989" dir="0" index="1" bw="1024" slack="0"/>
<pin id="990" dir="0" index="2" bw="10" slack="0"/>
<pin id="991" dir="0" index="3" bw="10" slack="0"/>
<pin id="992" dir="1" index="4" bw="16" slack="1"/>
</pin_list>
<bind>
<opcode="partselect(1002) " fcode="partselect"/>
<opset="tmp_23/1 "/>
</bind>
</comp>

<comp id="997" class="1004" name="trunc_ln44_30_fu_997">
<pin_list>
<pin id="998" dir="0" index="0" bw="15" slack="0"/>
<pin id="999" dir="0" index="1" bw="1024" slack="0"/>
<pin id="1000" dir="0" index="2" bw="10" slack="0"/>
<pin id="1001" dir="0" index="3" bw="10" slack="0"/>
<pin id="1002" dir="1" index="4" bw="15" slack="1"/>
</pin_list>
<bind>
<opcode="partselect(1002) " fcode="partselect"/>
<opset="trunc_ln44_30/1 "/>
</bind>
</comp>

<comp id="1007" class="1004" name="tmp_24_fu_1007">
<pin_list>
<pin id="1008" dir="0" index="0" bw="16" slack="0"/>
<pin id="1009" dir="0" index="1" bw="1024" slack="0"/>
<pin id="1010" dir="0" index="2" bw="10" slack="0"/>
<pin id="1011" dir="0" index="3" bw="10" slack="0"/>
<pin id="1012" dir="1" index="4" bw="16" slack="1"/>
</pin_list>
<bind>
<opcode="partselect(1002) " fcode="partselect"/>
<opset="tmp_24/1 "/>
</bind>
</comp>

<comp id="1017" class="1004" name="trunc_ln44_31_fu_1017">
<pin_list>
<pin id="1018" dir="0" index="0" bw="15" slack="0"/>
<pin id="1019" dir="0" index="1" bw="1024" slack="0"/>
<pin id="1020" dir="0" index="2" bw="10" slack="0"/>
<pin id="1021" dir="0" index="3" bw="10" slack="0"/>
<pin id="1022" dir="1" index="4" bw="15" slack="1"/>
</pin_list>
<bind>
<opcode="partselect(1002) " fcode="partselect"/>
<opset="trunc_ln44_31/1 "/>
</bind>
</comp>

<comp id="1027" class="1004" name="tmp_25_fu_1027">
<pin_list>
<pin id="1028" dir="0" index="0" bw="16" slack="0"/>
<pin id="1029" dir="0" index="1" bw="1024" slack="0"/>
<pin id="1030" dir="0" index="2" bw="10" slack="0"/>
<pin id="1031" dir="0" index="3" bw="10" slack="0"/>
<pin id="1032" dir="1" index="4" bw="16" slack="1"/>
</pin_list>
<bind>
<opcode="partselect(1002) " fcode="partselect"/>
<opset="tmp_25/1 "/>
</bind>
</comp>

<comp id="1037" class="1004" name="trunc_ln44_32_fu_1037">
<pin_list>
<pin id="1038" dir="0" index="0" bw="15" slack="0"/>
<pin id="1039" dir="0" index="1" bw="1024" slack="0"/>
<pin id="1040" dir="0" index="2" bw="10" slack="0"/>
<pin id="1041" dir="0" index="3" bw="10" slack="0"/>
<pin id="1042" dir="1" index="4" bw="15" slack="1"/>
</pin_list>
<bind>
<opcode="partselect(1002) " fcode="partselect"/>
<opset="trunc_ln44_32/1 "/>
</bind>
</comp>

<comp id="1047" class="1004" name="tmp_26_fu_1047">
<pin_list>
<pin id="1048" dir="0" index="0" bw="16" slack="0"/>
<pin id="1049" dir="0" index="1" bw="1024" slack="0"/>
<pin id="1050" dir="0" index="2" bw="10" slack="0"/>
<pin id="1051" dir="0" index="3" bw="10" slack="0"/>
<pin id="1052" dir="1" index="4" bw="16" slack="1"/>
</pin_list>
<bind>
<opcode="partselect(1002) " fcode="partselect"/>
<opset="tmp_26/1 "/>
</bind>
</comp>

<comp id="1057" class="1004" name="trunc_ln44_33_fu_1057">
<pin_list>
<pin id="1058" dir="0" index="0" bw="15" slack="0"/>
<pin id="1059" dir="0" index="1" bw="1024" slack="0"/>
<pin id="1060" dir="0" index="2" bw="10" slack="0"/>
<pin id="1061" dir="0" index="3" bw="10" slack="0"/>
<pin id="1062" dir="1" index="4" bw="15" slack="1"/>
</pin_list>
<bind>
<opcode="partselect(1002) " fcode="partselect"/>
<opset="trunc_ln44_33/1 "/>
</bind>
</comp>

<comp id="1067" class="1004" name="tmp_27_fu_1067">
<pin_list>
<pin id="1068" dir="0" index="0" bw="16" slack="0"/>
<pin id="1069" dir="0" index="1" bw="1024" slack="0"/>
<pin id="1070" dir="0" index="2" bw="11" slack="0"/>
<pin id="1071" dir="0" index="3" bw="11" slack="0"/>
<pin id="1072" dir="1" index="4" bw="16" slack="1"/>
</pin_list>
<bind>
<opcode="partselect(1002) " fcode="partselect"/>
<opset="tmp_27/1 "/>
</bind>
</comp>

<comp id="1077" class="1004" name="trunc_ln44_34_fu_1077">
<pin_list>
<pin id="1078" dir="0" index="0" bw="15" slack="0"/>
<pin id="1079" dir="0" index="1" bw="1024" slack="0"/>
<pin id="1080" dir="0" index="2" bw="11" slack="0"/>
<pin id="1081" dir="0" index="3" bw="11" slack="0"/>
<pin id="1082" dir="1" index="4" bw="15" slack="1"/>
</pin_list>
<bind>
<opcode="partselect(1002) " fcode="partselect"/>
<opset="trunc_ln44_34/1 "/>
</bind>
</comp>

<comp id="1087" class="1004" name="tmp_28_fu_1087">
<pin_list>
<pin id="1088" dir="0" index="0" bw="16" slack="0"/>
<pin id="1089" dir="0" index="1" bw="1024" slack="0"/>
<pin id="1090" dir="0" index="2" bw="11" slack="0"/>
<pin id="1091" dir="0" index="3" bw="11" slack="0"/>
<pin id="1092" dir="1" index="4" bw="16" slack="1"/>
</pin_list>
<bind>
<opcode="partselect(1002) " fcode="partselect"/>
<opset="tmp_28/1 "/>
</bind>
</comp>

<comp id="1097" class="1004" name="trunc_ln44_35_fu_1097">
<pin_list>
<pin id="1098" dir="0" index="0" bw="15" slack="0"/>
<pin id="1099" dir="0" index="1" bw="1024" slack="0"/>
<pin id="1100" dir="0" index="2" bw="11" slack="0"/>
<pin id="1101" dir="0" index="3" bw="11" slack="0"/>
<pin id="1102" dir="1" index="4" bw="15" slack="1"/>
</pin_list>
<bind>
<opcode="partselect(1002) " fcode="partselect"/>
<opset="trunc_ln44_35/1 "/>
</bind>
</comp>

<comp id="1107" class="1004" name="tmp_29_fu_1107">
<pin_list>
<pin id="1108" dir="0" index="0" bw="16" slack="0"/>
<pin id="1109" dir="0" index="1" bw="1024" slack="0"/>
<pin id="1110" dir="0" index="2" bw="11" slack="0"/>
<pin id="1111" dir="0" index="3" bw="11" slack="0"/>
<pin id="1112" dir="1" index="4" bw="16" slack="1"/>
</pin_list>
<bind>
<opcode="partselect(1002) " fcode="partselect"/>
<opset="tmp_29/1 "/>
</bind>
</comp>

<comp id="1117" class="1004" name="trunc_ln44_36_fu_1117">
<pin_list>
<pin id="1118" dir="0" index="0" bw="15" slack="0"/>
<pin id="1119" dir="0" index="1" bw="1024" slack="0"/>
<pin id="1120" dir="0" index="2" bw="11" slack="0"/>
<pin id="1121" dir="0" index="3" bw="11" slack="0"/>
<pin id="1122" dir="1" index="4" bw="15" slack="1"/>
</pin_list>
<bind>
<opcode="partselect(1002) " fcode="partselect"/>
<opset="trunc_ln44_36/1 "/>
</bind>
</comp>

<comp id="1127" class="1004" name="tmp_30_fu_1127">
<pin_list>
<pin id="1128" dir="0" index="0" bw="16" slack="0"/>
<pin id="1129" dir="0" index="1" bw="1024" slack="0"/>
<pin id="1130" dir="0" index="2" bw="11" slack="0"/>
<pin id="1131" dir="0" index="3" bw="11" slack="0"/>
<pin id="1132" dir="1" index="4" bw="16" slack="1"/>
</pin_list>
<bind>
<opcode="partselect(1002) " fcode="partselect"/>
<opset="tmp_30/1 "/>
</bind>
</comp>

<comp id="1137" class="1004" name="trunc_ln44_37_fu_1137">
<pin_list>
<pin id="1138" dir="0" index="0" bw="15" slack="0"/>
<pin id="1139" dir="0" index="1" bw="1024" slack="0"/>
<pin id="1140" dir="0" index="2" bw="11" slack="0"/>
<pin id="1141" dir="0" index="3" bw="11" slack="0"/>
<pin id="1142" dir="1" index="4" bw="15" slack="1"/>
</pin_list>
<bind>
<opcode="partselect(1002) " fcode="partselect"/>
<opset="trunc_ln44_37/1 "/>
</bind>
</comp>

<comp id="1147" class="1004" name="tmp_31_fu_1147">
<pin_list>
<pin id="1148" dir="0" index="0" bw="16" slack="0"/>
<pin id="1149" dir="0" index="1" bw="1024" slack="0"/>
<pin id="1150" dir="0" index="2" bw="11" slack="0"/>
<pin id="1151" dir="0" index="3" bw="11" slack="0"/>
<pin id="1152" dir="1" index="4" bw="16" slack="1"/>
</pin_list>
<bind>
<opcode="partselect(1002) " fcode="partselect"/>
<opset="tmp_31/1 "/>
</bind>
</comp>

<comp id="1157" class="1004" name="trunc_ln44_38_fu_1157">
<pin_list>
<pin id="1158" dir="0" index="0" bw="15" slack="0"/>
<pin id="1159" dir="0" index="1" bw="1024" slack="0"/>
<pin id="1160" dir="0" index="2" bw="11" slack="0"/>
<pin id="1161" dir="0" index="3" bw="11" slack="0"/>
<pin id="1162" dir="1" index="4" bw="15" slack="1"/>
</pin_list>
<bind>
<opcode="partselect(1002) " fcode="partselect"/>
<opset="trunc_ln44_38/1 "/>
</bind>
</comp>

<comp id="1167" class="1004" name="tmp_32_fu_1167">
<pin_list>
<pin id="1168" dir="0" index="0" bw="16" slack="0"/>
<pin id="1169" dir="0" index="1" bw="1024" slack="0"/>
<pin id="1170" dir="0" index="2" bw="11" slack="0"/>
<pin id="1171" dir="0" index="3" bw="11" slack="0"/>
<pin id="1172" dir="1" index="4" bw="16" slack="1"/>
</pin_list>
<bind>
<opcode="partselect(1002) " fcode="partselect"/>
<opset="tmp_32/1 "/>
</bind>
</comp>

<comp id="1177" class="1004" name="trunc_ln44_39_fu_1177">
<pin_list>
<pin id="1178" dir="0" index="0" bw="15" slack="0"/>
<pin id="1179" dir="0" index="1" bw="1024" slack="0"/>
<pin id="1180" dir="0" index="2" bw="11" slack="0"/>
<pin id="1181" dir="0" index="3" bw="11" slack="0"/>
<pin id="1182" dir="1" index="4" bw="15" slack="1"/>
</pin_list>
<bind>
<opcode="partselect(1002) " fcode="partselect"/>
<opset="trunc_ln44_39/1 "/>
</bind>
</comp>

<comp id="1187" class="1004" name="tmp_33_fu_1187">
<pin_list>
<pin id="1188" dir="0" index="0" bw="16" slack="0"/>
<pin id="1189" dir="0" index="1" bw="1024" slack="0"/>
<pin id="1190" dir="0" index="2" bw="11" slack="0"/>
<pin id="1191" dir="0" index="3" bw="11" slack="0"/>
<pin id="1192" dir="1" index="4" bw="16" slack="1"/>
</pin_list>
<bind>
<opcode="partselect(1002) " fcode="partselect"/>
<opset="tmp_33/1 "/>
</bind>
</comp>

<comp id="1197" class="1004" name="trunc_ln44_40_fu_1197">
<pin_list>
<pin id="1198" dir="0" index="0" bw="15" slack="0"/>
<pin id="1199" dir="0" index="1" bw="1024" slack="0"/>
<pin id="1200" dir="0" index="2" bw="11" slack="0"/>
<pin id="1201" dir="0" index="3" bw="11" slack="0"/>
<pin id="1202" dir="1" index="4" bw="15" slack="1"/>
</pin_list>
<bind>
<opcode="partselect(1002) " fcode="partselect"/>
<opset="trunc_ln44_40/1 "/>
</bind>
</comp>

<comp id="1207" class="1004" name="tmp_34_fu_1207">
<pin_list>
<pin id="1208" dir="0" index="0" bw="16" slack="0"/>
<pin id="1209" dir="0" index="1" bw="1024" slack="0"/>
<pin id="1210" dir="0" index="2" bw="11" slack="0"/>
<pin id="1211" dir="0" index="3" bw="11" slack="0"/>
<pin id="1212" dir="1" index="4" bw="16" slack="1"/>
</pin_list>
<bind>
<opcode="partselect(1002) " fcode="partselect"/>
<opset="tmp_34/1 "/>
</bind>
</comp>

<comp id="1217" class="1004" name="trunc_ln44_41_fu_1217">
<pin_list>
<pin id="1218" dir="0" index="0" bw="15" slack="0"/>
<pin id="1219" dir="0" index="1" bw="1024" slack="0"/>
<pin id="1220" dir="0" index="2" bw="11" slack="0"/>
<pin id="1221" dir="0" index="3" bw="11" slack="0"/>
<pin id="1222" dir="1" index="4" bw="15" slack="1"/>
</pin_list>
<bind>
<opcode="partselect(1002) " fcode="partselect"/>
<opset="trunc_ln44_41/1 "/>
</bind>
</comp>

<comp id="1227" class="1004" name="tmp_35_fu_1227">
<pin_list>
<pin id="1228" dir="0" index="0" bw="16" slack="0"/>
<pin id="1229" dir="0" index="1" bw="1024" slack="0"/>
<pin id="1230" dir="0" index="2" bw="11" slack="0"/>
<pin id="1231" dir="0" index="3" bw="11" slack="0"/>
<pin id="1232" dir="1" index="4" bw="16" slack="1"/>
</pin_list>
<bind>
<opcode="partselect(1002) " fcode="partselect"/>
<opset="tmp_35/1 "/>
</bind>
</comp>

<comp id="1237" class="1004" name="trunc_ln44_42_fu_1237">
<pin_list>
<pin id="1238" dir="0" index="0" bw="15" slack="0"/>
<pin id="1239" dir="0" index="1" bw="1024" slack="0"/>
<pin id="1240" dir="0" index="2" bw="11" slack="0"/>
<pin id="1241" dir="0" index="3" bw="11" slack="0"/>
<pin id="1242" dir="1" index="4" bw="15" slack="1"/>
</pin_list>
<bind>
<opcode="partselect(1002) " fcode="partselect"/>
<opset="trunc_ln44_42/1 "/>
</bind>
</comp>

<comp id="1247" class="1004" name="tmp_36_fu_1247">
<pin_list>
<pin id="1248" dir="0" index="0" bw="16" slack="0"/>
<pin id="1249" dir="0" index="1" bw="1024" slack="0"/>
<pin id="1250" dir="0" index="2" bw="11" slack="0"/>
<pin id="1251" dir="0" index="3" bw="11" slack="0"/>
<pin id="1252" dir="1" index="4" bw="16" slack="1"/>
</pin_list>
<bind>
<opcode="partselect(1002) " fcode="partselect"/>
<opset="tmp_36/1 "/>
</bind>
</comp>

<comp id="1257" class="1004" name="trunc_ln44_43_fu_1257">
<pin_list>
<pin id="1258" dir="0" index="0" bw="15" slack="0"/>
<pin id="1259" dir="0" index="1" bw="1024" slack="0"/>
<pin id="1260" dir="0" index="2" bw="11" slack="0"/>
<pin id="1261" dir="0" index="3" bw="11" slack="0"/>
<pin id="1262" dir="1" index="4" bw="15" slack="1"/>
</pin_list>
<bind>
<opcode="partselect(1002) " fcode="partselect"/>
<opset="trunc_ln44_43/1 "/>
</bind>
</comp>

<comp id="1267" class="1004" name="tmp_37_fu_1267">
<pin_list>
<pin id="1268" dir="0" index="0" bw="16" slack="0"/>
<pin id="1269" dir="0" index="1" bw="1024" slack="0"/>
<pin id="1270" dir="0" index="2" bw="11" slack="0"/>
<pin id="1271" dir="0" index="3" bw="11" slack="0"/>
<pin id="1272" dir="1" index="4" bw="16" slack="1"/>
</pin_list>
<bind>
<opcode="partselect(1002) " fcode="partselect"/>
<opset="tmp_37/1 "/>
</bind>
</comp>

<comp id="1277" class="1004" name="trunc_ln44_44_fu_1277">
<pin_list>
<pin id="1278" dir="0" index="0" bw="15" slack="0"/>
<pin id="1279" dir="0" index="1" bw="1024" slack="0"/>
<pin id="1280" dir="0" index="2" bw="11" slack="0"/>
<pin id="1281" dir="0" index="3" bw="11" slack="0"/>
<pin id="1282" dir="1" index="4" bw="15" slack="1"/>
</pin_list>
<bind>
<opcode="partselect(1002) " fcode="partselect"/>
<opset="trunc_ln44_44/1 "/>
</bind>
</comp>

<comp id="1287" class="1004" name="tmp_38_fu_1287">
<pin_list>
<pin id="1288" dir="0" index="0" bw="16" slack="0"/>
<pin id="1289" dir="0" index="1" bw="1024" slack="0"/>
<pin id="1290" dir="0" index="2" bw="11" slack="0"/>
<pin id="1291" dir="0" index="3" bw="11" slack="0"/>
<pin id="1292" dir="1" index="4" bw="16" slack="1"/>
</pin_list>
<bind>
<opcode="partselect(1002) " fcode="partselect"/>
<opset="tmp_38/1 "/>
</bind>
</comp>

<comp id="1297" class="1004" name="trunc_ln44_45_fu_1297">
<pin_list>
<pin id="1298" dir="0" index="0" bw="15" slack="0"/>
<pin id="1299" dir="0" index="1" bw="1024" slack="0"/>
<pin id="1300" dir="0" index="2" bw="11" slack="0"/>
<pin id="1301" dir="0" index="3" bw="11" slack="0"/>
<pin id="1302" dir="1" index="4" bw="15" slack="1"/>
</pin_list>
<bind>
<opcode="partselect(1002) " fcode="partselect"/>
<opset="trunc_ln44_45/1 "/>
</bind>
</comp>

<comp id="1307" class="1004" name="tmp_39_fu_1307">
<pin_list>
<pin id="1308" dir="0" index="0" bw="16" slack="0"/>
<pin id="1309" dir="0" index="1" bw="1024" slack="0"/>
<pin id="1310" dir="0" index="2" bw="11" slack="0"/>
<pin id="1311" dir="0" index="3" bw="11" slack="0"/>
<pin id="1312" dir="1" index="4" bw="16" slack="1"/>
</pin_list>
<bind>
<opcode="partselect(1002) " fcode="partselect"/>
<opset="tmp_39/1 "/>
</bind>
</comp>

<comp id="1317" class="1004" name="trunc_ln44_46_fu_1317">
<pin_list>
<pin id="1318" dir="0" index="0" bw="15" slack="0"/>
<pin id="1319" dir="0" index="1" bw="1024" slack="0"/>
<pin id="1320" dir="0" index="2" bw="11" slack="0"/>
<pin id="1321" dir="0" index="3" bw="11" slack="0"/>
<pin id="1322" dir="1" index="4" bw="15" slack="1"/>
</pin_list>
<bind>
<opcode="partselect(1002) " fcode="partselect"/>
<opset="trunc_ln44_46/1 "/>
</bind>
</comp>

<comp id="1327" class="1004" name="tmp_40_fu_1327">
<pin_list>
<pin id="1328" dir="0" index="0" bw="16" slack="0"/>
<pin id="1329" dir="0" index="1" bw="1024" slack="0"/>
<pin id="1330" dir="0" index="2" bw="11" slack="0"/>
<pin id="1331" dir="0" index="3" bw="11" slack="0"/>
<pin id="1332" dir="1" index="4" bw="16" slack="1"/>
</pin_list>
<bind>
<opcode="partselect(1002) " fcode="partselect"/>
<opset="tmp_40/1 "/>
</bind>
</comp>

<comp id="1337" class="1004" name="trunc_ln44_47_fu_1337">
<pin_list>
<pin id="1338" dir="0" index="0" bw="15" slack="0"/>
<pin id="1339" dir="0" index="1" bw="1024" slack="0"/>
<pin id="1340" dir="0" index="2" bw="11" slack="0"/>
<pin id="1341" dir="0" index="3" bw="11" slack="0"/>
<pin id="1342" dir="1" index="4" bw="15" slack="1"/>
</pin_list>
<bind>
<opcode="partselect(1002) " fcode="partselect"/>
<opset="trunc_ln44_47/1 "/>
</bind>
</comp>

<comp id="1347" class="1004" name="tmp_41_fu_1347">
<pin_list>
<pin id="1348" dir="0" index="0" bw="16" slack="0"/>
<pin id="1349" dir="0" index="1" bw="1024" slack="0"/>
<pin id="1350" dir="0" index="2" bw="11" slack="0"/>
<pin id="1351" dir="0" index="3" bw="11" slack="0"/>
<pin id="1352" dir="1" index="4" bw="16" slack="1"/>
</pin_list>
<bind>
<opcode="partselect(1002) " fcode="partselect"/>
<opset="tmp_41/1 "/>
</bind>
</comp>

<comp id="1357" class="1004" name="trunc_ln44_48_fu_1357">
<pin_list>
<pin id="1358" dir="0" index="0" bw="15" slack="0"/>
<pin id="1359" dir="0" index="1" bw="1024" slack="0"/>
<pin id="1360" dir="0" index="2" bw="11" slack="0"/>
<pin id="1361" dir="0" index="3" bw="11" slack="0"/>
<pin id="1362" dir="1" index="4" bw="15" slack="1"/>
</pin_list>
<bind>
<opcode="partselect(1002) " fcode="partselect"/>
<opset="trunc_ln44_48/1 "/>
</bind>
</comp>

<comp id="1367" class="1004" name="tmp_42_fu_1367">
<pin_list>
<pin id="1368" dir="0" index="0" bw="16" slack="0"/>
<pin id="1369" dir="0" index="1" bw="1024" slack="0"/>
<pin id="1370" dir="0" index="2" bw="11" slack="0"/>
<pin id="1371" dir="0" index="3" bw="11" slack="0"/>
<pin id="1372" dir="1" index="4" bw="16" slack="1"/>
</pin_list>
<bind>
<opcode="partselect(1002) " fcode="partselect"/>
<opset="tmp_42/1 "/>
</bind>
</comp>

<comp id="1377" class="1004" name="trunc_ln44_49_fu_1377">
<pin_list>
<pin id="1378" dir="0" index="0" bw="15" slack="0"/>
<pin id="1379" dir="0" index="1" bw="1024" slack="0"/>
<pin id="1380" dir="0" index="2" bw="11" slack="0"/>
<pin id="1381" dir="0" index="3" bw="11" slack="0"/>
<pin id="1382" dir="1" index="4" bw="15" slack="1"/>
</pin_list>
<bind>
<opcode="partselect(1002) " fcode="partselect"/>
<opset="trunc_ln44_49/1 "/>
</bind>
</comp>

<comp id="1387" class="1004" name="tmp_43_fu_1387">
<pin_list>
<pin id="1388" dir="0" index="0" bw="16" slack="0"/>
<pin id="1389" dir="0" index="1" bw="1024" slack="0"/>
<pin id="1390" dir="0" index="2" bw="11" slack="0"/>
<pin id="1391" dir="0" index="3" bw="11" slack="0"/>
<pin id="1392" dir="1" index="4" bw="16" slack="1"/>
</pin_list>
<bind>
<opcode="partselect(1002) " fcode="partselect"/>
<opset="tmp_43/1 "/>
</bind>
</comp>

<comp id="1397" class="1004" name="trunc_ln44_50_fu_1397">
<pin_list>
<pin id="1398" dir="0" index="0" bw="15" slack="0"/>
<pin id="1399" dir="0" index="1" bw="1024" slack="0"/>
<pin id="1400" dir="0" index="2" bw="11" slack="0"/>
<pin id="1401" dir="0" index="3" bw="11" slack="0"/>
<pin id="1402" dir="1" index="4" bw="15" slack="1"/>
</pin_list>
<bind>
<opcode="partselect(1002) " fcode="partselect"/>
<opset="trunc_ln44_50/1 "/>
</bind>
</comp>

<comp id="1407" class="1004" name="tmp_44_fu_1407">
<pin_list>
<pin id="1408" dir="0" index="0" bw="16" slack="0"/>
<pin id="1409" dir="0" index="1" bw="1024" slack="0"/>
<pin id="1410" dir="0" index="2" bw="11" slack="0"/>
<pin id="1411" dir="0" index="3" bw="11" slack="0"/>
<pin id="1412" dir="1" index="4" bw="16" slack="1"/>
</pin_list>
<bind>
<opcode="partselect(1002) " fcode="partselect"/>
<opset="tmp_44/1 "/>
</bind>
</comp>

<comp id="1417" class="1004" name="trunc_ln44_51_fu_1417">
<pin_list>
<pin id="1418" dir="0" index="0" bw="15" slack="0"/>
<pin id="1419" dir="0" index="1" bw="1024" slack="0"/>
<pin id="1420" dir="0" index="2" bw="11" slack="0"/>
<pin id="1421" dir="0" index="3" bw="11" slack="0"/>
<pin id="1422" dir="1" index="4" bw="15" slack="1"/>
</pin_list>
<bind>
<opcode="partselect(1002) " fcode="partselect"/>
<opset="trunc_ln44_51/1 "/>
</bind>
</comp>

<comp id="1427" class="1004" name="tmp_45_fu_1427">
<pin_list>
<pin id="1428" dir="0" index="0" bw="16" slack="0"/>
<pin id="1429" dir="0" index="1" bw="1024" slack="0"/>
<pin id="1430" dir="0" index="2" bw="11" slack="0"/>
<pin id="1431" dir="0" index="3" bw="11" slack="0"/>
<pin id="1432" dir="1" index="4" bw="16" slack="1"/>
</pin_list>
<bind>
<opcode="partselect(1002) " fcode="partselect"/>
<opset="tmp_45/1 "/>
</bind>
</comp>

<comp id="1437" class="1004" name="trunc_ln44_52_fu_1437">
<pin_list>
<pin id="1438" dir="0" index="0" bw="15" slack="0"/>
<pin id="1439" dir="0" index="1" bw="1024" slack="0"/>
<pin id="1440" dir="0" index="2" bw="11" slack="0"/>
<pin id="1441" dir="0" index="3" bw="11" slack="0"/>
<pin id="1442" dir="1" index="4" bw="15" slack="1"/>
</pin_list>
<bind>
<opcode="partselect(1002) " fcode="partselect"/>
<opset="trunc_ln44_52/1 "/>
</bind>
</comp>

<comp id="1447" class="1004" name="tmp_46_fu_1447">
<pin_list>
<pin id="1448" dir="0" index="0" bw="16" slack="0"/>
<pin id="1449" dir="0" index="1" bw="1024" slack="0"/>
<pin id="1450" dir="0" index="2" bw="11" slack="0"/>
<pin id="1451" dir="0" index="3" bw="11" slack="0"/>
<pin id="1452" dir="1" index="4" bw="16" slack="1"/>
</pin_list>
<bind>
<opcode="partselect(1002) " fcode="partselect"/>
<opset="tmp_46/1 "/>
</bind>
</comp>

<comp id="1457" class="1004" name="trunc_ln44_53_fu_1457">
<pin_list>
<pin id="1458" dir="0" index="0" bw="15" slack="0"/>
<pin id="1459" dir="0" index="1" bw="1024" slack="0"/>
<pin id="1460" dir="0" index="2" bw="11" slack="0"/>
<pin id="1461" dir="0" index="3" bw="11" slack="0"/>
<pin id="1462" dir="1" index="4" bw="15" slack="1"/>
</pin_list>
<bind>
<opcode="partselect(1002) " fcode="partselect"/>
<opset="trunc_ln44_53/1 "/>
</bind>
</comp>

<comp id="1467" class="1004" name="tmp_47_fu_1467">
<pin_list>
<pin id="1468" dir="0" index="0" bw="16" slack="0"/>
<pin id="1469" dir="0" index="1" bw="1024" slack="0"/>
<pin id="1470" dir="0" index="2" bw="11" slack="0"/>
<pin id="1471" dir="0" index="3" bw="11" slack="0"/>
<pin id="1472" dir="1" index="4" bw="16" slack="1"/>
</pin_list>
<bind>
<opcode="partselect(1002) " fcode="partselect"/>
<opset="tmp_47/1 "/>
</bind>
</comp>

<comp id="1477" class="1004" name="trunc_ln44_54_fu_1477">
<pin_list>
<pin id="1478" dir="0" index="0" bw="15" slack="0"/>
<pin id="1479" dir="0" index="1" bw="1024" slack="0"/>
<pin id="1480" dir="0" index="2" bw="11" slack="0"/>
<pin id="1481" dir="0" index="3" bw="11" slack="0"/>
<pin id="1482" dir="1" index="4" bw="15" slack="1"/>
</pin_list>
<bind>
<opcode="partselect(1002) " fcode="partselect"/>
<opset="trunc_ln44_54/1 "/>
</bind>
</comp>

<comp id="1487" class="1004" name="tmp_48_fu_1487">
<pin_list>
<pin id="1488" dir="0" index="0" bw="16" slack="0"/>
<pin id="1489" dir="0" index="1" bw="1024" slack="0"/>
<pin id="1490" dir="0" index="2" bw="11" slack="0"/>
<pin id="1491" dir="0" index="3" bw="11" slack="0"/>
<pin id="1492" dir="1" index="4" bw="16" slack="1"/>
</pin_list>
<bind>
<opcode="partselect(1002) " fcode="partselect"/>
<opset="tmp_48/1 "/>
</bind>
</comp>

<comp id="1497" class="1004" name="trunc_ln44_55_fu_1497">
<pin_list>
<pin id="1498" dir="0" index="0" bw="15" slack="0"/>
<pin id="1499" dir="0" index="1" bw="1024" slack="0"/>
<pin id="1500" dir="0" index="2" bw="11" slack="0"/>
<pin id="1501" dir="0" index="3" bw="11" slack="0"/>
<pin id="1502" dir="1" index="4" bw="15" slack="1"/>
</pin_list>
<bind>
<opcode="partselect(1002) " fcode="partselect"/>
<opset="trunc_ln44_55/1 "/>
</bind>
</comp>

<comp id="1507" class="1004" name="tmp_49_fu_1507">
<pin_list>
<pin id="1508" dir="0" index="0" bw="16" slack="0"/>
<pin id="1509" dir="0" index="1" bw="1024" slack="0"/>
<pin id="1510" dir="0" index="2" bw="11" slack="0"/>
<pin id="1511" dir="0" index="3" bw="11" slack="0"/>
<pin id="1512" dir="1" index="4" bw="16" slack="1"/>
</pin_list>
<bind>
<opcode="partselect(1002) " fcode="partselect"/>
<opset="tmp_49/1 "/>
</bind>
</comp>

<comp id="1517" class="1004" name="trunc_ln44_56_fu_1517">
<pin_list>
<pin id="1518" dir="0" index="0" bw="15" slack="0"/>
<pin id="1519" dir="0" index="1" bw="1024" slack="0"/>
<pin id="1520" dir="0" index="2" bw="11" slack="0"/>
<pin id="1521" dir="0" index="3" bw="11" slack="0"/>
<pin id="1522" dir="1" index="4" bw="15" slack="1"/>
</pin_list>
<bind>
<opcode="partselect(1002) " fcode="partselect"/>
<opset="trunc_ln44_56/1 "/>
</bind>
</comp>

<comp id="1527" class="1004" name="tmp_50_fu_1527">
<pin_list>
<pin id="1528" dir="0" index="0" bw="16" slack="0"/>
<pin id="1529" dir="0" index="1" bw="1024" slack="0"/>
<pin id="1530" dir="0" index="2" bw="11" slack="0"/>
<pin id="1531" dir="0" index="3" bw="11" slack="0"/>
<pin id="1532" dir="1" index="4" bw="16" slack="1"/>
</pin_list>
<bind>
<opcode="partselect(1002) " fcode="partselect"/>
<opset="tmp_50/1 "/>
</bind>
</comp>

<comp id="1537" class="1004" name="trunc_ln44_57_fu_1537">
<pin_list>
<pin id="1538" dir="0" index="0" bw="15" slack="0"/>
<pin id="1539" dir="0" index="1" bw="1024" slack="0"/>
<pin id="1540" dir="0" index="2" bw="11" slack="0"/>
<pin id="1541" dir="0" index="3" bw="11" slack="0"/>
<pin id="1542" dir="1" index="4" bw="15" slack="1"/>
</pin_list>
<bind>
<opcode="partselect(1002) " fcode="partselect"/>
<opset="trunc_ln44_57/1 "/>
</bind>
</comp>

<comp id="1547" class="1004" name="tmp_51_fu_1547">
<pin_list>
<pin id="1548" dir="0" index="0" bw="16" slack="0"/>
<pin id="1549" dir="0" index="1" bw="1024" slack="0"/>
<pin id="1550" dir="0" index="2" bw="11" slack="0"/>
<pin id="1551" dir="0" index="3" bw="11" slack="0"/>
<pin id="1552" dir="1" index="4" bw="16" slack="1"/>
</pin_list>
<bind>
<opcode="partselect(1002) " fcode="partselect"/>
<opset="tmp_51/1 "/>
</bind>
</comp>

<comp id="1557" class="1004" name="trunc_ln44_58_fu_1557">
<pin_list>
<pin id="1558" dir="0" index="0" bw="15" slack="0"/>
<pin id="1559" dir="0" index="1" bw="1024" slack="0"/>
<pin id="1560" dir="0" index="2" bw="11" slack="0"/>
<pin id="1561" dir="0" index="3" bw="11" slack="0"/>
<pin id="1562" dir="1" index="4" bw="15" slack="1"/>
</pin_list>
<bind>
<opcode="partselect(1002) " fcode="partselect"/>
<opset="trunc_ln44_58/1 "/>
</bind>
</comp>

<comp id="1567" class="1004" name="tmp_52_fu_1567">
<pin_list>
<pin id="1568" dir="0" index="0" bw="16" slack="0"/>
<pin id="1569" dir="0" index="1" bw="1024" slack="0"/>
<pin id="1570" dir="0" index="2" bw="11" slack="0"/>
<pin id="1571" dir="0" index="3" bw="11" slack="0"/>
<pin id="1572" dir="1" index="4" bw="16" slack="1"/>
</pin_list>
<bind>
<opcode="partselect(1002) " fcode="partselect"/>
<opset="tmp_52/1 "/>
</bind>
</comp>

<comp id="1577" class="1004" name="trunc_ln44_59_fu_1577">
<pin_list>
<pin id="1578" dir="0" index="0" bw="15" slack="0"/>
<pin id="1579" dir="0" index="1" bw="1024" slack="0"/>
<pin id="1580" dir="0" index="2" bw="11" slack="0"/>
<pin id="1581" dir="0" index="3" bw="11" slack="0"/>
<pin id="1582" dir="1" index="4" bw="15" slack="1"/>
</pin_list>
<bind>
<opcode="partselect(1002) " fcode="partselect"/>
<opset="trunc_ln44_59/1 "/>
</bind>
</comp>

<comp id="1587" class="1004" name="tmp_53_fu_1587">
<pin_list>
<pin id="1588" dir="0" index="0" bw="16" slack="0"/>
<pin id="1589" dir="0" index="1" bw="1024" slack="0"/>
<pin id="1590" dir="0" index="2" bw="11" slack="0"/>
<pin id="1591" dir="0" index="3" bw="11" slack="0"/>
<pin id="1592" dir="1" index="4" bw="16" slack="1"/>
</pin_list>
<bind>
<opcode="partselect(1002) " fcode="partselect"/>
<opset="tmp_53/1 "/>
</bind>
</comp>

<comp id="1597" class="1004" name="trunc_ln44_60_fu_1597">
<pin_list>
<pin id="1598" dir="0" index="0" bw="15" slack="0"/>
<pin id="1599" dir="0" index="1" bw="1024" slack="0"/>
<pin id="1600" dir="0" index="2" bw="11" slack="0"/>
<pin id="1601" dir="0" index="3" bw="11" slack="0"/>
<pin id="1602" dir="1" index="4" bw="15" slack="1"/>
</pin_list>
<bind>
<opcode="partselect(1002) " fcode="partselect"/>
<opset="trunc_ln44_60/1 "/>
</bind>
</comp>

<comp id="1607" class="1004" name="tmp_54_fu_1607">
<pin_list>
<pin id="1608" dir="0" index="0" bw="16" slack="0"/>
<pin id="1609" dir="0" index="1" bw="1024" slack="0"/>
<pin id="1610" dir="0" index="2" bw="11" slack="0"/>
<pin id="1611" dir="0" index="3" bw="11" slack="0"/>
<pin id="1612" dir="1" index="4" bw="16" slack="1"/>
</pin_list>
<bind>
<opcode="partselect(1002) " fcode="partselect"/>
<opset="tmp_54/1 "/>
</bind>
</comp>

<comp id="1617" class="1004" name="trunc_ln44_61_fu_1617">
<pin_list>
<pin id="1618" dir="0" index="0" bw="15" slack="0"/>
<pin id="1619" dir="0" index="1" bw="1024" slack="0"/>
<pin id="1620" dir="0" index="2" bw="11" slack="0"/>
<pin id="1621" dir="0" index="3" bw="11" slack="0"/>
<pin id="1622" dir="1" index="4" bw="15" slack="1"/>
</pin_list>
<bind>
<opcode="partselect(1002) " fcode="partselect"/>
<opset="trunc_ln44_61/1 "/>
</bind>
</comp>

<comp id="1627" class="1004" name="tmp_55_fu_1627">
<pin_list>
<pin id="1628" dir="0" index="0" bw="16" slack="0"/>
<pin id="1629" dir="0" index="1" bw="1024" slack="0"/>
<pin id="1630" dir="0" index="2" bw="11" slack="0"/>
<pin id="1631" dir="0" index="3" bw="11" slack="0"/>
<pin id="1632" dir="1" index="4" bw="16" slack="1"/>
</pin_list>
<bind>
<opcode="partselect(1002) " fcode="partselect"/>
<opset="tmp_55/1 "/>
</bind>
</comp>

<comp id="1637" class="1004" name="trunc_ln44_62_fu_1637">
<pin_list>
<pin id="1638" dir="0" index="0" bw="15" slack="0"/>
<pin id="1639" dir="0" index="1" bw="1024" slack="0"/>
<pin id="1640" dir="0" index="2" bw="11" slack="0"/>
<pin id="1641" dir="0" index="3" bw="11" slack="0"/>
<pin id="1642" dir="1" index="4" bw="15" slack="1"/>
</pin_list>
<bind>
<opcode="partselect(1002) " fcode="partselect"/>
<opset="trunc_ln44_62/1 "/>
</bind>
</comp>

<comp id="1647" class="1004" name="tmp_56_fu_1647">
<pin_list>
<pin id="1648" dir="0" index="0" bw="16" slack="0"/>
<pin id="1649" dir="0" index="1" bw="1024" slack="0"/>
<pin id="1650" dir="0" index="2" bw="11" slack="0"/>
<pin id="1651" dir="0" index="3" bw="11" slack="0"/>
<pin id="1652" dir="1" index="4" bw="16" slack="1"/>
</pin_list>
<bind>
<opcode="partselect(1002) " fcode="partselect"/>
<opset="tmp_56/1 "/>
</bind>
</comp>

<comp id="1657" class="1004" name="trunc_ln44_63_fu_1657">
<pin_list>
<pin id="1658" dir="0" index="0" bw="15" slack="0"/>
<pin id="1659" dir="0" index="1" bw="1024" slack="0"/>
<pin id="1660" dir="0" index="2" bw="11" slack="0"/>
<pin id="1661" dir="0" index="3" bw="11" slack="0"/>
<pin id="1662" dir="1" index="4" bw="15" slack="1"/>
</pin_list>
<bind>
<opcode="partselect(1002) " fcode="partselect"/>
<opset="trunc_ln44_63/1 "/>
</bind>
</comp>

<comp id="1667" class="1004" name="trunc_ln44_64_fu_1667">
<pin_list>
<pin id="1668" dir="0" index="0" bw="15" slack="0"/>
<pin id="1669" dir="0" index="1" bw="1024" slack="0"/>
<pin id="1670" dir="0" index="2" bw="11" slack="0"/>
<pin id="1671" dir="0" index="3" bw="11" slack="0"/>
<pin id="1672" dir="1" index="4" bw="15" slack="1"/>
</pin_list>
<bind>
<opcode="partselect(1002) " fcode="partselect"/>
<opset="trunc_ln44_64/1 "/>
</bind>
</comp>

<comp id="1677" class="1004" name="trunc_ln_fu_1677">
<pin_list>
<pin id="1678" dir="0" index="0" bw="15" slack="0"/>
<pin id="1679" dir="0" index="1" bw="1024" slack="0"/>
<pin id="1680" dir="0" index="2" bw="11" slack="0"/>
<pin id="1681" dir="0" index="3" bw="11" slack="0"/>
<pin id="1682" dir="1" index="4" bw="15" slack="1"/>
</pin_list>
<bind>
<opcode="partselect(1002) " fcode="partselect"/>
<opset="trunc_ln/1 "/>
</bind>
</comp>

<comp id="1687" class="1004" name="icmp_ln51_fu_1687">
<pin_list>
<pin id="1688" dir="0" index="0" bw="16" slack="1"/>
<pin id="1689" dir="0" index="1" bw="16" slack="0"/>
<pin id="1690" dir="1" index="2" bw="1" slack="0"/>
</pin_list>
<bind>
<opcode="icmp(45) " fcode="icmp"/>
<opset="icmp_ln51/2 "/>
</bind>
</comp>

<comp id="1692" class="1004" name="select_ln51_fu_1692">
<pin_list>
<pin id="1693" dir="0" index="0" bw="1" slack="0"/>
<pin id="1694" dir="0" index="1" bw="15" slack="1"/>
<pin id="1695" dir="0" index="2" bw="15" slack="0"/>
<pin id="1696" dir="1" index="3" bw="15" slack="1"/>
</pin_list>
<bind>
<opcode="select(49) " fcode="select"/>
<opset="select_ln51/2 "/>
</bind>
</comp>

<comp id="1699" class="1004" name="icmp_ln51_1_fu_1699">
<pin_list>
<pin id="1700" dir="0" index="0" bw="16" slack="1"/>
<pin id="1701" dir="0" index="1" bw="16" slack="0"/>
<pin id="1702" dir="1" index="2" bw="1" slack="0"/>
</pin_list>
<bind>
<opcode="icmp(45) " fcode="icmp"/>
<opset="icmp_ln51_1/2 "/>
</bind>
</comp>

<comp id="1704" class="1004" name="select_ln51_1_fu_1704">
<pin_list>
<pin id="1705" dir="0" index="0" bw="1" slack="0"/>
<pin id="1706" dir="0" index="1" bw="15" slack="1"/>
<pin id="1707" dir="0" index="2" bw="15" slack="0"/>
<pin id="1708" dir="1" index="3" bw="15" slack="1"/>
</pin_list>
<bind>
<opcode="select(49) " fcode="select"/>
<opset="select_ln51_1/2 "/>
</bind>
</comp>

<comp id="1711" class="1004" name="icmp_ln51_2_fu_1711">
<pin_list>
<pin id="1712" dir="0" index="0" bw="16" slack="1"/>
<pin id="1713" dir="0" index="1" bw="16" slack="0"/>
<pin id="1714" dir="1" index="2" bw="1" slack="0"/>
</pin_list>
<bind>
<opcode="icmp(45) " fcode="icmp"/>
<opset="icmp_ln51_2/2 "/>
</bind>
</comp>

<comp id="1716" class="1004" name="select_ln51_2_fu_1716">
<pin_list>
<pin id="1717" dir="0" index="0" bw="1" slack="0"/>
<pin id="1718" dir="0" index="1" bw="15" slack="1"/>
<pin id="1719" dir="0" index="2" bw="15" slack="0"/>
<pin id="1720" dir="1" index="3" bw="15" slack="1"/>
</pin_list>
<bind>
<opcode="select(49) " fcode="select"/>
<opset="select_ln51_2/2 "/>
</bind>
</comp>

<comp id="1723" class="1004" name="icmp_ln51_3_fu_1723">
<pin_list>
<pin id="1724" dir="0" index="0" bw="16" slack="1"/>
<pin id="1725" dir="0" index="1" bw="16" slack="0"/>
<pin id="1726" dir="1" index="2" bw="1" slack="0"/>
</pin_list>
<bind>
<opcode="icmp(45) " fcode="icmp"/>
<opset="icmp_ln51_3/2 "/>
</bind>
</comp>

<comp id="1728" class="1004" name="select_ln51_3_fu_1728">
<pin_list>
<pin id="1729" dir="0" index="0" bw="1" slack="0"/>
<pin id="1730" dir="0" index="1" bw="15" slack="1"/>
<pin id="1731" dir="0" index="2" bw="15" slack="0"/>
<pin id="1732" dir="1" index="3" bw="15" slack="1"/>
</pin_list>
<bind>
<opcode="select(49) " fcode="select"/>
<opset="select_ln51_3/2 "/>
</bind>
</comp>

<comp id="1735" class="1004" name="icmp_ln51_4_fu_1735">
<pin_list>
<pin id="1736" dir="0" index="0" bw="16" slack="1"/>
<pin id="1737" dir="0" index="1" bw="16" slack="0"/>
<pin id="1738" dir="1" index="2" bw="1" slack="0"/>
</pin_list>
<bind>
<opcode="icmp(45) " fcode="icmp"/>
<opset="icmp_ln51_4/2 "/>
</bind>
</comp>

<comp id="1740" class="1004" name="select_ln51_4_fu_1740">
<pin_list>
<pin id="1741" dir="0" index="0" bw="1" slack="0"/>
<pin id="1742" dir="0" index="1" bw="15" slack="1"/>
<pin id="1743" dir="0" index="2" bw="15" slack="0"/>
<pin id="1744" dir="1" index="3" bw="15" slack="1"/>
</pin_list>
<bind>
<opcode="select(49) " fcode="select"/>
<opset="select_ln51_4/2 "/>
</bind>
</comp>

<comp id="1747" class="1004" name="icmp_ln51_5_fu_1747">
<pin_list>
<pin id="1748" dir="0" index="0" bw="16" slack="1"/>
<pin id="1749" dir="0" index="1" bw="16" slack="0"/>
<pin id="1750" dir="1" index="2" bw="1" slack="0"/>
</pin_list>
<bind>
<opcode="icmp(45) " fcode="icmp"/>
<opset="icmp_ln51_5/2 "/>
</bind>
</comp>

<comp id="1752" class="1004" name="select_ln51_5_fu_1752">
<pin_list>
<pin id="1753" dir="0" index="0" bw="1" slack="0"/>
<pin id="1754" dir="0" index="1" bw="15" slack="1"/>
<pin id="1755" dir="0" index="2" bw="15" slack="0"/>
<pin id="1756" dir="1" index="3" bw="15" slack="1"/>
</pin_list>
<bind>
<opcode="select(49) " fcode="select"/>
<opset="select_ln51_5/2 "/>
</bind>
</comp>

<comp id="1759" class="1004" name="icmp_ln51_6_fu_1759">
<pin_list>
<pin id="1760" dir="0" index="0" bw="16" slack="1"/>
<pin id="1761" dir="0" index="1" bw="16" slack="0"/>
<pin id="1762" dir="1" index="2" bw="1" slack="0"/>
</pin_list>
<bind>
<opcode="icmp(45) " fcode="icmp"/>
<opset="icmp_ln51_6/2 "/>
</bind>
</comp>

<comp id="1764" class="1004" name="select_ln51_6_fu_1764">
<pin_list>
<pin id="1765" dir="0" index="0" bw="1" slack="0"/>
<pin id="1766" dir="0" index="1" bw="15" slack="1"/>
<pin id="1767" dir="0" index="2" bw="15" slack="0"/>
<pin id="1768" dir="1" index="3" bw="15" slack="1"/>
</pin_list>
<bind>
<opcode="select(49) " fcode="select"/>
<opset="select_ln51_6/2 "/>
</bind>
</comp>

<comp id="1771" class="1004" name="icmp_ln51_7_fu_1771">
<pin_list>
<pin id="1772" dir="0" index="0" bw="16" slack="1"/>
<pin id="1773" dir="0" index="1" bw="16" slack="0"/>
<pin id="1774" dir="1" index="2" bw="1" slack="0"/>
</pin_list>
<bind>
<opcode="icmp(45) " fcode="icmp"/>
<opset="icmp_ln51_7/2 "/>
</bind>
</comp>

<comp id="1776" class="1004" name="select_ln51_7_fu_1776">
<pin_list>
<pin id="1777" dir="0" index="0" bw="1" slack="0"/>
<pin id="1778" dir="0" index="1" bw="15" slack="1"/>
<pin id="1779" dir="0" index="2" bw="15" slack="0"/>
<pin id="1780" dir="1" index="3" bw="15" slack="1"/>
</pin_list>
<bind>
<opcode="select(49) " fcode="select"/>
<opset="select_ln51_7/2 "/>
</bind>
</comp>

<comp id="1783" class="1004" name="icmp_ln51_8_fu_1783">
<pin_list>
<pin id="1784" dir="0" index="0" bw="16" slack="1"/>
<pin id="1785" dir="0" index="1" bw="16" slack="0"/>
<pin id="1786" dir="1" index="2" bw="1" slack="0"/>
</pin_list>
<bind>
<opcode="icmp(45) " fcode="icmp"/>
<opset="icmp_ln51_8/2 "/>
</bind>
</comp>

<comp id="1788" class="1004" name="select_ln51_8_fu_1788">
<pin_list>
<pin id="1789" dir="0" index="0" bw="1" slack="0"/>
<pin id="1790" dir="0" index="1" bw="15" slack="1"/>
<pin id="1791" dir="0" index="2" bw="15" slack="0"/>
<pin id="1792" dir="1" index="3" bw="15" slack="1"/>
</pin_list>
<bind>
<opcode="select(49) " fcode="select"/>
<opset="select_ln51_8/2 "/>
</bind>
</comp>

<comp id="1795" class="1004" name="icmp_ln51_9_fu_1795">
<pin_list>
<pin id="1796" dir="0" index="0" bw="16" slack="1"/>
<pin id="1797" dir="0" index="1" bw="16" slack="0"/>
<pin id="1798" dir="1" index="2" bw="1" slack="0"/>
</pin_list>
<bind>
<opcode="icmp(45) " fcode="icmp"/>
<opset="icmp_ln51_9/2 "/>
</bind>
</comp>

<comp id="1800" class="1004" name="select_ln51_9_fu_1800">
<pin_list>
<pin id="1801" dir="0" index="0" bw="1" slack="0"/>
<pin id="1802" dir="0" index="1" bw="15" slack="1"/>
<pin id="1803" dir="0" index="2" bw="15" slack="0"/>
<pin id="1804" dir="1" index="3" bw="15" slack="1"/>
</pin_list>
<bind>
<opcode="select(49) " fcode="select"/>
<opset="select_ln51_9/2 "/>
</bind>
</comp>

<comp id="1807" class="1004" name="icmp_ln51_10_fu_1807">
<pin_list>
<pin id="1808" dir="0" index="0" bw="16" slack="1"/>
<pin id="1809" dir="0" index="1" bw="16" slack="0"/>
<pin id="1810" dir="1" index="2" bw="1" slack="0"/>
</pin_list>
<bind>
<opcode="icmp(45) " fcode="icmp"/>
<opset="icmp_ln51_10/2 "/>
</bind>
</comp>

<comp id="1812" class="1004" name="select_ln51_10_fu_1812">
<pin_list>
<pin id="1813" dir="0" index="0" bw="1" slack="0"/>
<pin id="1814" dir="0" index="1" bw="15" slack="1"/>
<pin id="1815" dir="0" index="2" bw="15" slack="0"/>
<pin id="1816" dir="1" index="3" bw="15" slack="1"/>
</pin_list>
<bind>
<opcode="select(49) " fcode="select"/>
<opset="select_ln51_10/2 "/>
</bind>
</comp>

<comp id="1819" class="1004" name="icmp_ln51_11_fu_1819">
<pin_list>
<pin id="1820" dir="0" index="0" bw="16" slack="1"/>
<pin id="1821" dir="0" index="1" bw="16" slack="0"/>
<pin id="1822" dir="1" index="2" bw="1" slack="0"/>
</pin_list>
<bind>
<opcode="icmp(45) " fcode="icmp"/>
<opset="icmp_ln51_11/2 "/>
</bind>
</comp>

<comp id="1824" class="1004" name="select_ln51_11_fu_1824">
<pin_list>
<pin id="1825" dir="0" index="0" bw="1" slack="0"/>
<pin id="1826" dir="0" index="1" bw="15" slack="1"/>
<pin id="1827" dir="0" index="2" bw="15" slack="0"/>
<pin id="1828" dir="1" index="3" bw="15" slack="1"/>
</pin_list>
<bind>
<opcode="select(49) " fcode="select"/>
<opset="select_ln51_11/2 "/>
</bind>
</comp>

<comp id="1831" class="1004" name="icmp_ln51_12_fu_1831">
<pin_list>
<pin id="1832" dir="0" index="0" bw="16" slack="1"/>
<pin id="1833" dir="0" index="1" bw="16" slack="0"/>
<pin id="1834" dir="1" index="2" bw="1" slack="0"/>
</pin_list>
<bind>
<opcode="icmp(45) " fcode="icmp"/>
<opset="icmp_ln51_12/2 "/>
</bind>
</comp>

<comp id="1836" class="1004" name="select_ln51_12_fu_1836">
<pin_list>
<pin id="1837" dir="0" index="0" bw="1" slack="0"/>
<pin id="1838" dir="0" index="1" bw="15" slack="1"/>
<pin id="1839" dir="0" index="2" bw="15" slack="0"/>
<pin id="1840" dir="1" index="3" bw="15" slack="1"/>
</pin_list>
<bind>
<opcode="select(49) " fcode="select"/>
<opset="select_ln51_12/2 "/>
</bind>
</comp>

<comp id="1843" class="1004" name="icmp_ln51_13_fu_1843">
<pin_list>
<pin id="1844" dir="0" index="0" bw="16" slack="1"/>
<pin id="1845" dir="0" index="1" bw="16" slack="0"/>
<pin id="1846" dir="1" index="2" bw="1" slack="0"/>
</pin_list>
<bind>
<opcode="icmp(45) " fcode="icmp"/>
<opset="icmp_ln51_13/2 "/>
</bind>
</comp>

<comp id="1848" class="1004" name="select_ln51_13_fu_1848">
<pin_list>
<pin id="1849" dir="0" index="0" bw="1" slack="0"/>
<pin id="1850" dir="0" index="1" bw="15" slack="1"/>
<pin id="1851" dir="0" index="2" bw="15" slack="0"/>
<pin id="1852" dir="1" index="3" bw="15" slack="1"/>
</pin_list>
<bind>
<opcode="select(49) " fcode="select"/>
<opset="select_ln51_13/2 "/>
</bind>
</comp>

<comp id="1855" class="1004" name="icmp_ln51_14_fu_1855">
<pin_list>
<pin id="1856" dir="0" index="0" bw="16" slack="1"/>
<pin id="1857" dir="0" index="1" bw="16" slack="0"/>
<pin id="1858" dir="1" index="2" bw="1" slack="0"/>
</pin_list>
<bind>
<opcode="icmp(45) " fcode="icmp"/>
<opset="icmp_ln51_14/2 "/>
</bind>
</comp>

<comp id="1860" class="1004" name="select_ln51_14_fu_1860">
<pin_list>
<pin id="1861" dir="0" index="0" bw="1" slack="0"/>
<pin id="1862" dir="0" index="1" bw="15" slack="1"/>
<pin id="1863" dir="0" index="2" bw="15" slack="0"/>
<pin id="1864" dir="1" index="3" bw="15" slack="1"/>
</pin_list>
<bind>
<opcode="select(49) " fcode="select"/>
<opset="select_ln51_14/2 "/>
</bind>
</comp>

<comp id="1867" class="1004" name="icmp_ln51_15_fu_1867">
<pin_list>
<pin id="1868" dir="0" index="0" bw="16" slack="1"/>
<pin id="1869" dir="0" index="1" bw="16" slack="0"/>
<pin id="1870" dir="1" index="2" bw="1" slack="0"/>
</pin_list>
<bind>
<opcode="icmp(45) " fcode="icmp"/>
<opset="icmp_ln51_15/2 "/>
</bind>
</comp>

<comp id="1872" class="1004" name="select_ln51_15_fu_1872">
<pin_list>
<pin id="1873" dir="0" index="0" bw="1" slack="0"/>
<pin id="1874" dir="0" index="1" bw="15" slack="1"/>
<pin id="1875" dir="0" index="2" bw="15" slack="0"/>
<pin id="1876" dir="1" index="3" bw="15" slack="1"/>
</pin_list>
<bind>
<opcode="select(49) " fcode="select"/>
<opset="select_ln51_15/2 "/>
</bind>
</comp>

<comp id="1879" class="1004" name="icmp_ln51_16_fu_1879">
<pin_list>
<pin id="1880" dir="0" index="0" bw="16" slack="1"/>
<pin id="1881" dir="0" index="1" bw="16" slack="0"/>
<pin id="1882" dir="1" index="2" bw="1" slack="0"/>
</pin_list>
<bind>
<opcode="icmp(45) " fcode="icmp"/>
<opset="icmp_ln51_16/2 "/>
</bind>
</comp>

<comp id="1884" class="1004" name="select_ln51_16_fu_1884">
<pin_list>
<pin id="1885" dir="0" index="0" bw="1" slack="0"/>
<pin id="1886" dir="0" index="1" bw="15" slack="1"/>
<pin id="1887" dir="0" index="2" bw="15" slack="0"/>
<pin id="1888" dir="1" index="3" bw="15" slack="1"/>
</pin_list>
<bind>
<opcode="select(49) " fcode="select"/>
<opset="select_ln51_16/2 "/>
</bind>
</comp>

<comp id="1891" class="1004" name="icmp_ln51_17_fu_1891">
<pin_list>
<pin id="1892" dir="0" index="0" bw="16" slack="1"/>
<pin id="1893" dir="0" index="1" bw="16" slack="0"/>
<pin id="1894" dir="1" index="2" bw="1" slack="0"/>
</pin_list>
<bind>
<opcode="icmp(45) " fcode="icmp"/>
<opset="icmp_ln51_17/2 "/>
</bind>
</comp>

<comp id="1896" class="1004" name="select_ln51_17_fu_1896">
<pin_list>
<pin id="1897" dir="0" index="0" bw="1" slack="0"/>
<pin id="1898" dir="0" index="1" bw="15" slack="1"/>
<pin id="1899" dir="0" index="2" bw="15" slack="0"/>
<pin id="1900" dir="1" index="3" bw="15" slack="1"/>
</pin_list>
<bind>
<opcode="select(49) " fcode="select"/>
<opset="select_ln51_17/2 "/>
</bind>
</comp>

<comp id="1903" class="1004" name="icmp_ln51_18_fu_1903">
<pin_list>
<pin id="1904" dir="0" index="0" bw="16" slack="1"/>
<pin id="1905" dir="0" index="1" bw="16" slack="0"/>
<pin id="1906" dir="1" index="2" bw="1" slack="0"/>
</pin_list>
<bind>
<opcode="icmp(45) " fcode="icmp"/>
<opset="icmp_ln51_18/2 "/>
</bind>
</comp>

<comp id="1908" class="1004" name="select_ln51_18_fu_1908">
<pin_list>
<pin id="1909" dir="0" index="0" bw="1" slack="0"/>
<pin id="1910" dir="0" index="1" bw="15" slack="1"/>
<pin id="1911" dir="0" index="2" bw="15" slack="0"/>
<pin id="1912" dir="1" index="3" bw="15" slack="1"/>
</pin_list>
<bind>
<opcode="select(49) " fcode="select"/>
<opset="select_ln51_18/2 "/>
</bind>
</comp>

<comp id="1915" class="1004" name="icmp_ln51_19_fu_1915">
<pin_list>
<pin id="1916" dir="0" index="0" bw="16" slack="1"/>
<pin id="1917" dir="0" index="1" bw="16" slack="0"/>
<pin id="1918" dir="1" index="2" bw="1" slack="0"/>
</pin_list>
<bind>
<opcode="icmp(45) " fcode="icmp"/>
<opset="icmp_ln51_19/2 "/>
</bind>
</comp>

<comp id="1920" class="1004" name="select_ln51_19_fu_1920">
<pin_list>
<pin id="1921" dir="0" index="0" bw="1" slack="0"/>
<pin id="1922" dir="0" index="1" bw="15" slack="1"/>
<pin id="1923" dir="0" index="2" bw="15" slack="0"/>
<pin id="1924" dir="1" index="3" bw="15" slack="1"/>
</pin_list>
<bind>
<opcode="select(49) " fcode="select"/>
<opset="select_ln51_19/2 "/>
</bind>
</comp>

<comp id="1927" class="1004" name="icmp_ln51_20_fu_1927">
<pin_list>
<pin id="1928" dir="0" index="0" bw="16" slack="1"/>
<pin id="1929" dir="0" index="1" bw="16" slack="0"/>
<pin id="1930" dir="1" index="2" bw="1" slack="0"/>
</pin_list>
<bind>
<opcode="icmp(45) " fcode="icmp"/>
<opset="icmp_ln51_20/2 "/>
</bind>
</comp>

<comp id="1932" class="1004" name="select_ln51_20_fu_1932">
<pin_list>
<pin id="1933" dir="0" index="0" bw="1" slack="0"/>
<pin id="1934" dir="0" index="1" bw="15" slack="1"/>
<pin id="1935" dir="0" index="2" bw="15" slack="0"/>
<pin id="1936" dir="1" index="3" bw="15" slack="1"/>
</pin_list>
<bind>
<opcode="select(49) " fcode="select"/>
<opset="select_ln51_20/2 "/>
</bind>
</comp>

<comp id="1939" class="1004" name="icmp_ln51_21_fu_1939">
<pin_list>
<pin id="1940" dir="0" index="0" bw="16" slack="1"/>
<pin id="1941" dir="0" index="1" bw="16" slack="0"/>
<pin id="1942" dir="1" index="2" bw="1" slack="0"/>
</pin_list>
<bind>
<opcode="icmp(45) " fcode="icmp"/>
<opset="icmp_ln51_21/2 "/>
</bind>
</comp>

<comp id="1944" class="1004" name="select_ln51_21_fu_1944">
<pin_list>
<pin id="1945" dir="0" index="0" bw="1" slack="0"/>
<pin id="1946" dir="0" index="1" bw="15" slack="1"/>
<pin id="1947" dir="0" index="2" bw="15" slack="0"/>
<pin id="1948" dir="1" index="3" bw="15" slack="1"/>
</pin_list>
<bind>
<opcode="select(49) " fcode="select"/>
<opset="select_ln51_21/2 "/>
</bind>
</comp>

<comp id="1951" class="1004" name="icmp_ln51_22_fu_1951">
<pin_list>
<pin id="1952" dir="0" index="0" bw="16" slack="1"/>
<pin id="1953" dir="0" index="1" bw="16" slack="0"/>
<pin id="1954" dir="1" index="2" bw="1" slack="0"/>
</pin_list>
<bind>
<opcode="icmp(45) " fcode="icmp"/>
<opset="icmp_ln51_22/2 "/>
</bind>
</comp>

<comp id="1956" class="1004" name="select_ln51_22_fu_1956">
<pin_list>
<pin id="1957" dir="0" index="0" bw="1" slack="0"/>
<pin id="1958" dir="0" index="1" bw="15" slack="1"/>
<pin id="1959" dir="0" index="2" bw="15" slack="0"/>
<pin id="1960" dir="1" index="3" bw="15" slack="1"/>
</pin_list>
<bind>
<opcode="select(49) " fcode="select"/>
<opset="select_ln51_22/2 "/>
</bind>
</comp>

<comp id="1963" class="1004" name="icmp_ln51_23_fu_1963">
<pin_list>
<pin id="1964" dir="0" index="0" bw="16" slack="1"/>
<pin id="1965" dir="0" index="1" bw="16" slack="0"/>
<pin id="1966" dir="1" index="2" bw="1" slack="0"/>
</pin_list>
<bind>
<opcode="icmp(45) " fcode="icmp"/>
<opset="icmp_ln51_23/2 "/>
</bind>
</comp>

<comp id="1968" class="1004" name="select_ln51_23_fu_1968">
<pin_list>
<pin id="1969" dir="0" index="0" bw="1" slack="0"/>
<pin id="1970" dir="0" index="1" bw="15" slack="1"/>
<pin id="1971" dir="0" index="2" bw="15" slack="0"/>
<pin id="1972" dir="1" index="3" bw="15" slack="1"/>
</pin_list>
<bind>
<opcode="select(49) " fcode="select"/>
<opset="select_ln51_23/2 "/>
</bind>
</comp>

<comp id="1975" class="1004" name="icmp_ln51_24_fu_1975">
<pin_list>
<pin id="1976" dir="0" index="0" bw="16" slack="1"/>
<pin id="1977" dir="0" index="1" bw="16" slack="0"/>
<pin id="1978" dir="1" index="2" bw="1" slack="0"/>
</pin_list>
<bind>
<opcode="icmp(45) " fcode="icmp"/>
<opset="icmp_ln51_24/2 "/>
</bind>
</comp>

<comp id="1980" class="1004" name="select_ln51_24_fu_1980">
<pin_list>
<pin id="1981" dir="0" index="0" bw="1" slack="0"/>
<pin id="1982" dir="0" index="1" bw="15" slack="1"/>
<pin id="1983" dir="0" index="2" bw="15" slack="0"/>
<pin id="1984" dir="1" index="3" bw="15" slack="1"/>
</pin_list>
<bind>
<opcode="select(49) " fcode="select"/>
<opset="select_ln51_24/2 "/>
</bind>
</comp>

<comp id="1987" class="1004" name="icmp_ln51_25_fu_1987">
<pin_list>
<pin id="1988" dir="0" index="0" bw="16" slack="1"/>
<pin id="1989" dir="0" index="1" bw="16" slack="0"/>
<pin id="1990" dir="1" index="2" bw="1" slack="0"/>
</pin_list>
<bind>
<opcode="icmp(45) " fcode="icmp"/>
<opset="icmp_ln51_25/2 "/>
</bind>
</comp>

<comp id="1992" class="1004" name="select_ln51_25_fu_1992">
<pin_list>
<pin id="1993" dir="0" index="0" bw="1" slack="0"/>
<pin id="1994" dir="0" index="1" bw="15" slack="1"/>
<pin id="1995" dir="0" index="2" bw="15" slack="0"/>
<pin id="1996" dir="1" index="3" bw="15" slack="1"/>
</pin_list>
<bind>
<opcode="select(49) " fcode="select"/>
<opset="select_ln51_25/2 "/>
</bind>
</comp>

<comp id="1999" class="1004" name="icmp_ln51_26_fu_1999">
<pin_list>
<pin id="2000" dir="0" index="0" bw="16" slack="1"/>
<pin id="2001" dir="0" index="1" bw="16" slack="0"/>
<pin id="2002" dir="1" index="2" bw="1" slack="0"/>
</pin_list>
<bind>
<opcode="icmp(45) " fcode="icmp"/>
<opset="icmp_ln51_26/2 "/>
</bind>
</comp>

<comp id="2004" class="1004" name="select_ln51_26_fu_2004">
<pin_list>
<pin id="2005" dir="0" index="0" bw="1" slack="0"/>
<pin id="2006" dir="0" index="1" bw="15" slack="1"/>
<pin id="2007" dir="0" index="2" bw="15" slack="0"/>
<pin id="2008" dir="1" index="3" bw="15" slack="1"/>
</pin_list>
<bind>
<opcode="select(49) " fcode="select"/>
<opset="select_ln51_26/2 "/>
</bind>
</comp>

<comp id="2011" class="1004" name="icmp_ln51_27_fu_2011">
<pin_list>
<pin id="2012" dir="0" index="0" bw="16" slack="1"/>
<pin id="2013" dir="0" index="1" bw="16" slack="0"/>
<pin id="2014" dir="1" index="2" bw="1" slack="0"/>
</pin_list>
<bind>
<opcode="icmp(45) " fcode="icmp"/>
<opset="icmp_ln51_27/2 "/>
</bind>
</comp>

<comp id="2016" class="1004" name="select_ln51_27_fu_2016">
<pin_list>
<pin id="2017" dir="0" index="0" bw="1" slack="0"/>
<pin id="2018" dir="0" index="1" bw="15" slack="1"/>
<pin id="2019" dir="0" index="2" bw="15" slack="0"/>
<pin id="2020" dir="1" index="3" bw="15" slack="1"/>
</pin_list>
<bind>
<opcode="select(49) " fcode="select"/>
<opset="select_ln51_27/2 "/>
</bind>
</comp>

<comp id="2023" class="1004" name="icmp_ln51_28_fu_2023">
<pin_list>
<pin id="2024" dir="0" index="0" bw="16" slack="1"/>
<pin id="2025" dir="0" index="1" bw="16" slack="0"/>
<pin id="2026" dir="1" index="2" bw="1" slack="0"/>
</pin_list>
<bind>
<opcode="icmp(45) " fcode="icmp"/>
<opset="icmp_ln51_28/2 "/>
</bind>
</comp>

<comp id="2028" class="1004" name="select_ln51_28_fu_2028">
<pin_list>
<pin id="2029" dir="0" index="0" bw="1" slack="0"/>
<pin id="2030" dir="0" index="1" bw="15" slack="1"/>
<pin id="2031" dir="0" index="2" bw="15" slack="0"/>
<pin id="2032" dir="1" index="3" bw="15" slack="1"/>
</pin_list>
<bind>
<opcode="select(49) " fcode="select"/>
<opset="select_ln51_28/2 "/>
</bind>
</comp>

<comp id="2035" class="1004" name="icmp_ln51_29_fu_2035">
<pin_list>
<pin id="2036" dir="0" index="0" bw="16" slack="1"/>
<pin id="2037" dir="0" index="1" bw="16" slack="0"/>
<pin id="2038" dir="1" index="2" bw="1" slack="0"/>
</pin_list>
<bind>
<opcode="icmp(45) " fcode="icmp"/>
<opset="icmp_ln51_29/2 "/>
</bind>
</comp>

<comp id="2040" class="1004" name="select_ln51_29_fu_2040">
<pin_list>
<pin id="2041" dir="0" index="0" bw="1" slack="0"/>
<pin id="2042" dir="0" index="1" bw="15" slack="1"/>
<pin id="2043" dir="0" index="2" bw="15" slack="0"/>
<pin id="2044" dir="1" index="3" bw="15" slack="1"/>
</pin_list>
<bind>
<opcode="select(49) " fcode="select"/>
<opset="select_ln51_29/2 "/>
</bind>
</comp>

<comp id="2047" class="1004" name="icmp_ln51_30_fu_2047">
<pin_list>
<pin id="2048" dir="0" index="0" bw="16" slack="1"/>
<pin id="2049" dir="0" index="1" bw="16" slack="0"/>
<pin id="2050" dir="1" index="2" bw="1" slack="0"/>
</pin_list>
<bind>
<opcode="icmp(45) " fcode="icmp"/>
<opset="icmp_ln51_30/2 "/>
</bind>
</comp>

<comp id="2052" class="1004" name="select_ln51_30_fu_2052">
<pin_list>
<pin id="2053" dir="0" index="0" bw="1" slack="0"/>
<pin id="2054" dir="0" index="1" bw="15" slack="1"/>
<pin id="2055" dir="0" index="2" bw="15" slack="0"/>
<pin id="2056" dir="1" index="3" bw="15" slack="1"/>
</pin_list>
<bind>
<opcode="select(49) " fcode="select"/>
<opset="select_ln51_30/2 "/>
</bind>
</comp>

<comp id="2059" class="1004" name="icmp_ln51_31_fu_2059">
<pin_list>
<pin id="2060" dir="0" index="0" bw="16" slack="1"/>
<pin id="2061" dir="0" index="1" bw="16" slack="0"/>
<pin id="2062" dir="1" index="2" bw="1" slack="0"/>
</pin_list>
<bind>
<opcode="icmp(45) " fcode="icmp"/>
<opset="icmp_ln51_31/2 "/>
</bind>
</comp>

<comp id="2064" class="1004" name="select_ln51_31_fu_2064">
<pin_list>
<pin id="2065" dir="0" index="0" bw="1" slack="0"/>
<pin id="2066" dir="0" index="1" bw="15" slack="1"/>
<pin id="2067" dir="0" index="2" bw="15" slack="0"/>
<pin id="2068" dir="1" index="3" bw="15" slack="1"/>
</pin_list>
<bind>
<opcode="select(49) " fcode="select"/>
<opset="select_ln51_31/2 "/>
</bind>
</comp>

<comp id="2071" class="1004" name="icmp_ln51_32_fu_2071">
<pin_list>
<pin id="2072" dir="0" index="0" bw="16" slack="1"/>
<pin id="2073" dir="0" index="1" bw="16" slack="0"/>
<pin id="2074" dir="1" index="2" bw="1" slack="0"/>
</pin_list>
<bind>
<opcode="icmp(45) " fcode="icmp"/>
<opset="icmp_ln51_32/2 "/>
</bind>
</comp>

<comp id="2076" class="1004" name="select_ln51_32_fu_2076">
<pin_list>
<pin id="2077" dir="0" index="0" bw="1" slack="0"/>
<pin id="2078" dir="0" index="1" bw="15" slack="1"/>
<pin id="2079" dir="0" index="2" bw="15" slack="0"/>
<pin id="2080" dir="1" index="3" bw="15" slack="1"/>
</pin_list>
<bind>
<opcode="select(49) " fcode="select"/>
<opset="select_ln51_32/2 "/>
</bind>
</comp>

<comp id="2083" class="1004" name="icmp_ln51_33_fu_2083">
<pin_list>
<pin id="2084" dir="0" index="0" bw="16" slack="1"/>
<pin id="2085" dir="0" index="1" bw="16" slack="0"/>
<pin id="2086" dir="1" index="2" bw="1" slack="0"/>
</pin_list>
<bind>
<opcode="icmp(45) " fcode="icmp"/>
<opset="icmp_ln51_33/2 "/>
</bind>
</comp>

<comp id="2088" class="1004" name="select_ln51_33_fu_2088">
<pin_list>
<pin id="2089" dir="0" index="0" bw="1" slack="0"/>
<pin id="2090" dir="0" index="1" bw="15" slack="1"/>
<pin id="2091" dir="0" index="2" bw="15" slack="0"/>
<pin id="2092" dir="1" index="3" bw="15" slack="1"/>
</pin_list>
<bind>
<opcode="select(49) " fcode="select"/>
<opset="select_ln51_33/2 "/>
</bind>
</comp>

<comp id="2095" class="1004" name="icmp_ln51_34_fu_2095">
<pin_list>
<pin id="2096" dir="0" index="0" bw="16" slack="1"/>
<pin id="2097" dir="0" index="1" bw="16" slack="0"/>
<pin id="2098" dir="1" index="2" bw="1" slack="0"/>
</pin_list>
<bind>
<opcode="icmp(45) " fcode="icmp"/>
<opset="icmp_ln51_34/2 "/>
</bind>
</comp>

<comp id="2100" class="1004" name="select_ln51_34_fu_2100">
<pin_list>
<pin id="2101" dir="0" index="0" bw="1" slack="0"/>
<pin id="2102" dir="0" index="1" bw="15" slack="1"/>
<pin id="2103" dir="0" index="2" bw="15" slack="0"/>
<pin id="2104" dir="1" index="3" bw="15" slack="1"/>
</pin_list>
<bind>
<opcode="select(49) " fcode="select"/>
<opset="select_ln51_34/2 "/>
</bind>
</comp>

<comp id="2107" class="1004" name="icmp_ln51_35_fu_2107">
<pin_list>
<pin id="2108" dir="0" index="0" bw="16" slack="1"/>
<pin id="2109" dir="0" index="1" bw="16" slack="0"/>
<pin id="2110" dir="1" index="2" bw="1" slack="0"/>
</pin_list>
<bind>
<opcode="icmp(45) " fcode="icmp"/>
<opset="icmp_ln51_35/2 "/>
</bind>
</comp>

<comp id="2112" class="1004" name="select_ln51_35_fu_2112">
<pin_list>
<pin id="2113" dir="0" index="0" bw="1" slack="0"/>
<pin id="2114" dir="0" index="1" bw="15" slack="1"/>
<pin id="2115" dir="0" index="2" bw="15" slack="0"/>
<pin id="2116" dir="1" index="3" bw="15" slack="1"/>
</pin_list>
<bind>
<opcode="select(49) " fcode="select"/>
<opset="select_ln51_35/2 "/>
</bind>
</comp>

<comp id="2119" class="1004" name="icmp_ln51_36_fu_2119">
<pin_list>
<pin id="2120" dir="0" index="0" bw="16" slack="1"/>
<pin id="2121" dir="0" index="1" bw="16" slack="0"/>
<pin id="2122" dir="1" index="2" bw="1" slack="0"/>
</pin_list>
<bind>
<opcode="icmp(45) " fcode="icmp"/>
<opset="icmp_ln51_36/2 "/>
</bind>
</comp>

<comp id="2124" class="1004" name="select_ln51_36_fu_2124">
<pin_list>
<pin id="2125" dir="0" index="0" bw="1" slack="0"/>
<pin id="2126" dir="0" index="1" bw="15" slack="1"/>
<pin id="2127" dir="0" index="2" bw="15" slack="0"/>
<pin id="2128" dir="1" index="3" bw="15" slack="1"/>
</pin_list>
<bind>
<opcode="select(49) " fcode="select"/>
<opset="select_ln51_36/2 "/>
</bind>
</comp>

<comp id="2131" class="1004" name="icmp_ln51_37_fu_2131">
<pin_list>
<pin id="2132" dir="0" index="0" bw="16" slack="1"/>
<pin id="2133" dir="0" index="1" bw="16" slack="0"/>
<pin id="2134" dir="1" index="2" bw="1" slack="0"/>
</pin_list>
<bind>
<opcode="icmp(45) " fcode="icmp"/>
<opset="icmp_ln51_37/2 "/>
</bind>
</comp>

<comp id="2136" class="1004" name="select_ln51_37_fu_2136">
<pin_list>
<pin id="2137" dir="0" index="0" bw="1" slack="0"/>
<pin id="2138" dir="0" index="1" bw="15" slack="1"/>
<pin id="2139" dir="0" index="2" bw="15" slack="0"/>
<pin id="2140" dir="1" index="3" bw="15" slack="1"/>
</pin_list>
<bind>
<opcode="select(49) " fcode="select"/>
<opset="select_ln51_37/2 "/>
</bind>
</comp>

<comp id="2143" class="1004" name="icmp_ln51_38_fu_2143">
<pin_list>
<pin id="2144" dir="0" index="0" bw="16" slack="1"/>
<pin id="2145" dir="0" index="1" bw="16" slack="0"/>
<pin id="2146" dir="1" index="2" bw="1" slack="0"/>
</pin_list>
<bind>
<opcode="icmp(45) " fcode="icmp"/>
<opset="icmp_ln51_38/2 "/>
</bind>
</comp>

<comp id="2148" class="1004" name="select_ln51_38_fu_2148">
<pin_list>
<pin id="2149" dir="0" index="0" bw="1" slack="0"/>
<pin id="2150" dir="0" index="1" bw="15" slack="1"/>
<pin id="2151" dir="0" index="2" bw="15" slack="0"/>
<pin id="2152" dir="1" index="3" bw="15" slack="1"/>
</pin_list>
<bind>
<opcode="select(49) " fcode="select"/>
<opset="select_ln51_38/2 "/>
</bind>
</comp>

<comp id="2155" class="1004" name="icmp_ln51_39_fu_2155">
<pin_list>
<pin id="2156" dir="0" index="0" bw="16" slack="1"/>
<pin id="2157" dir="0" index="1" bw="16" slack="0"/>
<pin id="2158" dir="1" index="2" bw="1" slack="0"/>
</pin_list>
<bind>
<opcode="icmp(45) " fcode="icmp"/>
<opset="icmp_ln51_39/2 "/>
</bind>
</comp>

<comp id="2160" class="1004" name="select_ln51_39_fu_2160">
<pin_list>
<pin id="2161" dir="0" index="0" bw="1" slack="0"/>
<pin id="2162" dir="0" index="1" bw="15" slack="1"/>
<pin id="2163" dir="0" index="2" bw="15" slack="0"/>
<pin id="2164" dir="1" index="3" bw="15" slack="1"/>
</pin_list>
<bind>
<opcode="select(49) " fcode="select"/>
<opset="select_ln51_39/2 "/>
</bind>
</comp>

<comp id="2167" class="1004" name="icmp_ln51_40_fu_2167">
<pin_list>
<pin id="2168" dir="0" index="0" bw="16" slack="1"/>
<pin id="2169" dir="0" index="1" bw="16" slack="0"/>
<pin id="2170" dir="1" index="2" bw="1" slack="0"/>
</pin_list>
<bind>
<opcode="icmp(45) " fcode="icmp"/>
<opset="icmp_ln51_40/2 "/>
</bind>
</comp>

<comp id="2172" class="1004" name="select_ln51_40_fu_2172">
<pin_list>
<pin id="2173" dir="0" index="0" bw="1" slack="0"/>
<pin id="2174" dir="0" index="1" bw="15" slack="1"/>
<pin id="2175" dir="0" index="2" bw="15" slack="0"/>
<pin id="2176" dir="1" index="3" bw="15" slack="1"/>
</pin_list>
<bind>
<opcode="select(49) " fcode="select"/>
<opset="select_ln51_40/2 "/>
</bind>
</comp>

<comp id="2179" class="1004" name="icmp_ln51_41_fu_2179">
<pin_list>
<pin id="2180" dir="0" index="0" bw="16" slack="1"/>
<pin id="2181" dir="0" index="1" bw="16" slack="0"/>
<pin id="2182" dir="1" index="2" bw="1" slack="0"/>
</pin_list>
<bind>
<opcode="icmp(45) " fcode="icmp"/>
<opset="icmp_ln51_41/2 "/>
</bind>
</comp>

<comp id="2184" class="1004" name="select_ln51_41_fu_2184">
<pin_list>
<pin id="2185" dir="0" index="0" bw="1" slack="0"/>
<pin id="2186" dir="0" index="1" bw="15" slack="1"/>
<pin id="2187" dir="0" index="2" bw="15" slack="0"/>
<pin id="2188" dir="1" index="3" bw="15" slack="1"/>
</pin_list>
<bind>
<opcode="select(49) " fcode="select"/>
<opset="select_ln51_41/2 "/>
</bind>
</comp>

<comp id="2191" class="1004" name="icmp_ln51_42_fu_2191">
<pin_list>
<pin id="2192" dir="0" index="0" bw="16" slack="1"/>
<pin id="2193" dir="0" index="1" bw="16" slack="0"/>
<pin id="2194" dir="1" index="2" bw="1" slack="0"/>
</pin_list>
<bind>
<opcode="icmp(45) " fcode="icmp"/>
<opset="icmp_ln51_42/2 "/>
</bind>
</comp>

<comp id="2196" class="1004" name="select_ln51_42_fu_2196">
<pin_list>
<pin id="2197" dir="0" index="0" bw="1" slack="0"/>
<pin id="2198" dir="0" index="1" bw="15" slack="1"/>
<pin id="2199" dir="0" index="2" bw="15" slack="0"/>
<pin id="2200" dir="1" index="3" bw="15" slack="1"/>
</pin_list>
<bind>
<opcode="select(49) " fcode="select"/>
<opset="select_ln51_42/2 "/>
</bind>
</comp>

<comp id="2203" class="1004" name="icmp_ln51_43_fu_2203">
<pin_list>
<pin id="2204" dir="0" index="0" bw="16" slack="1"/>
<pin id="2205" dir="0" index="1" bw="16" slack="0"/>
<pin id="2206" dir="1" index="2" bw="1" slack="0"/>
</pin_list>
<bind>
<opcode="icmp(45) " fcode="icmp"/>
<opset="icmp_ln51_43/2 "/>
</bind>
</comp>

<comp id="2208" class="1004" name="select_ln51_43_fu_2208">
<pin_list>
<pin id="2209" dir="0" index="0" bw="1" slack="0"/>
<pin id="2210" dir="0" index="1" bw="15" slack="1"/>
<pin id="2211" dir="0" index="2" bw="15" slack="0"/>
<pin id="2212" dir="1" index="3" bw="15" slack="1"/>
</pin_list>
<bind>
<opcode="select(49) " fcode="select"/>
<opset="select_ln51_43/2 "/>
</bind>
</comp>

<comp id="2215" class="1004" name="icmp_ln51_44_fu_2215">
<pin_list>
<pin id="2216" dir="0" index="0" bw="16" slack="1"/>
<pin id="2217" dir="0" index="1" bw="16" slack="0"/>
<pin id="2218" dir="1" index="2" bw="1" slack="0"/>
</pin_list>
<bind>
<opcode="icmp(45) " fcode="icmp"/>
<opset="icmp_ln51_44/2 "/>
</bind>
</comp>

<comp id="2220" class="1004" name="select_ln51_44_fu_2220">
<pin_list>
<pin id="2221" dir="0" index="0" bw="1" slack="0"/>
<pin id="2222" dir="0" index="1" bw="15" slack="1"/>
<pin id="2223" dir="0" index="2" bw="15" slack="0"/>
<pin id="2224" dir="1" index="3" bw="15" slack="1"/>
</pin_list>
<bind>
<opcode="select(49) " fcode="select"/>
<opset="select_ln51_44/2 "/>
</bind>
</comp>

<comp id="2227" class="1004" name="icmp_ln51_45_fu_2227">
<pin_list>
<pin id="2228" dir="0" index="0" bw="16" slack="1"/>
<pin id="2229" dir="0" index="1" bw="16" slack="0"/>
<pin id="2230" dir="1" index="2" bw="1" slack="0"/>
</pin_list>
<bind>
<opcode="icmp(45) " fcode="icmp"/>
<opset="icmp_ln51_45/2 "/>
</bind>
</comp>

<comp id="2232" class="1004" name="select_ln51_45_fu_2232">
<pin_list>
<pin id="2233" dir="0" index="0" bw="1" slack="0"/>
<pin id="2234" dir="0" index="1" bw="15" slack="1"/>
<pin id="2235" dir="0" index="2" bw="15" slack="0"/>
<pin id="2236" dir="1" index="3" bw="15" slack="1"/>
</pin_list>
<bind>
<opcode="select(49) " fcode="select"/>
<opset="select_ln51_45/2 "/>
</bind>
</comp>

<comp id="2239" class="1004" name="icmp_ln51_46_fu_2239">
<pin_list>
<pin id="2240" dir="0" index="0" bw="16" slack="1"/>
<pin id="2241" dir="0" index="1" bw="16" slack="0"/>
<pin id="2242" dir="1" index="2" bw="1" slack="0"/>
</pin_list>
<bind>
<opcode="icmp(45) " fcode="icmp"/>
<opset="icmp_ln51_46/2 "/>
</bind>
</comp>

<comp id="2244" class="1004" name="select_ln51_46_fu_2244">
<pin_list>
<pin id="2245" dir="0" index="0" bw="1" slack="0"/>
<pin id="2246" dir="0" index="1" bw="15" slack="1"/>
<pin id="2247" dir="0" index="2" bw="15" slack="0"/>
<pin id="2248" dir="1" index="3" bw="15" slack="1"/>
</pin_list>
<bind>
<opcode="select(49) " fcode="select"/>
<opset="select_ln51_46/2 "/>
</bind>
</comp>

<comp id="2251" class="1004" name="icmp_ln51_47_fu_2251">
<pin_list>
<pin id="2252" dir="0" index="0" bw="16" slack="1"/>
<pin id="2253" dir="0" index="1" bw="16" slack="0"/>
<pin id="2254" dir="1" index="2" bw="1" slack="0"/>
</pin_list>
<bind>
<opcode="icmp(45) " fcode="icmp"/>
<opset="icmp_ln51_47/2 "/>
</bind>
</comp>

<comp id="2256" class="1004" name="select_ln51_47_fu_2256">
<pin_list>
<pin id="2257" dir="0" index="0" bw="1" slack="0"/>
<pin id="2258" dir="0" index="1" bw="15" slack="1"/>
<pin id="2259" dir="0" index="2" bw="15" slack="0"/>
<pin id="2260" dir="1" index="3" bw="15" slack="1"/>
</pin_list>
<bind>
<opcode="select(49) " fcode="select"/>
<opset="select_ln51_47/2 "/>
</bind>
</comp>

<comp id="2263" class="1004" name="icmp_ln51_48_fu_2263">
<pin_list>
<pin id="2264" dir="0" index="0" bw="16" slack="1"/>
<pin id="2265" dir="0" index="1" bw="16" slack="0"/>
<pin id="2266" dir="1" index="2" bw="1" slack="0"/>
</pin_list>
<bind>
<opcode="icmp(45) " fcode="icmp"/>
<opset="icmp_ln51_48/2 "/>
</bind>
</comp>

<comp id="2268" class="1004" name="select_ln51_48_fu_2268">
<pin_list>
<pin id="2269" dir="0" index="0" bw="1" slack="0"/>
<pin id="2270" dir="0" index="1" bw="15" slack="1"/>
<pin id="2271" dir="0" index="2" bw="15" slack="0"/>
<pin id="2272" dir="1" index="3" bw="15" slack="1"/>
</pin_list>
<bind>
<opcode="select(49) " fcode="select"/>
<opset="select_ln51_48/2 "/>
</bind>
</comp>

<comp id="2275" class="1004" name="icmp_ln51_49_fu_2275">
<pin_list>
<pin id="2276" dir="0" index="0" bw="16" slack="1"/>
<pin id="2277" dir="0" index="1" bw="16" slack="0"/>
<pin id="2278" dir="1" index="2" bw="1" slack="0"/>
</pin_list>
<bind>
<opcode="icmp(45) " fcode="icmp"/>
<opset="icmp_ln51_49/2 "/>
</bind>
</comp>

<comp id="2280" class="1004" name="select_ln51_49_fu_2280">
<pin_list>
<pin id="2281" dir="0" index="0" bw="1" slack="0"/>
<pin id="2282" dir="0" index="1" bw="15" slack="1"/>
<pin id="2283" dir="0" index="2" bw="15" slack="0"/>
<pin id="2284" dir="1" index="3" bw="15" slack="1"/>
</pin_list>
<bind>
<opcode="select(49) " fcode="select"/>
<opset="select_ln51_49/2 "/>
</bind>
</comp>

<comp id="2287" class="1004" name="icmp_ln51_50_fu_2287">
<pin_list>
<pin id="2288" dir="0" index="0" bw="16" slack="1"/>
<pin id="2289" dir="0" index="1" bw="16" slack="0"/>
<pin id="2290" dir="1" index="2" bw="1" slack="0"/>
</pin_list>
<bind>
<opcode="icmp(45) " fcode="icmp"/>
<opset="icmp_ln51_50/2 "/>
</bind>
</comp>

<comp id="2292" class="1004" name="select_ln51_50_fu_2292">
<pin_list>
<pin id="2293" dir="0" index="0" bw="1" slack="0"/>
<pin id="2294" dir="0" index="1" bw="15" slack="1"/>
<pin id="2295" dir="0" index="2" bw="15" slack="0"/>
<pin id="2296" dir="1" index="3" bw="15" slack="1"/>
</pin_list>
<bind>
<opcode="select(49) " fcode="select"/>
<opset="select_ln51_50/2 "/>
</bind>
</comp>

<comp id="2299" class="1004" name="icmp_ln51_51_fu_2299">
<pin_list>
<pin id="2300" dir="0" index="0" bw="16" slack="1"/>
<pin id="2301" dir="0" index="1" bw="16" slack="0"/>
<pin id="2302" dir="1" index="2" bw="1" slack="0"/>
</pin_list>
<bind>
<opcode="icmp(45) " fcode="icmp"/>
<opset="icmp_ln51_51/2 "/>
</bind>
</comp>

<comp id="2304" class="1004" name="select_ln51_51_fu_2304">
<pin_list>
<pin id="2305" dir="0" index="0" bw="1" slack="0"/>
<pin id="2306" dir="0" index="1" bw="15" slack="1"/>
<pin id="2307" dir="0" index="2" bw="15" slack="0"/>
<pin id="2308" dir="1" index="3" bw="15" slack="1"/>
</pin_list>
<bind>
<opcode="select(49) " fcode="select"/>
<opset="select_ln51_51/2 "/>
</bind>
</comp>

<comp id="2311" class="1004" name="icmp_ln51_52_fu_2311">
<pin_list>
<pin id="2312" dir="0" index="0" bw="16" slack="1"/>
<pin id="2313" dir="0" index="1" bw="16" slack="0"/>
<pin id="2314" dir="1" index="2" bw="1" slack="0"/>
</pin_list>
<bind>
<opcode="icmp(45) " fcode="icmp"/>
<opset="icmp_ln51_52/2 "/>
</bind>
</comp>

<comp id="2316" class="1004" name="select_ln51_52_fu_2316">
<pin_list>
<pin id="2317" dir="0" index="0" bw="1" slack="0"/>
<pin id="2318" dir="0" index="1" bw="15" slack="1"/>
<pin id="2319" dir="0" index="2" bw="15" slack="0"/>
<pin id="2320" dir="1" index="3" bw="15" slack="1"/>
</pin_list>
<bind>
<opcode="select(49) " fcode="select"/>
<opset="select_ln51_52/2 "/>
</bind>
</comp>

<comp id="2323" class="1004" name="icmp_ln51_53_fu_2323">
<pin_list>
<pin id="2324" dir="0" index="0" bw="16" slack="1"/>
<pin id="2325" dir="0" index="1" bw="16" slack="0"/>
<pin id="2326" dir="1" index="2" bw="1" slack="0"/>
</pin_list>
<bind>
<opcode="icmp(45) " fcode="icmp"/>
<opset="icmp_ln51_53/2 "/>
</bind>
</comp>

<comp id="2328" class="1004" name="select_ln51_53_fu_2328">
<pin_list>
<pin id="2329" dir="0" index="0" bw="1" slack="0"/>
<pin id="2330" dir="0" index="1" bw="15" slack="1"/>
<pin id="2331" dir="0" index="2" bw="15" slack="0"/>
<pin id="2332" dir="1" index="3" bw="15" slack="1"/>
</pin_list>
<bind>
<opcode="select(49) " fcode="select"/>
<opset="select_ln51_53/2 "/>
</bind>
</comp>

<comp id="2335" class="1004" name="icmp_ln51_54_fu_2335">
<pin_list>
<pin id="2336" dir="0" index="0" bw="16" slack="1"/>
<pin id="2337" dir="0" index="1" bw="16" slack="0"/>
<pin id="2338" dir="1" index="2" bw="1" slack="0"/>
</pin_list>
<bind>
<opcode="icmp(45) " fcode="icmp"/>
<opset="icmp_ln51_54/2 "/>
</bind>
</comp>

<comp id="2340" class="1004" name="select_ln51_54_fu_2340">
<pin_list>
<pin id="2341" dir="0" index="0" bw="1" slack="0"/>
<pin id="2342" dir="0" index="1" bw="15" slack="1"/>
<pin id="2343" dir="0" index="2" bw="15" slack="0"/>
<pin id="2344" dir="1" index="3" bw="15" slack="1"/>
</pin_list>
<bind>
<opcode="select(49) " fcode="select"/>
<opset="select_ln51_54/2 "/>
</bind>
</comp>

<comp id="2347" class="1004" name="icmp_ln51_55_fu_2347">
<pin_list>
<pin id="2348" dir="0" index="0" bw="16" slack="1"/>
<pin id="2349" dir="0" index="1" bw="16" slack="0"/>
<pin id="2350" dir="1" index="2" bw="1" slack="0"/>
</pin_list>
<bind>
<opcode="icmp(45) " fcode="icmp"/>
<opset="icmp_ln51_55/2 "/>
</bind>
</comp>

<comp id="2352" class="1004" name="select_ln51_55_fu_2352">
<pin_list>
<pin id="2353" dir="0" index="0" bw="1" slack="0"/>
<pin id="2354" dir="0" index="1" bw="15" slack="1"/>
<pin id="2355" dir="0" index="2" bw="15" slack="0"/>
<pin id="2356" dir="1" index="3" bw="15" slack="1"/>
</pin_list>
<bind>
<opcode="select(49) " fcode="select"/>
<opset="select_ln51_55/2 "/>
</bind>
</comp>

<comp id="2359" class="1004" name="icmp_ln51_56_fu_2359">
<pin_list>
<pin id="2360" dir="0" index="0" bw="16" slack="1"/>
<pin id="2361" dir="0" index="1" bw="16" slack="0"/>
<pin id="2362" dir="1" index="2" bw="1" slack="0"/>
</pin_list>
<bind>
<opcode="icmp(45) " fcode="icmp"/>
<opset="icmp_ln51_56/2 "/>
</bind>
</comp>

<comp id="2364" class="1004" name="select_ln51_56_fu_2364">
<pin_list>
<pin id="2365" dir="0" index="0" bw="1" slack="0"/>
<pin id="2366" dir="0" index="1" bw="15" slack="1"/>
<pin id="2367" dir="0" index="2" bw="15" slack="0"/>
<pin id="2368" dir="1" index="3" bw="15" slack="1"/>
</pin_list>
<bind>
<opcode="select(49) " fcode="select"/>
<opset="select_ln51_56/2 "/>
</bind>
</comp>

<comp id="2371" class="1004" name="icmp_ln51_57_fu_2371">
<pin_list>
<pin id="2372" dir="0" index="0" bw="16" slack="1"/>
<pin id="2373" dir="0" index="1" bw="16" slack="0"/>
<pin id="2374" dir="1" index="2" bw="1" slack="0"/>
</pin_list>
<bind>
<opcode="icmp(45) " fcode="icmp"/>
<opset="icmp_ln51_57/2 "/>
</bind>
</comp>

<comp id="2376" class="1004" name="select_ln51_57_fu_2376">
<pin_list>
<pin id="2377" dir="0" index="0" bw="1" slack="0"/>
<pin id="2378" dir="0" index="1" bw="15" slack="1"/>
<pin id="2379" dir="0" index="2" bw="15" slack="0"/>
<pin id="2380" dir="1" index="3" bw="15" slack="1"/>
</pin_list>
<bind>
<opcode="select(49) " fcode="select"/>
<opset="select_ln51_57/2 "/>
</bind>
</comp>

<comp id="2383" class="1004" name="icmp_ln51_58_fu_2383">
<pin_list>
<pin id="2384" dir="0" index="0" bw="16" slack="1"/>
<pin id="2385" dir="0" index="1" bw="16" slack="0"/>
<pin id="2386" dir="1" index="2" bw="1" slack="0"/>
</pin_list>
<bind>
<opcode="icmp(45) " fcode="icmp"/>
<opset="icmp_ln51_58/2 "/>
</bind>
</comp>

<comp id="2388" class="1004" name="select_ln51_58_fu_2388">
<pin_list>
<pin id="2389" dir="0" index="0" bw="1" slack="0"/>
<pin id="2390" dir="0" index="1" bw="15" slack="1"/>
<pin id="2391" dir="0" index="2" bw="15" slack="0"/>
<pin id="2392" dir="1" index="3" bw="15" slack="1"/>
</pin_list>
<bind>
<opcode="select(49) " fcode="select"/>
<opset="select_ln51_58/2 "/>
</bind>
</comp>

<comp id="2395" class="1004" name="icmp_ln51_59_fu_2395">
<pin_list>
<pin id="2396" dir="0" index="0" bw="16" slack="1"/>
<pin id="2397" dir="0" index="1" bw="16" slack="0"/>
<pin id="2398" dir="1" index="2" bw="1" slack="0"/>
</pin_list>
<bind>
<opcode="icmp(45) " fcode="icmp"/>
<opset="icmp_ln51_59/2 "/>
</bind>
</comp>

<comp id="2400" class="1004" name="select_ln51_59_fu_2400">
<pin_list>
<pin id="2401" dir="0" index="0" bw="1" slack="0"/>
<pin id="2402" dir="0" index="1" bw="15" slack="1"/>
<pin id="2403" dir="0" index="2" bw="15" slack="0"/>
<pin id="2404" dir="1" index="3" bw="15" slack="1"/>
</pin_list>
<bind>
<opcode="select(49) " fcode="select"/>
<opset="select_ln51_59/2 "/>
</bind>
</comp>

<comp id="2407" class="1004" name="icmp_ln51_60_fu_2407">
<pin_list>
<pin id="2408" dir="0" index="0" bw="16" slack="1"/>
<pin id="2409" dir="0" index="1" bw="16" slack="0"/>
<pin id="2410" dir="1" index="2" bw="1" slack="0"/>
</pin_list>
<bind>
<opcode="icmp(45) " fcode="icmp"/>
<opset="icmp_ln51_60/2 "/>
</bind>
</comp>

<comp id="2412" class="1004" name="select_ln51_60_fu_2412">
<pin_list>
<pin id="2413" dir="0" index="0" bw="1" slack="0"/>
<pin id="2414" dir="0" index="1" bw="15" slack="1"/>
<pin id="2415" dir="0" index="2" bw="15" slack="0"/>
<pin id="2416" dir="1" index="3" bw="15" slack="1"/>
</pin_list>
<bind>
<opcode="select(49) " fcode="select"/>
<opset="select_ln51_60/2 "/>
</bind>
</comp>

<comp id="2419" class="1004" name="icmp_ln51_61_fu_2419">
<pin_list>
<pin id="2420" dir="0" index="0" bw="16" slack="1"/>
<pin id="2421" dir="0" index="1" bw="16" slack="0"/>
<pin id="2422" dir="1" index="2" bw="1" slack="0"/>
</pin_list>
<bind>
<opcode="icmp(45) " fcode="icmp"/>
<opset="icmp_ln51_61/2 "/>
</bind>
</comp>

<comp id="2424" class="1004" name="select_ln51_61_fu_2424">
<pin_list>
<pin id="2425" dir="0" index="0" bw="1" slack="0"/>
<pin id="2426" dir="0" index="1" bw="15" slack="1"/>
<pin id="2427" dir="0" index="2" bw="15" slack="0"/>
<pin id="2428" dir="1" index="3" bw="15" slack="1"/>
</pin_list>
<bind>
<opcode="select(49) " fcode="select"/>
<opset="select_ln51_61/2 "/>
</bind>
</comp>

<comp id="2431" class="1004" name="icmp_ln51_62_fu_2431">
<pin_list>
<pin id="2432" dir="0" index="0" bw="16" slack="1"/>
<pin id="2433" dir="0" index="1" bw="16" slack="0"/>
<pin id="2434" dir="1" index="2" bw="1" slack="0"/>
</pin_list>
<bind>
<opcode="icmp(45) " fcode="icmp"/>
<opset="icmp_ln51_62/2 "/>
</bind>
</comp>

<comp id="2436" class="1004" name="select_ln51_62_fu_2436">
<pin_list>
<pin id="2437" dir="0" index="0" bw="1" slack="0"/>
<pin id="2438" dir="0" index="1" bw="15" slack="1"/>
<pin id="2439" dir="0" index="2" bw="15" slack="0"/>
<pin id="2440" dir="1" index="3" bw="15" slack="1"/>
</pin_list>
<bind>
<opcode="select(49) " fcode="select"/>
<opset="select_ln51_62/2 "/>
</bind>
</comp>

<comp id="2443" class="1004" name="icmp_ln51_63_fu_2443">
<pin_list>
<pin id="2444" dir="0" index="0" bw="16" slack="1"/>
<pin id="2445" dir="0" index="1" bw="16" slack="0"/>
<pin id="2446" dir="1" index="2" bw="1" slack="0"/>
</pin_list>
<bind>
<opcode="icmp(45) " fcode="icmp"/>
<opset="icmp_ln51_63/2 "/>
</bind>
</comp>

<comp id="2448" class="1004" name="select_ln51_63_fu_2448">
<pin_list>
<pin id="2449" dir="0" index="0" bw="1" slack="0"/>
<pin id="2450" dir="0" index="1" bw="15" slack="1"/>
<pin id="2451" dir="0" index="2" bw="15" slack="0"/>
<pin id="2452" dir="1" index="3" bw="15" slack="1"/>
</pin_list>
<bind>
<opcode="select(49) " fcode="select"/>
<opset="select_ln51_63/2 "/>
</bind>
</comp>

<comp id="2455" class="1004" name="zext_ln51_fu_2455">
<pin_list>
<pin id="2456" dir="0" index="0" bw="15" slack="1"/>
<pin id="2457" dir="1" index="1" bw="16" slack="0"/>
</pin_list>
<bind>
<opcode="zext(34) " fcode="zext"/>
<opset="zext_ln51/3 "/>
</bind>
</comp>

<comp id="2458" class="1004" name="zext_ln51_2_fu_2458">
<pin_list>
<pin id="2459" dir="0" index="0" bw="15" slack="1"/>
<pin id="2460" dir="1" index="1" bw="16" slack="0"/>
</pin_list>
<bind>
<opcode="zext(34) " fcode="zext"/>
<opset="zext_ln51_2/3 "/>
</bind>
</comp>

<comp id="2461" class="1004" name="zext_ln51_3_fu_2461">
<pin_list>
<pin id="2462" dir="0" index="0" bw="15" slack="1"/>
<pin id="2463" dir="1" index="1" bw="16" slack="0"/>
</pin_list>
<bind>
<opcode="zext(34) " fcode="zext"/>
<opset="zext_ln51_3/3 "/>
</bind>
</comp>

<comp id="2464" class="1004" name="zext_ln51_4_fu_2464">
<pin_list>
<pin id="2465" dir="0" index="0" bw="15" slack="1"/>
<pin id="2466" dir="1" index="1" bw="16" slack="0"/>
</pin_list>
<bind>
<opcode="zext(34) " fcode="zext"/>
<opset="zext_ln51_4/3 "/>
</bind>
</comp>

<comp id="2467" class="1004" name="zext_ln51_5_fu_2467">
<pin_list>
<pin id="2468" dir="0" index="0" bw="15" slack="1"/>
<pin id="2469" dir="1" index="1" bw="16" slack="0"/>
</pin_list>
<bind>
<opcode="zext(34) " fcode="zext"/>
<opset="zext_ln51_5/3 "/>
</bind>
</comp>

<comp id="2470" class="1004" name="zext_ln51_6_fu_2470">
<pin_list>
<pin id="2471" dir="0" index="0" bw="15" slack="1"/>
<pin id="2472" dir="1" index="1" bw="16" slack="0"/>
</pin_list>
<bind>
<opcode="zext(34) " fcode="zext"/>
<opset="zext_ln51_6/3 "/>
</bind>
</comp>

<comp id="2473" class="1004" name="zext_ln51_7_fu_2473">
<pin_list>
<pin id="2474" dir="0" index="0" bw="15" slack="1"/>
<pin id="2475" dir="1" index="1" bw="16" slack="0"/>
</pin_list>
<bind>
<opcode="zext(34) " fcode="zext"/>
<opset="zext_ln51_7/3 "/>
</bind>
</comp>

<comp id="2476" class="1004" name="zext_ln51_8_fu_2476">
<pin_list>
<pin id="2477" dir="0" index="0" bw="15" slack="1"/>
<pin id="2478" dir="1" index="1" bw="16" slack="0"/>
</pin_list>
<bind>
<opcode="zext(34) " fcode="zext"/>
<opset="zext_ln51_8/3 "/>
</bind>
</comp>

<comp id="2479" class="1004" name="zext_ln51_9_fu_2479">
<pin_list>
<pin id="2480" dir="0" index="0" bw="15" slack="1"/>
<pin id="2481" dir="1" index="1" bw="16" slack="0"/>
</pin_list>
<bind>
<opcode="zext(34) " fcode="zext"/>
<opset="zext_ln51_9/3 "/>
</bind>
</comp>

<comp id="2482" class="1004" name="zext_ln51_10_fu_2482">
<pin_list>
<pin id="2483" dir="0" index="0" bw="15" slack="1"/>
<pin id="2484" dir="1" index="1" bw="16" slack="0"/>
</pin_list>
<bind>
<opcode="zext(34) " fcode="zext"/>
<opset="zext_ln51_10/3 "/>
</bind>
</comp>

<comp id="2485" class="1004" name="zext_ln51_11_fu_2485">
<pin_list>
<pin id="2486" dir="0" index="0" bw="15" slack="1"/>
<pin id="2487" dir="1" index="1" bw="16" slack="0"/>
</pin_list>
<bind>
<opcode="zext(34) " fcode="zext"/>
<opset="zext_ln51_11/3 "/>
</bind>
</comp>

<comp id="2488" class="1004" name="zext_ln51_12_fu_2488">
<pin_list>
<pin id="2489" dir="0" index="0" bw="15" slack="1"/>
<pin id="2490" dir="1" index="1" bw="16" slack="0"/>
</pin_list>
<bind>
<opcode="zext(34) " fcode="zext"/>
<opset="zext_ln51_12/3 "/>
</bind>
</comp>

<comp id="2491" class="1004" name="zext_ln51_13_fu_2491">
<pin_list>
<pin id="2492" dir="0" index="0" bw="15" slack="1"/>
<pin id="2493" dir="1" index="1" bw="16" slack="0"/>
</pin_list>
<bind>
<opcode="zext(34) " fcode="zext"/>
<opset="zext_ln51_13/3 "/>
</bind>
</comp>

<comp id="2494" class="1004" name="zext_ln51_14_fu_2494">
<pin_list>
<pin id="2495" dir="0" index="0" bw="15" slack="1"/>
<pin id="2496" dir="1" index="1" bw="16" slack="0"/>
</pin_list>
<bind>
<opcode="zext(34) " fcode="zext"/>
<opset="zext_ln51_14/3 "/>
</bind>
</comp>

<comp id="2497" class="1004" name="zext_ln51_15_fu_2497">
<pin_list>
<pin id="2498" dir="0" index="0" bw="15" slack="1"/>
<pin id="2499" dir="1" index="1" bw="16" slack="0"/>
</pin_list>
<bind>
<opcode="zext(34) " fcode="zext"/>
<opset="zext_ln51_15/3 "/>
</bind>
</comp>

<comp id="2500" class="1004" name="zext_ln51_16_fu_2500">
<pin_list>
<pin id="2501" dir="0" index="0" bw="15" slack="1"/>
<pin id="2502" dir="1" index="1" bw="16" slack="0"/>
</pin_list>
<bind>
<opcode="zext(34) " fcode="zext"/>
<opset="zext_ln51_16/3 "/>
</bind>
</comp>

<comp id="2503" class="1004" name="zext_ln51_17_fu_2503">
<pin_list>
<pin id="2504" dir="0" index="0" bw="15" slack="1"/>
<pin id="2505" dir="1" index="1" bw="16" slack="0"/>
</pin_list>
<bind>
<opcode="zext(34) " fcode="zext"/>
<opset="zext_ln51_17/3 "/>
</bind>
</comp>

<comp id="2506" class="1004" name="zext_ln51_18_fu_2506">
<pin_list>
<pin id="2507" dir="0" index="0" bw="15" slack="1"/>
<pin id="2508" dir="1" index="1" bw="16" slack="0"/>
</pin_list>
<bind>
<opcode="zext(34) " fcode="zext"/>
<opset="zext_ln51_18/3 "/>
</bind>
</comp>

<comp id="2509" class="1004" name="zext_ln51_19_fu_2509">
<pin_list>
<pin id="2510" dir="0" index="0" bw="15" slack="1"/>
<pin id="2511" dir="1" index="1" bw="16" slack="0"/>
</pin_list>
<bind>
<opcode="zext(34) " fcode="zext"/>
<opset="zext_ln51_19/3 "/>
</bind>
</comp>

<comp id="2512" class="1004" name="zext_ln51_20_fu_2512">
<pin_list>
<pin id="2513" dir="0" index="0" bw="15" slack="1"/>
<pin id="2514" dir="1" index="1" bw="16" slack="0"/>
</pin_list>
<bind>
<opcode="zext(34) " fcode="zext"/>
<opset="zext_ln51_20/3 "/>
</bind>
</comp>

<comp id="2515" class="1004" name="zext_ln51_21_fu_2515">
<pin_list>
<pin id="2516" dir="0" index="0" bw="15" slack="1"/>
<pin id="2517" dir="1" index="1" bw="16" slack="0"/>
</pin_list>
<bind>
<opcode="zext(34) " fcode="zext"/>
<opset="zext_ln51_21/3 "/>
</bind>
</comp>

<comp id="2518" class="1004" name="zext_ln51_22_fu_2518">
<pin_list>
<pin id="2519" dir="0" index="0" bw="15" slack="1"/>
<pin id="2520" dir="1" index="1" bw="16" slack="0"/>
</pin_list>
<bind>
<opcode="zext(34) " fcode="zext"/>
<opset="zext_ln51_22/3 "/>
</bind>
</comp>

<comp id="2521" class="1004" name="zext_ln51_23_fu_2521">
<pin_list>
<pin id="2522" dir="0" index="0" bw="15" slack="1"/>
<pin id="2523" dir="1" index="1" bw="16" slack="0"/>
</pin_list>
<bind>
<opcode="zext(34) " fcode="zext"/>
<opset="zext_ln51_23/3 "/>
</bind>
</comp>

<comp id="2524" class="1004" name="zext_ln51_24_fu_2524">
<pin_list>
<pin id="2525" dir="0" index="0" bw="15" slack="1"/>
<pin id="2526" dir="1" index="1" bw="16" slack="0"/>
</pin_list>
<bind>
<opcode="zext(34) " fcode="zext"/>
<opset="zext_ln51_24/3 "/>
</bind>
</comp>

<comp id="2527" class="1004" name="zext_ln51_25_fu_2527">
<pin_list>
<pin id="2528" dir="0" index="0" bw="15" slack="1"/>
<pin id="2529" dir="1" index="1" bw="16" slack="0"/>
</pin_list>
<bind>
<opcode="zext(34) " fcode="zext"/>
<opset="zext_ln51_25/3 "/>
</bind>
</comp>

<comp id="2530" class="1004" name="zext_ln51_26_fu_2530">
<pin_list>
<pin id="2531" dir="0" index="0" bw="15" slack="1"/>
<pin id="2532" dir="1" index="1" bw="16" slack="0"/>
</pin_list>
<bind>
<opcode="zext(34) " fcode="zext"/>
<opset="zext_ln51_26/3 "/>
</bind>
</comp>

<comp id="2533" class="1004" name="zext_ln51_27_fu_2533">
<pin_list>
<pin id="2534" dir="0" index="0" bw="15" slack="1"/>
<pin id="2535" dir="1" index="1" bw="16" slack="0"/>
</pin_list>
<bind>
<opcode="zext(34) " fcode="zext"/>
<opset="zext_ln51_27/3 "/>
</bind>
</comp>

<comp id="2536" class="1004" name="zext_ln51_28_fu_2536">
<pin_list>
<pin id="2537" dir="0" index="0" bw="15" slack="1"/>
<pin id="2538" dir="1" index="1" bw="16" slack="0"/>
</pin_list>
<bind>
<opcode="zext(34) " fcode="zext"/>
<opset="zext_ln51_28/3 "/>
</bind>
</comp>

<comp id="2539" class="1004" name="zext_ln51_29_fu_2539">
<pin_list>
<pin id="2540" dir="0" index="0" bw="15" slack="1"/>
<pin id="2541" dir="1" index="1" bw="16" slack="0"/>
</pin_list>
<bind>
<opcode="zext(34) " fcode="zext"/>
<opset="zext_ln51_29/3 "/>
</bind>
</comp>

<comp id="2542" class="1004" name="zext_ln51_30_fu_2542">
<pin_list>
<pin id="2543" dir="0" index="0" bw="15" slack="1"/>
<pin id="2544" dir="1" index="1" bw="16" slack="0"/>
</pin_list>
<bind>
<opcode="zext(34) " fcode="zext"/>
<opset="zext_ln51_30/3 "/>
</bind>
</comp>

<comp id="2545" class="1004" name="zext_ln51_31_fu_2545">
<pin_list>
<pin id="2546" dir="0" index="0" bw="15" slack="1"/>
<pin id="2547" dir="1" index="1" bw="16" slack="0"/>
</pin_list>
<bind>
<opcode="zext(34) " fcode="zext"/>
<opset="zext_ln51_31/3 "/>
</bind>
</comp>

<comp id="2548" class="1004" name="zext_ln51_32_fu_2548">
<pin_list>
<pin id="2549" dir="0" index="0" bw="15" slack="1"/>
<pin id="2550" dir="1" index="1" bw="16" slack="0"/>
</pin_list>
<bind>
<opcode="zext(34) " fcode="zext"/>
<opset="zext_ln51_32/3 "/>
</bind>
</comp>

<comp id="2551" class="1004" name="zext_ln51_33_fu_2551">
<pin_list>
<pin id="2552" dir="0" index="0" bw="15" slack="1"/>
<pin id="2553" dir="1" index="1" bw="16" slack="0"/>
</pin_list>
<bind>
<opcode="zext(34) " fcode="zext"/>
<opset="zext_ln51_33/3 "/>
</bind>
</comp>

<comp id="2554" class="1004" name="zext_ln51_34_fu_2554">
<pin_list>
<pin id="2555" dir="0" index="0" bw="15" slack="1"/>
<pin id="2556" dir="1" index="1" bw="16" slack="0"/>
</pin_list>
<bind>
<opcode="zext(34) " fcode="zext"/>
<opset="zext_ln51_34/3 "/>
</bind>
</comp>

<comp id="2557" class="1004" name="zext_ln51_35_fu_2557">
<pin_list>
<pin id="2558" dir="0" index="0" bw="15" slack="1"/>
<pin id="2559" dir="1" index="1" bw="16" slack="0"/>
</pin_list>
<bind>
<opcode="zext(34) " fcode="zext"/>
<opset="zext_ln51_35/3 "/>
</bind>
</comp>

<comp id="2560" class="1004" name="zext_ln51_36_fu_2560">
<pin_list>
<pin id="2561" dir="0" index="0" bw="15" slack="1"/>
<pin id="2562" dir="1" index="1" bw="16" slack="0"/>
</pin_list>
<bind>
<opcode="zext(34) " fcode="zext"/>
<opset="zext_ln51_36/3 "/>
</bind>
</comp>

<comp id="2563" class="1004" name="zext_ln51_37_fu_2563">
<pin_list>
<pin id="2564" dir="0" index="0" bw="15" slack="1"/>
<pin id="2565" dir="1" index="1" bw="16" slack="0"/>
</pin_list>
<bind>
<opcode="zext(34) " fcode="zext"/>
<opset="zext_ln51_37/3 "/>
</bind>
</comp>

<comp id="2566" class="1004" name="zext_ln51_38_fu_2566">
<pin_list>
<pin id="2567" dir="0" index="0" bw="15" slack="1"/>
<pin id="2568" dir="1" index="1" bw="16" slack="0"/>
</pin_list>
<bind>
<opcode="zext(34) " fcode="zext"/>
<opset="zext_ln51_38/3 "/>
</bind>
</comp>

<comp id="2569" class="1004" name="zext_ln51_39_fu_2569">
<pin_list>
<pin id="2570" dir="0" index="0" bw="15" slack="1"/>
<pin id="2571" dir="1" index="1" bw="16" slack="0"/>
</pin_list>
<bind>
<opcode="zext(34) " fcode="zext"/>
<opset="zext_ln51_39/3 "/>
</bind>
</comp>

<comp id="2572" class="1004" name="zext_ln51_40_fu_2572">
<pin_list>
<pin id="2573" dir="0" index="0" bw="15" slack="1"/>
<pin id="2574" dir="1" index="1" bw="16" slack="0"/>
</pin_list>
<bind>
<opcode="zext(34) " fcode="zext"/>
<opset="zext_ln51_40/3 "/>
</bind>
</comp>

<comp id="2575" class="1004" name="zext_ln51_41_fu_2575">
<pin_list>
<pin id="2576" dir="0" index="0" bw="15" slack="1"/>
<pin id="2577" dir="1" index="1" bw="16" slack="0"/>
</pin_list>
<bind>
<opcode="zext(34) " fcode="zext"/>
<opset="zext_ln51_41/3 "/>
</bind>
</comp>

<comp id="2578" class="1004" name="zext_ln51_42_fu_2578">
<pin_list>
<pin id="2579" dir="0" index="0" bw="15" slack="1"/>
<pin id="2580" dir="1" index="1" bw="16" slack="0"/>
</pin_list>
<bind>
<opcode="zext(34) " fcode="zext"/>
<opset="zext_ln51_42/3 "/>
</bind>
</comp>

<comp id="2581" class="1004" name="zext_ln51_43_fu_2581">
<pin_list>
<pin id="2582" dir="0" index="0" bw="15" slack="1"/>
<pin id="2583" dir="1" index="1" bw="16" slack="0"/>
</pin_list>
<bind>
<opcode="zext(34) " fcode="zext"/>
<opset="zext_ln51_43/3 "/>
</bind>
</comp>

<comp id="2584" class="1004" name="zext_ln51_44_fu_2584">
<pin_list>
<pin id="2585" dir="0" index="0" bw="15" slack="1"/>
<pin id="2586" dir="1" index="1" bw="16" slack="0"/>
</pin_list>
<bind>
<opcode="zext(34) " fcode="zext"/>
<opset="zext_ln51_44/3 "/>
</bind>
</comp>

<comp id="2587" class="1004" name="zext_ln51_45_fu_2587">
<pin_list>
<pin id="2588" dir="0" index="0" bw="15" slack="1"/>
<pin id="2589" dir="1" index="1" bw="16" slack="0"/>
</pin_list>
<bind>
<opcode="zext(34) " fcode="zext"/>
<opset="zext_ln51_45/3 "/>
</bind>
</comp>

<comp id="2590" class="1004" name="zext_ln51_46_fu_2590">
<pin_list>
<pin id="2591" dir="0" index="0" bw="15" slack="1"/>
<pin id="2592" dir="1" index="1" bw="16" slack="0"/>
</pin_list>
<bind>
<opcode="zext(34) " fcode="zext"/>
<opset="zext_ln51_46/3 "/>
</bind>
</comp>

<comp id="2593" class="1004" name="zext_ln51_47_fu_2593">
<pin_list>
<pin id="2594" dir="0" index="0" bw="15" slack="1"/>
<pin id="2595" dir="1" index="1" bw="16" slack="0"/>
</pin_list>
<bind>
<opcode="zext(34) " fcode="zext"/>
<opset="zext_ln51_47/3 "/>
</bind>
</comp>

<comp id="2596" class="1004" name="zext_ln51_48_fu_2596">
<pin_list>
<pin id="2597" dir="0" index="0" bw="15" slack="1"/>
<pin id="2598" dir="1" index="1" bw="16" slack="0"/>
</pin_list>
<bind>
<opcode="zext(34) " fcode="zext"/>
<opset="zext_ln51_48/3 "/>
</bind>
</comp>

<comp id="2599" class="1004" name="zext_ln51_49_fu_2599">
<pin_list>
<pin id="2600" dir="0" index="0" bw="15" slack="1"/>
<pin id="2601" dir="1" index="1" bw="16" slack="0"/>
</pin_list>
<bind>
<opcode="zext(34) " fcode="zext"/>
<opset="zext_ln51_49/3 "/>
</bind>
</comp>

<comp id="2602" class="1004" name="zext_ln51_50_fu_2602">
<pin_list>
<pin id="2603" dir="0" index="0" bw="15" slack="1"/>
<pin id="2604" dir="1" index="1" bw="16" slack="0"/>
</pin_list>
<bind>
<opcode="zext(34) " fcode="zext"/>
<opset="zext_ln51_50/3 "/>
</bind>
</comp>

<comp id="2605" class="1004" name="zext_ln51_51_fu_2605">
<pin_list>
<pin id="2606" dir="0" index="0" bw="15" slack="1"/>
<pin id="2607" dir="1" index="1" bw="16" slack="0"/>
</pin_list>
<bind>
<opcode="zext(34) " fcode="zext"/>
<opset="zext_ln51_51/3 "/>
</bind>
</comp>

<comp id="2608" class="1004" name="zext_ln51_52_fu_2608">
<pin_list>
<pin id="2609" dir="0" index="0" bw="15" slack="1"/>
<pin id="2610" dir="1" index="1" bw="16" slack="0"/>
</pin_list>
<bind>
<opcode="zext(34) " fcode="zext"/>
<opset="zext_ln51_52/3 "/>
</bind>
</comp>

<comp id="2611" class="1004" name="zext_ln51_53_fu_2611">
<pin_list>
<pin id="2612" dir="0" index="0" bw="15" slack="1"/>
<pin id="2613" dir="1" index="1" bw="16" slack="0"/>
</pin_list>
<bind>
<opcode="zext(34) " fcode="zext"/>
<opset="zext_ln51_53/3 "/>
</bind>
</comp>

<comp id="2614" class="1004" name="zext_ln51_54_fu_2614">
<pin_list>
<pin id="2615" dir="0" index="0" bw="15" slack="1"/>
<pin id="2616" dir="1" index="1" bw="16" slack="0"/>
</pin_list>
<bind>
<opcode="zext(34) " fcode="zext"/>
<opset="zext_ln51_54/3 "/>
</bind>
</comp>

<comp id="2617" class="1004" name="zext_ln51_55_fu_2617">
<pin_list>
<pin id="2618" dir="0" index="0" bw="15" slack="1"/>
<pin id="2619" dir="1" index="1" bw="16" slack="0"/>
</pin_list>
<bind>
<opcode="zext(34) " fcode="zext"/>
<opset="zext_ln51_55/3 "/>
</bind>
</comp>

<comp id="2620" class="1004" name="zext_ln51_56_fu_2620">
<pin_list>
<pin id="2621" dir="0" index="0" bw="15" slack="1"/>
<pin id="2622" dir="1" index="1" bw="16" slack="0"/>
</pin_list>
<bind>
<opcode="zext(34) " fcode="zext"/>
<opset="zext_ln51_56/3 "/>
</bind>
</comp>

<comp id="2623" class="1004" name="zext_ln51_57_fu_2623">
<pin_list>
<pin id="2624" dir="0" index="0" bw="15" slack="1"/>
<pin id="2625" dir="1" index="1" bw="16" slack="0"/>
</pin_list>
<bind>
<opcode="zext(34) " fcode="zext"/>
<opset="zext_ln51_57/3 "/>
</bind>
</comp>

<comp id="2626" class="1004" name="zext_ln51_58_fu_2626">
<pin_list>
<pin id="2627" dir="0" index="0" bw="15" slack="1"/>
<pin id="2628" dir="1" index="1" bw="16" slack="0"/>
</pin_list>
<bind>
<opcode="zext(34) " fcode="zext"/>
<opset="zext_ln51_58/3 "/>
</bind>
</comp>

<comp id="2629" class="1004" name="zext_ln51_59_fu_2629">
<pin_list>
<pin id="2630" dir="0" index="0" bw="15" slack="1"/>
<pin id="2631" dir="1" index="1" bw="16" slack="0"/>
</pin_list>
<bind>
<opcode="zext(34) " fcode="zext"/>
<opset="zext_ln51_59/3 "/>
</bind>
</comp>

<comp id="2632" class="1004" name="zext_ln51_60_fu_2632">
<pin_list>
<pin id="2633" dir="0" index="0" bw="15" slack="1"/>
<pin id="2634" dir="1" index="1" bw="16" slack="0"/>
</pin_list>
<bind>
<opcode="zext(34) " fcode="zext"/>
<opset="zext_ln51_60/3 "/>
</bind>
</comp>

<comp id="2635" class="1004" name="zext_ln51_61_fu_2635">
<pin_list>
<pin id="2636" dir="0" index="0" bw="15" slack="1"/>
<pin id="2637" dir="1" index="1" bw="16" slack="0"/>
</pin_list>
<bind>
<opcode="zext(34) " fcode="zext"/>
<opset="zext_ln51_61/3 "/>
</bind>
</comp>

<comp id="2638" class="1004" name="zext_ln51_62_fu_2638">
<pin_list>
<pin id="2639" dir="0" index="0" bw="15" slack="1"/>
<pin id="2640" dir="1" index="1" bw="16" slack="0"/>
</pin_list>
<bind>
<opcode="zext(34) " fcode="zext"/>
<opset="zext_ln51_62/3 "/>
</bind>
</comp>

<comp id="2641" class="1004" name="zext_ln51_63_fu_2641">
<pin_list>
<pin id="2642" dir="0" index="0" bw="15" slack="1"/>
<pin id="2643" dir="1" index="1" bw="16" slack="0"/>
</pin_list>
<bind>
<opcode="zext(34) " fcode="zext"/>
<opset="zext_ln51_63/3 "/>
</bind>
</comp>

<comp id="2644" class="1004" name="or_ln57_s_fu_2644">
<pin_list>
<pin id="2645" dir="0" index="0" bw="1023" slack="0"/>
<pin id="2646" dir="0" index="1" bw="15" slack="1"/>
<pin id="2647" dir="0" index="2" bw="15" slack="0"/>
<pin id="2648" dir="0" index="3" bw="15" slack="0"/>
<pin id="2649" dir="0" index="4" bw="15" slack="0"/>
<pin id="2650" dir="0" index="5" bw="15" slack="0"/>
<pin id="2651" dir="0" index="6" bw="15" slack="0"/>
<pin id="2652" dir="0" index="7" bw="15" slack="0"/>
<pin id="2653" dir="0" index="8" bw="15" slack="0"/>
<pin id="2654" dir="0" index="9" bw="15" slack="0"/>
<pin id="2655" dir="0" index="10" bw="15" slack="0"/>
<pin id="2656" dir="0" index="11" bw="15" slack="0"/>
<pin id="2657" dir="0" index="12" bw="15" slack="0"/>
<pin id="2658" dir="0" index="13" bw="15" slack="0"/>
<pin id="2659" dir="0" index="14" bw="15" slack="0"/>
<pin id="2660" dir="0" index="15" bw="15" slack="0"/>
<pin id="2661" dir="0" index="16" bw="15" slack="0"/>
<pin id="2662" dir="0" index="17" bw="15" slack="0"/>
<pin id="2663" dir="0" index="18" bw="15" slack="0"/>
<pin id="2664" dir="0" index="19" bw="15" slack="0"/>
<pin id="2665" dir="0" index="20" bw="15" slack="0"/>
<pin id="2666" dir="0" index="21" bw="15" slack="0"/>
<pin id="2667" dir="0" index="22" bw="15" slack="0"/>
<pin id="2668" dir="0" index="23" bw="15" slack="0"/>
<pin id="2669" dir="0" index="24" bw="15" slack="0"/>
<pin id="2670" dir="0" index="25" bw="15" slack="0"/>
<pin id="2671" dir="0" index="26" bw="15" slack="0"/>
<pin id="2672" dir="0" index="27" bw="15" slack="0"/>
<pin id="2673" dir="0" index="28" bw="15" slack="0"/>
<pin id="2674" dir="0" index="29" bw="15" slack="0"/>
<pin id="2675" dir="0" index="30" bw="15" slack="0"/>
<pin id="2676" dir="0" index="31" bw="15" slack="0"/>
<pin id="2677" dir="0" index="32" bw="15" slack="0"/>
<pin id="2678" dir="0" index="33" bw="15" slack="0"/>
<pin id="2679" dir="0" index="34" bw="15" slack="0"/>
<pin id="2680" dir="0" index="35" bw="15" slack="0"/>
<pin id="2681" dir="0" index="36" bw="15" slack="0"/>
<pin id="2682" dir="0" index="37" bw="15" slack="0"/>
<pin id="2683" dir="0" index="38" bw="15" slack="0"/>
<pin id="2684" dir="0" index="39" bw="15" slack="0"/>
<pin id="2685" dir="0" index="40" bw="15" slack="0"/>
<pin id="2686" dir="0" index="41" bw="15" slack="0"/>
<pin id="2687" dir="0" index="42" bw="15" slack="0"/>
<pin id="2688" dir="0" index="43" bw="15" slack="0"/>
<pin id="2689" dir="0" index="44" bw="15" slack="0"/>
<pin id="2690" dir="0" index="45" bw="15" slack="0"/>
<pin id="2691" dir="0" index="46" bw="15" slack="0"/>
<pin id="2692" dir="0" index="47" bw="15" slack="0"/>
<pin id="2693" dir="0" index="48" bw="15" slack="0"/>
<pin id="2694" dir="0" index="49" bw="15" slack="0"/>
<pin id="2695" dir="0" index="50" bw="15" slack="0"/>
<pin id="2696" dir="0" index="51" bw="15" slack="0"/>
<pin id="2697" dir="0" index="52" bw="15" slack="0"/>
<pin id="2698" dir="0" index="53" bw="15" slack="0"/>
<pin id="2699" dir="0" index="54" bw="15" slack="0"/>
<pin id="2700" dir="0" index="55" bw="15" slack="0"/>
<pin id="2701" dir="0" index="56" bw="15" slack="0"/>
<pin id="2702" dir="0" index="57" bw="15" slack="0"/>
<pin id="2703" dir="0" index="58" bw="15" slack="0"/>
<pin id="2704" dir="0" index="59" bw="15" slack="0"/>
<pin id="2705" dir="0" index="60" bw="15" slack="0"/>
<pin id="2706" dir="0" index="61" bw="15" slack="0"/>
<pin id="2707" dir="0" index="62" bw="15" slack="0"/>
<pin id="2708" dir="0" index="63" bw="15" slack="0"/>
<pin id="2709" dir="0" index="64" bw="15" slack="0"/>
<pin id="2710" dir="1" index="65" bw="1023" slack="0"/>
</pin_list>
<bind>
<opcode="bitconcatenate(1004) " fcode="bitconcatenate"/>
<opset="or_ln57_s/3 "/>
</bind>
</comp>

<comp id="2775" class="1004" name="zext_ln57_fu_2775">
<pin_list>
<pin id="2776" dir="0" index="0" bw="1023" slack="0"/>
<pin id="2777" dir="1" index="1" bw="1024" slack="0"/>
</pin_list>
<bind>
<opcode="zext(34) " fcode="zext"/>
<opset="zext_ln57/3 "/>
</bind>
</comp>

<comp id="2780" class="1005" name="in_data_reg_2780">
<pin_list>
<pin id="2781" dir="0" index="0" bw="16" slack="1"/>
<pin id="2782" dir="1" index="1" bw="16" slack="1"/>
</pin_list>
<bind>
<opset="in_data "/>
</bind>
</comp>

<comp id="2785" class="1005" name="trunc_ln44_1_reg_2785">
<pin_list>
<pin id="2786" dir="0" index="0" bw="15" slack="1"/>
<pin id="2787" dir="1" index="1" bw="15" slack="1"/>
</pin_list>
<bind>
<opset="trunc_ln44_1 "/>
</bind>
</comp>

<comp id="2790" class="1005" name="trunc_ln44_2_reg_2790">
<pin_list>
<pin id="2791" dir="0" index="0" bw="16" slack="1"/>
<pin id="2792" dir="1" index="1" bw="16" slack="1"/>
</pin_list>
<bind>
<opset="trunc_ln44_2 "/>
</bind>
</comp>

<comp id="2795" class="1005" name="trunc_ln44_3_reg_2795">
<pin_list>
<pin id="2796" dir="0" index="0" bw="16" slack="1"/>
<pin id="2797" dir="1" index="1" bw="16" slack="1"/>
</pin_list>
<bind>
<opset="trunc_ln44_3 "/>
</bind>
</comp>

<comp id="2800" class="1005" name="in_data_4_reg_2800">
<pin_list>
<pin id="2801" dir="0" index="0" bw="16" slack="1"/>
<pin id="2802" dir="1" index="1" bw="16" slack="1"/>
</pin_list>
<bind>
<opset="in_data_4 "/>
</bind>
</comp>

<comp id="2805" class="1005" name="trunc_ln44_s_reg_2805">
<pin_list>
<pin id="2806" dir="0" index="0" bw="15" slack="1"/>
<pin id="2807" dir="1" index="1" bw="15" slack="1"/>
</pin_list>
<bind>
<opset="trunc_ln44_s "/>
</bind>
</comp>

<comp id="2810" class="1005" name="in_data_5_reg_2810">
<pin_list>
<pin id="2811" dir="0" index="0" bw="16" slack="1"/>
<pin id="2812" dir="1" index="1" bw="16" slack="1"/>
</pin_list>
<bind>
<opset="in_data_5 "/>
</bind>
</comp>

<comp id="2815" class="1005" name="trunc_ln44_4_reg_2815">
<pin_list>
<pin id="2816" dir="0" index="0" bw="15" slack="1"/>
<pin id="2817" dir="1" index="1" bw="15" slack="1"/>
</pin_list>
<bind>
<opset="trunc_ln44_4 "/>
</bind>
</comp>

<comp id="2820" class="1005" name="in_data_6_reg_2820">
<pin_list>
<pin id="2821" dir="0" index="0" bw="16" slack="1"/>
<pin id="2822" dir="1" index="1" bw="16" slack="1"/>
</pin_list>
<bind>
<opset="in_data_6 "/>
</bind>
</comp>

<comp id="2825" class="1005" name="trunc_ln44_5_reg_2825">
<pin_list>
<pin id="2826" dir="0" index="0" bw="15" slack="1"/>
<pin id="2827" dir="1" index="1" bw="15" slack="1"/>
</pin_list>
<bind>
<opset="trunc_ln44_5 "/>
</bind>
</comp>

<comp id="2830" class="1005" name="tmp_reg_2830">
<pin_list>
<pin id="2831" dir="0" index="0" bw="16" slack="1"/>
<pin id="2832" dir="1" index="1" bw="16" slack="1"/>
</pin_list>
<bind>
<opset="tmp "/>
</bind>
</comp>

<comp id="2835" class="1005" name="trunc_ln44_6_reg_2835">
<pin_list>
<pin id="2836" dir="0" index="0" bw="15" slack="1"/>
<pin id="2837" dir="1" index="1" bw="15" slack="1"/>
</pin_list>
<bind>
<opset="trunc_ln44_6 "/>
</bind>
</comp>

<comp id="2840" class="1005" name="tmp_s_reg_2840">
<pin_list>
<pin id="2841" dir="0" index="0" bw="16" slack="1"/>
<pin id="2842" dir="1" index="1" bw="16" slack="1"/>
</pin_list>
<bind>
<opset="tmp_s "/>
</bind>
</comp>

<comp id="2845" class="1005" name="trunc_ln44_7_reg_2845">
<pin_list>
<pin id="2846" dir="0" index="0" bw="15" slack="1"/>
<pin id="2847" dir="1" index="1" bw="15" slack="1"/>
</pin_list>
<bind>
<opset="trunc_ln44_7 "/>
</bind>
</comp>

<comp id="2850" class="1005" name="tmp_7_reg_2850">
<pin_list>
<pin id="2851" dir="0" index="0" bw="16" slack="1"/>
<pin id="2852" dir="1" index="1" bw="16" slack="1"/>
</pin_list>
<bind>
<opset="tmp_7 "/>
</bind>
</comp>

<comp id="2855" class="1005" name="trunc_ln44_8_reg_2855">
<pin_list>
<pin id="2856" dir="0" index="0" bw="15" slack="1"/>
<pin id="2857" dir="1" index="1" bw="15" slack="1"/>
</pin_list>
<bind>
<opset="trunc_ln44_8 "/>
</bind>
</comp>

<comp id="2860" class="1005" name="tmp_8_reg_2860">
<pin_list>
<pin id="2861" dir="0" index="0" bw="16" slack="1"/>
<pin id="2862" dir="1" index="1" bw="16" slack="1"/>
</pin_list>
<bind>
<opset="tmp_8 "/>
</bind>
</comp>

<comp id="2865" class="1005" name="trunc_ln44_9_reg_2865">
<pin_list>
<pin id="2866" dir="0" index="0" bw="15" slack="1"/>
<pin id="2867" dir="1" index="1" bw="15" slack="1"/>
</pin_list>
<bind>
<opset="trunc_ln44_9 "/>
</bind>
</comp>

<comp id="2870" class="1005" name="tmp_9_reg_2870">
<pin_list>
<pin id="2871" dir="0" index="0" bw="16" slack="1"/>
<pin id="2872" dir="1" index="1" bw="16" slack="1"/>
</pin_list>
<bind>
<opset="tmp_9 "/>
</bind>
</comp>

<comp id="2875" class="1005" name="trunc_ln44_10_reg_2875">
<pin_list>
<pin id="2876" dir="0" index="0" bw="15" slack="1"/>
<pin id="2877" dir="1" index="1" bw="15" slack="1"/>
</pin_list>
<bind>
<opset="trunc_ln44_10 "/>
</bind>
</comp>

<comp id="2880" class="1005" name="tmp_1_reg_2880">
<pin_list>
<pin id="2881" dir="0" index="0" bw="16" slack="1"/>
<pin id="2882" dir="1" index="1" bw="16" slack="1"/>
</pin_list>
<bind>
<opset="tmp_1 "/>
</bind>
</comp>

<comp id="2885" class="1005" name="trunc_ln44_11_reg_2885">
<pin_list>
<pin id="2886" dir="0" index="0" bw="15" slack="1"/>
<pin id="2887" dir="1" index="1" bw="15" slack="1"/>
</pin_list>
<bind>
<opset="trunc_ln44_11 "/>
</bind>
</comp>

<comp id="2890" class="1005" name="tmp_2_reg_2890">
<pin_list>
<pin id="2891" dir="0" index="0" bw="16" slack="1"/>
<pin id="2892" dir="1" index="1" bw="16" slack="1"/>
</pin_list>
<bind>
<opset="tmp_2 "/>
</bind>
</comp>

<comp id="2895" class="1005" name="trunc_ln44_12_reg_2895">
<pin_list>
<pin id="2896" dir="0" index="0" bw="15" slack="1"/>
<pin id="2897" dir="1" index="1" bw="15" slack="1"/>
</pin_list>
<bind>
<opset="trunc_ln44_12 "/>
</bind>
</comp>

<comp id="2900" class="1005" name="tmp_3_reg_2900">
<pin_list>
<pin id="2901" dir="0" index="0" bw="16" slack="1"/>
<pin id="2902" dir="1" index="1" bw="16" slack="1"/>
</pin_list>
<bind>
<opset="tmp_3 "/>
</bind>
</comp>

<comp id="2905" class="1005" name="trunc_ln44_13_reg_2905">
<pin_list>
<pin id="2906" dir="0" index="0" bw="15" slack="1"/>
<pin id="2907" dir="1" index="1" bw="15" slack="1"/>
</pin_list>
<bind>
<opset="trunc_ln44_13 "/>
</bind>
</comp>

<comp id="2910" class="1005" name="tmp_4_reg_2910">
<pin_list>
<pin id="2911" dir="0" index="0" bw="16" slack="1"/>
<pin id="2912" dir="1" index="1" bw="16" slack="1"/>
</pin_list>
<bind>
<opset="tmp_4 "/>
</bind>
</comp>

<comp id="2915" class="1005" name="trunc_ln44_14_reg_2915">
<pin_list>
<pin id="2916" dir="0" index="0" bw="15" slack="1"/>
<pin id="2917" dir="1" index="1" bw="15" slack="1"/>
</pin_list>
<bind>
<opset="trunc_ln44_14 "/>
</bind>
</comp>

<comp id="2920" class="1005" name="tmp_5_reg_2920">
<pin_list>
<pin id="2921" dir="0" index="0" bw="16" slack="1"/>
<pin id="2922" dir="1" index="1" bw="16" slack="1"/>
</pin_list>
<bind>
<opset="tmp_5 "/>
</bind>
</comp>

<comp id="2925" class="1005" name="trunc_ln44_15_reg_2925">
<pin_list>
<pin id="2926" dir="0" index="0" bw="15" slack="1"/>
<pin id="2927" dir="1" index="1" bw="15" slack="1"/>
</pin_list>
<bind>
<opset="trunc_ln44_15 "/>
</bind>
</comp>

<comp id="2930" class="1005" name="tmp_6_reg_2930">
<pin_list>
<pin id="2931" dir="0" index="0" bw="16" slack="1"/>
<pin id="2932" dir="1" index="1" bw="16" slack="1"/>
</pin_list>
<bind>
<opset="tmp_6 "/>
</bind>
</comp>

<comp id="2935" class="1005" name="trunc_ln44_16_reg_2935">
<pin_list>
<pin id="2936" dir="0" index="0" bw="15" slack="1"/>
<pin id="2937" dir="1" index="1" bw="15" slack="1"/>
</pin_list>
<bind>
<opset="trunc_ln44_16 "/>
</bind>
</comp>

<comp id="2940" class="1005" name="tmp_10_reg_2940">
<pin_list>
<pin id="2941" dir="0" index="0" bw="16" slack="1"/>
<pin id="2942" dir="1" index="1" bw="16" slack="1"/>
</pin_list>
<bind>
<opset="tmp_10 "/>
</bind>
</comp>

<comp id="2945" class="1005" name="trunc_ln44_17_reg_2945">
<pin_list>
<pin id="2946" dir="0" index="0" bw="15" slack="1"/>
<pin id="2947" dir="1" index="1" bw="15" slack="1"/>
</pin_list>
<bind>
<opset="trunc_ln44_17 "/>
</bind>
</comp>

<comp id="2950" class="1005" name="tmp_11_reg_2950">
<pin_list>
<pin id="2951" dir="0" index="0" bw="16" slack="1"/>
<pin id="2952" dir="1" index="1" bw="16" slack="1"/>
</pin_list>
<bind>
<opset="tmp_11 "/>
</bind>
</comp>

<comp id="2955" class="1005" name="trunc_ln44_18_reg_2955">
<pin_list>
<pin id="2956" dir="0" index="0" bw="15" slack="1"/>
<pin id="2957" dir="1" index="1" bw="15" slack="1"/>
</pin_list>
<bind>
<opset="trunc_ln44_18 "/>
</bind>
</comp>

<comp id="2960" class="1005" name="tmp_12_reg_2960">
<pin_list>
<pin id="2961" dir="0" index="0" bw="16" slack="1"/>
<pin id="2962" dir="1" index="1" bw="16" slack="1"/>
</pin_list>
<bind>
<opset="tmp_12 "/>
</bind>
</comp>

<comp id="2965" class="1005" name="trunc_ln44_19_reg_2965">
<pin_list>
<pin id="2966" dir="0" index="0" bw="15" slack="1"/>
<pin id="2967" dir="1" index="1" bw="15" slack="1"/>
</pin_list>
<bind>
<opset="trunc_ln44_19 "/>
</bind>
</comp>

<comp id="2970" class="1005" name="tmp_13_reg_2970">
<pin_list>
<pin id="2971" dir="0" index="0" bw="16" slack="1"/>
<pin id="2972" dir="1" index="1" bw="16" slack="1"/>
</pin_list>
<bind>
<opset="tmp_13 "/>
</bind>
</comp>

<comp id="2975" class="1005" name="trunc_ln44_20_reg_2975">
<pin_list>
<pin id="2976" dir="0" index="0" bw="15" slack="1"/>
<pin id="2977" dir="1" index="1" bw="15" slack="1"/>
</pin_list>
<bind>
<opset="trunc_ln44_20 "/>
</bind>
</comp>

<comp id="2980" class="1005" name="tmp_14_reg_2980">
<pin_list>
<pin id="2981" dir="0" index="0" bw="16" slack="1"/>
<pin id="2982" dir="1" index="1" bw="16" slack="1"/>
</pin_list>
<bind>
<opset="tmp_14 "/>
</bind>
</comp>

<comp id="2985" class="1005" name="trunc_ln44_21_reg_2985">
<pin_list>
<pin id="2986" dir="0" index="0" bw="15" slack="1"/>
<pin id="2987" dir="1" index="1" bw="15" slack="1"/>
</pin_list>
<bind>
<opset="trunc_ln44_21 "/>
</bind>
</comp>

<comp id="2990" class="1005" name="tmp_15_reg_2990">
<pin_list>
<pin id="2991" dir="0" index="0" bw="16" slack="1"/>
<pin id="2992" dir="1" index="1" bw="16" slack="1"/>
</pin_list>
<bind>
<opset="tmp_15 "/>
</bind>
</comp>

<comp id="2995" class="1005" name="trunc_ln44_22_reg_2995">
<pin_list>
<pin id="2996" dir="0" index="0" bw="15" slack="1"/>
<pin id="2997" dir="1" index="1" bw="15" slack="1"/>
</pin_list>
<bind>
<opset="trunc_ln44_22 "/>
</bind>
</comp>

<comp id="3000" class="1005" name="tmp_16_reg_3000">
<pin_list>
<pin id="3001" dir="0" index="0" bw="16" slack="1"/>
<pin id="3002" dir="1" index="1" bw="16" slack="1"/>
</pin_list>
<bind>
<opset="tmp_16 "/>
</bind>
</comp>

<comp id="3005" class="1005" name="trunc_ln44_23_reg_3005">
<pin_list>
<pin id="3006" dir="0" index="0" bw="15" slack="1"/>
<pin id="3007" dir="1" index="1" bw="15" slack="1"/>
</pin_list>
<bind>
<opset="trunc_ln44_23 "/>
</bind>
</comp>

<comp id="3010" class="1005" name="tmp_17_reg_3010">
<pin_list>
<pin id="3011" dir="0" index="0" bw="16" slack="1"/>
<pin id="3012" dir="1" index="1" bw="16" slack="1"/>
</pin_list>
<bind>
<opset="tmp_17 "/>
</bind>
</comp>

<comp id="3015" class="1005" name="trunc_ln44_24_reg_3015">
<pin_list>
<pin id="3016" dir="0" index="0" bw="15" slack="1"/>
<pin id="3017" dir="1" index="1" bw="15" slack="1"/>
</pin_list>
<bind>
<opset="trunc_ln44_24 "/>
</bind>
</comp>

<comp id="3020" class="1005" name="tmp_18_reg_3020">
<pin_list>
<pin id="3021" dir="0" index="0" bw="16" slack="1"/>
<pin id="3022" dir="1" index="1" bw="16" slack="1"/>
</pin_list>
<bind>
<opset="tmp_18 "/>
</bind>
</comp>

<comp id="3025" class="1005" name="trunc_ln44_25_reg_3025">
<pin_list>
<pin id="3026" dir="0" index="0" bw="15" slack="1"/>
<pin id="3027" dir="1" index="1" bw="15" slack="1"/>
</pin_list>
<bind>
<opset="trunc_ln44_25 "/>
</bind>
</comp>

<comp id="3030" class="1005" name="tmp_19_reg_3030">
<pin_list>
<pin id="3031" dir="0" index="0" bw="16" slack="1"/>
<pin id="3032" dir="1" index="1" bw="16" slack="1"/>
</pin_list>
<bind>
<opset="tmp_19 "/>
</bind>
</comp>

<comp id="3035" class="1005" name="trunc_ln44_26_reg_3035">
<pin_list>
<pin id="3036" dir="0" index="0" bw="15" slack="1"/>
<pin id="3037" dir="1" index="1" bw="15" slack="1"/>
</pin_list>
<bind>
<opset="trunc_ln44_26 "/>
</bind>
</comp>

<comp id="3040" class="1005" name="tmp_20_reg_3040">
<pin_list>
<pin id="3041" dir="0" index="0" bw="16" slack="1"/>
<pin id="3042" dir="1" index="1" bw="16" slack="1"/>
</pin_list>
<bind>
<opset="tmp_20 "/>
</bind>
</comp>

<comp id="3045" class="1005" name="trunc_ln44_27_reg_3045">
<pin_list>
<pin id="3046" dir="0" index="0" bw="15" slack="1"/>
<pin id="3047" dir="1" index="1" bw="15" slack="1"/>
</pin_list>
<bind>
<opset="trunc_ln44_27 "/>
</bind>
</comp>

<comp id="3050" class="1005" name="tmp_21_reg_3050">
<pin_list>
<pin id="3051" dir="0" index="0" bw="16" slack="1"/>
<pin id="3052" dir="1" index="1" bw="16" slack="1"/>
</pin_list>
<bind>
<opset="tmp_21 "/>
</bind>
</comp>

<comp id="3055" class="1005" name="trunc_ln44_28_reg_3055">
<pin_list>
<pin id="3056" dir="0" index="0" bw="15" slack="1"/>
<pin id="3057" dir="1" index="1" bw="15" slack="1"/>
</pin_list>
<bind>
<opset="trunc_ln44_28 "/>
</bind>
</comp>

<comp id="3060" class="1005" name="tmp_22_reg_3060">
<pin_list>
<pin id="3061" dir="0" index="0" bw="16" slack="1"/>
<pin id="3062" dir="1" index="1" bw="16" slack="1"/>
</pin_list>
<bind>
<opset="tmp_22 "/>
</bind>
</comp>

<comp id="3065" class="1005" name="trunc_ln44_29_reg_3065">
<pin_list>
<pin id="3066" dir="0" index="0" bw="15" slack="1"/>
<pin id="3067" dir="1" index="1" bw="15" slack="1"/>
</pin_list>
<bind>
<opset="trunc_ln44_29 "/>
</bind>
</comp>

<comp id="3070" class="1005" name="tmp_23_reg_3070">
<pin_list>
<pin id="3071" dir="0" index="0" bw="16" slack="1"/>
<pin id="3072" dir="1" index="1" bw="16" slack="1"/>
</pin_list>
<bind>
<opset="tmp_23 "/>
</bind>
</comp>

<comp id="3075" class="1005" name="trunc_ln44_30_reg_3075">
<pin_list>
<pin id="3076" dir="0" index="0" bw="15" slack="1"/>
<pin id="3077" dir="1" index="1" bw="15" slack="1"/>
</pin_list>
<bind>
<opset="trunc_ln44_30 "/>
</bind>
</comp>

<comp id="3080" class="1005" name="tmp_24_reg_3080">
<pin_list>
<pin id="3081" dir="0" index="0" bw="16" slack="1"/>
<pin id="3082" dir="1" index="1" bw="16" slack="1"/>
</pin_list>
<bind>
<opset="tmp_24 "/>
</bind>
</comp>

<comp id="3085" class="1005" name="trunc_ln44_31_reg_3085">
<pin_list>
<pin id="3086" dir="0" index="0" bw="15" slack="1"/>
<pin id="3087" dir="1" index="1" bw="15" slack="1"/>
</pin_list>
<bind>
<opset="trunc_ln44_31 "/>
</bind>
</comp>

<comp id="3090" class="1005" name="tmp_25_reg_3090">
<pin_list>
<pin id="3091" dir="0" index="0" bw="16" slack="1"/>
<pin id="3092" dir="1" index="1" bw="16" slack="1"/>
</pin_list>
<bind>
<opset="tmp_25 "/>
</bind>
</comp>

<comp id="3095" class="1005" name="trunc_ln44_32_reg_3095">
<pin_list>
<pin id="3096" dir="0" index="0" bw="15" slack="1"/>
<pin id="3097" dir="1" index="1" bw="15" slack="1"/>
</pin_list>
<bind>
<opset="trunc_ln44_32 "/>
</bind>
</comp>

<comp id="3100" class="1005" name="tmp_26_reg_3100">
<pin_list>
<pin id="3101" dir="0" index="0" bw="16" slack="1"/>
<pin id="3102" dir="1" index="1" bw="16" slack="1"/>
</pin_list>
<bind>
<opset="tmp_26 "/>
</bind>
</comp>

<comp id="3105" class="1005" name="trunc_ln44_33_reg_3105">
<pin_list>
<pin id="3106" dir="0" index="0" bw="15" slack="1"/>
<pin id="3107" dir="1" index="1" bw="15" slack="1"/>
</pin_list>
<bind>
<opset="trunc_ln44_33 "/>
</bind>
</comp>

<comp id="3110" class="1005" name="tmp_27_reg_3110">
<pin_list>
<pin id="3111" dir="0" index="0" bw="16" slack="1"/>
<pin id="3112" dir="1" index="1" bw="16" slack="1"/>
</pin_list>
<bind>
<opset="tmp_27 "/>
</bind>
</comp>

<comp id="3115" class="1005" name="trunc_ln44_34_reg_3115">
<pin_list>
<pin id="3116" dir="0" index="0" bw="15" slack="1"/>
<pin id="3117" dir="1" index="1" bw="15" slack="1"/>
</pin_list>
<bind>
<opset="trunc_ln44_34 "/>
</bind>
</comp>

<comp id="3120" class="1005" name="tmp_28_reg_3120">
<pin_list>
<pin id="3121" dir="0" index="0" bw="16" slack="1"/>
<pin id="3122" dir="1" index="1" bw="16" slack="1"/>
</pin_list>
<bind>
<opset="tmp_28 "/>
</bind>
</comp>

<comp id="3125" class="1005" name="trunc_ln44_35_reg_3125">
<pin_list>
<pin id="3126" dir="0" index="0" bw="15" slack="1"/>
<pin id="3127" dir="1" index="1" bw="15" slack="1"/>
</pin_list>
<bind>
<opset="trunc_ln44_35 "/>
</bind>
</comp>

<comp id="3130" class="1005" name="tmp_29_reg_3130">
<pin_list>
<pin id="3131" dir="0" index="0" bw="16" slack="1"/>
<pin id="3132" dir="1" index="1" bw="16" slack="1"/>
</pin_list>
<bind>
<opset="tmp_29 "/>
</bind>
</comp>

<comp id="3135" class="1005" name="trunc_ln44_36_reg_3135">
<pin_list>
<pin id="3136" dir="0" index="0" bw="15" slack="1"/>
<pin id="3137" dir="1" index="1" bw="15" slack="1"/>
</pin_list>
<bind>
<opset="trunc_ln44_36 "/>
</bind>
</comp>

<comp id="3140" class="1005" name="tmp_30_reg_3140">
<pin_list>
<pin id="3141" dir="0" index="0" bw="16" slack="1"/>
<pin id="3142" dir="1" index="1" bw="16" slack="1"/>
</pin_list>
<bind>
<opset="tmp_30 "/>
</bind>
</comp>

<comp id="3145" class="1005" name="trunc_ln44_37_reg_3145">
<pin_list>
<pin id="3146" dir="0" index="0" bw="15" slack="1"/>
<pin id="3147" dir="1" index="1" bw="15" slack="1"/>
</pin_list>
<bind>
<opset="trunc_ln44_37 "/>
</bind>
</comp>

<comp id="3150" class="1005" name="tmp_31_reg_3150">
<pin_list>
<pin id="3151" dir="0" index="0" bw="16" slack="1"/>
<pin id="3152" dir="1" index="1" bw="16" slack="1"/>
</pin_list>
<bind>
<opset="tmp_31 "/>
</bind>
</comp>

<comp id="3155" class="1005" name="trunc_ln44_38_reg_3155">
<pin_list>
<pin id="3156" dir="0" index="0" bw="15" slack="1"/>
<pin id="3157" dir="1" index="1" bw="15" slack="1"/>
</pin_list>
<bind>
<opset="trunc_ln44_38 "/>
</bind>
</comp>

<comp id="3160" class="1005" name="tmp_32_reg_3160">
<pin_list>
<pin id="3161" dir="0" index="0" bw="16" slack="1"/>
<pin id="3162" dir="1" index="1" bw="16" slack="1"/>
</pin_list>
<bind>
<opset="tmp_32 "/>
</bind>
</comp>

<comp id="3165" class="1005" name="trunc_ln44_39_reg_3165">
<pin_list>
<pin id="3166" dir="0" index="0" bw="15" slack="1"/>
<pin id="3167" dir="1" index="1" bw="15" slack="1"/>
</pin_list>
<bind>
<opset="trunc_ln44_39 "/>
</bind>
</comp>

<comp id="3170" class="1005" name="tmp_33_reg_3170">
<pin_list>
<pin id="3171" dir="0" index="0" bw="16" slack="1"/>
<pin id="3172" dir="1" index="1" bw="16" slack="1"/>
</pin_list>
<bind>
<opset="tmp_33 "/>
</bind>
</comp>

<comp id="3175" class="1005" name="trunc_ln44_40_reg_3175">
<pin_list>
<pin id="3176" dir="0" index="0" bw="15" slack="1"/>
<pin id="3177" dir="1" index="1" bw="15" slack="1"/>
</pin_list>
<bind>
<opset="trunc_ln44_40 "/>
</bind>
</comp>

<comp id="3180" class="1005" name="tmp_34_reg_3180">
<pin_list>
<pin id="3181" dir="0" index="0" bw="16" slack="1"/>
<pin id="3182" dir="1" index="1" bw="16" slack="1"/>
</pin_list>
<bind>
<opset="tmp_34 "/>
</bind>
</comp>

<comp id="3185" class="1005" name="trunc_ln44_41_reg_3185">
<pin_list>
<pin id="3186" dir="0" index="0" bw="15" slack="1"/>
<pin id="3187" dir="1" index="1" bw="15" slack="1"/>
</pin_list>
<bind>
<opset="trunc_ln44_41 "/>
</bind>
</comp>

<comp id="3190" class="1005" name="tmp_35_reg_3190">
<pin_list>
<pin id="3191" dir="0" index="0" bw="16" slack="1"/>
<pin id="3192" dir="1" index="1" bw="16" slack="1"/>
</pin_list>
<bind>
<opset="tmp_35 "/>
</bind>
</comp>

<comp id="3195" class="1005" name="trunc_ln44_42_reg_3195">
<pin_list>
<pin id="3196" dir="0" index="0" bw="15" slack="1"/>
<pin id="3197" dir="1" index="1" bw="15" slack="1"/>
</pin_list>
<bind>
<opset="trunc_ln44_42 "/>
</bind>
</comp>

<comp id="3200" class="1005" name="tmp_36_reg_3200">
<pin_list>
<pin id="3201" dir="0" index="0" bw="16" slack="1"/>
<pin id="3202" dir="1" index="1" bw="16" slack="1"/>
</pin_list>
<bind>
<opset="tmp_36 "/>
</bind>
</comp>

<comp id="3205" class="1005" name="trunc_ln44_43_reg_3205">
<pin_list>
<pin id="3206" dir="0" index="0" bw="15" slack="1"/>
<pin id="3207" dir="1" index="1" bw="15" slack="1"/>
</pin_list>
<bind>
<opset="trunc_ln44_43 "/>
</bind>
</comp>

<comp id="3210" class="1005" name="tmp_37_reg_3210">
<pin_list>
<pin id="3211" dir="0" index="0" bw="16" slack="1"/>
<pin id="3212" dir="1" index="1" bw="16" slack="1"/>
</pin_list>
<bind>
<opset="tmp_37 "/>
</bind>
</comp>

<comp id="3215" class="1005" name="trunc_ln44_44_reg_3215">
<pin_list>
<pin id="3216" dir="0" index="0" bw="15" slack="1"/>
<pin id="3217" dir="1" index="1" bw="15" slack="1"/>
</pin_list>
<bind>
<opset="trunc_ln44_44 "/>
</bind>
</comp>

<comp id="3220" class="1005" name="tmp_38_reg_3220">
<pin_list>
<pin id="3221" dir="0" index="0" bw="16" slack="1"/>
<pin id="3222" dir="1" index="1" bw="16" slack="1"/>
</pin_list>
<bind>
<opset="tmp_38 "/>
</bind>
</comp>

<comp id="3225" class="1005" name="trunc_ln44_45_reg_3225">
<pin_list>
<pin id="3226" dir="0" index="0" bw="15" slack="1"/>
<pin id="3227" dir="1" index="1" bw="15" slack="1"/>
</pin_list>
<bind>
<opset="trunc_ln44_45 "/>
</bind>
</comp>

<comp id="3230" class="1005" name="tmp_39_reg_3230">
<pin_list>
<pin id="3231" dir="0" index="0" bw="16" slack="1"/>
<pin id="3232" dir="1" index="1" bw="16" slack="1"/>
</pin_list>
<bind>
<opset="tmp_39 "/>
</bind>
</comp>

<comp id="3235" class="1005" name="trunc_ln44_46_reg_3235">
<pin_list>
<pin id="3236" dir="0" index="0" bw="15" slack="1"/>
<pin id="3237" dir="1" index="1" bw="15" slack="1"/>
</pin_list>
<bind>
<opset="trunc_ln44_46 "/>
</bind>
</comp>

<comp id="3240" class="1005" name="tmp_40_reg_3240">
<pin_list>
<pin id="3241" dir="0" index="0" bw="16" slack="1"/>
<pin id="3242" dir="1" index="1" bw="16" slack="1"/>
</pin_list>
<bind>
<opset="tmp_40 "/>
</bind>
</comp>

<comp id="3245" class="1005" name="trunc_ln44_47_reg_3245">
<pin_list>
<pin id="3246" dir="0" index="0" bw="15" slack="1"/>
<pin id="3247" dir="1" index="1" bw="15" slack="1"/>
</pin_list>
<bind>
<opset="trunc_ln44_47 "/>
</bind>
</comp>

<comp id="3250" class="1005" name="tmp_41_reg_3250">
<pin_list>
<pin id="3251" dir="0" index="0" bw="16" slack="1"/>
<pin id="3252" dir="1" index="1" bw="16" slack="1"/>
</pin_list>
<bind>
<opset="tmp_41 "/>
</bind>
</comp>

<comp id="3255" class="1005" name="trunc_ln44_48_reg_3255">
<pin_list>
<pin id="3256" dir="0" index="0" bw="15" slack="1"/>
<pin id="3257" dir="1" index="1" bw="15" slack="1"/>
</pin_list>
<bind>
<opset="trunc_ln44_48 "/>
</bind>
</comp>

<comp id="3260" class="1005" name="tmp_42_reg_3260">
<pin_list>
<pin id="3261" dir="0" index="0" bw="16" slack="1"/>
<pin id="3262" dir="1" index="1" bw="16" slack="1"/>
</pin_list>
<bind>
<opset="tmp_42 "/>
</bind>
</comp>

<comp id="3265" class="1005" name="trunc_ln44_49_reg_3265">
<pin_list>
<pin id="3266" dir="0" index="0" bw="15" slack="1"/>
<pin id="3267" dir="1" index="1" bw="15" slack="1"/>
</pin_list>
<bind>
<opset="trunc_ln44_49 "/>
</bind>
</comp>

<comp id="3270" class="1005" name="tmp_43_reg_3270">
<pin_list>
<pin id="3271" dir="0" index="0" bw="16" slack="1"/>
<pin id="3272" dir="1" index="1" bw="16" slack="1"/>
</pin_list>
<bind>
<opset="tmp_43 "/>
</bind>
</comp>

<comp id="3275" class="1005" name="trunc_ln44_50_reg_3275">
<pin_list>
<pin id="3276" dir="0" index="0" bw="15" slack="1"/>
<pin id="3277" dir="1" index="1" bw="15" slack="1"/>
</pin_list>
<bind>
<opset="trunc_ln44_50 "/>
</bind>
</comp>

<comp id="3280" class="1005" name="tmp_44_reg_3280">
<pin_list>
<pin id="3281" dir="0" index="0" bw="16" slack="1"/>
<pin id="3282" dir="1" index="1" bw="16" slack="1"/>
</pin_list>
<bind>
<opset="tmp_44 "/>
</bind>
</comp>

<comp id="3285" class="1005" name="trunc_ln44_51_reg_3285">
<pin_list>
<pin id="3286" dir="0" index="0" bw="15" slack="1"/>
<pin id="3287" dir="1" index="1" bw="15" slack="1"/>
</pin_list>
<bind>
<opset="trunc_ln44_51 "/>
</bind>
</comp>

<comp id="3290" class="1005" name="tmp_45_reg_3290">
<pin_list>
<pin id="3291" dir="0" index="0" bw="16" slack="1"/>
<pin id="3292" dir="1" index="1" bw="16" slack="1"/>
</pin_list>
<bind>
<opset="tmp_45 "/>
</bind>
</comp>

<comp id="3295" class="1005" name="trunc_ln44_52_reg_3295">
<pin_list>
<pin id="3296" dir="0" index="0" bw="15" slack="1"/>
<pin id="3297" dir="1" index="1" bw="15" slack="1"/>
</pin_list>
<bind>
<opset="trunc_ln44_52 "/>
</bind>
</comp>

<comp id="3300" class="1005" name="tmp_46_reg_3300">
<pin_list>
<pin id="3301" dir="0" index="0" bw="16" slack="1"/>
<pin id="3302" dir="1" index="1" bw="16" slack="1"/>
</pin_list>
<bind>
<opset="tmp_46 "/>
</bind>
</comp>

<comp id="3305" class="1005" name="trunc_ln44_53_reg_3305">
<pin_list>
<pin id="3306" dir="0" index="0" bw="15" slack="1"/>
<pin id="3307" dir="1" index="1" bw="15" slack="1"/>
</pin_list>
<bind>
<opset="trunc_ln44_53 "/>
</bind>
</comp>

<comp id="3310" class="1005" name="tmp_47_reg_3310">
<pin_list>
<pin id="3311" dir="0" index="0" bw="16" slack="1"/>
<pin id="3312" dir="1" index="1" bw="16" slack="1"/>
</pin_list>
<bind>
<opset="tmp_47 "/>
</bind>
</comp>

<comp id="3315" class="1005" name="trunc_ln44_54_reg_3315">
<pin_list>
<pin id="3316" dir="0" index="0" bw="15" slack="1"/>
<pin id="3317" dir="1" index="1" bw="15" slack="1"/>
</pin_list>
<bind>
<opset="trunc_ln44_54 "/>
</bind>
</comp>

<comp id="3320" class="1005" name="tmp_48_reg_3320">
<pin_list>
<pin id="3321" dir="0" index="0" bw="16" slack="1"/>
<pin id="3322" dir="1" index="1" bw="16" slack="1"/>
</pin_list>
<bind>
<opset="tmp_48 "/>
</bind>
</comp>

<comp id="3325" class="1005" name="trunc_ln44_55_reg_3325">
<pin_list>
<pin id="3326" dir="0" index="0" bw="15" slack="1"/>
<pin id="3327" dir="1" index="1" bw="15" slack="1"/>
</pin_list>
<bind>
<opset="trunc_ln44_55 "/>
</bind>
</comp>

<comp id="3330" class="1005" name="tmp_49_reg_3330">
<pin_list>
<pin id="3331" dir="0" index="0" bw="16" slack="1"/>
<pin id="3332" dir="1" index="1" bw="16" slack="1"/>
</pin_list>
<bind>
<opset="tmp_49 "/>
</bind>
</comp>

<comp id="3335" class="1005" name="trunc_ln44_56_reg_3335">
<pin_list>
<pin id="3336" dir="0" index="0" bw="15" slack="1"/>
<pin id="3337" dir="1" index="1" bw="15" slack="1"/>
</pin_list>
<bind>
<opset="trunc_ln44_56 "/>
</bind>
</comp>

<comp id="3340" class="1005" name="tmp_50_reg_3340">
<pin_list>
<pin id="3341" dir="0" index="0" bw="16" slack="1"/>
<pin id="3342" dir="1" index="1" bw="16" slack="1"/>
</pin_list>
<bind>
<opset="tmp_50 "/>
</bind>
</comp>

<comp id="3345" class="1005" name="trunc_ln44_57_reg_3345">
<pin_list>
<pin id="3346" dir="0" index="0" bw="15" slack="1"/>
<pin id="3347" dir="1" index="1" bw="15" slack="1"/>
</pin_list>
<bind>
<opset="trunc_ln44_57 "/>
</bind>
</comp>

<comp id="3350" class="1005" name="tmp_51_reg_3350">
<pin_list>
<pin id="3351" dir="0" index="0" bw="16" slack="1"/>
<pin id="3352" dir="1" index="1" bw="16" slack="1"/>
</pin_list>
<bind>
<opset="tmp_51 "/>
</bind>
</comp>

<comp id="3355" class="1005" name="trunc_ln44_58_reg_3355">
<pin_list>
<pin id="3356" dir="0" index="0" bw="15" slack="1"/>
<pin id="3357" dir="1" index="1" bw="15" slack="1"/>
</pin_list>
<bind>
<opset="trunc_ln44_58 "/>
</bind>
</comp>

<comp id="3360" class="1005" name="tmp_52_reg_3360">
<pin_list>
<pin id="3361" dir="0" index="0" bw="16" slack="1"/>
<pin id="3362" dir="1" index="1" bw="16" slack="1"/>
</pin_list>
<bind>
<opset="tmp_52 "/>
</bind>
</comp>

<comp id="3365" class="1005" name="trunc_ln44_59_reg_3365">
<pin_list>
<pin id="3366" dir="0" index="0" bw="15" slack="1"/>
<pin id="3367" dir="1" index="1" bw="15" slack="1"/>
</pin_list>
<bind>
<opset="trunc_ln44_59 "/>
</bind>
</comp>

<comp id="3370" class="1005" name="tmp_53_reg_3370">
<pin_list>
<pin id="3371" dir="0" index="0" bw="16" slack="1"/>
<pin id="3372" dir="1" index="1" bw="16" slack="1"/>
</pin_list>
<bind>
<opset="tmp_53 "/>
</bind>
</comp>

<comp id="3375" class="1005" name="trunc_ln44_60_reg_3375">
<pin_list>
<pin id="3376" dir="0" index="0" bw="15" slack="1"/>
<pin id="3377" dir="1" index="1" bw="15" slack="1"/>
</pin_list>
<bind>
<opset="trunc_ln44_60 "/>
</bind>
</comp>

<comp id="3380" class="1005" name="tmp_54_reg_3380">
<pin_list>
<pin id="3381" dir="0" index="0" bw="16" slack="1"/>
<pin id="3382" dir="1" index="1" bw="16" slack="1"/>
</pin_list>
<bind>
<opset="tmp_54 "/>
</bind>
</comp>

<comp id="3385" class="1005" name="trunc_ln44_61_reg_3385">
<pin_list>
<pin id="3386" dir="0" index="0" bw="15" slack="1"/>
<pin id="3387" dir="1" index="1" bw="15" slack="1"/>
</pin_list>
<bind>
<opset="trunc_ln44_61 "/>
</bind>
</comp>

<comp id="3390" class="1005" name="tmp_55_reg_3390">
<pin_list>
<pin id="3391" dir="0" index="0" bw="16" slack="1"/>
<pin id="3392" dir="1" index="1" bw="16" slack="1"/>
</pin_list>
<bind>
<opset="tmp_55 "/>
</bind>
</comp>

<comp id="3395" class="1005" name="trunc_ln44_62_reg_3395">
<pin_list>
<pin id="3396" dir="0" index="0" bw="15" slack="1"/>
<pin id="3397" dir="1" index="1" bw="15" slack="1"/>
</pin_list>
<bind>
<opset="trunc_ln44_62 "/>
</bind>
</comp>

<comp id="3400" class="1005" name="tmp_56_reg_3400">
<pin_list>
<pin id="3401" dir="0" index="0" bw="16" slack="1"/>
<pin id="3402" dir="1" index="1" bw="16" slack="1"/>
</pin_list>
<bind>
<opset="tmp_56 "/>
</bind>
</comp>

<comp id="3405" class="1005" name="trunc_ln44_63_reg_3405">
<pin_list>
<pin id="3406" dir="0" index="0" bw="15" slack="1"/>
<pin id="3407" dir="1" index="1" bw="15" slack="1"/>
</pin_list>
<bind>
<opset="trunc_ln44_63 "/>
</bind>
</comp>

<comp id="3410" class="1005" name="trunc_ln44_64_reg_3410">
<pin_list>
<pin id="3411" dir="0" index="0" bw="15" slack="1"/>
<pin id="3412" dir="1" index="1" bw="15" slack="1"/>
</pin_list>
<bind>
<opset="trunc_ln44_64 "/>
</bind>
</comp>

<comp id="3415" class="1005" name="trunc_ln_reg_3415">
<pin_list>
<pin id="3416" dir="0" index="0" bw="15" slack="1"/>
<pin id="3417" dir="1" index="1" bw="15" slack="1"/>
</pin_list>
<bind>
<opset="trunc_ln "/>
</bind>
</comp>

<comp id="3420" class="1005" name="select_ln51_reg_3420">
<pin_list>
<pin id="3421" dir="0" index="0" bw="15" slack="1"/>
<pin id="3422" dir="1" index="1" bw="15" slack="1"/>
</pin_list>
<bind>
<opset="select_ln51 "/>
</bind>
</comp>

<comp id="3425" class="1005" name="select_ln51_1_reg_3425">
<pin_list>
<pin id="3426" dir="0" index="0" bw="15" slack="1"/>
<pin id="3427" dir="1" index="1" bw="15" slack="1"/>
</pin_list>
<bind>
<opset="select_ln51_1 "/>
</bind>
</comp>

<comp id="3430" class="1005" name="select_ln51_2_reg_3430">
<pin_list>
<pin id="3431" dir="0" index="0" bw="15" slack="1"/>
<pin id="3432" dir="1" index="1" bw="15" slack="1"/>
</pin_list>
<bind>
<opset="select_ln51_2 "/>
</bind>
</comp>

<comp id="3435" class="1005" name="select_ln51_3_reg_3435">
<pin_list>
<pin id="3436" dir="0" index="0" bw="15" slack="1"/>
<pin id="3437" dir="1" index="1" bw="15" slack="1"/>
</pin_list>
<bind>
<opset="select_ln51_3 "/>
</bind>
</comp>

<comp id="3440" class="1005" name="select_ln51_4_reg_3440">
<pin_list>
<pin id="3441" dir="0" index="0" bw="15" slack="1"/>
<pin id="3442" dir="1" index="1" bw="15" slack="1"/>
</pin_list>
<bind>
<opset="select_ln51_4 "/>
</bind>
</comp>

<comp id="3445" class="1005" name="select_ln51_5_reg_3445">
<pin_list>
<pin id="3446" dir="0" index="0" bw="15" slack="1"/>
<pin id="3447" dir="1" index="1" bw="15" slack="1"/>
</pin_list>
<bind>
<opset="select_ln51_5 "/>
</bind>
</comp>

<comp id="3450" class="1005" name="select_ln51_6_reg_3450">
<pin_list>
<pin id="3451" dir="0" index="0" bw="15" slack="1"/>
<pin id="3452" dir="1" index="1" bw="15" slack="1"/>
</pin_list>
<bind>
<opset="select_ln51_6 "/>
</bind>
</comp>

<comp id="3455" class="1005" name="select_ln51_7_reg_3455">
<pin_list>
<pin id="3456" dir="0" index="0" bw="15" slack="1"/>
<pin id="3457" dir="1" index="1" bw="15" slack="1"/>
</pin_list>
<bind>
<opset="select_ln51_7 "/>
</bind>
</comp>

<comp id="3460" class="1005" name="select_ln51_8_reg_3460">
<pin_list>
<pin id="3461" dir="0" index="0" bw="15" slack="1"/>
<pin id="3462" dir="1" index="1" bw="15" slack="1"/>
</pin_list>
<bind>
<opset="select_ln51_8 "/>
</bind>
</comp>

<comp id="3465" class="1005" name="select_ln51_9_reg_3465">
<pin_list>
<pin id="3466" dir="0" index="0" bw="15" slack="1"/>
<pin id="3467" dir="1" index="1" bw="15" slack="1"/>
</pin_list>
<bind>
<opset="select_ln51_9 "/>
</bind>
</comp>

<comp id="3470" class="1005" name="select_ln51_10_reg_3470">
<pin_list>
<pin id="3471" dir="0" index="0" bw="15" slack="1"/>
<pin id="3472" dir="1" index="1" bw="15" slack="1"/>
</pin_list>
<bind>
<opset="select_ln51_10 "/>
</bind>
</comp>

<comp id="3475" class="1005" name="select_ln51_11_reg_3475">
<pin_list>
<pin id="3476" dir="0" index="0" bw="15" slack="1"/>
<pin id="3477" dir="1" index="1" bw="15" slack="1"/>
</pin_list>
<bind>
<opset="select_ln51_11 "/>
</bind>
</comp>

<comp id="3480" class="1005" name="select_ln51_12_reg_3480">
<pin_list>
<pin id="3481" dir="0" index="0" bw="15" slack="1"/>
<pin id="3482" dir="1" index="1" bw="15" slack="1"/>
</pin_list>
<bind>
<opset="select_ln51_12 "/>
</bind>
</comp>

<comp id="3485" class="1005" name="select_ln51_13_reg_3485">
<pin_list>
<pin id="3486" dir="0" index="0" bw="15" slack="1"/>
<pin id="3487" dir="1" index="1" bw="15" slack="1"/>
</pin_list>
<bind>
<opset="select_ln51_13 "/>
</bind>
</comp>

<comp id="3490" class="1005" name="select_ln51_14_reg_3490">
<pin_list>
<pin id="3491" dir="0" index="0" bw="15" slack="1"/>
<pin id="3492" dir="1" index="1" bw="15" slack="1"/>
</pin_list>
<bind>
<opset="select_ln51_14 "/>
</bind>
</comp>

<comp id="3495" class="1005" name="select_ln51_15_reg_3495">
<pin_list>
<pin id="3496" dir="0" index="0" bw="15" slack="1"/>
<pin id="3497" dir="1" index="1" bw="15" slack="1"/>
</pin_list>
<bind>
<opset="select_ln51_15 "/>
</bind>
</comp>

<comp id="3500" class="1005" name="select_ln51_16_reg_3500">
<pin_list>
<pin id="3501" dir="0" index="0" bw="15" slack="1"/>
<pin id="3502" dir="1" index="1" bw="15" slack="1"/>
</pin_list>
<bind>
<opset="select_ln51_16 "/>
</bind>
</comp>

<comp id="3505" class="1005" name="select_ln51_17_reg_3505">
<pin_list>
<pin id="3506" dir="0" index="0" bw="15" slack="1"/>
<pin id="3507" dir="1" index="1" bw="15" slack="1"/>
</pin_list>
<bind>
<opset="select_ln51_17 "/>
</bind>
</comp>

<comp id="3510" class="1005" name="select_ln51_18_reg_3510">
<pin_list>
<pin id="3511" dir="0" index="0" bw="15" slack="1"/>
<pin id="3512" dir="1" index="1" bw="15" slack="1"/>
</pin_list>
<bind>
<opset="select_ln51_18 "/>
</bind>
</comp>

<comp id="3515" class="1005" name="select_ln51_19_reg_3515">
<pin_list>
<pin id="3516" dir="0" index="0" bw="15" slack="1"/>
<pin id="3517" dir="1" index="1" bw="15" slack="1"/>
</pin_list>
<bind>
<opset="select_ln51_19 "/>
</bind>
</comp>

<comp id="3520" class="1005" name="select_ln51_20_reg_3520">
<pin_list>
<pin id="3521" dir="0" index="0" bw="15" slack="1"/>
<pin id="3522" dir="1" index="1" bw="15" slack="1"/>
</pin_list>
<bind>
<opset="select_ln51_20 "/>
</bind>
</comp>

<comp id="3525" class="1005" name="select_ln51_21_reg_3525">
<pin_list>
<pin id="3526" dir="0" index="0" bw="15" slack="1"/>
<pin id="3527" dir="1" index="1" bw="15" slack="1"/>
</pin_list>
<bind>
<opset="select_ln51_21 "/>
</bind>
</comp>

<comp id="3530" class="1005" name="select_ln51_22_reg_3530">
<pin_list>
<pin id="3531" dir="0" index="0" bw="15" slack="1"/>
<pin id="3532" dir="1" index="1" bw="15" slack="1"/>
</pin_list>
<bind>
<opset="select_ln51_22 "/>
</bind>
</comp>

<comp id="3535" class="1005" name="select_ln51_23_reg_3535">
<pin_list>
<pin id="3536" dir="0" index="0" bw="15" slack="1"/>
<pin id="3537" dir="1" index="1" bw="15" slack="1"/>
</pin_list>
<bind>
<opset="select_ln51_23 "/>
</bind>
</comp>

<comp id="3540" class="1005" name="select_ln51_24_reg_3540">
<pin_list>
<pin id="3541" dir="0" index="0" bw="15" slack="1"/>
<pin id="3542" dir="1" index="1" bw="15" slack="1"/>
</pin_list>
<bind>
<opset="select_ln51_24 "/>
</bind>
</comp>

<comp id="3545" class="1005" name="select_ln51_25_reg_3545">
<pin_list>
<pin id="3546" dir="0" index="0" bw="15" slack="1"/>
<pin id="3547" dir="1" index="1" bw="15" slack="1"/>
</pin_list>
<bind>
<opset="select_ln51_25 "/>
</bind>
</comp>

<comp id="3550" class="1005" name="select_ln51_26_reg_3550">
<pin_list>
<pin id="3551" dir="0" index="0" bw="15" slack="1"/>
<pin id="3552" dir="1" index="1" bw="15" slack="1"/>
</pin_list>
<bind>
<opset="select_ln51_26 "/>
</bind>
</comp>

<comp id="3555" class="1005" name="select_ln51_27_reg_3555">
<pin_list>
<pin id="3556" dir="0" index="0" bw="15" slack="1"/>
<pin id="3557" dir="1" index="1" bw="15" slack="1"/>
</pin_list>
<bind>
<opset="select_ln51_27 "/>
</bind>
</comp>

<comp id="3560" class="1005" name="select_ln51_28_reg_3560">
<pin_list>
<pin id="3561" dir="0" index="0" bw="15" slack="1"/>
<pin id="3562" dir="1" index="1" bw="15" slack="1"/>
</pin_list>
<bind>
<opset="select_ln51_28 "/>
</bind>
</comp>

<comp id="3565" class="1005" name="select_ln51_29_reg_3565">
<pin_list>
<pin id="3566" dir="0" index="0" bw="15" slack="1"/>
<pin id="3567" dir="1" index="1" bw="15" slack="1"/>
</pin_list>
<bind>
<opset="select_ln51_29 "/>
</bind>
</comp>

<comp id="3570" class="1005" name="select_ln51_30_reg_3570">
<pin_list>
<pin id="3571" dir="0" index="0" bw="15" slack="1"/>
<pin id="3572" dir="1" index="1" bw="15" slack="1"/>
</pin_list>
<bind>
<opset="select_ln51_30 "/>
</bind>
</comp>

<comp id="3575" class="1005" name="select_ln51_31_reg_3575">
<pin_list>
<pin id="3576" dir="0" index="0" bw="15" slack="1"/>
<pin id="3577" dir="1" index="1" bw="15" slack="1"/>
</pin_list>
<bind>
<opset="select_ln51_31 "/>
</bind>
</comp>

<comp id="3580" class="1005" name="select_ln51_32_reg_3580">
<pin_list>
<pin id="3581" dir="0" index="0" bw="15" slack="1"/>
<pin id="3582" dir="1" index="1" bw="15" slack="1"/>
</pin_list>
<bind>
<opset="select_ln51_32 "/>
</bind>
</comp>

<comp id="3585" class="1005" name="select_ln51_33_reg_3585">
<pin_list>
<pin id="3586" dir="0" index="0" bw="15" slack="1"/>
<pin id="3587" dir="1" index="1" bw="15" slack="1"/>
</pin_list>
<bind>
<opset="select_ln51_33 "/>
</bind>
</comp>

<comp id="3590" class="1005" name="select_ln51_34_reg_3590">
<pin_list>
<pin id="3591" dir="0" index="0" bw="15" slack="1"/>
<pin id="3592" dir="1" index="1" bw="15" slack="1"/>
</pin_list>
<bind>
<opset="select_ln51_34 "/>
</bind>
</comp>

<comp id="3595" class="1005" name="select_ln51_35_reg_3595">
<pin_list>
<pin id="3596" dir="0" index="0" bw="15" slack="1"/>
<pin id="3597" dir="1" index="1" bw="15" slack="1"/>
</pin_list>
<bind>
<opset="select_ln51_35 "/>
</bind>
</comp>

<comp id="3600" class="1005" name="select_ln51_36_reg_3600">
<pin_list>
<pin id="3601" dir="0" index="0" bw="15" slack="1"/>
<pin id="3602" dir="1" index="1" bw="15" slack="1"/>
</pin_list>
<bind>
<opset="select_ln51_36 "/>
</bind>
</comp>

<comp id="3605" class="1005" name="select_ln51_37_reg_3605">
<pin_list>
<pin id="3606" dir="0" index="0" bw="15" slack="1"/>
<pin id="3607" dir="1" index="1" bw="15" slack="1"/>
</pin_list>
<bind>
<opset="select_ln51_37 "/>
</bind>
</comp>

<comp id="3610" class="1005" name="select_ln51_38_reg_3610">
<pin_list>
<pin id="3611" dir="0" index="0" bw="15" slack="1"/>
<pin id="3612" dir="1" index="1" bw="15" slack="1"/>
</pin_list>
<bind>
<opset="select_ln51_38 "/>
</bind>
</comp>

<comp id="3615" class="1005" name="select_ln51_39_reg_3615">
<pin_list>
<pin id="3616" dir="0" index="0" bw="15" slack="1"/>
<pin id="3617" dir="1" index="1" bw="15" slack="1"/>
</pin_list>
<bind>
<opset="select_ln51_39 "/>
</bind>
</comp>

<comp id="3620" class="1005" name="select_ln51_40_reg_3620">
<pin_list>
<pin id="3621" dir="0" index="0" bw="15" slack="1"/>
<pin id="3622" dir="1" index="1" bw="15" slack="1"/>
</pin_list>
<bind>
<opset="select_ln51_40 "/>
</bind>
</comp>

<comp id="3625" class="1005" name="select_ln51_41_reg_3625">
<pin_list>
<pin id="3626" dir="0" index="0" bw="15" slack="1"/>
<pin id="3627" dir="1" index="1" bw="15" slack="1"/>
</pin_list>
<bind>
<opset="select_ln51_41 "/>
</bind>
</comp>

<comp id="3630" class="1005" name="select_ln51_42_reg_3630">
<pin_list>
<pin id="3631" dir="0" index="0" bw="15" slack="1"/>
<pin id="3632" dir="1" index="1" bw="15" slack="1"/>
</pin_list>
<bind>
<opset="select_ln51_42 "/>
</bind>
</comp>

<comp id="3635" class="1005" name="select_ln51_43_reg_3635">
<pin_list>
<pin id="3636" dir="0" index="0" bw="15" slack="1"/>
<pin id="3637" dir="1" index="1" bw="15" slack="1"/>
</pin_list>
<bind>
<opset="select_ln51_43 "/>
</bind>
</comp>

<comp id="3640" class="1005" name="select_ln51_44_reg_3640">
<pin_list>
<pin id="3641" dir="0" index="0" bw="15" slack="1"/>
<pin id="3642" dir="1" index="1" bw="15" slack="1"/>
</pin_list>
<bind>
<opset="select_ln51_44 "/>
</bind>
</comp>

<comp id="3645" class="1005" name="select_ln51_45_reg_3645">
<pin_list>
<pin id="3646" dir="0" index="0" bw="15" slack="1"/>
<pin id="3647" dir="1" index="1" bw="15" slack="1"/>
</pin_list>
<bind>
<opset="select_ln51_45 "/>
</bind>
</comp>

<comp id="3650" class="1005" name="select_ln51_46_reg_3650">
<pin_list>
<pin id="3651" dir="0" index="0" bw="15" slack="1"/>
<pin id="3652" dir="1" index="1" bw="15" slack="1"/>
</pin_list>
<bind>
<opset="select_ln51_46 "/>
</bind>
</comp>

<comp id="3655" class="1005" name="select_ln51_47_reg_3655">
<pin_list>
<pin id="3656" dir="0" index="0" bw="15" slack="1"/>
<pin id="3657" dir="1" index="1" bw="15" slack="1"/>
</pin_list>
<bind>
<opset="select_ln51_47 "/>
</bind>
</comp>

<comp id="3660" class="1005" name="select_ln51_48_reg_3660">
<pin_list>
<pin id="3661" dir="0" index="0" bw="15" slack="1"/>
<pin id="3662" dir="1" index="1" bw="15" slack="1"/>
</pin_list>
<bind>
<opset="select_ln51_48 "/>
</bind>
</comp>

<comp id="3665" class="1005" name="select_ln51_49_reg_3665">
<pin_list>
<pin id="3666" dir="0" index="0" bw="15" slack="1"/>
<pin id="3667" dir="1" index="1" bw="15" slack="1"/>
</pin_list>
<bind>
<opset="select_ln51_49 "/>
</bind>
</comp>

<comp id="3670" class="1005" name="select_ln51_50_reg_3670">
<pin_list>
<pin id="3671" dir="0" index="0" bw="15" slack="1"/>
<pin id="3672" dir="1" index="1" bw="15" slack="1"/>
</pin_list>
<bind>
<opset="select_ln51_50 "/>
</bind>
</comp>

<comp id="3675" class="1005" name="select_ln51_51_reg_3675">
<pin_list>
<pin id="3676" dir="0" index="0" bw="15" slack="1"/>
<pin id="3677" dir="1" index="1" bw="15" slack="1"/>
</pin_list>
<bind>
<opset="select_ln51_51 "/>
</bind>
</comp>

<comp id="3680" class="1005" name="select_ln51_52_reg_3680">
<pin_list>
<pin id="3681" dir="0" index="0" bw="15" slack="1"/>
<pin id="3682" dir="1" index="1" bw="15" slack="1"/>
</pin_list>
<bind>
<opset="select_ln51_52 "/>
</bind>
</comp>

<comp id="3685" class="1005" name="select_ln51_53_reg_3685">
<pin_list>
<pin id="3686" dir="0" index="0" bw="15" slack="1"/>
<pin id="3687" dir="1" index="1" bw="15" slack="1"/>
</pin_list>
<bind>
<opset="select_ln51_53 "/>
</bind>
</comp>

<comp id="3690" class="1005" name="select_ln51_54_reg_3690">
<pin_list>
<pin id="3691" dir="0" index="0" bw="15" slack="1"/>
<pin id="3692" dir="1" index="1" bw="15" slack="1"/>
</pin_list>
<bind>
<opset="select_ln51_54 "/>
</bind>
</comp>

<comp id="3695" class="1005" name="select_ln51_55_reg_3695">
<pin_list>
<pin id="3696" dir="0" index="0" bw="15" slack="1"/>
<pin id="3697" dir="1" index="1" bw="15" slack="1"/>
</pin_list>
<bind>
<opset="select_ln51_55 "/>
</bind>
</comp>

<comp id="3700" class="1005" name="select_ln51_56_reg_3700">
<pin_list>
<pin id="3701" dir="0" index="0" bw="15" slack="1"/>
<pin id="3702" dir="1" index="1" bw="15" slack="1"/>
</pin_list>
<bind>
<opset="select_ln51_56 "/>
</bind>
</comp>

<comp id="3705" class="1005" name="select_ln51_57_reg_3705">
<pin_list>
<pin id="3706" dir="0" index="0" bw="15" slack="1"/>
<pin id="3707" dir="1" index="1" bw="15" slack="1"/>
</pin_list>
<bind>
<opset="select_ln51_57 "/>
</bind>
</comp>

<comp id="3710" class="1005" name="select_ln51_58_reg_3710">
<pin_list>
<pin id="3711" dir="0" index="0" bw="15" slack="1"/>
<pin id="3712" dir="1" index="1" bw="15" slack="1"/>
</pin_list>
<bind>
<opset="select_ln51_58 "/>
</bind>
</comp>

<comp id="3715" class="1005" name="select_ln51_59_reg_3715">
<pin_list>
<pin id="3716" dir="0" index="0" bw="15" slack="1"/>
<pin id="3717" dir="1" index="1" bw="15" slack="1"/>
</pin_list>
<bind>
<opset="select_ln51_59 "/>
</bind>
</comp>

<comp id="3720" class="1005" name="select_ln51_60_reg_3720">
<pin_list>
<pin id="3721" dir="0" index="0" bw="15" slack="1"/>
<pin id="3722" dir="1" index="1" bw="15" slack="1"/>
</pin_list>
<bind>
<opset="select_ln51_60 "/>
</bind>
</comp>

<comp id="3725" class="1005" name="select_ln51_61_reg_3725">
<pin_list>
<pin id="3726" dir="0" index="0" bw="15" slack="1"/>
<pin id="3727" dir="1" index="1" bw="15" slack="1"/>
</pin_list>
<bind>
<opset="select_ln51_61 "/>
</bind>
</comp>

<comp id="3730" class="1005" name="select_ln51_62_reg_3730">
<pin_list>
<pin id="3731" dir="0" index="0" bw="15" slack="1"/>
<pin id="3732" dir="1" index="1" bw="15" slack="1"/>
</pin_list>
<bind>
<opset="select_ln51_62 "/>
</bind>
</comp>

<comp id="3735" class="1005" name="select_ln51_63_reg_3735">
<pin_list>
<pin id="3736" dir="0" index="0" bw="15" slack="1"/>
<pin id="3737" dir="1" index="1" bw="15" slack="1"/>
</pin_list>
<bind>
<opset="select_ln51_63 "/>
</bind>
</comp>

</comp_list>

<net_list>
<net id="410"><net_src comp="4" pin="0"/><net_sink comp="406" pin=0"/></net>

<net id="411"><net_src comp="0" pin="0"/><net_sink comp="406" pin=1"/></net>

<net id="417"><net_src comp="404" pin="0"/><net_sink comp="412" pin=0"/></net>

<net id="418"><net_src comp="2" pin="0"/><net_sink comp="412" pin=1"/></net>

<net id="422"><net_src comp="406" pin="2"/><net_sink comp="419" pin=0"/></net>

<net id="426"><net_src comp="406" pin="2"/><net_sink comp="423" pin=0"/></net>

<net id="433"><net_src comp="6" pin="0"/><net_sink comp="427" pin=0"/></net>

<net id="434"><net_src comp="406" pin="2"/><net_sink comp="427" pin=1"/></net>

<net id="435"><net_src comp="8" pin="0"/><net_sink comp="427" pin=2"/></net>

<net id="436"><net_src comp="10" pin="0"/><net_sink comp="427" pin=3"/></net>

<net id="443"><net_src comp="6" pin="0"/><net_sink comp="437" pin=0"/></net>

<net id="444"><net_src comp="406" pin="2"/><net_sink comp="437" pin=1"/></net>

<net id="445"><net_src comp="12" pin="0"/><net_sink comp="437" pin=2"/></net>

<net id="446"><net_src comp="14" pin="0"/><net_sink comp="437" pin=3"/></net>

<net id="453"><net_src comp="6" pin="0"/><net_sink comp="447" pin=0"/></net>

<net id="454"><net_src comp="406" pin="2"/><net_sink comp="447" pin=1"/></net>

<net id="455"><net_src comp="16" pin="0"/><net_sink comp="447" pin=2"/></net>

<net id="456"><net_src comp="18" pin="0"/><net_sink comp="447" pin=3"/></net>

<net id="463"><net_src comp="20" pin="0"/><net_sink comp="457" pin=0"/></net>

<net id="464"><net_src comp="406" pin="2"/><net_sink comp="457" pin=1"/></net>

<net id="465"><net_src comp="16" pin="0"/><net_sink comp="457" pin=2"/></net>

<net id="466"><net_src comp="22" pin="0"/><net_sink comp="457" pin=3"/></net>

<net id="473"><net_src comp="6" pin="0"/><net_sink comp="467" pin=0"/></net>

<net id="474"><net_src comp="406" pin="2"/><net_sink comp="467" pin=1"/></net>

<net id="475"><net_src comp="24" pin="0"/><net_sink comp="467" pin=2"/></net>

<net id="476"><net_src comp="26" pin="0"/><net_sink comp="467" pin=3"/></net>

<net id="483"><net_src comp="20" pin="0"/><net_sink comp="477" pin=0"/></net>

<net id="484"><net_src comp="406" pin="2"/><net_sink comp="477" pin=1"/></net>

<net id="485"><net_src comp="24" pin="0"/><net_sink comp="477" pin=2"/></net>

<net id="486"><net_src comp="28" pin="0"/><net_sink comp="477" pin=3"/></net>

<net id="493"><net_src comp="6" pin="0"/><net_sink comp="487" pin=0"/></net>

<net id="494"><net_src comp="406" pin="2"/><net_sink comp="487" pin=1"/></net>

<net id="495"><net_src comp="30" pin="0"/><net_sink comp="487" pin=2"/></net>

<net id="496"><net_src comp="32" pin="0"/><net_sink comp="487" pin=3"/></net>

<net id="503"><net_src comp="20" pin="0"/><net_sink comp="497" pin=0"/></net>

<net id="504"><net_src comp="406" pin="2"/><net_sink comp="497" pin=1"/></net>

<net id="505"><net_src comp="30" pin="0"/><net_sink comp="497" pin=2"/></net>

<net id="506"><net_src comp="34" pin="0"/><net_sink comp="497" pin=3"/></net>

<net id="513"><net_src comp="6" pin="0"/><net_sink comp="507" pin=0"/></net>

<net id="514"><net_src comp="406" pin="2"/><net_sink comp="507" pin=1"/></net>

<net id="515"><net_src comp="36" pin="0"/><net_sink comp="507" pin=2"/></net>

<net id="516"><net_src comp="38" pin="0"/><net_sink comp="507" pin=3"/></net>

<net id="523"><net_src comp="20" pin="0"/><net_sink comp="517" pin=0"/></net>

<net id="524"><net_src comp="406" pin="2"/><net_sink comp="517" pin=1"/></net>

<net id="525"><net_src comp="36" pin="0"/><net_sink comp="517" pin=2"/></net>

<net id="526"><net_src comp="40" pin="0"/><net_sink comp="517" pin=3"/></net>

<net id="533"><net_src comp="6" pin="0"/><net_sink comp="527" pin=0"/></net>

<net id="534"><net_src comp="406" pin="2"/><net_sink comp="527" pin=1"/></net>

<net id="535"><net_src comp="42" pin="0"/><net_sink comp="527" pin=2"/></net>

<net id="536"><net_src comp="44" pin="0"/><net_sink comp="527" pin=3"/></net>

<net id="543"><net_src comp="20" pin="0"/><net_sink comp="537" pin=0"/></net>

<net id="544"><net_src comp="406" pin="2"/><net_sink comp="537" pin=1"/></net>

<net id="545"><net_src comp="42" pin="0"/><net_sink comp="537" pin=2"/></net>

<net id="546"><net_src comp="46" pin="0"/><net_sink comp="537" pin=3"/></net>

<net id="553"><net_src comp="6" pin="0"/><net_sink comp="547" pin=0"/></net>

<net id="554"><net_src comp="406" pin="2"/><net_sink comp="547" pin=1"/></net>

<net id="555"><net_src comp="48" pin="0"/><net_sink comp="547" pin=2"/></net>

<net id="556"><net_src comp="50" pin="0"/><net_sink comp="547" pin=3"/></net>

<net id="563"><net_src comp="20" pin="0"/><net_sink comp="557" pin=0"/></net>

<net id="564"><net_src comp="406" pin="2"/><net_sink comp="557" pin=1"/></net>

<net id="565"><net_src comp="48" pin="0"/><net_sink comp="557" pin=2"/></net>

<net id="566"><net_src comp="52" pin="0"/><net_sink comp="557" pin=3"/></net>

<net id="573"><net_src comp="6" pin="0"/><net_sink comp="567" pin=0"/></net>

<net id="574"><net_src comp="406" pin="2"/><net_sink comp="567" pin=1"/></net>

<net id="575"><net_src comp="54" pin="0"/><net_sink comp="567" pin=2"/></net>

<net id="576"><net_src comp="56" pin="0"/><net_sink comp="567" pin=3"/></net>

<net id="583"><net_src comp="20" pin="0"/><net_sink comp="577" pin=0"/></net>

<net id="584"><net_src comp="406" pin="2"/><net_sink comp="577" pin=1"/></net>

<net id="585"><net_src comp="54" pin="0"/><net_sink comp="577" pin=2"/></net>

<net id="586"><net_src comp="58" pin="0"/><net_sink comp="577" pin=3"/></net>

<net id="593"><net_src comp="6" pin="0"/><net_sink comp="587" pin=0"/></net>

<net id="594"><net_src comp="406" pin="2"/><net_sink comp="587" pin=1"/></net>

<net id="595"><net_src comp="60" pin="0"/><net_sink comp="587" pin=2"/></net>

<net id="596"><net_src comp="62" pin="0"/><net_sink comp="587" pin=3"/></net>

<net id="603"><net_src comp="20" pin="0"/><net_sink comp="597" pin=0"/></net>

<net id="604"><net_src comp="406" pin="2"/><net_sink comp="597" pin=1"/></net>

<net id="605"><net_src comp="60" pin="0"/><net_sink comp="597" pin=2"/></net>

<net id="606"><net_src comp="64" pin="0"/><net_sink comp="597" pin=3"/></net>

<net id="613"><net_src comp="6" pin="0"/><net_sink comp="607" pin=0"/></net>

<net id="614"><net_src comp="406" pin="2"/><net_sink comp="607" pin=1"/></net>

<net id="615"><net_src comp="66" pin="0"/><net_sink comp="607" pin=2"/></net>

<net id="616"><net_src comp="68" pin="0"/><net_sink comp="607" pin=3"/></net>

<net id="623"><net_src comp="20" pin="0"/><net_sink comp="617" pin=0"/></net>

<net id="624"><net_src comp="406" pin="2"/><net_sink comp="617" pin=1"/></net>

<net id="625"><net_src comp="66" pin="0"/><net_sink comp="617" pin=2"/></net>

<net id="626"><net_src comp="70" pin="0"/><net_sink comp="617" pin=3"/></net>

<net id="633"><net_src comp="6" pin="0"/><net_sink comp="627" pin=0"/></net>

<net id="634"><net_src comp="406" pin="2"/><net_sink comp="627" pin=1"/></net>

<net id="635"><net_src comp="72" pin="0"/><net_sink comp="627" pin=2"/></net>

<net id="636"><net_src comp="74" pin="0"/><net_sink comp="627" pin=3"/></net>

<net id="643"><net_src comp="20" pin="0"/><net_sink comp="637" pin=0"/></net>

<net id="644"><net_src comp="406" pin="2"/><net_sink comp="637" pin=1"/></net>

<net id="645"><net_src comp="72" pin="0"/><net_sink comp="637" pin=2"/></net>

<net id="646"><net_src comp="76" pin="0"/><net_sink comp="637" pin=3"/></net>

<net id="653"><net_src comp="6" pin="0"/><net_sink comp="647" pin=0"/></net>

<net id="654"><net_src comp="406" pin="2"/><net_sink comp="647" pin=1"/></net>

<net id="655"><net_src comp="78" pin="0"/><net_sink comp="647" pin=2"/></net>

<net id="656"><net_src comp="80" pin="0"/><net_sink comp="647" pin=3"/></net>

<net id="663"><net_src comp="20" pin="0"/><net_sink comp="657" pin=0"/></net>

<net id="664"><net_src comp="406" pin="2"/><net_sink comp="657" pin=1"/></net>

<net id="665"><net_src comp="78" pin="0"/><net_sink comp="657" pin=2"/></net>

<net id="666"><net_src comp="82" pin="0"/><net_sink comp="657" pin=3"/></net>

<net id="673"><net_src comp="6" pin="0"/><net_sink comp="667" pin=0"/></net>

<net id="674"><net_src comp="406" pin="2"/><net_sink comp="667" pin=1"/></net>

<net id="675"><net_src comp="84" pin="0"/><net_sink comp="667" pin=2"/></net>

<net id="676"><net_src comp="86" pin="0"/><net_sink comp="667" pin=3"/></net>

<net id="683"><net_src comp="20" pin="0"/><net_sink comp="677" pin=0"/></net>

<net id="684"><net_src comp="406" pin="2"/><net_sink comp="677" pin=1"/></net>

<net id="685"><net_src comp="84" pin="0"/><net_sink comp="677" pin=2"/></net>

<net id="686"><net_src comp="88" pin="0"/><net_sink comp="677" pin=3"/></net>

<net id="693"><net_src comp="6" pin="0"/><net_sink comp="687" pin=0"/></net>

<net id="694"><net_src comp="406" pin="2"/><net_sink comp="687" pin=1"/></net>

<net id="695"><net_src comp="90" pin="0"/><net_sink comp="687" pin=2"/></net>

<net id="696"><net_src comp="92" pin="0"/><net_sink comp="687" pin=3"/></net>

<net id="703"><net_src comp="20" pin="0"/><net_sink comp="697" pin=0"/></net>

<net id="704"><net_src comp="406" pin="2"/><net_sink comp="697" pin=1"/></net>

<net id="705"><net_src comp="90" pin="0"/><net_sink comp="697" pin=2"/></net>

<net id="706"><net_src comp="94" pin="0"/><net_sink comp="697" pin=3"/></net>

<net id="713"><net_src comp="6" pin="0"/><net_sink comp="707" pin=0"/></net>

<net id="714"><net_src comp="406" pin="2"/><net_sink comp="707" pin=1"/></net>

<net id="715"><net_src comp="96" pin="0"/><net_sink comp="707" pin=2"/></net>

<net id="716"><net_src comp="98" pin="0"/><net_sink comp="707" pin=3"/></net>

<net id="723"><net_src comp="20" pin="0"/><net_sink comp="717" pin=0"/></net>

<net id="724"><net_src comp="406" pin="2"/><net_sink comp="717" pin=1"/></net>

<net id="725"><net_src comp="96" pin="0"/><net_sink comp="717" pin=2"/></net>

<net id="726"><net_src comp="100" pin="0"/><net_sink comp="717" pin=3"/></net>

<net id="733"><net_src comp="6" pin="0"/><net_sink comp="727" pin=0"/></net>

<net id="734"><net_src comp="406" pin="2"/><net_sink comp="727" pin=1"/></net>

<net id="735"><net_src comp="102" pin="0"/><net_sink comp="727" pin=2"/></net>

<net id="736"><net_src comp="104" pin="0"/><net_sink comp="727" pin=3"/></net>

<net id="743"><net_src comp="20" pin="0"/><net_sink comp="737" pin=0"/></net>

<net id="744"><net_src comp="406" pin="2"/><net_sink comp="737" pin=1"/></net>

<net id="745"><net_src comp="102" pin="0"/><net_sink comp="737" pin=2"/></net>

<net id="746"><net_src comp="106" pin="0"/><net_sink comp="737" pin=3"/></net>

<net id="753"><net_src comp="6" pin="0"/><net_sink comp="747" pin=0"/></net>

<net id="754"><net_src comp="406" pin="2"/><net_sink comp="747" pin=1"/></net>

<net id="755"><net_src comp="108" pin="0"/><net_sink comp="747" pin=2"/></net>

<net id="756"><net_src comp="110" pin="0"/><net_sink comp="747" pin=3"/></net>

<net id="763"><net_src comp="20" pin="0"/><net_sink comp="757" pin=0"/></net>

<net id="764"><net_src comp="406" pin="2"/><net_sink comp="757" pin=1"/></net>

<net id="765"><net_src comp="108" pin="0"/><net_sink comp="757" pin=2"/></net>

<net id="766"><net_src comp="112" pin="0"/><net_sink comp="757" pin=3"/></net>

<net id="773"><net_src comp="6" pin="0"/><net_sink comp="767" pin=0"/></net>

<net id="774"><net_src comp="406" pin="2"/><net_sink comp="767" pin=1"/></net>

<net id="775"><net_src comp="114" pin="0"/><net_sink comp="767" pin=2"/></net>

<net id="776"><net_src comp="116" pin="0"/><net_sink comp="767" pin=3"/></net>

<net id="783"><net_src comp="20" pin="0"/><net_sink comp="777" pin=0"/></net>

<net id="784"><net_src comp="406" pin="2"/><net_sink comp="777" pin=1"/></net>

<net id="785"><net_src comp="114" pin="0"/><net_sink comp="777" pin=2"/></net>

<net id="786"><net_src comp="118" pin="0"/><net_sink comp="777" pin=3"/></net>

<net id="793"><net_src comp="6" pin="0"/><net_sink comp="787" pin=0"/></net>

<net id="794"><net_src comp="406" pin="2"/><net_sink comp="787" pin=1"/></net>

<net id="795"><net_src comp="120" pin="0"/><net_sink comp="787" pin=2"/></net>

<net id="796"><net_src comp="122" pin="0"/><net_sink comp="787" pin=3"/></net>

<net id="803"><net_src comp="20" pin="0"/><net_sink comp="797" pin=0"/></net>

<net id="804"><net_src comp="406" pin="2"/><net_sink comp="797" pin=1"/></net>

<net id="805"><net_src comp="120" pin="0"/><net_sink comp="797" pin=2"/></net>

<net id="806"><net_src comp="124" pin="0"/><net_sink comp="797" pin=3"/></net>

<net id="813"><net_src comp="6" pin="0"/><net_sink comp="807" pin=0"/></net>

<net id="814"><net_src comp="406" pin="2"/><net_sink comp="807" pin=1"/></net>

<net id="815"><net_src comp="126" pin="0"/><net_sink comp="807" pin=2"/></net>

<net id="816"><net_src comp="128" pin="0"/><net_sink comp="807" pin=3"/></net>

<net id="823"><net_src comp="20" pin="0"/><net_sink comp="817" pin=0"/></net>

<net id="824"><net_src comp="406" pin="2"/><net_sink comp="817" pin=1"/></net>

<net id="825"><net_src comp="126" pin="0"/><net_sink comp="817" pin=2"/></net>

<net id="826"><net_src comp="130" pin="0"/><net_sink comp="817" pin=3"/></net>

<net id="833"><net_src comp="6" pin="0"/><net_sink comp="827" pin=0"/></net>

<net id="834"><net_src comp="406" pin="2"/><net_sink comp="827" pin=1"/></net>

<net id="835"><net_src comp="132" pin="0"/><net_sink comp="827" pin=2"/></net>

<net id="836"><net_src comp="134" pin="0"/><net_sink comp="827" pin=3"/></net>

<net id="843"><net_src comp="20" pin="0"/><net_sink comp="837" pin=0"/></net>

<net id="844"><net_src comp="406" pin="2"/><net_sink comp="837" pin=1"/></net>

<net id="845"><net_src comp="132" pin="0"/><net_sink comp="837" pin=2"/></net>

<net id="846"><net_src comp="136" pin="0"/><net_sink comp="837" pin=3"/></net>

<net id="853"><net_src comp="6" pin="0"/><net_sink comp="847" pin=0"/></net>

<net id="854"><net_src comp="406" pin="2"/><net_sink comp="847" pin=1"/></net>

<net id="855"><net_src comp="138" pin="0"/><net_sink comp="847" pin=2"/></net>

<net id="856"><net_src comp="140" pin="0"/><net_sink comp="847" pin=3"/></net>

<net id="863"><net_src comp="20" pin="0"/><net_sink comp="857" pin=0"/></net>

<net id="864"><net_src comp="406" pin="2"/><net_sink comp="857" pin=1"/></net>

<net id="865"><net_src comp="138" pin="0"/><net_sink comp="857" pin=2"/></net>

<net id="866"><net_src comp="142" pin="0"/><net_sink comp="857" pin=3"/></net>

<net id="873"><net_src comp="6" pin="0"/><net_sink comp="867" pin=0"/></net>

<net id="874"><net_src comp="406" pin="2"/><net_sink comp="867" pin=1"/></net>

<net id="875"><net_src comp="144" pin="0"/><net_sink comp="867" pin=2"/></net>

<net id="876"><net_src comp="146" pin="0"/><net_sink comp="867" pin=3"/></net>

<net id="883"><net_src comp="20" pin="0"/><net_sink comp="877" pin=0"/></net>

<net id="884"><net_src comp="406" pin="2"/><net_sink comp="877" pin=1"/></net>

<net id="885"><net_src comp="144" pin="0"/><net_sink comp="877" pin=2"/></net>

<net id="886"><net_src comp="148" pin="0"/><net_sink comp="877" pin=3"/></net>

<net id="893"><net_src comp="6" pin="0"/><net_sink comp="887" pin=0"/></net>

<net id="894"><net_src comp="406" pin="2"/><net_sink comp="887" pin=1"/></net>

<net id="895"><net_src comp="150" pin="0"/><net_sink comp="887" pin=2"/></net>

<net id="896"><net_src comp="152" pin="0"/><net_sink comp="887" pin=3"/></net>

<net id="903"><net_src comp="20" pin="0"/><net_sink comp="897" pin=0"/></net>

<net id="904"><net_src comp="406" pin="2"/><net_sink comp="897" pin=1"/></net>

<net id="905"><net_src comp="150" pin="0"/><net_sink comp="897" pin=2"/></net>

<net id="906"><net_src comp="154" pin="0"/><net_sink comp="897" pin=3"/></net>

<net id="913"><net_src comp="6" pin="0"/><net_sink comp="907" pin=0"/></net>

<net id="914"><net_src comp="406" pin="2"/><net_sink comp="907" pin=1"/></net>

<net id="915"><net_src comp="156" pin="0"/><net_sink comp="907" pin=2"/></net>

<net id="916"><net_src comp="158" pin="0"/><net_sink comp="907" pin=3"/></net>

<net id="923"><net_src comp="20" pin="0"/><net_sink comp="917" pin=0"/></net>

<net id="924"><net_src comp="406" pin="2"/><net_sink comp="917" pin=1"/></net>

<net id="925"><net_src comp="156" pin="0"/><net_sink comp="917" pin=2"/></net>

<net id="926"><net_src comp="160" pin="0"/><net_sink comp="917" pin=3"/></net>

<net id="933"><net_src comp="6" pin="0"/><net_sink comp="927" pin=0"/></net>

<net id="934"><net_src comp="406" pin="2"/><net_sink comp="927" pin=1"/></net>

<net id="935"><net_src comp="162" pin="0"/><net_sink comp="927" pin=2"/></net>

<net id="936"><net_src comp="164" pin="0"/><net_sink comp="927" pin=3"/></net>

<net id="943"><net_src comp="20" pin="0"/><net_sink comp="937" pin=0"/></net>

<net id="944"><net_src comp="406" pin="2"/><net_sink comp="937" pin=1"/></net>

<net id="945"><net_src comp="162" pin="0"/><net_sink comp="937" pin=2"/></net>

<net id="946"><net_src comp="166" pin="0"/><net_sink comp="937" pin=3"/></net>

<net id="953"><net_src comp="6" pin="0"/><net_sink comp="947" pin=0"/></net>

<net id="954"><net_src comp="406" pin="2"/><net_sink comp="947" pin=1"/></net>

<net id="955"><net_src comp="168" pin="0"/><net_sink comp="947" pin=2"/></net>

<net id="956"><net_src comp="170" pin="0"/><net_sink comp="947" pin=3"/></net>

<net id="963"><net_src comp="20" pin="0"/><net_sink comp="957" pin=0"/></net>

<net id="964"><net_src comp="406" pin="2"/><net_sink comp="957" pin=1"/></net>

<net id="965"><net_src comp="168" pin="0"/><net_sink comp="957" pin=2"/></net>

<net id="966"><net_src comp="172" pin="0"/><net_sink comp="957" pin=3"/></net>

<net id="973"><net_src comp="6" pin="0"/><net_sink comp="967" pin=0"/></net>

<net id="974"><net_src comp="406" pin="2"/><net_sink comp="967" pin=1"/></net>

<net id="975"><net_src comp="174" pin="0"/><net_sink comp="967" pin=2"/></net>

<net id="976"><net_src comp="176" pin="0"/><net_sink comp="967" pin=3"/></net>

<net id="983"><net_src comp="20" pin="0"/><net_sink comp="977" pin=0"/></net>

<net id="984"><net_src comp="406" pin="2"/><net_sink comp="977" pin=1"/></net>

<net id="985"><net_src comp="174" pin="0"/><net_sink comp="977" pin=2"/></net>

<net id="986"><net_src comp="178" pin="0"/><net_sink comp="977" pin=3"/></net>

<net id="993"><net_src comp="6" pin="0"/><net_sink comp="987" pin=0"/></net>

<net id="994"><net_src comp="406" pin="2"/><net_sink comp="987" pin=1"/></net>

<net id="995"><net_src comp="180" pin="0"/><net_sink comp="987" pin=2"/></net>

<net id="996"><net_src comp="182" pin="0"/><net_sink comp="987" pin=3"/></net>

<net id="1003"><net_src comp="20" pin="0"/><net_sink comp="997" pin=0"/></net>

<net id="1004"><net_src comp="406" pin="2"/><net_sink comp="997" pin=1"/></net>

<net id="1005"><net_src comp="180" pin="0"/><net_sink comp="997" pin=2"/></net>

<net id="1006"><net_src comp="184" pin="0"/><net_sink comp="997" pin=3"/></net>

<net id="1013"><net_src comp="6" pin="0"/><net_sink comp="1007" pin=0"/></net>

<net id="1014"><net_src comp="406" pin="2"/><net_sink comp="1007" pin=1"/></net>

<net id="1015"><net_src comp="186" pin="0"/><net_sink comp="1007" pin=2"/></net>

<net id="1016"><net_src comp="188" pin="0"/><net_sink comp="1007" pin=3"/></net>

<net id="1023"><net_src comp="20" pin="0"/><net_sink comp="1017" pin=0"/></net>

<net id="1024"><net_src comp="406" pin="2"/><net_sink comp="1017" pin=1"/></net>

<net id="1025"><net_src comp="186" pin="0"/><net_sink comp="1017" pin=2"/></net>

<net id="1026"><net_src comp="190" pin="0"/><net_sink comp="1017" pin=3"/></net>

<net id="1033"><net_src comp="6" pin="0"/><net_sink comp="1027" pin=0"/></net>

<net id="1034"><net_src comp="406" pin="2"/><net_sink comp="1027" pin=1"/></net>

<net id="1035"><net_src comp="192" pin="0"/><net_sink comp="1027" pin=2"/></net>

<net id="1036"><net_src comp="194" pin="0"/><net_sink comp="1027" pin=3"/></net>

<net id="1043"><net_src comp="20" pin="0"/><net_sink comp="1037" pin=0"/></net>

<net id="1044"><net_src comp="406" pin="2"/><net_sink comp="1037" pin=1"/></net>

<net id="1045"><net_src comp="192" pin="0"/><net_sink comp="1037" pin=2"/></net>

<net id="1046"><net_src comp="196" pin="0"/><net_sink comp="1037" pin=3"/></net>

<net id="1053"><net_src comp="6" pin="0"/><net_sink comp="1047" pin=0"/></net>

<net id="1054"><net_src comp="406" pin="2"/><net_sink comp="1047" pin=1"/></net>

<net id="1055"><net_src comp="198" pin="0"/><net_sink comp="1047" pin=2"/></net>

<net id="1056"><net_src comp="200" pin="0"/><net_sink comp="1047" pin=3"/></net>

<net id="1063"><net_src comp="20" pin="0"/><net_sink comp="1057" pin=0"/></net>

<net id="1064"><net_src comp="406" pin="2"/><net_sink comp="1057" pin=1"/></net>

<net id="1065"><net_src comp="198" pin="0"/><net_sink comp="1057" pin=2"/></net>

<net id="1066"><net_src comp="202" pin="0"/><net_sink comp="1057" pin=3"/></net>

<net id="1073"><net_src comp="6" pin="0"/><net_sink comp="1067" pin=0"/></net>

<net id="1074"><net_src comp="406" pin="2"/><net_sink comp="1067" pin=1"/></net>

<net id="1075"><net_src comp="204" pin="0"/><net_sink comp="1067" pin=2"/></net>

<net id="1076"><net_src comp="206" pin="0"/><net_sink comp="1067" pin=3"/></net>

<net id="1083"><net_src comp="20" pin="0"/><net_sink comp="1077" pin=0"/></net>

<net id="1084"><net_src comp="406" pin="2"/><net_sink comp="1077" pin=1"/></net>

<net id="1085"><net_src comp="204" pin="0"/><net_sink comp="1077" pin=2"/></net>

<net id="1086"><net_src comp="208" pin="0"/><net_sink comp="1077" pin=3"/></net>

<net id="1093"><net_src comp="6" pin="0"/><net_sink comp="1087" pin=0"/></net>

<net id="1094"><net_src comp="406" pin="2"/><net_sink comp="1087" pin=1"/></net>

<net id="1095"><net_src comp="210" pin="0"/><net_sink comp="1087" pin=2"/></net>

<net id="1096"><net_src comp="212" pin="0"/><net_sink comp="1087" pin=3"/></net>

<net id="1103"><net_src comp="20" pin="0"/><net_sink comp="1097" pin=0"/></net>

<net id="1104"><net_src comp="406" pin="2"/><net_sink comp="1097" pin=1"/></net>

<net id="1105"><net_src comp="210" pin="0"/><net_sink comp="1097" pin=2"/></net>

<net id="1106"><net_src comp="214" pin="0"/><net_sink comp="1097" pin=3"/></net>

<net id="1113"><net_src comp="6" pin="0"/><net_sink comp="1107" pin=0"/></net>

<net id="1114"><net_src comp="406" pin="2"/><net_sink comp="1107" pin=1"/></net>

<net id="1115"><net_src comp="216" pin="0"/><net_sink comp="1107" pin=2"/></net>

<net id="1116"><net_src comp="218" pin="0"/><net_sink comp="1107" pin=3"/></net>

<net id="1123"><net_src comp="20" pin="0"/><net_sink comp="1117" pin=0"/></net>

<net id="1124"><net_src comp="406" pin="2"/><net_sink comp="1117" pin=1"/></net>

<net id="1125"><net_src comp="216" pin="0"/><net_sink comp="1117" pin=2"/></net>

<net id="1126"><net_src comp="220" pin="0"/><net_sink comp="1117" pin=3"/></net>

<net id="1133"><net_src comp="6" pin="0"/><net_sink comp="1127" pin=0"/></net>

<net id="1134"><net_src comp="406" pin="2"/><net_sink comp="1127" pin=1"/></net>

<net id="1135"><net_src comp="222" pin="0"/><net_sink comp="1127" pin=2"/></net>

<net id="1136"><net_src comp="224" pin="0"/><net_sink comp="1127" pin=3"/></net>

<net id="1143"><net_src comp="20" pin="0"/><net_sink comp="1137" pin=0"/></net>

<net id="1144"><net_src comp="406" pin="2"/><net_sink comp="1137" pin=1"/></net>

<net id="1145"><net_src comp="222" pin="0"/><net_sink comp="1137" pin=2"/></net>

<net id="1146"><net_src comp="226" pin="0"/><net_sink comp="1137" pin=3"/></net>

<net id="1153"><net_src comp="6" pin="0"/><net_sink comp="1147" pin=0"/></net>

<net id="1154"><net_src comp="406" pin="2"/><net_sink comp="1147" pin=1"/></net>

<net id="1155"><net_src comp="228" pin="0"/><net_sink comp="1147" pin=2"/></net>

<net id="1156"><net_src comp="230" pin="0"/><net_sink comp="1147" pin=3"/></net>

<net id="1163"><net_src comp="20" pin="0"/><net_sink comp="1157" pin=0"/></net>

<net id="1164"><net_src comp="406" pin="2"/><net_sink comp="1157" pin=1"/></net>

<net id="1165"><net_src comp="228" pin="0"/><net_sink comp="1157" pin=2"/></net>

<net id="1166"><net_src comp="232" pin="0"/><net_sink comp="1157" pin=3"/></net>

<net id="1173"><net_src comp="6" pin="0"/><net_sink comp="1167" pin=0"/></net>

<net id="1174"><net_src comp="406" pin="2"/><net_sink comp="1167" pin=1"/></net>

<net id="1175"><net_src comp="234" pin="0"/><net_sink comp="1167" pin=2"/></net>

<net id="1176"><net_src comp="236" pin="0"/><net_sink comp="1167" pin=3"/></net>

<net id="1183"><net_src comp="20" pin="0"/><net_sink comp="1177" pin=0"/></net>

<net id="1184"><net_src comp="406" pin="2"/><net_sink comp="1177" pin=1"/></net>

<net id="1185"><net_src comp="234" pin="0"/><net_sink comp="1177" pin=2"/></net>

<net id="1186"><net_src comp="238" pin="0"/><net_sink comp="1177" pin=3"/></net>

<net id="1193"><net_src comp="6" pin="0"/><net_sink comp="1187" pin=0"/></net>

<net id="1194"><net_src comp="406" pin="2"/><net_sink comp="1187" pin=1"/></net>

<net id="1195"><net_src comp="240" pin="0"/><net_sink comp="1187" pin=2"/></net>

<net id="1196"><net_src comp="242" pin="0"/><net_sink comp="1187" pin=3"/></net>

<net id="1203"><net_src comp="20" pin="0"/><net_sink comp="1197" pin=0"/></net>

<net id="1204"><net_src comp="406" pin="2"/><net_sink comp="1197" pin=1"/></net>

<net id="1205"><net_src comp="240" pin="0"/><net_sink comp="1197" pin=2"/></net>

<net id="1206"><net_src comp="244" pin="0"/><net_sink comp="1197" pin=3"/></net>

<net id="1213"><net_src comp="6" pin="0"/><net_sink comp="1207" pin=0"/></net>

<net id="1214"><net_src comp="406" pin="2"/><net_sink comp="1207" pin=1"/></net>

<net id="1215"><net_src comp="246" pin="0"/><net_sink comp="1207" pin=2"/></net>

<net id="1216"><net_src comp="248" pin="0"/><net_sink comp="1207" pin=3"/></net>

<net id="1223"><net_src comp="20" pin="0"/><net_sink comp="1217" pin=0"/></net>

<net id="1224"><net_src comp="406" pin="2"/><net_sink comp="1217" pin=1"/></net>

<net id="1225"><net_src comp="246" pin="0"/><net_sink comp="1217" pin=2"/></net>

<net id="1226"><net_src comp="250" pin="0"/><net_sink comp="1217" pin=3"/></net>

<net id="1233"><net_src comp="6" pin="0"/><net_sink comp="1227" pin=0"/></net>

<net id="1234"><net_src comp="406" pin="2"/><net_sink comp="1227" pin=1"/></net>

<net id="1235"><net_src comp="252" pin="0"/><net_sink comp="1227" pin=2"/></net>

<net id="1236"><net_src comp="254" pin="0"/><net_sink comp="1227" pin=3"/></net>

<net id="1243"><net_src comp="20" pin="0"/><net_sink comp="1237" pin=0"/></net>

<net id="1244"><net_src comp="406" pin="2"/><net_sink comp="1237" pin=1"/></net>

<net id="1245"><net_src comp="252" pin="0"/><net_sink comp="1237" pin=2"/></net>

<net id="1246"><net_src comp="256" pin="0"/><net_sink comp="1237" pin=3"/></net>

<net id="1253"><net_src comp="6" pin="0"/><net_sink comp="1247" pin=0"/></net>

<net id="1254"><net_src comp="406" pin="2"/><net_sink comp="1247" pin=1"/></net>

<net id="1255"><net_src comp="258" pin="0"/><net_sink comp="1247" pin=2"/></net>

<net id="1256"><net_src comp="260" pin="0"/><net_sink comp="1247" pin=3"/></net>

<net id="1263"><net_src comp="20" pin="0"/><net_sink comp="1257" pin=0"/></net>

<net id="1264"><net_src comp="406" pin="2"/><net_sink comp="1257" pin=1"/></net>

<net id="1265"><net_src comp="258" pin="0"/><net_sink comp="1257" pin=2"/></net>

<net id="1266"><net_src comp="262" pin="0"/><net_sink comp="1257" pin=3"/></net>

<net id="1273"><net_src comp="6" pin="0"/><net_sink comp="1267" pin=0"/></net>

<net id="1274"><net_src comp="406" pin="2"/><net_sink comp="1267" pin=1"/></net>

<net id="1275"><net_src comp="264" pin="0"/><net_sink comp="1267" pin=2"/></net>

<net id="1276"><net_src comp="266" pin="0"/><net_sink comp="1267" pin=3"/></net>

<net id="1283"><net_src comp="20" pin="0"/><net_sink comp="1277" pin=0"/></net>

<net id="1284"><net_src comp="406" pin="2"/><net_sink comp="1277" pin=1"/></net>

<net id="1285"><net_src comp="264" pin="0"/><net_sink comp="1277" pin=2"/></net>

<net id="1286"><net_src comp="268" pin="0"/><net_sink comp="1277" pin=3"/></net>

<net id="1293"><net_src comp="6" pin="0"/><net_sink comp="1287" pin=0"/></net>

<net id="1294"><net_src comp="406" pin="2"/><net_sink comp="1287" pin=1"/></net>

<net id="1295"><net_src comp="270" pin="0"/><net_sink comp="1287" pin=2"/></net>

<net id="1296"><net_src comp="272" pin="0"/><net_sink comp="1287" pin=3"/></net>

<net id="1303"><net_src comp="20" pin="0"/><net_sink comp="1297" pin=0"/></net>

<net id="1304"><net_src comp="406" pin="2"/><net_sink comp="1297" pin=1"/></net>

<net id="1305"><net_src comp="270" pin="0"/><net_sink comp="1297" pin=2"/></net>

<net id="1306"><net_src comp="274" pin="0"/><net_sink comp="1297" pin=3"/></net>

<net id="1313"><net_src comp="6" pin="0"/><net_sink comp="1307" pin=0"/></net>

<net id="1314"><net_src comp="406" pin="2"/><net_sink comp="1307" pin=1"/></net>

<net id="1315"><net_src comp="276" pin="0"/><net_sink comp="1307" pin=2"/></net>

<net id="1316"><net_src comp="278" pin="0"/><net_sink comp="1307" pin=3"/></net>

<net id="1323"><net_src comp="20" pin="0"/><net_sink comp="1317" pin=0"/></net>

<net id="1324"><net_src comp="406" pin="2"/><net_sink comp="1317" pin=1"/></net>

<net id="1325"><net_src comp="276" pin="0"/><net_sink comp="1317" pin=2"/></net>

<net id="1326"><net_src comp="280" pin="0"/><net_sink comp="1317" pin=3"/></net>

<net id="1333"><net_src comp="6" pin="0"/><net_sink comp="1327" pin=0"/></net>

<net id="1334"><net_src comp="406" pin="2"/><net_sink comp="1327" pin=1"/></net>

<net id="1335"><net_src comp="282" pin="0"/><net_sink comp="1327" pin=2"/></net>

<net id="1336"><net_src comp="284" pin="0"/><net_sink comp="1327" pin=3"/></net>

<net id="1343"><net_src comp="20" pin="0"/><net_sink comp="1337" pin=0"/></net>

<net id="1344"><net_src comp="406" pin="2"/><net_sink comp="1337" pin=1"/></net>

<net id="1345"><net_src comp="282" pin="0"/><net_sink comp="1337" pin=2"/></net>

<net id="1346"><net_src comp="286" pin="0"/><net_sink comp="1337" pin=3"/></net>

<net id="1353"><net_src comp="6" pin="0"/><net_sink comp="1347" pin=0"/></net>

<net id="1354"><net_src comp="406" pin="2"/><net_sink comp="1347" pin=1"/></net>

<net id="1355"><net_src comp="288" pin="0"/><net_sink comp="1347" pin=2"/></net>

<net id="1356"><net_src comp="290" pin="0"/><net_sink comp="1347" pin=3"/></net>

<net id="1363"><net_src comp="20" pin="0"/><net_sink comp="1357" pin=0"/></net>

<net id="1364"><net_src comp="406" pin="2"/><net_sink comp="1357" pin=1"/></net>

<net id="1365"><net_src comp="288" pin="0"/><net_sink comp="1357" pin=2"/></net>

<net id="1366"><net_src comp="292" pin="0"/><net_sink comp="1357" pin=3"/></net>

<net id="1373"><net_src comp="6" pin="0"/><net_sink comp="1367" pin=0"/></net>

<net id="1374"><net_src comp="406" pin="2"/><net_sink comp="1367" pin=1"/></net>

<net id="1375"><net_src comp="294" pin="0"/><net_sink comp="1367" pin=2"/></net>

<net id="1376"><net_src comp="296" pin="0"/><net_sink comp="1367" pin=3"/></net>

<net id="1383"><net_src comp="20" pin="0"/><net_sink comp="1377" pin=0"/></net>

<net id="1384"><net_src comp="406" pin="2"/><net_sink comp="1377" pin=1"/></net>

<net id="1385"><net_src comp="294" pin="0"/><net_sink comp="1377" pin=2"/></net>

<net id="1386"><net_src comp="298" pin="0"/><net_sink comp="1377" pin=3"/></net>

<net id="1393"><net_src comp="6" pin="0"/><net_sink comp="1387" pin=0"/></net>

<net id="1394"><net_src comp="406" pin="2"/><net_sink comp="1387" pin=1"/></net>

<net id="1395"><net_src comp="300" pin="0"/><net_sink comp="1387" pin=2"/></net>

<net id="1396"><net_src comp="302" pin="0"/><net_sink comp="1387" pin=3"/></net>

<net id="1403"><net_src comp="20" pin="0"/><net_sink comp="1397" pin=0"/></net>

<net id="1404"><net_src comp="406" pin="2"/><net_sink comp="1397" pin=1"/></net>

<net id="1405"><net_src comp="300" pin="0"/><net_sink comp="1397" pin=2"/></net>

<net id="1406"><net_src comp="304" pin="0"/><net_sink comp="1397" pin=3"/></net>

<net id="1413"><net_src comp="6" pin="0"/><net_sink comp="1407" pin=0"/></net>

<net id="1414"><net_src comp="406" pin="2"/><net_sink comp="1407" pin=1"/></net>

<net id="1415"><net_src comp="306" pin="0"/><net_sink comp="1407" pin=2"/></net>

<net id="1416"><net_src comp="308" pin="0"/><net_sink comp="1407" pin=3"/></net>

<net id="1423"><net_src comp="20" pin="0"/><net_sink comp="1417" pin=0"/></net>

<net id="1424"><net_src comp="406" pin="2"/><net_sink comp="1417" pin=1"/></net>

<net id="1425"><net_src comp="306" pin="0"/><net_sink comp="1417" pin=2"/></net>

<net id="1426"><net_src comp="310" pin="0"/><net_sink comp="1417" pin=3"/></net>

<net id="1433"><net_src comp="6" pin="0"/><net_sink comp="1427" pin=0"/></net>

<net id="1434"><net_src comp="406" pin="2"/><net_sink comp="1427" pin=1"/></net>

<net id="1435"><net_src comp="312" pin="0"/><net_sink comp="1427" pin=2"/></net>

<net id="1436"><net_src comp="314" pin="0"/><net_sink comp="1427" pin=3"/></net>

<net id="1443"><net_src comp="20" pin="0"/><net_sink comp="1437" pin=0"/></net>

<net id="1444"><net_src comp="406" pin="2"/><net_sink comp="1437" pin=1"/></net>

<net id="1445"><net_src comp="312" pin="0"/><net_sink comp="1437" pin=2"/></net>

<net id="1446"><net_src comp="316" pin="0"/><net_sink comp="1437" pin=3"/></net>

<net id="1453"><net_src comp="6" pin="0"/><net_sink comp="1447" pin=0"/></net>

<net id="1454"><net_src comp="406" pin="2"/><net_sink comp="1447" pin=1"/></net>

<net id="1455"><net_src comp="318" pin="0"/><net_sink comp="1447" pin=2"/></net>

<net id="1456"><net_src comp="320" pin="0"/><net_sink comp="1447" pin=3"/></net>

<net id="1463"><net_src comp="20" pin="0"/><net_sink comp="1457" pin=0"/></net>

<net id="1464"><net_src comp="406" pin="2"/><net_sink comp="1457" pin=1"/></net>

<net id="1465"><net_src comp="318" pin="0"/><net_sink comp="1457" pin=2"/></net>

<net id="1466"><net_src comp="322" pin="0"/><net_sink comp="1457" pin=3"/></net>

<net id="1473"><net_src comp="6" pin="0"/><net_sink comp="1467" pin=0"/></net>

<net id="1474"><net_src comp="406" pin="2"/><net_sink comp="1467" pin=1"/></net>

<net id="1475"><net_src comp="324" pin="0"/><net_sink comp="1467" pin=2"/></net>

<net id="1476"><net_src comp="326" pin="0"/><net_sink comp="1467" pin=3"/></net>

<net id="1483"><net_src comp="20" pin="0"/><net_sink comp="1477" pin=0"/></net>

<net id="1484"><net_src comp="406" pin="2"/><net_sink comp="1477" pin=1"/></net>

<net id="1485"><net_src comp="324" pin="0"/><net_sink comp="1477" pin=2"/></net>

<net id="1486"><net_src comp="328" pin="0"/><net_sink comp="1477" pin=3"/></net>

<net id="1493"><net_src comp="6" pin="0"/><net_sink comp="1487" pin=0"/></net>

<net id="1494"><net_src comp="406" pin="2"/><net_sink comp="1487" pin=1"/></net>

<net id="1495"><net_src comp="330" pin="0"/><net_sink comp="1487" pin=2"/></net>

<net id="1496"><net_src comp="332" pin="0"/><net_sink comp="1487" pin=3"/></net>

<net id="1503"><net_src comp="20" pin="0"/><net_sink comp="1497" pin=0"/></net>

<net id="1504"><net_src comp="406" pin="2"/><net_sink comp="1497" pin=1"/></net>

<net id="1505"><net_src comp="330" pin="0"/><net_sink comp="1497" pin=2"/></net>

<net id="1506"><net_src comp="334" pin="0"/><net_sink comp="1497" pin=3"/></net>

<net id="1513"><net_src comp="6" pin="0"/><net_sink comp="1507" pin=0"/></net>

<net id="1514"><net_src comp="406" pin="2"/><net_sink comp="1507" pin=1"/></net>

<net id="1515"><net_src comp="336" pin="0"/><net_sink comp="1507" pin=2"/></net>

<net id="1516"><net_src comp="338" pin="0"/><net_sink comp="1507" pin=3"/></net>

<net id="1523"><net_src comp="20" pin="0"/><net_sink comp="1517" pin=0"/></net>

<net id="1524"><net_src comp="406" pin="2"/><net_sink comp="1517" pin=1"/></net>

<net id="1525"><net_src comp="336" pin="0"/><net_sink comp="1517" pin=2"/></net>

<net id="1526"><net_src comp="340" pin="0"/><net_sink comp="1517" pin=3"/></net>

<net id="1533"><net_src comp="6" pin="0"/><net_sink comp="1527" pin=0"/></net>

<net id="1534"><net_src comp="406" pin="2"/><net_sink comp="1527" pin=1"/></net>

<net id="1535"><net_src comp="342" pin="0"/><net_sink comp="1527" pin=2"/></net>

<net id="1536"><net_src comp="344" pin="0"/><net_sink comp="1527" pin=3"/></net>

<net id="1543"><net_src comp="20" pin="0"/><net_sink comp="1537" pin=0"/></net>

<net id="1544"><net_src comp="406" pin="2"/><net_sink comp="1537" pin=1"/></net>

<net id="1545"><net_src comp="342" pin="0"/><net_sink comp="1537" pin=2"/></net>

<net id="1546"><net_src comp="346" pin="0"/><net_sink comp="1537" pin=3"/></net>

<net id="1553"><net_src comp="6" pin="0"/><net_sink comp="1547" pin=0"/></net>

<net id="1554"><net_src comp="406" pin="2"/><net_sink comp="1547" pin=1"/></net>

<net id="1555"><net_src comp="348" pin="0"/><net_sink comp="1547" pin=2"/></net>

<net id="1556"><net_src comp="350" pin="0"/><net_sink comp="1547" pin=3"/></net>

<net id="1563"><net_src comp="20" pin="0"/><net_sink comp="1557" pin=0"/></net>

<net id="1564"><net_src comp="406" pin="2"/><net_sink comp="1557" pin=1"/></net>

<net id="1565"><net_src comp="348" pin="0"/><net_sink comp="1557" pin=2"/></net>

<net id="1566"><net_src comp="352" pin="0"/><net_sink comp="1557" pin=3"/></net>

<net id="1573"><net_src comp="6" pin="0"/><net_sink comp="1567" pin=0"/></net>

<net id="1574"><net_src comp="406" pin="2"/><net_sink comp="1567" pin=1"/></net>

<net id="1575"><net_src comp="354" pin="0"/><net_sink comp="1567" pin=2"/></net>

<net id="1576"><net_src comp="356" pin="0"/><net_sink comp="1567" pin=3"/></net>

<net id="1583"><net_src comp="20" pin="0"/><net_sink comp="1577" pin=0"/></net>

<net id="1584"><net_src comp="406" pin="2"/><net_sink comp="1577" pin=1"/></net>

<net id="1585"><net_src comp="354" pin="0"/><net_sink comp="1577" pin=2"/></net>

<net id="1586"><net_src comp="358" pin="0"/><net_sink comp="1577" pin=3"/></net>

<net id="1593"><net_src comp="6" pin="0"/><net_sink comp="1587" pin=0"/></net>

<net id="1594"><net_src comp="406" pin="2"/><net_sink comp="1587" pin=1"/></net>

<net id="1595"><net_src comp="360" pin="0"/><net_sink comp="1587" pin=2"/></net>

<net id="1596"><net_src comp="362" pin="0"/><net_sink comp="1587" pin=3"/></net>

<net id="1603"><net_src comp="20" pin="0"/><net_sink comp="1597" pin=0"/></net>

<net id="1604"><net_src comp="406" pin="2"/><net_sink comp="1597" pin=1"/></net>

<net id="1605"><net_src comp="360" pin="0"/><net_sink comp="1597" pin=2"/></net>

<net id="1606"><net_src comp="364" pin="0"/><net_sink comp="1597" pin=3"/></net>

<net id="1613"><net_src comp="6" pin="0"/><net_sink comp="1607" pin=0"/></net>

<net id="1614"><net_src comp="406" pin="2"/><net_sink comp="1607" pin=1"/></net>

<net id="1615"><net_src comp="366" pin="0"/><net_sink comp="1607" pin=2"/></net>

<net id="1616"><net_src comp="368" pin="0"/><net_sink comp="1607" pin=3"/></net>

<net id="1623"><net_src comp="20" pin="0"/><net_sink comp="1617" pin=0"/></net>

<net id="1624"><net_src comp="406" pin="2"/><net_sink comp="1617" pin=1"/></net>

<net id="1625"><net_src comp="366" pin="0"/><net_sink comp="1617" pin=2"/></net>

<net id="1626"><net_src comp="370" pin="0"/><net_sink comp="1617" pin=3"/></net>

<net id="1633"><net_src comp="6" pin="0"/><net_sink comp="1627" pin=0"/></net>

<net id="1634"><net_src comp="406" pin="2"/><net_sink comp="1627" pin=1"/></net>

<net id="1635"><net_src comp="372" pin="0"/><net_sink comp="1627" pin=2"/></net>

<net id="1636"><net_src comp="374" pin="0"/><net_sink comp="1627" pin=3"/></net>

<net id="1643"><net_src comp="20" pin="0"/><net_sink comp="1637" pin=0"/></net>

<net id="1644"><net_src comp="406" pin="2"/><net_sink comp="1637" pin=1"/></net>

<net id="1645"><net_src comp="372" pin="0"/><net_sink comp="1637" pin=2"/></net>

<net id="1646"><net_src comp="376" pin="0"/><net_sink comp="1637" pin=3"/></net>

<net id="1653"><net_src comp="6" pin="0"/><net_sink comp="1647" pin=0"/></net>

<net id="1654"><net_src comp="406" pin="2"/><net_sink comp="1647" pin=1"/></net>

<net id="1655"><net_src comp="378" pin="0"/><net_sink comp="1647" pin=2"/></net>

<net id="1656"><net_src comp="380" pin="0"/><net_sink comp="1647" pin=3"/></net>

<net id="1663"><net_src comp="20" pin="0"/><net_sink comp="1657" pin=0"/></net>

<net id="1664"><net_src comp="406" pin="2"/><net_sink comp="1657" pin=1"/></net>

<net id="1665"><net_src comp="378" pin="0"/><net_sink comp="1657" pin=2"/></net>

<net id="1666"><net_src comp="382" pin="0"/><net_sink comp="1657" pin=3"/></net>

<net id="1673"><net_src comp="20" pin="0"/><net_sink comp="1667" pin=0"/></net>

<net id="1674"><net_src comp="406" pin="2"/><net_sink comp="1667" pin=1"/></net>

<net id="1675"><net_src comp="8" pin="0"/><net_sink comp="1667" pin=2"/></net>

<net id="1676"><net_src comp="384" pin="0"/><net_sink comp="1667" pin=3"/></net>

<net id="1683"><net_src comp="20" pin="0"/><net_sink comp="1677" pin=0"/></net>

<net id="1684"><net_src comp="406" pin="2"/><net_sink comp="1677" pin=1"/></net>

<net id="1685"><net_src comp="12" pin="0"/><net_sink comp="1677" pin=2"/></net>

<net id="1686"><net_src comp="386" pin="0"/><net_sink comp="1677" pin=3"/></net>

<net id="1691"><net_src comp="388" pin="0"/><net_sink comp="1687" pin=1"/></net>

<net id="1697"><net_src comp="1687" pin="2"/><net_sink comp="1692" pin=0"/></net>

<net id="1698"><net_src comp="390" pin="0"/><net_sink comp="1692" pin=2"/></net>

<net id="1703"><net_src comp="388" pin="0"/><net_sink comp="1699" pin=1"/></net>

<net id="1709"><net_src comp="1699" pin="2"/><net_sink comp="1704" pin=0"/></net>

<net id="1710"><net_src comp="390" pin="0"/><net_sink comp="1704" pin=2"/></net>

<net id="1715"><net_src comp="388" pin="0"/><net_sink comp="1711" pin=1"/></net>

<net id="1721"><net_src comp="1711" pin="2"/><net_sink comp="1716" pin=0"/></net>

<net id="1722"><net_src comp="390" pin="0"/><net_sink comp="1716" pin=2"/></net>

<net id="1727"><net_src comp="388" pin="0"/><net_sink comp="1723" pin=1"/></net>

<net id="1733"><net_src comp="1723" pin="2"/><net_sink comp="1728" pin=0"/></net>

<net id="1734"><net_src comp="390" pin="0"/><net_sink comp="1728" pin=2"/></net>

<net id="1739"><net_src comp="388" pin="0"/><net_sink comp="1735" pin=1"/></net>

<net id="1745"><net_src comp="1735" pin="2"/><net_sink comp="1740" pin=0"/></net>

<net id="1746"><net_src comp="390" pin="0"/><net_sink comp="1740" pin=2"/></net>

<net id="1751"><net_src comp="388" pin="0"/><net_sink comp="1747" pin=1"/></net>

<net id="1757"><net_src comp="1747" pin="2"/><net_sink comp="1752" pin=0"/></net>

<net id="1758"><net_src comp="390" pin="0"/><net_sink comp="1752" pin=2"/></net>

<net id="1763"><net_src comp="388" pin="0"/><net_sink comp="1759" pin=1"/></net>

<net id="1769"><net_src comp="1759" pin="2"/><net_sink comp="1764" pin=0"/></net>

<net id="1770"><net_src comp="390" pin="0"/><net_sink comp="1764" pin=2"/></net>

<net id="1775"><net_src comp="388" pin="0"/><net_sink comp="1771" pin=1"/></net>

<net id="1781"><net_src comp="1771" pin="2"/><net_sink comp="1776" pin=0"/></net>

<net id="1782"><net_src comp="390" pin="0"/><net_sink comp="1776" pin=2"/></net>

<net id="1787"><net_src comp="388" pin="0"/><net_sink comp="1783" pin=1"/></net>

<net id="1793"><net_src comp="1783" pin="2"/><net_sink comp="1788" pin=0"/></net>

<net id="1794"><net_src comp="390" pin="0"/><net_sink comp="1788" pin=2"/></net>

<net id="1799"><net_src comp="388" pin="0"/><net_sink comp="1795" pin=1"/></net>

<net id="1805"><net_src comp="1795" pin="2"/><net_sink comp="1800" pin=0"/></net>

<net id="1806"><net_src comp="390" pin="0"/><net_sink comp="1800" pin=2"/></net>

<net id="1811"><net_src comp="388" pin="0"/><net_sink comp="1807" pin=1"/></net>

<net id="1817"><net_src comp="1807" pin="2"/><net_sink comp="1812" pin=0"/></net>

<net id="1818"><net_src comp="390" pin="0"/><net_sink comp="1812" pin=2"/></net>

<net id="1823"><net_src comp="388" pin="0"/><net_sink comp="1819" pin=1"/></net>

<net id="1829"><net_src comp="1819" pin="2"/><net_sink comp="1824" pin=0"/></net>

<net id="1830"><net_src comp="390" pin="0"/><net_sink comp="1824" pin=2"/></net>

<net id="1835"><net_src comp="388" pin="0"/><net_sink comp="1831" pin=1"/></net>

<net id="1841"><net_src comp="1831" pin="2"/><net_sink comp="1836" pin=0"/></net>

<net id="1842"><net_src comp="390" pin="0"/><net_sink comp="1836" pin=2"/></net>

<net id="1847"><net_src comp="388" pin="0"/><net_sink comp="1843" pin=1"/></net>

<net id="1853"><net_src comp="1843" pin="2"/><net_sink comp="1848" pin=0"/></net>

<net id="1854"><net_src comp="390" pin="0"/><net_sink comp="1848" pin=2"/></net>

<net id="1859"><net_src comp="388" pin="0"/><net_sink comp="1855" pin=1"/></net>

<net id="1865"><net_src comp="1855" pin="2"/><net_sink comp="1860" pin=0"/></net>

<net id="1866"><net_src comp="390" pin="0"/><net_sink comp="1860" pin=2"/></net>

<net id="1871"><net_src comp="388" pin="0"/><net_sink comp="1867" pin=1"/></net>

<net id="1877"><net_src comp="1867" pin="2"/><net_sink comp="1872" pin=0"/></net>

<net id="1878"><net_src comp="390" pin="0"/><net_sink comp="1872" pin=2"/></net>

<net id="1883"><net_src comp="388" pin="0"/><net_sink comp="1879" pin=1"/></net>

<net id="1889"><net_src comp="1879" pin="2"/><net_sink comp="1884" pin=0"/></net>

<net id="1890"><net_src comp="390" pin="0"/><net_sink comp="1884" pin=2"/></net>

<net id="1895"><net_src comp="388" pin="0"/><net_sink comp="1891" pin=1"/></net>

<net id="1901"><net_src comp="1891" pin="2"/><net_sink comp="1896" pin=0"/></net>

<net id="1902"><net_src comp="390" pin="0"/><net_sink comp="1896" pin=2"/></net>

<net id="1907"><net_src comp="388" pin="0"/><net_sink comp="1903" pin=1"/></net>

<net id="1913"><net_src comp="1903" pin="2"/><net_sink comp="1908" pin=0"/></net>

<net id="1914"><net_src comp="390" pin="0"/><net_sink comp="1908" pin=2"/></net>

<net id="1919"><net_src comp="388" pin="0"/><net_sink comp="1915" pin=1"/></net>

<net id="1925"><net_src comp="1915" pin="2"/><net_sink comp="1920" pin=0"/></net>

<net id="1926"><net_src comp="390" pin="0"/><net_sink comp="1920" pin=2"/></net>

<net id="1931"><net_src comp="388" pin="0"/><net_sink comp="1927" pin=1"/></net>

<net id="1937"><net_src comp="1927" pin="2"/><net_sink comp="1932" pin=0"/></net>

<net id="1938"><net_src comp="390" pin="0"/><net_sink comp="1932" pin=2"/></net>

<net id="1943"><net_src comp="388" pin="0"/><net_sink comp="1939" pin=1"/></net>

<net id="1949"><net_src comp="1939" pin="2"/><net_sink comp="1944" pin=0"/></net>

<net id="1950"><net_src comp="390" pin="0"/><net_sink comp="1944" pin=2"/></net>

<net id="1955"><net_src comp="388" pin="0"/><net_sink comp="1951" pin=1"/></net>

<net id="1961"><net_src comp="1951" pin="2"/><net_sink comp="1956" pin=0"/></net>

<net id="1962"><net_src comp="390" pin="0"/><net_sink comp="1956" pin=2"/></net>

<net id="1967"><net_src comp="388" pin="0"/><net_sink comp="1963" pin=1"/></net>

<net id="1973"><net_src comp="1963" pin="2"/><net_sink comp="1968" pin=0"/></net>

<net id="1974"><net_src comp="390" pin="0"/><net_sink comp="1968" pin=2"/></net>

<net id="1979"><net_src comp="388" pin="0"/><net_sink comp="1975" pin=1"/></net>

<net id="1985"><net_src comp="1975" pin="2"/><net_sink comp="1980" pin=0"/></net>

<net id="1986"><net_src comp="390" pin="0"/><net_sink comp="1980" pin=2"/></net>

<net id="1991"><net_src comp="388" pin="0"/><net_sink comp="1987" pin=1"/></net>

<net id="1997"><net_src comp="1987" pin="2"/><net_sink comp="1992" pin=0"/></net>

<net id="1998"><net_src comp="390" pin="0"/><net_sink comp="1992" pin=2"/></net>

<net id="2003"><net_src comp="388" pin="0"/><net_sink comp="1999" pin=1"/></net>

<net id="2009"><net_src comp="1999" pin="2"/><net_sink comp="2004" pin=0"/></net>

<net id="2010"><net_src comp="390" pin="0"/><net_sink comp="2004" pin=2"/></net>

<net id="2015"><net_src comp="388" pin="0"/><net_sink comp="2011" pin=1"/></net>

<net id="2021"><net_src comp="2011" pin="2"/><net_sink comp="2016" pin=0"/></net>

<net id="2022"><net_src comp="390" pin="0"/><net_sink comp="2016" pin=2"/></net>

<net id="2027"><net_src comp="388" pin="0"/><net_sink comp="2023" pin=1"/></net>

<net id="2033"><net_src comp="2023" pin="2"/><net_sink comp="2028" pin=0"/></net>

<net id="2034"><net_src comp="390" pin="0"/><net_sink comp="2028" pin=2"/></net>

<net id="2039"><net_src comp="388" pin="0"/><net_sink comp="2035" pin=1"/></net>

<net id="2045"><net_src comp="2035" pin="2"/><net_sink comp="2040" pin=0"/></net>

<net id="2046"><net_src comp="390" pin="0"/><net_sink comp="2040" pin=2"/></net>

<net id="2051"><net_src comp="388" pin="0"/><net_sink comp="2047" pin=1"/></net>

<net id="2057"><net_src comp="2047" pin="2"/><net_sink comp="2052" pin=0"/></net>

<net id="2058"><net_src comp="390" pin="0"/><net_sink comp="2052" pin=2"/></net>

<net id="2063"><net_src comp="388" pin="0"/><net_sink comp="2059" pin=1"/></net>

<net id="2069"><net_src comp="2059" pin="2"/><net_sink comp="2064" pin=0"/></net>

<net id="2070"><net_src comp="390" pin="0"/><net_sink comp="2064" pin=2"/></net>

<net id="2075"><net_src comp="388" pin="0"/><net_sink comp="2071" pin=1"/></net>

<net id="2081"><net_src comp="2071" pin="2"/><net_sink comp="2076" pin=0"/></net>

<net id="2082"><net_src comp="390" pin="0"/><net_sink comp="2076" pin=2"/></net>

<net id="2087"><net_src comp="388" pin="0"/><net_sink comp="2083" pin=1"/></net>

<net id="2093"><net_src comp="2083" pin="2"/><net_sink comp="2088" pin=0"/></net>

<net id="2094"><net_src comp="390" pin="0"/><net_sink comp="2088" pin=2"/></net>

<net id="2099"><net_src comp="388" pin="0"/><net_sink comp="2095" pin=1"/></net>

<net id="2105"><net_src comp="2095" pin="2"/><net_sink comp="2100" pin=0"/></net>

<net id="2106"><net_src comp="390" pin="0"/><net_sink comp="2100" pin=2"/></net>

<net id="2111"><net_src comp="388" pin="0"/><net_sink comp="2107" pin=1"/></net>

<net id="2117"><net_src comp="2107" pin="2"/><net_sink comp="2112" pin=0"/></net>

<net id="2118"><net_src comp="390" pin="0"/><net_sink comp="2112" pin=2"/></net>

<net id="2123"><net_src comp="388" pin="0"/><net_sink comp="2119" pin=1"/></net>

<net id="2129"><net_src comp="2119" pin="2"/><net_sink comp="2124" pin=0"/></net>

<net id="2130"><net_src comp="390" pin="0"/><net_sink comp="2124" pin=2"/></net>

<net id="2135"><net_src comp="388" pin="0"/><net_sink comp="2131" pin=1"/></net>

<net id="2141"><net_src comp="2131" pin="2"/><net_sink comp="2136" pin=0"/></net>

<net id="2142"><net_src comp="390" pin="0"/><net_sink comp="2136" pin=2"/></net>

<net id="2147"><net_src comp="388" pin="0"/><net_sink comp="2143" pin=1"/></net>

<net id="2153"><net_src comp="2143" pin="2"/><net_sink comp="2148" pin=0"/></net>

<net id="2154"><net_src comp="390" pin="0"/><net_sink comp="2148" pin=2"/></net>

<net id="2159"><net_src comp="388" pin="0"/><net_sink comp="2155" pin=1"/></net>

<net id="2165"><net_src comp="2155" pin="2"/><net_sink comp="2160" pin=0"/></net>

<net id="2166"><net_src comp="390" pin="0"/><net_sink comp="2160" pin=2"/></net>

<net id="2171"><net_src comp="388" pin="0"/><net_sink comp="2167" pin=1"/></net>

<net id="2177"><net_src comp="2167" pin="2"/><net_sink comp="2172" pin=0"/></net>

<net id="2178"><net_src comp="390" pin="0"/><net_sink comp="2172" pin=2"/></net>

<net id="2183"><net_src comp="388" pin="0"/><net_sink comp="2179" pin=1"/></net>

<net id="2189"><net_src comp="2179" pin="2"/><net_sink comp="2184" pin=0"/></net>

<net id="2190"><net_src comp="390" pin="0"/><net_sink comp="2184" pin=2"/></net>

<net id="2195"><net_src comp="388" pin="0"/><net_sink comp="2191" pin=1"/></net>

<net id="2201"><net_src comp="2191" pin="2"/><net_sink comp="2196" pin=0"/></net>

<net id="2202"><net_src comp="390" pin="0"/><net_sink comp="2196" pin=2"/></net>

<net id="2207"><net_src comp="388" pin="0"/><net_sink comp="2203" pin=1"/></net>

<net id="2213"><net_src comp="2203" pin="2"/><net_sink comp="2208" pin=0"/></net>

<net id="2214"><net_src comp="390" pin="0"/><net_sink comp="2208" pin=2"/></net>

<net id="2219"><net_src comp="388" pin="0"/><net_sink comp="2215" pin=1"/></net>

<net id="2225"><net_src comp="2215" pin="2"/><net_sink comp="2220" pin=0"/></net>

<net id="2226"><net_src comp="390" pin="0"/><net_sink comp="2220" pin=2"/></net>

<net id="2231"><net_src comp="388" pin="0"/><net_sink comp="2227" pin=1"/></net>

<net id="2237"><net_src comp="2227" pin="2"/><net_sink comp="2232" pin=0"/></net>

<net id="2238"><net_src comp="390" pin="0"/><net_sink comp="2232" pin=2"/></net>

<net id="2243"><net_src comp="388" pin="0"/><net_sink comp="2239" pin=1"/></net>

<net id="2249"><net_src comp="2239" pin="2"/><net_sink comp="2244" pin=0"/></net>

<net id="2250"><net_src comp="390" pin="0"/><net_sink comp="2244" pin=2"/></net>

<net id="2255"><net_src comp="388" pin="0"/><net_sink comp="2251" pin=1"/></net>

<net id="2261"><net_src comp="2251" pin="2"/><net_sink comp="2256" pin=0"/></net>

<net id="2262"><net_src comp="390" pin="0"/><net_sink comp="2256" pin=2"/></net>

<net id="2267"><net_src comp="388" pin="0"/><net_sink comp="2263" pin=1"/></net>

<net id="2273"><net_src comp="2263" pin="2"/><net_sink comp="2268" pin=0"/></net>

<net id="2274"><net_src comp="390" pin="0"/><net_sink comp="2268" pin=2"/></net>

<net id="2279"><net_src comp="388" pin="0"/><net_sink comp="2275" pin=1"/></net>

<net id="2285"><net_src comp="2275" pin="2"/><net_sink comp="2280" pin=0"/></net>

<net id="2286"><net_src comp="390" pin="0"/><net_sink comp="2280" pin=2"/></net>

<net id="2291"><net_src comp="388" pin="0"/><net_sink comp="2287" pin=1"/></net>

<net id="2297"><net_src comp="2287" pin="2"/><net_sink comp="2292" pin=0"/></net>

<net id="2298"><net_src comp="390" pin="0"/><net_sink comp="2292" pin=2"/></net>

<net id="2303"><net_src comp="388" pin="0"/><net_sink comp="2299" pin=1"/></net>

<net id="2309"><net_src comp="2299" pin="2"/><net_sink comp="2304" pin=0"/></net>

<net id="2310"><net_src comp="390" pin="0"/><net_sink comp="2304" pin=2"/></net>

<net id="2315"><net_src comp="388" pin="0"/><net_sink comp="2311" pin=1"/></net>

<net id="2321"><net_src comp="2311" pin="2"/><net_sink comp="2316" pin=0"/></net>

<net id="2322"><net_src comp="390" pin="0"/><net_sink comp="2316" pin=2"/></net>

<net id="2327"><net_src comp="388" pin="0"/><net_sink comp="2323" pin=1"/></net>

<net id="2333"><net_src comp="2323" pin="2"/><net_sink comp="2328" pin=0"/></net>

<net id="2334"><net_src comp="390" pin="0"/><net_sink comp="2328" pin=2"/></net>

<net id="2339"><net_src comp="388" pin="0"/><net_sink comp="2335" pin=1"/></net>

<net id="2345"><net_src comp="2335" pin="2"/><net_sink comp="2340" pin=0"/></net>

<net id="2346"><net_src comp="390" pin="0"/><net_sink comp="2340" pin=2"/></net>

<net id="2351"><net_src comp="388" pin="0"/><net_sink comp="2347" pin=1"/></net>

<net id="2357"><net_src comp="2347" pin="2"/><net_sink comp="2352" pin=0"/></net>

<net id="2358"><net_src comp="390" pin="0"/><net_sink comp="2352" pin=2"/></net>

<net id="2363"><net_src comp="388" pin="0"/><net_sink comp="2359" pin=1"/></net>

<net id="2369"><net_src comp="2359" pin="2"/><net_sink comp="2364" pin=0"/></net>

<net id="2370"><net_src comp="390" pin="0"/><net_sink comp="2364" pin=2"/></net>

<net id="2375"><net_src comp="388" pin="0"/><net_sink comp="2371" pin=1"/></net>

<net id="2381"><net_src comp="2371" pin="2"/><net_sink comp="2376" pin=0"/></net>

<net id="2382"><net_src comp="390" pin="0"/><net_sink comp="2376" pin=2"/></net>

<net id="2387"><net_src comp="388" pin="0"/><net_sink comp="2383" pin=1"/></net>

<net id="2393"><net_src comp="2383" pin="2"/><net_sink comp="2388" pin=0"/></net>

<net id="2394"><net_src comp="390" pin="0"/><net_sink comp="2388" pin=2"/></net>

<net id="2399"><net_src comp="388" pin="0"/><net_sink comp="2395" pin=1"/></net>

<net id="2405"><net_src comp="2395" pin="2"/><net_sink comp="2400" pin=0"/></net>

<net id="2406"><net_src comp="390" pin="0"/><net_sink comp="2400" pin=2"/></net>

<net id="2411"><net_src comp="388" pin="0"/><net_sink comp="2407" pin=1"/></net>

<net id="2417"><net_src comp="2407" pin="2"/><net_sink comp="2412" pin=0"/></net>

<net id="2418"><net_src comp="390" pin="0"/><net_sink comp="2412" pin=2"/></net>

<net id="2423"><net_src comp="388" pin="0"/><net_sink comp="2419" pin=1"/></net>

<net id="2429"><net_src comp="2419" pin="2"/><net_sink comp="2424" pin=0"/></net>

<net id="2430"><net_src comp="390" pin="0"/><net_sink comp="2424" pin=2"/></net>

<net id="2435"><net_src comp="388" pin="0"/><net_sink comp="2431" pin=1"/></net>

<net id="2441"><net_src comp="2431" pin="2"/><net_sink comp="2436" pin=0"/></net>

<net id="2442"><net_src comp="390" pin="0"/><net_sink comp="2436" pin=2"/></net>

<net id="2447"><net_src comp="388" pin="0"/><net_sink comp="2443" pin=1"/></net>

<net id="2453"><net_src comp="2443" pin="2"/><net_sink comp="2448" pin=0"/></net>

<net id="2454"><net_src comp="390" pin="0"/><net_sink comp="2448" pin=2"/></net>

<net id="2711"><net_src comp="402" pin="0"/><net_sink comp="2644" pin=0"/></net>

<net id="2712"><net_src comp="2641" pin="1"/><net_sink comp="2644" pin=2"/></net>

<net id="2713"><net_src comp="2638" pin="1"/><net_sink comp="2644" pin=3"/></net>

<net id="2714"><net_src comp="2635" pin="1"/><net_sink comp="2644" pin=4"/></net>

<net id="2715"><net_src comp="2632" pin="1"/><net_sink comp="2644" pin=5"/></net>

<net id="2716"><net_src comp="2629" pin="1"/><net_sink comp="2644" pin=6"/></net>

<net id="2717"><net_src comp="2626" pin="1"/><net_sink comp="2644" pin=7"/></net>

<net id="2718"><net_src comp="2623" pin="1"/><net_sink comp="2644" pin=8"/></net>

<net id="2719"><net_src comp="2620" pin="1"/><net_sink comp="2644" pin=9"/></net>

<net id="2720"><net_src comp="2617" pin="1"/><net_sink comp="2644" pin=10"/></net>

<net id="2721"><net_src comp="2614" pin="1"/><net_sink comp="2644" pin=11"/></net>

<net id="2722"><net_src comp="2611" pin="1"/><net_sink comp="2644" pin=12"/></net>

<net id="2723"><net_src comp="2608" pin="1"/><net_sink comp="2644" pin=13"/></net>

<net id="2724"><net_src comp="2605" pin="1"/><net_sink comp="2644" pin=14"/></net>

<net id="2725"><net_src comp="2602" pin="1"/><net_sink comp="2644" pin=15"/></net>

<net id="2726"><net_src comp="2599" pin="1"/><net_sink comp="2644" pin=16"/></net>

<net id="2727"><net_src comp="2596" pin="1"/><net_sink comp="2644" pin=17"/></net>

<net id="2728"><net_src comp="2593" pin="1"/><net_sink comp="2644" pin=18"/></net>

<net id="2729"><net_src comp="2590" pin="1"/><net_sink comp="2644" pin=19"/></net>

<net id="2730"><net_src comp="2587" pin="1"/><net_sink comp="2644" pin=20"/></net>

<net id="2731"><net_src comp="2584" pin="1"/><net_sink comp="2644" pin=21"/></net>

<net id="2732"><net_src comp="2581" pin="1"/><net_sink comp="2644" pin=22"/></net>

<net id="2733"><net_src comp="2578" pin="1"/><net_sink comp="2644" pin=23"/></net>

<net id="2734"><net_src comp="2575" pin="1"/><net_sink comp="2644" pin=24"/></net>

<net id="2735"><net_src comp="2572" pin="1"/><net_sink comp="2644" pin=25"/></net>

<net id="2736"><net_src comp="2569" pin="1"/><net_sink comp="2644" pin=26"/></net>

<net id="2737"><net_src comp="2566" pin="1"/><net_sink comp="2644" pin=27"/></net>

<net id="2738"><net_src comp="2563" pin="1"/><net_sink comp="2644" pin=28"/></net>

<net id="2739"><net_src comp="2560" pin="1"/><net_sink comp="2644" pin=29"/></net>

<net id="2740"><net_src comp="2557" pin="1"/><net_sink comp="2644" pin=30"/></net>

<net id="2741"><net_src comp="2554" pin="1"/><net_sink comp="2644" pin=31"/></net>

<net id="2742"><net_src comp="2551" pin="1"/><net_sink comp="2644" pin=32"/></net>

<net id="2743"><net_src comp="2548" pin="1"/><net_sink comp="2644" pin=33"/></net>

<net id="2744"><net_src comp="2545" pin="1"/><net_sink comp="2644" pin=34"/></net>

<net id="2745"><net_src comp="2542" pin="1"/><net_sink comp="2644" pin=35"/></net>

<net id="2746"><net_src comp="2539" pin="1"/><net_sink comp="2644" pin=36"/></net>

<net id="2747"><net_src comp="2536" pin="1"/><net_sink comp="2644" pin=37"/></net>

<net id="2748"><net_src comp="2533" pin="1"/><net_sink comp="2644" pin=38"/></net>

<net id="2749"><net_src comp="2530" pin="1"/><net_sink comp="2644" pin=39"/></net>

<net id="2750"><net_src comp="2527" pin="1"/><net_sink comp="2644" pin=40"/></net>

<net id="2751"><net_src comp="2524" pin="1"/><net_sink comp="2644" pin=41"/></net>

<net id="2752"><net_src comp="2521" pin="1"/><net_sink comp="2644" pin=42"/></net>

<net id="2753"><net_src comp="2518" pin="1"/><net_sink comp="2644" pin=43"/></net>

<net id="2754"><net_src comp="2515" pin="1"/><net_sink comp="2644" pin=44"/></net>

<net id="2755"><net_src comp="2512" pin="1"/><net_sink comp="2644" pin=45"/></net>

<net id="2756"><net_src comp="2509" pin="1"/><net_sink comp="2644" pin=46"/></net>

<net id="2757"><net_src comp="2506" pin="1"/><net_sink comp="2644" pin=47"/></net>

<net id="2758"><net_src comp="2503" pin="1"/><net_sink comp="2644" pin=48"/></net>

<net id="2759"><net_src comp="2500" pin="1"/><net_sink comp="2644" pin=49"/></net>

<net id="2760"><net_src comp="2497" pin="1"/><net_sink comp="2644" pin=50"/></net>

<net id="2761"><net_src comp="2494" pin="1"/><net_sink comp="2644" pin=51"/></net>

<net id="2762"><net_src comp="2491" pin="1"/><net_sink comp="2644" pin=52"/></net>

<net id="2763"><net_src comp="2488" pin="1"/><net_sink comp="2644" pin=53"/></net>

<net id="2764"><net_src comp="2485" pin="1"/><net_sink comp="2644" pin=54"/></net>

<net id="2765"><net_src comp="2482" pin="1"/><net_sink comp="2644" pin=55"/></net>

<net id="2766"><net_src comp="2479" pin="1"/><net_sink comp="2644" pin=56"/></net>

<net id="2767"><net_src comp="2476" pin="1"/><net_sink comp="2644" pin=57"/></net>

<net id="2768"><net_src comp="2473" pin="1"/><net_sink comp="2644" pin=58"/></net>

<net id="2769"><net_src comp="2470" pin="1"/><net_sink comp="2644" pin=59"/></net>

<net id="2770"><net_src comp="2467" pin="1"/><net_sink comp="2644" pin=60"/></net>

<net id="2771"><net_src comp="2464" pin="1"/><net_sink comp="2644" pin=61"/></net>

<net id="2772"><net_src comp="2461" pin="1"/><net_sink comp="2644" pin=62"/></net>

<net id="2773"><net_src comp="2458" pin="1"/><net_sink comp="2644" pin=63"/></net>

<net id="2774"><net_src comp="2455" pin="1"/><net_sink comp="2644" pin=64"/></net>

<net id="2778"><net_src comp="2644" pin="65"/><net_sink comp="2775" pin=0"/></net>

<net id="2779"><net_src comp="2775" pin="1"/><net_sink comp="412" pin=2"/></net>

<net id="2783"><net_src comp="419" pin="1"/><net_sink comp="2780" pin=0"/></net>

<net id="2784"><net_src comp="2780" pin="1"/><net_sink comp="1687" pin=0"/></net>

<net id="2788"><net_src comp="423" pin="1"/><net_sink comp="2785" pin=0"/></net>

<net id="2789"><net_src comp="2785" pin="1"/><net_sink comp="1692" pin=1"/></net>

<net id="2793"><net_src comp="427" pin="4"/><net_sink comp="2790" pin=0"/></net>

<net id="2794"><net_src comp="2790" pin="1"/><net_sink comp="2431" pin=0"/></net>

<net id="2798"><net_src comp="437" pin="4"/><net_sink comp="2795" pin=0"/></net>

<net id="2799"><net_src comp="2795" pin="1"/><net_sink comp="2443" pin=0"/></net>

<net id="2803"><net_src comp="447" pin="4"/><net_sink comp="2800" pin=0"/></net>

<net id="2804"><net_src comp="2800" pin="1"/><net_sink comp="1699" pin=0"/></net>

<net id="2808"><net_src comp="457" pin="4"/><net_sink comp="2805" pin=0"/></net>

<net id="2809"><net_src comp="2805" pin="1"/><net_sink comp="1704" pin=1"/></net>

<net id="2813"><net_src comp="467" pin="4"/><net_sink comp="2810" pin=0"/></net>

<net id="2814"><net_src comp="2810" pin="1"/><net_sink comp="1711" pin=0"/></net>

<net id="2818"><net_src comp="477" pin="4"/><net_sink comp="2815" pin=0"/></net>

<net id="2819"><net_src comp="2815" pin="1"/><net_sink comp="1716" pin=1"/></net>

<net id="2823"><net_src comp="487" pin="4"/><net_sink comp="2820" pin=0"/></net>

<net id="2824"><net_src comp="2820" pin="1"/><net_sink comp="1723" pin=0"/></net>

<net id="2828"><net_src comp="497" pin="4"/><net_sink comp="2825" pin=0"/></net>

<net id="2829"><net_src comp="2825" pin="1"/><net_sink comp="1728" pin=1"/></net>

<net id="2833"><net_src comp="507" pin="4"/><net_sink comp="2830" pin=0"/></net>

<net id="2834"><net_src comp="2830" pin="1"/><net_sink comp="1735" pin=0"/></net>

<net id="2838"><net_src comp="517" pin="4"/><net_sink comp="2835" pin=0"/></net>

<net id="2839"><net_src comp="2835" pin="1"/><net_sink comp="1740" pin=1"/></net>

<net id="2843"><net_src comp="527" pin="4"/><net_sink comp="2840" pin=0"/></net>

<net id="2844"><net_src comp="2840" pin="1"/><net_sink comp="1747" pin=0"/></net>

<net id="2848"><net_src comp="537" pin="4"/><net_sink comp="2845" pin=0"/></net>

<net id="2849"><net_src comp="2845" pin="1"/><net_sink comp="1752" pin=1"/></net>

<net id="2853"><net_src comp="547" pin="4"/><net_sink comp="2850" pin=0"/></net>

<net id="2854"><net_src comp="2850" pin="1"/><net_sink comp="1759" pin=0"/></net>

<net id="2858"><net_src comp="557" pin="4"/><net_sink comp="2855" pin=0"/></net>

<net id="2859"><net_src comp="2855" pin="1"/><net_sink comp="1764" pin=1"/></net>

<net id="2863"><net_src comp="567" pin="4"/><net_sink comp="2860" pin=0"/></net>

<net id="2864"><net_src comp="2860" pin="1"/><net_sink comp="1771" pin=0"/></net>

<net id="2868"><net_src comp="577" pin="4"/><net_sink comp="2865" pin=0"/></net>

<net id="2869"><net_src comp="2865" pin="1"/><net_sink comp="1776" pin=1"/></net>

<net id="2873"><net_src comp="587" pin="4"/><net_sink comp="2870" pin=0"/></net>

<net id="2874"><net_src comp="2870" pin="1"/><net_sink comp="1783" pin=0"/></net>

<net id="2878"><net_src comp="597" pin="4"/><net_sink comp="2875" pin=0"/></net>

<net id="2879"><net_src comp="2875" pin="1"/><net_sink comp="1788" pin=1"/></net>

<net id="2883"><net_src comp="607" pin="4"/><net_sink comp="2880" pin=0"/></net>

<net id="2884"><net_src comp="2880" pin="1"/><net_sink comp="1795" pin=0"/></net>

<net id="2888"><net_src comp="617" pin="4"/><net_sink comp="2885" pin=0"/></net>

<net id="2889"><net_src comp="2885" pin="1"/><net_sink comp="1800" pin=1"/></net>

<net id="2893"><net_src comp="627" pin="4"/><net_sink comp="2890" pin=0"/></net>

<net id="2894"><net_src comp="2890" pin="1"/><net_sink comp="1807" pin=0"/></net>

<net id="2898"><net_src comp="637" pin="4"/><net_sink comp="2895" pin=0"/></net>

<net id="2899"><net_src comp="2895" pin="1"/><net_sink comp="1812" pin=1"/></net>

<net id="2903"><net_src comp="647" pin="4"/><net_sink comp="2900" pin=0"/></net>

<net id="2904"><net_src comp="2900" pin="1"/><net_sink comp="1819" pin=0"/></net>

<net id="2908"><net_src comp="657" pin="4"/><net_sink comp="2905" pin=0"/></net>

<net id="2909"><net_src comp="2905" pin="1"/><net_sink comp="1824" pin=1"/></net>

<net id="2913"><net_src comp="667" pin="4"/><net_sink comp="2910" pin=0"/></net>

<net id="2914"><net_src comp="2910" pin="1"/><net_sink comp="1831" pin=0"/></net>

<net id="2918"><net_src comp="677" pin="4"/><net_sink comp="2915" pin=0"/></net>

<net id="2919"><net_src comp="2915" pin="1"/><net_sink comp="1836" pin=1"/></net>

<net id="2923"><net_src comp="687" pin="4"/><net_sink comp="2920" pin=0"/></net>

<net id="2924"><net_src comp="2920" pin="1"/><net_sink comp="1843" pin=0"/></net>

<net id="2928"><net_src comp="697" pin="4"/><net_sink comp="2925" pin=0"/></net>

<net id="2929"><net_src comp="2925" pin="1"/><net_sink comp="1848" pin=1"/></net>

<net id="2933"><net_src comp="707" pin="4"/><net_sink comp="2930" pin=0"/></net>

<net id="2934"><net_src comp="2930" pin="1"/><net_sink comp="1855" pin=0"/></net>

<net id="2938"><net_src comp="717" pin="4"/><net_sink comp="2935" pin=0"/></net>

<net id="2939"><net_src comp="2935" pin="1"/><net_sink comp="1860" pin=1"/></net>

<net id="2943"><net_src comp="727" pin="4"/><net_sink comp="2940" pin=0"/></net>

<net id="2944"><net_src comp="2940" pin="1"/><net_sink comp="1867" pin=0"/></net>

<net id="2948"><net_src comp="737" pin="4"/><net_sink comp="2945" pin=0"/></net>

<net id="2949"><net_src comp="2945" pin="1"/><net_sink comp="1872" pin=1"/></net>

<net id="2953"><net_src comp="747" pin="4"/><net_sink comp="2950" pin=0"/></net>

<net id="2954"><net_src comp="2950" pin="1"/><net_sink comp="1879" pin=0"/></net>

<net id="2958"><net_src comp="757" pin="4"/><net_sink comp="2955" pin=0"/></net>

<net id="2959"><net_src comp="2955" pin="1"/><net_sink comp="1884" pin=1"/></net>

<net id="2963"><net_src comp="767" pin="4"/><net_sink comp="2960" pin=0"/></net>

<net id="2964"><net_src comp="2960" pin="1"/><net_sink comp="1891" pin=0"/></net>

<net id="2968"><net_src comp="777" pin="4"/><net_sink comp="2965" pin=0"/></net>

<net id="2969"><net_src comp="2965" pin="1"/><net_sink comp="1896" pin=1"/></net>

<net id="2973"><net_src comp="787" pin="4"/><net_sink comp="2970" pin=0"/></net>

<net id="2974"><net_src comp="2970" pin="1"/><net_sink comp="1903" pin=0"/></net>

<net id="2978"><net_src comp="797" pin="4"/><net_sink comp="2975" pin=0"/></net>

<net id="2979"><net_src comp="2975" pin="1"/><net_sink comp="1908" pin=1"/></net>

<net id="2983"><net_src comp="807" pin="4"/><net_sink comp="2980" pin=0"/></net>

<net id="2984"><net_src comp="2980" pin="1"/><net_sink comp="1915" pin=0"/></net>

<net id="2988"><net_src comp="817" pin="4"/><net_sink comp="2985" pin=0"/></net>

<net id="2989"><net_src comp="2985" pin="1"/><net_sink comp="1920" pin=1"/></net>

<net id="2993"><net_src comp="827" pin="4"/><net_sink comp="2990" pin=0"/></net>

<net id="2994"><net_src comp="2990" pin="1"/><net_sink comp="1927" pin=0"/></net>

<net id="2998"><net_src comp="837" pin="4"/><net_sink comp="2995" pin=0"/></net>

<net id="2999"><net_src comp="2995" pin="1"/><net_sink comp="1932" pin=1"/></net>

<net id="3003"><net_src comp="847" pin="4"/><net_sink comp="3000" pin=0"/></net>

<net id="3004"><net_src comp="3000" pin="1"/><net_sink comp="1939" pin=0"/></net>

<net id="3008"><net_src comp="857" pin="4"/><net_sink comp="3005" pin=0"/></net>

<net id="3009"><net_src comp="3005" pin="1"/><net_sink comp="1944" pin=1"/></net>

<net id="3013"><net_src comp="867" pin="4"/><net_sink comp="3010" pin=0"/></net>

<net id="3014"><net_src comp="3010" pin="1"/><net_sink comp="1951" pin=0"/></net>

<net id="3018"><net_src comp="877" pin="4"/><net_sink comp="3015" pin=0"/></net>

<net id="3019"><net_src comp="3015" pin="1"/><net_sink comp="1956" pin=1"/></net>

<net id="3023"><net_src comp="887" pin="4"/><net_sink comp="3020" pin=0"/></net>

<net id="3024"><net_src comp="3020" pin="1"/><net_sink comp="1963" pin=0"/></net>

<net id="3028"><net_src comp="897" pin="4"/><net_sink comp="3025" pin=0"/></net>

<net id="3029"><net_src comp="3025" pin="1"/><net_sink comp="1968" pin=1"/></net>

<net id="3033"><net_src comp="907" pin="4"/><net_sink comp="3030" pin=0"/></net>

<net id="3034"><net_src comp="3030" pin="1"/><net_sink comp="1975" pin=0"/></net>

<net id="3038"><net_src comp="917" pin="4"/><net_sink comp="3035" pin=0"/></net>

<net id="3039"><net_src comp="3035" pin="1"/><net_sink comp="1980" pin=1"/></net>

<net id="3043"><net_src comp="927" pin="4"/><net_sink comp="3040" pin=0"/></net>

<net id="3044"><net_src comp="3040" pin="1"/><net_sink comp="1987" pin=0"/></net>

<net id="3048"><net_src comp="937" pin="4"/><net_sink comp="3045" pin=0"/></net>

<net id="3049"><net_src comp="3045" pin="1"/><net_sink comp="1992" pin=1"/></net>

<net id="3053"><net_src comp="947" pin="4"/><net_sink comp="3050" pin=0"/></net>

<net id="3054"><net_src comp="3050" pin="1"/><net_sink comp="1999" pin=0"/></net>

<net id="3058"><net_src comp="957" pin="4"/><net_sink comp="3055" pin=0"/></net>

<net id="3059"><net_src comp="3055" pin="1"/><net_sink comp="2004" pin=1"/></net>

<net id="3063"><net_src comp="967" pin="4"/><net_sink comp="3060" pin=0"/></net>

<net id="3064"><net_src comp="3060" pin="1"/><net_sink comp="2011" pin=0"/></net>

<net id="3068"><net_src comp="977" pin="4"/><net_sink comp="3065" pin=0"/></net>

<net id="3069"><net_src comp="3065" pin="1"/><net_sink comp="2016" pin=1"/></net>

<net id="3073"><net_src comp="987" pin="4"/><net_sink comp="3070" pin=0"/></net>

<net id="3074"><net_src comp="3070" pin="1"/><net_sink comp="2023" pin=0"/></net>

<net id="3078"><net_src comp="997" pin="4"/><net_sink comp="3075" pin=0"/></net>

<net id="3079"><net_src comp="3075" pin="1"/><net_sink comp="2028" pin=1"/></net>

<net id="3083"><net_src comp="1007" pin="4"/><net_sink comp="3080" pin=0"/></net>

<net id="3084"><net_src comp="3080" pin="1"/><net_sink comp="2035" pin=0"/></net>

<net id="3088"><net_src comp="1017" pin="4"/><net_sink comp="3085" pin=0"/></net>

<net id="3089"><net_src comp="3085" pin="1"/><net_sink comp="2040" pin=1"/></net>

<net id="3093"><net_src comp="1027" pin="4"/><net_sink comp="3090" pin=0"/></net>

<net id="3094"><net_src comp="3090" pin="1"/><net_sink comp="2047" pin=0"/></net>

<net id="3098"><net_src comp="1037" pin="4"/><net_sink comp="3095" pin=0"/></net>

<net id="3099"><net_src comp="3095" pin="1"/><net_sink comp="2052" pin=1"/></net>

<net id="3103"><net_src comp="1047" pin="4"/><net_sink comp="3100" pin=0"/></net>

<net id="3104"><net_src comp="3100" pin="1"/><net_sink comp="2059" pin=0"/></net>

<net id="3108"><net_src comp="1057" pin="4"/><net_sink comp="3105" pin=0"/></net>

<net id="3109"><net_src comp="3105" pin="1"/><net_sink comp="2064" pin=1"/></net>

<net id="3113"><net_src comp="1067" pin="4"/><net_sink comp="3110" pin=0"/></net>

<net id="3114"><net_src comp="3110" pin="1"/><net_sink comp="2071" pin=0"/></net>

<net id="3118"><net_src comp="1077" pin="4"/><net_sink comp="3115" pin=0"/></net>

<net id="3119"><net_src comp="3115" pin="1"/><net_sink comp="2076" pin=1"/></net>

<net id="3123"><net_src comp="1087" pin="4"/><net_sink comp="3120" pin=0"/></net>

<net id="3124"><net_src comp="3120" pin="1"/><net_sink comp="2083" pin=0"/></net>

<net id="3128"><net_src comp="1097" pin="4"/><net_sink comp="3125" pin=0"/></net>

<net id="3129"><net_src comp="3125" pin="1"/><net_sink comp="2088" pin=1"/></net>

<net id="3133"><net_src comp="1107" pin="4"/><net_sink comp="3130" pin=0"/></net>

<net id="3134"><net_src comp="3130" pin="1"/><net_sink comp="2095" pin=0"/></net>

<net id="3138"><net_src comp="1117" pin="4"/><net_sink comp="3135" pin=0"/></net>

<net id="3139"><net_src comp="3135" pin="1"/><net_sink comp="2100" pin=1"/></net>

<net id="3143"><net_src comp="1127" pin="4"/><net_sink comp="3140" pin=0"/></net>

<net id="3144"><net_src comp="3140" pin="1"/><net_sink comp="2107" pin=0"/></net>

<net id="3148"><net_src comp="1137" pin="4"/><net_sink comp="3145" pin=0"/></net>

<net id="3149"><net_src comp="3145" pin="1"/><net_sink comp="2112" pin=1"/></net>

<net id="3153"><net_src comp="1147" pin="4"/><net_sink comp="3150" pin=0"/></net>

<net id="3154"><net_src comp="3150" pin="1"/><net_sink comp="2119" pin=0"/></net>

<net id="3158"><net_src comp="1157" pin="4"/><net_sink comp="3155" pin=0"/></net>

<net id="3159"><net_src comp="3155" pin="1"/><net_sink comp="2124" pin=1"/></net>

<net id="3163"><net_src comp="1167" pin="4"/><net_sink comp="3160" pin=0"/></net>

<net id="3164"><net_src comp="3160" pin="1"/><net_sink comp="2131" pin=0"/></net>

<net id="3168"><net_src comp="1177" pin="4"/><net_sink comp="3165" pin=0"/></net>

<net id="3169"><net_src comp="3165" pin="1"/><net_sink comp="2136" pin=1"/></net>

<net id="3173"><net_src comp="1187" pin="4"/><net_sink comp="3170" pin=0"/></net>

<net id="3174"><net_src comp="3170" pin="1"/><net_sink comp="2143" pin=0"/></net>

<net id="3178"><net_src comp="1197" pin="4"/><net_sink comp="3175" pin=0"/></net>

<net id="3179"><net_src comp="3175" pin="1"/><net_sink comp="2148" pin=1"/></net>

<net id="3183"><net_src comp="1207" pin="4"/><net_sink comp="3180" pin=0"/></net>

<net id="3184"><net_src comp="3180" pin="1"/><net_sink comp="2155" pin=0"/></net>

<net id="3188"><net_src comp="1217" pin="4"/><net_sink comp="3185" pin=0"/></net>

<net id="3189"><net_src comp="3185" pin="1"/><net_sink comp="2160" pin=1"/></net>

<net id="3193"><net_src comp="1227" pin="4"/><net_sink comp="3190" pin=0"/></net>

<net id="3194"><net_src comp="3190" pin="1"/><net_sink comp="2167" pin=0"/></net>

<net id="3198"><net_src comp="1237" pin="4"/><net_sink comp="3195" pin=0"/></net>

<net id="3199"><net_src comp="3195" pin="1"/><net_sink comp="2172" pin=1"/></net>

<net id="3203"><net_src comp="1247" pin="4"/><net_sink comp="3200" pin=0"/></net>

<net id="3204"><net_src comp="3200" pin="1"/><net_sink comp="2179" pin=0"/></net>

<net id="3208"><net_src comp="1257" pin="4"/><net_sink comp="3205" pin=0"/></net>

<net id="3209"><net_src comp="3205" pin="1"/><net_sink comp="2184" pin=1"/></net>

<net id="3213"><net_src comp="1267" pin="4"/><net_sink comp="3210" pin=0"/></net>

<net id="3214"><net_src comp="3210" pin="1"/><net_sink comp="2191" pin=0"/></net>

<net id="3218"><net_src comp="1277" pin="4"/><net_sink comp="3215" pin=0"/></net>

<net id="3219"><net_src comp="3215" pin="1"/><net_sink comp="2196" pin=1"/></net>

<net id="3223"><net_src comp="1287" pin="4"/><net_sink comp="3220" pin=0"/></net>

<net id="3224"><net_src comp="3220" pin="1"/><net_sink comp="2203" pin=0"/></net>

<net id="3228"><net_src comp="1297" pin="4"/><net_sink comp="3225" pin=0"/></net>

<net id="3229"><net_src comp="3225" pin="1"/><net_sink comp="2208" pin=1"/></net>

<net id="3233"><net_src comp="1307" pin="4"/><net_sink comp="3230" pin=0"/></net>

<net id="3234"><net_src comp="3230" pin="1"/><net_sink comp="2215" pin=0"/></net>

<net id="3238"><net_src comp="1317" pin="4"/><net_sink comp="3235" pin=0"/></net>

<net id="3239"><net_src comp="3235" pin="1"/><net_sink comp="2220" pin=1"/></net>

<net id="3243"><net_src comp="1327" pin="4"/><net_sink comp="3240" pin=0"/></net>

<net id="3244"><net_src comp="3240" pin="1"/><net_sink comp="2227" pin=0"/></net>

<net id="3248"><net_src comp="1337" pin="4"/><net_sink comp="3245" pin=0"/></net>

<net id="3249"><net_src comp="3245" pin="1"/><net_sink comp="2232" pin=1"/></net>

<net id="3253"><net_src comp="1347" pin="4"/><net_sink comp="3250" pin=0"/></net>

<net id="3254"><net_src comp="3250" pin="1"/><net_sink comp="2239" pin=0"/></net>

<net id="3258"><net_src comp="1357" pin="4"/><net_sink comp="3255" pin=0"/></net>

<net id="3259"><net_src comp="3255" pin="1"/><net_sink comp="2244" pin=1"/></net>

<net id="3263"><net_src comp="1367" pin="4"/><net_sink comp="3260" pin=0"/></net>

<net id="3264"><net_src comp="3260" pin="1"/><net_sink comp="2251" pin=0"/></net>

<net id="3268"><net_src comp="1377" pin="4"/><net_sink comp="3265" pin=0"/></net>

<net id="3269"><net_src comp="3265" pin="1"/><net_sink comp="2256" pin=1"/></net>

<net id="3273"><net_src comp="1387" pin="4"/><net_sink comp="3270" pin=0"/></net>

<net id="3274"><net_src comp="3270" pin="1"/><net_sink comp="2263" pin=0"/></net>

<net id="3278"><net_src comp="1397" pin="4"/><net_sink comp="3275" pin=0"/></net>

<net id="3279"><net_src comp="3275" pin="1"/><net_sink comp="2268" pin=1"/></net>

<net id="3283"><net_src comp="1407" pin="4"/><net_sink comp="3280" pin=0"/></net>

<net id="3284"><net_src comp="3280" pin="1"/><net_sink comp="2275" pin=0"/></net>

<net id="3288"><net_src comp="1417" pin="4"/><net_sink comp="3285" pin=0"/></net>

<net id="3289"><net_src comp="3285" pin="1"/><net_sink comp="2280" pin=1"/></net>

<net id="3293"><net_src comp="1427" pin="4"/><net_sink comp="3290" pin=0"/></net>

<net id="3294"><net_src comp="3290" pin="1"/><net_sink comp="2287" pin=0"/></net>

<net id="3298"><net_src comp="1437" pin="4"/><net_sink comp="3295" pin=0"/></net>

<net id="3299"><net_src comp="3295" pin="1"/><net_sink comp="2292" pin=1"/></net>

<net id="3303"><net_src comp="1447" pin="4"/><net_sink comp="3300" pin=0"/></net>

<net id="3304"><net_src comp="3300" pin="1"/><net_sink comp="2299" pin=0"/></net>

<net id="3308"><net_src comp="1457" pin="4"/><net_sink comp="3305" pin=0"/></net>

<net id="3309"><net_src comp="3305" pin="1"/><net_sink comp="2304" pin=1"/></net>

<net id="3313"><net_src comp="1467" pin="4"/><net_sink comp="3310" pin=0"/></net>

<net id="3314"><net_src comp="3310" pin="1"/><net_sink comp="2311" pin=0"/></net>

<net id="3318"><net_src comp="1477" pin="4"/><net_sink comp="3315" pin=0"/></net>

<net id="3319"><net_src comp="3315" pin="1"/><net_sink comp="2316" pin=1"/></net>

<net id="3323"><net_src comp="1487" pin="4"/><net_sink comp="3320" pin=0"/></net>

<net id="3324"><net_src comp="3320" pin="1"/><net_sink comp="2323" pin=0"/></net>

<net id="3328"><net_src comp="1497" pin="4"/><net_sink comp="3325" pin=0"/></net>

<net id="3329"><net_src comp="3325" pin="1"/><net_sink comp="2328" pin=1"/></net>

<net id="3333"><net_src comp="1507" pin="4"/><net_sink comp="3330" pin=0"/></net>

<net id="3334"><net_src comp="3330" pin="1"/><net_sink comp="2335" pin=0"/></net>

<net id="3338"><net_src comp="1517" pin="4"/><net_sink comp="3335" pin=0"/></net>

<net id="3339"><net_src comp="3335" pin="1"/><net_sink comp="2340" pin=1"/></net>

<net id="3343"><net_src comp="1527" pin="4"/><net_sink comp="3340" pin=0"/></net>

<net id="3344"><net_src comp="3340" pin="1"/><net_sink comp="2347" pin=0"/></net>

<net id="3348"><net_src comp="1537" pin="4"/><net_sink comp="3345" pin=0"/></net>

<net id="3349"><net_src comp="3345" pin="1"/><net_sink comp="2352" pin=1"/></net>

<net id="3353"><net_src comp="1547" pin="4"/><net_sink comp="3350" pin=0"/></net>

<net id="3354"><net_src comp="3350" pin="1"/><net_sink comp="2359" pin=0"/></net>

<net id="3358"><net_src comp="1557" pin="4"/><net_sink comp="3355" pin=0"/></net>

<net id="3359"><net_src comp="3355" pin="1"/><net_sink comp="2364" pin=1"/></net>

<net id="3363"><net_src comp="1567" pin="4"/><net_sink comp="3360" pin=0"/></net>

<net id="3364"><net_src comp="3360" pin="1"/><net_sink comp="2371" pin=0"/></net>

<net id="3368"><net_src comp="1577" pin="4"/><net_sink comp="3365" pin=0"/></net>

<net id="3369"><net_src comp="3365" pin="1"/><net_sink comp="2376" pin=1"/></net>

<net id="3373"><net_src comp="1587" pin="4"/><net_sink comp="3370" pin=0"/></net>

<net id="3374"><net_src comp="3370" pin="1"/><net_sink comp="2383" pin=0"/></net>

<net id="3378"><net_src comp="1597" pin="4"/><net_sink comp="3375" pin=0"/></net>

<net id="3379"><net_src comp="3375" pin="1"/><net_sink comp="2388" pin=1"/></net>

<net id="3383"><net_src comp="1607" pin="4"/><net_sink comp="3380" pin=0"/></net>

<net id="3384"><net_src comp="3380" pin="1"/><net_sink comp="2395" pin=0"/></net>

<net id="3388"><net_src comp="1617" pin="4"/><net_sink comp="3385" pin=0"/></net>

<net id="3389"><net_src comp="3385" pin="1"/><net_sink comp="2400" pin=1"/></net>

<net id="3393"><net_src comp="1627" pin="4"/><net_sink comp="3390" pin=0"/></net>

<net id="3394"><net_src comp="3390" pin="1"/><net_sink comp="2407" pin=0"/></net>

<net id="3398"><net_src comp="1637" pin="4"/><net_sink comp="3395" pin=0"/></net>

<net id="3399"><net_src comp="3395" pin="1"/><net_sink comp="2412" pin=1"/></net>

<net id="3403"><net_src comp="1647" pin="4"/><net_sink comp="3400" pin=0"/></net>

<net id="3404"><net_src comp="3400" pin="1"/><net_sink comp="2419" pin=0"/></net>

<net id="3408"><net_src comp="1657" pin="4"/><net_sink comp="3405" pin=0"/></net>

<net id="3409"><net_src comp="3405" pin="1"/><net_sink comp="2424" pin=1"/></net>

<net id="3413"><net_src comp="1667" pin="4"/><net_sink comp="3410" pin=0"/></net>

<net id="3414"><net_src comp="3410" pin="1"/><net_sink comp="2436" pin=1"/></net>

<net id="3418"><net_src comp="1677" pin="4"/><net_sink comp="3415" pin=0"/></net>

<net id="3419"><net_src comp="3415" pin="1"/><net_sink comp="2448" pin=1"/></net>

<net id="3423"><net_src comp="1692" pin="3"/><net_sink comp="3420" pin=0"/></net>

<net id="3424"><net_src comp="3420" pin="1"/><net_sink comp="2455" pin=0"/></net>

<net id="3428"><net_src comp="1704" pin="3"/><net_sink comp="3425" pin=0"/></net>

<net id="3429"><net_src comp="3425" pin="1"/><net_sink comp="2458" pin=0"/></net>

<net id="3433"><net_src comp="1716" pin="3"/><net_sink comp="3430" pin=0"/></net>

<net id="3434"><net_src comp="3430" pin="1"/><net_sink comp="2461" pin=0"/></net>

<net id="3438"><net_src comp="1728" pin="3"/><net_sink comp="3435" pin=0"/></net>

<net id="3439"><net_src comp="3435" pin="1"/><net_sink comp="2464" pin=0"/></net>

<net id="3443"><net_src comp="1740" pin="3"/><net_sink comp="3440" pin=0"/></net>

<net id="3444"><net_src comp="3440" pin="1"/><net_sink comp="2467" pin=0"/></net>

<net id="3448"><net_src comp="1752" pin="3"/><net_sink comp="3445" pin=0"/></net>

<net id="3449"><net_src comp="3445" pin="1"/><net_sink comp="2470" pin=0"/></net>

<net id="3453"><net_src comp="1764" pin="3"/><net_sink comp="3450" pin=0"/></net>

<net id="3454"><net_src comp="3450" pin="1"/><net_sink comp="2473" pin=0"/></net>

<net id="3458"><net_src comp="1776" pin="3"/><net_sink comp="3455" pin=0"/></net>

<net id="3459"><net_src comp="3455" pin="1"/><net_sink comp="2476" pin=0"/></net>

<net id="3463"><net_src comp="1788" pin="3"/><net_sink comp="3460" pin=0"/></net>

<net id="3464"><net_src comp="3460" pin="1"/><net_sink comp="2479" pin=0"/></net>

<net id="3468"><net_src comp="1800" pin="3"/><net_sink comp="3465" pin=0"/></net>

<net id="3469"><net_src comp="3465" pin="1"/><net_sink comp="2482" pin=0"/></net>

<net id="3473"><net_src comp="1812" pin="3"/><net_sink comp="3470" pin=0"/></net>

<net id="3474"><net_src comp="3470" pin="1"/><net_sink comp="2485" pin=0"/></net>

<net id="3478"><net_src comp="1824" pin="3"/><net_sink comp="3475" pin=0"/></net>

<net id="3479"><net_src comp="3475" pin="1"/><net_sink comp="2488" pin=0"/></net>

<net id="3483"><net_src comp="1836" pin="3"/><net_sink comp="3480" pin=0"/></net>

<net id="3484"><net_src comp="3480" pin="1"/><net_sink comp="2491" pin=0"/></net>

<net id="3488"><net_src comp="1848" pin="3"/><net_sink comp="3485" pin=0"/></net>

<net id="3489"><net_src comp="3485" pin="1"/><net_sink comp="2494" pin=0"/></net>

<net id="3493"><net_src comp="1860" pin="3"/><net_sink comp="3490" pin=0"/></net>

<net id="3494"><net_src comp="3490" pin="1"/><net_sink comp="2497" pin=0"/></net>

<net id="3498"><net_src comp="1872" pin="3"/><net_sink comp="3495" pin=0"/></net>

<net id="3499"><net_src comp="3495" pin="1"/><net_sink comp="2500" pin=0"/></net>

<net id="3503"><net_src comp="1884" pin="3"/><net_sink comp="3500" pin=0"/></net>

<net id="3504"><net_src comp="3500" pin="1"/><net_sink comp="2503" pin=0"/></net>

<net id="3508"><net_src comp="1896" pin="3"/><net_sink comp="3505" pin=0"/></net>

<net id="3509"><net_src comp="3505" pin="1"/><net_sink comp="2506" pin=0"/></net>

<net id="3513"><net_src comp="1908" pin="3"/><net_sink comp="3510" pin=0"/></net>

<net id="3514"><net_src comp="3510" pin="1"/><net_sink comp="2509" pin=0"/></net>

<net id="3518"><net_src comp="1920" pin="3"/><net_sink comp="3515" pin=0"/></net>

<net id="3519"><net_src comp="3515" pin="1"/><net_sink comp="2512" pin=0"/></net>

<net id="3523"><net_src comp="1932" pin="3"/><net_sink comp="3520" pin=0"/></net>

<net id="3524"><net_src comp="3520" pin="1"/><net_sink comp="2515" pin=0"/></net>

<net id="3528"><net_src comp="1944" pin="3"/><net_sink comp="3525" pin=0"/></net>

<net id="3529"><net_src comp="3525" pin="1"/><net_sink comp="2518" pin=0"/></net>

<net id="3533"><net_src comp="1956" pin="3"/><net_sink comp="3530" pin=0"/></net>

<net id="3534"><net_src comp="3530" pin="1"/><net_sink comp="2521" pin=0"/></net>

<net id="3538"><net_src comp="1968" pin="3"/><net_sink comp="3535" pin=0"/></net>

<net id="3539"><net_src comp="3535" pin="1"/><net_sink comp="2524" pin=0"/></net>

<net id="3543"><net_src comp="1980" pin="3"/><net_sink comp="3540" pin=0"/></net>

<net id="3544"><net_src comp="3540" pin="1"/><net_sink comp="2527" pin=0"/></net>

<net id="3548"><net_src comp="1992" pin="3"/><net_sink comp="3545" pin=0"/></net>

<net id="3549"><net_src comp="3545" pin="1"/><net_sink comp="2530" pin=0"/></net>

<net id="3553"><net_src comp="2004" pin="3"/><net_sink comp="3550" pin=0"/></net>

<net id="3554"><net_src comp="3550" pin="1"/><net_sink comp="2533" pin=0"/></net>

<net id="3558"><net_src comp="2016" pin="3"/><net_sink comp="3555" pin=0"/></net>

<net id="3559"><net_src comp="3555" pin="1"/><net_sink comp="2536" pin=0"/></net>

<net id="3563"><net_src comp="2028" pin="3"/><net_sink comp="3560" pin=0"/></net>

<net id="3564"><net_src comp="3560" pin="1"/><net_sink comp="2539" pin=0"/></net>

<net id="3568"><net_src comp="2040" pin="3"/><net_sink comp="3565" pin=0"/></net>

<net id="3569"><net_src comp="3565" pin="1"/><net_sink comp="2542" pin=0"/></net>

<net id="3573"><net_src comp="2052" pin="3"/><net_sink comp="3570" pin=0"/></net>

<net id="3574"><net_src comp="3570" pin="1"/><net_sink comp="2545" pin=0"/></net>

<net id="3578"><net_src comp="2064" pin="3"/><net_sink comp="3575" pin=0"/></net>

<net id="3579"><net_src comp="3575" pin="1"/><net_sink comp="2548" pin=0"/></net>

<net id="3583"><net_src comp="2076" pin="3"/><net_sink comp="3580" pin=0"/></net>

<net id="3584"><net_src comp="3580" pin="1"/><net_sink comp="2551" pin=0"/></net>

<net id="3588"><net_src comp="2088" pin="3"/><net_sink comp="3585" pin=0"/></net>

<net id="3589"><net_src comp="3585" pin="1"/><net_sink comp="2554" pin=0"/></net>

<net id="3593"><net_src comp="2100" pin="3"/><net_sink comp="3590" pin=0"/></net>

<net id="3594"><net_src comp="3590" pin="1"/><net_sink comp="2557" pin=0"/></net>

<net id="3598"><net_src comp="2112" pin="3"/><net_sink comp="3595" pin=0"/></net>

<net id="3599"><net_src comp="3595" pin="1"/><net_sink comp="2560" pin=0"/></net>

<net id="3603"><net_src comp="2124" pin="3"/><net_sink comp="3600" pin=0"/></net>

<net id="3604"><net_src comp="3600" pin="1"/><net_sink comp="2563" pin=0"/></net>

<net id="3608"><net_src comp="2136" pin="3"/><net_sink comp="3605" pin=0"/></net>

<net id="3609"><net_src comp="3605" pin="1"/><net_sink comp="2566" pin=0"/></net>

<net id="3613"><net_src comp="2148" pin="3"/><net_sink comp="3610" pin=0"/></net>

<net id="3614"><net_src comp="3610" pin="1"/><net_sink comp="2569" pin=0"/></net>

<net id="3618"><net_src comp="2160" pin="3"/><net_sink comp="3615" pin=0"/></net>

<net id="3619"><net_src comp="3615" pin="1"/><net_sink comp="2572" pin=0"/></net>

<net id="3623"><net_src comp="2172" pin="3"/><net_sink comp="3620" pin=0"/></net>

<net id="3624"><net_src comp="3620" pin="1"/><net_sink comp="2575" pin=0"/></net>

<net id="3628"><net_src comp="2184" pin="3"/><net_sink comp="3625" pin=0"/></net>

<net id="3629"><net_src comp="3625" pin="1"/><net_sink comp="2578" pin=0"/></net>

<net id="3633"><net_src comp="2196" pin="3"/><net_sink comp="3630" pin=0"/></net>

<net id="3634"><net_src comp="3630" pin="1"/><net_sink comp="2581" pin=0"/></net>

<net id="3638"><net_src comp="2208" pin="3"/><net_sink comp="3635" pin=0"/></net>

<net id="3639"><net_src comp="3635" pin="1"/><net_sink comp="2584" pin=0"/></net>

<net id="3643"><net_src comp="2220" pin="3"/><net_sink comp="3640" pin=0"/></net>

<net id="3644"><net_src comp="3640" pin="1"/><net_sink comp="2587" pin=0"/></net>

<net id="3648"><net_src comp="2232" pin="3"/><net_sink comp="3645" pin=0"/></net>

<net id="3649"><net_src comp="3645" pin="1"/><net_sink comp="2590" pin=0"/></net>

<net id="3653"><net_src comp="2244" pin="3"/><net_sink comp="3650" pin=0"/></net>

<net id="3654"><net_src comp="3650" pin="1"/><net_sink comp="2593" pin=0"/></net>

<net id="3658"><net_src comp="2256" pin="3"/><net_sink comp="3655" pin=0"/></net>

<net id="3659"><net_src comp="3655" pin="1"/><net_sink comp="2596" pin=0"/></net>

<net id="3663"><net_src comp="2268" pin="3"/><net_sink comp="3660" pin=0"/></net>

<net id="3664"><net_src comp="3660" pin="1"/><net_sink comp="2599" pin=0"/></net>

<net id="3668"><net_src comp="2280" pin="3"/><net_sink comp="3665" pin=0"/></net>

<net id="3669"><net_src comp="3665" pin="1"/><net_sink comp="2602" pin=0"/></net>

<net id="3673"><net_src comp="2292" pin="3"/><net_sink comp="3670" pin=0"/></net>

<net id="3674"><net_src comp="3670" pin="1"/><net_sink comp="2605" pin=0"/></net>

<net id="3678"><net_src comp="2304" pin="3"/><net_sink comp="3675" pin=0"/></net>

<net id="3679"><net_src comp="3675" pin="1"/><net_sink comp="2608" pin=0"/></net>

<net id="3683"><net_src comp="2316" pin="3"/><net_sink comp="3680" pin=0"/></net>

<net id="3684"><net_src comp="3680" pin="1"/><net_sink comp="2611" pin=0"/></net>

<net id="3688"><net_src comp="2328" pin="3"/><net_sink comp="3685" pin=0"/></net>

<net id="3689"><net_src comp="3685" pin="1"/><net_sink comp="2614" pin=0"/></net>

<net id="3693"><net_src comp="2340" pin="3"/><net_sink comp="3690" pin=0"/></net>

<net id="3694"><net_src comp="3690" pin="1"/><net_sink comp="2617" pin=0"/></net>

<net id="3698"><net_src comp="2352" pin="3"/><net_sink comp="3695" pin=0"/></net>

<net id="3699"><net_src comp="3695" pin="1"/><net_sink comp="2620" pin=0"/></net>

<net id="3703"><net_src comp="2364" pin="3"/><net_sink comp="3700" pin=0"/></net>

<net id="3704"><net_src comp="3700" pin="1"/><net_sink comp="2623" pin=0"/></net>

<net id="3708"><net_src comp="2376" pin="3"/><net_sink comp="3705" pin=0"/></net>

<net id="3709"><net_src comp="3705" pin="1"/><net_sink comp="2626" pin=0"/></net>

<net id="3713"><net_src comp="2388" pin="3"/><net_sink comp="3710" pin=0"/></net>

<net id="3714"><net_src comp="3710" pin="1"/><net_sink comp="2629" pin=0"/></net>

<net id="3718"><net_src comp="2400" pin="3"/><net_sink comp="3715" pin=0"/></net>

<net id="3719"><net_src comp="3715" pin="1"/><net_sink comp="2632" pin=0"/></net>

<net id="3723"><net_src comp="2412" pin="3"/><net_sink comp="3720" pin=0"/></net>

<net id="3724"><net_src comp="3720" pin="1"/><net_sink comp="2635" pin=0"/></net>

<net id="3728"><net_src comp="2424" pin="3"/><net_sink comp="3725" pin=0"/></net>

<net id="3729"><net_src comp="3725" pin="1"/><net_sink comp="2638" pin=0"/></net>

<net id="3733"><net_src comp="2436" pin="3"/><net_sink comp="3730" pin=0"/></net>

<net id="3734"><net_src comp="3730" pin="1"/><net_sink comp="2641" pin=0"/></net>

<net id="3738"><net_src comp="2448" pin="3"/><net_sink comp="3735" pin=0"/></net>

<net id="3739"><net_src comp="3735" pin="1"/><net_sink comp="2644" pin=1"/></net>

</net_list>

</model> 
---------------- Datapath Model END ------------------

* FSMD analyzer results:
  - Output states:
	Port: layer3_out | {3 }
 - Input state : 
	Port: relu<array<ap_fixed,64u>,array<ap_fixed<16,6,5,3,0>,64u>,relu_config3> : layer2_out | {1 }
  - Chain level:
	State 1
	State 2
		select_ln51 : 1
		select_ln51_1 : 1
		select_ln51_2 : 1
		select_ln51_3 : 1
		select_ln51_4 : 1
		select_ln51_5 : 1
		select_ln51_6 : 1
		select_ln51_7 : 1
		select_ln51_8 : 1
		select_ln51_9 : 1
		select_ln51_10 : 1
		select_ln51_11 : 1
		select_ln51_12 : 1
		select_ln51_13 : 1
		select_ln51_14 : 1
		select_ln51_15 : 1
		select_ln51_16 : 1
		select_ln51_17 : 1
		select_ln51_18 : 1
		select_ln51_19 : 1
		select_ln51_20 : 1
		select_ln51_21 : 1
		select_ln51_22 : 1
		select_ln51_23 : 1
		select_ln51_24 : 1
		select_ln51_25 : 1
		select_ln51_26 : 1
		select_ln51_27 : 1
		select_ln51_28 : 1
		select_ln51_29 : 1
		select_ln51_30 : 1
		select_ln51_31 : 1
		select_ln51_32 : 1
		select_ln51_33 : 1
		select_ln51_34 : 1
		select_ln51_35 : 1
		select_ln51_36 : 1
		select_ln51_37 : 1
		select_ln51_38 : 1
		select_ln51_39 : 1
		select_ln51_40 : 1
		select_ln51_41 : 1
		select_ln51_42 : 1
		select_ln51_43 : 1
		select_ln51_44 : 1
		select_ln51_45 : 1
		select_ln51_46 : 1
		select_ln51_47 : 1
		select_ln51_48 : 1
		select_ln51_49 : 1
		select_ln51_50 : 1
		select_ln51_51 : 1
		select_ln51_52 : 1
		select_ln51_53 : 1
		select_ln51_54 : 1
		select_ln51_55 : 1
		select_ln51_56 : 1
		select_ln51_57 : 1
		select_ln51_58 : 1
		select_ln51_59 : 1
		select_ln51_60 : 1
		select_ln51_61 : 1
		select_ln51_62 : 1
		select_ln51_63 : 1
	State 3
		or_ln57_s : 1
		zext_ln57 : 2
		write_ln57 : 3


============================================================
+ Verbose Summary: Datapath Resource usage 
============================================================

* Functional unit list:
|----------|-----------------------------|---------|---------|
| Operation|       Functional Unit       |    FF   |   LUT   |
|----------|-----------------------------|---------|---------|
|          |      icmp_ln51_fu_1687      |    0    |    23   |
|          |     icmp_ln51_1_fu_1699     |    0    |    23   |
|          |     icmp_ln51_2_fu_1711     |    0    |    23   |
|          |     icmp_ln51_3_fu_1723     |    0    |    23   |
|          |     icmp_ln51_4_fu_1735     |    0    |    23   |
|          |     icmp_ln51_5_fu_1747     |    0    |    23   |
|          |     icmp_ln51_6_fu_1759     |    0    |    23   |
|          |     icmp_ln51_7_fu_1771     |    0    |    23   |
|          |     icmp_ln51_8_fu_1783     |    0    |    23   |
|          |     icmp_ln51_9_fu_1795     |    0    |    23   |
|          |     icmp_ln51_10_fu_1807    |    0    |    23   |
|          |     icmp_ln51_11_fu_1819    |    0    |    23   |
|          |     icmp_ln51_12_fu_1831    |    0    |    23   |
|          |     icmp_ln51_13_fu_1843    |    0    |    23   |
|          |     icmp_ln51_14_fu_1855    |    0    |    23   |
|          |     icmp_ln51_15_fu_1867    |    0    |    23   |
|          |     icmp_ln51_16_fu_1879    |    0    |    23   |
|          |     icmp_ln51_17_fu_1891    |    0    |    23   |
|          |     icmp_ln51_18_fu_1903    |    0    |    23   |
|          |     icmp_ln51_19_fu_1915    |    0    |    23   |
|          |     icmp_ln51_20_fu_1927    |    0    |    23   |
|          |     icmp_ln51_21_fu_1939    |    0    |    23   |
|          |     icmp_ln51_22_fu_1951    |    0    |    23   |
|          |     icmp_ln51_23_fu_1963    |    0    |    23   |
|          |     icmp_ln51_24_fu_1975    |    0    |    23   |
|          |     icmp_ln51_25_fu_1987    |    0    |    23   |
|          |     icmp_ln51_26_fu_1999    |    0    |    23   |
|          |     icmp_ln51_27_fu_2011    |    0    |    23   |
|          |     icmp_ln51_28_fu_2023    |    0    |    23   |
|          |     icmp_ln51_29_fu_2035    |    0    |    23   |
|          |     icmp_ln51_30_fu_2047    |    0    |    23   |
|   icmp   |     icmp_ln51_31_fu_2059    |    0    |    23   |
|          |     icmp_ln51_32_fu_2071    |    0    |    23   |
|          |     icmp_ln51_33_fu_2083    |    0    |    23   |
|          |     icmp_ln51_34_fu_2095    |    0    |    23   |
|          |     icmp_ln51_35_fu_2107    |    0    |    23   |
|          |     icmp_ln51_36_fu_2119    |    0    |    23   |
|          |     icmp_ln51_37_fu_2131    |    0    |    23   |
|          |     icmp_ln51_38_fu_2143    |    0    |    23   |
|          |     icmp_ln51_39_fu_2155    |    0    |    23   |
|          |     icmp_ln51_40_fu_2167    |    0    |    23   |
|          |     icmp_ln51_41_fu_2179    |    0    |    23   |
|          |     icmp_ln51_42_fu_2191    |    0    |    23   |
|          |     icmp_ln51_43_fu_2203    |    0    |    23   |
|          |     icmp_ln51_44_fu_2215    |    0    |    23   |
|          |     icmp_ln51_45_fu_2227    |    0    |    23   |
|          |     icmp_ln51_46_fu_2239    |    0    |    23   |
|          |     icmp_ln51_47_fu_2251    |    0    |    23   |
|          |     icmp_ln51_48_fu_2263    |    0    |    23   |
|          |     icmp_ln51_49_fu_2275    |    0    |    23   |
|          |     icmp_ln51_50_fu_2287    |    0    |    23   |
|          |     icmp_ln51_51_fu_2299    |    0    |    23   |
|          |     icmp_ln51_52_fu_2311    |    0    |    23   |
|          |     icmp_ln51_53_fu_2323    |    0    |    23   |
|          |     icmp_ln51_54_fu_2335    |    0    |    23   |
|          |     icmp_ln51_55_fu_2347    |    0    |    23   |
|          |     icmp_ln51_56_fu_2359    |    0    |    23   |
|          |     icmp_ln51_57_fu_2371    |    0    |    23   |
|          |     icmp_ln51_58_fu_2383    |    0    |    23   |
|          |     icmp_ln51_59_fu_2395    |    0    |    23   |
|          |     icmp_ln51_60_fu_2407    |    0    |    23   |
|          |     icmp_ln51_61_fu_2419    |    0    |    23   |
|          |     icmp_ln51_62_fu_2431    |    0    |    23   |
|          |     icmp_ln51_63_fu_2443    |    0    |    23   |
|----------|-----------------------------|---------|---------|
|          |     select_ln51_fu_1692     |    0    |    15   |
|          |    select_ln51_1_fu_1704    |    0    |    15   |
|          |    select_ln51_2_fu_1716    |    0    |    15   |
|          |    select_ln51_3_fu_1728    |    0    |    15   |
|          |    select_ln51_4_fu_1740    |    0    |    15   |
|          |    select_ln51_5_fu_1752    |    0    |    15   |
|          |    select_ln51_6_fu_1764    |    0    |    15   |
|          |    select_ln51_7_fu_1776    |    0    |    15   |
|          |    select_ln51_8_fu_1788    |    0    |    15   |
|          |    select_ln51_9_fu_1800    |    0    |    15   |
|          |    select_ln51_10_fu_1812   |    0    |    15   |
|          |    select_ln51_11_fu_1824   |    0    |    15   |
|          |    select_ln51_12_fu_1836   |    0    |    15   |
|          |    select_ln51_13_fu_1848   |    0    |    15   |
|          |    select_ln51_14_fu_1860   |    0    |    15   |
|          |    select_ln51_15_fu_1872   |    0    |    15   |
|          |    select_ln51_16_fu_1884   |    0    |    15   |
|          |    select_ln51_17_fu_1896   |    0    |    15   |
|          |    select_ln51_18_fu_1908   |    0    |    15   |
|          |    select_ln51_19_fu_1920   |    0    |    15   |
|          |    select_ln51_20_fu_1932   |    0    |    15   |
|          |    select_ln51_21_fu_1944   |    0    |    15   |
|          |    select_ln51_22_fu_1956   |    0    |    15   |
|          |    select_ln51_23_fu_1968   |    0    |    15   |
|          |    select_ln51_24_fu_1980   |    0    |    15   |
|          |    select_ln51_25_fu_1992   |    0    |    15   |
|          |    select_ln51_26_fu_2004   |    0    |    15   |
|          |    select_ln51_27_fu_2016   |    0    |    15   |
|          |    select_ln51_28_fu_2028   |    0    |    15   |
|          |    select_ln51_29_fu_2040   |    0    |    15   |
|          |    select_ln51_30_fu_2052   |    0    |    15   |
|  select  |    select_ln51_31_fu_2064   |    0    |    15   |
|          |    select_ln51_32_fu_2076   |    0    |    15   |
|          |    select_ln51_33_fu_2088   |    0    |    15   |
|          |    select_ln51_34_fu_2100   |    0    |    15   |
|          |    select_ln51_35_fu_2112   |    0    |    15   |
|          |    select_ln51_36_fu_2124   |    0    |    15   |
|          |    select_ln51_37_fu_2136   |    0    |    15   |
|          |    select_ln51_38_fu_2148   |    0    |    15   |
|          |    select_ln51_39_fu_2160   |    0    |    15   |
|          |    select_ln51_40_fu_2172   |    0    |    15   |
|          |    select_ln51_41_fu_2184   |    0    |    15   |
|          |    select_ln51_42_fu_2196   |    0    |    15   |
|          |    select_ln51_43_fu_2208   |    0    |    15   |
|          |    select_ln51_44_fu_2220   |    0    |    15   |
|          |    select_ln51_45_fu_2232   |    0    |    15   |
|          |    select_ln51_46_fu_2244   |    0    |    15   |
|          |    select_ln51_47_fu_2256   |    0    |    15   |
|          |    select_ln51_48_fu_2268   |    0    |    15   |
|          |    select_ln51_49_fu_2280   |    0    |    15   |
|          |    select_ln51_50_fu_2292   |    0    |    15   |
|          |    select_ln51_51_fu_2304   |    0    |    15   |
|          |    select_ln51_52_fu_2316   |    0    |    15   |
|          |    select_ln51_53_fu_2328   |    0    |    15   |
|          |    select_ln51_54_fu_2340   |    0    |    15   |
|          |    select_ln51_55_fu_2352   |    0    |    15   |
|          |    select_ln51_56_fu_2364   |    0    |    15   |
|          |    select_ln51_57_fu_2376   |    0    |    15   |
|          |    select_ln51_58_fu_2388   |    0    |    15   |
|          |    select_ln51_59_fu_2400   |    0    |    15   |
|          |    select_ln51_60_fu_2412   |    0    |    15   |
|          |    select_ln51_61_fu_2424   |    0    |    15   |
|          |    select_ln51_62_fu_2436   |    0    |    15   |
|          |    select_ln51_63_fu_2448   |    0    |    15   |
|----------|-----------------------------|---------|---------|
|   read   | layer2_out_read_read_fu_406 |    0    |    0    |
|----------|-----------------------------|---------|---------|
|   write  |   write_ln57_write_fu_412   |    0    |    0    |
|----------|-----------------------------|---------|---------|
|   trunc  |        in_data_fu_419       |    0    |    0    |
|          |     trunc_ln44_1_fu_423     |    0    |    0    |
|----------|-----------------------------|---------|---------|
|          |     trunc_ln44_2_fu_427     |    0    |    0    |
|          |     trunc_ln44_3_fu_437     |    0    |    0    |
|          |       in_data_4_fu_447      |    0    |    0    |
|          |     trunc_ln44_s_fu_457     |    0    |    0    |
|          |       in_data_5_fu_467      |    0    |    0    |
|          |     trunc_ln44_4_fu_477     |    0    |    0    |
|          |       in_data_6_fu_487      |    0    |    0    |
|          |     trunc_ln44_5_fu_497     |    0    |    0    |
|          |          tmp_fu_507         |    0    |    0    |
|          |     trunc_ln44_6_fu_517     |    0    |    0    |
|          |         tmp_s_fu_527        |    0    |    0    |
|          |     trunc_ln44_7_fu_537     |    0    |    0    |
|          |         tmp_7_fu_547        |    0    |    0    |
|          |     trunc_ln44_8_fu_557     |    0    |    0    |
|          |         tmp_8_fu_567        |    0    |    0    |
|          |     trunc_ln44_9_fu_577     |    0    |    0    |
|          |         tmp_9_fu_587        |    0    |    0    |
|          |     trunc_ln44_10_fu_597    |    0    |    0    |
|          |         tmp_1_fu_607        |    0    |    0    |
|          |     trunc_ln44_11_fu_617    |    0    |    0    |
|          |         tmp_2_fu_627        |    0    |    0    |
|          |     trunc_ln44_12_fu_637    |    0    |    0    |
|          |         tmp_3_fu_647        |    0    |    0    |
|          |     trunc_ln44_13_fu_657    |    0    |    0    |
|          |         tmp_4_fu_667        |    0    |    0    |
|          |     trunc_ln44_14_fu_677    |    0    |    0    |
|          |         tmp_5_fu_687        |    0    |    0    |
|          |     trunc_ln44_15_fu_697    |    0    |    0    |
|          |         tmp_6_fu_707        |    0    |    0    |
|          |     trunc_ln44_16_fu_717    |    0    |    0    |
|          |        tmp_10_fu_727        |    0    |    0    |
|          |     trunc_ln44_17_fu_737    |    0    |    0    |
|          |        tmp_11_fu_747        |    0    |    0    |
|          |     trunc_ln44_18_fu_757    |    0    |    0    |
|          |        tmp_12_fu_767        |    0    |    0    |
|          |     trunc_ln44_19_fu_777    |    0    |    0    |
|          |        tmp_13_fu_787        |    0    |    0    |
|          |     trunc_ln44_20_fu_797    |    0    |    0    |
|          |        tmp_14_fu_807        |    0    |    0    |
|          |     trunc_ln44_21_fu_817    |    0    |    0    |
|          |        tmp_15_fu_827        |    0    |    0    |
|          |     trunc_ln44_22_fu_837    |    0    |    0    |
|          |        tmp_16_fu_847        |    0    |    0    |
|          |     trunc_ln44_23_fu_857    |    0    |    0    |
|          |        tmp_17_fu_867        |    0    |    0    |
|          |     trunc_ln44_24_fu_877    |    0    |    0    |
|          |        tmp_18_fu_887        |    0    |    0    |
|          |     trunc_ln44_25_fu_897    |    0    |    0    |
|          |        tmp_19_fu_907        |    0    |    0    |
|          |     trunc_ln44_26_fu_917    |    0    |    0    |
|          |        tmp_20_fu_927        |    0    |    0    |
|          |     trunc_ln44_27_fu_937    |    0    |    0    |
|          |        tmp_21_fu_947        |    0    |    0    |
|          |     trunc_ln44_28_fu_957    |    0    |    0    |
|          |        tmp_22_fu_967        |    0    |    0    |
|          |     trunc_ln44_29_fu_977    |    0    |    0    |
|          |        tmp_23_fu_987        |    0    |    0    |
|          |     trunc_ln44_30_fu_997    |    0    |    0    |
|          |        tmp_24_fu_1007       |    0    |    0    |
|          |    trunc_ln44_31_fu_1017    |    0    |    0    |
|          |        tmp_25_fu_1027       |    0    |    0    |
|          |    trunc_ln44_32_fu_1037    |    0    |    0    |
|partselect|        tmp_26_fu_1047       |    0    |    0    |
|          |    trunc_ln44_33_fu_1057    |    0    |    0    |
|          |        tmp_27_fu_1067       |    0    |    0    |
|          |    trunc_ln44_34_fu_1077    |    0    |    0    |
|          |        tmp_28_fu_1087       |    0    |    0    |
|          |    trunc_ln44_35_fu_1097    |    0    |    0    |
|          |        tmp_29_fu_1107       |    0    |    0    |
|          |    trunc_ln44_36_fu_1117    |    0    |    0    |
|          |        tmp_30_fu_1127       |    0    |    0    |
|          |    trunc_ln44_37_fu_1137    |    0    |    0    |
|          |        tmp_31_fu_1147       |    0    |    0    |
|          |    trunc_ln44_38_fu_1157    |    0    |    0    |
|          |        tmp_32_fu_1167       |    0    |    0    |
|          |    trunc_ln44_39_fu_1177    |    0    |    0    |
|          |        tmp_33_fu_1187       |    0    |    0    |
|          |    trunc_ln44_40_fu_1197    |    0    |    0    |
|          |        tmp_34_fu_1207       |    0    |    0    |
|          |    trunc_ln44_41_fu_1217    |    0    |    0    |
|          |        tmp_35_fu_1227       |    0    |    0    |
|          |    trunc_ln44_42_fu_1237    |    0    |    0    |
|          |        tmp_36_fu_1247       |    0    |    0    |
|          |    trunc_ln44_43_fu_1257    |    0    |    0    |
|          |        tmp_37_fu_1267       |    0    |    0    |
|          |    trunc_ln44_44_fu_1277    |    0    |    0    |
|          |        tmp_38_fu_1287       |    0    |    0    |
|          |    trunc_ln44_45_fu_1297    |    0    |    0    |
|          |        tmp_39_fu_1307       |    0    |    0    |
|          |    trunc_ln44_46_fu_1317    |    0    |    0    |
|          |        tmp_40_fu_1327       |    0    |    0    |
|          |    trunc_ln44_47_fu_1337    |    0    |    0    |
|          |        tmp_41_fu_1347       |    0    |    0    |
|          |    trunc_ln44_48_fu_1357    |    0    |    0    |
|          |        tmp_42_fu_1367       |    0    |    0    |
|          |    trunc_ln44_49_fu_1377    |    0    |    0    |
|          |        tmp_43_fu_1387       |    0    |    0    |
|          |    trunc_ln44_50_fu_1397    |    0    |    0    |
|          |        tmp_44_fu_1407       |    0    |    0    |
|          |    trunc_ln44_51_fu_1417    |    0    |    0    |
|          |        tmp_45_fu_1427       |    0    |    0    |
|          |    trunc_ln44_52_fu_1437    |    0    |    0    |
|          |        tmp_46_fu_1447       |    0    |    0    |
|          |    trunc_ln44_53_fu_1457    |    0    |    0    |
|          |        tmp_47_fu_1467       |    0    |    0    |
|          |    trunc_ln44_54_fu_1477    |    0    |    0    |
|          |        tmp_48_fu_1487       |    0    |    0    |
|          |    trunc_ln44_55_fu_1497    |    0    |    0    |
|          |        tmp_49_fu_1507       |    0    |    0    |
|          |    trunc_ln44_56_fu_1517    |    0    |    0    |
|          |        tmp_50_fu_1527       |    0    |    0    |
|          |    trunc_ln44_57_fu_1537    |    0    |    0    |
|          |        tmp_51_fu_1547       |    0    |    0    |
|          |    trunc_ln44_58_fu_1557    |    0    |    0    |
|          |        tmp_52_fu_1567       |    0    |    0    |
|          |    trunc_ln44_59_fu_1577    |    0    |    0    |
|          |        tmp_53_fu_1587       |    0    |    0    |
|          |    trunc_ln44_60_fu_1597    |    0    |    0    |
|          |        tmp_54_fu_1607       |    0    |    0    |
|          |    trunc_ln44_61_fu_1617    |    0    |    0    |
|          |        tmp_55_fu_1627       |    0    |    0    |
|          |    trunc_ln44_62_fu_1637    |    0    |    0    |
|          |        tmp_56_fu_1647       |    0    |    0    |
|          |    trunc_ln44_63_fu_1657    |    0    |    0    |
|          |    trunc_ln44_64_fu_1667    |    0    |    0    |
|          |       trunc_ln_fu_1677      |    0    |    0    |
|----------|-----------------------------|---------|---------|
|          |      zext_ln51_fu_2455      |    0    |    0    |
|          |     zext_ln51_2_fu_2458     |    0    |    0    |
|          |     zext_ln51_3_fu_2461     |    0    |    0    |
|          |     zext_ln51_4_fu_2464     |    0    |    0    |
|          |     zext_ln51_5_fu_2467     |    0    |    0    |
|          |     zext_ln51_6_fu_2470     |    0    |    0    |
|          |     zext_ln51_7_fu_2473     |    0    |    0    |
|          |     zext_ln51_8_fu_2476     |    0    |    0    |
|          |     zext_ln51_9_fu_2479     |    0    |    0    |
|          |     zext_ln51_10_fu_2482    |    0    |    0    |
|          |     zext_ln51_11_fu_2485    |    0    |    0    |
|          |     zext_ln51_12_fu_2488    |    0    |    0    |
|          |     zext_ln51_13_fu_2491    |    0    |    0    |
|          |     zext_ln51_14_fu_2494    |    0    |    0    |
|          |     zext_ln51_15_fu_2497    |    0    |    0    |
|          |     zext_ln51_16_fu_2500    |    0    |    0    |
|          |     zext_ln51_17_fu_2503    |    0    |    0    |
|          |     zext_ln51_18_fu_2506    |    0    |    0    |
|          |     zext_ln51_19_fu_2509    |    0    |    0    |
|          |     zext_ln51_20_fu_2512    |    0    |    0    |
|          |     zext_ln51_21_fu_2515    |    0    |    0    |
|          |     zext_ln51_22_fu_2518    |    0    |    0    |
|          |     zext_ln51_23_fu_2521    |    0    |    0    |
|          |     zext_ln51_24_fu_2524    |    0    |    0    |
|          |     zext_ln51_25_fu_2527    |    0    |    0    |
|          |     zext_ln51_26_fu_2530    |    0    |    0    |
|          |     zext_ln51_27_fu_2533    |    0    |    0    |
|          |     zext_ln51_28_fu_2536    |    0    |    0    |
|          |     zext_ln51_29_fu_2539    |    0    |    0    |
|          |     zext_ln51_30_fu_2542    |    0    |    0    |
|          |     zext_ln51_31_fu_2545    |    0    |    0    |
|   zext   |     zext_ln51_32_fu_2548    |    0    |    0    |
|          |     zext_ln51_33_fu_2551    |    0    |    0    |
|          |     zext_ln51_34_fu_2554    |    0    |    0    |
|          |     zext_ln51_35_fu_2557    |    0    |    0    |
|          |     zext_ln51_36_fu_2560    |    0    |    0    |
|          |     zext_ln51_37_fu_2563    |    0    |    0    |
|          |     zext_ln51_38_fu_2566    |    0    |    0    |
|          |     zext_ln51_39_fu_2569    |    0    |    0    |
|          |     zext_ln51_40_fu_2572    |    0    |    0    |
|          |     zext_ln51_41_fu_2575    |    0    |    0    |
|          |     zext_ln51_42_fu_2578    |    0    |    0    |
|          |     zext_ln51_43_fu_2581    |    0    |    0    |
|          |     zext_ln51_44_fu_2584    |    0    |    0    |
|          |     zext_ln51_45_fu_2587    |    0    |    0    |
|          |     zext_ln51_46_fu_2590    |    0    |    0    |
|          |     zext_ln51_47_fu_2593    |    0    |    0    |
|          |     zext_ln51_48_fu_2596    |    0    |    0    |
|          |     zext_ln51_49_fu_2599    |    0    |    0    |
|          |     zext_ln51_50_fu_2602    |    0    |    0    |
|          |     zext_ln51_51_fu_2605    |    0    |    0    |
|          |     zext_ln51_52_fu_2608    |    0    |    0    |
|          |     zext_ln51_53_fu_2611    |    0    |    0    |
|          |     zext_ln51_54_fu_2614    |    0    |    0    |
|          |     zext_ln51_55_fu_2617    |    0    |    0    |
|          |     zext_ln51_56_fu_2620    |    0    |    0    |
|          |     zext_ln51_57_fu_2623    |    0    |    0    |
|          |     zext_ln51_58_fu_2626    |    0    |    0    |
|          |     zext_ln51_59_fu_2629    |    0    |    0    |
|          |     zext_ln51_60_fu_2632    |    0    |    0    |
|          |     zext_ln51_61_fu_2635    |    0    |    0    |
|          |     zext_ln51_62_fu_2638    |    0    |    0    |
|          |     zext_ln51_63_fu_2641    |    0    |    0    |
|          |      zext_ln57_fu_2775      |    0    |    0    |
|----------|-----------------------------|---------|---------|
|bitconcatenate|      or_ln57_s_fu_2644      |    0    |    0    |
|----------|-----------------------------|---------|---------|
|   Total  |                             |    0    |   2432  |
|----------|-----------------------------|---------|---------|

Memories:
N/A

* Register list:
+-----------------------+--------+
|                       |   FF   |
+-----------------------+--------+
|   in_data_4_reg_2800  |   16   |
|   in_data_5_reg_2810  |   16   |
|   in_data_6_reg_2820  |   16   |
|    in_data_reg_2780   |   16   |
|select_ln51_10_reg_3470|   15   |
|select_ln51_11_reg_3475|   15   |
|select_ln51_12_reg_3480|   15   |
|select_ln51_13_reg_3485|   15   |
|select_ln51_14_reg_3490|   15   |
|select_ln51_15_reg_3495|   15   |
|select_ln51_16_reg_3500|   15   |
|select_ln51_17_reg_3505|   15   |
|select_ln51_18_reg_3510|   15   |
|select_ln51_19_reg_3515|   15   |
| select_ln51_1_reg_3425|   15   |
|select_ln51_20_reg_3520|   15   |
|select_ln51_21_reg_3525|   15   |
|select_ln51_22_reg_3530|   15   |
|select_ln51_23_reg_3535|   15   |
|select_ln51_24_reg_3540|   15   |
|select_ln51_25_reg_3545|   15   |
|select_ln51_26_reg_3550|   15   |
|select_ln51_27_reg_3555|   15   |
|select_ln51_28_reg_3560|   15   |
|select_ln51_29_reg_3565|   15   |
| select_ln51_2_reg_3430|   15   |
|select_ln51_30_reg_3570|   15   |
|select_ln51_31_reg_3575|   15   |
|select_ln51_32_reg_3580|   15   |
|select_ln51_33_reg_3585|   15   |
|select_ln51_34_reg_3590|   15   |
|select_ln51_35_reg_3595|   15   |
|select_ln51_36_reg_3600|   15   |
|select_ln51_37_reg_3605|   15   |
|select_ln51_38_reg_3610|   15   |
|select_ln51_39_reg_3615|   15   |
| select_ln51_3_reg_3435|   15   |
|select_ln51_40_reg_3620|   15   |
|select_ln51_41_reg_3625|   15   |
|select_ln51_42_reg_3630|   15   |
|select_ln51_43_reg_3635|   15   |
|select_ln51_44_reg_3640|   15   |
|select_ln51_45_reg_3645|   15   |
|select_ln51_46_reg_3650|   15   |
|select_ln51_47_reg_3655|   15   |
|select_ln51_48_reg_3660|   15   |
|select_ln51_49_reg_3665|   15   |
| select_ln51_4_reg_3440|   15   |
|select_ln51_50_reg_3670|   15   |
|select_ln51_51_reg_3675|   15   |
|select_ln51_52_reg_3680|   15   |
|select_ln51_53_reg_3685|   15   |
|select_ln51_54_reg_3690|   15   |
|select_ln51_55_reg_3695|   15   |
|select_ln51_56_reg_3700|   15   |
|select_ln51_57_reg_3705|   15   |
|select_ln51_58_reg_3710|   15   |
|select_ln51_59_reg_3715|   15   |
| select_ln51_5_reg_3445|   15   |
|select_ln51_60_reg_3720|   15   |
|select_ln51_61_reg_3725|   15   |
|select_ln51_62_reg_3730|   15   |
|select_ln51_63_reg_3735|   15   |
| select_ln51_6_reg_3450|   15   |
| select_ln51_7_reg_3455|   15   |
| select_ln51_8_reg_3460|   15   |
| select_ln51_9_reg_3465|   15   |
|  select_ln51_reg_3420 |   15   |
|    tmp_10_reg_2940    |   16   |
|    tmp_11_reg_2950    |   16   |
|    tmp_12_reg_2960    |   16   |
|    tmp_13_reg_2970    |   16   |
|    tmp_14_reg_2980    |   16   |
|    tmp_15_reg_2990    |   16   |
|    tmp_16_reg_3000    |   16   |
|    tmp_17_reg_3010    |   16   |
|    tmp_18_reg_3020    |   16   |
|    tmp_19_reg_3030    |   16   |
|     tmp_1_reg_2880    |   16   |
|    tmp_20_reg_3040    |   16   |
|    tmp_21_reg_3050    |   16   |
|    tmp_22_reg_3060    |   16   |
|    tmp_23_reg_3070    |   16   |
|    tmp_24_reg_3080    |   16   |
|    tmp_25_reg_3090    |   16   |
|    tmp_26_reg_3100    |   16   |
|    tmp_27_reg_3110    |   16   |
|    tmp_28_reg_3120    |   16   |
|    tmp_29_reg_3130    |   16   |
|     tmp_2_reg_2890    |   16   |
|    tmp_30_reg_3140    |   16   |
|    tmp_31_reg_3150    |   16   |
|    tmp_32_reg_3160    |   16   |
|    tmp_33_reg_3170    |   16   |
|    tmp_34_reg_3180    |   16   |
|    tmp_35_reg_3190    |   16   |
|    tmp_36_reg_3200    |   16   |
|    tmp_37_reg_3210    |   16   |
|    tmp_38_reg_3220    |   16   |
|    tmp_39_reg_3230    |   16   |
|     tmp_3_reg_2900    |   16   |
|    tmp_40_reg_3240    |   16   |
|    tmp_41_reg_3250    |   16   |
|    tmp_42_reg_3260    |   16   |
|    tmp_43_reg_3270    |   16   |
|    tmp_44_reg_3280    |   16   |
|    tmp_45_reg_3290    |   16   |
|    tmp_46_reg_3300    |   16   |
|    tmp_47_reg_3310    |   16   |
|    tmp_48_reg_3320    |   16   |
|    tmp_49_reg_3330    |   16   |
|     tmp_4_reg_2910    |   16   |
|    tmp_50_reg_3340    |   16   |
|    tmp_51_reg_3350    |   16   |
|    tmp_52_reg_3360    |   16   |
|    tmp_53_reg_3370    |   16   |
|    tmp_54_reg_3380    |   16   |
|    tmp_55_reg_3390    |   16   |
|    tmp_56_reg_3400    |   16   |
|     tmp_5_reg_2920    |   16   |
|     tmp_6_reg_2930    |   16   |
|     tmp_7_reg_2850    |   16   |
|     tmp_8_reg_2860    |   16   |
|     tmp_9_reg_2870    |   16   |
|      tmp_reg_2830     |   16   |
|     tmp_s_reg_2840    |   16   |
| trunc_ln44_10_reg_2875|   15   |
| trunc_ln44_11_reg_2885|   15   |
| trunc_ln44_12_reg_2895|   15   |
| trunc_ln44_13_reg_2905|   15   |
| trunc_ln44_14_reg_2915|   15   |
| trunc_ln44_15_reg_2925|   15   |
| trunc_ln44_16_reg_2935|   15   |
| trunc_ln44_17_reg_2945|   15   |
| trunc_ln44_18_reg_2955|   15   |
| trunc_ln44_19_reg_2965|   15   |
| trunc_ln44_1_reg_2785 |   15   |
| trunc_ln44_20_reg_2975|   15   |
| trunc_ln44_21_reg_2985|   15   |
| trunc_ln44_22_reg_2995|   15   |
| trunc_ln44_23_reg_3005|   15   |
| trunc_ln44_24_reg_3015|   15   |
| trunc_ln44_25_reg_3025|   15   |
| trunc_ln44_26_reg_3035|   15   |
| trunc_ln44_27_reg_3045|   15   |
| trunc_ln44_28_reg_3055|   15   |
| trunc_ln44_29_reg_3065|   15   |
| trunc_ln44_2_reg_2790 |   16   |
| trunc_ln44_30_reg_3075|   15   |
| trunc_ln44_31_reg_3085|   15   |
| trunc_ln44_32_reg_3095|   15   |
| trunc_ln44_33_reg_3105|   15   |
| trunc_ln44_34_reg_3115|   15   |
| trunc_ln44_35_reg_3125|   15   |
| trunc_ln44_36_reg_3135|   15   |
| trunc_ln44_37_reg_3145|   15   |
| trunc_ln44_38_reg_3155|   15   |
| trunc_ln44_39_reg_3165|   15   |
| trunc_ln44_3_reg_2795 |   16   |
| trunc_ln44_40_reg_3175|   15   |
| trunc_ln44_41_reg_3185|   15   |
| trunc_ln44_42_reg_3195|   15   |
| trunc_ln44_43_reg_3205|   15   |
| trunc_ln44_44_reg_3215|   15   |
| trunc_ln44_45_reg_3225|   15   |
| trunc_ln44_46_reg_3235|   15   |
| trunc_ln44_47_reg_3245|   15   |
| trunc_ln44_48_reg_3255|   15   |
| trunc_ln44_49_reg_3265|   15   |
| trunc_ln44_4_reg_2815 |   15   |
| trunc_ln44_50_reg_3275|   15   |
| trunc_ln44_51_reg_3285|   15   |
| trunc_ln44_52_reg_3295|   15   |
| trunc_ln44_53_reg_3305|   15   |
| trunc_ln44_54_reg_3315|   15   |
| trunc_ln44_55_reg_3325|   15   |
| trunc_ln44_56_reg_3335|   15   |
| trunc_ln44_57_reg_3345|   15   |
| trunc_ln44_58_reg_3355|   15   |
| trunc_ln44_59_reg_3365|   15   |
| trunc_ln44_5_reg_2825 |   15   |
| trunc_ln44_60_reg_3375|   15   |
| trunc_ln44_61_reg_3385|   15   |
| trunc_ln44_62_reg_3395|   15   |
| trunc_ln44_63_reg_3405|   15   |
| trunc_ln44_64_reg_3410|   15   |
| trunc_ln44_6_reg_2835 |   15   |
| trunc_ln44_7_reg_2845 |   15   |
| trunc_ln44_8_reg_2855 |   15   |
| trunc_ln44_9_reg_2865 |   15   |
| trunc_ln44_s_reg_2805 |   15   |
|   trunc_ln_reg_3415   |   15   |
+-----------------------+--------+
|         Total         |  2944  |
+-----------------------+--------+

* Multiplexer (MUX) list: 
|--------|------|------|------|--------|
|  Comp  |  Pin | Size |  BW  | S x BW |
|--------|------|------|------|--------|
|  Total |      |      |      |    0   |
|--------|------|------|------|--------|



* Summary:
+-----------+--------+--------+
|           |   FF   |   LUT  |
+-----------+--------+--------+
|  Function |    0   |  2432  |
|   Memory  |    -   |    -   |
|Multiplexer|    -   |    -   |
|  Register |  2944  |    -   |
+-----------+--------+--------+
|   Total   |  2944  |  2432  |
+-----------+--------+--------+
