

================================================================
== Synthesis Summary Report of 'myproject'
================================================================
+ General Information: 
    * Date:           Mon Sep 21 23:27:13 2026
    * Version:        2023.1.1 (Build 3869133 on Jun 15 2023)
    * Project:        myproject_prj
    * Solution:       solution1 (Vivado IP Flow Target)
    * Product family: zynq
    * Target device:  xc7z020-clg400-1
    

+ Performance & Resource Estimates: 
    
    PS: '+' for module; 'o' for loop; '*' for dataflow
    +-------------------------------------------------------------------------+------+------+---------+---------+----------+---------+------+----------+------------+-------------+---------------+-------------+-----+
    |                                 Modules                                 | Issue|      | Latency | Latency | Iteration|         | Trip |          |            |             |               |             |     |
    |                                 & Loops                                 | Type | Slack| (cycles)|   (ns)  |  Latency | Interval| Count| Pipelined|    BRAM    |     DSP     |       FF      |     LUT     | URAM|
    +-------------------------------------------------------------------------+------+------+---------+---------+----------+---------+------+----------+------------+-------------+---------------+-------------+-----+
    |+ myproject*                                                             |     -|  0.23|       63|  315.000|         -|       18|     -|  dataflow|  477 (170%)|  1066 (484%)|  139230 (130%)|  41007 (77%)|    -|
    | + dense_array_ap_fixed_16u_array_ap_fixed_16_6_5_3_0_64u_config2_s      |    II|  0.23|       11|   55.000|         -|        4|     -|    rewind|   114 (40%)|   256 (116%)|    31115 (29%)|   8559 (16%)|    -|
    |  o ReuseLoop                                                            |     -|  3.65|       10|   50.000|         8|        1|     4|       yes|           -|            -|              -|            -|    -|
    | + relu_array_ap_fixed_64u_array_ap_fixed_16_6_5_3_0_64u_relu_config3_s  |     -|  0.82|        2|   10.000|         -|        2|     -|        no|           -|            -|      2949 (2%)|    2490 (4%)|    -|
    | + dense_array_ap_fixed_64u_array_ap_fixed_16_6_5_3_0_32u_config4_s      |    II|  0.23|       14|   70.000|         -|        4|     -|    rewind|   228 (81%)|   512 (232%)|    62798 (59%)|  15755 (29%)|    -|
    |  o ReuseLoop                                                            |     -|  3.65|       13|   65.000|        11|        1|     4|       yes|           -|            -|              -|            -|    -|
    | + relu_array_ap_fixed_32u_array_ap_fixed_16_6_5_3_0_32u_relu_config5_s  |     -|  0.82|        2|   10.000|         -|        2|     -|        no|           -|            -|      1477 (1%)|    1274 (2%)|    -|
    | + dense_array_ap_fixed_32u_array_ap_fixed_16_6_5_3_0_32u_config6_s      |    II|  0.23|       13|   65.000|         -|        4|     -|    rewind|   114 (40%)|   256 (116%)|    31695 (29%)|   8331 (15%)|    -|
    |  o ReuseLoop                                                            |     -|  3.65|       12|   60.000|        10|        1|     4|       yes|           -|            -|              -|            -|    -|
    | + relu_array_ap_fixed_32u_array_ap_fixed_16_6_5_3_0_32u_relu_config7_s  |     -|  0.82|        2|   10.000|         -|        2|     -|        no|           -|            -|      1477 (1%)|    1274 (2%)|    -|
    | + dense_array_ap_fixed_32u_array_ap_fixed_16_6_5_3_0_5u_config8_s       |    II|  0.23|       13|   65.000|         -|        4|     -|    rewind|     18 (6%)|     40 (18%)|      6423 (6%)|    2310 (4%)|    -|
    |  o ReuseLoop                                                            |     -|  3.65|       12|   60.000|        10|        1|     4|       yes|           -|            -|              -|            -|    -|
    | + softmax_array_array_ap_fixed_16_6_5_3_0_5u_softmax_config9_s          |     -|  0.30|       17|   85.000|         -|       17|     -|        no|      3 (1%)|      2 (~0%)|      603 (~0%)|     536 (1%)|    -|
    |  + softmax_stable_array_array_ap_fixed_16_6_5_3_0_5u_softmax_config9_s  |     -|  0.30|       15|   75.000|         -|       15|     -|        no|      3 (1%)|      2 (~0%)|      598 (~0%)|    494 (~0%)|    -|
    +-------------------------------------------------------------------------+------+------+---------+---------+----------+---------+------+----------+------------+-------------+---------------+-------------+-----+


================================================================
== HW Interfaces
================================================================
* AXIS
+------------+-----------+---------------+-------+--------+--------+
| Interface  | Direction | Register Mode | TDATA | TREADY | TVALID |
+------------+-----------+---------------+-------+--------+--------+
| input_1    | in        | both          | 256   | 1      | 1      |
| layer9_out | out       | both          | 80    | 1      | 1      |
+------------+-----------+---------------+-------+--------+--------+

* TOP LEVEL CONTROL
+-----------+------------+-----------------------------------+
| Interface | Type       | Ports                             |
+-----------+------------+-----------------------------------+
| ap_clk    | clock      | ap_clk                            |
| ap_rst_n  | reset      | ap_rst_n                          |
| ap_ctrl   | ap_ctrl_hs | ap_done ap_idle ap_ready ap_start |
+-----------+------------+-----------------------------------+


================================================================
== SW I/O Information
================================================================
* Top Function Arguments
+------------+-----------+------------------------------------------------------------------+
| Argument   | Direction | Datatype                                                         |
+------------+-----------+------------------------------------------------------------------+
| input_1    | in        | stream<nnet::array<ap_fixed<16, 6, AP_TRN, AP_WRAP, 0>, 16>, 0>& |
| layer9_out | out       | stream<nnet::array<ap_fixed<16, 6, AP_TRN, AP_WRAP, 0>, 5>, 0>&  |
+------------+-----------+------------------------------------------------------------------+

* SW-to-HW Mapping
+------------+--------------+-----------+
| Argument   | HW Interface | HW Type   |
+------------+--------------+-----------+
| input_1    | input_1      | interface |
| layer9_out | layer9_out   | interface |
+------------+--------------+-----------+


================================================================
== M_AXI Burst Information
================================================================
 Note: All burst requests might be further partitioned into multiple requests during RTL generation based on max_read_burst_length or max_write_burst_length settings.


================================================================
== Bind Op Report
================================================================
+-------------------------------------------------------------------------+------+--------+---------------+-----+--------+---------+
| Name                                                                    | DSP  | Pragma | Variable      | Op  | Impl   | Latency |
+-------------------------------------------------------------------------+------+--------+---------------+-----+--------+---------+
| + myproject                                                             | 1066 |        |               |     |        |         |
|  + dense_array_ap_fixed_16u_array_ap_fixed_16_6_5_3_0_64u_config2_s     | 256  |        |               |     |        |         |
|    mul_16s_16s_26_2_1_U5                                                | 1    |        | mul_ln58      | mul | auto   | 1       |
|    mul_16s_16s_26_2_1_U6                                                | 1    |        | mul_ln58_806  | mul | auto   | 1       |
|    mul_16s_16s_26_2_1_U7                                                | 1    |        | mul_ln58_807  | mul | auto   | 1       |
|    mul_16s_16s_26_2_1_U8                                                | 1    |        | mul_ln58_808  | mul | auto   | 1       |
|    add_ln58_fu_10212_p2                                                 | -    |        | add_ln58      | add | fabric | 0       |
|    add_ln58_806_fu_10216_p2                                             | -    |        | add_ln58_806  | add | fabric | 0       |
|    add_ln58_807_fu_10724_p2                                             | -    |        | add_ln58_807  | add | fabric | 0       |
|    acc_fu_10980_p2                                                      | -    |        | acc           | add | fabric | 0       |
|    mul_16s_16s_26_2_1_U9                                                | 1    |        | mul_ln58_809  | mul | auto   | 1       |
|    mul_16s_16s_26_2_1_U10                                               | 1    |        | mul_ln58_810  | mul | auto   | 1       |
|    mul_16s_16s_26_2_1_U11                                               | 1    |        | mul_ln58_811  | mul | auto   | 1       |
|    mul_16s_16s_26_2_1_U12                                               | 1    |        | mul_ln58_812  | mul | auto   | 1       |
|    add_ln58_809_fu_10220_p2                                             | -    |        | add_ln58_809  | add | fabric | 0       |
|    add_ln58_810_fu_10224_p2                                             | -    |        | add_ln58_810  | add | fabric | 0       |
|    add_ln58_811_fu_10728_p2                                             | -    |        | add_ln58_811  | add | fabric | 0       |
|    acc_188_fu_10985_p2                                                  | -    |        | acc_188       | add | fabric | 0       |
|    mul_16s_16s_26_2_1_U13                                               | 1    |        | mul_ln58_813  | mul | auto   | 1       |
|    mul_16s_16s_26_2_1_U14                                               | 1    |        | mul_ln58_814  | mul | auto   | 1       |
|    mul_16s_16s_26_2_1_U15                                               | 1    |        | mul_ln58_815  | mul | auto   | 1       |
|    mul_16s_16s_26_2_1_U16                                               | 1    |        | mul_ln58_816  | mul | auto   | 1       |
|    add_ln58_813_fu_10228_p2                                             | -    |        | add_ln58_813  | add | fabric | 0       |
|    add_ln58_814_fu_10232_p2                                             | -    |        | add_ln58_814  | add | fabric | 0       |
|    add_ln58_815_fu_10732_p2                                             | -    |        | add_ln58_815  | add | fabric | 0       |
|    acc_189_fu_10990_p2                                                  | -    |        | acc_189       | add | fabric | 0       |
|    mul_16s_16s_26_2_1_U17                                               | 1    |        | mul_ln58_817  | mul | auto   | 1       |
|    mul_16s_16s_26_2_1_U18                                               | 1    |        | mul_ln58_818  | mul | auto   | 1       |
|    mul_16s_16s_26_2_1_U19                                               | 1    |        | mul_ln58_819  | mul | auto   | 1       |
|    mul_16s_16s_26_2_1_U20                                               | 1    |        | mul_ln58_820  | mul | auto   | 1       |
|    add_ln58_817_fu_10236_p2                                             | -    |        | add_ln58_817  | add | fabric | 0       |
|    add_ln58_818_fu_10240_p2                                             | -    |        | add_ln58_818  | add | fabric | 0       |
|    add_ln58_819_fu_10736_p2                                             | -    |        | add_ln58_819  | add | fabric | 0       |
|    acc_190_fu_10995_p2                                                  | -    |        | acc_190       | add | fabric | 0       |
|    mul_16s_16s_26_2_1_U21                                               | 1    |        | mul_ln58_821  | mul | auto   | 1       |
|    mul_16s_16s_26_2_1_U22                                               | 1    |        | mul_ln58_822  | mul | auto   | 1       |
|    mul_16s_16s_26_2_1_U23                                               | 1    |        | mul_ln58_823  | mul | auto   | 1       |
|    mul_16s_16s_26_2_1_U24                                               | 1    |        | mul_ln58_824  | mul | auto   | 1       |
|    add_ln58_821_fu_10244_p2                                             | -    |        | add_ln58_821  | add | fabric | 0       |
|    add_ln58_822_fu_10248_p2                                             | -    |        | add_ln58_822  | add | fabric | 0       |
|    add_ln58_823_fu_10740_p2                                             | -    |        | add_ln58_823  | add | fabric | 0       |
|    acc_191_fu_11000_p2                                                  | -    |        | acc_191       | add | fabric | 0       |
|    mul_16s_16s_26_2_1_U25                                               | 1    |        | mul_ln58_825  | mul | auto   | 1       |
|    mul_16s_16s_26_2_1_U26                                               | 1    |        | mul_ln58_826  | mul | auto   | 1       |
|    mul_16s_16s_26_2_1_U27                                               | 1    |        | mul_ln58_827  | mul | auto   | 1       |
|    mul_16s_16s_26_2_1_U28                                               | 1    |        | mul_ln58_828  | mul | auto   | 1       |
|    add_ln58_825_fu_10252_p2                                             | -    |        | add_ln58_825  | add | fabric | 0       |
|    add_ln58_826_fu_10256_p2                                             | -    |        | add_ln58_826  | add | fabric | 0       |
|    add_ln58_827_fu_10744_p2                                             | -    |        | add_ln58_827  | add | fabric | 0       |
|    acc_192_fu_11005_p2                                                  | -    |        | acc_192       | add | fabric | 0       |
|    mul_16s_16s_26_2_1_U29                                               | 1    |        | mul_ln58_829  | mul | auto   | 1       |
|    mul_16s_16s_26_2_1_U30                                               | 1    |        | mul_ln58_830  | mul | auto   | 1       |
|    mul_16s_16s_26_2_1_U31                                               | 1    |        | mul_ln58_831  | mul | auto   | 1       |
|    mul_16s_16s_26_2_1_U32                                               | 1    |        | mul_ln58_832  | mul | auto   | 1       |
|    add_ln58_829_fu_10260_p2                                             | -    |        | add_ln58_829  | add | fabric | 0       |
|    add_ln58_830_fu_10264_p2                                             | -    |        | add_ln58_830  | add | fabric | 0       |
|    add_ln58_831_fu_10748_p2                                             | -    |        | add_ln58_831  | add | fabric | 0       |
|    acc_193_fu_11010_p2                                                  | -    |        | acc_193       | add | fabric | 0       |
|    mul_16s_16s_26_2_1_U33                                               | 1    |        | mul_ln58_833  | mul | auto   | 1       |
|    mul_16s_16s_26_2_1_U34                                               | 1    |        | mul_ln58_834  | mul | auto   | 1       |
|    mul_16s_16s_26_2_1_U35                                               | 1    |        | mul_ln58_835  | mul | auto   | 1       |
|    mul_16s_16s_26_2_1_U36                                               | 1    |        | mul_ln58_836  | mul | auto   | 1       |
|    add_ln58_833_fu_10268_p2                                             | -    |        | add_ln58_833  | add | fabric | 0       |
|    add_ln58_834_fu_10272_p2                                             | -    |        | add_ln58_834  | add | fabric | 0       |
|    add_ln58_835_fu_10752_p2                                             | -    |        | add_ln58_835  | add | fabric | 0       |
|    acc_194_fu_11015_p2                                                  | -    |        | acc_194       | add | fabric | 0       |
|    mul_16s_16s_26_2_1_U37                                               | 1    |        | mul_ln58_837  | mul | auto   | 1       |
|    mul_16s_16s_26_2_1_U38                                               | 1    |        | mul_ln58_838  | mul | auto   | 1       |
|    mul_16s_16s_26_2_1_U39                                               | 1    |        | mul_ln58_839  | mul | auto   | 1       |
|    mul_16s_16s_26_2_1_U40                                               | 1    |        | mul_ln58_840  | mul | auto   | 1       |
|    add_ln58_837_fu_10276_p2                                             | -    |        | add_ln58_837  | add | fabric | 0       |
|    add_ln58_838_fu_10280_p2                                             | -    |        | add_ln58_838  | add | fabric | 0       |
|    add_ln58_839_fu_10756_p2                                             | -    |        | add_ln58_839  | add | fabric | 0       |
|    acc_195_fu_11020_p2                                                  | -    |        | acc_195       | add | fabric | 0       |
|    mul_16s_16s_26_2_1_U41                                               | 1    |        | mul_ln58_841  | mul | auto   | 1       |
|    mul_16s_16s_26_2_1_U42                                               | 1    |        | mul_ln58_842  | mul | auto   | 1       |
|    mul_16s_16s_26_2_1_U43                                               | 1    |        | mul_ln58_843  | mul | auto   | 1       |
|    mul_16s_16s_26_2_1_U44                                               | 1    |        | mul_ln58_844  | mul | auto   | 1       |
|    add_ln58_841_fu_10284_p2                                             | -    |        | add_ln58_841  | add | fabric | 0       |
|    add_ln58_842_fu_10288_p2                                             | -    |        | add_ln58_842  | add | fabric | 0       |
|    add_ln58_843_fu_10760_p2                                             | -    |        | add_ln58_843  | add | fabric | 0       |
|    acc_196_fu_11025_p2                                                  | -    |        | acc_196       | add | fabric | 0       |
|    mul_16s_16s_26_2_1_U45                                               | 1    |        | mul_ln58_845  | mul | auto   | 1       |
|    mul_16s_16s_26_2_1_U46                                               | 1    |        | mul_ln58_846  | mul | auto   | 1       |
|    mul_16s_16s_26_2_1_U47                                               | 1    |        | mul_ln58_847  | mul | auto   | 1       |
|    mul_16s_16s_26_2_1_U48                                               | 1    |        | mul_ln58_848  | mul | auto   | 1       |
|    add_ln58_845_fu_10292_p2                                             | -    |        | add_ln58_845  | add | fabric | 0       |
|    add_ln58_846_fu_10296_p2                                             | -    |        | add_ln58_846  | add | fabric | 0       |
|    add_ln58_847_fu_10764_p2                                             | -    |        | add_ln58_847  | add | fabric | 0       |
|    acc_197_fu_11030_p2                                                  | -    |        | acc_197       | add | fabric | 0       |
|    mul_16s_16s_26_2_1_U49                                               | 1    |        | mul_ln58_849  | mul | auto   | 1       |
|    mul_16s_16s_26_2_1_U50                                               | 1    |        | mul_ln58_850  | mul | auto   | 1       |
|    mul_16s_16s_26_2_1_U51                                               | 1    |        | mul_ln58_851  | mul | auto   | 1       |
|    mul_16s_16s_26_2_1_U52                                               | 1    |        | mul_ln58_852  | mul | auto   | 1       |
|    add_ln58_849_fu_10300_p2                                             | -    |        | add_ln58_849  | add | fabric | 0       |
|    add_ln58_850_fu_10304_p2                                             | -    |        | add_ln58_850  | add | fabric | 0       |
|    add_ln58_851_fu_10768_p2                                             | -    |        | add_ln58_851  | add | fabric | 0       |
|    acc_198_fu_11035_p2                                                  | -    |        | acc_198       | add | fabric | 0       |
|    mul_16s_16s_26_2_1_U53                                               | 1    |        | mul_ln58_853  | mul | auto   | 1       |
|    mul_16s_16s_26_2_1_U54                                               | 1    |        | mul_ln58_854  | mul | auto   | 1       |
|    mul_16s_16s_26_2_1_U55                                               | 1    |        | mul_ln58_855  | mul | auto   | 1       |
|    mul_16s_16s_26_2_1_U56                                               | 1    |        | mul_ln58_856  | mul | auto   | 1       |
|    add_ln58_853_fu_10308_p2                                             | -    |        | add_ln58_853  | add | fabric | 0       |
|    add_ln58_854_fu_10312_p2                                             | -    |        | add_ln58_854  | add | fabric | 0       |
|    add_ln58_855_fu_10772_p2                                             | -    |        | add_ln58_855  | add | fabric | 0       |
|    acc_199_fu_11040_p2                                                  | -    |        | acc_199       | add | fabric | 0       |
|    mul_16s_16s_26_2_1_U57                                               | 1    |        | mul_ln58_857  | mul | auto   | 1       |
|    mul_16s_16s_26_2_1_U58                                               | 1    |        | mul_ln58_858  | mul | auto   | 1       |
|    mul_16s_16s_26_2_1_U59                                               | 1    |        | mul_ln58_859  | mul | auto   | 1       |
|    mul_16s_16s_26_2_1_U60                                               | 1    |        | mul_ln58_860  | mul | auto   | 1       |
|    add_ln58_857_fu_10316_p2                                             | -    |        | add_ln58_857  | add | fabric | 0       |
|    add_ln58_858_fu_10320_p2                                             | -    |        | add_ln58_858  | add | fabric | 0       |
|    add_ln58_859_fu_10776_p2                                             | -    |        | add_ln58_859  | add | fabric | 0       |
|    acc_200_fu_11045_p2                                                  | -    |        | acc_200       | add | fabric | 0       |
|    mul_16s_16s_26_2_1_U61                                               | 1    |        | mul_ln58_861  | mul | auto   | 1       |
|    mul_16s_16s_26_2_1_U62                                               | 1    |        | mul_ln58_862  | mul | auto   | 1       |
|    mul_16s_16s_26_2_1_U63                                               | 1    |        | mul_ln58_863  | mul | auto   | 1       |
|    mul_16s_16s_26_2_1_U64                                               | 1    |        | mul_ln58_864  | mul | auto   | 1       |
|    add_ln58_861_fu_10324_p2                                             | -    |        | add_ln58_861  | add | fabric | 0       |
|    add_ln58_862_fu_10328_p2                                             | -    |        | add_ln58_862  | add | fabric | 0       |
|    add_ln58_863_fu_10780_p2                                             | -    |        | add_ln58_863  | add | fabric | 0       |
|    acc_201_fu_11050_p2                                                  | -    |        | acc_201       | add | fabric | 0       |
|    mul_16s_16s_26_2_1_U65                                               | 1    |        | mul_ln58_865  | mul | auto   | 1       |
|    mul_16s_16s_26_2_1_U66                                               | 1    |        | mul_ln58_866  | mul | auto   | 1       |
|    mul_16s_16s_26_2_1_U67                                               | 1    |        | mul_ln58_867  | mul | auto   | 1       |
|    mul_16s_16s_26_2_1_U68                                               | 1    |        | mul_ln58_868  | mul | auto   | 1       |
|    add_ln58_865_fu_10332_p2                                             | -    |        | add_ln58_865  | add | fabric | 0       |
|    add_ln58_866_fu_10336_p2                                             | -    |        | add_ln58_866  | add | fabric | 0       |
|    add_ln58_867_fu_10784_p2                                             | -    |        | add_ln58_867  | add | fabric | 0       |
|    acc_202_fu_11055_p2                                                  | -    |        | acc_202       | add | fabric | 0       |
|    mul_16s_16s_26_2_1_U69                                               | 1    |        | mul_ln58_869  | mul | auto   | 1       |
|    mul_16s_16s_26_2_1_U70                                               | 1    |        | mul_ln58_870  | mul | auto   | 1       |
|    mul_16s_16s_26_2_1_U71                                               | 1    |        | mul_ln58_871  | mul | auto   | 1       |
|    mul_16s_16s_26_2_1_U72                                               | 1    |        | mul_ln58_872  | mul | auto   | 1       |
|    add_ln58_869_fu_10340_p2                                             | -    |        | add_ln58_869  | add | fabric | 0       |
|    add_ln58_870_fu_10344_p2                                             | -    |        | add_ln58_870  | add | fabric | 0       |
|    add_ln58_871_fu_10788_p2                                             | -    |        | add_ln58_871  | add | fabric | 0       |
|    acc_203_fu_11060_p2                                                  | -    |        | acc_203       | add | fabric | 0       |
|    mul_16s_16s_26_2_1_U73                                               | 1    |        | mul_ln58_873  | mul | auto   | 1       |
|    mul_16s_16s_26_2_1_U74                                               | 1    |        | mul_ln58_874  | mul | auto   | 1       |
|    mul_16s_16s_26_2_1_U75                                               | 1    |        | mul_ln58_875  | mul | auto   | 1       |
|    mul_16s_16s_26_2_1_U76                                               | 1    |        | mul_ln58_876  | mul | auto   | 1       |
|    add_ln58_873_fu_10348_p2                                             | -    |        | add_ln58_873  | add | fabric | 0       |
|    add_ln58_874_fu_10352_p2                                             | -    |        | add_ln58_874  | add | fabric | 0       |
|    add_ln58_875_fu_10792_p2                                             | -    |        | add_ln58_875  | add | fabric | 0       |
|    acc_204_fu_11065_p2                                                  | -    |        | acc_204       | add | fabric | 0       |
|    mul_16s_16s_26_2_1_U77                                               | 1    |        | mul_ln58_877  | mul | auto   | 1       |
|    mul_16s_16s_26_2_1_U78                                               | 1    |        | mul_ln58_878  | mul | auto   | 1       |
|    mul_16s_16s_26_2_1_U79                                               | 1    |        | mul_ln58_879  | mul | auto   | 1       |
|    mul_16s_16s_26_2_1_U80                                               | 1    |        | mul_ln58_880  | mul | auto   | 1       |
|    add_ln58_877_fu_10356_p2                                             | -    |        | add_ln58_877  | add | fabric | 0       |
|    add_ln58_878_fu_10360_p2                                             | -    |        | add_ln58_878  | add | fabric | 0       |
|    add_ln58_879_fu_10796_p2                                             | -    |        | add_ln58_879  | add | fabric | 0       |
|    acc_205_fu_11070_p2                                                  | -    |        | acc_205       | add | fabric | 0       |
|    mul_16s_16s_26_2_1_U81                                               | 1    |        | mul_ln58_881  | mul | auto   | 1       |
|    mul_16s_16s_26_2_1_U82                                               | 1    |        | mul_ln58_882  | mul | auto   | 1       |
|    mul_16s_16s_26_2_1_U83                                               | 1    |        | mul_ln58_883  | mul | auto   | 1       |
|    mul_16s_16s_26_2_1_U84                                               | 1    |        | mul_ln58_884  | mul | auto   | 1       |
|    add_ln58_881_fu_10364_p2                                             | -    |        | add_ln58_881  | add | fabric | 0       |
|    add_ln58_882_fu_10368_p2                                             | -    |        | add_ln58_882  | add | fabric | 0       |
|    add_ln58_883_fu_10800_p2                                             | -    |        | add_ln58_883  | add | fabric | 0       |
|    acc_206_fu_11075_p2                                                  | -    |        | acc_206       | add | fabric | 0       |
|    mul_16s_16s_26_2_1_U85                                               | 1    |        | mul_ln58_885  | mul | auto   | 1       |
|    mul_16s_16s_26_2_1_U86                                               | 1    |        | mul_ln58_886  | mul | auto   | 1       |
|    mul_16s_16s_26_2_1_U87                                               | 1    |        | mul_ln58_887  | mul | auto   | 1       |
|    mul_16s_16s_26_2_1_U88                                               | 1    |        | mul_ln58_888  | mul | auto   | 1       |
|    add_ln58_885_fu_10372_p2                                             | -    |        | add_ln58_885  | add | fabric | 0       |
|    add_ln58_886_fu_10376_p2                                             | -    |        | add_ln58_886  | add | fabric | 0       |
|    add_ln58_887_fu_10804_p2                                             | -    |        | add_ln58_887  | add | fabric | 0       |
|    acc_207_fu_11080_p2                                                  | -    |        | acc_207       | add | fabric | 0       |
|    mul_16s_16s_26_2_1_U89                                               | 1    |        | mul_ln58_889  | mul | auto   | 1       |
|    mul_16s_16s_26_2_1_U90                                               | 1    |        | mul_ln58_890  | mul | auto   | 1       |
|    mul_16s_16s_26_2_1_U91                                               | 1    |        | mul_ln58_891  | mul | auto   | 1       |
|    mul_16s_16s_26_2_1_U92                                               | 1    |        | mul_ln58_892  | mul | auto   | 1       |
|    add_ln58_889_fu_10380_p2                                             | -    |        | add_ln58_889  | add | fabric | 0       |
|    add_ln58_890_fu_10384_p2                                             | -    |        | add_ln58_890  | add | fabric | 0       |
|    add_ln58_891_fu_10808_p2                                             | -    |        | add_ln58_891  | add | fabric | 0       |
|    acc_208_fu_11085_p2                                                  | -    |        | acc_208       | add | fabric | 0       |
|    mul_16s_16s_26_2_1_U93                                               | 1    |        | mul_ln58_893  | mul | auto   | 1       |
|    mul_16s_16s_26_2_1_U94                                               | 1    |        | mul_ln58_894  | mul | auto   | 1       |
|    mul_16s_16s_26_2_1_U95                                               | 1    |        | mul_ln58_895  | mul | auto   | 1       |
|    mul_16s_16s_26_2_1_U96                                               | 1    |        | mul_ln58_896  | mul | auto   | 1       |
|    add_ln58_893_fu_10388_p2                                             | -    |        | add_ln58_893  | add | fabric | 0       |
|    add_ln58_894_fu_10392_p2                                             | -    |        | add_ln58_894  | add | fabric | 0       |
|    add_ln58_895_fu_10812_p2                                             | -    |        | add_ln58_895  | add | fabric | 0       |
|    acc_209_fu_11090_p2                                                  | -    |        | acc_209       | add | fabric | 0       |
|    mul_16s_16s_26_2_1_U97                                               | 1    |        | mul_ln58_897  | mul | auto   | 1       |
|    mul_16s_16s_26_2_1_U98                                               | 1    |        | mul_ln58_898  | mul | auto   | 1       |
|    mul_16s_16s_26_2_1_U99                                               | 1    |        | mul_ln58_899  | mul | auto   | 1       |
|    mul_16s_16s_26_2_1_U100                                              | 1    |        | mul_ln58_900  | mul | auto   | 1       |
|    add_ln58_897_fu_10396_p2                                             | -    |        | add_ln58_897  | add | fabric | 0       |
|    add_ln58_898_fu_10400_p2                                             | -    |        | add_ln58_898  | add | fabric | 0       |
|    add_ln58_899_fu_10816_p2                                             | -    |        | add_ln58_899  | add | fabric | 0       |
|    acc_210_fu_11095_p2                                                  | -    |        | acc_210       | add | fabric | 0       |
|    mul_16s_16s_26_2_1_U101                                              | 1    |        | mul_ln58_901  | mul | auto   | 1       |
|    mul_16s_16s_26_2_1_U102                                              | 1    |        | mul_ln58_902  | mul | auto   | 1       |
|    mul_16s_16s_26_2_1_U103                                              | 1    |        | mul_ln58_903  | mul | auto   | 1       |
|    mul_16s_16s_26_2_1_U104                                              | 1    |        | mul_ln58_904  | mul | auto   | 1       |
|    add_ln58_901_fu_10404_p2                                             | -    |        | add_ln58_901  | add | fabric | 0       |
|    add_ln58_902_fu_10408_p2                                             | -    |        | add_ln58_902  | add | fabric | 0       |
|    add_ln58_903_fu_10820_p2                                             | -    |        | add_ln58_903  | add | fabric | 0       |
|    acc_211_fu_11100_p2                                                  | -    |        | acc_211       | add | fabric | 0       |
|    mul_16s_16s_26_2_1_U105                                              | 1    |        | mul_ln58_905  | mul | auto   | 1       |
|    mul_16s_16s_26_2_1_U106                                              | 1    |        | mul_ln58_906  | mul | auto   | 1       |
|    mul_16s_16s_26_2_1_U107                                              | 1    |        | mul_ln58_907  | mul | auto   | 1       |
|    mul_16s_16s_26_2_1_U108                                              | 1    |        | mul_ln58_908  | mul | auto   | 1       |
|    add_ln58_905_fu_10412_p2                                             | -    |        | add_ln58_905  | add | fabric | 0       |
|    add_ln58_906_fu_10416_p2                                             | -    |        | add_ln58_906  | add | fabric | 0       |
|    add_ln58_907_fu_10824_p2                                             | -    |        | add_ln58_907  | add | fabric | 0       |
|    acc_212_fu_11105_p2                                                  | -    |        | acc_212       | add | fabric | 0       |
|    mul_16s_16s_26_2_1_U109                                              | 1    |        | mul_ln58_909  | mul | auto   | 1       |
|    mul_16s_16s_26_2_1_U110                                              | 1    |        | mul_ln58_910  | mul | auto   | 1       |
|    mul_16s_16s_26_2_1_U111                                              | 1    |        | mul_ln58_911  | mul | auto   | 1       |
|    mul_16s_16s_26_2_1_U112                                              | 1    |        | mul_ln58_912  | mul | auto   | 1       |
|    add_ln58_909_fu_10420_p2                                             | -    |        | add_ln58_909  | add | fabric | 0       |
|    add_ln58_910_fu_10424_p2                                             | -    |        | add_ln58_910  | add | fabric | 0       |
|    add_ln58_911_fu_10828_p2                                             | -    |        | add_ln58_911  | add | fabric | 0       |
|    acc_213_fu_11110_p2                                                  | -    |        | acc_213       | add | fabric | 0       |
|    mul_16s_16s_26_2_1_U113                                              | 1    |        | mul_ln58_913  | mul | auto   | 1       |
|    mul_16s_16s_26_2_1_U114                                              | 1    |        | mul_ln58_914  | mul | auto   | 1       |
|    mul_16s_16s_26_2_1_U115                                              | 1    |        | mul_ln58_915  | mul | auto   | 1       |
|    mul_16s_16s_26_2_1_U116                                              | 1    |        | mul_ln58_916  | mul | auto   | 1       |
|    add_ln58_913_fu_10428_p2                                             | -    |        | add_ln58_913  | add | fabric | 0       |
|    add_ln58_914_fu_10432_p2                                             | -    |        | add_ln58_914  | add | fabric | 0       |
|    add_ln58_915_fu_10832_p2                                             | -    |        | add_ln58_915  | add | fabric | 0       |
|    acc_214_fu_11115_p2                                                  | -    |        | acc_214       | add | fabric | 0       |
|    mul_16s_16s_26_2_1_U117                                              | 1    |        | mul_ln58_917  | mul | auto   | 1       |
|    mul_16s_16s_26_2_1_U118                                              | 1    |        | mul_ln58_918  | mul | auto   | 1       |
|    mul_16s_16s_26_2_1_U119                                              | 1    |        | mul_ln58_919  | mul | auto   | 1       |
|    mul_16s_16s_26_2_1_U120                                              | 1    |        | mul_ln58_920  | mul | auto   | 1       |
|    add_ln58_917_fu_10436_p2                                             | -    |        | add_ln58_917  | add | fabric | 0       |
|    add_ln58_918_fu_10440_p2                                             | -    |        | add_ln58_918  | add | fabric | 0       |
|    add_ln58_919_fu_10836_p2                                             | -    |        | add_ln58_919  | add | fabric | 0       |
|    acc_215_fu_11120_p2                                                  | -    |        | acc_215       | add | fabric | 0       |
|    mul_16s_16s_26_2_1_U121                                              | 1    |        | mul_ln58_921  | mul | auto   | 1       |
|    mul_16s_16s_26_2_1_U122                                              | 1    |        | mul_ln58_922  | mul | auto   | 1       |
|    mul_16s_16s_26_2_1_U123                                              | 1    |        | mul_ln58_923  | mul | auto   | 1       |
|    mul_16s_16s_26_2_1_U124                                              | 1    |        | mul_ln58_924  | mul | auto   | 1       |
|    add_ln58_921_fu_10444_p2                                             | -    |        | add_ln58_921  | add | fabric | 0       |
|    add_ln58_922_fu_10448_p2                                             | -    |        | add_ln58_922  | add | fabric | 0       |
|    add_ln58_923_fu_10840_p2                                             | -    |        | add_ln58_923  | add | fabric | 0       |
|    acc_216_fu_11125_p2                                                  | -    |        | acc_216       | add | fabric | 0       |
|    mul_16s_16s_26_2_1_U125                                              | 1    |        | mul_ln58_925  | mul | auto   | 1       |
|    mul_16s_16s_26_2_1_U126                                              | 1    |        | mul_ln58_926  | mul | auto   | 1       |
|    mul_16s_16s_26_2_1_U127                                              | 1    |        | mul_ln58_927  | mul | auto   | 1       |
|    mul_16s_16s_26_2_1_U128                                              | 1    |        | mul_ln58_928  | mul | auto   | 1       |
|    add_ln58_925_fu_10452_p2                                             | -    |        | add_ln58_925  | add | fabric | 0       |
|    add_ln58_926_fu_10456_p2                                             | -    |        | add_ln58_926  | add | fabric | 0       |
|    add_ln58_927_fu_10844_p2                                             | -    |        | add_ln58_927  | add | fabric | 0       |
|    acc_217_fu_11130_p2                                                  | -    |        | acc_217       | add | fabric | 0       |
|    mul_16s_16s_26_2_1_U129                                              | 1    |        | mul_ln58_929  | mul | auto   | 1       |
|    mul_16s_16s_26_2_1_U130                                              | 1    |        | mul_ln58_930  | mul | auto   | 1       |
|    mul_16s_16s_26_2_1_U131                                              | 1    |        | mul_ln58_931  | mul | auto   | 1       |
|    mul_16s_16s_26_2_1_U132                                              | 1    |        | mul_ln58_932  | mul | auto   | 1       |
|    add_ln58_929_fu_10460_p2                                             | -    |        | add_ln58_929  | add | fabric | 0       |
|    add_ln58_930_fu_10464_p2                                             | -    |        | add_ln58_930  | add | fabric | 0       |
|    add_ln58_931_fu_10848_p2                                             | -    |        | add_ln58_931  | add | fabric | 0       |
|    acc_218_fu_11135_p2                                                  | -    |        | acc_218       | add | fabric | 0       |
|    mul_16s_16s_26_2_1_U133                                              | 1    |        | mul_ln58_933  | mul | auto   | 1       |
|    mul_16s_16s_26_2_1_U134                                              | 1    |        | mul_ln58_934  | mul | auto   | 1       |
|    mul_16s_16s_26_2_1_U135                                              | 1    |        | mul_ln58_935  | mul | auto   | 1       |
|    mul_16s_16s_26_2_1_U136                                              | 1    |        | mul_ln58_936  | mul | auto   | 1       |
|    add_ln58_933_fu_10468_p2                                             | -    |        | add_ln58_933  | add | fabric | 0       |
|    add_ln58_934_fu_10472_p2                                             | -    |        | add_ln58_934  | add | fabric | 0       |
|    add_ln58_935_fu_10852_p2                                             | -    |        | add_ln58_935  | add | fabric | 0       |
|    acc_219_fu_11140_p2                                                  | -    |        | acc_219       | add | fabric | 0       |
|    mul_16s_16s_26_2_1_U137                                              | 1    |        | mul_ln58_937  | mul | auto   | 1       |
|    mul_16s_16s_26_2_1_U138                                              | 1    |        | mul_ln58_938  | mul | auto   | 1       |
|    mul_16s_16s_26_2_1_U139                                              | 1    |        | mul_ln58_939  | mul | auto   | 1       |
|    mul_16s_16s_26_2_1_U140                                              | 1    |        | mul_ln58_940  | mul | auto   | 1       |
|    add_ln58_937_fu_10476_p2                                             | -    |        | add_ln58_937  | add | fabric | 0       |
|    add_ln58_938_fu_10480_p2                                             | -    |        | add_ln58_938  | add | fabric | 0       |
|    add_ln58_939_fu_10856_p2                                             | -    |        | add_ln58_939  | add | fabric | 0       |
|    acc_220_fu_11145_p2                                                  | -    |        | acc_220       | add | fabric | 0       |
|    mul_16s_16s_26_2_1_U141                                              | 1    |        | mul_ln58_941  | mul | auto   | 1       |
|    mul_16s_16s_26_2_1_U142                                              | 1    |        | mul_ln58_942  | mul | auto   | 1       |
|    mul_16s_16s_26_2_1_U143                                              | 1    |        | mul_ln58_943  | mul | auto   | 1       |
|    mul_16s_16s_26_2_1_U144                                              | 1    |        | mul_ln58_944  | mul | auto   | 1       |
|    add_ln58_941_fu_10484_p2                                             | -    |        | add_ln58_941  | add | fabric | 0       |
|    add_ln58_942_fu_10488_p2                                             | -    |        | add_ln58_942  | add | fabric | 0       |
|    add_ln58_943_fu_10860_p2                                             | -    |        | add_ln58_943  | add | fabric | 0       |
|    acc_221_fu_11150_p2                                                  | -    |        | acc_221       | add | fabric | 0       |
|    mul_16s_16s_26_2_1_U145                                              | 1    |        | mul_ln58_945  | mul | auto   | 1       |
|    mul_16s_16s_26_2_1_U146                                              | 1    |        | mul_ln58_946  | mul | auto   | 1       |
|    mul_16s_16s_26_2_1_U147                                              | 1    |        | mul_ln58_947  | mul | auto   | 1       |
|    mul_16s_16s_26_2_1_U148                                              | 1    |        | mul_ln58_948  | mul | auto   | 1       |
|    add_ln58_945_fu_10492_p2                                             | -    |        | add_ln58_945  | add | fabric | 0       |
|    add_ln58_946_fu_10496_p2                                             | -    |        | add_ln58_946  | add | fabric | 0       |
|    add_ln58_947_fu_10864_p2                                             | -    |        | add_ln58_947  | add | fabric | 0       |
|    acc_222_fu_11155_p2                                                  | -    |        | acc_222       | add | fabric | 0       |
|    mul_16s_16s_26_2_1_U149                                              | 1    |        | mul_ln58_949  | mul | auto   | 1       |
|    mul_16s_16s_26_2_1_U150                                              | 1    |        | mul_ln58_950  | mul | auto   | 1       |
|    mul_16s_16s_26_2_1_U151                                              | 1    |        | mul_ln58_951  | mul | auto   | 1       |
|    mul_16s_16s_26_2_1_U152                                              | 1    |        | mul_ln58_952  | mul | auto   | 1       |
|    add_ln58_949_fu_10500_p2                                             | -    |        | add_ln58_949  | add | fabric | 0       |
|    add_ln58_950_fu_10504_p2                                             | -    |        | add_ln58_950  | add | fabric | 0       |
|    add_ln58_951_fu_10868_p2                                             | -    |        | add_ln58_951  | add | fabric | 0       |
|    acc_223_fu_11160_p2                                                  | -    |        | acc_223       | add | fabric | 0       |
|    mul_16s_16s_26_2_1_U153                                              | 1    |        | mul_ln58_953  | mul | auto   | 1       |
|    mul_16s_16s_26_2_1_U154                                              | 1    |        | mul_ln58_954  | mul | auto   | 1       |
|    mul_16s_16s_26_2_1_U155                                              | 1    |        | mul_ln58_955  | mul | auto   | 1       |
|    mul_16s_16s_26_2_1_U156                                              | 1    |        | mul_ln58_956  | mul | auto   | 1       |
|    add_ln58_953_fu_10508_p2                                             | -    |        | add_ln58_953  | add | fabric | 0       |
|    add_ln58_954_fu_10512_p2                                             | -    |        | add_ln58_954  | add | fabric | 0       |
|    add_ln58_955_fu_10872_p2                                             | -    |        | add_ln58_955  | add | fabric | 0       |
|    acc_224_fu_11165_p2                                                  | -    |        | acc_224       | add | fabric | 0       |
|    mul_16s_16s_26_2_1_U157                                              | 1    |        | mul_ln58_957  | mul | auto   | 1       |
|    mul_16s_16s_26_2_1_U158                                              | 1    |        | mul_ln58_958  | mul | auto   | 1       |
|    mul_16s_16s_26_2_1_U159                                              | 1    |        | mul_ln58_959  | mul | auto   | 1       |
|    mul_16s_16s_26_2_1_U160                                              | 1    |        | mul_ln58_960  | mul | auto   | 1       |
|    add_ln58_957_fu_10516_p2                                             | -    |        | add_ln58_957  | add | fabric | 0       |
|    add_ln58_958_fu_10520_p2                                             | -    |        | add_ln58_958  | add | fabric | 0       |
|    add_ln58_959_fu_10876_p2                                             | -    |        | add_ln58_959  | add | fabric | 0       |
|    acc_225_fu_11170_p2                                                  | -    |        | acc_225       | add | fabric | 0       |
|    mul_16s_16s_26_2_1_U161                                              | 1    |        | mul_ln58_961  | mul | auto   | 1       |
|    mul_16s_16s_26_2_1_U162                                              | 1    |        | mul_ln58_962  | mul | auto   | 1       |
|    mul_16s_16s_26_2_1_U163                                              | 1    |        | mul_ln58_963  | mul | auto   | 1       |
|    mul_16s_16s_26_2_1_U164                                              | 1    |        | mul_ln58_964  | mul | auto   | 1       |
|    add_ln58_961_fu_10524_p2                                             | -    |        | add_ln58_961  | add | fabric | 0       |
|    add_ln58_962_fu_10528_p2                                             | -    |        | add_ln58_962  | add | fabric | 0       |
|    add_ln58_963_fu_10880_p2                                             | -    |        | add_ln58_963  | add | fabric | 0       |
|    acc_226_fu_11175_p2                                                  | -    |        | acc_226       | add | fabric | 0       |
|    mul_16s_16s_26_2_1_U165                                              | 1    |        | mul_ln58_965  | mul | auto   | 1       |
|    mul_16s_16s_26_2_1_U166                                              | 1    |        | mul_ln58_966  | mul | auto   | 1       |
|    mul_16s_16s_26_2_1_U167                                              | 1    |        | mul_ln58_967  | mul | auto   | 1       |
|    mul_16s_16s_26_2_1_U168                                              | 1    |        | mul_ln58_968  | mul | auto   | 1       |
|    add_ln58_965_fu_10532_p2                                             | -    |        | add_ln58_965  | add | fabric | 0       |
|    add_ln58_966_fu_10536_p2                                             | -    |        | add_ln58_966  | add | fabric | 0       |
|    add_ln58_967_fu_10884_p2                                             | -    |        | add_ln58_967  | add | fabric | 0       |
|    acc_227_fu_11180_p2                                                  | -    |        | acc_227       | add | fabric | 0       |
|    mul_16s_16s_26_2_1_U169                                              | 1    |        | mul_ln58_969  | mul | auto   | 1       |
|    mul_16s_16s_26_2_1_U170                                              | 1    |        | mul_ln58_970  | mul | auto   | 1       |
|    mul_16s_16s_26_2_1_U171                                              | 1    |        | mul_ln58_971  | mul | auto   | 1       |
|    mul_16s_16s_26_2_1_U172                                              | 1    |        | mul_ln58_972  | mul | auto   | 1       |
|    add_ln58_969_fu_10540_p2                                             | -    |        | add_ln58_969  | add | fabric | 0       |
|    add_ln58_970_fu_10544_p2                                             | -    |        | add_ln58_970  | add | fabric | 0       |
|    add_ln58_971_fu_10888_p2                                             | -    |        | add_ln58_971  | add | fabric | 0       |
|    acc_228_fu_11185_p2                                                  | -    |        | acc_228       | add | fabric | 0       |
|    mul_16s_16s_26_2_1_U173                                              | 1    |        | mul_ln58_973  | mul | auto   | 1       |
|    mul_16s_16s_26_2_1_U174                                              | 1    |        | mul_ln58_974  | mul | auto   | 1       |
|    mul_16s_16s_26_2_1_U175                                              | 1    |        | mul_ln58_975  | mul | auto   | 1       |
|    mul_16s_16s_26_2_1_U176                                              | 1    |        | mul_ln58_976  | mul | auto   | 1       |
|    add_ln58_973_fu_10548_p2                                             | -    |        | add_ln58_973  | add | fabric | 0       |
|    add_ln58_974_fu_10552_p2                                             | -    |        | add_ln58_974  | add | fabric | 0       |
|    add_ln58_975_fu_10892_p2                                             | -    |        | add_ln58_975  | add | fabric | 0       |
|    acc_229_fu_11190_p2                                                  | -    |        | acc_229       | add | fabric | 0       |
|    mul_16s_16s_26_2_1_U177                                              | 1    |        | mul_ln58_977  | mul | auto   | 1       |
|    mul_16s_16s_26_2_1_U178                                              | 1    |        | mul_ln58_978  | mul | auto   | 1       |
|    mul_16s_16s_26_2_1_U179                                              | 1    |        | mul_ln58_979  | mul | auto   | 1       |
|    mul_16s_16s_26_2_1_U180                                              | 1    |        | mul_ln58_980  | mul | auto   | 1       |
|    add_ln58_977_fu_10556_p2                                             | -    |        | add_ln58_977  | add | fabric | 0       |
|    add_ln58_978_fu_10560_p2                                             | -    |        | add_ln58_978  | add | fabric | 0       |
|    add_ln58_979_fu_10896_p2                                             | -    |        | add_ln58_979  | add | fabric | 0       |
|    acc_230_fu_11195_p2                                                  | -    |        | acc_230       | add | fabric | 0       |
|    mul_16s_16s_26_2_1_U181                                              | 1    |        | mul_ln58_981  | mul | auto   | 1       |
|    mul_16s_16s_26_2_1_U182                                              | 1    |        | mul_ln58_982  | mul | auto   | 1       |
|    mul_16s_16s_26_2_1_U183                                              | 1    |        | mul_ln58_983  | mul | auto   | 1       |
|    mul_16s_16s_26_2_1_U184                                              | 1    |        | mul_ln58_984  | mul | auto   | 1       |
|    add_ln58_981_fu_10564_p2                                             | -    |        | add_ln58_981  | add | fabric | 0       |
|    add_ln58_982_fu_10568_p2                                             | -    |        | add_ln58_982  | add | fabric | 0       |
|    add_ln58_983_fu_10900_p2                                             | -    |        | add_ln58_983  | add | fabric | 0       |
|    acc_231_fu_11200_p2                                                  | -    |        | acc_231       | add | fabric | 0       |
|    mul_16s_16s_26_2_1_U185                                              | 1    |        | mul_ln58_985  | mul | auto   | 1       |
|    mul_16s_16s_26_2_1_U186                                              | 1    |        | mul_ln58_986  | mul | auto   | 1       |
|    mul_16s_16s_26_2_1_U187                                              | 1    |        | mul_ln58_987  | mul | auto   | 1       |
|    mul_16s_16s_26_2_1_U188                                              | 1    |        | mul_ln58_988  | mul | auto   | 1       |
|    add_ln58_985_fu_10572_p2                                             | -    |        | add_ln58_985  | add | fabric | 0       |
|    add_ln58_986_fu_10576_p2                                             | -    |        | add_ln58_986  | add | fabric | 0       |
|    add_ln58_987_fu_10904_p2                                             | -    |        | add_ln58_987  | add | fabric | 0       |
|    acc_232_fu_11205_p2                                                  | -    |        | acc_232       | add | fabric | 0       |
|    mul_16s_16s_26_2_1_U189                                              | 1    |        | mul_ln58_989  | mul | auto   | 1       |
|    mul_16s_16s_26_2_1_U190                                              | 1    |        | mul_ln58_990  | mul | auto   | 1       |
|    mul_16s_16s_26_2_1_U191                                              | 1    |        | mul_ln58_991  | mul | auto   | 1       |
|    mul_16s_16s_26_2_1_U192                                              | 1    |        | mul_ln58_992  | mul | auto   | 1       |
|    add_ln58_989_fu_10580_p2                                             | -    |        | add_ln58_989  | add | fabric | 0       |
|    add_ln58_990_fu_10584_p2                                             | -    |        | add_ln58_990  | add | fabric | 0       |
|    add_ln58_991_fu_10908_p2                                             | -    |        | add_ln58_991  | add | fabric | 0       |
|    acc_233_fu_11210_p2                                                  | -    |        | acc_233       | add | fabric | 0       |
|    mul_16s_16s_26_2_1_U193                                              | 1    |        | mul_ln58_993  | mul | auto   | 1       |
|    mul_16s_16s_26_2_1_U194                                              | 1    |        | mul_ln58_994  | mul | auto   | 1       |
|    mul_16s_16s_26_2_1_U195                                              | 1    |        | mul_ln58_995  | mul | auto   | 1       |
|    mul_16s_16s_26_2_1_U196                                              | 1    |        | mul_ln58_996  | mul | auto   | 1       |
|    add_ln58_993_fu_10588_p2                                             | -    |        | add_ln58_993  | add | fabric | 0       |
|    add_ln58_994_fu_10592_p2                                             | -    |        | add_ln58_994  | add | fabric | 0       |
|    add_ln58_995_fu_10912_p2                                             | -    |        | add_ln58_995  | add | fabric | 0       |
|    acc_234_fu_11215_p2                                                  | -    |        | acc_234       | add | fabric | 0       |
|    mul_16s_16s_26_2_1_U197                                              | 1    |        | mul_ln58_997  | mul | auto   | 1       |
|    mul_16s_16s_26_2_1_U198                                              | 1    |        | mul_ln58_998  | mul | auto   | 1       |
|    mul_16s_16s_26_2_1_U199                                              | 1    |        | mul_ln58_999  | mul | auto   | 1       |
|    mul_16s_16s_26_2_1_U200                                              | 1    |        | mul_ln58_1000 | mul | auto   | 1       |
|    add_ln58_997_fu_10596_p2                                             | -    |        | add_ln58_997  | add | fabric | 0       |
|    add_ln58_998_fu_10600_p2                                             | -    |        | add_ln58_998  | add | fabric | 0       |
|    add_ln58_999_fu_10916_p2                                             | -    |        | add_ln58_999  | add | fabric | 0       |
|    acc_235_fu_11220_p2                                                  | -    |        | acc_235       | add | fabric | 0       |
|    mul_16s_16s_26_2_1_U201                                              | 1    |        | mul_ln58_1001 | mul | auto   | 1       |
|    mul_16s_16s_26_2_1_U202                                              | 1    |        | mul_ln58_1002 | mul | auto   | 1       |
|    mul_16s_16s_26_2_1_U203                                              | 1    |        | mul_ln58_1003 | mul | auto   | 1       |
|    mul_16s_16s_26_2_1_U204                                              | 1    |        | mul_ln58_1004 | mul | auto   | 1       |
|    add_ln58_1001_fu_10604_p2                                            | -    |        | add_ln58_1001 | add | fabric | 0       |
|    add_ln58_1002_fu_10608_p2                                            | -    |        | add_ln58_1002 | add | fabric | 0       |
|    add_ln58_1003_fu_10920_p2                                            | -    |        | add_ln58_1003 | add | fabric | 0       |
|    acc_236_fu_11225_p2                                                  | -    |        | acc_236       | add | fabric | 0       |
|    mul_16s_16s_26_2_1_U205                                              | 1    |        | mul_ln58_1005 | mul | auto   | 1       |
|    mul_16s_16s_26_2_1_U206                                              | 1    |        | mul_ln58_1006 | mul | auto   | 1       |
|    mul_16s_16s_26_2_1_U207                                              | 1    |        | mul_ln58_1007 | mul | auto   | 1       |
|    mul_16s_16s_26_2_1_U208                                              | 1    |        | mul_ln58_1008 | mul | auto   | 1       |
|    add_ln58_1005_fu_10612_p2                                            | -    |        | add_ln58_1005 | add | fabric | 0       |
|    add_ln58_1006_fu_10616_p2                                            | -    |        | add_ln58_1006 | add | fabric | 0       |
|    add_ln58_1007_fu_10924_p2                                            | -    |        | add_ln58_1007 | add | fabric | 0       |
|    acc_237_fu_11230_p2                                                  | -    |        | acc_237       | add | fabric | 0       |
|    mul_16s_16s_26_2_1_U209                                              | 1    |        | mul_ln58_1009 | mul | auto   | 1       |
|    mul_16s_16s_26_2_1_U210                                              | 1    |        | mul_ln58_1010 | mul | auto   | 1       |
|    mul_16s_16s_26_2_1_U211                                              | 1    |        | mul_ln58_1011 | mul | auto   | 1       |
|    mul_16s_16s_26_2_1_U212                                              | 1    |        | mul_ln58_1012 | mul | auto   | 1       |
|    add_ln58_1009_fu_10620_p2                                            | -    |        | add_ln58_1009 | add | fabric | 0       |
|    add_ln58_1010_fu_10624_p2                                            | -    |        | add_ln58_1010 | add | fabric | 0       |
|    add_ln58_1011_fu_10928_p2                                            | -    |        | add_ln58_1011 | add | fabric | 0       |
|    acc_238_fu_11235_p2                                                  | -    |        | acc_238       | add | fabric | 0       |
|    mul_16s_16s_26_2_1_U213                                              | 1    |        | mul_ln58_1013 | mul | auto   | 1       |
|    mul_16s_16s_26_2_1_U214                                              | 1    |        | mul_ln58_1014 | mul | auto   | 1       |
|    mul_16s_16s_26_2_1_U215                                              | 1    |        | mul_ln58_1015 | mul | auto   | 1       |
|    mul_16s_16s_26_2_1_U216                                              | 1    |        | mul_ln58_1016 | mul | auto   | 1       |
|    add_ln58_1013_fu_10628_p2                                            | -    |        | add_ln58_1013 | add | fabric | 0       |
|    add_ln58_1014_fu_10632_p2                                            | -    |        | add_ln58_1014 | add | fabric | 0       |
|    add_ln58_1015_fu_10932_p2                                            | -    |        | add_ln58_1015 | add | fabric | 0       |
|    acc_239_fu_11240_p2                                                  | -    |        | acc_239       | add | fabric | 0       |
|    mul_16s_16s_26_2_1_U217                                              | 1    |        | mul_ln58_1017 | mul | auto   | 1       |
|    mul_16s_16s_26_2_1_U218                                              | 1    |        | mul_ln58_1018 | mul | auto   | 1       |
|    mul_16s_16s_26_2_1_U219                                              | 1    |        | mul_ln58_1019 | mul | auto   | 1       |
|    mul_16s_16s_26_2_1_U220                                              | 1    |        | mul_ln58_1020 | mul | auto   | 1       |
|    add_ln58_1017_fu_10636_p2                                            | -    |        | add_ln58_1017 | add | fabric | 0       |
|    add_ln58_1018_fu_10640_p2                                            | -    |        | add_ln58_1018 | add | fabric | 0       |
|    add_ln58_1019_fu_10936_p2                                            | -    |        | add_ln58_1019 | add | fabric | 0       |
|    acc_240_fu_11245_p2                                                  | -    |        | acc_240       | add | fabric | 0       |
|    mul_16s_16s_26_2_1_U221                                              | 1    |        | mul_ln58_1021 | mul | auto   | 1       |
|    mul_16s_16s_26_2_1_U222                                              | 1    |        | mul_ln58_1022 | mul | auto   | 1       |
|    mul_16s_16s_26_2_1_U223                                              | 1    |        | mul_ln58_1023 | mul | auto   | 1       |
|    mul_16s_16s_26_2_1_U224                                              | 1    |        | mul_ln58_1024 | mul | auto   | 1       |
|    add_ln58_1021_fu_10644_p2                                            | -    |        | add_ln58_1021 | add | fabric | 0       |
|    add_ln58_1022_fu_10648_p2                                            | -    |        | add_ln58_1022 | add | fabric | 0       |
|    add_ln58_1023_fu_10940_p2                                            | -    |        | add_ln58_1023 | add | fabric | 0       |
|    acc_241_fu_11250_p2                                                  | -    |        | acc_241       | add | fabric | 0       |
|    mul_16s_16s_26_2_1_U225                                              | 1    |        | mul_ln58_1025 | mul | auto   | 1       |
|    mul_16s_16s_26_2_1_U226                                              | 1    |        | mul_ln58_1026 | mul | auto   | 1       |
|    mul_16s_16s_26_2_1_U227                                              | 1    |        | mul_ln58_1027 | mul | auto   | 1       |
|    mul_16s_16s_26_2_1_U228                                              | 1    |        | mul_ln58_1028 | mul | auto   | 1       |
|    add_ln58_1025_fu_10652_p2                                            | -    |        | add_ln58_1025 | add | fabric | 0       |
|    add_ln58_1026_fu_10656_p2                                            | -    |        | add_ln58_1026 | add | fabric | 0       |
|    add_ln58_1027_fu_10944_p2                                            | -    |        | add_ln58_1027 | add | fabric | 0       |
|    acc_242_fu_11255_p2                                                  | -    |        | acc_242       | add | fabric | 0       |
|    mul_16s_16s_26_2_1_U229                                              | 1    |        | mul_ln58_1029 | mul | auto   | 1       |
|    mul_16s_16s_26_2_1_U230                                              | 1    |        | mul_ln58_1030 | mul | auto   | 1       |
|    mul_16s_16s_26_2_1_U231                                              | 1    |        | mul_ln58_1031 | mul | auto   | 1       |
|    mul_16s_16s_26_2_1_U232                                              | 1    |        | mul_ln58_1032 | mul | auto   | 1       |
|    add_ln58_1029_fu_10660_p2                                            | -    |        | add_ln58_1029 | add | fabric | 0       |
|    add_ln58_1030_fu_10664_p2                                            | -    |        | add_ln58_1030 | add | fabric | 0       |
|    add_ln58_1031_fu_10948_p2                                            | -    |        | add_ln58_1031 | add | fabric | 0       |
|    acc_243_fu_11260_p2                                                  | -    |        | acc_243       | add | fabric | 0       |
|    mul_16s_16s_26_2_1_U233                                              | 1    |        | mul_ln58_1033 | mul | auto   | 1       |
|    mul_16s_16s_26_2_1_U234                                              | 1    |        | mul_ln58_1034 | mul | auto   | 1       |
|    mul_16s_16s_26_2_1_U235                                              | 1    |        | mul_ln58_1035 | mul | auto   | 1       |
|    mul_16s_16s_26_2_1_U236                                              | 1    |        | mul_ln58_1036 | mul | auto   | 1       |
|    add_ln58_1033_fu_10668_p2                                            | -    |        | add_ln58_1033 | add | fabric | 0       |
|    add_ln58_1034_fu_10672_p2                                            | -    |        | add_ln58_1034 | add | fabric | 0       |
|    add_ln58_1035_fu_10952_p2                                            | -    |        | add_ln58_1035 | add | fabric | 0       |
|    acc_244_fu_11265_p2                                                  | -    |        | acc_244       | add | fabric | 0       |
|    mul_16s_16s_26_2_1_U237                                              | 1    |        | mul_ln58_1037 | mul | auto   | 1       |
|    mul_16s_16s_26_2_1_U238                                              | 1    |        | mul_ln58_1038 | mul | auto   | 1       |
|    mul_16s_16s_26_2_1_U239                                              | 1    |        | mul_ln58_1039 | mul | auto   | 1       |
|    mul_16s_16s_26_2_1_U240                                              | 1    |        | mul_ln58_1040 | mul | auto   | 1       |
|    add_ln58_1037_fu_10676_p2                                            | -    |        | add_ln58_1037 | add | fabric | 0       |
|    add_ln58_1038_fu_10680_p2                                            | -    |        | add_ln58_1038 | add | fabric | 0       |
|    add_ln58_1039_fu_10956_p2                                            | -    |        | add_ln58_1039 | add | fabric | 0       |
|    acc_245_fu_11270_p2                                                  | -    |        | acc_245       | add | fabric | 0       |
|    mul_16s_16s_26_2_1_U241                                              | 1    |        | mul_ln58_1041 | mul | auto   | 1       |
|    mul_16s_16s_26_2_1_U242                                              | 1    |        | mul_ln58_1042 | mul | auto   | 1       |
|    mul_16s_16s_26_2_1_U243                                              | 1    |        | mul_ln58_1043 | mul | auto   | 1       |
|    mul_16s_16s_26_2_1_U244                                              | 1    |        | mul_ln58_1044 | mul | auto   | 1       |
|    add_ln58_1041_fu_10684_p2                                            | -    |        | add_ln58_1041 | add | fabric | 0       |
|    add_ln58_1042_fu_10688_p2                                            | -    |        | add_ln58_1042 | add | fabric | 0       |
|    add_ln58_1043_fu_10960_p2                                            | -    |        | add_ln58_1043 | add | fabric | 0       |
|    acc_246_fu_11275_p2                                                  | -    |        | acc_246       | add | fabric | 0       |
|    mul_16s_16s_26_2_1_U245                                              | 1    |        | mul_ln58_1045 | mul | auto   | 1       |
|    mul_16s_16s_26_2_1_U246                                              | 1    |        | mul_ln58_1046 | mul | auto   | 1       |
|    mul_16s_16s_26_2_1_U247                                              | 1    |        | mul_ln58_1047 | mul | auto   | 1       |
|    mul_16s_16s_26_2_1_U248                                              | 1    |        | mul_ln58_1048 | mul | auto   | 1       |
|    add_ln58_1045_fu_10692_p2                                            | -    |        | add_ln58_1045 | add | fabric | 0       |
|    add_ln58_1046_fu_10696_p2                                            | -    |        | add_ln58_1046 | add | fabric | 0       |
|    add_ln58_1047_fu_10964_p2                                            | -    |        | add_ln58_1047 | add | fabric | 0       |
|    acc_247_fu_11280_p2                                                  | -    |        | acc_247       | add | fabric | 0       |
|    mul_16s_16s_26_2_1_U249                                              | 1    |        | mul_ln58_1049 | mul | auto   | 1       |
|    mul_16s_16s_26_2_1_U250                                              | 1    |        | mul_ln58_1050 | mul | auto   | 1       |
|    mul_16s_16s_26_2_1_U251                                              | 1    |        | mul_ln58_1051 | mul | auto   | 1       |
|    mul_16s_16s_26_2_1_U252                                              | 1    |        | mul_ln58_1052 | mul | auto   | 1       |
|    add_ln58_1049_fu_10700_p2                                            | -    |        | add_ln58_1049 | add | fabric | 0       |
|    add_ln58_1050_fu_10704_p2                                            | -    |        | add_ln58_1050 | add | fabric | 0       |
|    add_ln58_1051_fu_10968_p2                                            | -    |        | add_ln58_1051 | add | fabric | 0       |
|    acc_248_fu_11285_p2                                                  | -    |        | acc_248       | add | fabric | 0       |
|    mul_16s_16s_26_2_1_U253                                              | 1    |        | mul_ln58_1053 | mul | auto   | 1       |
|    mul_16s_16s_26_2_1_U254                                              | 1    |        | mul_ln58_1054 | mul | auto   | 1       |
|    mul_16s_16s_26_2_1_U255                                              | 1    |        | mul_ln58_1055 | mul | auto   | 1       |
|    mul_16s_16s_26_2_1_U256                                              | 1    |        | mul_ln58_1056 | mul | auto   | 1       |
|    add_ln58_1053_fu_10708_p2                                            | -    |        | add_ln58_1053 | add | fabric | 0       |
|    add_ln58_1054_fu_10712_p2                                            | -    |        | add_ln58_1054 | add | fabric | 0       |
|    add_ln58_1055_fu_10972_p2                                            | -    |        | add_ln58_1055 | add | fabric | 0       |
|    acc_249_fu_11290_p2                                                  | -    |        | acc_249       | add | fabric | 0       |
|    mul_16s_16s_26_2_1_U257                                              | 1    |        | mul_ln58_1057 | mul | auto   | 1       |
|    mul_16s_16s_26_2_1_U258                                              | 1    |        | mul_ln58_1058 | mul | auto   | 1       |
|    mul_16s_16s_26_2_1_U259                                              | 1    |        | mul_ln58_1059 | mul | auto   | 1       |
|    mul_16s_10s_26_2_1_U260                                              | 1    |        | mul_ln58_1060 | mul | auto   | 1       |
|    add_ln58_1057_fu_10716_p2                                            | -    |        | add_ln58_1057 | add | fabric | 0       |
|    add_ln58_1058_fu_10720_p2                                            | -    |        | add_ln58_1058 | add | fabric | 0       |
|    add_ln58_1059_fu_10976_p2                                            | -    |        | add_ln58_1059 | add | fabric | 0       |
|    acc_250_fu_11295_p2                                                  | -    |        | acc_250       | add | fabric | 0       |
|    w_index_fu_2714_p2                                                   | -    |        | w_index       | add | fabric | 0       |
|  + dense_array_ap_fixed_64u_array_ap_fixed_16_6_5_3_0_32u_config4_s     | 512  |        |               |     |        |         |
|    mul_16s_16s_26_2_1_U286                                              | 1    |        | mul_ln58      | mul | auto   | 1       |
|    mul_16s_16s_26_2_1_U287                                              | 1    |        | mul_ln58_1    | mul | auto   | 1       |
|    mul_16s_16s_26_2_1_U288                                              | 1    |        | mul_ln58_2    | mul | auto   | 1       |
|    mul_16s_16s_26_2_1_U289                                              | 1    |        | mul_ln58_3    | mul | auto   | 1       |
|    mul_16s_16s_26_2_1_U290                                              | 1    |        | mul_ln58_4    | mul | auto   | 1       |
|    mul_16s_16s_26_2_1_U291                                              | 1    |        | mul_ln58_5    | mul | auto   | 1       |
|    mul_16s_16s_26_2_1_U292                                              | 1    |        | mul_ln58_6    | mul | auto   | 1       |
|    mul_16s_16s_26_2_1_U293                                              | 1    |        | mul_ln58_7    | mul | auto   | 1       |
|    mul_16s_16s_26_2_1_U294                                              | 1    |        | mul_ln58_8    | mul | auto   | 1       |
|    mul_16s_16s_26_2_1_U295                                              | 1    |        | mul_ln58_9    | mul | auto   | 1       |
|    mul_16s_16s_26_2_1_U296                                              | 1    |        | mul_ln58_10   | mul | auto   | 1       |
|    mul_16s_16s_26_2_1_U297                                              | 1    |        | mul_ln58_11   | mul | auto   | 1       |
|    mul_16s_16s_26_2_1_U298                                              | 1    |        | mul_ln58_12   | mul | auto   | 1       |
|    mul_16s_16s_26_2_1_U299                                              | 1    |        | mul_ln58_13   | mul | auto   | 1       |
|    mul_16s_16s_26_2_1_U300                                              | 1    |        | mul_ln58_14   | mul | auto   | 1       |
|    mul_16s_16s_26_2_1_U301                                              | 1    |        | mul_ln58_15   | mul | auto   | 1       |
|    add_ln58_fu_20119_p2                                                 | -    |        | add_ln58      | add | fabric | 0       |
|    add_ln58_1_fu_20123_p2                                               | -    |        | add_ln58_1    | add | fabric | 0       |
|    add_ln58_2_fu_21147_p2                                               | -    |        | add_ln58_2    | add | fabric | 0       |
|    add_ln58_3_fu_20127_p2                                               | -    |        | add_ln58_3    | add | fabric | 0       |
|    add_ln58_4_fu_20131_p2                                               | -    |        | add_ln58_4    | add | fabric | 0       |
|    add_ln58_5_fu_21151_p2                                               | -    |        | add_ln58_5    | add | fabric | 0       |
|    add_ln58_6_fu_21659_p2                                               | -    |        | add_ln58_6    | add | fabric | 0       |
|    add_ln58_7_fu_20135_p2                                               | -    |        | add_ln58_7    | add | fabric | 0       |
|    add_ln58_8_fu_20139_p2                                               | -    |        | add_ln58_8    | add | fabric | 0       |
|    add_ln58_9_fu_21155_p2                                               | -    |        | add_ln58_9    | add | fabric | 0       |
|    add_ln58_10_fu_20143_p2                                              | -    |        | add_ln58_10   | add | fabric | 0       |
|    add_ln58_11_fu_20147_p2                                              | -    |        | add_ln58_11   | add | fabric | 0       |
|    add_ln58_12_fu_21159_p2                                              | -    |        | add_ln58_12   | add | fabric | 0       |
|    add_ln58_13_fu_21663_p2                                              | -    |        | add_ln58_13   | add | fabric | 0       |
|    add_ln58_14_fu_21915_p2                                              | -    |        | add_ln58_14   | add | fabric | 0       |
|    acc_fu_22043_p2                                                      | -    |        | acc           | add | fabric | 0       |
|    mul_16s_16s_26_2_1_U302                                              | 1    |        | mul_ln58_16   | mul | auto   | 1       |
|    mul_16s_16s_26_2_1_U303                                              | 1    |        | mul_ln58_17   | mul | auto   | 1       |
|    mul_16s_16s_26_2_1_U304                                              | 1    |        | mul_ln58_18   | mul | auto   | 1       |
|    mul_16s_16s_26_2_1_U305                                              | 1    |        | mul_ln58_19   | mul | auto   | 1       |
|    mul_16s_16s_26_2_1_U306                                              | 1    |        | mul_ln58_20   | mul | auto   | 1       |
|    mul_16s_16s_26_2_1_U307                                              | 1    |        | mul_ln58_21   | mul | auto   | 1       |
|    mul_16s_16s_26_2_1_U308                                              | 1    |        | mul_ln58_22   | mul | auto   | 1       |
|    mul_16s_16s_26_2_1_U309                                              | 1    |        | mul_ln58_23   | mul | auto   | 1       |
|    mul_16s_16s_26_2_1_U310                                              | 1    |        | mul_ln58_24   | mul | auto   | 1       |
|    mul_16s_16s_26_2_1_U311                                              | 1    |        | mul_ln58_25   | mul | auto   | 1       |
|    mul_16s_16s_26_2_1_U312                                              | 1    |        | mul_ln58_26   | mul | auto   | 1       |
|    mul_16s_16s_26_2_1_U313                                              | 1    |        | mul_ln58_27   | mul | auto   | 1       |
|    mul_16s_16s_26_2_1_U314                                              | 1    |        | mul_ln58_28   | mul | auto   | 1       |
|    mul_16s_16s_26_2_1_U315                                              | 1    |        | mul_ln58_29   | mul | auto   | 1       |
|    mul_16s_16s_26_2_1_U316                                              | 1    |        | mul_ln58_30   | mul | auto   | 1       |
|    mul_16s_16s_26_2_1_U317                                              | 1    |        | mul_ln58_31   | mul | auto   | 1       |
|    add_ln58_16_fu_20151_p2                                              | -    |        | add_ln58_16   | add | fabric | 0       |
|    add_ln58_17_fu_20155_p2                                              | -    |        | add_ln58_17   | add | fabric | 0       |
|    add_ln58_18_fu_21163_p2                                              | -    |        | add_ln58_18   | add | fabric | 0       |
|    add_ln58_19_fu_20159_p2                                              | -    |        | add_ln58_19   | add | fabric | 0       |
|    add_ln58_20_fu_20163_p2                                              | -    |        | add_ln58_20   | add | fabric | 0       |
|    add_ln58_21_fu_21167_p2                                              | -    |        | add_ln58_21   | add | fabric | 0       |
|    add_ln58_22_fu_21667_p2                                              | -    |        | add_ln58_22   | add | fabric | 0       |
|    add_ln58_23_fu_20167_p2                                              | -    |        | add_ln58_23   | add | fabric | 0       |
|    add_ln58_24_fu_20171_p2                                              | -    |        | add_ln58_24   | add | fabric | 0       |
|    add_ln58_25_fu_21171_p2                                              | -    |        | add_ln58_25   | add | fabric | 0       |
|    add_ln58_26_fu_20175_p2                                              | -    |        | add_ln58_26   | add | fabric | 0       |
|    add_ln58_27_fu_20179_p2                                              | -    |        | add_ln58_27   | add | fabric | 0       |
|    add_ln58_28_fu_21175_p2                                              | -    |        | add_ln58_28   | add | fabric | 0       |
|    add_ln58_29_fu_21671_p2                                              | -    |        | add_ln58_29   | add | fabric | 0       |
|    add_ln58_30_fu_21919_p2                                              | -    |        | add_ln58_30   | add | fabric | 0       |
|    acc_32_fu_22048_p2                                                   | -    |        | acc_32        | add | fabric | 0       |
|    mul_16s_16s_26_2_1_U318                                              | 1    |        | mul_ln58_32   | mul | auto   | 1       |
|    mul_16s_16s_26_2_1_U319                                              | 1    |        | mul_ln58_33   | mul | auto   | 1       |
|    mul_16s_16s_26_2_1_U320                                              | 1    |        | mul_ln58_34   | mul | auto   | 1       |
|    mul_16s_16s_26_2_1_U321                                              | 1    |        | mul_ln58_35   | mul | auto   | 1       |
|    mul_16s_16s_26_2_1_U322                                              | 1    |        | mul_ln58_36   | mul | auto   | 1       |
|    mul_16s_16s_26_2_1_U323                                              | 1    |        | mul_ln58_37   | mul | auto   | 1       |
|    mul_16s_16s_26_2_1_U324                                              | 1    |        | mul_ln58_38   | mul | auto   | 1       |
|    mul_16s_16s_26_2_1_U325                                              | 1    |        | mul_ln58_39   | mul | auto   | 1       |
|    mul_16s_16s_26_2_1_U326                                              | 1    |        | mul_ln58_40   | mul | auto   | 1       |
|    mul_16s_16s_26_2_1_U327                                              | 1    |        | mul_ln58_41   | mul | auto   | 1       |
|    mul_16s_16s_26_2_1_U328                                              | 1    |        | mul_ln58_42   | mul | auto   | 1       |
|    mul_16s_16s_26_2_1_U329                                              | 1    |        | mul_ln58_43   | mul | auto   | 1       |
|    mul_16s_16s_26_2_1_U330                                              | 1    |        | mul_ln58_44   | mul | auto   | 1       |
|    mul_16s_16s_26_2_1_U331                                              | 1    |        | mul_ln58_45   | mul | auto   | 1       |
|    mul_16s_16s_26_2_1_U332                                              | 1    |        | mul_ln58_46   | mul | auto   | 1       |
|    mul_16s_16s_26_2_1_U333                                              | 1    |        | mul_ln58_47   | mul | auto   | 1       |
|    add_ln58_32_fu_20183_p2                                              | -    |        | add_ln58_32   | add | fabric | 0       |
|    add_ln58_33_fu_20187_p2                                              | -    |        | add_ln58_33   | add | fabric | 0       |
|    add_ln58_34_fu_21179_p2                                              | -    |        | add_ln58_34   | add | fabric | 0       |
|    add_ln58_35_fu_20191_p2                                              | -    |        | add_ln58_35   | add | fabric | 0       |
|    add_ln58_36_fu_20195_p2                                              | -    |        | add_ln58_36   | add | fabric | 0       |
|    add_ln58_37_fu_21183_p2                                              | -    |        | add_ln58_37   | add | fabric | 0       |
|    add_ln58_38_fu_21675_p2                                              | -    |        | add_ln58_38   | add | fabric | 0       |
|    add_ln58_39_fu_20199_p2                                              | -    |        | add_ln58_39   | add | fabric | 0       |
|    add_ln58_40_fu_20203_p2                                              | -    |        | add_ln58_40   | add | fabric | 0       |
|    add_ln58_41_fu_21187_p2                                              | -    |        | add_ln58_41   | add | fabric | 0       |
|    add_ln58_42_fu_20207_p2                                              | -    |        | add_ln58_42   | add | fabric | 0       |
|    add_ln58_43_fu_20211_p2                                              | -    |        | add_ln58_43   | add | fabric | 0       |
|    add_ln58_44_fu_21191_p2                                              | -    |        | add_ln58_44   | add | fabric | 0       |
|    add_ln58_45_fu_21679_p2                                              | -    |        | add_ln58_45   | add | fabric | 0       |
|    add_ln58_46_fu_21923_p2                                              | -    |        | add_ln58_46   | add | fabric | 0       |
|    acc_33_fu_22053_p2                                                   | -    |        | acc_33        | add | fabric | 0       |
|    mul_16s_16s_26_2_1_U334                                              | 1    |        | mul_ln58_48   | mul | auto   | 1       |
|    mul_16s_16s_26_2_1_U335                                              | 1    |        | mul_ln58_49   | mul | auto   | 1       |
|    mul_16s_16s_26_2_1_U336                                              | 1    |        | mul_ln58_50   | mul | auto   | 1       |
|    mul_16s_16s_26_2_1_U337                                              | 1    |        | mul_ln58_51   | mul | auto   | 1       |
|    mul_16s_16s_26_2_1_U338                                              | 1    |        | mul_ln58_52   | mul | auto   | 1       |
|    mul_16s_16s_26_2_1_U339                                              | 1    |        | mul_ln58_53   | mul | auto   | 1       |
|    mul_16s_16s_26_2_1_U340                                              | 1    |        | mul_ln58_54   | mul | auto   | 1       |
|    mul_16s_16s_26_2_1_U341                                              | 1    |        | mul_ln58_55   | mul | auto   | 1       |
|    mul_16s_16s_26_2_1_U342                                              | 1    |        | mul_ln58_56   | mul | auto   | 1       |
|    mul_16s_16s_26_2_1_U343                                              | 1    |        | mul_ln58_57   | mul | auto   | 1       |
|    mul_16s_16s_26_2_1_U344                                              | 1    |        | mul_ln58_58   | mul | auto   | 1       |
|    mul_16s_16s_26_2_1_U345                                              | 1    |        | mul_ln58_59   | mul | auto   | 1       |
|    mul_16s_16s_26_2_1_U346                                              | 1    |        | mul_ln58_60   | mul | auto   | 1       |
|    mul_16s_16s_26_2_1_U347                                              | 1    |        | mul_ln58_61   | mul | auto   | 1       |
|    mul_16s_16s_26_2_1_U348                                              | 1    |        | mul_ln58_62   | mul | auto   | 1       |
|    mul_16s_16s_26_2_1_U349                                              | 1    |        | mul_ln58_63   | mul | auto   | 1       |
|    add_ln58_48_fu_20215_p2                                              | -    |        | add_ln58_48   | add | fabric | 0       |
|    add_ln58_49_fu_20219_p2                                              | -    |        | add_ln58_49   | add | fabric | 0       |
|    add_ln58_50_fu_21195_p2                                              | -    |        | add_ln58_50   | add | fabric | 0       |
|    add_ln58_51_fu_20223_p2                                              | -    |        | add_ln58_51   | add | fabric | 0       |
|    add_ln58_52_fu_20227_p2                                              | -    |        | add_ln58_52   | add | fabric | 0       |
|    add_ln58_53_fu_21199_p2                                              | -    |        | add_ln58_53   | add | fabric | 0       |
|    add_ln58_54_fu_21683_p2                                              | -    |        | add_ln58_54   | add | fabric | 0       |
|    add_ln58_55_fu_20231_p2                                              | -    |        | add_ln58_55   | add | fabric | 0       |
|    add_ln58_56_fu_20235_p2                                              | -    |        | add_ln58_56   | add | fabric | 0       |
|    add_ln58_57_fu_21203_p2                                              | -    |        | add_ln58_57   | add | fabric | 0       |
|    add_ln58_58_fu_20239_p2                                              | -    |        | add_ln58_58   | add | fabric | 0       |
|    add_ln58_59_fu_20243_p2                                              | -    |        | add_ln58_59   | add | fabric | 0       |
|    add_ln58_60_fu_21207_p2                                              | -    |        | add_ln58_60   | add | fabric | 0       |
|    add_ln58_61_fu_21687_p2                                              | -    |        | add_ln58_61   | add | fabric | 0       |
|    add_ln58_62_fu_21927_p2                                              | -    |        | add_ln58_62   | add | fabric | 0       |
|    acc_34_fu_22058_p2                                                   | -    |        | acc_34        | add | fabric | 0       |
|    mul_16s_16s_26_2_1_U350                                              | 1    |        | mul_ln58_64   | mul | auto   | 1       |
|    mul_16s_16s_26_2_1_U351                                              | 1    |        | mul_ln58_65   | mul | auto   | 1       |
|    mul_16s_16s_26_2_1_U352                                              | 1    |        | mul_ln58_66   | mul | auto   | 1       |
|    mul_16s_16s_26_2_1_U353                                              | 1    |        | mul_ln58_67   | mul | auto   | 1       |
|    mul_16s_16s_26_2_1_U354                                              | 1    |        | mul_ln58_68   | mul | auto   | 1       |
|    mul_16s_16s_26_2_1_U355                                              | 1    |        | mul_ln58_69   | mul | auto   | 1       |
|    mul_16s_16s_26_2_1_U356                                              | 1    |        | mul_ln58_70   | mul | auto   | 1       |
|    mul_16s_16s_26_2_1_U357                                              | 1    |        | mul_ln58_71   | mul | auto   | 1       |
|    mul_16s_16s_26_2_1_U358                                              | 1    |        | mul_ln58_72   | mul | auto   | 1       |
|    mul_16s_16s_26_2_1_U359                                              | 1    |        | mul_ln58_73   | mul | auto   | 1       |
|    mul_16s_16s_26_2_1_U360                                              | 1    |        | mul_ln58_74   | mul | auto   | 1       |
|    mul_16s_16s_26_2_1_U361                                              | 1    |        | mul_ln58_75   | mul | auto   | 1       |
|    mul_16s_16s_26_2_1_U362                                              | 1    |        | mul_ln58_76   | mul | auto   | 1       |
|    mul_16s_16s_26_2_1_U363                                              | 1    |        | mul_ln58_77   | mul | auto   | 1       |
|    mul_16s_16s_26_2_1_U364                                              | 1    |        | mul_ln58_78   | mul | auto   | 1       |
|    mul_16s_16s_26_2_1_U365                                              | 1    |        | mul_ln58_79   | mul | auto   | 1       |
|    add_ln58_64_fu_20247_p2                                              | -    |        | add_ln58_64   | add | fabric | 0       |
|    add_ln58_65_fu_20251_p2                                              | -    |        | add_ln58_65   | add | fabric | 0       |
|    add_ln58_66_fu_21211_p2                                              | -    |        | add_ln58_66   | add | fabric | 0       |
|    add_ln58_67_fu_20255_p2                                              | -    |        | add_ln58_67   | add | fabric | 0       |
|    add_ln58_68_fu_20259_p2                                              | -    |        | add_ln58_68   | add | fabric | 0       |
|    add_ln58_69_fu_21215_p2                                              | -    |        | add_ln58_69   | add | fabric | 0       |
|    add_ln58_70_fu_21691_p2                                              | -    |        | add_ln58_70   | add | fabric | 0       |
|    add_ln58_71_fu_20263_p2                                              | -    |        | add_ln58_71   | add | fabric | 0       |
|    add_ln58_72_fu_20267_p2                                              | -    |        | add_ln58_72   | add | fabric | 0       |
|    add_ln58_73_fu_21219_p2                                              | -    |        | add_ln58_73   | add | fabric | 0       |
|    add_ln58_74_fu_20271_p2                                              | -    |        | add_ln58_74   | add | fabric | 0       |
|    add_ln58_75_fu_20275_p2                                              | -    |        | add_ln58_75   | add | fabric | 0       |
|    add_ln58_76_fu_21223_p2                                              | -    |        | add_ln58_76   | add | fabric | 0       |
|    add_ln58_77_fu_21695_p2                                              | -    |        | add_ln58_77   | add | fabric | 0       |
|    add_ln58_78_fu_21931_p2                                              | -    |        | add_ln58_78   | add | fabric | 0       |
|    acc_35_fu_22063_p2                                                   | -    |        | acc_35        | add | fabric | 0       |
|    mul_16s_16s_26_2_1_U366                                              | 1    |        | mul_ln58_80   | mul | auto   | 1       |
|    mul_16s_16s_26_2_1_U367                                              | 1    |        | mul_ln58_81   | mul | auto   | 1       |
|    mul_16s_16s_26_2_1_U368                                              | 1    |        | mul_ln58_82   | mul | auto   | 1       |
|    mul_16s_16s_26_2_1_U369                                              | 1    |        | mul_ln58_83   | mul | auto   | 1       |
|    mul_16s_16s_26_2_1_U370                                              | 1    |        | mul_ln58_84   | mul | auto   | 1       |
|    mul_16s_16s_26_2_1_U371                                              | 1    |        | mul_ln58_85   | mul | auto   | 1       |
|    mul_16s_16s_26_2_1_U372                                              | 1    |        | mul_ln58_86   | mul | auto   | 1       |
|    mul_16s_16s_26_2_1_U373                                              | 1    |        | mul_ln58_87   | mul | auto   | 1       |
|    mul_16s_16s_26_2_1_U374                                              | 1    |        | mul_ln58_88   | mul | auto   | 1       |
|    mul_16s_16s_26_2_1_U375                                              | 1    |        | mul_ln58_89   | mul | auto   | 1       |
|    mul_16s_16s_26_2_1_U376                                              | 1    |        | mul_ln58_90   | mul | auto   | 1       |
|    mul_16s_16s_26_2_1_U377                                              | 1    |        | mul_ln58_91   | mul | auto   | 1       |
|    mul_16s_16s_26_2_1_U378                                              | 1    |        | mul_ln58_92   | mul | auto   | 1       |
|    mul_16s_16s_26_2_1_U379                                              | 1    |        | mul_ln58_93   | mul | auto   | 1       |
|    mul_16s_16s_26_2_1_U380                                              | 1    |        | mul_ln58_94   | mul | auto   | 1       |
|    mul_16s_16s_26_2_1_U381                                              | 1    |        | mul_ln58_95   | mul | auto   | 1       |
|    add_ln58_80_fu_20279_p2                                              | -    |        | add_ln58_80   | add | fabric | 0       |
|    add_ln58_81_fu_20283_p2                                              | -    |        | add_ln58_81   | add | fabric | 0       |
|    add_ln58_82_fu_21227_p2                                              | -    |        | add_ln58_82   | add | fabric | 0       |
|    add_ln58_83_fu_20287_p2                                              | -    |        | add_ln58_83   | add | fabric | 0       |
|    add_ln58_84_fu_20291_p2                                              | -    |        | add_ln58_84   | add | fabric | 0       |
|    add_ln58_85_fu_21231_p2                                              | -    |        | add_ln58_85   | add | fabric | 0       |
|    add_ln58_86_fu_21699_p2                                              | -    |        | add_ln58_86   | add | fabric | 0       |
|    add_ln58_87_fu_20295_p2                                              | -    |        | add_ln58_87   | add | fabric | 0       |
|    add_ln58_88_fu_20299_p2                                              | -    |        | add_ln58_88   | add | fabric | 0       |
|    add_ln58_89_fu_21235_p2                                              | -    |        | add_ln58_89   | add | fabric | 0       |
|    add_ln58_90_fu_20303_p2                                              | -    |        | add_ln58_90   | add | fabric | 0       |
|    add_ln58_91_fu_20307_p2                                              | -    |        | add_ln58_91   | add | fabric | 0       |
|    add_ln58_92_fu_21239_p2                                              | -    |        | add_ln58_92   | add | fabric | 0       |
|    add_ln58_93_fu_21703_p2                                              | -    |        | add_ln58_93   | add | fabric | 0       |
|    add_ln58_94_fu_21935_p2                                              | -    |        | add_ln58_94   | add | fabric | 0       |
|    acc_36_fu_22068_p2                                                   | -    |        | acc_36        | add | fabric | 0       |
|    mul_16s_16s_26_2_1_U382                                              | 1    |        | mul_ln58_96   | mul | auto   | 1       |
|    mul_16s_16s_26_2_1_U383                                              | 1    |        | mul_ln58_97   | mul | auto   | 1       |
|    mul_16s_16s_26_2_1_U384                                              | 1    |        | mul_ln58_98   | mul | auto   | 1       |
|    mul_16s_16s_26_2_1_U385                                              | 1    |        | mul_ln58_99   | mul | auto   | 1       |
|    mul_16s_16s_26_2_1_U386                                              | 1    |        | mul_ln58_100  | mul | auto   | 1       |
|    mul_16s_16s_26_2_1_U387                                              | 1    |        | mul_ln58_101  | mul | auto   | 1       |
|    mul_16s_16s_26_2_1_U388                                              | 1    |        | mul_ln58_102  | mul | auto   | 1       |
|    mul_16s_16s_26_2_1_U389                                              | 1    |        | mul_ln58_103  | mul | auto   | 1       |
|    mul_16s_16s_26_2_1_U390                                              | 1    |        | mul_ln58_104  | mul | auto   | 1       |
|    mul_16s_16s_26_2_1_U391                                              | 1    |        | mul_ln58_105  | mul | auto   | 1       |
|    mul_16s_16s_26_2_1_U392                                              | 1    |        | mul_ln58_106  | mul | auto   | 1       |
|    mul_16s_16s_26_2_1_U393                                              | 1    |        | mul_ln58_107  | mul | auto   | 1       |
|    mul_16s_16s_26_2_1_U394                                              | 1    |        | mul_ln58_108  | mul | auto   | 1       |
|    mul_16s_16s_26_2_1_U395                                              | 1    |        | mul_ln58_109  | mul | auto   | 1       |
|    mul_16s_16s_26_2_1_U396                                              | 1    |        | mul_ln58_110  | mul | auto   | 1       |
|    mul_16s_16s_26_2_1_U397                                              | 1    |        | mul_ln58_111  | mul | auto   | 1       |
|    add_ln58_96_fu_20311_p2                                              | -    |        | add_ln58_96   | add | fabric | 0       |
|    add_ln58_97_fu_20315_p2                                              | -    |        | add_ln58_97   | add | fabric | 0       |
|    add_ln58_98_fu_21243_p2                                              | -    |        | add_ln58_98   | add | fabric | 0       |
|    add_ln58_99_fu_20319_p2                                              | -    |        | add_ln58_99   | add | fabric | 0       |
|    add_ln58_100_fu_20323_p2                                             | -    |        | add_ln58_100  | add | fabric | 0       |
|    add_ln58_101_fu_21247_p2                                             | -    |        | add_ln58_101  | add | fabric | 0       |
|    add_ln58_102_fu_21707_p2                                             | -    |        | add_ln58_102  | add | fabric | 0       |
|    add_ln58_103_fu_20327_p2                                             | -    |        | add_ln58_103  | add | fabric | 0       |
|    add_ln58_104_fu_20331_p2                                             | -    |        | add_ln58_104  | add | fabric | 0       |
|    add_ln58_105_fu_21251_p2                                             | -    |        | add_ln58_105  | add | fabric | 0       |
|    add_ln58_106_fu_20335_p2                                             | -    |        | add_ln58_106  | add | fabric | 0       |
|    add_ln58_107_fu_20339_p2                                             | -    |        | add_ln58_107  | add | fabric | 0       |
|    add_ln58_108_fu_21255_p2                                             | -    |        | add_ln58_108  | add | fabric | 0       |
|    add_ln58_109_fu_21711_p2                                             | -    |        | add_ln58_109  | add | fabric | 0       |
|    add_ln58_110_fu_21939_p2                                             | -    |        | add_ln58_110  | add | fabric | 0       |
|    acc_37_fu_22073_p2                                                   | -    |        | acc_37        | add | fabric | 0       |
|    mul_16s_16s_26_2_1_U398                                              | 1    |        | mul_ln58_112  | mul | auto   | 1       |
|    mul_16s_16s_26_2_1_U399                                              | 1    |        | mul_ln58_113  | mul | auto   | 1       |
|    mul_16s_16s_26_2_1_U400                                              | 1    |        | mul_ln58_114  | mul | auto   | 1       |
|    mul_16s_16s_26_2_1_U401                                              | 1    |        | mul_ln58_115  | mul | auto   | 1       |
|    mul_16s_16s_26_2_1_U402                                              | 1    |        | mul_ln58_116  | mul | auto   | 1       |
|    mul_16s_16s_26_2_1_U403                                              | 1    |        | mul_ln58_117  | mul | auto   | 1       |
|    mul_16s_16s_26_2_1_U404                                              | 1    |        | mul_ln58_118  | mul | auto   | 1       |
|    mul_16s_16s_26_2_1_U405                                              | 1    |        | mul_ln58_119  | mul | auto   | 1       |
|    mul_16s_16s_26_2_1_U406                                              | 1    |        | mul_ln58_120  | mul | auto   | 1       |
|    mul_16s_16s_26_2_1_U407                                              | 1    |        | mul_ln58_121  | mul | auto   | 1       |
|    mul_16s_16s_26_2_1_U408                                              | 1    |        | mul_ln58_122  | mul | auto   | 1       |
|    mul_16s_16s_26_2_1_U409                                              | 1    |        | mul_ln58_123  | mul | auto   | 1       |
|    mul_16s_16s_26_2_1_U410                                              | 1    |        | mul_ln58_124  | mul | auto   | 1       |
|    mul_16s_16s_26_2_1_U411                                              | 1    |        | mul_ln58_125  | mul | auto   | 1       |
|    mul_16s_16s_26_2_1_U412                                              | 1    |        | mul_ln58_126  | mul | auto   | 1       |
|    mul_16s_16s_26_2_1_U413                                              | 1    |        | mul_ln58_127  | mul | auto   | 1       |
|    add_ln58_112_fu_20343_p2                                             | -    |        | add_ln58_112  | add | fabric | 0       |
|    add_ln58_113_fu_20347_p2                                             | -    |        | add_ln58_113  | add | fabric | 0       |
|    add_ln58_114_fu_21259_p2                                             | -    |        | add_ln58_114  | add | fabric | 0       |
|    add_ln58_115_fu_20351_p2                                             | -    |        | add_ln58_115  | add | fabric | 0       |
|    add_ln58_116_fu_20355_p2                                             | -    |        | add_ln58_116  | add | fabric | 0       |
|    add_ln58_117_fu_21263_p2                                             | -    |        | add_ln58_117  | add | fabric | 0       |
|    add_ln58_118_fu_21715_p2                                             | -    |        | add_ln58_118  | add | fabric | 0       |
|    add_ln58_119_fu_20359_p2                                             | -    |        | add_ln58_119  | add | fabric | 0       |
|    add_ln58_120_fu_20363_p2                                             | -    |        | add_ln58_120  | add | fabric | 0       |
|    add_ln58_121_fu_21267_p2                                             | -    |        | add_ln58_121  | add | fabric | 0       |
|    add_ln58_122_fu_20367_p2                                             | -    |        | add_ln58_122  | add | fabric | 0       |
|    add_ln58_123_fu_20371_p2                                             | -    |        | add_ln58_123  | add | fabric | 0       |
|    add_ln58_124_fu_21271_p2                                             | -    |        | add_ln58_124  | add | fabric | 0       |
|    add_ln58_125_fu_21719_p2                                             | -    |        | add_ln58_125  | add | fabric | 0       |
|    add_ln58_126_fu_21943_p2                                             | -    |        | add_ln58_126  | add | fabric | 0       |
|    acc_38_fu_22078_p2                                                   | -    |        | acc_38        | add | fabric | 0       |
|    mul_16s_16s_26_2_1_U414                                              | 1    |        | mul_ln58_128  | mul | auto   | 1       |
|    mul_16s_16s_26_2_1_U415                                              | 1    |        | mul_ln58_129  | mul | auto   | 1       |
|    mul_16s_16s_26_2_1_U416                                              | 1    |        | mul_ln58_130  | mul | auto   | 1       |
|    mul_16s_16s_26_2_1_U417                                              | 1    |        | mul_ln58_131  | mul | auto   | 1       |
|    mul_16s_16s_26_2_1_U418                                              | 1    |        | mul_ln58_132  | mul | auto   | 1       |
|    mul_16s_16s_26_2_1_U419                                              | 1    |        | mul_ln58_133  | mul | auto   | 1       |
|    mul_16s_16s_26_2_1_U420                                              | 1    |        | mul_ln58_134  | mul | auto   | 1       |
|    mul_16s_16s_26_2_1_U421                                              | 1    |        | mul_ln58_135  | mul | auto   | 1       |
|    mul_16s_16s_26_2_1_U422                                              | 1    |        | mul_ln58_136  | mul | auto   | 1       |
|    mul_16s_16s_26_2_1_U423                                              | 1    |        | mul_ln58_137  | mul | auto   | 1       |
|    mul_16s_16s_26_2_1_U424                                              | 1    |        | mul_ln58_138  | mul | auto   | 1       |
|    mul_16s_16s_26_2_1_U425                                              | 1    |        | mul_ln58_139  | mul | auto   | 1       |
|    mul_16s_16s_26_2_1_U426                                              | 1    |        | mul_ln58_140  | mul | auto   | 1       |
|    mul_16s_16s_26_2_1_U427                                              | 1    |        | mul_ln58_141  | mul | auto   | 1       |
|    mul_16s_16s_26_2_1_U428                                              | 1    |        | mul_ln58_142  | mul | auto   | 1       |
|    mul_16s_16s_26_2_1_U429                                              | 1    |        | mul_ln58_143  | mul | auto   | 1       |
|    add_ln58_128_fu_20375_p2                                             | -    |        | add_ln58_128  | add | fabric | 0       |
|    add_ln58_129_fu_20379_p2                                             | -    |        | add_ln58_129  | add | fabric | 0       |
|    add_ln58_130_fu_21275_p2                                             | -    |        | add_ln58_130  | add | fabric | 0       |
|    add_ln58_131_fu_20383_p2                                             | -    |        | add_ln58_131  | add | fabric | 0       |
|    add_ln58_132_fu_20387_p2                                             | -    |        | add_ln58_132  | add | fabric | 0       |
|    add_ln58_133_fu_21279_p2                                             | -    |        | add_ln58_133  | add | fabric | 0       |
|    add_ln58_134_fu_21723_p2                                             | -    |        | add_ln58_134  | add | fabric | 0       |
|    add_ln58_135_fu_20391_p2                                             | -    |        | add_ln58_135  | add | fabric | 0       |
|    add_ln58_136_fu_20395_p2                                             | -    |        | add_ln58_136  | add | fabric | 0       |
|    add_ln58_137_fu_21283_p2                                             | -    |        | add_ln58_137  | add | fabric | 0       |
|    add_ln58_138_fu_20399_p2                                             | -    |        | add_ln58_138  | add | fabric | 0       |
|    add_ln58_139_fu_20403_p2                                             | -    |        | add_ln58_139  | add | fabric | 0       |
|    add_ln58_140_fu_21287_p2                                             | -    |        | add_ln58_140  | add | fabric | 0       |
|    add_ln58_141_fu_21727_p2                                             | -    |        | add_ln58_141  | add | fabric | 0       |
|    add_ln58_142_fu_21947_p2                                             | -    |        | add_ln58_142  | add | fabric | 0       |
|    acc_39_fu_22083_p2                                                   | -    |        | acc_39        | add | fabric | 0       |
|    mul_16s_16s_26_2_1_U430                                              | 1    |        | mul_ln58_144  | mul | auto   | 1       |
|    mul_16s_16s_26_2_1_U431                                              | 1    |        | mul_ln58_145  | mul | auto   | 1       |
|    mul_16s_16s_26_2_1_U432                                              | 1    |        | mul_ln58_146  | mul | auto   | 1       |
|    mul_16s_16s_26_2_1_U433                                              | 1    |        | mul_ln58_147  | mul | auto   | 1       |
|    mul_16s_16s_26_2_1_U434                                              | 1    |        | mul_ln58_148  | mul | auto   | 1       |
|    mul_16s_16s_26_2_1_U435                                              | 1    |        | mul_ln58_149  | mul | auto   | 1       |
|    mul_16s_16s_26_2_1_U436                                              | 1    |        | mul_ln58_150  | mul | auto   | 1       |
|    mul_16s_16s_26_2_1_U437                                              | 1    |        | mul_ln58_151  | mul | auto   | 1       |
|    mul_16s_16s_26_2_1_U438                                              | 1    |        | mul_ln58_152  | mul | auto   | 1       |
|    mul_16s_16s_26_2_1_U439                                              | 1    |        | mul_ln58_153  | mul | auto   | 1       |
|    mul_16s_16s_26_2_1_U440                                              | 1    |        | mul_ln58_154  | mul | auto   | 1       |
|    mul_16s_16s_26_2_1_U441                                              | 1    |        | mul_ln58_155  | mul | auto   | 1       |
|    mul_16s_16s_26_2_1_U442                                              | 1    |        | mul_ln58_156  | mul | auto   | 1       |
|    mul_16s_16s_26_2_1_U443                                              | 1    |        | mul_ln58_157  | mul | auto   | 1       |
|    mul_16s_16s_26_2_1_U444                                              | 1    |        | mul_ln58_158  | mul | auto   | 1       |
|    mul_16s_16s_26_2_1_U445                                              | 1    |        | mul_ln58_159  | mul | auto   | 1       |
|    add_ln58_144_fu_20407_p2                                             | -    |        | add_ln58_144  | add | fabric | 0       |
|    add_ln58_145_fu_20411_p2                                             | -    |        | add_ln58_145  | add | fabric | 0       |
|    add_ln58_146_fu_21291_p2                                             | -    |        | add_ln58_146  | add | fabric | 0       |
|    add_ln58_147_fu_20415_p2                                             | -    |        | add_ln58_147  | add | fabric | 0       |
|    add_ln58_148_fu_20419_p2                                             | -    |        | add_ln58_148  | add | fabric | 0       |
|    add_ln58_149_fu_21295_p2                                             | -    |        | add_ln58_149  | add | fabric | 0       |
|    add_ln58_150_fu_21731_p2                                             | -    |        | add_ln58_150  | add | fabric | 0       |
|    add_ln58_151_fu_20423_p2                                             | -    |        | add_ln58_151  | add | fabric | 0       |
|    add_ln58_152_fu_20427_p2                                             | -    |        | add_ln58_152  | add | fabric | 0       |
|    add_ln58_153_fu_21299_p2                                             | -    |        | add_ln58_153  | add | fabric | 0       |
|    add_ln58_154_fu_20431_p2                                             | -    |        | add_ln58_154  | add | fabric | 0       |
|    add_ln58_155_fu_20435_p2                                             | -    |        | add_ln58_155  | add | fabric | 0       |
|    add_ln58_156_fu_21303_p2                                             | -    |        | add_ln58_156  | add | fabric | 0       |
|    add_ln58_157_fu_21735_p2                                             | -    |        | add_ln58_157  | add | fabric | 0       |
|    add_ln58_158_fu_21951_p2                                             | -    |        | add_ln58_158  | add | fabric | 0       |
|    acc_40_fu_22088_p2                                                   | -    |        | acc_40        | add | fabric | 0       |
|    mul_16s_16s_26_2_1_U446                                              | 1    |        | mul_ln58_160  | mul | auto   | 1       |
|    mul_16s_16s_26_2_1_U447                                              | 1    |        | mul_ln58_161  | mul | auto   | 1       |
|    mul_16s_16s_26_2_1_U448                                              | 1    |        | mul_ln58_162  | mul | auto   | 1       |
|    mul_16s_16s_26_2_1_U449                                              | 1    |        | mul_ln58_163  | mul | auto   | 1       |
|    mul_16s_16s_26_2_1_U450                                              | 1    |        | mul_ln58_164  | mul | auto   | 1       |
|    mul_16s_16s_26_2_1_U451                                              | 1    |        | mul_ln58_165  | mul | auto   | 1       |
|    mul_16s_16s_26_2_1_U452                                              | 1    |        | mul_ln58_166  | mul | auto   | 1       |
|    mul_16s_16s_26_2_1_U453                                              | 1    |        | mul_ln58_167  | mul | auto   | 1       |
|    mul_16s_16s_26_2_1_U454                                              | 1    |        | mul_ln58_168  | mul | auto   | 1       |
|    mul_16s_16s_26_2_1_U455                                              | 1    |        | mul_ln58_169  | mul | auto   | 1       |
|    mul_16s_16s_26_2_1_U456                                              | 1    |        | mul_ln58_170  | mul | auto   | 1       |
|    mul_16s_16s_26_2_1_U457                                              | 1    |        | mul_ln58_171  | mul | auto   | 1       |
|    mul_16s_16s_26_2_1_U458                                              | 1    |        | mul_ln58_172  | mul | auto   | 1       |
|    mul_16s_16s_26_2_1_U459                                              | 1    |        | mul_ln58_173  | mul | auto   | 1       |
|    mul_16s_16s_26_2_1_U460                                              | 1    |        | mul_ln58_174  | mul | auto   | 1       |
|    mul_16s_16s_26_2_1_U461                                              | 1    |        | mul_ln58_175  | mul | auto   | 1       |
|    add_ln58_160_fu_20439_p2                                             | -    |        | add_ln58_160  | add | fabric | 0       |
|    add_ln58_161_fu_20443_p2                                             | -    |        | add_ln58_161  | add | fabric | 0       |
|    add_ln58_162_fu_21307_p2                                             | -    |        | add_ln58_162  | add | fabric | 0       |
|    add_ln58_163_fu_20447_p2                                             | -    |        | add_ln58_163  | add | fabric | 0       |
|    add_ln58_164_fu_20451_p2                                             | -    |        | add_ln58_164  | add | fabric | 0       |
|    add_ln58_165_fu_21311_p2                                             | -    |        | add_ln58_165  | add | fabric | 0       |
|    add_ln58_166_fu_21739_p2                                             | -    |        | add_ln58_166  | add | fabric | 0       |
|    add_ln58_167_fu_20455_p2                                             | -    |        | add_ln58_167  | add | fabric | 0       |
|    add_ln58_168_fu_20459_p2                                             | -    |        | add_ln58_168  | add | fabric | 0       |
|    add_ln58_169_fu_21315_p2                                             | -    |        | add_ln58_169  | add | fabric | 0       |
|    add_ln58_170_fu_20463_p2                                             | -    |        | add_ln58_170  | add | fabric | 0       |
|    add_ln58_171_fu_20467_p2                                             | -    |        | add_ln58_171  | add | fabric | 0       |
|    add_ln58_172_fu_21319_p2                                             | -    |        | add_ln58_172  | add | fabric | 0       |
|    add_ln58_173_fu_21743_p2                                             | -    |        | add_ln58_173  | add | fabric | 0       |
|    add_ln58_174_fu_21955_p2                                             | -    |        | add_ln58_174  | add | fabric | 0       |
|    acc_41_fu_22093_p2                                                   | -    |        | acc_41        | add | fabric | 0       |
|    mul_16s_16s_26_2_1_U462                                              | 1    |        | mul_ln58_176  | mul | auto   | 1       |
|    mul_16s_16s_26_2_1_U463                                              | 1    |        | mul_ln58_177  | mul | auto   | 1       |
|    mul_16s_16s_26_2_1_U464                                              | 1    |        | mul_ln58_178  | mul | auto   | 1       |
|    mul_16s_16s_26_2_1_U465                                              | 1    |        | mul_ln58_179  | mul | auto   | 1       |
|    mul_16s_16s_26_2_1_U466                                              | 1    |        | mul_ln58_180  | mul | auto   | 1       |
|    mul_16s_16s_26_2_1_U467                                              | 1    |        | mul_ln58_181  | mul | auto   | 1       |
|    mul_16s_16s_26_2_1_U468                                              | 1    |        | mul_ln58_182  | mul | auto   | 1       |
|    mul_16s_16s_26_2_1_U469                                              | 1    |        | mul_ln58_183  | mul | auto   | 1       |
|    mul_16s_16s_26_2_1_U470                                              | 1    |        | mul_ln58_184  | mul | auto   | 1       |
|    mul_16s_16s_26_2_1_U471                                              | 1    |        | mul_ln58_185  | mul | auto   | 1       |
|    mul_16s_16s_26_2_1_U472                                              | 1    |        | mul_ln58_186  | mul | auto   | 1       |
|    mul_16s_16s_26_2_1_U473                                              | 1    |        | mul_ln58_187  | mul | auto   | 1       |
|    mul_16s_16s_26_2_1_U474                                              | 1    |        | mul_ln58_188  | mul | auto   | 1       |
|    mul_16s_16s_26_2_1_U475                                              | 1    |        | mul_ln58_189  | mul | auto   | 1       |
|    mul_16s_16s_26_2_1_U476                                              | 1    |        | mul_ln58_190  | mul | auto   | 1       |
|    mul_16s_16s_26_2_1_U477                                              | 1    |        | mul_ln58_191  | mul | auto   | 1       |
|    add_ln58_176_fu_20471_p2                                             | -    |        | add_ln58_176  | add | fabric | 0       |
|    add_ln58_177_fu_20475_p2                                             | -    |        | add_ln58_177  | add | fabric | 0       |
|    add_ln58_178_fu_21323_p2                                             | -    |        | add_ln58_178  | add | fabric | 0       |
|    add_ln58_179_fu_20479_p2                                             | -    |        | add_ln58_179  | add | fabric | 0       |
|    add_ln58_180_fu_20483_p2                                             | -    |        | add_ln58_180  | add | fabric | 0       |
|    add_ln58_181_fu_21327_p2                                             | -    |        | add_ln58_181  | add | fabric | 0       |
|    add_ln58_182_fu_21747_p2                                             | -    |        | add_ln58_182  | add | fabric | 0       |
|    add_ln58_183_fu_20487_p2                                             | -    |        | add_ln58_183  | add | fabric | 0       |
|    add_ln58_184_fu_20491_p2                                             | -    |        | add_ln58_184  | add | fabric | 0       |
|    add_ln58_185_fu_21331_p2                                             | -    |        | add_ln58_185  | add | fabric | 0       |
|    add_ln58_186_fu_20495_p2                                             | -    |        | add_ln58_186  | add | fabric | 0       |
|    add_ln58_187_fu_20499_p2                                             | -    |        | add_ln58_187  | add | fabric | 0       |
|    add_ln58_188_fu_21335_p2                                             | -    |        | add_ln58_188  | add | fabric | 0       |
|    add_ln58_189_fu_21751_p2                                             | -    |        | add_ln58_189  | add | fabric | 0       |
|    add_ln58_190_fu_21959_p2                                             | -    |        | add_ln58_190  | add | fabric | 0       |
|    acc_42_fu_22098_p2                                                   | -    |        | acc_42        | add | fabric | 0       |
|    mul_16s_16s_26_2_1_U478                                              | 1    |        | mul_ln58_192  | mul | auto   | 1       |
|    mul_16s_16s_26_2_1_U479                                              | 1    |        | mul_ln58_193  | mul | auto   | 1       |
|    mul_16s_16s_26_2_1_U480                                              | 1    |        | mul_ln58_194  | mul | auto   | 1       |
|    mul_16s_16s_26_2_1_U481                                              | 1    |        | mul_ln58_195  | mul | auto   | 1       |
|    mul_16s_16s_26_2_1_U482                                              | 1    |        | mul_ln58_196  | mul | auto   | 1       |
|    mul_16s_16s_26_2_1_U483                                              | 1    |        | mul_ln58_197  | mul | auto   | 1       |
|    mul_16s_16s_26_2_1_U484                                              | 1    |        | mul_ln58_198  | mul | auto   | 1       |
|    mul_16s_16s_26_2_1_U485                                              | 1    |        | mul_ln58_199  | mul | auto   | 1       |
|    mul_16s_16s_26_2_1_U486                                              | 1    |        | mul_ln58_200  | mul | auto   | 1       |
|    mul_16s_16s_26_2_1_U487                                              | 1    |        | mul_ln58_201  | mul | auto   | 1       |
|    mul_16s_16s_26_2_1_U488                                              | 1    |        | mul_ln58_202  | mul | auto   | 1       |
|    mul_16s_16s_26_2_1_U489                                              | 1    |        | mul_ln58_203  | mul | auto   | 1       |
|    mul_16s_16s_26_2_1_U490                                              | 1    |        | mul_ln58_204  | mul | auto   | 1       |
|    mul_16s_16s_26_2_1_U491                                              | 1    |        | mul_ln58_205  | mul | auto   | 1       |
|    mul_16s_16s_26_2_1_U492                                              | 1    |        | mul_ln58_206  | mul | auto   | 1       |
|    mul_16s_16s_26_2_1_U493                                              | 1    |        | mul_ln58_207  | mul | auto   | 1       |
|    add_ln58_192_fu_20503_p2                                             | -    |        | add_ln58_192  | add | fabric | 0       |
|    add_ln58_193_fu_20507_p2                                             | -    |        | add_ln58_193  | add | fabric | 0       |
|    add_ln58_194_fu_21339_p2                                             | -    |        | add_ln58_194  | add | fabric | 0       |
|    add_ln58_195_fu_20511_p2                                             | -    |        | add_ln58_195  | add | fabric | 0       |
|    add_ln58_196_fu_20515_p2                                             | -    |        | add_ln58_196  | add | fabric | 0       |
|    add_ln58_197_fu_21343_p2                                             | -    |        | add_ln58_197  | add | fabric | 0       |
|    add_ln58_198_fu_21755_p2                                             | -    |        | add_ln58_198  | add | fabric | 0       |
|    add_ln58_199_fu_20519_p2                                             | -    |        | add_ln58_199  | add | fabric | 0       |
|    add_ln58_200_fu_20523_p2                                             | -    |        | add_ln58_200  | add | fabric | 0       |
|    add_ln58_201_fu_21347_p2                                             | -    |        | add_ln58_201  | add | fabric | 0       |
|    add_ln58_202_fu_20527_p2                                             | -    |        | add_ln58_202  | add | fabric | 0       |
|    add_ln58_203_fu_20531_p2                                             | -    |        | add_ln58_203  | add | fabric | 0       |
|    add_ln58_204_fu_21351_p2                                             | -    |        | add_ln58_204  | add | fabric | 0       |
|    add_ln58_205_fu_21759_p2                                             | -    |        | add_ln58_205  | add | fabric | 0       |
|    add_ln58_206_fu_21963_p2                                             | -    |        | add_ln58_206  | add | fabric | 0       |
|    acc_43_fu_22103_p2                                                   | -    |        | acc_43        | add | fabric | 0       |
|    mul_16s_16s_26_2_1_U494                                              | 1    |        | mul_ln58_208  | mul | auto   | 1       |
|    mul_16s_16s_26_2_1_U495                                              | 1    |        | mul_ln58_209  | mul | auto   | 1       |
|    mul_16s_16s_26_2_1_U496                                              | 1    |        | mul_ln58_210  | mul | auto   | 1       |
|    mul_16s_16s_26_2_1_U497                                              | 1    |        | mul_ln58_211  | mul | auto   | 1       |
|    mul_16s_16s_26_2_1_U498                                              | 1    |        | mul_ln58_212  | mul | auto   | 1       |
|    mul_16s_16s_26_2_1_U499                                              | 1    |        | mul_ln58_213  | mul | auto   | 1       |
|    mul_16s_16s_26_2_1_U500                                              | 1    |        | mul_ln58_214  | mul | auto   | 1       |
|    mul_16s_16s_26_2_1_U501                                              | 1    |        | mul_ln58_215  | mul | auto   | 1       |
|    mul_16s_16s_26_2_1_U502                                              | 1    |        | mul_ln58_216  | mul | auto   | 1       |
|    mul_16s_16s_26_2_1_U503                                              | 1    |        | mul_ln58_217  | mul | auto   | 1       |
|    mul_16s_16s_26_2_1_U504                                              | 1    |        | mul_ln58_218  | mul | auto   | 1       |
|    mul_16s_16s_26_2_1_U505                                              | 1    |        | mul_ln58_219  | mul | auto   | 1       |
|    mul_16s_16s_26_2_1_U506                                              | 1    |        | mul_ln58_220  | mul | auto   | 1       |
|    mul_16s_16s_26_2_1_U507                                              | 1    |        | mul_ln58_221  | mul | auto   | 1       |
|    mul_16s_16s_26_2_1_U508                                              | 1    |        | mul_ln58_222  | mul | auto   | 1       |
|    mul_16s_16s_26_2_1_U509                                              | 1    |        | mul_ln58_223  | mul | auto   | 1       |
|    add_ln58_208_fu_20535_p2                                             | -    |        | add_ln58_208  | add | fabric | 0       |
|    add_ln58_209_fu_20539_p2                                             | -    |        | add_ln58_209  | add | fabric | 0       |
|    add_ln58_210_fu_21355_p2                                             | -    |        | add_ln58_210  | add | fabric | 0       |
|    add_ln58_211_fu_20543_p2                                             | -    |        | add_ln58_211  | add | fabric | 0       |
|    add_ln58_212_fu_20547_p2                                             | -    |        | add_ln58_212  | add | fabric | 0       |
|    add_ln58_213_fu_21359_p2                                             | -    |        | add_ln58_213  | add | fabric | 0       |
|    add_ln58_214_fu_21763_p2                                             | -    |        | add_ln58_214  | add | fabric | 0       |
|    add_ln58_215_fu_20551_p2                                             | -    |        | add_ln58_215  | add | fabric | 0       |
|    add_ln58_216_fu_20555_p2                                             | -    |        | add_ln58_216  | add | fabric | 0       |
|    add_ln58_217_fu_21363_p2                                             | -    |        | add_ln58_217  | add | fabric | 0       |
|    add_ln58_218_fu_20559_p2                                             | -    |        | add_ln58_218  | add | fabric | 0       |
|    add_ln58_219_fu_20563_p2                                             | -    |        | add_ln58_219  | add | fabric | 0       |
|    add_ln58_220_fu_21367_p2                                             | -    |        | add_ln58_220  | add | fabric | 0       |
|    add_ln58_221_fu_21767_p2                                             | -    |        | add_ln58_221  | add | fabric | 0       |
|    add_ln58_222_fu_21967_p2                                             | -    |        | add_ln58_222  | add | fabric | 0       |
|    acc_44_fu_22108_p2                                                   | -    |        | acc_44        | add | fabric | 0       |
|    mul_16s_16s_26_2_1_U510                                              | 1    |        | mul_ln58_224  | mul | auto   | 1       |
|    mul_16s_16s_26_2_1_U511                                              | 1    |        | mul_ln58_225  | mul | auto   | 1       |
|    mul_16s_16s_26_2_1_U512                                              | 1    |        | mul_ln58_226  | mul | auto   | 1       |
|    mul_16s_16s_26_2_1_U513                                              | 1    |        | mul_ln58_227  | mul | auto   | 1       |
|    mul_16s_16s_26_2_1_U514                                              | 1    |        | mul_ln58_228  | mul | auto   | 1       |
|    mul_16s_16s_26_2_1_U515                                              | 1    |        | mul_ln58_229  | mul | auto   | 1       |
|    mul_16s_16s_26_2_1_U516                                              | 1    |        | mul_ln58_230  | mul | auto   | 1       |
|    mul_16s_16s_26_2_1_U517                                              | 1    |        | mul_ln58_231  | mul | auto   | 1       |
|    mul_16s_16s_26_2_1_U518                                              | 1    |        | mul_ln58_232  | mul | auto   | 1       |
|    mul_16s_16s_26_2_1_U519                                              | 1    |        | mul_ln58_233  | mul | auto   | 1       |
|    mul_16s_16s_26_2_1_U520                                              | 1    |        | mul_ln58_234  | mul | auto   | 1       |
|    mul_16s_16s_26_2_1_U521                                              | 1    |        | mul_ln58_235  | mul | auto   | 1       |
|    mul_16s_16s_26_2_1_U522                                              | 1    |        | mul_ln58_236  | mul | auto   | 1       |
|    mul_16s_16s_26_2_1_U523                                              | 1    |        | mul_ln58_237  | mul | auto   | 1       |
|    mul_16s_16s_26_2_1_U524                                              | 1    |        | mul_ln58_238  | mul | auto   | 1       |
|    mul_16s_16s_26_2_1_U525                                              | 1    |        | mul_ln58_239  | mul | auto   | 1       |
|    add_ln58_224_fu_20567_p2                                             | -    |        | add_ln58_224  | add | fabric | 0       |
|    add_ln58_225_fu_20571_p2                                             | -    |        | add_ln58_225  | add | fabric | 0       |
|    add_ln58_226_fu_21371_p2                                             | -    |        | add_ln58_226  | add | fabric | 0       |
|    add_ln58_227_fu_20575_p2                                             | -    |        | add_ln58_227  | add | fabric | 0       |
|    add_ln58_228_fu_20579_p2                                             | -    |        | add_ln58_228  | add | fabric | 0       |
|    add_ln58_229_fu_21375_p2                                             | -    |        | add_ln58_229  | add | fabric | 0       |
|    add_ln58_230_fu_21771_p2                                             | -    |        | add_ln58_230  | add | fabric | 0       |
|    add_ln58_231_fu_20583_p2                                             | -    |        | add_ln58_231  | add | fabric | 0       |
|    add_ln58_232_fu_20587_p2                                             | -    |        | add_ln58_232  | add | fabric | 0       |
|    add_ln58_233_fu_21379_p2                                             | -    |        | add_ln58_233  | add | fabric | 0       |
|    add_ln58_234_fu_20591_p2                                             | -    |        | add_ln58_234  | add | fabric | 0       |
|    add_ln58_235_fu_20595_p2                                             | -    |        | add_ln58_235  | add | fabric | 0       |
|    add_ln58_236_fu_21383_p2                                             | -    |        | add_ln58_236  | add | fabric | 0       |
|    add_ln58_237_fu_21775_p2                                             | -    |        | add_ln58_237  | add | fabric | 0       |
|    add_ln58_238_fu_21971_p2                                             | -    |        | add_ln58_238  | add | fabric | 0       |
|    acc_45_fu_22113_p2                                                   | -    |        | acc_45        | add | fabric | 0       |
|    mul_16s_16s_26_2_1_U526                                              | 1    |        | mul_ln58_240  | mul | auto   | 1       |
|    mul_16s_16s_26_2_1_U527                                              | 1    |        | mul_ln58_241  | mul | auto   | 1       |
|    mul_16s_16s_26_2_1_U528                                              | 1    |        | mul_ln58_242  | mul | auto   | 1       |
|    mul_16s_16s_26_2_1_U529                                              | 1    |        | mul_ln58_243  | mul | auto   | 1       |
|    mul_16s_16s_26_2_1_U530                                              | 1    |        | mul_ln58_244  | mul | auto   | 1       |
|    mul_16s_16s_26_2_1_U531                                              | 1    |        | mul_ln58_245  | mul | auto   | 1       |
|    mul_16s_16s_26_2_1_U532                                              | 1    |        | mul_ln58_246  | mul | auto   | 1       |
|    mul_16s_16s_26_2_1_U533                                              | 1    |        | mul_ln58_247  | mul | auto   | 1       |
|    mul_16s_16s_26_2_1_U534                                              | 1    |        | mul_ln58_248  | mul | auto   | 1       |
|    mul_16s_16s_26_2_1_U535                                              | 1    |        | mul_ln58_249  | mul | auto   | 1       |
|    mul_16s_16s_26_2_1_U536                                              | 1    |        | mul_ln58_250  | mul | auto   | 1       |
|    mul_16s_16s_26_2_1_U537                                              | 1    |        | mul_ln58_251  | mul | auto   | 1       |
|    mul_16s_16s_26_2_1_U538                                              | 1    |        | mul_ln58_252  | mul | auto   | 1       |
|    mul_16s_16s_26_2_1_U539                                              | 1    |        | mul_ln58_253  | mul | auto   | 1       |
|    mul_16s_16s_26_2_1_U540                                              | 1    |        | mul_ln58_254  | mul | auto   | 1       |
|    mul_16s_16s_26_2_1_U541                                              | 1    |        | mul_ln58_255  | mul | auto   | 1       |
|    add_ln58_240_fu_20599_p2                                             | -    |        | add_ln58_240  | add | fabric | 0       |
|    add_ln58_241_fu_20603_p2                                             | -    |        | add_ln58_241  | add | fabric | 0       |
|    add_ln58_242_fu_21387_p2                                             | -    |        | add_ln58_242  | add | fabric | 0       |
|    add_ln58_243_fu_20607_p2                                             | -    |        | add_ln58_243  | add | fabric | 0       |
|    add_ln58_244_fu_20611_p2                                             | -    |        | add_ln58_244  | add | fabric | 0       |
|    add_ln58_245_fu_21391_p2                                             | -    |        | add_ln58_245  | add | fabric | 0       |
|    add_ln58_246_fu_21779_p2                                             | -    |        | add_ln58_246  | add | fabric | 0       |
|    add_ln58_247_fu_20615_p2                                             | -    |        | add_ln58_247  | add | fabric | 0       |
|    add_ln58_248_fu_20619_p2                                             | -    |        | add_ln58_248  | add | fabric | 0       |
|    add_ln58_249_fu_21395_p2                                             | -    |        | add_ln58_249  | add | fabric | 0       |
|    add_ln58_250_fu_20623_p2                                             | -    |        | add_ln58_250  | add | fabric | 0       |
|    add_ln58_251_fu_20627_p2                                             | -    |        | add_ln58_251  | add | fabric | 0       |
|    add_ln58_252_fu_21399_p2                                             | -    |        | add_ln58_252  | add | fabric | 0       |
|    add_ln58_253_fu_21783_p2                                             | -    |        | add_ln58_253  | add | fabric | 0       |
|    add_ln58_254_fu_21975_p2                                             | -    |        | add_ln58_254  | add | fabric | 0       |
|    acc_46_fu_22118_p2                                                   | -    |        | acc_46        | add | fabric | 0       |
|    mul_16s_16s_26_2_1_U542                                              | 1    |        | mul_ln58_256  | mul | auto   | 1       |
|    mul_16s_16s_26_2_1_U543                                              | 1    |        | mul_ln58_257  | mul | auto   | 1       |
|    mul_16s_16s_26_2_1_U544                                              | 1    |        | mul_ln58_258  | mul | auto   | 1       |
|    mul_16s_16s_26_2_1_U545                                              | 1    |        | mul_ln58_259  | mul | auto   | 1       |
|    mul_16s_16s_26_2_1_U546                                              | 1    |        | mul_ln58_260  | mul | auto   | 1       |
|    mul_16s_16s_26_2_1_U547                                              | 1    |        | mul_ln58_261  | mul | auto   | 1       |
|    mul_16s_16s_26_2_1_U548                                              | 1    |        | mul_ln58_262  | mul | auto   | 1       |
|    mul_16s_16s_26_2_1_U549                                              | 1    |        | mul_ln58_263  | mul | auto   | 1       |
|    mul_16s_16s_26_2_1_U550                                              | 1    |        | mul_ln58_264  | mul | auto   | 1       |
|    mul_16s_16s_26_2_1_U551                                              | 1    |        | mul_ln58_265  | mul | auto   | 1       |
|    mul_16s_16s_26_2_1_U552                                              | 1    |        | mul_ln58_266  | mul | auto   | 1       |
|    mul_16s_16s_26_2_1_U553                                              | 1    |        | mul_ln58_267  | mul | auto   | 1       |
|    mul_16s_16s_26_2_1_U554                                              | 1    |        | mul_ln58_268  | mul | auto   | 1       |
|    mul_16s_16s_26_2_1_U555                                              | 1    |        | mul_ln58_269  | mul | auto   | 1       |
|    mul_16s_16s_26_2_1_U556                                              | 1    |        | mul_ln58_270  | mul | auto   | 1       |
|    mul_16s_16s_26_2_1_U557                                              | 1    |        | mul_ln58_271  | mul | auto   | 1       |
|    add_ln58_256_fu_20631_p2                                             | -    |        | add_ln58_256  | add | fabric | 0       |
|    add_ln58_257_fu_20635_p2                                             | -    |        | add_ln58_257  | add | fabric | 0       |
|    add_ln58_258_fu_21403_p2                                             | -    |        | add_ln58_258  | add | fabric | 0       |
|    add_ln58_259_fu_20639_p2                                             | -    |        | add_ln58_259  | add | fabric | 0       |
|    add_ln58_260_fu_20643_p2                                             | -    |        | add_ln58_260  | add | fabric | 0       |
|    add_ln58_261_fu_21407_p2                                             | -    |        | add_ln58_261  | add | fabric | 0       |
|    add_ln58_262_fu_21787_p2                                             | -    |        | add_ln58_262  | add | fabric | 0       |
|    add_ln58_263_fu_20647_p2                                             | -    |        | add_ln58_263  | add | fabric | 0       |
|    add_ln58_264_fu_20651_p2                                             | -    |        | add_ln58_264  | add | fabric | 0       |
|    add_ln58_265_fu_21411_p2                                             | -    |        | add_ln58_265  | add | fabric | 0       |
|    add_ln58_266_fu_20655_p2                                             | -    |        | add_ln58_266  | add | fabric | 0       |
|    add_ln58_267_fu_20659_p2                                             | -    |        | add_ln58_267  | add | fabric | 0       |
|    add_ln58_268_fu_21415_p2                                             | -    |        | add_ln58_268  | add | fabric | 0       |
|    add_ln58_269_fu_21791_p2                                             | -    |        | add_ln58_269  | add | fabric | 0       |
|    add_ln58_270_fu_21979_p2                                             | -    |        | add_ln58_270  | add | fabric | 0       |
|    acc_47_fu_22123_p2                                                   | -    |        | acc_47        | add | fabric | 0       |
|    mul_16s_16s_26_2_1_U558                                              | 1    |        | mul_ln58_272  | mul | auto   | 1       |
|    mul_16s_16s_26_2_1_U559                                              | 1    |        | mul_ln58_273  | mul | auto   | 1       |
|    mul_16s_16s_26_2_1_U560                                              | 1    |        | mul_ln58_274  | mul | auto   | 1       |
|    mul_16s_16s_26_2_1_U561                                              | 1    |        | mul_ln58_275  | mul | auto   | 1       |
|    mul_16s_16s_26_2_1_U562                                              | 1    |        | mul_ln58_276  | mul | auto   | 1       |
|    mul_16s_16s_26_2_1_U563                                              | 1    |        | mul_ln58_277  | mul | auto   | 1       |
|    mul_16s_16s_26_2_1_U564                                              | 1    |        | mul_ln58_278  | mul | auto   | 1       |
|    mul_16s_16s_26_2_1_U565                                              | 1    |        | mul_ln58_279  | mul | auto   | 1       |
|    mul_16s_16s_26_2_1_U566                                              | 1    |        | mul_ln58_280  | mul | auto   | 1       |
|    mul_16s_16s_26_2_1_U567                                              | 1    |        | mul_ln58_281  | mul | auto   | 1       |
|    mul_16s_16s_26_2_1_U568                                              | 1    |        | mul_ln58_282  | mul | auto   | 1       |
|    mul_16s_16s_26_2_1_U569                                              | 1    |        | mul_ln58_283  | mul | auto   | 1       |
|    mul_16s_16s_26_2_1_U570                                              | 1    |        | mul_ln58_284  | mul | auto   | 1       |
|    mul_16s_16s_26_2_1_U571                                              | 1    |        | mul_ln58_285  | mul | auto   | 1       |
|    mul_16s_16s_26_2_1_U572                                              | 1    |        | mul_ln58_286  | mul | auto   | 1       |
|    mul_16s_16s_26_2_1_U573                                              | 1    |        | mul_ln58_287  | mul | auto   | 1       |
|    add_ln58_272_fu_20663_p2                                             | -    |        | add_ln58_272  | add | fabric | 0       |
|    add_ln58_273_fu_20667_p2                                             | -    |        | add_ln58_273  | add | fabric | 0       |
|    add_ln58_274_fu_21419_p2                                             | -    |        | add_ln58_274  | add | fabric | 0       |
|    add_ln58_275_fu_20671_p2                                             | -    |        | add_ln58_275  | add | fabric | 0       |
|    add_ln58_276_fu_20675_p2                                             | -    |        | add_ln58_276  | add | fabric | 0       |
|    add_ln58_277_fu_21423_p2                                             | -    |        | add_ln58_277  | add | fabric | 0       |
|    add_ln58_278_fu_21795_p2                                             | -    |        | add_ln58_278  | add | fabric | 0       |
|    add_ln58_279_fu_20679_p2                                             | -    |        | add_ln58_279  | add | fabric | 0       |
|    add_ln58_280_fu_20683_p2                                             | -    |        | add_ln58_280  | add | fabric | 0       |
|    add_ln58_281_fu_21427_p2                                             | -    |        | add_ln58_281  | add | fabric | 0       |
|    add_ln58_282_fu_20687_p2                                             | -    |        | add_ln58_282  | add | fabric | 0       |
|    add_ln58_283_fu_20691_p2                                             | -    |        | add_ln58_283  | add | fabric | 0       |
|    add_ln58_284_fu_21431_p2                                             | -    |        | add_ln58_284  | add | fabric | 0       |
|    add_ln58_285_fu_21799_p2                                             | -    |        | add_ln58_285  | add | fabric | 0       |
|    add_ln58_286_fu_21983_p2                                             | -    |        | add_ln58_286  | add | fabric | 0       |
|    acc_48_fu_22128_p2                                                   | -    |        | acc_48        | add | fabric | 0       |
|    mul_16s_16s_26_2_1_U574                                              | 1    |        | mul_ln58_288  | mul | auto   | 1       |
|    mul_16s_16s_26_2_1_U575                                              | 1    |        | mul_ln58_289  | mul | auto   | 1       |
|    mul_16s_16s_26_2_1_U576                                              | 1    |        | mul_ln58_290  | mul | auto   | 1       |
|    mul_16s_16s_26_2_1_U577                                              | 1    |        | mul_ln58_291  | mul | auto   | 1       |
|    mul_16s_16s_26_2_1_U578                                              | 1    |        | mul_ln58_292  | mul | auto   | 1       |
|    mul_16s_16s_26_2_1_U579                                              | 1    |        | mul_ln58_293  | mul | auto   | 1       |
|    mul_16s_16s_26_2_1_U580                                              | 1    |        | mul_ln58_294  | mul | auto   | 1       |
|    mul_16s_16s_26_2_1_U581                                              | 1    |        | mul_ln58_295  | mul | auto   | 1       |
|    mul_16s_16s_26_2_1_U582                                              | 1    |        | mul_ln58_296  | mul | auto   | 1       |
|    mul_16s_16s_26_2_1_U583                                              | 1    |        | mul_ln58_297  | mul | auto   | 1       |
|    mul_16s_16s_26_2_1_U584                                              | 1    |        | mul_ln58_298  | mul | auto   | 1       |
|    mul_16s_16s_26_2_1_U585                                              | 1    |        | mul_ln58_299  | mul | auto   | 1       |
|    mul_16s_16s_26_2_1_U586                                              | 1    |        | mul_ln58_300  | mul | auto   | 1       |
|    mul_16s_16s_26_2_1_U587                                              | 1    |        | mul_ln58_301  | mul | auto   | 1       |
|    mul_16s_16s_26_2_1_U588                                              | 1    |        | mul_ln58_302  | mul | auto   | 1       |
|    mul_16s_16s_26_2_1_U589                                              | 1    |        | mul_ln58_303  | mul | auto   | 1       |
|    add_ln58_288_fu_20695_p2                                             | -    |        | add_ln58_288  | add | fabric | 0       |
|    add_ln58_289_fu_20699_p2                                             | -    |        | add_ln58_289  | add | fabric | 0       |
|    add_ln58_290_fu_21435_p2                                             | -    |        | add_ln58_290  | add | fabric | 0       |
|    add_ln58_291_fu_20703_p2                                             | -    |        | add_ln58_291  | add | fabric | 0       |
|    add_ln58_292_fu_20707_p2                                             | -    |        | add_ln58_292  | add | fabric | 0       |
|    add_ln58_293_fu_21439_p2                                             | -    |        | add_ln58_293  | add | fabric | 0       |
|    add_ln58_294_fu_21803_p2                                             | -    |        | add_ln58_294  | add | fabric | 0       |
|    add_ln58_295_fu_20711_p2                                             | -    |        | add_ln58_295  | add | fabric | 0       |
|    add_ln58_296_fu_20715_p2                                             | -    |        | add_ln58_296  | add | fabric | 0       |
|    add_ln58_297_fu_21443_p2                                             | -    |        | add_ln58_297  | add | fabric | 0       |
|    add_ln58_298_fu_20719_p2                                             | -    |        | add_ln58_298  | add | fabric | 0       |
|    add_ln58_299_fu_20723_p2                                             | -    |        | add_ln58_299  | add | fabric | 0       |
|    add_ln58_300_fu_21447_p2                                             | -    |        | add_ln58_300  | add | fabric | 0       |
|    add_ln58_301_fu_21807_p2                                             | -    |        | add_ln58_301  | add | fabric | 0       |
|    add_ln58_302_fu_21987_p2                                             | -    |        | add_ln58_302  | add | fabric | 0       |
|    acc_49_fu_22133_p2                                                   | -    |        | acc_49        | add | fabric | 0       |
|    mul_16s_16s_26_2_1_U590                                              | 1    |        | mul_ln58_304  | mul | auto   | 1       |
|    mul_16s_16s_26_2_1_U591                                              | 1    |        | mul_ln58_305  | mul | auto   | 1       |
|    mul_16s_16s_26_2_1_U592                                              | 1    |        | mul_ln58_306  | mul | auto   | 1       |
|    mul_16s_16s_26_2_1_U593                                              | 1    |        | mul_ln58_307  | mul | auto   | 1       |
|    mul_16s_16s_26_2_1_U594                                              | 1    |        | mul_ln58_308  | mul | auto   | 1       |
|    mul_16s_16s_26_2_1_U595                                              | 1    |        | mul_ln58_309  | mul | auto   | 1       |
|    mul_16s_16s_26_2_1_U596                                              | 1    |        | mul_ln58_310  | mul | auto   | 1       |
|    mul_16s_16s_26_2_1_U597                                              | 1    |        | mul_ln58_311  | mul | auto   | 1       |
|    mul_16s_16s_26_2_1_U598                                              | 1    |        | mul_ln58_312  | mul | auto   | 1       |
|    mul_16s_16s_26_2_1_U599                                              | 1    |        | mul_ln58_313  | mul | auto   | 1       |
|    mul_16s_16s_26_2_1_U600                                              | 1    |        | mul_ln58_314  | mul | auto   | 1       |
|    mul_16s_16s_26_2_1_U601                                              | 1    |        | mul_ln58_315  | mul | auto   | 1       |
|    mul_16s_16s_26_2_1_U602                                              | 1    |        | mul_ln58_316  | mul | auto   | 1       |
|    mul_16s_16s_26_2_1_U603                                              | 1    |        | mul_ln58_317  | mul | auto   | 1       |
|    mul_16s_16s_26_2_1_U604                                              | 1    |        | mul_ln58_318  | mul | auto   | 1       |
|    mul_16s_16s_26_2_1_U605                                              | 1    |        | mul_ln58_319  | mul | auto   | 1       |
|    add_ln58_304_fu_20727_p2                                             | -    |        | add_ln58_304  | add | fabric | 0       |
|    add_ln58_305_fu_20731_p2                                             | -    |        | add_ln58_305  | add | fabric | 0       |
|    add_ln58_306_fu_21451_p2                                             | -    |        | add_ln58_306  | add | fabric | 0       |
|    add_ln58_307_fu_20735_p2                                             | -    |        | add_ln58_307  | add | fabric | 0       |
|    add_ln58_308_fu_20739_p2                                             | -    |        | add_ln58_308  | add | fabric | 0       |
|    add_ln58_309_fu_21455_p2                                             | -    |        | add_ln58_309  | add | fabric | 0       |
|    add_ln58_310_fu_21811_p2                                             | -    |        | add_ln58_310  | add | fabric | 0       |
|    add_ln58_311_fu_20743_p2                                             | -    |        | add_ln58_311  | add | fabric | 0       |
|    add_ln58_312_fu_20747_p2                                             | -    |        | add_ln58_312  | add | fabric | 0       |
|    add_ln58_313_fu_21459_p2                                             | -    |        | add_ln58_313  | add | fabric | 0       |
|    add_ln58_314_fu_20751_p2                                             | -    |        | add_ln58_314  | add | fabric | 0       |
|    add_ln58_315_fu_20755_p2                                             | -    |        | add_ln58_315  | add | fabric | 0       |
|    add_ln58_316_fu_21463_p2                                             | -    |        | add_ln58_316  | add | fabric | 0       |
|    add_ln58_317_fu_21815_p2                                             | -    |        | add_ln58_317  | add | fabric | 0       |
|    add_ln58_318_fu_21991_p2                                             | -    |        | add_ln58_318  | add | fabric | 0       |
|    acc_50_fu_22138_p2                                                   | -    |        | acc_50        | add | fabric | 0       |
|    mul_16s_16s_26_2_1_U606                                              | 1    |        | mul_ln58_320  | mul | auto   | 1       |
|    mul_16s_16s_26_2_1_U607                                              | 1    |        | mul_ln58_321  | mul | auto   | 1       |
|    mul_16s_16s_26_2_1_U608                                              | 1    |        | mul_ln58_322  | mul | auto   | 1       |
|    mul_16s_16s_26_2_1_U609                                              | 1    |        | mul_ln58_323  | mul | auto   | 1       |
|    mul_16s_16s_26_2_1_U610                                              | 1    |        | mul_ln58_324  | mul | auto   | 1       |
|    mul_16s_16s_26_2_1_U611                                              | 1    |        | mul_ln58_325  | mul | auto   | 1       |
|    mul_16s_16s_26_2_1_U612                                              | 1    |        | mul_ln58_326  | mul | auto   | 1       |
|    mul_16s_16s_26_2_1_U613                                              | 1    |        | mul_ln58_327  | mul | auto   | 1       |
|    mul_16s_16s_26_2_1_U614                                              | 1    |        | mul_ln58_328  | mul | auto   | 1       |
|    mul_16s_16s_26_2_1_U615                                              | 1    |        | mul_ln58_329  | mul | auto   | 1       |
|    mul_16s_16s_26_2_1_U616                                              | 1    |        | mul_ln58_330  | mul | auto   | 1       |
|    mul_16s_16s_26_2_1_U617                                              | 1    |        | mul_ln58_331  | mul | auto   | 1       |
|    mul_16s_16s_26_2_1_U618                                              | 1    |        | mul_ln58_332  | mul | auto   | 1       |
|    mul_16s_16s_26_2_1_U619                                              | 1    |        | mul_ln58_333  | mul | auto   | 1       |
|    mul_16s_16s_26_2_1_U620                                              | 1    |        | mul_ln58_334  | mul | auto   | 1       |
|    mul_16s_16s_26_2_1_U621                                              | 1    |        | mul_ln58_335  | mul | auto   | 1       |
|    add_ln58_320_fu_20759_p2                                             | -    |        | add_ln58_320  | add | fabric | 0       |
|    add_ln58_321_fu_20763_p2                                             | -    |        | add_ln58_321  | add | fabric | 0       |
|    add_ln58_322_fu_21467_p2                                             | -    |        | add_ln58_322  | add | fabric | 0       |
|    add_ln58_323_fu_20767_p2                                             | -    |        | add_ln58_323  | add | fabric | 0       |
|    add_ln58_324_fu_20771_p2                                             | -    |        | add_ln58_324  | add | fabric | 0       |
|    add_ln58_325_fu_21471_p2                                             | -    |        | add_ln58_325  | add | fabric | 0       |
|    add_ln58_326_fu_21819_p2                                             | -    |        | add_ln58_326  | add | fabric | 0       |
|    add_ln58_327_fu_20775_p2                                             | -    |        | add_ln58_327  | add | fabric | 0       |
|    add_ln58_328_fu_20779_p2                                             | -    |        | add_ln58_328  | add | fabric | 0       |
|    add_ln58_329_fu_21475_p2                                             | -    |        | add_ln58_329  | add | fabric | 0       |
|    add_ln58_330_fu_20783_p2                                             | -    |        | add_ln58_330  | add | fabric | 0       |
|    add_ln58_331_fu_20787_p2                                             | -    |        | add_ln58_331  | add | fabric | 0       |
|    add_ln58_332_fu_21479_p2                                             | -    |        | add_ln58_332  | add | fabric | 0       |
|    add_ln58_333_fu_21823_p2                                             | -    |        | add_ln58_333  | add | fabric | 0       |
|    add_ln58_334_fu_21995_p2                                             | -    |        | add_ln58_334  | add | fabric | 0       |
|    acc_51_fu_22143_p2                                                   | -    |        | acc_51        | add | fabric | 0       |
|    mul_16s_16s_26_2_1_U622                                              | 1    |        | mul_ln58_336  | mul | auto   | 1       |
|    mul_16s_16s_26_2_1_U623                                              | 1    |        | mul_ln58_337  | mul | auto   | 1       |
|    mul_16s_16s_26_2_1_U624                                              | 1    |        | mul_ln58_338  | mul | auto   | 1       |
|    mul_16s_16s_26_2_1_U625                                              | 1    |        | mul_ln58_339  | mul | auto   | 1       |
|    mul_16s_16s_26_2_1_U626                                              | 1    |        | mul_ln58_340  | mul | auto   | 1       |
|    mul_16s_16s_26_2_1_U627                                              | 1    |        | mul_ln58_341  | mul | auto   | 1       |
|    mul_16s_16s_26_2_1_U628                                              | 1    |        | mul_ln58_342  | mul | auto   | 1       |
|    mul_16s_16s_26_2_1_U629                                              | 1    |        | mul_ln58_343  | mul | auto   | 1       |
|    mul_16s_16s_26_2_1_U630                                              | 1    |        | mul_ln58_344  | mul | auto   | 1       |
|    mul_16s_16s_26_2_1_U631                                              | 1    |        | mul_ln58_345  | mul | auto   | 1       |
|    mul_16s_16s_26_2_1_U632                                              | 1    |        | mul_ln58_346  | mul | auto   | 1       |
|    mul_16s_16s_26_2_1_U633                                              | 1    |        | mul_ln58_347  | mul | auto   | 1       |
|    mul_16s_16s_26_2_1_U634                                              | 1    |        | mul_ln58_348  | mul | auto   | 1       |
|    mul_16s_16s_26_2_1_U635                                              | 1    |        | mul_ln58_349  | mul | auto   | 1       |
|    mul_16s_16s_26_2_1_U636                                              | 1    |        | mul_ln58_350  | mul | auto   | 1       |
|    mul_16s_16s_26_2_1_U637                                              | 1    |        | mul_ln58_351  | mul | auto   | 1       |
|    add_ln58_336_fu_20791_p2                                             | -    |        | add_ln58_336  | add | fabric | 0       |
|    add_ln58_337_fu_20795_p2                                             | -    |        | add_ln58_337  | add | fabric | 0       |
|    add_ln58_338_fu_21483_p2                                             | -    |        | add_ln58_338  | add | fabric | 0       |
|    add_ln58_339_fu_20799_p2                                             | -    |        | add_ln58_339  | add | fabric | 0       |
|    add_ln58_340_fu_20803_p2                                             | -    |        | add_ln58_340  | add | fabric | 0       |
|    add_ln58_341_fu_21487_p2                                             | -    |        | add_ln58_341  | add | fabric | 0       |
|    add_ln58_342_fu_21827_p2                                             | -    |        | add_ln58_342  | add | fabric | 0       |
|    add_ln58_343_fu_20807_p2                                             | -    |        | add_ln58_343  | add | fabric | 0       |
|    add_ln58_344_fu_20811_p2                                             | -    |        | add_ln58_344  | add | fabric | 0       |
|    add_ln58_345_fu_21491_p2                                             | -    |        | add_ln58_345  | add | fabric | 0       |
|    add_ln58_346_fu_20815_p2                                             | -    |        | add_ln58_346  | add | fabric | 0       |
|    add_ln58_347_fu_20819_p2                                             | -    |        | add_ln58_347  | add | fabric | 0       |
|    add_ln58_348_fu_21495_p2                                             | -    |        | add_ln58_348  | add | fabric | 0       |
|    add_ln58_349_fu_21831_p2                                             | -    |        | add_ln58_349  | add | fabric | 0       |
|    add_ln58_350_fu_21999_p2                                             | -    |        | add_ln58_350  | add | fabric | 0       |
|    acc_52_fu_22148_p2                                                   | -    |        | acc_52        | add | fabric | 0       |
|    mul_16s_16s_26_2_1_U638                                              | 1    |        | mul_ln58_352  | mul | auto   | 1       |
|    mul_16s_16s_26_2_1_U639                                              | 1    |        | mul_ln58_353  | mul | auto   | 1       |
|    mul_16s_16s_26_2_1_U640                                              | 1    |        | mul_ln58_354  | mul | auto   | 1       |
|    mul_16s_16s_26_2_1_U641                                              | 1    |        | mul_ln58_355  | mul | auto   | 1       |
|    mul_16s_16s_26_2_1_U642                                              | 1    |        | mul_ln58_356  | mul | auto   | 1       |
|    mul_16s_16s_26_2_1_U643                                              | 1    |        | mul_ln58_357  | mul | auto   | 1       |
|    mul_16s_16s_26_2_1_U644                                              | 1    |        | mul_ln58_358  | mul | auto   | 1       |
|    mul_16s_16s_26_2_1_U645                                              | 1    |        | mul_ln58_359  | mul | auto   | 1       |
|    mul_16s_16s_26_2_1_U646                                              | 1    |        | mul_ln58_360  | mul | auto   | 1       |
|    mul_16s_16s_26_2_1_U647                                              | 1    |        | mul_ln58_361  | mul | auto   | 1       |
|    mul_16s_16s_26_2_1_U648                                              | 1    |        | mul_ln58_362  | mul | auto   | 1       |
|    mul_16s_16s_26_2_1_U649                                              | 1    |        | mul_ln58_363  | mul | auto   | 1       |
|    mul_16s_16s_26_2_1_U650                                              | 1    |        | mul_ln58_364  | mul | auto   | 1       |
|    mul_16s_16s_26_2_1_U651                                              | 1    |        | mul_ln58_365  | mul | auto   | 1       |
|    mul_16s_16s_26_2_1_U652                                              | 1    |        | mul_ln58_366  | mul | auto   | 1       |
|    mul_16s_16s_26_2_1_U653                                              | 1    |        | mul_ln58_367  | mul | auto   | 1       |
|    add_ln58_352_fu_20823_p2                                             | -    |        | add_ln58_352  | add | fabric | 0       |
|    add_ln58_353_fu_20827_p2                                             | -    |        | add_ln58_353  | add | fabric | 0       |
|    add_ln58_354_fu_21499_p2                                             | -    |        | add_ln58_354  | add | fabric | 0       |
|    add_ln58_355_fu_20831_p2                                             | -    |        | add_ln58_355  | add | fabric | 0       |
|    add_ln58_356_fu_20835_p2                                             | -    |        | add_ln58_356  | add | fabric | 0       |
|    add_ln58_357_fu_21503_p2                                             | -    |        | add_ln58_357  | add | fabric | 0       |
|    add_ln58_358_fu_21835_p2                                             | -    |        | add_ln58_358  | add | fabric | 0       |
|    add_ln58_359_fu_20839_p2                                             | -    |        | add_ln58_359  | add | fabric | 0       |
|    add_ln58_360_fu_20843_p2                                             | -    |        | add_ln58_360  | add | fabric | 0       |
|    add_ln58_361_fu_21507_p2                                             | -    |        | add_ln58_361  | add | fabric | 0       |
|    add_ln58_362_fu_20847_p2                                             | -    |        | add_ln58_362  | add | fabric | 0       |
|    add_ln58_363_fu_20851_p2                                             | -    |        | add_ln58_363  | add | fabric | 0       |
|    add_ln58_364_fu_21511_p2                                             | -    |        | add_ln58_364  | add | fabric | 0       |
|    add_ln58_365_fu_21839_p2                                             | -    |        | add_ln58_365  | add | fabric | 0       |
|    add_ln58_366_fu_22003_p2                                             | -    |        | add_ln58_366  | add | fabric | 0       |
|    acc_53_fu_22153_p2                                                   | -    |        | acc_53        | add | fabric | 0       |
|    mul_16s_16s_26_2_1_U654                                              | 1    |        | mul_ln58_368  | mul | auto   | 1       |
|    mul_16s_16s_26_2_1_U655                                              | 1    |        | mul_ln58_369  | mul | auto   | 1       |
|    mul_16s_16s_26_2_1_U656                                              | 1    |        | mul_ln58_370  | mul | auto   | 1       |
|    mul_16s_16s_26_2_1_U657                                              | 1    |        | mul_ln58_371  | mul | auto   | 1       |
|    mul_16s_16s_26_2_1_U658                                              | 1    |        | mul_ln58_372  | mul | auto   | 1       |
|    mul_16s_16s_26_2_1_U659                                              | 1    |        | mul_ln58_373  | mul | auto   | 1       |
|    mul_16s_16s_26_2_1_U660                                              | 1    |        | mul_ln58_374  | mul | auto   | 1       |
|    mul_16s_16s_26_2_1_U661                                              | 1    |        | mul_ln58_375  | mul | auto   | 1       |
|    mul_16s_16s_26_2_1_U662                                              | 1    |        | mul_ln58_376  | mul | auto   | 1       |
|    mul_16s_16s_26_2_1_U663                                              | 1    |        | mul_ln58_377  | mul | auto   | 1       |
|    mul_16s_16s_26_2_1_U664                                              | 1    |        | mul_ln58_378  | mul | auto   | 1       |
|    mul_16s_16s_26_2_1_U665                                              | 1    |        | mul_ln58_379  | mul | auto   | 1       |
|    mul_16s_16s_26_2_1_U666                                              | 1    |        | mul_ln58_380  | mul | auto   | 1       |
|    mul_16s_16s_26_2_1_U667                                              | 1    |        | mul_ln58_381  | mul | auto   | 1       |
|    mul_16s_16s_26_2_1_U668                                              | 1    |        | mul_ln58_382  | mul | auto   | 1       |
|    mul_16s_16s_26_2_1_U669                                              | 1    |        | mul_ln58_383  | mul | auto   | 1       |
|    add_ln58_368_fu_20855_p2                                             | -    |        | add_ln58_368  | add | fabric | 0       |
|    add_ln58_369_fu_20859_p2                                             | -    |        | add_ln58_369  | add | fabric | 0       |
|    add_ln58_370_fu_21515_p2                                             | -    |        | add_ln58_370  | add | fabric | 0       |
|    add_ln58_371_fu_20863_p2                                             | -    |        | add_ln58_371  | add | fabric | 0       |
|    add_ln58_372_fu_20867_p2                                             | -    |        | add_ln58_372  | add | fabric | 0       |
|    add_ln58_373_fu_21519_p2                                             | -    |        | add_ln58_373  | add | fabric | 0       |
|    add_ln58_374_fu_21843_p2                                             | -    |        | add_ln58_374  | add | fabric | 0       |
|    add_ln58_375_fu_20871_p2                                             | -    |        | add_ln58_375  | add | fabric | 0       |
|    add_ln58_376_fu_20875_p2                                             | -    |        | add_ln58_376  | add | fabric | 0       |
|    add_ln58_377_fu_21523_p2                                             | -    |        | add_ln58_377  | add | fabric | 0       |
|    add_ln58_378_fu_20879_p2                                             | -    |        | add_ln58_378  | add | fabric | 0       |
|    add_ln58_379_fu_20883_p2                                             | -    |        | add_ln58_379  | add | fabric | 0       |
|    add_ln58_380_fu_21527_p2                                             | -    |        | add_ln58_380  | add | fabric | 0       |
|    add_ln58_381_fu_21847_p2                                             | -    |        | add_ln58_381  | add | fabric | 0       |
|    add_ln58_382_fu_22007_p2                                             | -    |        | add_ln58_382  | add | fabric | 0       |
|    acc_54_fu_22158_p2                                                   | -    |        | acc_54        | add | fabric | 0       |
|    mul_16s_16s_26_2_1_U670                                              | 1    |        | mul_ln58_384  | mul | auto   | 1       |
|    mul_16s_16s_26_2_1_U671                                              | 1    |        | mul_ln58_385  | mul | auto   | 1       |
|    mul_16s_16s_26_2_1_U672                                              | 1    |        | mul_ln58_386  | mul | auto   | 1       |
|    mul_16s_16s_26_2_1_U673                                              | 1    |        | mul_ln58_387  | mul | auto   | 1       |
|    mul_16s_16s_26_2_1_U674                                              | 1    |        | mul_ln58_388  | mul | auto   | 1       |
|    mul_16s_16s_26_2_1_U675                                              | 1    |        | mul_ln58_389  | mul | auto   | 1       |
|    mul_16s_16s_26_2_1_U676                                              | 1    |        | mul_ln58_390  | mul | auto   | 1       |
|    mul_16s_16s_26_2_1_U677                                              | 1    |        | mul_ln58_391  | mul | auto   | 1       |
|    mul_16s_16s_26_2_1_U678                                              | 1    |        | mul_ln58_392  | mul | auto   | 1       |
|    mul_16s_16s_26_2_1_U679                                              | 1    |        | mul_ln58_393  | mul | auto   | 1       |
|    mul_16s_16s_26_2_1_U680                                              | 1    |        | mul_ln58_394  | mul | auto   | 1       |
|    mul_16s_16s_26_2_1_U681                                              | 1    |        | mul_ln58_395  | mul | auto   | 1       |
|    mul_16s_16s_26_2_1_U682                                              | 1    |        | mul_ln58_396  | mul | auto   | 1       |
|    mul_16s_16s_26_2_1_U683                                              | 1    |        | mul_ln58_397  | mul | auto   | 1       |
|    mul_16s_16s_26_2_1_U684                                              | 1    |        | mul_ln58_398  | mul | auto   | 1       |
|    mul_16s_16s_26_2_1_U685                                              | 1    |        | mul_ln58_399  | mul | auto   | 1       |
|    add_ln58_384_fu_20887_p2                                             | -    |        | add_ln58_384  | add | fabric | 0       |
|    add_ln58_385_fu_20891_p2                                             | -    |        | add_ln58_385  | add | fabric | 0       |
|    add_ln58_386_fu_21531_p2                                             | -    |        | add_ln58_386  | add | fabric | 0       |
|    add_ln58_387_fu_20895_p2                                             | -    |        | add_ln58_387  | add | fabric | 0       |
|    add_ln58_388_fu_20899_p2                                             | -    |        | add_ln58_388  | add | fabric | 0       |
|    add_ln58_389_fu_21535_p2                                             | -    |        | add_ln58_389  | add | fabric | 0       |
|    add_ln58_390_fu_21851_p2                                             | -    |        | add_ln58_390  | add | fabric | 0       |
|    add_ln58_391_fu_20903_p2                                             | -    |        | add_ln58_391  | add | fabric | 0       |
|    add_ln58_392_fu_20907_p2                                             | -    |        | add_ln58_392  | add | fabric | 0       |
|    add_ln58_393_fu_21539_p2                                             | -    |        | add_ln58_393  | add | fabric | 0       |
|    add_ln58_394_fu_20911_p2                                             | -    |        | add_ln58_394  | add | fabric | 0       |
|    add_ln58_395_fu_20915_p2                                             | -    |        | add_ln58_395  | add | fabric | 0       |
|    add_ln58_396_fu_21543_p2                                             | -    |        | add_ln58_396  | add | fabric | 0       |
|    add_ln58_397_fu_21855_p2                                             | -    |        | add_ln58_397  | add | fabric | 0       |
|    add_ln58_398_fu_22011_p2                                             | -    |        | add_ln58_398  | add | fabric | 0       |
|    acc_55_fu_22163_p2                                                   | -    |        | acc_55        | add | fabric | 0       |
|    mul_16s_16s_26_2_1_U686                                              | 1    |        | mul_ln58_400  | mul | auto   | 1       |
|    mul_16s_16s_26_2_1_U687                                              | 1    |        | mul_ln58_401  | mul | auto   | 1       |
|    mul_16s_16s_26_2_1_U688                                              | 1    |        | mul_ln58_402  | mul | auto   | 1       |
|    mul_16s_16s_26_2_1_U689                                              | 1    |        | mul_ln58_403  | mul | auto   | 1       |
|    mul_16s_16s_26_2_1_U690                                              | 1    |        | mul_ln58_404  | mul | auto   | 1       |
|    mul_16s_16s_26_2_1_U691                                              | 1    |        | mul_ln58_405  | mul | auto   | 1       |
|    mul_16s_16s_26_2_1_U692                                              | 1    |        | mul_ln58_406  | mul | auto   | 1       |
|    mul_16s_16s_26_2_1_U693                                              | 1    |        | mul_ln58_407  | mul | auto   | 1       |
|    mul_16s_16s_26_2_1_U694                                              | 1    |        | mul_ln58_408  | mul | auto   | 1       |
|    mul_16s_16s_26_2_1_U695                                              | 1    |        | mul_ln58_409  | mul | auto   | 1       |
|    mul_16s_16s_26_2_1_U696                                              | 1    |        | mul_ln58_410  | mul | auto   | 1       |
|    mul_16s_16s_26_2_1_U697                                              | 1    |        | mul_ln58_411  | mul | auto   | 1       |
|    mul_16s_16s_26_2_1_U698                                              | 1    |        | mul_ln58_412  | mul | auto   | 1       |
|    mul_16s_16s_26_2_1_U699                                              | 1    |        | mul_ln58_413  | mul | auto   | 1       |
|    mul_16s_16s_26_2_1_U700                                              | 1    |        | mul_ln58_414  | mul | auto   | 1       |
|    mul_16s_16s_26_2_1_U701                                              | 1    |        | mul_ln58_415  | mul | auto   | 1       |
|    add_ln58_400_fu_20919_p2                                             | -    |        | add_ln58_400  | add | fabric | 0       |
|    add_ln58_401_fu_20923_p2                                             | -    |        | add_ln58_401  | add | fabric | 0       |
|    add_ln58_402_fu_21547_p2                                             | -    |        | add_ln58_402  | add | fabric | 0       |
|    add_ln58_403_fu_20927_p2                                             | -    |        | add_ln58_403  | add | fabric | 0       |
|    add_ln58_404_fu_20931_p2                                             | -    |        | add_ln58_404  | add | fabric | 0       |
|    add_ln58_405_fu_21551_p2                                             | -    |        | add_ln58_405  | add | fabric | 0       |
|    add_ln58_406_fu_21859_p2                                             | -    |        | add_ln58_406  | add | fabric | 0       |
|    add_ln58_407_fu_20935_p2                                             | -    |        | add_ln58_407  | add | fabric | 0       |
|    add_ln58_408_fu_20939_p2                                             | -    |        | add_ln58_408  | add | fabric | 0       |
|    add_ln58_409_fu_21555_p2                                             | -    |        | add_ln58_409  | add | fabric | 0       |
|    add_ln58_410_fu_20943_p2                                             | -    |        | add_ln58_410  | add | fabric | 0       |
|    add_ln58_411_fu_20947_p2                                             | -    |        | add_ln58_411  | add | fabric | 0       |
|    add_ln58_412_fu_21559_p2                                             | -    |        | add_ln58_412  | add | fabric | 0       |
|    add_ln58_413_fu_21863_p2                                             | -    |        | add_ln58_413  | add | fabric | 0       |
|    add_ln58_414_fu_22015_p2                                             | -    |        | add_ln58_414  | add | fabric | 0       |
|    acc_56_fu_22168_p2                                                   | -    |        | acc_56        | add | fabric | 0       |
|    mul_16s_16s_26_2_1_U702                                              | 1    |        | mul_ln58_416  | mul | auto   | 1       |
|    mul_16s_16s_26_2_1_U703                                              | 1    |        | mul_ln58_417  | mul | auto   | 1       |
|    mul_16s_16s_26_2_1_U704                                              | 1    |        | mul_ln58_418  | mul | auto   | 1       |
|    mul_16s_16s_26_2_1_U705                                              | 1    |        | mul_ln58_419  | mul | auto   | 1       |
|    mul_16s_16s_26_2_1_U706                                              | 1    |        | mul_ln58_420  | mul | auto   | 1       |
|    mul_16s_16s_26_2_1_U707                                              | 1    |        | mul_ln58_421  | mul | auto   | 1       |
|    mul_16s_16s_26_2_1_U708                                              | 1    |        | mul_ln58_422  | mul | auto   | 1       |
|    mul_16s_16s_26_2_1_U709                                              | 1    |        | mul_ln58_423  | mul | auto   | 1       |
|    mul_16s_16s_26_2_1_U710                                              | 1    |        | mul_ln58_424  | mul | auto   | 1       |
|    mul_16s_16s_26_2_1_U711                                              | 1    |        | mul_ln58_425  | mul | auto   | 1       |
|    mul_16s_16s_26_2_1_U712                                              | 1    |        | mul_ln58_426  | mul | auto   | 1       |
|    mul_16s_16s_26_2_1_U713                                              | 1    |        | mul_ln58_427  | mul | auto   | 1       |
|    mul_16s_16s_26_2_1_U714                                              | 1    |        | mul_ln58_428  | mul | auto   | 1       |
|    mul_16s_16s_26_2_1_U715                                              | 1    |        | mul_ln58_429  | mul | auto   | 1       |
|    mul_16s_16s_26_2_1_U716                                              | 1    |        | mul_ln58_430  | mul | auto   | 1       |
|    mul_16s_16s_26_2_1_U717                                              | 1    |        | mul_ln58_431  | mul | auto   | 1       |
|    add_ln58_416_fu_20951_p2                                             | -    |        | add_ln58_416  | add | fabric | 0       |
|    add_ln58_417_fu_20955_p2                                             | -    |        | add_ln58_417  | add | fabric | 0       |
|    add_ln58_418_fu_21563_p2                                             | -    |        | add_ln58_418  | add | fabric | 0       |
|    add_ln58_419_fu_20959_p2                                             | -    |        | add_ln58_419  | add | fabric | 0       |
|    add_ln58_420_fu_20963_p2                                             | -    |        | add_ln58_420  | add | fabric | 0       |
|    add_ln58_421_fu_21567_p2                                             | -    |        | add_ln58_421  | add | fabric | 0       |
|    add_ln58_422_fu_21867_p2                                             | -    |        | add_ln58_422  | add | fabric | 0       |
|    add_ln58_423_fu_20967_p2                                             | -    |        | add_ln58_423  | add | fabric | 0       |
|    add_ln58_424_fu_20971_p2                                             | -    |        | add_ln58_424  | add | fabric | 0       |
|    add_ln58_425_fu_21571_p2                                             | -    |        | add_ln58_425  | add | fabric | 0       |
|    add_ln58_426_fu_20975_p2                                             | -    |        | add_ln58_426  | add | fabric | 0       |
|    add_ln58_427_fu_20979_p2                                             | -    |        | add_ln58_427  | add | fabric | 0       |
|    add_ln58_428_fu_21575_p2                                             | -    |        | add_ln58_428  | add | fabric | 0       |
|    add_ln58_429_fu_21871_p2                                             | -    |        | add_ln58_429  | add | fabric | 0       |
|    add_ln58_430_fu_22019_p2                                             | -    |        | add_ln58_430  | add | fabric | 0       |
|    acc_57_fu_22173_p2                                                   | -    |        | acc_57        | add | fabric | 0       |
|    mul_16s_16s_26_2_1_U718                                              | 1    |        | mul_ln58_432  | mul | auto   | 1       |
|    mul_16s_16s_26_2_1_U719                                              | 1    |        | mul_ln58_433  | mul | auto   | 1       |
|    mul_16s_16s_26_2_1_U720                                              | 1    |        | mul_ln58_434  | mul | auto   | 1       |
|    mul_16s_16s_26_2_1_U721                                              | 1    |        | mul_ln58_435  | mul | auto   | 1       |
|    mul_16s_16s_26_2_1_U722                                              | 1    |        | mul_ln58_436  | mul | auto   | 1       |
|    mul_16s_16s_26_2_1_U723                                              | 1    |        | mul_ln58_437  | mul | auto   | 1       |
|    mul_16s_16s_26_2_1_U724                                              | 1    |        | mul_ln58_438  | mul | auto   | 1       |
|    mul_16s_16s_26_2_1_U725                                              | 1    |        | mul_ln58_439  | mul | auto   | 1       |
|    mul_16s_16s_26_2_1_U726                                              | 1    |        | mul_ln58_440  | mul | auto   | 1       |
|    mul_16s_16s_26_2_1_U727                                              | 1    |        | mul_ln58_441  | mul | auto   | 1       |
|    mul_16s_16s_26_2_1_U728                                              | 1    |        | mul_ln58_442  | mul | auto   | 1       |
|    mul_16s_16s_26_2_1_U729                                              | 1    |        | mul_ln58_443  | mul | auto   | 1       |
|    mul_16s_16s_26_2_1_U730                                              | 1    |        | mul_ln58_444  | mul | auto   | 1       |
|    mul_16s_16s_26_2_1_U731                                              | 1    |        | mul_ln58_445  | mul | auto   | 1       |
|    mul_16s_16s_26_2_1_U732                                              | 1    |        | mul_ln58_446  | mul | auto   | 1       |
|    mul_16s_16s_26_2_1_U733                                              | 1    |        | mul_ln58_447  | mul | auto   | 1       |
|    add_ln58_432_fu_20983_p2                                             | -    |        | add_ln58_432  | add | fabric | 0       |
|    add_ln58_433_fu_20987_p2                                             | -    |        | add_ln58_433  | add | fabric | 0       |
|    add_ln58_434_fu_21579_p2                                             | -    |        | add_ln58_434  | add | fabric | 0       |
|    add_ln58_435_fu_20991_p2                                             | -    |        | add_ln58_435  | add | fabric | 0       |
|    add_ln58_436_fu_20995_p2                                             | -    |        | add_ln58_436  | add | fabric | 0       |
|    add_ln58_437_fu_21583_p2                                             | -    |        | add_ln58_437  | add | fabric | 0       |
|    add_ln58_438_fu_21875_p2                                             | -    |        | add_ln58_438  | add | fabric | 0       |
|    add_ln58_439_fu_20999_p2                                             | -    |        | add_ln58_439  | add | fabric | 0       |
|    add_ln58_440_fu_21003_p2                                             | -    |        | add_ln58_440  | add | fabric | 0       |
|    add_ln58_441_fu_21587_p2                                             | -    |        | add_ln58_441  | add | fabric | 0       |
|    add_ln58_442_fu_21007_p2                                             | -    |        | add_ln58_442  | add | fabric | 0       |
|    add_ln58_443_fu_21011_p2                                             | -    |        | add_ln58_443  | add | fabric | 0       |
|    add_ln58_444_fu_21591_p2                                             | -    |        | add_ln58_444  | add | fabric | 0       |
|    add_ln58_445_fu_21879_p2                                             | -    |        | add_ln58_445  | add | fabric | 0       |
|    add_ln58_446_fu_22023_p2                                             | -    |        | add_ln58_446  | add | fabric | 0       |
|    acc_58_fu_22178_p2                                                   | -    |        | acc_58        | add | fabric | 0       |
|    mul_16s_16s_26_2_1_U734                                              | 1    |        | mul_ln58_448  | mul | auto   | 1       |
|    mul_16s_16s_26_2_1_U735                                              | 1    |        | mul_ln58_449  | mul | auto   | 1       |
|    mul_16s_16s_26_2_1_U736                                              | 1    |        | mul_ln58_450  | mul | auto   | 1       |
|    mul_16s_16s_26_2_1_U737                                              | 1    |        | mul_ln58_451  | mul | auto   | 1       |
|    mul_16s_16s_26_2_1_U738                                              | 1    |        | mul_ln58_452  | mul | auto   | 1       |
|    mul_16s_16s_26_2_1_U739                                              | 1    |        | mul_ln58_453  | mul | auto   | 1       |
|    mul_16s_16s_26_2_1_U740                                              | 1    |        | mul_ln58_454  | mul | auto   | 1       |
|    mul_16s_16s_26_2_1_U741                                              | 1    |        | mul_ln58_455  | mul | auto   | 1       |
|    mul_16s_16s_26_2_1_U742                                              | 1    |        | mul_ln58_456  | mul | auto   | 1       |
|    mul_16s_16s_26_2_1_U743                                              | 1    |        | mul_ln58_457  | mul | auto   | 1       |
|    mul_16s_16s_26_2_1_U744                                              | 1    |        | mul_ln58_458  | mul | auto   | 1       |
|    mul_16s_16s_26_2_1_U745                                              | 1    |        | mul_ln58_459  | mul | auto   | 1       |
|    mul_16s_16s_26_2_1_U746                                              | 1    |        | mul_ln58_460  | mul | auto   | 1       |
|    mul_16s_16s_26_2_1_U747                                              | 1    |        | mul_ln58_461  | mul | auto   | 1       |
|    mul_16s_16s_26_2_1_U748                                              | 1    |        | mul_ln58_462  | mul | auto   | 1       |
|    mul_16s_16s_26_2_1_U749                                              | 1    |        | mul_ln58_463  | mul | auto   | 1       |
|    add_ln58_448_fu_21015_p2                                             | -    |        | add_ln58_448  | add | fabric | 0       |
|    add_ln58_449_fu_21019_p2                                             | -    |        | add_ln58_449  | add | fabric | 0       |
|    add_ln58_450_fu_21595_p2                                             | -    |        | add_ln58_450  | add | fabric | 0       |
|    add_ln58_451_fu_21023_p2                                             | -    |        | add_ln58_451  | add | fabric | 0       |
|    add_ln58_452_fu_21027_p2                                             | -    |        | add_ln58_452  | add | fabric | 0       |
|    add_ln58_453_fu_21599_p2                                             | -    |        | add_ln58_453  | add | fabric | 0       |
|    add_ln58_454_fu_21883_p2                                             | -    |        | add_ln58_454  | add | fabric | 0       |
|    add_ln58_455_fu_21031_p2                                             | -    |        | add_ln58_455  | add | fabric | 0       |
|    add_ln58_456_fu_21035_p2                                             | -    |        | add_ln58_456  | add | fabric | 0       |
|    add_ln58_457_fu_21603_p2                                             | -    |        | add_ln58_457  | add | fabric | 0       |
|    add_ln58_458_fu_21039_p2                                             | -    |        | add_ln58_458  | add | fabric | 0       |
|    add_ln58_459_fu_21043_p2                                             | -    |        | add_ln58_459  | add | fabric | 0       |
|    add_ln58_460_fu_21607_p2                                             | -    |        | add_ln58_460  | add | fabric | 0       |
|    add_ln58_461_fu_21887_p2                                             | -    |        | add_ln58_461  | add | fabric | 0       |
|    add_ln58_462_fu_22027_p2                                             | -    |        | add_ln58_462  | add | fabric | 0       |
|    acc_59_fu_22183_p2                                                   | -    |        | acc_59        | add | fabric | 0       |
|    mul_16s_16s_26_2_1_U750                                              | 1    |        | mul_ln58_464  | mul | auto   | 1       |
|    mul_16s_16s_26_2_1_U751                                              | 1    |        | mul_ln58_465  | mul | auto   | 1       |
|    mul_16s_16s_26_2_1_U752                                              | 1    |        | mul_ln58_466  | mul | auto   | 1       |
|    mul_16s_16s_26_2_1_U753                                              | 1    |        | mul_ln58_467  | mul | auto   | 1       |
|    mul_16s_16s_26_2_1_U754                                              | 1    |        | mul_ln58_468  | mul | auto   | 1       |
|    mul_16s_16s_26_2_1_U755                                              | 1    |        | mul_ln58_469  | mul | auto   | 1       |
|    mul_16s_16s_26_2_1_U756                                              | 1    |        | mul_ln58_470  | mul | auto   | 1       |
|    mul_16s_16s_26_2_1_U757                                              | 1    |        | mul_ln58_471  | mul | auto   | 1       |
|    mul_16s_16s_26_2_1_U758                                              | 1    |        | mul_ln58_472  | mul | auto   | 1       |
|    mul_16s_16s_26_2_1_U759                                              | 1    |        | mul_ln58_473  | mul | auto   | 1       |
|    mul_16s_16s_26_2_1_U760                                              | 1    |        | mul_ln58_474  | mul | auto   | 1       |
|    mul_16s_16s_26_2_1_U761                                              | 1    |        | mul_ln58_475  | mul | auto   | 1       |
|    mul_16s_16s_26_2_1_U762                                              | 1    |        | mul_ln58_476  | mul | auto   | 1       |
|    mul_16s_16s_26_2_1_U763                                              | 1    |        | mul_ln58_477  | mul | auto   | 1       |
|    mul_16s_16s_26_2_1_U764                                              | 1    |        | mul_ln58_478  | mul | auto   | 1       |
|    mul_16s_16s_26_2_1_U765                                              | 1    |        | mul_ln58_479  | mul | auto   | 1       |
|    add_ln58_464_fu_21047_p2                                             | -    |        | add_ln58_464  | add | fabric | 0       |
|    add_ln58_465_fu_21051_p2                                             | -    |        | add_ln58_465  | add | fabric | 0       |
|    add_ln58_466_fu_21611_p2                                             | -    |        | add_ln58_466  | add | fabric | 0       |
|    add_ln58_467_fu_21055_p2                                             | -    |        | add_ln58_467  | add | fabric | 0       |
|    add_ln58_468_fu_21059_p2                                             | -    |        | add_ln58_468  | add | fabric | 0       |
|    add_ln58_469_fu_21615_p2                                             | -    |        | add_ln58_469  | add | fabric | 0       |
|    add_ln58_470_fu_21891_p2                                             | -    |        | add_ln58_470  | add | fabric | 0       |
|    add_ln58_471_fu_21063_p2                                             | -    |        | add_ln58_471  | add | fabric | 0       |
|    add_ln58_472_fu_21067_p2                                             | -    |        | add_ln58_472  | add | fabric | 0       |
|    add_ln58_473_fu_21619_p2                                             | -    |        | add_ln58_473  | add | fabric | 0       |
|    add_ln58_474_fu_21071_p2                                             | -    |        | add_ln58_474  | add | fabric | 0       |
|    add_ln58_475_fu_21075_p2                                             | -    |        | add_ln58_475  | add | fabric | 0       |
|    add_ln58_476_fu_21623_p2                                             | -    |        | add_ln58_476  | add | fabric | 0       |
|    add_ln58_477_fu_21895_p2                                             | -    |        | add_ln58_477  | add | fabric | 0       |
|    add_ln58_478_fu_22031_p2                                             | -    |        | add_ln58_478  | add | fabric | 0       |
|    acc_60_fu_22188_p2                                                   | -    |        | acc_60        | add | fabric | 0       |
|    mul_16s_16s_26_2_1_U766                                              | 1    |        | mul_ln58_480  | mul | auto   | 1       |
|    mul_16s_16s_26_2_1_U767                                              | 1    |        | mul_ln58_481  | mul | auto   | 1       |
|    mul_16s_16s_26_2_1_U768                                              | 1    |        | mul_ln58_482  | mul | auto   | 1       |
|    mul_16s_16s_26_2_1_U769                                              | 1    |        | mul_ln58_483  | mul | auto   | 1       |
|    mul_16s_16s_26_2_1_U770                                              | 1    |        | mul_ln58_484  | mul | auto   | 1       |
|    mul_16s_16s_26_2_1_U771                                              | 1    |        | mul_ln58_485  | mul | auto   | 1       |
|    mul_16s_16s_26_2_1_U772                                              | 1    |        | mul_ln58_486  | mul | auto   | 1       |
|    mul_16s_16s_26_2_1_U773                                              | 1    |        | mul_ln58_487  | mul | auto   | 1       |
|    mul_16s_16s_26_2_1_U774                                              | 1    |        | mul_ln58_488  | mul | auto   | 1       |
|    mul_16s_16s_26_2_1_U775                                              | 1    |        | mul_ln58_489  | mul | auto   | 1       |
|    mul_16s_16s_26_2_1_U776                                              | 1    |        | mul_ln58_490  | mul | auto   | 1       |
|    mul_16s_16s_26_2_1_U777                                              | 1    |        | mul_ln58_491  | mul | auto   | 1       |
|    mul_16s_16s_26_2_1_U778                                              | 1    |        | mul_ln58_492  | mul | auto   | 1       |
|    mul_16s_16s_26_2_1_U779                                              | 1    |        | mul_ln58_493  | mul | auto   | 1       |
|    mul_16s_16s_26_2_1_U780                                              | 1    |        | mul_ln58_494  | mul | auto   | 1       |
|    mul_16s_16s_26_2_1_U781                                              | 1    |        | mul_ln58_495  | mul | auto   | 1       |
|    add_ln58_480_fu_21079_p2                                             | -    |        | add_ln58_480  | add | fabric | 0       |
|    add_ln58_481_fu_21083_p2                                             | -    |        | add_ln58_481  | add | fabric | 0       |
|    add_ln58_482_fu_21627_p2                                             | -    |        | add_ln58_482  | add | fabric | 0       |
|    add_ln58_483_fu_21087_p2                                             | -    |        | add_ln58_483  | add | fabric | 0       |
|    add_ln58_484_fu_21091_p2                                             | -    |        | add_ln58_484  | add | fabric | 0       |
|    add_ln58_485_fu_21631_p2                                             | -    |        | add_ln58_485  | add | fabric | 0       |
|    add_ln58_486_fu_21899_p2                                             | -    |        | add_ln58_486  | add | fabric | 0       |
|    add_ln58_487_fu_21095_p2                                             | -    |        | add_ln58_487  | add | fabric | 0       |
|    add_ln58_488_fu_21099_p2                                             | -    |        | add_ln58_488  | add | fabric | 0       |
|    add_ln58_489_fu_21635_p2                                             | -    |        | add_ln58_489  | add | fabric | 0       |
|    add_ln58_490_fu_21103_p2                                             | -    |        | add_ln58_490  | add | fabric | 0       |
|    add_ln58_491_fu_21107_p2                                             | -    |        | add_ln58_491  | add | fabric | 0       |
|    add_ln58_492_fu_21639_p2                                             | -    |        | add_ln58_492  | add | fabric | 0       |
|    add_ln58_493_fu_21903_p2                                             | -    |        | add_ln58_493  | add | fabric | 0       |
|    add_ln58_494_fu_22035_p2                                             | -    |        | add_ln58_494  | add | fabric | 0       |
|    acc_61_fu_22193_p2                                                   | -    |        | acc_61        | add | fabric | 0       |
|    mul_16s_16s_26_2_1_U782                                              | 1    |        | mul_ln58_496  | mul | auto   | 1       |
|    mul_16s_16s_26_2_1_U783                                              | 1    |        | mul_ln58_497  | mul | auto   | 1       |
|    mul_16s_16s_26_2_1_U784                                              | 1    |        | mul_ln58_498  | mul | auto   | 1       |
|    mul_16s_16s_26_2_1_U785                                              | 1    |        | mul_ln58_499  | mul | auto   | 1       |
|    mul_16s_16s_26_2_1_U786                                              | 1    |        | mul_ln58_500  | mul | auto   | 1       |
|    mul_16s_16s_26_2_1_U787                                              | 1    |        | mul_ln58_501  | mul | auto   | 1       |
|    mul_16s_16s_26_2_1_U788                                              | 1    |        | mul_ln58_502  | mul | auto   | 1       |
|    mul_16s_16s_26_2_1_U789                                              | 1    |        | mul_ln58_503  | mul | auto   | 1       |
|    mul_16s_16s_26_2_1_U790                                              | 1    |        | mul_ln58_504  | mul | auto   | 1       |
|    mul_16s_16s_26_2_1_U791                                              | 1    |        | mul_ln58_505  | mul | auto   | 1       |
|    mul_16s_16s_26_2_1_U792                                              | 1    |        | mul_ln58_506  | mul | auto   | 1       |
|    mul_16s_16s_26_2_1_U793                                              | 1    |        | mul_ln58_507  | mul | auto   | 1       |
|    mul_16s_16s_26_2_1_U794                                              | 1    |        | mul_ln58_508  | mul | auto   | 1       |
|    mul_16s_16s_26_2_1_U795                                              | 1    |        | mul_ln58_509  | mul | auto   | 1       |
|    mul_16s_16s_26_2_1_U796                                              | 1    |        | mul_ln58_510  | mul | auto   | 1       |
|    mul_16s_9s_25_2_1_U797                                               | 1    |        | mul_ln58_511  | mul | auto   | 1       |
|    add_ln58_496_fu_21114_p2                                             | -    |        | add_ln58_496  | add | fabric | 0       |
|    add_ln58_497_fu_21118_p2                                             | -    |        | add_ln58_497  | add | fabric | 0       |
|    add_ln58_498_fu_21643_p2                                             | -    |        | add_ln58_498  | add | fabric | 0       |
|    add_ln58_499_fu_21122_p2                                             | -    |        | add_ln58_499  | add | fabric | 0       |
|    add_ln58_500_fu_21126_p2                                             | -    |        | add_ln58_500  | add | fabric | 0       |
|    add_ln58_501_fu_21647_p2                                             | -    |        | add_ln58_501  | add | fabric | 0       |
|    add_ln58_502_fu_21907_p2                                             | -    |        | add_ln58_502  | add | fabric | 0       |
|    add_ln58_503_fu_21130_p2                                             | -    |        | add_ln58_503  | add | fabric | 0       |
|    add_ln58_504_fu_21134_p2                                             | -    |        | add_ln58_504  | add | fabric | 0       |
|    add_ln58_505_fu_21651_p2                                             | -    |        | add_ln58_505  | add | fabric | 0       |
|    add_ln58_506_fu_21138_p2                                             | -    |        | add_ln58_506  | add | fabric | 0       |
|    add_ln58_507_fu_21142_p2                                             | -    |        | add_ln58_507  | add | fabric | 0       |
|    add_ln58_508_fu_21655_p2                                             | -    |        | add_ln58_508  | add | fabric | 0       |
|    add_ln58_509_fu_21911_p2                                             | -    |        | add_ln58_509  | add | fabric | 0       |
|    add_ln58_510_fu_22039_p2                                             | -    |        | add_ln58_510  | add | fabric | 0       |
|    acc_62_fu_22198_p2                                                   | -    |        | acc_62        | add | fabric | 0       |
|    w_index_fu_4351_p2                                                   | -    |        | w_index       | add | fabric | 0       |
|  + dense_array_ap_fixed_32u_array_ap_fixed_16_6_5_3_0_32u_config6_s     | 256  |        |               |     |        |         |
|    mul_16s_16s_26_2_1_U812                                              | 1    |        | mul_ln58      | mul | auto   | 1       |
|    mul_16s_16s_26_2_1_U813                                              | 1    |        | mul_ln58_551  | mul | auto   | 1       |
|    mul_16s_16s_26_2_1_U814                                              | 1    |        | mul_ln58_552  | mul | auto   | 1       |
|    mul_16s_16s_26_2_1_U815                                              | 1    |        | mul_ln58_553  | mul | auto   | 1       |
|    mul_16s_16s_26_2_1_U816                                              | 1    |        | mul_ln58_554  | mul | auto   | 1       |
|    mul_16s_16s_26_2_1_U817                                              | 1    |        | mul_ln58_555  | mul | auto   | 1       |
|    mul_16s_16s_26_2_1_U818                                              | 1    |        | mul_ln58_556  | mul | auto   | 1       |
|    mul_16s_16s_26_2_1_U819                                              | 1    |        | mul_ln58_557  | mul | auto   | 1       |
|    add_ln58_fu_10378_p2                                                 | -    |        | add_ln58      | add | fabric | 0       |
|    add_ln58_551_fu_10382_p2                                             | -    |        | add_ln58_551  | add | fabric | 0       |
|    add_ln58_552_fu_10890_p2                                             | -    |        | add_ln58_552  | add | fabric | 0       |
|    add_ln58_553_fu_10386_p2                                             | -    |        | add_ln58_553  | add | fabric | 0       |
|    add_ln58_554_fu_10390_p2                                             | -    |        | add_ln58_554  | add | fabric | 0       |
|    add_ln58_555_fu_10894_p2                                             | -    |        | add_ln58_555  | add | fabric | 0       |
|    add_ln58_556_fu_11146_p2                                             | -    |        | add_ln58_556  | add | fabric | 0       |
|    acc_fu_11274_p2                                                      | -    |        | acc           | add | fabric | 0       |
|    mul_16s_16s_26_2_1_U820                                              | 1    |        | mul_ln58_558  | mul | auto   | 1       |
|    mul_16s_16s_26_2_1_U821                                              | 1    |        | mul_ln58_559  | mul | auto   | 1       |
|    mul_16s_16s_26_2_1_U822                                              | 1    |        | mul_ln58_560  | mul | auto   | 1       |
|    mul_16s_16s_26_2_1_U823                                              | 1    |        | mul_ln58_561  | mul | auto   | 1       |
|    mul_16s_16s_26_2_1_U824                                              | 1    |        | mul_ln58_562  | mul | auto   | 1       |
|    mul_16s_16s_26_2_1_U825                                              | 1    |        | mul_ln58_563  | mul | auto   | 1       |
|    mul_16s_16s_26_2_1_U826                                              | 1    |        | mul_ln58_564  | mul | auto   | 1       |
|    mul_16s_16s_26_2_1_U827                                              | 1    |        | mul_ln58_565  | mul | auto   | 1       |
|    add_ln58_558_fu_10394_p2                                             | -    |        | add_ln58_558  | add | fabric | 0       |
|    add_ln58_559_fu_10398_p2                                             | -    |        | add_ln58_559  | add | fabric | 0       |
|    add_ln58_560_fu_10898_p2                                             | -    |        | add_ln58_560  | add | fabric | 0       |
|    add_ln58_561_fu_10402_p2                                             | -    |        | add_ln58_561  | add | fabric | 0       |
|    add_ln58_562_fu_10406_p2                                             | -    |        | add_ln58_562  | add | fabric | 0       |
|    add_ln58_563_fu_10902_p2                                             | -    |        | add_ln58_563  | add | fabric | 0       |
|    add_ln58_564_fu_11150_p2                                             | -    |        | add_ln58_564  | add | fabric | 0       |
|    acc_94_fu_11279_p2                                                   | -    |        | acc_94        | add | fabric | 0       |
|    mul_16s_16s_26_2_1_U828                                              | 1    |        | mul_ln58_566  | mul | auto   | 1       |
|    mul_16s_16s_26_2_1_U829                                              | 1    |        | mul_ln58_567  | mul | auto   | 1       |
|    mul_16s_16s_26_2_1_U830                                              | 1    |        | mul_ln58_568  | mul | auto   | 1       |
|    mul_16s_16s_26_2_1_U831                                              | 1    |        | mul_ln58_569  | mul | auto   | 1       |
|    mul_16s_16s_26_2_1_U832                                              | 1    |        | mul_ln58_570  | mul | auto   | 1       |
|    mul_16s_16s_26_2_1_U833                                              | 1    |        | mul_ln58_571  | mul | auto   | 1       |
|    mul_16s_16s_26_2_1_U834                                              | 1    |        | mul_ln58_572  | mul | auto   | 1       |
|    mul_16s_16s_26_2_1_U835                                              | 1    |        | mul_ln58_573  | mul | auto   | 1       |
|    add_ln58_566_fu_10410_p2                                             | -    |        | add_ln58_566  | add | fabric | 0       |
|    add_ln58_567_fu_10414_p2                                             | -    |        | add_ln58_567  | add | fabric | 0       |
|    add_ln58_568_fu_10906_p2                                             | -    |        | add_ln58_568  | add | fabric | 0       |
|    add_ln58_569_fu_10418_p2                                             | -    |        | add_ln58_569  | add | fabric | 0       |
|    add_ln58_570_fu_10422_p2                                             | -    |        | add_ln58_570  | add | fabric | 0       |
|    add_ln58_571_fu_10910_p2                                             | -    |        | add_ln58_571  | add | fabric | 0       |
|    add_ln58_572_fu_11154_p2                                             | -    |        | add_ln58_572  | add | fabric | 0       |
|    acc_95_fu_11284_p2                                                   | -    |        | acc_95        | add | fabric | 0       |
|    mul_16s_16s_26_2_1_U836                                              | 1    |        | mul_ln58_574  | mul | auto   | 1       |
|    mul_16s_16s_26_2_1_U837                                              | 1    |        | mul_ln58_575  | mul | auto   | 1       |
|    mul_16s_16s_26_2_1_U838                                              | 1    |        | mul_ln58_576  | mul | auto   | 1       |
|    mul_16s_16s_26_2_1_U839                                              | 1    |        | mul_ln58_577  | mul | auto   | 1       |
|    mul_16s_16s_26_2_1_U840                                              | 1    |        | mul_ln58_578  | mul | auto   | 1       |
|    mul_16s_16s_26_2_1_U841                                              | 1    |        | mul_ln58_579  | mul | auto   | 1       |
|    mul_16s_16s_26_2_1_U842                                              | 1    |        | mul_ln58_580  | mul | auto   | 1       |
|    mul_16s_16s_26_2_1_U843                                              | 1    |        | mul_ln58_581  | mul | auto   | 1       |
|    add_ln58_574_fu_10426_p2                                             | -    |        | add_ln58_574  | add | fabric | 0       |
|    add_ln58_575_fu_10430_p2                                             | -    |        | add_ln58_575  | add | fabric | 0       |
|    add_ln58_576_fu_10914_p2                                             | -    |        | add_ln58_576  | add | fabric | 0       |
|    add_ln58_577_fu_10434_p2                                             | -    |        | add_ln58_577  | add | fabric | 0       |
|    add_ln58_578_fu_10438_p2                                             | -    |        | add_ln58_578  | add | fabric | 0       |
|    add_ln58_579_fu_10918_p2                                             | -    |        | add_ln58_579  | add | fabric | 0       |
|    add_ln58_580_fu_11158_p2                                             | -    |        | add_ln58_580  | add | fabric | 0       |
|    acc_96_fu_11289_p2                                                   | -    |        | acc_96        | add | fabric | 0       |
|    mul_16s_16s_26_2_1_U844                                              | 1    |        | mul_ln58_582  | mul | auto   | 1       |
|    mul_16s_16s_26_2_1_U845                                              | 1    |        | mul_ln58_583  | mul | auto   | 1       |
|    mul_16s_16s_26_2_1_U846                                              | 1    |        | mul_ln58_584  | mul | auto   | 1       |
|    mul_16s_16s_26_2_1_U847                                              | 1    |        | mul_ln58_585  | mul | auto   | 1       |
|    mul_16s_16s_26_2_1_U848                                              | 1    |        | mul_ln58_586  | mul | auto   | 1       |
|    mul_16s_16s_26_2_1_U849                                              | 1    |        | mul_ln58_587  | mul | auto   | 1       |
|    mul_16s_16s_26_2_1_U850                                              | 1    |        | mul_ln58_588  | mul | auto   | 1       |
|    mul_16s_16s_26_2_1_U851                                              | 1    |        | mul_ln58_589  | mul | auto   | 1       |
|    add_ln58_582_fu_10442_p2                                             | -    |        | add_ln58_582  | add | fabric | 0       |
|    add_ln58_583_fu_10446_p2                                             | -    |        | add_ln58_583  | add | fabric | 0       |
|    add_ln58_584_fu_10922_p2                                             | -    |        | add_ln58_584  | add | fabric | 0       |
|    add_ln58_585_fu_10450_p2                                             | -    |        | add_ln58_585  | add | fabric | 0       |
|    add_ln58_586_fu_10454_p2                                             | -    |        | add_ln58_586  | add | fabric | 0       |
|    add_ln58_587_fu_10926_p2                                             | -    |        | add_ln58_587  | add | fabric | 0       |
|    add_ln58_588_fu_11162_p2                                             | -    |        | add_ln58_588  | add | fabric | 0       |
|    acc_97_fu_11294_p2                                                   | -    |        | acc_97        | add | fabric | 0       |
|    mul_16s_16s_26_2_1_U852                                              | 1    |        | mul_ln58_590  | mul | auto   | 1       |
|    mul_16s_16s_26_2_1_U853                                              | 1    |        | mul_ln58_591  | mul | auto   | 1       |
|    mul_16s_16s_26_2_1_U854                                              | 1    |        | mul_ln58_592  | mul | auto   | 1       |
|    mul_16s_16s_26_2_1_U855                                              | 1    |        | mul_ln58_593  | mul | auto   | 1       |
|    mul_16s_16s_26_2_1_U856                                              | 1    |        | mul_ln58_594  | mul | auto   | 1       |
|    mul_16s_16s_26_2_1_U857                                              | 1    |        | mul_ln58_595  | mul | auto   | 1       |
|    mul_16s_16s_26_2_1_U858                                              | 1    |        | mul_ln58_596  | mul | auto   | 1       |
|    mul_16s_16s_26_2_1_U859                                              | 1    |        | mul_ln58_597  | mul | auto   | 1       |
|    add_ln58_590_fu_10458_p2                                             | -    |        | add_ln58_590  | add | fabric | 0       |
|    add_ln58_591_fu_10462_p2                                             | -    |        | add_ln58_591  | add | fabric | 0       |
|    add_ln58_592_fu_10930_p2                                             | -    |        | add_ln58_592  | add | fabric | 0       |
|    add_ln58_593_fu_10466_p2                                             | -    |        | add_ln58_593  | add | fabric | 0       |
|    add_ln58_594_fu_10470_p2                                             | -    |        | add_ln58_594  | add | fabric | 0       |
|    add_ln58_595_fu_10934_p2                                             | -    |        | add_ln58_595  | add | fabric | 0       |
|    add_ln58_596_fu_11166_p2                                             | -    |        | add_ln58_596  | add | fabric | 0       |
|    acc_98_fu_11299_p2                                                   | -    |        | acc_98        | add | fabric | 0       |
|    mul_16s_16s_26_2_1_U860                                              | 1    |        | mul_ln58_598  | mul | auto   | 1       |
|    mul_16s_16s_26_2_1_U861                                              | 1    |        | mul_ln58_599  | mul | auto   | 1       |
|    mul_16s_16s_26_2_1_U862                                              | 1    |        | mul_ln58_600  | mul | auto   | 1       |
|    mul_16s_16s_26_2_1_U863                                              | 1    |        | mul_ln58_601  | mul | auto   | 1       |
|    mul_16s_16s_26_2_1_U864                                              | 1    |        | mul_ln58_602  | mul | auto   | 1       |
|    mul_16s_16s_26_2_1_U865                                              | 1    |        | mul_ln58_603  | mul | auto   | 1       |
|    mul_16s_16s_26_2_1_U866                                              | 1    |        | mul_ln58_604  | mul | auto   | 1       |
|    mul_16s_16s_26_2_1_U867                                              | 1    |        | mul_ln58_605  | mul | auto   | 1       |
|    add_ln58_598_fu_10474_p2                                             | -    |        | add_ln58_598  | add | fabric | 0       |
|    add_ln58_599_fu_10478_p2                                             | -    |        | add_ln58_599  | add | fabric | 0       |
|    add_ln58_600_fu_10938_p2                                             | -    |        | add_ln58_600  | add | fabric | 0       |
|    add_ln58_601_fu_10482_p2                                             | -    |        | add_ln58_601  | add | fabric | 0       |
|    add_ln58_602_fu_10486_p2                                             | -    |        | add_ln58_602  | add | fabric | 0       |
|    add_ln58_603_fu_10942_p2                                             | -    |        | add_ln58_603  | add | fabric | 0       |
|    add_ln58_604_fu_11170_p2                                             | -    |        | add_ln58_604  | add | fabric | 0       |
|    acc_99_fu_11304_p2                                                   | -    |        | acc_99        | add | fabric | 0       |
|    mul_16s_16s_26_2_1_U868                                              | 1    |        | mul_ln58_606  | mul | auto   | 1       |
|    mul_16s_16s_26_2_1_U869                                              | 1    |        | mul_ln58_607  | mul | auto   | 1       |
|    mul_16s_16s_26_2_1_U870                                              | 1    |        | mul_ln58_608  | mul | auto   | 1       |
|    mul_16s_16s_26_2_1_U871                                              | 1    |        | mul_ln58_609  | mul | auto   | 1       |
|    mul_16s_16s_26_2_1_U872                                              | 1    |        | mul_ln58_610  | mul | auto   | 1       |
|    mul_16s_16s_26_2_1_U873                                              | 1    |        | mul_ln58_611  | mul | auto   | 1       |
|    mul_16s_16s_26_2_1_U874                                              | 1    |        | mul_ln58_612  | mul | auto   | 1       |
|    mul_16s_16s_26_2_1_U875                                              | 1    |        | mul_ln58_613  | mul | auto   | 1       |
|    add_ln58_606_fu_10490_p2                                             | -    |        | add_ln58_606  | add | fabric | 0       |
|    add_ln58_607_fu_10494_p2                                             | -    |        | add_ln58_607  | add | fabric | 0       |
|    add_ln58_608_fu_10946_p2                                             | -    |        | add_ln58_608  | add | fabric | 0       |
|    add_ln58_609_fu_10498_p2                                             | -    |        | add_ln58_609  | add | fabric | 0       |
|    add_ln58_610_fu_10502_p2                                             | -    |        | add_ln58_610  | add | fabric | 0       |
|    add_ln58_611_fu_10950_p2                                             | -    |        | add_ln58_611  | add | fabric | 0       |
|    add_ln58_612_fu_11174_p2                                             | -    |        | add_ln58_612  | add | fabric | 0       |
|    acc_100_fu_11309_p2                                                  | -    |        | acc_100       | add | fabric | 0       |
|    mul_16s_16s_26_2_1_U876                                              | 1    |        | mul_ln58_614  | mul | auto   | 1       |
|    mul_16s_16s_26_2_1_U877                                              | 1    |        | mul_ln58_615  | mul | auto   | 1       |
|    mul_16s_16s_26_2_1_U878                                              | 1    |        | mul_ln58_616  | mul | auto   | 1       |
|    mul_16s_16s_26_2_1_U879                                              | 1    |        | mul_ln58_617  | mul | auto   | 1       |
|    mul_16s_16s_26_2_1_U880                                              | 1    |        | mul_ln58_618  | mul | auto   | 1       |
|    mul_16s_16s_26_2_1_U881                                              | 1    |        | mul_ln58_619  | mul | auto   | 1       |
|    mul_16s_16s_26_2_1_U882                                              | 1    |        | mul_ln58_620  | mul | auto   | 1       |
|    mul_16s_16s_26_2_1_U883                                              | 1    |        | mul_ln58_621  | mul | auto   | 1       |
|    add_ln58_614_fu_10506_p2                                             | -    |        | add_ln58_614  | add | fabric | 0       |
|    add_ln58_615_fu_10510_p2                                             | -    |        | add_ln58_615  | add | fabric | 0       |
|    add_ln58_616_fu_10954_p2                                             | -    |        | add_ln58_616  | add | fabric | 0       |
|    add_ln58_617_fu_10514_p2                                             | -    |        | add_ln58_617  | add | fabric | 0       |
|    add_ln58_618_fu_10518_p2                                             | -    |        | add_ln58_618  | add | fabric | 0       |
|    add_ln58_619_fu_10958_p2                                             | -    |        | add_ln58_619  | add | fabric | 0       |
|    add_ln58_620_fu_11178_p2                                             | -    |        | add_ln58_620  | add | fabric | 0       |
|    acc_101_fu_11314_p2                                                  | -    |        | acc_101       | add | fabric | 0       |
|    mul_16s_16s_26_2_1_U884                                              | 1    |        | mul_ln58_622  | mul | auto   | 1       |
|    mul_16s_16s_26_2_1_U885                                              | 1    |        | mul_ln58_623  | mul | auto   | 1       |
|    mul_16s_16s_26_2_1_U886                                              | 1    |        | mul_ln58_624  | mul | auto   | 1       |
|    mul_16s_16s_26_2_1_U887                                              | 1    |        | mul_ln58_625  | mul | auto   | 1       |
|    mul_16s_16s_26_2_1_U888                                              | 1    |        | mul_ln58_626  | mul | auto   | 1       |
|    mul_16s_16s_26_2_1_U889                                              | 1    |        | mul_ln58_627  | mul | auto   | 1       |
|    mul_16s_16s_26_2_1_U890                                              | 1    |        | mul_ln58_628  | mul | auto   | 1       |
|    mul_16s_16s_26_2_1_U891                                              | 1    |        | mul_ln58_629  | mul | auto   | 1       |
|    add_ln58_622_fu_10522_p2                                             | -    |        | add_ln58_622  | add | fabric | 0       |
|    add_ln58_623_fu_10526_p2                                             | -    |        | add_ln58_623  | add | fabric | 0       |
|    add_ln58_624_fu_10962_p2                                             | -    |        | add_ln58_624  | add | fabric | 0       |
|    add_ln58_625_fu_10530_p2                                             | -    |        | add_ln58_625  | add | fabric | 0       |
|    add_ln58_626_fu_10534_p2                                             | -    |        | add_ln58_626  | add | fabric | 0       |
|    add_ln58_627_fu_10966_p2                                             | -    |        | add_ln58_627  | add | fabric | 0       |
|    add_ln58_628_fu_11182_p2                                             | -    |        | add_ln58_628  | add | fabric | 0       |
|    acc_102_fu_11319_p2                                                  | -    |        | acc_102       | add | fabric | 0       |
|    mul_16s_16s_26_2_1_U892                                              | 1    |        | mul_ln58_630  | mul | auto   | 1       |
|    mul_16s_16s_26_2_1_U893                                              | 1    |        | mul_ln58_631  | mul | auto   | 1       |
|    mul_16s_16s_26_2_1_U894                                              | 1    |        | mul_ln58_632  | mul | auto   | 1       |
|    mul_16s_16s_26_2_1_U895                                              | 1    |        | mul_ln58_633  | mul | auto   | 1       |
|    mul_16s_16s_26_2_1_U896                                              | 1    |        | mul_ln58_634  | mul | auto   | 1       |
|    mul_16s_16s_26_2_1_U897                                              | 1    |        | mul_ln58_635  | mul | auto   | 1       |
|    mul_16s_16s_26_2_1_U898                                              | 1    |        | mul_ln58_636  | mul | auto   | 1       |
|    mul_16s_16s_26_2_1_U899                                              | 1    |        | mul_ln58_637  | mul | auto   | 1       |
|    add_ln58_630_fu_10538_p2                                             | -    |        | add_ln58_630  | add | fabric | 0       |
|    add_ln58_631_fu_10542_p2                                             | -    |        | add_ln58_631  | add | fabric | 0       |
|    add_ln58_632_fu_10970_p2                                             | -    |        | add_ln58_632  | add | fabric | 0       |
|    add_ln58_633_fu_10546_p2                                             | -    |        | add_ln58_633  | add | fabric | 0       |
|    add_ln58_634_fu_10550_p2                                             | -    |        | add_ln58_634  | add | fabric | 0       |
|    add_ln58_635_fu_10974_p2                                             | -    |        | add_ln58_635  | add | fabric | 0       |
|    add_ln58_636_fu_11186_p2                                             | -    |        | add_ln58_636  | add | fabric | 0       |
|    acc_103_fu_11324_p2                                                  | -    |        | acc_103       | add | fabric | 0       |
|    mul_16s_16s_26_2_1_U900                                              | 1    |        | mul_ln58_638  | mul | auto   | 1       |
|    mul_16s_16s_26_2_1_U901                                              | 1    |        | mul_ln58_639  | mul | auto   | 1       |
|    mul_16s_16s_26_2_1_U902                                              | 1    |        | mul_ln58_640  | mul | auto   | 1       |
|    mul_16s_16s_26_2_1_U903                                              | 1    |        | mul_ln58_641  | mul | auto   | 1       |
|    mul_16s_16s_26_2_1_U904                                              | 1    |        | mul_ln58_642  | mul | auto   | 1       |
|    mul_16s_16s_26_2_1_U905                                              | 1    |        | mul_ln58_643  | mul | auto   | 1       |
|    mul_16s_16s_26_2_1_U906                                              | 1    |        | mul_ln58_644  | mul | auto   | 1       |
|    mul_16s_16s_26_2_1_U907                                              | 1    |        | mul_ln58_645  | mul | auto   | 1       |
|    add_ln58_638_fu_10554_p2                                             | -    |        | add_ln58_638  | add | fabric | 0       |
|    add_ln58_639_fu_10558_p2                                             | -    |        | add_ln58_639  | add | fabric | 0       |
|    add_ln58_640_fu_10978_p2                                             | -    |        | add_ln58_640  | add | fabric | 0       |
|    add_ln58_641_fu_10562_p2                                             | -    |        | add_ln58_641  | add | fabric | 0       |
|    add_ln58_642_fu_10566_p2                                             | -    |        | add_ln58_642  | add | fabric | 0       |
|    add_ln58_643_fu_10982_p2                                             | -    |        | add_ln58_643  | add | fabric | 0       |
|    add_ln58_644_fu_11190_p2                                             | -    |        | add_ln58_644  | add | fabric | 0       |
|    acc_104_fu_11329_p2                                                  | -    |        | acc_104       | add | fabric | 0       |
|    mul_16s_16s_26_2_1_U908                                              | 1    |        | mul_ln58_646  | mul | auto   | 1       |
|    mul_16s_16s_26_2_1_U909                                              | 1    |        | mul_ln58_647  | mul | auto   | 1       |
|    mul_16s_16s_26_2_1_U910                                              | 1    |        | mul_ln58_648  | mul | auto   | 1       |
|    mul_16s_16s_26_2_1_U911                                              | 1    |        | mul_ln58_649  | mul | auto   | 1       |
|    mul_16s_16s_26_2_1_U912                                              | 1    |        | mul_ln58_650  | mul | auto   | 1       |
|    mul_16s_16s_26_2_1_U913                                              | 1    |        | mul_ln58_651  | mul | auto   | 1       |
|    mul_16s_16s_26_2_1_U914                                              | 1    |        | mul_ln58_652  | mul | auto   | 1       |
|    mul_16s_16s_26_2_1_U915                                              | 1    |        | mul_ln58_653  | mul | auto   | 1       |
|    add_ln58_646_fu_10570_p2                                             | -    |        | add_ln58_646  | add | fabric | 0       |
|    add_ln58_647_fu_10574_p2                                             | -    |        | add_ln58_647  | add | fabric | 0       |
|    add_ln58_648_fu_10986_p2                                             | -    |        | add_ln58_648  | add | fabric | 0       |
|    add_ln58_649_fu_10578_p2                                             | -    |        | add_ln58_649  | add | fabric | 0       |
|    add_ln58_650_fu_10582_p2                                             | -    |        | add_ln58_650  | add | fabric | 0       |
|    add_ln58_651_fu_10990_p2                                             | -    |        | add_ln58_651  | add | fabric | 0       |
|    add_ln58_652_fu_11194_p2                                             | -    |        | add_ln58_652  | add | fabric | 0       |
|    acc_105_fu_11334_p2                                                  | -    |        | acc_105       | add | fabric | 0       |
|    mul_16s_16s_26_2_1_U916                                              | 1    |        | mul_ln58_654  | mul | auto   | 1       |
|    mul_16s_16s_26_2_1_U917                                              | 1    |        | mul_ln58_655  | mul | auto   | 1       |
|    mul_16s_16s_26_2_1_U918                                              | 1    |        | mul_ln58_656  | mul | auto   | 1       |
|    mul_16s_16s_26_2_1_U919                                              | 1    |        | mul_ln58_657  | mul | auto   | 1       |
|    mul_16s_16s_26_2_1_U920                                              | 1    |        | mul_ln58_658  | mul | auto   | 1       |
|    mul_16s_16s_26_2_1_U921                                              | 1    |        | mul_ln58_659  | mul | auto   | 1       |
|    mul_16s_16s_26_2_1_U922                                              | 1    |        | mul_ln58_660  | mul | auto   | 1       |
|    mul_16s_16s_26_2_1_U923                                              | 1    |        | mul_ln58_661  | mul | auto   | 1       |
|    add_ln58_654_fu_10586_p2                                             | -    |        | add_ln58_654  | add | fabric | 0       |
|    add_ln58_655_fu_10590_p2                                             | -    |        | add_ln58_655  | add | fabric | 0       |
|    add_ln58_656_fu_10994_p2                                             | -    |        | add_ln58_656  | add | fabric | 0       |
|    add_ln58_657_fu_10594_p2                                             | -    |        | add_ln58_657  | add | fabric | 0       |
|    add_ln58_658_fu_10598_p2                                             | -    |        | add_ln58_658  | add | fabric | 0       |
|    add_ln58_659_fu_10998_p2                                             | -    |        | add_ln58_659  | add | fabric | 0       |
|    add_ln58_660_fu_11198_p2                                             | -    |        | add_ln58_660  | add | fabric | 0       |
|    acc_106_fu_11339_p2                                                  | -    |        | acc_106       | add | fabric | 0       |
|    mul_16s_16s_26_2_1_U924                                              | 1    |        | mul_ln58_662  | mul | auto   | 1       |
|    mul_16s_16s_26_2_1_U925                                              | 1    |        | mul_ln58_663  | mul | auto   | 1       |
|    mul_16s_16s_26_2_1_U926                                              | 1    |        | mul_ln58_664  | mul | auto   | 1       |
|    mul_16s_16s_26_2_1_U927                                              | 1    |        | mul_ln58_665  | mul | auto   | 1       |
|    mul_16s_16s_26_2_1_U928                                              | 1    |        | mul_ln58_666  | mul | auto   | 1       |
|    mul_16s_16s_26_2_1_U929                                              | 1    |        | mul_ln58_667  | mul | auto   | 1       |
|    mul_16s_16s_26_2_1_U930                                              | 1    |        | mul_ln58_668  | mul | auto   | 1       |
|    mul_16s_16s_26_2_1_U931                                              | 1    |        | mul_ln58_669  | mul | auto   | 1       |
|    add_ln58_662_fu_10602_p2                                             | -    |        | add_ln58_662  | add | fabric | 0       |
|    add_ln58_663_fu_10606_p2                                             | -    |        | add_ln58_663  | add | fabric | 0       |
|    add_ln58_664_fu_11002_p2                                             | -    |        | add_ln58_664  | add | fabric | 0       |
|    add_ln58_665_fu_10610_p2                                             | -    |        | add_ln58_665  | add | fabric | 0       |
|    add_ln58_666_fu_10614_p2                                             | -    |        | add_ln58_666  | add | fabric | 0       |
|    add_ln58_667_fu_11006_p2                                             | -    |        | add_ln58_667  | add | fabric | 0       |
|    add_ln58_668_fu_11202_p2                                             | -    |        | add_ln58_668  | add | fabric | 0       |
|    acc_107_fu_11344_p2                                                  | -    |        | acc_107       | add | fabric | 0       |
|    mul_16s_16s_26_2_1_U932                                              | 1    |        | mul_ln58_670  | mul | auto   | 1       |
|    mul_16s_16s_26_2_1_U933                                              | 1    |        | mul_ln58_671  | mul | auto   | 1       |
|    mul_16s_16s_26_2_1_U934                                              | 1    |        | mul_ln58_672  | mul | auto   | 1       |
|    mul_16s_16s_26_2_1_U935                                              | 1    |        | mul_ln58_673  | mul | auto   | 1       |
|    mul_16s_16s_26_2_1_U936                                              | 1    |        | mul_ln58_674  | mul | auto   | 1       |
|    mul_16s_16s_26_2_1_U937                                              | 1    |        | mul_ln58_675  | mul | auto   | 1       |
|    mul_16s_16s_26_2_1_U938                                              | 1    |        | mul_ln58_676  | mul | auto   | 1       |
|    mul_16s_16s_26_2_1_U939                                              | 1    |        | mul_ln58_677  | mul | auto   | 1       |
|    add_ln58_670_fu_10618_p2                                             | -    |        | add_ln58_670  | add | fabric | 0       |
|    add_ln58_671_fu_10622_p2                                             | -    |        | add_ln58_671  | add | fabric | 0       |
|    add_ln58_672_fu_11010_p2                                             | -    |        | add_ln58_672  | add | fabric | 0       |
|    add_ln58_673_fu_10626_p2                                             | -    |        | add_ln58_673  | add | fabric | 0       |
|    add_ln58_674_fu_10630_p2                                             | -    |        | add_ln58_674  | add | fabric | 0       |
|    add_ln58_675_fu_11014_p2                                             | -    |        | add_ln58_675  | add | fabric | 0       |
|    add_ln58_676_fu_11206_p2                                             | -    |        | add_ln58_676  | add | fabric | 0       |
|    acc_108_fu_11349_p2                                                  | -    |        | acc_108       | add | fabric | 0       |
|    mul_16s_16s_26_2_1_U940                                              | 1    |        | mul_ln58_678  | mul | auto   | 1       |
|    mul_16s_16s_26_2_1_U941                                              | 1    |        | mul_ln58_679  | mul | auto   | 1       |
|    mul_16s_16s_26_2_1_U942                                              | 1    |        | mul_ln58_680  | mul | auto   | 1       |
|    mul_16s_16s_26_2_1_U943                                              | 1    |        | mul_ln58_681  | mul | auto   | 1       |
|    mul_16s_16s_26_2_1_U944                                              | 1    |        | mul_ln58_682  | mul | auto   | 1       |
|    mul_16s_16s_26_2_1_U945                                              | 1    |        | mul_ln58_683  | mul | auto   | 1       |
|    mul_16s_16s_26_2_1_U946                                              | 1    |        | mul_ln58_684  | mul | auto   | 1       |
|    mul_16s_16s_26_2_1_U947                                              | 1    |        | mul_ln58_685  | mul | auto   | 1       |
|    add_ln58_678_fu_10634_p2                                             | -    |        | add_ln58_678  | add | fabric | 0       |
|    add_ln58_679_fu_10638_p2                                             | -    |        | add_ln58_679  | add | fabric | 0       |
|    add_ln58_680_fu_11018_p2                                             | -    |        | add_ln58_680  | add | fabric | 0       |
|    add_ln58_681_fu_10642_p2                                             | -    |        | add_ln58_681  | add | fabric | 0       |
|    add_ln58_682_fu_10646_p2                                             | -    |        | add_ln58_682  | add | fabric | 0       |
|    add_ln58_683_fu_11022_p2                                             | -    |        | add_ln58_683  | add | fabric | 0       |
|    add_ln58_684_fu_11210_p2                                             | -    |        | add_ln58_684  | add | fabric | 0       |
|    acc_109_fu_11354_p2                                                  | -    |        | acc_109       | add | fabric | 0       |
|    mul_16s_16s_26_2_1_U948                                              | 1    |        | mul_ln58_686  | mul | auto   | 1       |
|    mul_16s_16s_26_2_1_U949                                              | 1    |        | mul_ln58_687  | mul | auto   | 1       |
|    mul_16s_16s_26_2_1_U950                                              | 1    |        | mul_ln58_688  | mul | auto   | 1       |
|    mul_16s_16s_26_2_1_U951                                              | 1    |        | mul_ln58_689  | mul | auto   | 1       |
|    mul_16s_16s_26_2_1_U952                                              | 1    |        | mul_ln58_690  | mul | auto   | 1       |
|    mul_16s_16s_26_2_1_U953                                              | 1    |        | mul_ln58_691  | mul | auto   | 1       |
|    mul_16s_16s_26_2_1_U954                                              | 1    |        | mul_ln58_692  | mul | auto   | 1       |
|    mul_16s_16s_26_2_1_U955                                              | 1    |        | mul_ln58_693  | mul | auto   | 1       |
|    add_ln58_686_fu_10650_p2                                             | -    |        | add_ln58_686  | add | fabric | 0       |
|    add_ln58_687_fu_10654_p2                                             | -    |        | add_ln58_687  | add | fabric | 0       |
|    add_ln58_688_fu_11026_p2                                             | -    |        | add_ln58_688  | add | fabric | 0       |
|    add_ln58_689_fu_10658_p2                                             | -    |        | add_ln58_689  | add | fabric | 0       |
|    add_ln58_690_fu_10662_p2                                             | -    |        | add_ln58_690  | add | fabric | 0       |
|    add_ln58_691_fu_11030_p2                                             | -    |        | add_ln58_691  | add | fabric | 0       |
|    add_ln58_692_fu_11214_p2                                             | -    |        | add_ln58_692  | add | fabric | 0       |
|    acc_110_fu_11359_p2                                                  | -    |        | acc_110       | add | fabric | 0       |
|    mul_16s_16s_26_2_1_U956                                              | 1    |        | mul_ln58_694  | mul | auto   | 1       |
|    mul_16s_16s_26_2_1_U957                                              | 1    |        | mul_ln58_695  | mul | auto   | 1       |
|    mul_16s_16s_26_2_1_U958                                              | 1    |        | mul_ln58_696  | mul | auto   | 1       |
|    mul_16s_16s_26_2_1_U959                                              | 1    |        | mul_ln58_697  | mul | auto   | 1       |
|    mul_16s_16s_26_2_1_U960                                              | 1    |        | mul_ln58_698  | mul | auto   | 1       |
|    mul_16s_16s_26_2_1_U961                                              | 1    |        | mul_ln58_699  | mul | auto   | 1       |
|    mul_16s_16s_26_2_1_U962                                              | 1    |        | mul_ln58_700  | mul | auto   | 1       |
|    mul_16s_16s_26_2_1_U963                                              | 1    |        | mul_ln58_701  | mul | auto   | 1       |
|    add_ln58_694_fu_10666_p2                                             | -    |        | add_ln58_694  | add | fabric | 0       |
|    add_ln58_695_fu_10670_p2                                             | -    |        | add_ln58_695  | add | fabric | 0       |
|    add_ln58_696_fu_11034_p2                                             | -    |        | add_ln58_696  | add | fabric | 0       |
|    add_ln58_697_fu_10674_p2                                             | -    |        | add_ln58_697  | add | fabric | 0       |
|    add_ln58_698_fu_10678_p2                                             | -    |        | add_ln58_698  | add | fabric | 0       |
|    add_ln58_699_fu_11038_p2                                             | -    |        | add_ln58_699  | add | fabric | 0       |
|    add_ln58_700_fu_11218_p2                                             | -    |        | add_ln58_700  | add | fabric | 0       |
|    acc_111_fu_11364_p2                                                  | -    |        | acc_111       | add | fabric | 0       |
|    mul_16s_16s_26_2_1_U964                                              | 1    |        | mul_ln58_702  | mul | auto   | 1       |
|    mul_16s_16s_26_2_1_U965                                              | 1    |        | mul_ln58_703  | mul | auto   | 1       |
|    mul_16s_16s_26_2_1_U966                                              | 1    |        | mul_ln58_704  | mul | auto   | 1       |
|    mul_16s_16s_26_2_1_U967                                              | 1    |        | mul_ln58_705  | mul | auto   | 1       |
|    mul_16s_16s_26_2_1_U968                                              | 1    |        | mul_ln58_706  | mul | auto   | 1       |
|    mul_16s_16s_26_2_1_U969                                              | 1    |        | mul_ln58_707  | mul | auto   | 1       |
|    mul_16s_16s_26_2_1_U970                                              | 1    |        | mul_ln58_708  | mul | auto   | 1       |
|    mul_16s_16s_26_2_1_U971                                              | 1    |        | mul_ln58_709  | mul | auto   | 1       |
|    add_ln58_702_fu_10682_p2                                             | -    |        | add_ln58_702  | add | fabric | 0       |
|    add_ln58_703_fu_10686_p2                                             | -    |        | add_ln58_703  | add | fabric | 0       |
|    add_ln58_704_fu_11042_p2                                             | -    |        | add_ln58_704  | add | fabric | 0       |
|    add_ln58_705_fu_10690_p2                                             | -    |        | add_ln58_705  | add | fabric | 0       |
|    add_ln58_706_fu_10694_p2                                             | -    |        | add_ln58_706  | add | fabric | 0       |
|    add_ln58_707_fu_11046_p2                                             | -    |        | add_ln58_707  | add | fabric | 0       |
|    add_ln58_708_fu_11222_p2                                             | -    |        | add_ln58_708  | add | fabric | 0       |
|    acc_112_fu_11369_p2                                                  | -    |        | acc_112       | add | fabric | 0       |
|    mul_16s_16s_26_2_1_U972                                              | 1    |        | mul_ln58_710  | mul | auto   | 1       |
|    mul_16s_16s_26_2_1_U973                                              | 1    |        | mul_ln58_711  | mul | auto   | 1       |
|    mul_16s_16s_26_2_1_U974                                              | 1    |        | mul_ln58_712  | mul | auto   | 1       |
|    mul_16s_16s_26_2_1_U975                                              | 1    |        | mul_ln58_713  | mul | auto   | 1       |
|    mul_16s_16s_26_2_1_U976                                              | 1    |        | mul_ln58_714  | mul | auto   | 1       |
|    mul_16s_16s_26_2_1_U977                                              | 1    |        | mul_ln58_715  | mul | auto   | 1       |
|    mul_16s_16s_26_2_1_U978                                              | 1    |        | mul_ln58_716  | mul | auto   | 1       |
|    mul_16s_16s_26_2_1_U979                                              | 1    |        | mul_ln58_717  | mul | auto   | 1       |
|    add_ln58_710_fu_10698_p2                                             | -    |        | add_ln58_710  | add | fabric | 0       |
|    add_ln58_711_fu_10702_p2                                             | -    |        | add_ln58_711  | add | fabric | 0       |
|    add_ln58_712_fu_11050_p2                                             | -    |        | add_ln58_712  | add | fabric | 0       |
|    add_ln58_713_fu_10706_p2                                             | -    |        | add_ln58_713  | add | fabric | 0       |
|    add_ln58_714_fu_10710_p2                                             | -    |        | add_ln58_714  | add | fabric | 0       |
|    add_ln58_715_fu_11054_p2                                             | -    |        | add_ln58_715  | add | fabric | 0       |
|    add_ln58_716_fu_11226_p2                                             | -    |        | add_ln58_716  | add | fabric | 0       |
|    acc_113_fu_11374_p2                                                  | -    |        | acc_113       | add | fabric | 0       |
|    mul_16s_16s_26_2_1_U980                                              | 1    |        | mul_ln58_718  | mul | auto   | 1       |
|    mul_16s_16s_26_2_1_U981                                              | 1    |        | mul_ln58_719  | mul | auto   | 1       |
|    mul_16s_16s_26_2_1_U982                                              | 1    |        | mul_ln58_720  | mul | auto   | 1       |
|    mul_16s_16s_26_2_1_U983                                              | 1    |        | mul_ln58_721  | mul | auto   | 1       |
|    mul_16s_16s_26_2_1_U984                                              | 1    |        | mul_ln58_722  | mul | auto   | 1       |
|    mul_16s_16s_26_2_1_U985                                              | 1    |        | mul_ln58_723  | mul | auto   | 1       |
|    mul_16s_16s_26_2_1_U986                                              | 1    |        | mul_ln58_724  | mul | auto   | 1       |
|    mul_16s_16s_26_2_1_U987                                              | 1    |        | mul_ln58_725  | mul | auto   | 1       |
|    add_ln58_718_fu_10714_p2                                             | -    |        | add_ln58_718  | add | fabric | 0       |
|    add_ln58_719_fu_10718_p2                                             | -    |        | add_ln58_719  | add | fabric | 0       |
|    add_ln58_720_fu_11058_p2                                             | -    |        | add_ln58_720  | add | fabric | 0       |
|    add_ln58_721_fu_10722_p2                                             | -    |        | add_ln58_721  | add | fabric | 0       |
|    add_ln58_722_fu_10726_p2                                             | -    |        | add_ln58_722  | add | fabric | 0       |
|    add_ln58_723_fu_11062_p2                                             | -    |        | add_ln58_723  | add | fabric | 0       |
|    add_ln58_724_fu_11230_p2                                             | -    |        | add_ln58_724  | add | fabric | 0       |
|    acc_114_fu_11379_p2                                                  | -    |        | acc_114       | add | fabric | 0       |
|    mul_16s_16s_26_2_1_U988                                              | 1    |        | mul_ln58_726  | mul | auto   | 1       |
|    mul_16s_16s_26_2_1_U989                                              | 1    |        | mul_ln58_727  | mul | auto   | 1       |
|    mul_16s_16s_26_2_1_U990                                              | 1    |        | mul_ln58_728  | mul | auto   | 1       |
|    mul_16s_16s_26_2_1_U991                                              | 1    |        | mul_ln58_729  | mul | auto   | 1       |
|    mul_16s_16s_26_2_1_U992                                              | 1    |        | mul_ln58_730  | mul | auto   | 1       |
|    mul_16s_16s_26_2_1_U993                                              | 1    |        | mul_ln58_731  | mul | auto   | 1       |
|    mul_16s_16s_26_2_1_U994                                              | 1    |        | mul_ln58_732  | mul | auto   | 1       |
|    mul_16s_16s_26_2_1_U995                                              | 1    |        | mul_ln58_733  | mul | auto   | 1       |
|    add_ln58_726_fu_10730_p2                                             | -    |        | add_ln58_726  | add | fabric | 0       |
|    add_ln58_727_fu_10734_p2                                             | -    |        | add_ln58_727  | add | fabric | 0       |
|    add_ln58_728_fu_11066_p2                                             | -    |        | add_ln58_728  | add | fabric | 0       |
|    add_ln58_729_fu_10738_p2                                             | -    |        | add_ln58_729  | add | fabric | 0       |
|    add_ln58_730_fu_10742_p2                                             | -    |        | add_ln58_730  | add | fabric | 0       |
|    add_ln58_731_fu_11070_p2                                             | -    |        | add_ln58_731  | add | fabric | 0       |
|    add_ln58_732_fu_11234_p2                                             | -    |        | add_ln58_732  | add | fabric | 0       |
|    acc_115_fu_11384_p2                                                  | -    |        | acc_115       | add | fabric | 0       |
|    mul_16s_16s_26_2_1_U996                                              | 1    |        | mul_ln58_734  | mul | auto   | 1       |
|    mul_16s_16s_26_2_1_U997                                              | 1    |        | mul_ln58_735  | mul | auto   | 1       |
|    mul_16s_16s_26_2_1_U998                                              | 1    |        | mul_ln58_736  | mul | auto   | 1       |
|    mul_16s_16s_26_2_1_U999                                              | 1    |        | mul_ln58_737  | mul | auto   | 1       |
|    mul_16s_16s_26_2_1_U1000                                             | 1    |        | mul_ln58_738  | mul | auto   | 1       |
|    mul_16s_16s_26_2_1_U1001                                             | 1    |        | mul_ln58_739  | mul | auto   | 1       |
|    mul_16s_16s_26_2_1_U1002                                             | 1    |        | mul_ln58_740  | mul | auto   | 1       |
|    mul_16s_16s_26_2_1_U1003                                             | 1    |        | mul_ln58_741  | mul | auto   | 1       |
|    add_ln58_734_fu_10746_p2                                             | -    |        | add_ln58_734  | add | fabric | 0       |
|    add_ln58_735_fu_10750_p2                                             | -    |        | add_ln58_735  | add | fabric | 0       |
|    add_ln58_736_fu_11074_p2                                             | -    |        | add_ln58_736  | add | fabric | 0       |
|    add_ln58_737_fu_10754_p2                                             | -    |        | add_ln58_737  | add | fabric | 0       |
|    add_ln58_738_fu_10758_p2                                             | -    |        | add_ln58_738  | add | fabric | 0       |
|    add_ln58_739_fu_11078_p2                                             | -    |        | add_ln58_739  | add | fabric | 0       |
|    add_ln58_740_fu_11238_p2                                             | -    |        | add_ln58_740  | add | fabric | 0       |
|    acc_116_fu_11389_p2                                                  | -    |        | acc_116       | add | fabric | 0       |
|    mul_16s_16s_26_2_1_U1004                                             | 1    |        | mul_ln58_742  | mul | auto   | 1       |
|    mul_16s_16s_26_2_1_U1005                                             | 1    |        | mul_ln58_743  | mul | auto   | 1       |
|    mul_16s_16s_26_2_1_U1006                                             | 1    |        | mul_ln58_744  | mul | auto   | 1       |
|    mul_16s_16s_26_2_1_U1007                                             | 1    |        | mul_ln58_745  | mul | auto   | 1       |
|    mul_16s_16s_26_2_1_U1008                                             | 1    |        | mul_ln58_746  | mul | auto   | 1       |
|    mul_16s_16s_26_2_1_U1009                                             | 1    |        | mul_ln58_747  | mul | auto   | 1       |
|    mul_16s_16s_26_2_1_U1010                                             | 1    |        | mul_ln58_748  | mul | auto   | 1       |
|    mul_16s_16s_26_2_1_U1011                                             | 1    |        | mul_ln58_749  | mul | auto   | 1       |
|    add_ln58_742_fu_10762_p2                                             | -    |        | add_ln58_742  | add | fabric | 0       |
|    add_ln58_743_fu_10766_p2                                             | -    |        | add_ln58_743  | add | fabric | 0       |
|    add_ln58_744_fu_11082_p2                                             | -    |        | add_ln58_744  | add | fabric | 0       |
|    add_ln58_745_fu_10770_p2                                             | -    |        | add_ln58_745  | add | fabric | 0       |
|    add_ln58_746_fu_10774_p2                                             | -    |        | add_ln58_746  | add | fabric | 0       |
|    add_ln58_747_fu_11086_p2                                             | -    |        | add_ln58_747  | add | fabric | 0       |
|    add_ln58_748_fu_11242_p2                                             | -    |        | add_ln58_748  | add | fabric | 0       |
|    acc_117_fu_11394_p2                                                  | -    |        | acc_117       | add | fabric | 0       |
|    mul_16s_16s_26_2_1_U1012                                             | 1    |        | mul_ln58_750  | mul | auto   | 1       |
|    mul_16s_16s_26_2_1_U1013                                             | 1    |        | mul_ln58_751  | mul | auto   | 1       |
|    mul_16s_16s_26_2_1_U1014                                             | 1    |        | mul_ln58_752  | mul | auto   | 1       |
|    mul_16s_16s_26_2_1_U1015                                             | 1    |        | mul_ln58_753  | mul | auto   | 1       |
|    mul_16s_16s_26_2_1_U1016                                             | 1    |        | mul_ln58_754  | mul | auto   | 1       |
|    mul_16s_16s_26_2_1_U1017                                             | 1    |        | mul_ln58_755  | mul | auto   | 1       |
|    mul_16s_16s_26_2_1_U1018                                             | 1    |        | mul_ln58_756  | mul | auto   | 1       |
|    mul_16s_16s_26_2_1_U1019                                             | 1    |        | mul_ln58_757  | mul | auto   | 1       |
|    add_ln58_750_fu_10778_p2                                             | -    |        | add_ln58_750  | add | fabric | 0       |
|    add_ln58_751_fu_10782_p2                                             | -    |        | add_ln58_751  | add | fabric | 0       |
|    add_ln58_752_fu_11090_p2                                             | -    |        | add_ln58_752  | add | fabric | 0       |
|    add_ln58_753_fu_10786_p2                                             | -    |        | add_ln58_753  | add | fabric | 0       |
|    add_ln58_754_fu_10790_p2                                             | -    |        | add_ln58_754  | add | fabric | 0       |
|    add_ln58_755_fu_11094_p2                                             | -    |        | add_ln58_755  | add | fabric | 0       |
|    add_ln58_756_fu_11246_p2                                             | -    |        | add_ln58_756  | add | fabric | 0       |
|    acc_118_fu_11399_p2                                                  | -    |        | acc_118       | add | fabric | 0       |
|    mul_16s_16s_26_2_1_U1020                                             | 1    |        | mul_ln58_758  | mul | auto   | 1       |
|    mul_16s_16s_26_2_1_U1021                                             | 1    |        | mul_ln58_759  | mul | auto   | 1       |
|    mul_16s_16s_26_2_1_U1022                                             | 1    |        | mul_ln58_760  | mul | auto   | 1       |
|    mul_16s_16s_26_2_1_U1023                                             | 1    |        | mul_ln58_761  | mul | auto   | 1       |
|    mul_16s_16s_26_2_1_U1024                                             | 1    |        | mul_ln58_762  | mul | auto   | 1       |
|    mul_16s_16s_26_2_1_U1025                                             | 1    |        | mul_ln58_763  | mul | auto   | 1       |
|    mul_16s_16s_26_2_1_U1026                                             | 1    |        | mul_ln58_764  | mul | auto   | 1       |
|    mul_16s_16s_26_2_1_U1027                                             | 1    |        | mul_ln58_765  | mul | auto   | 1       |
|    add_ln58_758_fu_10794_p2                                             | -    |        | add_ln58_758  | add | fabric | 0       |
|    add_ln58_759_fu_10798_p2                                             | -    |        | add_ln58_759  | add | fabric | 0       |
|    add_ln58_760_fu_11098_p2                                             | -    |        | add_ln58_760  | add | fabric | 0       |
|    add_ln58_761_fu_10802_p2                                             | -    |        | add_ln58_761  | add | fabric | 0       |
|    add_ln58_762_fu_10806_p2                                             | -    |        | add_ln58_762  | add | fabric | 0       |
|    add_ln58_763_fu_11102_p2                                             | -    |        | add_ln58_763  | add | fabric | 0       |
|    add_ln58_764_fu_11250_p2                                             | -    |        | add_ln58_764  | add | fabric | 0       |
|    acc_119_fu_11404_p2                                                  | -    |        | acc_119       | add | fabric | 0       |
|    mul_16s_16s_26_2_1_U1028                                             | 1    |        | mul_ln58_766  | mul | auto   | 1       |
|    mul_16s_16s_26_2_1_U1029                                             | 1    |        | mul_ln58_767  | mul | auto   | 1       |
|    mul_16s_16s_26_2_1_U1030                                             | 1    |        | mul_ln58_768  | mul | auto   | 1       |
|    mul_16s_16s_26_2_1_U1031                                             | 1    |        | mul_ln58_769  | mul | auto   | 1       |
|    mul_16s_16s_26_2_1_U1032                                             | 1    |        | mul_ln58_770  | mul | auto   | 1       |
|    mul_16s_16s_26_2_1_U1033                                             | 1    |        | mul_ln58_771  | mul | auto   | 1       |
|    mul_16s_16s_26_2_1_U1034                                             | 1    |        | mul_ln58_772  | mul | auto   | 1       |
|    mul_16s_16s_26_2_1_U1035                                             | 1    |        | mul_ln58_773  | mul | auto   | 1       |
|    add_ln58_766_fu_10810_p2                                             | -    |        | add_ln58_766  | add | fabric | 0       |
|    add_ln58_767_fu_10814_p2                                             | -    |        | add_ln58_767  | add | fabric | 0       |
|    add_ln58_768_fu_11106_p2                                             | -    |        | add_ln58_768  | add | fabric | 0       |
|    add_ln58_769_fu_10818_p2                                             | -    |        | add_ln58_769  | add | fabric | 0       |
|    add_ln58_770_fu_10822_p2                                             | -    |        | add_ln58_770  | add | fabric | 0       |
|    add_ln58_771_fu_11110_p2                                             | -    |        | add_ln58_771  | add | fabric | 0       |
|    add_ln58_772_fu_11254_p2                                             | -    |        | add_ln58_772  | add | fabric | 0       |
|    acc_120_fu_11409_p2                                                  | -    |        | acc_120       | add | fabric | 0       |
|    mul_16s_16s_26_2_1_U1036                                             | 1    |        | mul_ln58_774  | mul | auto   | 1       |
|    mul_16s_16s_26_2_1_U1037                                             | 1    |        | mul_ln58_775  | mul | auto   | 1       |
|    mul_16s_16s_26_2_1_U1038                                             | 1    |        | mul_ln58_776  | mul | auto   | 1       |
|    mul_16s_16s_26_2_1_U1039                                             | 1    |        | mul_ln58_777  | mul | auto   | 1       |
|    mul_16s_16s_26_2_1_U1040                                             | 1    |        | mul_ln58_778  | mul | auto   | 1       |
|    mul_16s_16s_26_2_1_U1041                                             | 1    |        | mul_ln58_779  | mul | auto   | 1       |
|    mul_16s_16s_26_2_1_U1042                                             | 1    |        | mul_ln58_780  | mul | auto   | 1       |
|    mul_16s_16s_26_2_1_U1043                                             | 1    |        | mul_ln58_781  | mul | auto   | 1       |
|    add_ln58_774_fu_10826_p2                                             | -    |        | add_ln58_774  | add | fabric | 0       |
|    add_ln58_775_fu_10830_p2                                             | -    |        | add_ln58_775  | add | fabric | 0       |
|    add_ln58_776_fu_11114_p2                                             | -    |        | add_ln58_776  | add | fabric | 0       |
|    add_ln58_777_fu_10834_p2                                             | -    |        | add_ln58_777  | add | fabric | 0       |
|    add_ln58_778_fu_10838_p2                                             | -    |        | add_ln58_778  | add | fabric | 0       |
|    add_ln58_779_fu_11118_p2                                             | -    |        | add_ln58_779  | add | fabric | 0       |
|    add_ln58_780_fu_11258_p2                                             | -    |        | add_ln58_780  | add | fabric | 0       |
|    acc_121_fu_11414_p2                                                  | -    |        | acc_121       | add | fabric | 0       |
|    mul_16s_16s_26_2_1_U1044                                             | 1    |        | mul_ln58_782  | mul | auto   | 1       |
|    mul_16s_16s_26_2_1_U1045                                             | 1    |        | mul_ln58_783  | mul | auto   | 1       |
|    mul_16s_16s_26_2_1_U1046                                             | 1    |        | mul_ln58_784  | mul | auto   | 1       |
|    mul_16s_16s_26_2_1_U1047                                             | 1    |        | mul_ln58_785  | mul | auto   | 1       |
|    mul_16s_16s_26_2_1_U1048                                             | 1    |        | mul_ln58_786  | mul | auto   | 1       |
|    mul_16s_16s_26_2_1_U1049                                             | 1    |        | mul_ln58_787  | mul | auto   | 1       |
|    mul_16s_16s_26_2_1_U1050                                             | 1    |        | mul_ln58_788  | mul | auto   | 1       |
|    mul_16s_16s_26_2_1_U1051                                             | 1    |        | mul_ln58_789  | mul | auto   | 1       |
|    add_ln58_782_fu_10842_p2                                             | -    |        | add_ln58_782  | add | fabric | 0       |
|    add_ln58_783_fu_10846_p2                                             | -    |        | add_ln58_783  | add | fabric | 0       |
|    add_ln58_784_fu_11122_p2                                             | -    |        | add_ln58_784  | add | fabric | 0       |
|    add_ln58_785_fu_10850_p2                                             | -    |        | add_ln58_785  | add | fabric | 0       |
|    add_ln58_786_fu_10854_p2                                             | -    |        | add_ln58_786  | add | fabric | 0       |
|    add_ln58_787_fu_11126_p2                                             | -    |        | add_ln58_787  | add | fabric | 0       |
|    add_ln58_788_fu_11262_p2                                             | -    |        | add_ln58_788  | add | fabric | 0       |
|    acc_122_fu_11419_p2                                                  | -    |        | acc_122       | add | fabric | 0       |
|    mul_16s_16s_26_2_1_U1052                                             | 1    |        | mul_ln58_790  | mul | auto   | 1       |
|    mul_16s_16s_26_2_1_U1053                                             | 1    |        | mul_ln58_791  | mul | auto   | 1       |
|    mul_16s_16s_26_2_1_U1054                                             | 1    |        | mul_ln58_792  | mul | auto   | 1       |
|    mul_16s_16s_26_2_1_U1055                                             | 1    |        | mul_ln58_793  | mul | auto   | 1       |
|    mul_16s_16s_26_2_1_U1056                                             | 1    |        | mul_ln58_794  | mul | auto   | 1       |
|    mul_16s_16s_26_2_1_U1057                                             | 1    |        | mul_ln58_795  | mul | auto   | 1       |
|    mul_16s_16s_26_2_1_U1058                                             | 1    |        | mul_ln58_796  | mul | auto   | 1       |
|    mul_16s_16s_26_2_1_U1059                                             | 1    |        | mul_ln58_797  | mul | auto   | 1       |
|    add_ln58_790_fu_10858_p2                                             | -    |        | add_ln58_790  | add | fabric | 0       |
|    add_ln58_791_fu_10862_p2                                             | -    |        | add_ln58_791  | add | fabric | 0       |
|    add_ln58_792_fu_11130_p2                                             | -    |        | add_ln58_792  | add | fabric | 0       |
|    add_ln58_793_fu_10866_p2                                             | -    |        | add_ln58_793  | add | fabric | 0       |
|    add_ln58_794_fu_10870_p2                                             | -    |        | add_ln58_794  | add | fabric | 0       |
|    add_ln58_795_fu_11134_p2                                             | -    |        | add_ln58_795  | add | fabric | 0       |
|    add_ln58_796_fu_11266_p2                                             | -    |        | add_ln58_796  | add | fabric | 0       |
|    acc_123_fu_11424_p2                                                  | -    |        | acc_123       | add | fabric | 0       |
|    mul_16s_16s_26_2_1_U1060                                             | 1    |        | mul_ln58_798  | mul | auto   | 1       |
|    mul_16s_16s_26_2_1_U1061                                             | 1    |        | mul_ln58_799  | mul | auto   | 1       |
|    mul_16s_16s_26_2_1_U1062                                             | 1    |        | mul_ln58_800  | mul | auto   | 1       |
|    mul_16s_16s_26_2_1_U1063                                             | 1    |        | mul_ln58_801  | mul | auto   | 1       |
|    mul_16s_16s_26_2_1_U1064                                             | 1    |        | mul_ln58_802  | mul | auto   | 1       |
|    mul_16s_16s_26_2_1_U1065                                             | 1    |        | mul_ln58_803  | mul | auto   | 1       |
|    mul_16s_16s_26_2_1_U1066                                             | 1    |        | mul_ln58_804  | mul | auto   | 1       |
|    mul_16s_10s_26_2_1_U1067                                             | 1    |        | mul_ln58_805  | mul | auto   | 1       |
|    add_ln58_798_fu_10874_p2                                             | -    |        | add_ln58_798  | add | fabric | 0       |
|    add_ln58_799_fu_10878_p2                                             | -    |        | add_ln58_799  | add | fabric | 0       |
|    add_ln58_800_fu_11138_p2                                             | -    |        | add_ln58_800  | add | fabric | 0       |
|    add_ln58_801_fu_10882_p2                                             | -    |        | add_ln58_801  | add | fabric | 0       |
|    add_ln58_802_fu_10886_p2                                             | -    |        | add_ln58_802  | add | fabric | 0       |
|    add_ln58_803_fu_11142_p2                                             | -    |        | add_ln58_803  | add | fabric | 0       |
|    add_ln58_804_fu_11270_p2                                             | -    |        | add_ln58_804  | add | fabric | 0       |
|    acc_124_fu_11429_p2                                                  | -    |        | acc_124       | add | fabric | 0       |
|    w_index_fu_2493_p2                                                   | -    |        | w_index       | add | fabric | 0       |
|  + dense_array_ap_fixed_32u_array_ap_fixed_16_6_5_3_0_5u_config8_s      | 40   |        |               |     |        |         |
|    mul_16s_16s_26_2_1_U1081                                             | 1    |        | mul_ln58      | mul | auto   | 1       |
|    mul_16s_16s_26_2_1_U1082                                             | 1    |        | mul_ln58_512  | mul | auto   | 1       |
|    mul_16s_16s_26_2_1_U1083                                             | 1    |        | mul_ln58_513  | mul | auto   | 1       |
|    mul_16s_16s_26_2_1_U1084                                             | 1    |        | mul_ln58_514  | mul | auto   | 1       |
|    mul_16s_16s_26_2_1_U1085                                             | 1    |        | mul_ln58_515  | mul | auto   | 1       |
|    mul_16s_16s_26_2_1_U1086                                             | 1    |        | mul_ln58_516  | mul | auto   | 1       |
|    mul_16s_16s_26_2_1_U1087                                             | 1    |        | mul_ln58_517  | mul | auto   | 1       |
|    mul_16s_16s_26_2_1_U1088                                             | 1    |        | mul_ln58_518  | mul | auto   | 1       |
|    add_ln58_fu_2822_p2                                                  | -    |        | add_ln58      | add | fabric | 0       |
|    add_ln58_512_fu_2826_p2                                              | -    |        | add_ln58_512  | add | fabric | 0       |
|    add_ln58_513_fu_2902_p2                                              | -    |        | add_ln58_513  | add | fabric | 0       |
|    add_ln58_514_fu_2830_p2                                              | -    |        | add_ln58_514  | add | fabric | 0       |
|    add_ln58_515_fu_2834_p2                                              | -    |        | add_ln58_515  | add | fabric | 0       |
|    add_ln58_516_fu_2906_p2                                              | -    |        | add_ln58_516  | add | fabric | 0       |
|    add_ln58_517_fu_2942_p2                                              | -    |        | add_ln58_517  | add | fabric | 0       |
|    res_fu_2962_p2                                                       | -    |        | res           | add | fabric | 0       |
|    mul_16s_16s_26_2_1_U1089                                             | 1    |        | mul_ln58_519  | mul | auto   | 1       |
|    mul_16s_16s_26_2_1_U1090                                             | 1    |        | mul_ln58_520  | mul | auto   | 1       |
|    mul_16s_16s_26_2_1_U1091                                             | 1    |        | mul_ln58_521  | mul | auto   | 1       |
|    mul_16s_16s_26_2_1_U1092                                             | 1    |        | mul_ln58_522  | mul | auto   | 1       |
|    mul_16s_16s_26_2_1_U1093                                             | 1    |        | mul_ln58_523  | mul | auto   | 1       |
|    mul_16s_16s_26_2_1_U1094                                             | 1    |        | mul_ln58_524  | mul | auto   | 1       |
|    mul_16s_16s_26_2_1_U1095                                             | 1    |        | mul_ln58_525  | mul | auto   | 1       |
|    mul_16s_16s_26_2_1_U1096                                             | 1    |        | mul_ln58_526  | mul | auto   | 1       |
|    add_ln58_519_fu_2838_p2                                              | -    |        | add_ln58_519  | add | fabric | 0       |
|    add_ln58_520_fu_2842_p2                                              | -    |        | add_ln58_520  | add | fabric | 0       |
|    add_ln58_521_fu_2910_p2                                              | -    |        | add_ln58_521  | add | fabric | 0       |
|    add_ln58_522_fu_2846_p2                                              | -    |        | add_ln58_522  | add | fabric | 0       |
|    add_ln58_523_fu_2850_p2                                              | -    |        | add_ln58_523  | add | fabric | 0       |
|    add_ln58_524_fu_2914_p2                                              | -    |        | add_ln58_524  | add | fabric | 0       |
|    add_ln58_525_fu_2946_p2                                              | -    |        | add_ln58_525  | add | fabric | 0       |
|    res_32_fu_2967_p2                                                    | -    |        | res_32        | add | fabric | 0       |
|    mul_16s_16s_26_2_1_U1097                                             | 1    |        | mul_ln58_527  | mul | auto   | 1       |
|    mul_16s_16s_26_2_1_U1098                                             | 1    |        | mul_ln58_528  | mul | auto   | 1       |
|    mul_16s_16s_26_2_1_U1099                                             | 1    |        | mul_ln58_529  | mul | auto   | 1       |
|    mul_16s_16s_26_2_1_U1100                                             | 1    |        | mul_ln58_530  | mul | auto   | 1       |
|    mul_16s_16s_26_2_1_U1101                                             | 1    |        | mul_ln58_531  | mul | auto   | 1       |
|    mul_16s_16s_26_2_1_U1102                                             | 1    |        | mul_ln58_532  | mul | auto   | 1       |
|    mul_16s_16s_26_2_1_U1103                                             | 1    |        | mul_ln58_533  | mul | auto   | 1       |
|    mul_16s_16s_26_2_1_U1104                                             | 1    |        | mul_ln58_534  | mul | auto   | 1       |
|    add_ln58_527_fu_2854_p2                                              | -    |        | add_ln58_527  | add | fabric | 0       |
|    add_ln58_528_fu_2858_p2                                              | -    |        | add_ln58_528  | add | fabric | 0       |
|    add_ln58_529_fu_2918_p2                                              | -    |        | add_ln58_529  | add | fabric | 0       |
|    add_ln58_530_fu_2862_p2                                              | -    |        | add_ln58_530  | add | fabric | 0       |
|    add_ln58_531_fu_2866_p2                                              | -    |        | add_ln58_531  | add | fabric | 0       |
|    add_ln58_532_fu_2922_p2                                              | -    |        | add_ln58_532  | add | fabric | 0       |
|    add_ln58_533_fu_2950_p2                                              | -    |        | add_ln58_533  | add | fabric | 0       |
|    res_33_fu_2972_p2                                                    | -    |        | res_33        | add | fabric | 0       |
|    mul_16s_16s_26_2_1_U1105                                             | 1    |        | mul_ln58_535  | mul | auto   | 1       |
|    mul_16s_16s_26_2_1_U1106                                             | 1    |        | mul_ln58_536  | mul | auto   | 1       |
|    mul_16s_16s_26_2_1_U1107                                             | 1    |        | mul_ln58_537  | mul | auto   | 1       |
|    mul_16s_16s_26_2_1_U1108                                             | 1    |        | mul_ln58_538  | mul | auto   | 1       |
|    mul_16s_16s_26_2_1_U1109                                             | 1    |        | mul_ln58_539  | mul | auto   | 1       |
|    mul_16s_16s_26_2_1_U1110                                             | 1    |        | mul_ln58_540  | mul | auto   | 1       |
|    mul_16s_16s_26_2_1_U1111                                             | 1    |        | mul_ln58_541  | mul | auto   | 1       |
|    mul_16s_16s_26_2_1_U1112                                             | 1    |        | mul_ln58_542  | mul | auto   | 1       |
|    add_ln58_535_fu_2870_p2                                              | -    |        | add_ln58_535  | add | fabric | 0       |
|    add_ln58_536_fu_2874_p2                                              | -    |        | add_ln58_536  | add | fabric | 0       |
|    add_ln58_537_fu_2926_p2                                              | -    |        | add_ln58_537  | add | fabric | 0       |
|    add_ln58_538_fu_2878_p2                                              | -    |        | add_ln58_538  | add | fabric | 0       |
|    add_ln58_539_fu_2882_p2                                              | -    |        | add_ln58_539  | add | fabric | 0       |
|    add_ln58_540_fu_2930_p2                                              | -    |        | add_ln58_540  | add | fabric | 0       |
|    add_ln58_541_fu_2954_p2                                              | -    |        | add_ln58_541  | add | fabric | 0       |
|    res_34_fu_2977_p2                                                    | -    |        | res_34        | add | fabric | 0       |
|    mul_16s_16s_26_2_1_U1113                                             | 1    |        | mul_ln58_543  | mul | auto   | 1       |
|    mul_16s_16s_26_2_1_U1114                                             | 1    |        | mul_ln58_544  | mul | auto   | 1       |
|    mul_16s_16s_26_2_1_U1115                                             | 1    |        | mul_ln58_545  | mul | auto   | 1       |
|    mul_16s_16s_26_2_1_U1116                                             | 1    |        | mul_ln58_546  | mul | auto   | 1       |
|    mul_16s_16s_26_2_1_U1117                                             | 1    |        | mul_ln58_547  | mul | auto   | 1       |
|    mul_16s_16s_26_2_1_U1118                                             | 1    |        | mul_ln58_548  | mul | auto   | 1       |
|    mul_16s_16s_26_2_1_U1119                                             | 1    |        | mul_ln58_549  | mul | auto   | 1       |
|    mul_16s_10s_26_2_1_U1120                                             | 1    |        | mul_ln58_550  | mul | auto   | 1       |
|    add_ln58_543_fu_2886_p2                                              | -    |        | add_ln58_543  | add | fabric | 0       |
|    add_ln58_544_fu_2890_p2                                              | -    |        | add_ln58_544  | add | fabric | 0       |
|    add_ln58_545_fu_2934_p2                                              | -    |        | add_ln58_545  | add | fabric | 0       |
|    add_ln58_546_fu_2894_p2                                              | -    |        | add_ln58_546  | add | fabric | 0       |
|    add_ln58_547_fu_2898_p2                                              | -    |        | add_ln58_547  | add | fabric | 0       |
|    add_ln58_548_fu_2938_p2                                              | -    |        | add_ln58_548  | add | fabric | 0       |
|    add_ln58_549_fu_2958_p2                                              | -    |        | add_ln58_549  | add | fabric | 0       |
|    res_35_fu_2982_p2                                                    | -    |        | res_35        | add | fabric | 0       |
|    w_index_fu_1201_p2                                                   | -    |        | w_index       | add | fabric | 0       |
|  + softmax_array_array_ap_fixed_16_6_5_3_0_5u_softmax_config9_s         | 2    |        |               |     |        |         |
|   + softmax_stable_array_array_ap_fixed_16_6_5_3_0_5u_softmax_config9_s | 2    |        |               |     |        |         |
|     d_xi_xmax_fu_389_p2                                                 | -    |        | d_xi_xmax     | sub | fabric | 0       |
|     d_xi_xmax_5_fu_393_p2                                               | -    |        | d_xi_xmax_5   | sub | fabric | 0       |
|     d_xi_xmax_6_fu_397_p2                                               | -    |        | d_xi_xmax_6   | sub | fabric | 0       |
|     d_xi_xmax_7_fu_401_p2                                               | -    |        | d_xi_xmax_7   | sub | fabric | 0       |
|     d_xi_xmax_8_fu_405_p2                                               | -    |        | d_xi_xmax_8   | sub | fabric | 0       |
|     add_ln51_fu_485_p2                                                  | -    |        | add_ln51      | add | fabric | 0       |
|     add_ln51_1_fu_500_p2                                                | -    |        | add_ln51_1    | add | fabric | 0       |
|     add_ln51_2_fu_509_p2                                                | -    |        | add_ln51_2    | add | fabric | 0       |
|     add_ln51_3_fu_519_p2                                                | -    |        | add_ln51_3    | add | fabric | 0       |
|     mul_18s_11ns_26_2_1_U1124                                           | 1    |        | mul_ln241     | mul | auto   | 1       |
|     mul_18s_11ns_26_2_1_U1124                                           | 1    |        | mul_ln241_1   | mul | auto   | 1       |
|     mul_18s_11ns_26_2_1_U1125                                           | 1    |        | mul_ln241_2   | mul | auto   | 1       |
|     mul_18s_11ns_26_2_1_U1124                                           | 1    |        | mul_ln241_3   | mul | auto   | 1       |
|     mul_18s_11ns_26_2_1_U1125                                           | 1    |        | mul_ln241_4   | mul | auto   | 1       |
+-------------------------------------------------------------------------+------+--------+---------------+-----+--------+---------+


================================================================
== Bind Storage Report
================================================================
+-------------------------------------------------------------------------+------+------+--------+--------------+---------+------+---------+
| Name                                                                    | BRAM | URAM | Pragma | Variable     | Storage | Impl | Latency |
+-------------------------------------------------------------------------+------+------+--------+--------------+---------+------+---------+
| + myproject                                                             | 477  | 0    |        |              |         |      |         |
|   layer2_out_U                                                          | -    | -    |        | layer2_out   | fifo    | srl  | 0       |
|   layer3_out_U                                                          | -    | -    |        | layer3_out   | fifo    | srl  | 0       |
|   layer4_out_U                                                          | -    | -    |        | layer4_out   | fifo    | srl  | 0       |
|   layer5_out_U                                                          | -    | -    |        | layer5_out   | fifo    | srl  | 0       |
|   layer6_out_U                                                          | -    | -    |        | layer6_out   | fifo    | srl  | 0       |
|   layer7_out_U                                                          | -    | -    |        | layer7_out   | fifo    | srl  | 0       |
|   layer8_out_U                                                          | -    | -    |        | layer8_out   | fifo    | srl  | 0       |
|  + dense_array_ap_fixed_16u_array_ap_fixed_16_6_5_3_0_64u_config2_s     | 114  | 0    |        |              |         |      |         |
|    w2_U                                                                 | 114  | -    | pragma | w2           | rom_np  | bram | 1       |
|  + dense_array_ap_fixed_64u_array_ap_fixed_16_6_5_3_0_32u_config4_s     | 228  | 0    |        |              |         |      |         |
|    w4_U                                                                 | 228  | -    | pragma | w4           | rom_np  | bram | 1       |
|  + dense_array_ap_fixed_32u_array_ap_fixed_16_6_5_3_0_32u_config6_s     | 114  | 0    |        |              |         |      |         |
|    w6_U                                                                 | 114  | -    | pragma | w6           | rom_np  | bram | 1       |
|  + dense_array_ap_fixed_32u_array_ap_fixed_16_6_5_3_0_5u_config8_s      | 18   | 0    |        |              |         |      |         |
|    w8_U                                                                 | 18   | -    | pragma | w8           | rom_np  | bram | 1       |
|  + softmax_array_array_ap_fixed_16_6_5_3_0_5u_softmax_config9_s         | 3    | 0    |        |              |         |      |         |
|   + softmax_stable_array_array_ap_fixed_16_6_5_3_0_5u_softmax_config9_s | 3    | 0    |        |              |         |      |         |
|     exp_table_U                                                         | 2    | -    |        | exp_table    | rom_np  | auto | 1       |
|     invert_table_U                                                      | 1    | -    |        | invert_table | rom_1p  | auto | 1       |
+-------------------------------------------------------------------------+------+------+--------+--------------+---------+------+---------+


================================================================
== Pragma Report
================================================================
* Ignored Pragmas
+------------+---------------------+---------------------------------------------------------------+------------------------------------------------------------------+
| Type       | Options             | Location                                                      | Messages                                                         |
+------------+---------------------+---------------------------------------------------------------+------------------------------------------------------------------+
| allocation | instances = softmax | firmware/nnet_utils/nnet_activation.h:402 in softmax_multidim | unexpected pragma argument 'softmax', expects function/operation |
+------------+---------------------+---------------------------------------------------------------+------------------------------------------------------------------+

* Pragmas with Warnings
+----------+-----------------------------------+-----------------------------------------------------------------------------------------+----------------------------------------------------------------------------+
| Type     | Options                           | Location                                                                                | Messages                                                                   |
+----------+-----------------------------------+-----------------------------------------------------------------------------------------+----------------------------------------------------------------------------+
| resource | variable=weights core=ROM_nP_BRAM | firmware/nnet_utils/nnet_dense_resource.h:33 in dense_resource_rf_leq_nin, weights      | 'Resource pragma' is deprecated, use 'bind_op/bind_storage pragma' instead |
| resource | variable=weights core=ROM_nP_BRAM | firmware/nnet_utils/nnet_dense_resource.h:107 in dense_resource_rf_gt_nin_rem0, weights | 'Resource pragma' is deprecated, use 'bind_op/bind_storage pragma' instead |
| resource | variable=weights core=ROM_nP_BRAM | firmware/nnet_utils/nnet_dense_resource.h:189 in dense_resource_rf_gt_nin, weights      | 'Resource pragma' is deprecated, use 'bind_op/bind_storage pragma' instead |
+----------+-----------------------------------+-----------------------------------------------------------------------------------------+----------------------------------------------------------------------------+

* Valid Pragma Syntax
+----------------------+-----------------------------------------------------------------------+------------------------------------------------------------------------------------------------+
| Type                 | Options                                                               | Location                                                                                       |
+----------------------+-----------------------------------------------------------------------+------------------------------------------------------------------------------------------------+
| interface            | axis port=input_1,layer9_out                                          | firmware/myproject.cpp:13 in myproject, input_1,layer9_out                                     |
| dataflow             |                                                                       | firmware/myproject.cpp:14 in myproject                                                         |
| stream               | variable=layer2_out depth=1                                           | firmware/myproject.cpp:37 in myproject, layer2_out                                             |
| stream               | variable=layer3_out depth=1                                           | firmware/myproject.cpp:40 in myproject, layer3_out                                             |
| stream               | variable=layer4_out depth=1                                           | firmware/myproject.cpp:43 in myproject, layer4_out                                             |
| stream               | variable=layer5_out depth=1                                           | firmware/myproject.cpp:46 in myproject, layer5_out                                             |
| stream               | variable=layer6_out depth=1                                           | firmware/myproject.cpp:49 in myproject, layer6_out                                             |
| stream               | variable=layer7_out depth=1                                           | firmware/myproject.cpp:52 in myproject, layer7_out                                             |
| stream               | variable=layer8_out depth=1                                           | firmware/myproject.cpp:55 in myproject, layer8_out                                             |
| pipeline             |                                                                       | firmware/nnet_utils/nnet_activation.h:29 in linear                                             |
| pipeline             |                                                                       | firmware/nnet_utils/nnet_activation.h:40 in relu                                               |
| pipeline             |                                                                       | firmware/nnet_utils/nnet_activation.h:54 in relu_max                                           |
| pipeline             |                                                                       | firmware/nnet_utils/nnet_activation.h:109 in sigmoid                                           |
| pipeline             |                                                                       | firmware/nnet_utils/nnet_activation.h:176 in softmax_latency                                   |
| array_partition      | variable=exp_res complete                                             | firmware/nnet_utils/nnet_activation.h:198 in softmax_latency, exp_res                          |
| unroll               |                                                                       | firmware/nnet_utils/nnet_activation.h:201 in softmax_latency                                   |
| unroll               |                                                                       | firmware/nnet_utils/nnet_activation.h:214 in softmax_latency                                   |
| pipeline             |                                                                       | firmware/nnet_utils/nnet_activation.h:221 in softmax_stable                                    |
| unroll               |                                                                       | firmware/nnet_utils/nnet_activation.h:247 in softmax_stable                                    |
| array_partition      | variable=exp_res complete                                             | firmware/nnet_utils/nnet_activation.h:253 in softmax_stable, exp_res                           |
| unroll               |                                                                       | firmware/nnet_utils/nnet_activation.h:256 in softmax_stable                                    |
| unroll               |                                                                       | firmware/nnet_utils/nnet_activation.h:269 in softmax_stable                                    |
| pipeline             |                                                                       | firmware/nnet_utils/nnet_activation.h:317 in softmax_legacy                                    |
| unroll               |                                                                       | firmware/nnet_utils/nnet_activation.h:362 in softmax_argmax                                    |
| pipeline             |                                                                       | firmware/nnet_utils/nnet_activation.h:370 in softmax_argmax                                    |
| inline               |                                                                       | firmware/nnet_utils/nnet_activation.h:382 in softmax                                           |
| inline               |                                                                       | firmware/nnet_utils/nnet_activation.h:401 in softmax_multidim                                  |
| unroll               |                                                                       | firmware/nnet_utils/nnet_activation.h:406 in softmax_multidim                                  |
| unroll               |                                                                       | firmware/nnet_utils/nnet_activation.h:408 in softmax_multidim                                  |
| unroll               |                                                                       | firmware/nnet_utils/nnet_activation.h:410 in softmax_multidim                                  |
| unroll               |                                                                       | firmware/nnet_utils/nnet_activation.h:415 in softmax_multidim                                  |
| pipeline             |                                                                       | firmware/nnet_utils/nnet_activation.h:452 in tanh                                              |
| function_instantiate | variable=table                                                        | firmware/nnet_utils/nnet_activation.h:481 in unary_lut, table                                  |
| array_partition      | variable=table                                                        | firmware/nnet_utils/nnet_activation.h:482 in unary_lut, table                                  |
| unroll               |                                                                       | firmware/nnet_utils/nnet_activation.h:485 in unary_lut                                         |
| pipeline             |                                                                       | firmware/nnet_utils/nnet_activation.h:496 in hard_sigmoid                                      |
| pipeline             |                                                                       | firmware/nnet_utils/nnet_activation.h:511 in hard_tanh                                         |
| pipeline             |                                                                       | firmware/nnet_utils/nnet_activation.h:529 in leaky_relu                                        |
| pipeline             |                                                                       | firmware/nnet_utils/nnet_activation.h:546 in thresholded_relu                                  |
| pipeline             |                                                                       | firmware/nnet_utils/nnet_activation.h:591 in softplus                                          |
| pipeline             |                                                                       | firmware/nnet_utils/nnet_activation.h:640 in softsign                                          |
| pipeline             |                                                                       | firmware/nnet_utils/nnet_activation.h:689 in elu                                               |
| pipeline             |                                                                       | firmware/nnet_utils/nnet_activation.h:748 in selu                                              |
| pipeline             |                                                                       | firmware/nnet_utils/nnet_activation.h:776 in prelu                                             |
| pipeline             |                                                                       | firmware/nnet_utils/nnet_activation.h:804 in binary_tanh                                       |
| pipeline             |                                                                       | firmware/nnet_utils/nnet_activation.h:824 in ternary_tanh                                      |
| pipeline             |                                                                       | firmware/nnet_utils/nnet_activation_stream.h:20 in linear                                      |
| unroll               |                                                                       | firmware/nnet_utils/nnet_activation_stream.h:28 in linear                                      |
| pipeline             |                                                                       | firmware/nnet_utils/nnet_activation_stream.h:42 in relu                                        |
| unroll               |                                                                       | firmware/nnet_utils/nnet_activation_stream.h:50 in relu                                        |
| pipeline             |                                                                       | firmware/nnet_utils/nnet_activation_stream.h:81 in sigmoid                                     |
| unroll               |                                                                       | firmware/nnet_utils/nnet_activation_stream.h:89 in sigmoid                                     |
| array_partition      | variable=exp_res complete                                             | firmware/nnet_utils/nnet_activation_stream.h:133 in softmax_latency, exp_res                   |
| pipeline             | II=ii                                                                 | firmware/nnet_utils/nnet_activation_stream.h:137 in softmax_latency                            |
| unroll               |                                                                       | firmware/nnet_utils/nnet_activation_stream.h:142 in softmax_latency                            |
| unroll               |                                                                       | firmware/nnet_utils/nnet_activation_stream.h:160 in softmax_latency                            |
| allocation           | operation instances=mul limit=multiplier_limit                        | firmware/nnet_utils/nnet_activation_stream.h:161 in softmax_latency                            |
| array_partition      | variable=data_array complete                                          | firmware/nnet_utils/nnet_activation_stream.h:193 in softmax_stable, data_array                 |
| pipeline             | II=ii                                                                 | firmware/nnet_utils/nnet_activation_stream.h:196 in softmax_stable                             |
| unroll               |                                                                       | firmware/nnet_utils/nnet_activation_stream.h:201 in softmax_stable                             |
| unroll               |                                                                       | firmware/nnet_utils/nnet_activation_stream.h:212 in softmax_stable                             |
| array_partition      | variable=exp_res complete                                             | firmware/nnet_utils/nnet_activation_stream.h:218 in softmax_stable, exp_res                    |
| unroll               |                                                                       | firmware/nnet_utils/nnet_activation_stream.h:221 in softmax_stable                             |
| unroll               |                                                                       | firmware/nnet_utils/nnet_activation_stream.h:239 in softmax_stable                             |
| allocation           | operation instances=mul limit=multiplier_limit                        | firmware/nnet_utils/nnet_activation_stream.h:240 in softmax_stable                             |
| pipeline             |                                                                       | firmware/nnet_utils/nnet_activation_stream.h:272 in softmax_legacy                             |
| unroll               |                                                                       | firmware/nnet_utils/nnet_activation_stream.h:276 in softmax_legacy                             |
| unroll               |                                                                       | firmware/nnet_utils/nnet_activation_stream.h:283 in softmax_legacy                             |
| unroll               |                                                                       | firmware/nnet_utils/nnet_activation_stream.h:286 in softmax_legacy                             |
| unroll               |                                                                       | firmware/nnet_utils/nnet_activation_stream.h:309 in softmax_legacy                             |
| pipeline             |                                                                       | firmware/nnet_utils/nnet_activation_stream.h:326 in softmax_argmax                             |
| unroll               |                                                                       | firmware/nnet_utils/nnet_activation_stream.h:331 in softmax_argmax                             |
| pipeline             |                                                                       | firmware/nnet_utils/nnet_activation_stream.h:339 in softmax_argmax                             |
| pipeline             |                                                                       | firmware/nnet_utils/nnet_activation_stream.h:390 in tanh                                       |
| unroll               |                                                                       | firmware/nnet_utils/nnet_activation_stream.h:398 in tanh                                       |
| function_instantiate | variable=table                                                        | firmware/nnet_utils/nnet_activation_stream.h:418 in unary_lut, table                           |
| array_partition      | variable=table complete                                               | firmware/nnet_utils/nnet_activation_stream.h:419 in unary_lut, table                           |
| pipeline             | II=CONFIG_T::reuse_factor rewind                                      | firmware/nnet_utils/nnet_activation_stream.h:423 in unary_lut                                  |
| unroll               |                                                                       | firmware/nnet_utils/nnet_activation_stream.h:431 in unary_lut                                  |
| pipeline             |                                                                       | firmware/nnet_utils/nnet_activation_stream.h:449 in hard_sigmoid                               |
| unroll               |                                                                       | firmware/nnet_utils/nnet_activation_stream.h:457 in hard_sigmoid                               |
| pipeline             |                                                                       | firmware/nnet_utils/nnet_activation_stream.h:474 in hard_tanh                                  |
| unroll               |                                                                       | firmware/nnet_utils/nnet_activation_stream.h:482 in hard_tanh                                  |
| pipeline             |                                                                       | firmware/nnet_utils/nnet_activation_stream.h:503 in leaky_relu                                 |
| unroll               |                                                                       | firmware/nnet_utils/nnet_activation_stream.h:511 in leaky_relu                                 |
| pipeline             |                                                                       | firmware/nnet_utils/nnet_activation_stream.h:529 in thresholded_relu                           |
| unroll               |                                                                       | firmware/nnet_utils/nnet_activation_stream.h:537 in thresholded_relu                           |
| pipeline             |                                                                       | firmware/nnet_utils/nnet_activation_stream.h:568 in softplus                                   |
| unroll               |                                                                       | firmware/nnet_utils/nnet_activation_stream.h:576 in softplus                                   |
| pipeline             |                                                                       | firmware/nnet_utils/nnet_activation_stream.h:609 in softsign                                   |
| unroll               |                                                                       | firmware/nnet_utils/nnet_activation_stream.h:617 in softsign                                   |
| pipeline             |                                                                       | firmware/nnet_utils/nnet_activation_stream.h:650 in elu                                        |
| unroll               |                                                                       | firmware/nnet_utils/nnet_activation_stream.h:658 in elu                                        |
| pipeline             |                                                                       | firmware/nnet_utils/nnet_activation_stream.h:698 in selu                                       |
| unroll               |                                                                       | firmware/nnet_utils/nnet_activation_stream.h:706 in selu                                       |
| pipeline             |                                                                       | firmware/nnet_utils/nnet_activation_stream.h:730 in prelu                                      |
| unroll               |                                                                       | firmware/nnet_utils/nnet_activation_stream.h:738 in prelu                                      |
| pipeline             |                                                                       | firmware/nnet_utils/nnet_activation_stream.h:756 in binary_tanh                                |
| unroll               |                                                                       | firmware/nnet_utils/nnet_activation_stream.h:765 in binary_tanh                                |
| pipeline             |                                                                       | firmware/nnet_utils/nnet_activation_stream.h:784 in ternary_tanh                               |
| unroll               |                                                                       | firmware/nnet_utils/nnet_activation_stream.h:792 in ternary_tanh                               |
| array_partition      | variable=data_buf complete dim=0                                      | firmware/nnet_utils/nnet_conv1d_latency.h:19 in conv_1d_latency_cl, data_buf                   |
| array_partition      | variable=mult complete                                                | firmware/nnet_utils/nnet_conv1d_latency.h:22 in conv_1d_latency_cl, mult                       |
| array_partition      | variable=acc complete                                                 | firmware/nnet_utils/nnet_conv1d_latency.h:25 in conv_1d_latency_cl, acc                        |
| array_partition      | variable=weights complete                                             | firmware/nnet_utils/nnet_conv1d_latency.h:27 in conv_1d_latency_cl, weights                    |
| array_partition      | variable=biases complete                                              | firmware/nnet_utils/nnet_conv1d_latency.h:28 in conv_1d_latency_cl, biases                     |
| allocation           | operation instances=mul limit=CONFIG_T::mult_config::multiplier_limit | firmware/nnet_utils/nnet_conv1d_latency.h:31 in conv_1d_latency_cl                             |
| pipeline             | II=CONFIG_T::reuse_factor rewind                                      | firmware/nnet_utils/nnet_conv1d_latency.h:35 in conv_1d_latency_cl                             |
| unroll               |                                                                       | firmware/nnet_utils/nnet_conv1d_latency.h:41 in conv_1d_latency_cl                             |
| unroll               |                                                                       | firmware/nnet_utils/nnet_conv1d_latency.h:48 in conv_1d_latency_cl                             |
| unroll               |                                                                       | firmware/nnet_utils/nnet_conv1d_latency.h:52 in conv_1d_latency_cl                             |
| unroll               |                                                                       | firmware/nnet_utils/nnet_conv1d_latency.h:62 in conv_1d_latency_cl                             |
| unroll               |                                                                       | firmware/nnet_utils/nnet_conv1d_latency.h:69 in conv_1d_latency_cl                             |
| unroll               |                                                                       | firmware/nnet_utils/nnet_conv1d_latency.h:72 in conv_1d_latency_cl                             |
| unroll               |                                                                       | firmware/nnet_utils/nnet_conv1d_latency.h:80 in conv_1d_latency_cl                             |
| array_partition      | variable=mult complete dim=0                                          | firmware/nnet_utils/nnet_conv1d_latency.h:98 in pointwise_conv_1d_latency_cl, mult             |
| array_partition      | variable=acc complete dim=0                                           | firmware/nnet_utils/nnet_conv1d_latency.h:99 in pointwise_conv_1d_latency_cl, acc              |
| function_instantiate | variable=weights,biases                                               | firmware/nnet_utils/nnet_conv1d_latency.h:102 in pointwise_conv_1d_latency_cl, weights,biases  |
| pipeline             | II=CONFIG_T::reuse_factor                                             | firmware/nnet_utils/nnet_conv1d_latency.h:105 in pointwise_conv_1d_latency_cl                  |
| array_partition      | variable=weights complete dim=0                                       | firmware/nnet_utils/nnet_conv1d_latency.h:106 in pointwise_conv_1d_latency_cl, weights         |
| array_partition      | variable=biases complete dim=0                                        | firmware/nnet_utils/nnet_conv1d_latency.h:107 in pointwise_conv_1d_latency_cl, biases          |
| allocation           | operation instances=mul limit=CONFIG_T::mult_config::multiplier_limit | firmware/nnet_utils/nnet_conv1d_latency.h:110 in pointwise_conv_1d_latency_cl                  |
| unroll               |                                                                       | firmware/nnet_utils/nnet_conv1d_latency.h:119 in pointwise_conv_1d_latency_cl                  |
| unroll               |                                                                       | firmware/nnet_utils/nnet_conv1d_latency.h:138 in pointwise_conv_1d_latency_cl                  |
| unroll               |                                                                       | firmware/nnet_utils/nnet_conv1d_latency.h:160 in pointwise_conv_1d_latency_cl                  |
| inline               |                                                                       | firmware/nnet_utils/nnet_dense.h:44 in dense                                                   |
| inline               |                                                                       | firmware/nnet_utils/nnet_dense.h:53 in dense                                                   |
| inline               |                                                                       | firmware/nnet_utils/nnet_dense.h:64 in dense                                                   |
| inline               |                                                                       | firmware/nnet_utils/nnet_dense.h:75 in dense                                                   |
| unroll               |                                                                       | firmware/nnet_utils/nnet_dense_compressed.h:15 in fill_mult                                    |
| array_partition      | variable=acc complete                                                 | firmware/nnet_utils/nnet_dense_compressed.h:29 in dense_compressed, acc                        |
| array_partition      | variable=biases complete                                              | firmware/nnet_utils/nnet_dense_compressed.h:30 in dense_compressed, biases                     |
| array_reshape        | variable=weights block factor=multiplier_limit                        | firmware/nnet_utils/nnet_dense_compressed.h:31 in dense_compressed, weights                    |
| aggregate            | variable=weights                                                      | firmware/nnet_utils/nnet_dense_compressed.h:34 in dense_compressed, weights                    |
| unroll               |                                                                       | firmware/nnet_utils/nnet_dense_compressed.h:41 in dense_compressed                             |
| pipeline             | II=1 rewind                                                           | firmware/nnet_utils/nnet_dense_compressed.h:49 in dense_compressed                             |
| array_partition      | variable=mult complete                                                | firmware/nnet_utils/nnet_dense_compressed.h:52 in dense_compressed, mult                       |
| unroll               |                                                                       | firmware/nnet_utils/nnet_dense_compressed.h:56 in dense_compressed                             |
| unroll               |                                                                       | firmware/nnet_utils/nnet_dense_compressed.h:62 in dense_compressed                             |
| unroll               |                                                                       | firmware/nnet_utils/nnet_dense_compressed.h:82 in dense_compressed                             |
| function_instantiate | variable=weights,biases                                               | firmware/nnet_utils/nnet_dense_latency.h:21 in dense_latency, weights,biases                   |
| pipeline             | II=CONFIG_T::reuse_factor                                             | firmware/nnet_utils/nnet_dense_latency.h:26 in dense_latency                                   |
| array_partition      | variable=biases complete                                              | firmware/nnet_utils/nnet_dense_latency.h:29 in dense_latency, biases                           |
| array_partition      | variable=mult complete                                                | firmware/nnet_utils/nnet_dense_latency.h:30 in dense_latency, mult                             |
| array_partition      | variable=acc complete                                                 | firmware/nnet_utils/nnet_dense_latency.h:31 in dense_latency, acc                              |
| allocation           | operation instances=mul limit=CONFIG_T::multiplier_limit              | firmware/nnet_utils/nnet_dense_latency.h:33 in dense_latency                                   |
| function_instantiate | variable=weights,biases                                               | firmware/nnet_utils/nnet_dense_resource.h:28 in dense_resource_rf_leq_nin, weights,biases      |
| array_reshape        | variable=weights block factor=block_factor                            | firmware/nnet_utils/nnet_dense_resource.h:29 in dense_resource_rf_leq_nin, weights             |
| array_partition      | variable=biases complete                                              | firmware/nnet_utils/nnet_dense_resource.h:30 in dense_resource_rf_leq_nin, biases              |
| array_partition      | variable=acc complete                                                 | firmware/nnet_utils/nnet_dense_resource.h:37 in dense_resource_rf_leq_nin, acc                 |
| unroll               |                                                                       | firmware/nnet_utils/nnet_dense_resource.h:41 in dense_resource_rf_leq_nin                      |
| pipeline             | II=1 rewind                                                           | firmware/nnet_utils/nnet_dense_resource.h:47 in dense_resource_rf_leq_nin                      |
| unroll               |                                                                       | firmware/nnet_utils/nnet_dense_resource.h:56 in dense_resource_rf_leq_nin                      |
| unroll               |                                                                       | firmware/nnet_utils/nnet_dense_resource.h:81 in dense_resource_rf_leq_nin                      |
| function_instantiate | variable=weights,biases                                               | firmware/nnet_utils/nnet_dense_resource.h:102 in dense_resource_rf_gt_nin_rem0, weights,biases |
| array_reshape        | variable=weights block factor=block_factor                            | firmware/nnet_utils/nnet_dense_resource.h:103 in dense_resource_rf_gt_nin_rem0, weights        |
| array_partition      | variable=biases complete                                              | firmware/nnet_utils/nnet_dense_resource.h:104 in dense_resource_rf_gt_nin_rem0, biases         |
| array_partition      | variable=acc complete                                                 | firmware/nnet_utils/nnet_dense_resource.h:111 in dense_resource_rf_gt_nin_rem0, acc            |
| unroll               |                                                                       | firmware/nnet_utils/nnet_dense_resource.h:115 in dense_resource_rf_gt_nin_rem0                 |
| pipeline             | II=1 rewind                                                           | firmware/nnet_utils/nnet_dense_resource.h:136 in dense_resource_rf_gt_nin_rem0                 |
| unroll               |                                                                       | firmware/nnet_utils/nnet_dense_resource.h:143 in dense_resource_rf_gt_nin_rem0                 |
| unroll               |                                                                       | firmware/nnet_utils/nnet_dense_resource.h:163 in dense_resource_rf_gt_nin_rem0                 |
| function_instantiate | variable=weights,biases                                               | firmware/nnet_utils/nnet_dense_resource.h:184 in dense_resource_rf_gt_nin, weights,biases      |
| array_reshape        | variable=weights block factor=block_factor                            | firmware/nnet_utils/nnet_dense_resource.h:185 in dense_resource_rf_gt_nin, weights             |
| array_partition      | variable=biases complete                                              | firmware/nnet_utils/nnet_dense_resource.h:186 in dense_resource_rf_gt_nin, biases              |
| array_partition      | variable=acc complete                                                 | firmware/nnet_utils/nnet_dense_resource.h:193 in dense_resource_rf_gt_nin, acc                 |
| unroll               |                                                                       | firmware/nnet_utils/nnet_dense_resource.h:197 in dense_resource_rf_gt_nin                      |
| pipeline             | II=1 rewind                                                           | firmware/nnet_utils/nnet_dense_resource.h:203 in dense_resource_rf_gt_nin                      |
| array_partition      | variable=tmpmult complete                                             | firmware/nnet_utils/nnet_dense_resource.h:205 in dense_resource_rf_gt_nin, tmpmult             |
| unroll               |                                                                       | firmware/nnet_utils/nnet_dense_resource.h:209 in dense_resource_rf_gt_nin                      |
| array_partition      | variable=mult complete                                                | firmware/nnet_utils/nnet_dense_resource.h:219 in dense_resource_rf_gt_nin, mult                |
| unroll               |                                                                       | firmware/nnet_utils/nnet_dense_resource.h:223 in dense_resource_rf_gt_nin                      |
| unroll               |                                                                       | firmware/nnet_utils/nnet_dense_resource.h:229 in dense_resource_rf_gt_nin                      |
| unroll               |                                                                       | firmware/nnet_utils/nnet_dense_resource.h:239 in dense_resource_rf_gt_nin                      |
| unroll               |                                                                       | firmware/nnet_utils/nnet_dense_resource.h:249 in dense_resource_rf_gt_nin                      |
| inline               | recursive                                                             | firmware/nnet_utils/nnet_dense_resource.h:259 in dense_resource                                |
| pipeline             | II=CONFIG_T::reuse_factor                                             | firmware/nnet_utils/nnet_dense_stream.h:16 in dense_latency_wrapper                            |
| inline               |                                                                       | firmware/nnet_utils/nnet_dense_stream.h:29 in data_prepare                                     |
| pipeline             |                                                                       | firmware/nnet_utils/nnet_dense_stream.h:34 in data_prepare                                     |
| unroll               |                                                                       | firmware/nnet_utils/nnet_dense_stream.h:38 in data_prepare                                     |
| unroll               |                                                                       | firmware/nnet_utils/nnet_dense_stream.h:46 in data_prepare                                     |
| inline               |                                                                       | firmware/nnet_utils/nnet_dense_stream.h:54 in res_write                                        |
| pipeline             |                                                                       | firmware/nnet_utils/nnet_dense_stream.h:59 in res_write                                        |
| unroll               |                                                                       | firmware/nnet_utils/nnet_dense_stream.h:64 in res_write                                        |
| unroll               |                                                                       | firmware/nnet_utils/nnet_dense_stream.h:74 in res_write                                        |
| inline               | recursive                                                             | firmware/nnet_utils/nnet_dense_stream.h:85 in dense                                            |
| array_partition      | variable=data complete                                                | firmware/nnet_utils/nnet_dense_stream.h:88 in dense, data                                      |
| array_partition      | variable=res complete                                                 | firmware/nnet_utils/nnet_dense_stream.h:91 in dense, res                                       |
| inline               |                                                                       | firmware/nnet_utils/nnet_function_stubs.h:59 in bit_shift                                      |
| inline               |                                                                       | firmware/nnet_utils/nnet_function_stubs.h:66 in bit_shift                                      |
| inline               |                                                                       | firmware/nnet_utils/nnet_function_stubs.h:73 in bit_shift                                      |
| inline               |                                                                       | firmware/nnet_utils/nnet_function_stubs.h:80 in bit_shift                                      |
| inline               |                                                                       | firmware/nnet_utils/nnet_mult.h:25 in product                                                  |
| inline               |                                                                       | firmware/nnet_utils/nnet_mult.h:34 in product                                                  |
| inline               |                                                                       | firmware/nnet_utils/nnet_mult.h:46 in product                                                  |
| inline               |                                                                       | firmware/nnet_utils/nnet_mult.h:58 in product                                                  |
| inline               |                                                                       | firmware/nnet_utils/nnet_mult.h:72 in product                                                  |
| inline               |                                                                       | firmware/nnet_utils/nnet_mult.h:82 in product                                                  |
| pipeline             |                                                                       | firmware/nnet_utils/nnet_stream.h:23 in clone_stream                                           |
| unroll               |                                                                       | firmware/nnet_utils/nnet_stream.h:33 in clone_stream                                           |
| pipeline             |                                                                       | firmware/nnet_utils/nnet_stream.h:47 in clone_stream                                           |
| unroll               |                                                                       | firmware/nnet_utils/nnet_stream.h:59 in clone_stream                                           |
| pipeline             |                                                                       | firmware/nnet_utils/nnet_stream.h:76 in clone_stream                                           |
| unroll               |                                                                       | firmware/nnet_utils/nnet_stream.h:90 in clone_stream                                           |
| pipeline             |                                                                       | firmware/nnet_utils/nnet_stream.h:109 in clone_stream                                          |
| unroll               |                                                                       | firmware/nnet_utils/nnet_stream.h:125 in clone_stream                                          |
| pipeline             |                                                                       | firmware/nnet_utils/nnet_stream.h:146 in clone_stream                                          |
| unroll               |                                                                       | firmware/nnet_utils/nnet_stream.h:164 in clone_stream                                          |
| pipeline             |                                                                       | firmware/nnet_utils/nnet_stream.h:187 in clone_stream                                          |
| unroll               |                                                                       | firmware/nnet_utils/nnet_stream.h:207 in clone_stream                                          |
| pipeline             |                                                                       | firmware/nnet_utils/nnet_stream.h:230 in repack_stream                                         |
| unroll               |                                                                       | firmware/nnet_utils/nnet_stream.h:237 in repack_stream                                         |
| pipeline             |                                                                       | firmware/nnet_utils/nnet_stream.h:247 in repack_stream                                         |
| pipeline             |                                                                       | firmware/nnet_utils/nnet_stream.h:255 in repack_stream                                         |
| unroll               |                                                                       | firmware/nnet_utils/nnet_stream.h:259 in repack_stream                                         |
| pipeline             |                                                                       | firmware/nnet_utils/nnet_stream.h:270 in repack_stream                                         |
| unroll               |                                                                       | firmware/nnet_utils/nnet_stream.h:274 in repack_stream                                         |
| pipeline             |                                                                       | firmware/nnet_utils/nnet_stream.h:295 in broadcast_stream_1x1xc                                |
| pipeline             |                                                                       | firmware/nnet_utils/nnet_stream.h:298 in broadcast_stream_1x1xc                                |
| unroll               |                                                                       | firmware/nnet_utils/nnet_stream.h:302 in broadcast_stream_1x1xc                                |
| pipeline             |                                                                       | firmware/nnet_utils/nnet_stream.h:316 in broadcast_stream_hxwx1                                |
| unroll               |                                                                       | firmware/nnet_utils/nnet_stream.h:321 in broadcast_stream_hxwx1                                |
| unroll               |                                                                       | firmware/nnet_utils/nnet_types.h:28 in operator=                                               |
+----------------------+-----------------------------------------------------------------------+------------------------------------------------------------------------------------------------+


